comp_idx,imf_idx,sn1a_idx,sy_idx,sn1ar_idx,sigma_2,t_1,t_2,infall_1,infall_2,sfe,delta_sfe,imf_upper,mgal,nb,ks,ensemble,wrmse,mae,mape,huber,cosine,log_cosh,fitness,age_meta_fitness,physics_penalty,loss
5,1,0,2,0,2.610996853376914,0.04839172246627943,3.642543412757202,0.0021458992560109717,5.9327948694072035,7.451972245245445,0.5666761707400002,127.28834983950159,15418035950.83701,0.0,0.058169557321044674,0.12479783081767834,0.13964695621321707,0.09207484276720801,809120.3824359563,0.009750636189808084,0.05403816721802368,0.00958189632047211,0.12479783081767834,0.339953006074338,1.0,0.12479783081767834
4,2,1,1,0,2.9853558095160175,0.026265920733011126,4.127269998303266,0.06408862548272695,1.29458621563253,7.137569474841785,0.6915644556572623,62.851450753166134,10381799528.981155,0.0014741032813098145,0.088246749305399,0.12953532684019106,0.1433809768899484,0.09845633320993305,407584.8519310007,0.010279052266957961,0.05470412810234171,0.010140850870306929,0.11885532954403312,0.43272353299822075,0.9175514698833165,0.12953532684019106
4,2,1,2,0,1.0751729423926624,0.09522907239326962,2.2170263991620467,0.003693852533844354,4.278249701535607,3.1069371493199043,0.29027144341877836,87.79346637736163,11804282839.198227,0.0,0.15227370282342834,0.1385140592417692,0.14830041466876878,0.12156791429272938,3483775.6626748145,0.010996506495464386,0.06093582173877876,0.01088995070504147,0.19281321223088912,0.338128393357449,1.3920118527054608,0.1385140592417692
3,2,0,0,0,3.854505167856396,0.07842513218655495,3.919142834638746,0.038045748928787246,1.2567642394486622,2.8238297337668388,0.16079854846867792,117.95430900802234,12254570380.595371,0.0007657227411268376,0.14712183661775302,0.14211154178247853,0.15408514892376224,0.12093659454379943,2907304.1406161557,0.011871116559428994,0.06379035076843098,0.0116999592793211,0.14211154178247853,0.42485624932376537,1.0,0.14211154178247853
3,1,0,2,1,1.0882188987116008,0.08973867331234504,2.2848072190511663,0.00510337462878246,0.48897720023547797,1.705008457472928,0.38804763936718206,115.50931991276447,9248955833.83605,0.0,0.12966782193222692,0.14259975386109727,0.15585503179501664,0.10584480455057775,773748.7742295819,0.012145395467912825,0.06064631930652298,0.011967778311601285,0.14259975386109727,0.35169233327388616,1.0,0.14259975386109727
3,1,0,2,0,1.120379152898742,0.08759106789065076,2.2794340543510563,0.0044874263705144204,0.35345685464313903,1.54754461027201,0.4044398430861083,114.1134733539375,9375777196.19232,0.0,0.06538116314784131,0.14285002164595026,0.1592845450056794,0.1096922356061597,703849.555967903,0.012685783138833152,0.07109622153578077,0.012470807163993881,0.017624114290277337,0.34372410298528866,0.1233749500854694,0.14285002164595026
3,1,0,2,0,1.120379152898742,0.08759106789065076,2.2794340543510563,0.0044874263705144204,0.35345685464313903,1.54754461027201,0.4044398430861083,114.1134733539375,9375777196.19232,0.0,0.06538116314784131,0.14285002164595026,0.1592845450056794,0.1096922356061597,703849.555967903,0.012685783138833152,0.07109622153578077,0.012470807163993881,0.14285002164595026,0.34372410298528866,1.0,0.14285002164595026
3,1,0,2,0,2.505644905814812,0.09621795308452898,5.867637542347397,0.026498732025322956,1.8799441502579852,4.390263207568083,0.18413198975543793,83.9993756641041,11002120068.711931,0.0010111906610958583,0.16490936651526278,0.14376840361554438,0.14583140797661037,0.11768837650479717,3535943.0632560723,0.010633399776220288,0.05886275325525048,0.010525254531311883,0.021237722069191625,0.41331799663507796,0.14772176316281627,0.14376840361554438
3,1,0,2,0,1.1015358048762973,0.08931644091904772,2.3026280128383902,0.004568547330079855,0.4494938908532312,1.705062180661632,0.38752182323293566,115.40125452359884,9244476810.634212,0.0,0.0779360430793567,0.14473891628455388,0.16077450724925374,0.11075328594062551,698199.4295794028,0.01292422109062017,0.07075143828378694,0.01274263159019899,0.14473891628455388,0.3508201038362209,1.0,0.14473891628455388
4,2,1,1,0,3.006346445545885,0.029900953856528543,4.179935205132111,0.06446174702789963,1.3729136401658428,7.14894483641828,0.6679548340301489,63.64631480803876,17999649955.984226,0.001230857131976109,0.15684171685157228,0.14596219946396258,0.1534465317241778,0.12262888509840032,3185335.8484408245,0.011772919049089552,0.06427586550534592,0.01162560559961804,0.2638135242704184,0.41180099871327613,1.80740989954425,0.14596219946396258
4,0,1,0,1,3.330157614120623,0.05441631786870675,9.823748765892637,0.0069491487944214475,0.8814526711385506,4.682717522021526,0.2590522137906251,122.92775407768197,17537188384.67563,0.0,0.178998049892707,0.14847104958075086,0.14213411107873794,0.11839905744440565,3414448.7135304976,0.01010105276607151,0.05541110480885991,0.010011913056422198,0.14847104958075086,0.3584787953171861,1.0,0.14847104958075086
4,2,1,1,0,2.987335317114392,0.026095102104872422,4.129502461281743,0.0638356933886838,1.2854692061146578,7.152634727155512,0.6920626036726236,62.836055633168485,10407694843.329632,0.0014730692519416963,0.12352956513170393,0.14861716275876852,0.16246910083614297,0.105625303989756,188682.82593065407,0.013198104363252394,0.07364087146598386,0.012970573961589715,0.14861716275876852,0.4459859869799156,1.0,0.14861716275876852
4,2,1,1,0,2.987335317114392,0.026095102104872422,4.129502461281743,0.0638356933886838,1.2854692061146578,7.152634727155512,0.6920626036726236,62.836055633168485,10407694843.329632,0.0014730692519416963,0.12352956513170393,0.14861716275876852,0.16246910083614297,0.105625303989756,188682.82593065407,0.013198104363252394,0.07364087146598386,0.012970573961589715,0.14861716275876852,0.4459859869799156,1.0,0.14861716275876852
3,1,0,2,0,2.7888896423196554,0.09528800364677441,6.928148611245741,0.02325658316535567,2.3347581779398103,1.2087696981981368,0.25029533989470487,114.2229123904834,10524049556.051052,0.0008337732179112012,0.19443705576780712,0.15144222830548223,0.13627960306976475,0.11648498341265194,4518099.752741212,0.009286065106426315,0.05124864148599051,0.009235165200512705,0.15144222830548223,0.4208872128205816,1.0,0.15144222830548223
3,1,0,2,0,2.7888896423196554,0.09528800364677441,6.928148611245741,0.02325658316535567,2.3347581779398103,1.2087696981981368,0.25029533989470487,114.2229123904834,10524049556.051052,0.0008337732179112012,0.19443705576780712,0.15144222830548223,0.13627960306976475,0.11648498341265194,4518099.752741212,0.009286065106426315,0.05124864148599051,0.009235165200512705,0.21274574484393374,0.4208872128205816,1.4047980356891798,0.15144222830548223
3,1,0,2,1,2.8318896593886063,0.09355273799573555,1.9973811450646797,0.00541065538729656,0.5654964430377903,9.752139435944363,0.38477543828534627,114.96050115670803,9239896019.775246,0.0,0.13219568914906288,0.15147941730018588,0.16527160260144155,0.12256564594442064,1128988.1051622815,0.01365735131322441,0.07411806131692389,0.013485992396127206,0.15147941730018588,0.33383018620695887,1.0,0.15147941730018588
5,1,1,1,1,2.840425987263686,0.05933616243989783,3.5756132260358067,0.057099386306003884,1.3672042121119716,4.9126482256877715,0.568889908176033,119.51745989331219,9248785489.96453,0.000932732643421043,0.18032729246832874,0.15285773080567405,0.1458811065671879,0.12273356857821593,3277111.9392014365,0.010640648626633616,0.055468671528817626,0.010561448020422842,0.15285773080567405,0.4169028129464695,1.0,0.15285773080567405
5,1,1,2,1,4.6851168165293435,0.043375024023571254,1.8172496325506104,0.01717033599335332,0.40704869097559526,10.092916459306934,0.6413493954159623,96.9019172948165,10013689367.7789,0.0,0.1737459697745748,0.15437979336692428,0.1512493068103857,0.1149812876125211,2124173.2374386583,0.011438176405311092,0.06334140468555527,0.011279281496020671,0.38890969667208813,0.3234229347909497,2.5191748750935408,0.15437979336692428
3,1,0,2,0,1.118825061841173,0.08806209037964458,2.2852999795986544,0.004475175374346557,0.3524817586955713,1.5421815371191987,0.4047821082401094,113.88126395989227,9391602015.481688,0.0,0.09066605116899673,0.15537350469810687,0.17183708700403666,0.12599794756400673,1454644.214894057,0.014763992235016433,0.08080957148950108,0.014518323640803419,0.15537350469810687,0.34265823760719205,1.0,0.15537350469810687
3,1,0,2,0,1.118825061841173,0.08806209037964458,2.2852999795986544,0.004475175374346557,0.3524817586955713,1.5421815371191987,0.4047821082401094,113.88126395989227,9391602015.481688,0.0,0.09066605116899673,0.15537350469810687,0.17183708700403666,0.12599794756400673,1454644.214894057,0.014763992235016433,0.08080957148950108,0.014518323640803419,0.15537350469810687,0.34265823760719205,1.0,0.15537350469810687
2,0,1,2,2,2.096597939272936,0.048076944202319234,7.4300648054574125,0.020804077067127034,2.7605110467054894,13.085886548717966,0.22985367380458868,108.42334581069846,13898543287.5583,0.000503786791753521,0.09866027005568836,0.1569228241212445,0.17296524372572433,0.13520449575560117,1880871.939799266,0.01495848776854961,0.08442858126333885,0.014752056513746415,0.1569228241212445,0.5185373927686318,1.0,0.1569228241212445
5,2,0,1,0,4.869715544950603,0.07430175964291623,6.144372100610056,0.004350937074388164,9.512579380342064,1.418041606381147,0.43455798749079744,95.9000748437544,18350624523.23924,0.0,0.1695031222858372,0.1574395698805885,0.1571674168474784,0.13143230906948178,3987075.3658792805,0.01235079845925452,0.06722292214888459,0.01224802091327209,0.1574395698805885,0.37967188063352403,1.0,0.1574395698805885
2,0,1,2,2,2.0689886650267417,0.04752872768466341,7.453892953355027,0.020629942796524713,2.820882671680494,13.59220507015229,0.25209321660743306,109.75747245897259,14390647302.360703,0.0005129743593860976,0.10114250804084436,0.15875622974782008,0.17485061121322756,0.1342402899555867,1883363.45869152,0.01528636812081963,0.08623532816986834,0.015071110883069394,1.0,0.5206022855316395,25.330067678800525,0.15875622974782008
2,0,1,2,2,2.099087526914356,0.04885483395031699,7.389475589681863,0.019944899174775096,2.8129959632348087,13.719619494550884,0.23320613357312314,110.39784212410888,14132420192.319899,0.0005042488696836875,0.09800687425708539,0.1592592879943285,0.17556809020714487,0.13659084826688872,1817056.3479275752,0.01541207714949208,0.08710927495852983,0.015187372689186898,0.1592592879943285,0.5090379060327673,1.0,0.1592592879943285
5,1,1,1,1,1.6768076208901435,0.0908896155286364,8.802250426615185,0.08888142229265471,7.833679392158178,11.069658269253681,0.06448291083277327,114.66617518493355,17916321802.99514,0.000554318716215726,0.11764798772472912,0.1595774693229215,0.1748482272813731,0.12765980410930852,2351225.408090892,0.015285951291719349,0.08619558365863933,0.014978590357116872,0.1595774693229215,0.45888993109774495,1.0,0.1595774693229215
3,1,0,2,0,2.7119927679919202,0.09344218883899899,6.961242068297869,0.023885209091207067,2.3383863196183436,1.3630407506486044,0.24486812944974876,114.26080501106516,10192982820.220114,0.0008448377566775846,0.19232935325505254,0.15988782027538456,0.14546856739074485,0.12424234707334474,4227925.93404427,0.010580552049357839,0.05884503894670168,0.010504335603812299,0.06929948584862843,0.4196180639531169,0.43342567138178306,0.15988782027538456
3,1,0,2,0,2.7448045143404878,0.08240957960670486,1.5709032129021256,0.02197176237966056,1.854097234275968,2.440859018524307,0.10990749032717226,113.08212509349386,12089956934.456526,0.0006827945970081489,0.150118476222175,0.16269613120791096,0.17648189167436934,0.14171164934602842,2737947.0916500106,0.015572929044481919,0.08649774102704222,0.01535314478849824,0.16269613120791096,0.34239933962009156,1.0,0.16269613120791096
2,1,1,2,0,2.404155200816518,0.07158847774997212,4.8436391478379495,0.09871487419495059,1.0179747282140328,3.220304512537136,0.4742171987955868,82.31864757553467,14861026264.424507,0.0012000376931193442,0.16744497070249575,0.16417543618368177,0.16551059307482566,0.13122476063707103,3323388.774706093,0.013696878209990262,0.07450922416387351,0.01352605570380584,1.0,0.39590560201308955,13.031760840635847,0.16417543618368177
2,2,0,2,1,0.37132307785301377,0.06901779019802047,7.745492518287624,0.05669494440061018,2.106127207065732,4.21817371301825,0.557629767312806,64.07827933007408,13294859472.395243,0.0009127399420223182,0.13331476159584932,0.16479040033143388,0.1803326763654097,0.15034592296595914,3403361.0834901235,0.016259937082555798,0.08057780973830819,0.016046577799246443,0.16479040033143388,0.5187770166374274,1.0,0.16479040033143388
5,2,0,1,0,4.863487719058222,0.07379774645444553,6.119628913307594,0.004468167660205065,9.516353908652519,1.4617929261732066,0.43328075124588183,96.07031519742623,18359887922.18266,0.0,0.16629639882280722,0.16488253899580108,0.16690058063416569,0.1357308307934051,3512150.0726214517,0.01392790190801082,0.07831203077804416,0.013767144054370996,0.16488253899580108,0.3798589871321021,1.0,0.16488253899580108
5,2,0,1,0,4.863487719058222,0.07379774645444553,6.119628913307594,0.004468167660205065,9.516353908652519,1.4617929261732066,0.43328075124588183,96.07031519742623,18359887922.18266,0.0,0.16629639882280722,0.16488253899580108,0.16690058063416569,0.1357308307934051,3512150.0726214517,0.01392790190801082,0.07831203077804416,0.013767144054370996,0.16488253899580108,0.3798589871321021,1.0,0.16488253899580108
4,1,0,1,1,2.3225767149024947,0.06745294108582528,8.932599028010172,0.055198168875646325,1.4883852379047902,2.465154576421984,0.3386288199318029,89.08927878995453,11068716681.45567,0.0010413147695033965,0.17984282079893374,0.165089490142307,0.15849175047852815,0.1356494296293298,3891833.122972316,0.012559817484874013,0.06292003014814984,0.012451588079672024,0.165089490142307,0.4681062742776335,1.0,0.165089490142307
4,1,0,1,1,2.3225767149024947,0.06745294108582528,8.932599028010172,0.055198168875646325,1.4883852379047902,2.465154576421984,0.3386288199318029,89.08927878995453,11068716681.45567,0.0010413147695033965,0.17984282079893374,0.165089490142307,0.15849175047852815,0.1356494296293298,3891833.122972316,0.012559817484874013,0.06292003014814984,0.012451588079672024,0.165089490142307,0.4681062742776335,1.0,0.165089490142307
4,1,0,2,1,1.7631826038350682,0.05934804767494734,1.6671125997706384,0.003327890525268907,6.48687200445349,4.030124383618825,0.8269603008715146,83.49826076188418,9779715082.806353,0.0,0.1288874874948751,0.1655990666121888,0.1811547020174323,0.13366703662937465,2313068.004435521,0.016408513031512344,0.0870553974210393,0.016060003443850054,0.1655990666121888,0.30178308942222976,1.0,0.1655990666121888
3,1,0,2,0,1.0949228813940832,0.08976818201111869,2.3080986147688614,0.005276487324249391,0.45774980757939093,1.6797726265854152,0.3861415279221178,115.24380465658038,9221589155.97687,0.0,0.18228117201951155,0.16614866600765787,0.15773563424260958,0.09828081746719408,476115.7095940352,0.012440265154959154,0.06673679099962004,0.01222462379879556,0.16614866600765787,0.3539359929864735,1.0,0.16614866600765787
4,1,0,1,1,3.0242983926913016,0.04854911914544306,7.3866267142749145,0.0456577400598098,2.417036535516525,5.652839066487144,0.3275030036263326,81.71404051913377,11519003828.771114,0.0010819606481585248,0.16466039630844545,0.16666099547232596,0.16990026773286107,0.1274807743401893,2745538.7384497565,0.014433050487848934,0.08118406761057773,0.014125905234164913,0.16666099547232596,0.4426580461348283,1.0,0.16666099547232596
3,1,0,2,1,1.0914971243514484,0.08993237494709157,2.2481733086171602,0.005525414924291086,0.49549489035159405,1.773440941238892,0.38848445801782927,115.59445886741729,9240089683.330904,0.0,0.12218715717018203,0.1668445427130617,0.18293742385280792,0.127160375969683,964972.7058925859,0.01673305052295095,0.0880344410703664,0.01642582052171936,0.1668445427130617,0.35252398539945934,1.0,0.1668445427130617
3,1,0,2,1,1.0914971243514484,0.08993237494709157,2.2481733086171602,0.005525414924291086,0.49549489035159405,1.773440941238892,0.38848445801782927,115.59445886741729,9240089683.330904,0.0,0.12218715717018203,0.1668445427130617,0.18293742385280792,0.127160375969683,964972.7058925859,0.01673305052295095,0.0880344410703664,0.01642582052171936,0.2274111165444778,0.35252398539945934,1.3630120161351524,0.1668445427130617
2,0,0,2,1,4.9786511992611215,0.01558074439939331,2.563880570220538,0.027754641653542196,0.5431144485439339,8.609649376992198,0.48660675572861395,122.96926660545039,9379521940.37927,0.0007710817205428947,0.13226029900311187,0.1669322176206639,0.18211117127701154,0.12710986776043462,352391.5509189655,0.01658223935194252,0.09391190234902769,0.016263585522252953,0.1669322176206639,0.690748895833628,1.0,0.1669322176206639
4,2,0,2,0,1.4202152469159761,0.06188418311028807,5.5951004167738,0.05317179947950694,5.9195112495040725,8.14931785282737,0.5738150958387007,123.9132189563413,14190747686.942245,0.0005468591195501494,0.1352818635415422,0.16718871765321655,0.1822986086505746,0.12149968968864124,2044912.3090579237,0.016616391357967674,0.09279975110505345,0.01618919104919214,0.023597137113849843,0.4889908775570297,0.14114072674924819,0.16718871765321655
4,2,0,2,0,1.4202152469159761,0.06188418311028807,5.5951004167738,0.05317179947950694,5.9195112495040725,8.14931785282737,0.5738150958387007,123.9132189563413,14190747686.942245,0.0005468591195501494,0.1352818635415422,0.16718871765321655,0.1822986086505746,0.12149968968864124,2044912.3090579237,0.016616391357967674,0.09279975110505345,0.01618919104919214,0.023597137113849843,0.4889908775570297,0.14114072674924819,0.16718871765321655
4,2,0,2,0,1.4202152469159761,0.06188418311028807,5.5951004167738,0.05317179947950694,5.9195112495040725,8.14931785282737,0.5738150958387007,123.9132189563413,14190747686.942245,0.0005468591195501494,0.1352818635415422,0.16718871765321655,0.1822986086505746,0.12149968968864124,2044912.3090579237,0.016616391357967674,0.09279975110505345,0.01618919104919214,0.16718871765321655,0.4889908775570297,1.0,0.16718871765321655
5,2,0,2,0,4.349482627959014,0.06972504837590714,5.4189492334253515,0.0035680082281503082,7.6825105811138545,2.3174958931545366,0.4946602977589581,105.51139787242118,19242887816.238205,0.0,0.17659423921601708,0.16752934745877338,0.16261192041888337,0.13292502780958695,3795409.8699124516,0.01322131833115863,0.07421340572291812,0.013095273970172266,1.0,0.36579427306229007,10.690774890869328,0.16752934745877338
3,1,0,2,0,1.2184890454838557,0.0892021662057699,2.206371811638196,0.005634772785979895,0.4098874244240245,1.5772198261912933,0.3939644603323054,114.69531558501231,9268881904.906176,0.0,0.10159410108540959,0.16848006069051868,0.18591004889743568,0.1351168801698988,1737672.8022376588,0.017281273140523464,0.09025500832803468,0.016966322015943735,0.16848006069051868,0.34380225913560264,1.0,0.16848006069051868
4,2,0,2,0,2.8178846103446675,0.09061417970283304,8.32867318022592,0.012166038146216368,3.5197835539103726,2.3616783171054756,0.6775536981775442,123.38744940026342,13456072452.87207,0.0,0.1760445678987959,0.16936249578113757,0.16491995132893397,0.1401428338578686,3483338.150558058,0.013599295173168977,0.07438275957885954,0.013467536548707094,0.2629221186731498,0.37738567793439337,1.5524223203047074,0.16936249578113757
4,0,1,3,1,3.195048371234074,0.017097908084456208,8.482836768529566,0.08536867987751215,4.56637114398743,12.323400728526483,0.8163488145139783,92.33369065507091,10961262049.895536,0.0,0.13274794530850137,0.1699746220888124,0.18553046554490163,0.13157264798242627,413174.1342926788,0.017210776822653966,0.09551580538176485,0.016891543410761017,0.31055189337244926,2.168948226051603,1.8270485885250842,0.1699746220888124
5,2,1,1,1,4.674178683766979,0.0965060145209613,1.74998455166914,0.0014659609284280988,7.231542028818636,16.83177804286115,0.10464574347847133,109.66240675872643,15427611522.019873,0.0,0.08871817011072691,0.17035590239945442,0.18885261623055727,0.11848612702924552,204975.66646592805,0.017832655328563072,0.09007274663032461,0.01734851636326361,0.019497950814008597,0.3202402255923352,0.1144542134401035,0.17035590239945442
5,1,1,1,1,1.1366248949084672,0.022264783864621305,9.532655682934415,0.04153006247859079,1.9500679641017038,4.035735691033859,0.1523856940910927,117.02829261314838,14379842018.566721,0.0009803285311032468,0.10317204813029268,0.17116538429924136,0.18838142427410487,0.12709691844596788,1348537.166980884,0.017743780505770152,0.09990764468898172,0.017192112158678514,0.17116538429924136,0.47569177613575175,1.0,0.17116538429924136
5,1,1,1,1,4.982828564623204,0.06666141287977774,0.9366067662336856,0.011056790013033854,0.5914573819053349,6.9829387263732405,0.4553666863259461,109.35437357628771,10270686469.317442,0.0,0.16015955873872556,0.17124339512442513,0.17804475661058058,0.123978102158371,1609108.9792323173,0.01584996767826044,0.08835210454197973,0.015440056841176664,0.17124339512442513,0.15453513911379277,1.0,0.17124339512442513
4,2,0,2,0,2.018684413002869,0.08705471042239112,5.3955517983104615,0.007178129824637474,0.8886285454855899,2.3594165536580474,0.8380859509342918,113.10097468196409,12190529175.731268,0.0,0.14779688115192446,0.17203740525466996,0.18692343102732642,0.13253382059798632,1659986.9930757515,0.017470184533513827,0.09778271194341137,0.01712097065416275,0.29447386135308096,0.37518738282618364,1.711685089165151,0.17203740525466996
4,2,0,2,0,2.9269646176267514,0.08775384273249731,8.480308144449465,0.01129433662159097,3.5781157721795736,3.224319007406232,0.6716811481788767,125.30377190920964,13063491624.216537,0.0,0.17331923159582655,0.17211877544839013,0.1695901099863221,0.14092836051288435,3329735.7210199293,0.014380402702586413,0.07794512661688147,0.0142083470682888,0.16019194789929325,0.37382598550723367,0.9307058307960531,0.17211877544839013
3,1,0,2,0,1.0948109132258361,0.08960423962075303,2.2788081253994372,0.005159751716920771,0.5039325649716545,1.702697193681929,0.3879245619268973,115.46063563744022,9263864584.834526,0.0,0.08130682108580178,0.17390419605660248,0.19317317976811718,0.13478208210183742,863339.427351741,0.018657938690862658,0.09417510529739348,0.018296151726591783,0.17390419605660248,0.3513447155629386,1.0,0.17390419605660248
3,1,0,2,0,1.0948109132258361,0.08960423962075303,2.2788081253994372,0.005159751716920771,0.5039325649716545,1.702697193681929,0.3879245619268973,115.46063563744022,9263864584.834526,0.0,0.08130682108580178,0.17390419605660248,0.19317317976811718,0.13478208210183742,863339.427351741,0.018657938690862658,0.09417510529739348,0.018296151726591783,0.17390419605660248,0.3513447155629386,1.0,0.17390419605660248
5,1,1,1,1,1.140412537746293,0.02226918409407295,9.542970006093991,0.04160961119501437,1.9662926482564564,4.033559742626368,0.1536719555277682,117.13983737943667,14370427023.068554,0.0009789708651361914,0.09384290325255373,0.17422844839607626,0.19225136406086438,0.1284694598768196,985450.2693615782,0.018480293491631508,0.10397258214264526,0.017914326549648057,1.0,0.47485666733677934,30.679011517436653,0.17422844839607626
5,1,0,2,0,1.742481120853185,0.06860999530701843,3.512941211270807,0.031347251773464445,2.8106608729472575,2.535739825498581,0.22540536542645054,69.3614972032898,15362019185.390247,0.0014268852485889384,0.17641413440060166,0.17514483693461907,0.17044449512377363,0.13546496536348593,3182215.7015734194,0.014525662958999045,0.07966371546199102,0.014304647725985685,1.0,0.4176133244836342,72.95095640554672,0.17514483693461907
5,1,1,1,1,0.5192489455396142,0.08698033319759392,8.86578155282851,0.07818341498984402,9.342276573373876,11.451835354598002,0.12768610178745599,118.07650692623983,18111734567.97606,0.000639556811005464,0.1513425570800857,0.17642279176633657,0.19054146354914858,0.15003292204740135,2481966.5470143924,0.01815302466572576,0.10090797462527867,0.017840923951055278,0.17642279176633657,0.46511959433807887,1.0,0.17642279176633657
5,1,1,1,1,0.5192489455396142,0.08698033319759392,8.86578155282851,0.07818341498984402,9.342276573373876,11.451835354598002,0.12768610178745599,118.07650692623983,18111734567.97606,0.000639556811005464,0.1513425570800857,0.17642279176633657,0.19054146354914858,0.15003292204740135,2481966.5470143924,0.01815302466572576,0.10090797462527867,0.017840923951055278,0.17642279176633657,0.46511959433807887,1.0,0.17642279176633657
5,1,0,1,1,4.988714583106808,0.06664133341786942,0.9285905894701298,0.011299005855853951,0.5937756287509607,6.9963424661020515,0.4547579680428296,109.1521931959708,10318440283.822824,0.0,0.16077811000230746,0.17684495995323166,0.18343817967801135,0.12872393084032122,1711481.7006339442,0.01682478288179119,0.09466516361691213,0.016360117552981543,1.0,0.1579927182971822,6.6160348025584925,0.17684495995323166
2,2,0,1,0,3.161647944340165,0.09760024883874384,6.410905202204793,0.008132484552109428,1.097002113374766,1.754239683626749,0.10249392275231095,95.85742248134659,15625599023.770653,0.0,0.14961391977347221,0.17701543912849743,0.19242966276233514,0.14018798218102005,2577066.931544354,0.018514587555413013,0.100876008281366,0.018120424070393545,0.17701543912849743,0.3995296689350866,1.0,0.17701543912849743
5,2,1,1,1,3.6101430354806676,0.016108499952609524,7.03285554661395,0.007857208807292775,8.577441636905839,14.357929338218904,0.793376083973959,95.88288653347362,14279287951.10155,0.0,0.13453169540472715,0.17753467753793375,0.19357586921001943,0.1559951242446013,2794005.187688861,0.018735808570207277,0.10663627021341049,0.01837844495964818,0.17753467753793375,0.3853166870122546,1.0,0.17753467753793375
5,2,1,1,1,3.6101430354806676,0.016108499952609524,7.03285554661395,0.007857208807292775,8.577441636905839,14.357929338218904,0.793376083973959,95.88288653347362,14279287951.10155,0.0,0.13453169540472715,0.17753467753793375,0.19357586921001943,0.1559951242446013,2794005.187688861,0.018735808570207277,0.10663627021341049,0.01837844495964818,0.17753467753793375,0.3853166870122546,1.0,0.17753467753793375
5,2,1,1,1,3.6101430354806676,0.016108499952609524,7.03285554661395,0.007857208807292775,8.577441636905839,14.357929338218904,0.793376083973959,95.88288653347362,14279287951.10155,0.0,0.13453169540472715,0.17753467753793375,0.19357586921001943,0.1559951242446013,2794005.187688861,0.018735808570207277,0.10663627021341049,0.01837844495964818,0.1005133380450075,0.3853166870122546,0.5661617180312892,0.17753467753793375
5,1,1,1,1,0.1085611101319189,0.09310611814927557,4.880324320870355,0.06834111663755606,8.881218321880768,11.139363451949192,0.06516225054544746,115.94822594154391,13364353735.105396,0.0006489026411175792,0.1332293502867063,0.17791520742256028,0.19414364611996549,0.15144155321690392,2243929.4928816427,0.018845877664377193,0.10578693646070847,0.018494798831194342,0.17791520742256028,0.4675010386586638,1.0,0.17791520742256028
1,0,1,2,2,0.1259283580487359,0.015715701879579578,0.3957048665134556,0.07027886920310303,1.5606320450749973,2.360771873323475,0.18866692255642653,71.2302538376126,13849070126.779602,0.0,0.12691858454960855,0.1779297886474969,0.19445287359649902,0.14020777202755785,10617697.321023757,0.018905960024968013,0.10707237723487817,0.018507172495802828,0.1779297886474969,0.781000124464942,1.0,0.1779297886474969
4,2,0,2,0,0.13345738978188953,0.08168819117729018,5.6843933722255535,0.07563209977616117,8.683867091956587,13.343047021058114,0.3764152962320614,116.13787842595866,9653907133.91042,0.0006466697765728528,0.13771695527733657,0.1785755828253678,0.19487126833906093,0.1421750237444693,2339436.7792795133,0.018987405612037146,0.10199573385394656,0.01853920660429841,1.0,0.5184114604268518,6.2127502637252165,0.1785755828253678
4,2,0,2,0,0.13345738978188953,0.08168819117729018,5.6843933722255535,0.07563209977616117,8.683867091956587,13.343047021058114,0.3764152962320614,116.13787842595866,9653907133.91042,0.0006466697765728528,0.13771695527733657,0.1785755828253678,0.19487126833906093,0.1421750237444693,2339436.7792795133,0.018987405612037146,0.10199573385394656,0.01853920660429841,0.1785755828253678,0.5184114604268518,1.0,0.1785755828253678
5,1,1,2,1,4.973571028040556,0.06664240993128208,0.9341434179189955,0.010661954510501946,0.5535277634057572,6.941342189843042,0.4513166883412845,109.63232186815323,10283127327.10792,0.0,0.1744898266500502,0.17974680785025793,0.17629336033541396,0.12149148548133233,1410887.964429915,0.015539674449176056,0.08718136523249898,0.015159748356486681,0.17974680785025793,0.1591202369197561,1.0,0.17974680785025793
5,1,0,2,0,1.7374746010046507,0.02710775041300096,6.082755752718384,0.031347251773464445,2.7266173815166814,2.535739825498581,0.22540536542645054,69.3614972032898,15310623979.232683,0.0014268852485889384,0.1861668923919212,0.1798298310306573,0.16844058371500453,0.13873812992208545,3397741.419636537,0.014186115121125725,0.0782017259927612,0.013990911234170374,0.1798298310306573,0.4656744429120583,1.0,0.1798298310306573
5,1,0,2,1,3.384610551384943,0.06554630296548954,1.9347115405722934,0.08188914506030054,1.7911276588552036,2.2486756481054955,0.36804322009046286,79.55715669555597,14806082444.901009,0.0009266827266234672,0.1465986460415592,0.18011085724141734,0.19571225157198693,0.1522989848401594,2650327.724435001,0.01915164270768835,0.10935857935532212,0.018775270965930433,0.7394106667308129,0.3544852848050041,4.105308686303792,0.18011085724141734
4,2,0,2,0,2.9754858951398715,0.0908610970174461,8.333602100707017,0.01444013045609445,3.340273240626889,3.0874962775246004,0.6749202938866248,126.19745361809275,12729172106.877165,0.0,0.17175306557692321,0.18011792002309365,0.17884709589506365,0.140359694441662,2770417.283056837,0.015993141855049048,0.08585294448336234,0.015704945208871116,0.18011792002309365,0.3783511503252752,1.0,0.18011792002309365
4,2,0,2,0,0.5768085251319572,0.0833469702236064,6.70481092819942,0.08883229848023365,8.72533661130616,13.006449601774895,0.3153187689091272,128.29905287794674,13485942640.25898,0.0005674241000340313,0.15028245501819776,0.1810097377940045,0.19677746322436837,0.13643042726653923,2445006.135868188,0.01936068501650882,0.10124918826803497,0.018878955558015272,0.1810097377940045,0.4999775342893699,1.0,0.1810097377940045
4,2,0,2,0,3.008372875256024,0.08770860820019039,8.402319511136275,0.013468013636758642,3.434915994462437,2.962742093262985,0.6625838931093477,124.16762045562946,13316145787.510843,0.0,0.17470643403621106,0.1822622889090925,0.17893048150958715,0.14087417623959833,2701945.8609044747,0.016008058606626355,0.08486848757053511,0.015727867067335387,0.1822622889090925,0.37753753020367,1.0,0.1822622889090925
5,1,1,1,1,4.727301386881515,0.09602773096357553,1.8441944526129412,0.0020299156431123427,7.3452827726250725,16.428216437015777,0.11349662507246977,109.59355115628482,15317561256.346191,0.0,0.08310251563098137,0.1832991046524997,0.20312541733798054,0.12820314775453734,251181.4209129191,0.020629967584364382,0.10911751508897949,0.019997649830702378,0.017511320302340334,0.31396520939305134,0.0955341289611778,0.1832991046524997
3,1,0,2,0,1.8881608422801257,0.07326831143680598,1.132680115990291,0.004499284905053261,2.1500138192144784,1.8481594420783958,0.17260306598546601,122.72337829725149,9787518809.858515,0.0,0.17067004616297893,0.1839023102999426,0.18339520598497194,0.14447221683314077,3115469.7176302355,0.016816900789135142,0.0919623005047141,0.01650568312710776,0.1839023102999426,0.26604323336514096,1.0,0.1839023102999426
3,1,0,2,0,1.1336598997480034,0.08841153455030719,2.582039246948259,0.004645770985574759,0.7165961002495985,13.22624430161482,0.3564092888555566,115.86754421205224,9256644793.262266,0.0,0.13334648998409548,0.18540128961289856,0.2023372552810917,0.14011814505347156,221142.72632133585,0.020470182437342836,0.11447578005797454,0.02006544785711428,1.0,0.4515566109319125,5.966369724949607,0.18540128961289856
1,0,0,0,2,0.14383960999296957,0.08248544377775514,5.193027004069851,0.01388556565583337,5.481605751670111,4.520845740920374,0.8087131823020004,61.745275398833485,12423018891.377214,0.0,0.15045387891326473,0.18541383700924374,0.20094230148047768,0.15049217504141252,2953577.512273118,0.02018890426213559,0.11489459806328994,0.019670502079961367,0.18541383700924374,0.3275495031602582,1.0,0.18541383700924374
5,1,1,2,1,4.777610078031295,0.03502199517448954,2.041097742213488,0.03361405000894929,2.9401303425971244,10.628592789128279,0.8145601052739607,99.68235471763562,11753157807.109543,0.0007925159153784986,0.13022257914782526,0.18613531508472705,0.20354472288422343,0.16273385619115832,2724900.0302593033,0.020715227107007655,0.11150820640791059,0.020337207562419867,0.03949630528418206,0.5176419457857164,0.2121913580246914,0.18613531508472705
3,1,0,2,0,1.8509324701639778,0.05839457339377837,3.191534436456125,0.017754311887362317,0.9348811073275245,5.951866572591606,0.3683255337832016,121.32430592400922,11417993612.080296,0.0,0.21274511651933348,0.18647162550144275,0.1582250248724993,0.13706014903598654,5084588.795059219,0.012517579247951507,0.06611951106301239,0.012427547325687599,0.12768963092351482,0.3331252446879416,0.6847670822847354,0.18647162550144275
1,2,0,2,0,2.2296231436210845,0.08275656804819376,8.577148386265437,0.002117942133890997,6.708760735772826,5.206833202600476,0.7579729042916742,117.6897432191685,19754865029.97284,0.0,0.1558177859102972,0.1865849078840415,0.19773869294419813,0.1367638436942127,1869380.7856282697,0.019550295343639938,0.10990634037491143,0.01898166436220671,0.1865849078840415,0.31497861929635984,1.0,0.1865849078840415
4,1,0,1,2,2.3095707276785005,0.06729550477323824,8.933285581092184,0.055283553785867766,1.5236848442905833,2.4791713919283787,0.3381470192416017,89.07313767870795,11080233090.660872,0.0010401016746996409,0.1778656727498467,0.18726851623878288,0.18138115323181384,0.1339617718172504,3459467.590438346,0.016449561373851364,0.09197218515105865,0.016056202938614213,0.18726851623878288,0.49662913169381107,1.0,0.18726851623878288
1,2,0,2,0,2.2133052139506395,0.08284141141167972,8.574168147333214,0.002112466853561681,6.7149382081504765,5.216315683951277,0.7601604378477513,117.61905017169715,19756037866.806995,0.0,0.15737798898136557,0.18797121786026394,0.19791497324280527,0.13667417259781836,1852330.2166844285,0.01958516831685016,0.11013911959303813,0.019013611303060837,0.18797121786026394,0.31495853640645677,1.0,0.18797121786026394
4,1,0,1,1,3.0326096755929637,0.04872835346439211,7.381267143969759,0.04589321620853652,2.4282623551747853,5.620096865841613,0.3266172856715184,81.71419893704541,11529190216.148014,0.0010831272062537685,0.193505396847108,0.18819781627395848,0.17150511457675408,0.1402325851723293,3082763.302700182,0.014707002162992772,0.08223737849943547,0.014469525690662913,1.0,0.44245643478903945,25.33479982072792,0.18819781627395848
5,2,1,2,1,4.486559942740854,0.07602806899295829,7.588708671835506,0.06165819179239245,3.4675132726158,1.1082313972840403,0.7951260718160412,78.69680571626482,9382776423.810118,0.001382857171404052,0.16110233204223134,0.18886577612099864,0.1957888273272532,0.14202227918524069,2953106.2197931553,0.019166632453090485,0.10802126319405048,0.018523726442814043,0.18886577612099864,0.4748074651983487,1.0,0.18886577612099864
5,2,1,2,1,4.486559942740854,0.07602806899295829,7.588708671835506,0.06165819179239245,3.4675132726158,1.1082313972840403,0.7951260718160412,78.69680571626482,9382776423.810118,0.001382857171404052,0.16110233204223134,0.18886577612099864,0.1957888273272532,0.14202227918524069,2953106.2197931553,0.019166632453090485,0.10802126319405048,0.018523726442814043,0.18886577612099864,0.4748074651983487,1.0,0.18886577612099864
3,2,1,1,0,4.575968347717603,0.0601402273668671,1.188092659681688,0.03143992671654436,1.8031852451213553,1.9950184932267803,0.5542455639244741,65.81616805379812,10956416946.708584,0.0008473199357137849,0.12596411733584956,0.18891584027361932,0.2066738862149259,0.15296749623938408,1768595.0135834846,0.02135704762159007,0.11753957486120603,0.020860032852122713,0.18891584027361932,0.2010873661411159,1.0,0.18891584027361932
3,2,1,1,0,4.575968347717603,0.0601402273668671,1.188092659681688,0.03143992671654436,1.8031852451213553,1.9950184932267803,0.5542455639244741,65.81616805379812,10956416946.708584,0.0008473199357137849,0.12596411733584956,0.18891584027361932,0.2066738862149259,0.15296749623938408,1768595.0135834846,0.02135704762159007,0.11753957486120603,0.020860032852122713,0.33783374038255376,0.2010873661411159,1.788276408655022,0.18891584027361932
5,0,1,0,1,4.041288896160691,0.08210136869984601,3.6315909015491883,0.0896703781340433,6.8278987022366815,17.483538075878872,0.4751389256406743,115.81742256466809,17603646328.23559,0.0012237386191483784,0.16172435948317487,0.18898406417016128,0.1955427457176907,0.17417851295373654,3729285.496184069,0.019118482701406724,0.10529492172643873,0.018895606976521463,0.18898406417016128,0.5679041360834396,1.0,0.18898406417016128
5,2,1,1,1,3.4039478782450785,0.044000924634796316,2.6163160386605013,0.0382107019693111,7.155411881773685,1.919856238730185,0.8201753901431247,104.72172633846405,14032401693.06,0.0014106597785644868,0.14900447046810406,0.18925864994056457,0.20552448474202573,0.17160635414744652,3249909.9861305887,0.021120156914237583,0.12113213081451202,0.020740854058728914,0.18925864994056457,0.5513941215322145,1.0,0.18925864994056457
4,2,0,2,0,4.913121489331052,0.06656614063457292,3.324786961501887,0.0639017417444418,2.14953866921135,3.5723543110743483,0.7891302596349413,112.17251119528864,19936433002.957115,0.0009161213179766158,0.17846899764136082,0.1897322937610413,0.183354055839365,0.13071547387338897,2489520.550627339,0.01680935489637249,0.094406772400217,0.01630889425521423,0.1897322937610413,0.3860284516228289,1.0,0.1897322937610413
2,1,0,2,1,3.3873447808889847,0.06411667522502525,1.9868722837934043,0.08068649197689827,1.5415083722965344,2.2316112362346967,0.3634325531332021,80.14623397528213,14833751787.930576,0.000918832370564524,0.1402266714694939,0.1903993328008681,0.2073292934291206,0.15541898201343698,2280976.010580697,0.021492717956909196,0.12166927829590912,0.021011054762475254,0.1903993328008681,0.3456976902229104,1.0,0.1903993328008681
4,2,1,1,0,3.7640459734830265,0.0648042733015928,3.6833575924076922,0.03251611048281294,3.330323837970617,4.344118805023158,0.8214209053080493,109.70614039567914,18734460610.474525,0.0011298708788117155,0.15275645718660733,0.19053103607421548,0.20483511309828506,0.15350070096698545,2405514.2462030235,0.020978711778993613,0.11313157927797213,0.02048937298949802,0.19053103607421548,0.41181519535562994,1.0,0.19053103607421548
2,0,1,0,1,0.3713140569398178,0.00988763212102117,2.73974378481533,0.026178185133541594,6.736731201581583,4.068619064505974,0.77122151503495,83.48491829295604,19865885592.97831,0.0013995055340706877,0.12711353053715582,0.1909868423352481,0.2088100769006337,0.1476072583027808,541636.2605435306,0.021800824107624277,0.12105118474940879,0.02123968921091435,0.1909868423352481,0.6928206549100123,1.0,0.1909868423352481
2,1,0,2,0,3.2890301564128035,0.05254938360614252,5.607149481124145,0.05344507444085,3.063349654236817,2.763150094890559,0.3460036652512042,69.4865553927962,18949327399.832825,0.0014457316908909764,0.15683677930850254,0.19104252722447496,0.20189314015883697,0.14988348382606928,2537892.727197601,0.020380420021597897,0.10974213068454208,0.019907211181393658,0.19104252722447496,0.43465132412728263,1.0,0.19104252722447496
4,1,0,2,0,2.947831709001451,0.08811662309266581,8.088821901544478,0.015061703040420813,3.4743742849083756,3.129080124137796,0.6880149546118647,126.24892154997825,13226824368.22629,0.0,0.17001808459248113,0.1912149747514737,0.19137049294318814,0.14811359494801093,2950645.107176109,0.018311332784659413,0.09915309213649848,0.017904727907313095,0.1912149747514737,0.374534278318833,1.0,0.1912149747514737
5,0,1,1,1,3.2635344311050654,0.0746692891440096,8.414739365404202,0.05995329485826793,7.312505377519974,3.0024323101668773,0.7460941955315925,67.56170545865902,9343745302.914238,0.0012747565188050245,0.15875314171323596,0.19150355192930116,0.20096229137214555,0.17297060155390084,3369201.4477927648,0.020192921276771563,0.10520178065094643,0.0198702178059078,0.19150355192930116,0.6056069241132486,1.0,0.19150355192930116
2,1,0,2,1,3.3443708069761224,0.06676357165688053,2.016130068862039,0.08348528423161901,1.6985375549962884,2.449909545066407,0.37551235431273894,79.20458814841041,14726384986.799212,0.0009456893060853155,0.169569430926452,0.1915895446704377,0.19181150045132736,0.1546737134707799,3539916.100609997,0.01839582585269478,0.10486072764377097,0.018103026156789076,0.054618262878770044,0.5073022134716305,0.28507955887009134,0.1915895446704377
4,2,0,2,0,3.2967379170098874,0.04764304510300142,6.606665766366786,0.023510424266229568,2.805654030630276,2.0720721252258403,0.5403855324986185,106.03198025154849,19240556181.627262,0.0005486509364993141,0.15722195296751884,0.19165068955627718,0.20198829912654223,0.1355525549183539,2105488.5235591894,0.02039963649201675,0.11397259871722354,0.019786625928347193,0.3193504454712158,0.5043576478149147,1.6663151393329076,0.19165068955627718
5,1,1,1,1,1.0253843866384473,0.022679545120356737,9.312198676958342,0.04134108681038439,1.9249664563351299,4.274346053801708,0.15676120608576563,117.98180769156419,14376051976.075502,0.000990479723495309,0.15572291052587683,0.1922153752576839,0.20397059352526734,0.13539689964157195,326681.78999767604,0.020802001511524917,0.11424942996420184,0.02025576367086837,0.1922153752576839,0.460553547830278,1.0,0.1922153752576839
5,1,1,1,1,3.1579467477587677,0.08583780335781371,4.492929294161101,0.09436752723145733,8.975960112867474,15.160718297279933,0.2497043846004626,103.33735636661936,14589349003.807737,0.0006668104322059751,0.18014983087671313,0.1934996059089637,0.1857731990786558,0.15032999544421352,2780318.3187578875,0.01725584074795894,0.09795204509991418,0.016991267680199363,0.1934996059089637,0.467369677202095,1.0,0.1934996059089637
3,2,0,1,0,4.625995675190529,0.09578202673440102,9.136999157799554,0.007659562929465982,8.448627619030988,2.3545222586594896,0.44852310453056743,73.89860163771047,18351123059.07366,0.0,0.161368312697605,0.19381782939981781,0.20112867119274658,0.15468526271278993,2717497.349980496,0.020226371187879982,0.10697091153708416,0.019824429467287227,0.19381782939981781,0.38890165125907505,1.0,0.19381782939981781
3,1,0,2,1,1.0938968752130789,0.08944009877587734,2.2732054650789673,0.004952963192260398,0.5297849296596324,1.6850417812183454,0.3891125493741114,115.50900393043572,9250199552.150356,0.0,0.11554710683658959,0.19384446115918097,0.21289803573333269,0.14856272507640148,838586.7080896143,0.0226627868095557,0.11941272207081832,0.02212841920137118,0.03154952932881021,0.3526915393599975,0.1627569296545564,0.19384446115918097
5,1,1,1,1,4.8233322099319835,0.06764893732812824,0.774379335377365,0.01226480370814776,0.5125710653322804,7.878209015998715,0.46814020575837445,109.20275454196707,10335404976.782135,0.0,0.1777304459169422,0.1943266846411092,0.1884268835122112,0.1245596435435468,1432937.8076835081,0.017752345215062203,0.09973663454126802,0.017173356824854928,1.0,0.18077044324091576,19.535133990729754,0.1943266846411092
4,2,0,2,0,2.995660875583627,0.058246614769798685,7.935998541690852,0.02329990843606715,4.543152768492454,1.6420831207946875,0.7972484325403238,116.0869530534176,12242761611.991543,0.0007260442447208765,0.15050854345899994,0.19523396871006943,0.2114681219942577,0.15318305422875717,2774055.0930701983,0.022359383309889132,0.1289267011387346,0.021722052373025463,0.19523396871006943,0.5110046828651968,1.0,0.19523396871006943
2,1,0,1,0,3.169896517626509,0.09749317682512049,6.413193661737646,0.008022214167890975,1.1068856629980324,1.7953900036277388,0.10001609533342139,95.83015962714192,15625925657.134468,0.0,0.15836997301705225,0.19563670533281943,0.2052829231151242,0.14508762873105913,2280549.143226482,0.021070539261344997,0.11672970272979455,0.020530937234010498,0.19563670533281943,0.3947480306503377,1.0,0.19563670533281943
5,2,1,1,0,2.883688045924026,0.024855716208228885,3.3946494726068317,0.007117522270090987,7.202834369907926,3.7699514243340486,0.6662252136228716,127.34465161882282,17842331576.55667,0.0,0.16006721512723296,0.1958514005547829,0.20408478212242606,0.1565894597128456,2658080.4000979993,0.02082529914697906,0.11506584717089352,0.02039293879280124,0.17043411903122516,0.3777960341193013,0.8702215993781055,0.1958514005547829
4,1,0,1,0,1.9166131209936783,0.07292021064441816,1.0309414909269392,0.004964461017437997,1.9924378341500162,1.7021435917546135,0.16958394123854792,122.71882124501987,9637289547.49624,0.0,0.15660125077803766,0.1964730530277189,0.20781251521608818,0.15262767505044095,2615922.1655169385,0.021593020740218443,0.11736583299568559,0.02099912370167396,0.44784112039952295,0.2366032672788873,2.2794022564322876,0.1964730530277189
5,1,0,2,0,0.3644278038849418,0.020474844735021935,6.349629333419448,0.023668816106397223,1.830476010486891,6.302907080824542,0.2549492141378308,118.42219313895481,11386047105.210114,0.0005909965555122025,0.2284780863102338,0.1967847437099678,0.15798521952596212,0.13316624297143775,5461704.14664114,0.01247966479433322,0.0686949137479087,0.012390183537139325,0.11224547418723106,0.3766729744283634,0.5703972374640213,0.1967847437099678
3,2,0,0,0,2.229603250170561,0.07465928338975196,1.290973771638937,0.024946179919821582,1.0417500073059738,6.368862076215788,0.26215043884634637,118.47157431416295,11306732322.203812,0.0005939283785844865,0.19173487042549678,0.19689671655712815,0.18088122162347714,0.14609344794637624,3667731.0388858123,0.01635900816800073,0.09150852019324784,0.01614210732307725,0.19689671655712815,0.3440998871974708,1.0,0.19689671655712815
5,1,1,1,1,4.135689157829041,0.0965778626795803,0.6038681552045005,0.029271818436467215,0.590009141381257,13.11409688577082,0.03637433596659011,96.57526961754031,12492130774.848913,0.000992630165709966,0.1914763208346098,0.19728771379053606,0.18244220688042886,0.15742616187407554,4365805.907987238,0.016642579425700604,0.07464730821576904,0.016491530124642953,1.0,0.2437379972525275,125.23909407222831,0.19728771379053606
5,2,1,1,1,4.019195829771526,0.08122820186104128,4.698855652245099,0.043720571882580876,9.0242359210811,11.950480189434,0.028941261143211574,103.91574978057284,19617775863.875175,0.0006512453294448027,0.15569773845095375,0.1973788316870884,0.20954378802070675,0.15854033378681692,1584446.4943678065,0.021954299549033444,0.11971595179642447,0.02147883716794596,0.1973788316870884,0.47255238399109095,1.0,0.1973788316870884
3,2,0,1,2,2.7525932234695865,0.08595041250575892,1.2550099260991132,0.02294081416855773,1.7159320681988284,1.8069954013003522,0.41227882066416455,108.40506905595251,10886583734.065409,0.0009511174316774019,0.15036678292118222,0.19759424111982965,0.21458144670232968,0.15487454097674708,2207935.974661945,0.023022598634432373,0.12482140533719244,0.02230951444325962,0.09764261220499834,0.30385383968786855,0.4941571760979798,0.19759424111982965
3,1,0,2,0,1.093395112787188,0.08963675980304915,2.3070868065611982,0.004798175671679518,0.49883853793253263,1.7000011130953896,0.38789171457391725,115.32012393263857,9255620741.560684,0.0,0.13549295464158229,0.19760593228933532,0.21587345837281385,0.14976064585083493,803156.0198619749,0.0233006750149195,0.12347622379236944,0.02272744520360925,0.19760593228933532,0.3513477733948485,1.0,0.19760593228933532
5,2,1,1,1,2.8754925751294387,0.02485440708862777,3.363861586376666,0.006669656107256333,7.240483674389301,3.828877328070296,0.6691864980050949,126.85101339001714,17867809142.12088,0.0,0.15938011508308797,0.197976280072957,0.2068966188516996,0.15761182731422646,2598787.48586745,0.02140310544613273,0.11830921607868239,0.02093222470644461,0.13713078254351996,0.3746256031176493,0.692662689151374,0.197976280072957
3,1,0,1,2,1.104276712657758,0.08967661065228669,2.303030562053135,0.005023812183564394,0.49666213782177765,1.723700601418031,0.38882227057515867,115.4800225383538,9212230574.288822,0.0,0.08793628649189189,0.19810785022326258,0.21917586326899602,0.1469030550923594,841431.8757426479,0.024019029519854816,0.12421201288057215,0.023375061262891246,0.19810785022326258,0.3626083484477835,1.0,0.19810785022326258
3,1,0,1,2,1.104276712657758,0.08967661065228669,2.303030562053135,0.005023812183564394,0.49666213782177765,1.723700601418031,0.38882227057515867,115.4800225383538,9212230574.288822,0.0,0.08793628649189189,0.19810785022326258,0.21917586326899602,0.1469030550923594,841431.8757426479,0.024019029519854816,0.12421201288057215,0.023375061262891246,0.19810785022326258,0.3626083484477835,1.0,0.19810785022326258
3,1,0,1,2,1.104276712657758,0.08967661065228669,2.303030562053135,0.005023812183564394,0.49666213782177765,1.723700601418031,0.38882227057515867,115.4800225383538,9212230574.288822,0.0,0.08793628649189189,0.19810785022326258,0.21917586326899602,0.1469030550923594,841431.8757426479,0.024019029519854816,0.12421201288057215,0.023375061262891246,0.08503870423550966,0.3626083484477835,0.4292545910708393,0.19810785022326258
4,2,0,2,0,4.681341773863121,0.05492765608741701,4.672567044365404,0.042389616286043395,2.4268596382267402,2.8467274790260064,0.7916312327486628,125.77604724525666,16381400574.323704,0.0008563275309875038,0.17172383603261976,0.19848015409663425,0.19716188677518906,0.14197130707870434,2272900.6149929645,0.019436404798376238,0.10932807987580984,0.018791752195784668,0.06840762017426394,0.39560486982862864,0.34465723026876655,0.19848015409663425
4,2,0,2,0,3.033890747428732,0.08783281661045222,8.383549787205197,0.013449629849949126,3.445097633444254,2.911052334818411,0.6636347139591164,124.00828697086561,13297353249.033829,0.0,0.1864087569746094,0.19869806735463877,0.18652186770124068,0.14662772381436456,3117863.1770052905,0.017395203565379564,0.09410906756461224,0.017050361465461024,0.19869806735463877,0.37929882835303536,1.0,0.19869806735463877
4,2,0,2,0,3.033890747428732,0.08783281661045222,8.383549787205197,0.013449629849949126,3.445097633444254,2.911052334818411,0.6636347139591164,124.00828697086561,13297353249.033829,0.0,0.1864087569746094,0.19869806735463877,0.18652186770124068,0.14662772381436456,3117863.1770052905,0.017395203565379564,0.09410906756461224,0.017050361465461024,0.19869806735463877,0.37929882835303536,1.0,0.19869806735463877
4,1,1,1,1,2.328694993616557,0.06734856298823409,8.947019245467185,0.055318815919941464,1.4948989188119821,2.4732075850416204,0.3394707455960155,89.35313981317712,11035769935.036457,0.0010394003003796547,0.14924375966948833,0.1991195433744741,0.216920872354244,0.17702753754102743,3144514.6676868433,0.023527332431463113,0.12196494536638247,0.02305184396685997,0.1991195433744741,0.5529701206638672,1.0,0.1991195433744741
4,1,0,1,1,2.9936499618170482,0.04827589785729342,7.409671557527438,0.04276194525775665,2.5520743474290843,6.03786156741422,0.32903448586766215,82.9355403251772,11327967440.488422,0.0010808872078069273,0.19542438061143647,0.19926096552851078,0.18059654252002738,0.1475029684924452,2944871.6258643866,0.01630755558509403,0.09057980364845652,0.016025349266365674,1.0,0.4424317501639784,49.304911246969986,0.19926096552851078
5,2,1,1,1,2.8703491477317535,0.024517429214801368,3.356210652478819,0.0066289459291792975,7.241824901181606,3.798452076476931,0.6694125802421665,126.8719233075315,17873930159.78094,0.0,0.16025707672361075,0.19944257030397775,0.2076771893118577,0.1582224941968678,2610267.8806334226,0.021564907480236588,0.11931127693302146,0.021086667654038046,0.19944257030397775,0.374018218856653,1.0,0.19944257030397775
5,2,1,1,1,2.877518610449468,0.02446256550385671,3.3726629468890965,0.00639386034616924,7.231318546948574,3.715973757792326,0.6713636633076334,126.80887446843148,17900713581.307,0.0,0.15834712273437035,0.1996770723771137,0.2095481601710514,0.15931452766349652,2578710.2650715597,0.021955215715536307,0.12189018737827573,0.021449560376213667,0.18373740007313955,0.3742470999740359,0.9201727463538216,0.1996770723771137
5,2,1,1,1,3.824531145960098,0.07961524872301703,5.3564899871673335,0.031095262514970995,7.565094353243139,1.450559835882673,0.7241301740348846,90.13779947705041,13700881350.55438,0.0008062671997270472,0.14400880024938773,0.19977004952067257,0.21712147736853243,0.17412429139634775,2886161.0982818436,0.023570867967347073,0.13675620693166513,0.023097699027203506,0.19977004952067257,0.5028787608996793,1.0,0.19977004952067257
5,2,1,1,1,3.824531145960098,0.07961524872301703,5.3564899871673335,0.031095262514970995,7.565094353243139,1.450559835882673,0.7241301740348846,90.13779947705041,13700881350.55438,0.0008062671997270472,0.14400880024938773,0.19977004952067257,0.21712147736853243,0.17412429139634775,2886161.0982818436,0.023570867967347073,0.13675620693166513,0.023097699027203506,0.06053336979077346,0.5028787608996793,0.30301524145394654,0.19977004952067257
4,1,0,2,0,1.892293977818162,0.07317949036396172,1.1374475497422583,0.004790278772166893,2.1512880491461215,1.858981114479203,0.17272500324318174,122.61274862767017,9777634322.100197,0.0,0.16946067427864142,0.19978885593134496,0.20029307284324663,0.1571469069379627,2960961.3916874183,0.020058657514495048,0.11269719767311182,0.019641970815720607,1.0,0.26791637224600723,16.01639783961101,0.19978885593134496
2,2,0,2,1,4.944169354281499,0.01766775255801287,2.5294090299604868,0.028027219481635623,0.460893941790086,8.41433936110769,0.4818580319666784,123.77744423638674,9631597875.882534,0.000773585257734205,0.2124896960643923,0.1998843264142754,0.1700451809793998,0.1144251026049037,310908.23678505665,0.014457681787158417,0.08053922287986715,0.014216101228828118,0.1998843264142754,0.7711999632486172,1.0,0.1998843264142754
5,2,1,1,1,1.2531434977995615,0.053709702658255094,7.790562075306059,0.03592990878967845,5.598197933524531,1.6020180817841934,0.5987211029286991,102.60261382523868,9904255802.668133,0.0010628744309097973,0.16132097247996402,0.2000273104466244,0.2071586660017898,0.1785281612430967,3621006.7120397,0.021457356449820553,0.12275850763685414,0.021157695223513226,0.2000273104466244,0.546156868262946,1.0,0.2000273104466244
4,0,0,3,0,0.1940202727204262,0.011523652427175703,8.631877311662036,0.09133712705982927,3.830309760853441,1.2639023125282292,0.7385786680113272,79.32508225585482,14839716111.789392,0.0011183204718792211,0.1253477985122976,0.2001042854617866,0.218500836037848,0.1397679504528287,819838.4663464392,0.023871307674619268,0.13835239040539893,0.02275593211384112,0.2001042854617866,0.9298912332651347,1.0,0.2001042854617866
3,1,0,1,2,2.749961457623818,0.08598128039191201,1.2588189349334316,0.02290515294960697,1.7145104819023644,1.819766302011439,0.41204085041396604,108.42683371769972,10877983315.483429,0.000950791107844619,0.16202229282300445,0.20012796447724596,0.2068472254795158,0.1466548669317929,2586826.294592426,0.021392887344286828,0.11909300988215998,0.02070543156979428,0.03316358890172389,0.3109010120413015,0.1657119183136173,0.20012796447724596
3,1,0,1,2,2.749961457623818,0.08598128039191201,1.2588189349334316,0.02290515294960697,1.7145104819023644,1.819766302011439,0.41204085041396604,108.42683371769972,10877983315.483429,0.000950791107844619,0.16202229282300445,0.20012796447724596,0.2068472254795158,0.1466548669317929,2586826.294592426,0.021392887344286828,0.11909300988215998,0.02070543156979428,0.03316358890172389,0.3109010120413015,0.1657119183136173,0.20012796447724596
5,1,1,1,1,4.734331012452925,0.09594816125895962,1.8302215151612073,0.0021505008272369956,7.333423108897596,16.47524910477958,0.10966962713110337,109.65651293051812,15303248148.453344,0.0,0.10177978199770299,0.2002635867382729,0.22037015508670593,0.13737997542358726,305299.5000443518,0.024281502626469414,0.1329178136672856,0.023410042570403956,0.2002635867382729,0.3173729479642302,1.0,0.2002635867382729
5,2,1,1,0,2.869352335261024,0.025080284581357595,3.3629892345128,0.006811436258720839,7.222147276118568,3.8034391342367946,0.6682873440772132,126.95278053745442,17845556232.845737,0.0,0.16433569289511094,0.2005124385019435,0.205330241368843,0.15751258553078132,2720995.888573521,0.021080254010293665,0.1167312736139221,0.02063293726293452,0.2005124385019435,0.37510161925547264,1.0,0.2005124385019435
4,2,0,2,0,0.4993656569774053,0.08493223516942432,7.619588771865526,0.06634777847228356,6.558539328589769,8.122065920619633,0.8174678673477782,122.88656236033341,13727147576.147844,0.0006424831880372948,0.16873249787279182,0.20119256242386604,0.20243665553914697,0.1399989340315149,2038926.0753767288,0.020490299752937622,0.11271528203632808,0.019932928004387552,0.20119256242386604,0.5040774426153359,1.0,0.20119256242386604
5,2,1,1,1,3.259794888138963,0.07477804579358466,8.413255611480738,0.0597168868424473,7.336739980207678,3.0071545183144295,0.7457215636392499,67.47828948137196,9347478045.362747,0.0012746613824243464,0.15865689054587395,0.20122372438328778,0.21075505034196967,0.18580840601645313,3735451.9155886206,0.022208845622323087,0.1260792671058496,0.021896873488768957,0.20122372438328778,0.55299923943188,1.0,0.20122372438328778
5,2,1,1,1,3.259794888138963,0.07477804579358466,8.413255611480738,0.0597168868424473,7.336739980207678,3.0071545183144295,0.7457215636392499,67.47828948137196,9347478045.362747,0.0012746613824243464,0.15865689054587395,0.20122372438328778,0.21075505034196967,0.18580840601645313,3735451.9155886206,0.022208845622323087,0.1260792671058496,0.021896873488768957,0.20122372438328778,0.55299923943188,1.0,0.20122372438328778
4,1,1,1,1,2.477192620873656,0.02815272554190747,9.308868850443808,0.018636204570311236,5.045579346234492,1.7844771002661801,0.5357521340018723,82.36109147775149,10810467629.452827,0.0,0.18281438641382855,0.20219827070853746,0.19240881658550701,0.1521042325782659,3349381.105529546,0.018510576349917637,0.1024773677226084,0.018198292520043388,0.20219827070853746,0.37906922624025147,1.0,0.20219827070853746
4,1,0,2,0,1.8837041862443233,0.07326720797523104,1.0990221202766188,0.004878013896708304,2.1551300320218845,1.8389240238542992,0.17329655369346536,122.67649327957494,9778243390.551664,0.0,0.15796492954737973,0.20241940275412806,0.2128410754025294,0.15412079577404308,2532790.2184046526,0.022650661689252602,0.12447608363443152,0.021987491103815288,0.20241940275412806,0.25886982445808543,1.0,0.20241940275412806
2,1,0,2,1,3.370239539164786,0.06535711054212388,1.93879293306488,0.08181781536879419,1.760399075726746,2.2669868983084953,0.37064150271332075,79.65358152075744,14817573503.36294,0.0009256735456723062,0.1408712596350899,0.20282653408913026,0.22074378544520107,0.1640022002641273,2133267.06257813,0.024363909406338483,0.13865116017275836,0.023708645103552996,0.20282653408913026,0.346707146005895,1.0,0.20282653408913026
3,1,0,2,1,3.398442545407579,0.0722325223969125,4.526586942426698,0.02168731344362622,4.562130665788609,2.719200139901415,0.39239903252322905,94.23789753794092,9062419369.922857,0.000992082119498794,0.1524011120311921,0.2035478497128468,0.21941755807255503,0.16148158475180227,2282025.629236092,0.02407203239526153,0.12565802206073484,0.023428322884935734,0.22266205755116955,0.4164286415988674,1.093905230958165,0.2035478497128468
3,1,0,2,1,3.3712101887660637,0.07206648774517485,4.508300675180405,0.02190754528304608,4.567875970286233,2.7150524925642197,0.3937925954379284,94.40598883363982,9080492555.92141,0.0009937367581299653,0.15269091600066464,0.20358848369051954,0.2191902965608452,0.16139387543727968,2290316.76099336,0.024022193053215637,0.1254610798010235,0.02338090251675747,0.20358848369051954,0.4165142918428509,1.0,0.20358848369051954
4,1,0,1,1,2.6566944308703175,0.05367849215739211,5.511925370484043,0.044804854969502636,1.6099006896351975,2.075347801650466,0.2653269937146597,98.05924080425146,13292310496.292875,0.000752731673120591,0.2109426567616704,0.20359166858522657,0.17426114874500853,0.14036857593706054,4786836.15779291,0.015183473980964993,0.08521592311202097,0.014971588141377043,0.20359166858522657,0.4447432928772102,1.0,0.20359166858522657
4,2,1,1,0,3.7256585593438145,0.06358906209259692,3.7258868325457395,0.032075694663384405,3.43085602977629,4.436555356154736,0.8367913304927305,110.9908084962396,18643087208.80432,0.0011480844522101582,0.15791258253420848,0.20399203704945915,0.21463499648135032,0.1584546997544057,2388094.13361622,0.02303409085727463,0.12493238962977715,0.022441904372874372,0.20399203704945915,0.4140263840757984,1.0,0.20399203704945915
4,2,1,1,0,1.442026486052677,0.03266398315292064,4.162238964858717,0.041594332282250186,1.4180456206717535,3.403676787225942,0.762688032197192,79.0605023877697,9614595088.993607,0.0014172472499709176,0.21539212929993012,0.20464077987828147,0.17242538187137105,0.14143585418010038,4462201.768308709,0.014865256156744064,0.08273887712133299,0.014687358347629468,0.20464077987828147,0.41491437172375395,1.0,0.20464077987828147
4,2,1,1,0,1.442026486052677,0.03266398315292064,4.162238964858717,0.041594332282250186,1.4180456206717535,3.403676787225942,0.762688032197192,79.0605023877697,9614595088.993607,0.0014172472499709176,0.21539212929993012,0.20464077987828147,0.17242538187137105,0.14143585418010038,4462201.768308709,0.014865256156744064,0.08273887712133299,0.014687358347629468,0.057396821738083005,0.41491437172375395,0.28047597244411465,0.20464077987828147
3,1,0,2,0,1.401534247445876,0.0717404312960583,7.104207745882089,0.038762060475570626,1.4125595572902367,4.213236632402759,0.2823799353396407,102.43655075985957,11282666320.091694,0.0008272504183941431,0.21795467643839833,0.20512574737568035,0.17120316311135242,0.13477537653959074,4756197.320056763,0.01465526152966617,0.08264363952952936,0.014441363233097406,0.20512574737568035,0.3866604677733703,1.0,0.20512574737568035
4,2,1,1,0,3.098182596421384,0.05689473577576292,6.996263196718657,0.030643550044679013,3.496667850496494,2.068447390494717,0.597235384145826,75.25518120275883,10341041838.00278,0.0011793755386193666,0.15009098587793154,0.20532295444761872,0.22319366548384284,0.1565239044089932,2364281.409262514,0.02490770615605677,0.1356741082741254,0.023997692800097642,0.20532295444761872,0.46348961311742265,1.0,0.20532295444761872
2,1,0,3,0,3.6418718189430415,0.09839735215735201,9.295098422988618,0.01856518208705511,1.5007827908115408,4.444117214186575,0.12102395457615872,93.10340106361726,18816073251.691284,0.0,0.22134587446981555,0.20538428135042183,0.1694592922019914,0.1457572032870772,5246400.5007956885,0.014358225856799954,0.07917671600379639,0.014245279694133382,0.20538428135042183,0.4233615365672395,1.0,0.20538428135042183
5,1,1,1,1,4.135689157829041,0.0965778626795803,0.6038681552045005,0.029271818436467215,0.590009141381257,15.355520470151571,0.747220750768925,96.57526961754031,12492130774.848913,0.000992630165709966,0.20164634535256598,0.2055324020513705,0.18218704941389133,0.15120972333304686,4616575.732953436,0.016596060487069842,0.09142164959960797,0.016418554558231258,1.0,0.2517395633083854,22.63788656346127,0.2055324020513705
4,2,0,2,0,2.8165155868602065,0.09144619297106527,8.24531402525204,0.014205641803207098,3.3787059710363434,2.7181578331643976,0.6528461264977857,125.11678901802252,13622432870.029652,0.0,0.1954587581019,0.20564047447034348,0.18659285141933582,0.1479979392841317,3286428.3947167015,0.017408446100399166,0.09507427083937048,0.01707811818322651,0.20564047447034348,0.3802753526100765,1.0,0.20564047447034348
3,1,0,2,0,1.0933486718114611,0.057374137036853845,3.661420790394957,0.0078025721681787945,6.520652754469316,11.01611475334984,0.38146254010935254,120.47523956217867,10024670505.957993,0.0,0.1469446465897709,0.20602525378647524,0.2240720669937149,0.14974720014765525,571362.7353478987,0.02510414560341793,0.13923114464316277,0.024277733927430708,0.3348961523284235,0.4563575902911513,1.6255102040816325,0.20602525378647524
4,2,1,1,1,3.3575920210587067,0.028035150587319483,8.632319364033512,0.05161126051708462,7.942271752782167,3.132670646089425,0.7918115125309999,98.51350060168257,15489816648.23969,0.0014827859914840402,0.14505811672683122,0.2062400469568164,0.22431357469339394,0.15895682646993026,2306241.736430188,0.025158289895864414,0.14125376272593504,0.024276607773898794,0.9463683930549318,0.48876568102429413,4.588674251286839,0.2062400469568164
4,2,0,2,0,2.876808413184706,0.09018409947207517,8.37301813926151,0.013468582369968304,3.455406940839716,2.9730154513121647,0.6612230819233282,124.05835840863203,13323096989.109238,0.0,0.1929177497421833,0.20632192692364285,0.18908148621978313,0.1478996408463819,3099273.6566820154,0.017875904215541017,0.09666171825365844,0.017505722504365284,0.20632192692364285,0.37855242204290485,1.0,0.20632192692364285
4,2,0,2,0,2.876808413184706,0.09018409947207517,8.37301813926151,0.013468582369968304,3.455406940839716,2.9730154513121647,0.6612230819233282,124.05835840863203,13323096989.109238,0.0,0.1929177497421833,0.20632192692364285,0.18908148621978313,0.1478996408463819,3099273.6566820154,0.017875904215541017,0.09666171825365844,0.017505722504365284,0.42294293928302756,0.37855242204290485,2.0499175516112422,0.20632192692364285
4,2,1,1,0,3.096809617388804,0.056905258406890764,7.002662482828698,0.030846641401243196,3.524223839853264,2.0835731304609917,0.5934807854923351,75.22507594250483,10350170605.193983,0.0011779705994300939,0.1497864876983368,0.20662328552452114,0.22469172577857247,0.15762000083872615,2335141.542396872,0.025243185816676603,0.13767669873967692,0.024303608686396763,0.3572027866837986,0.46316551437229275,1.7287634633096924,0.20662328552452114
3,2,0,2,0,0.44509731767155836,0.08443939285709076,7.674260806332201,0.06744491469384364,6.511176655160163,7.816629341393135,0.8360431286899638,122.68838504834405,13629000409.408861,0.0006484355956549759,0.21420900519939917,0.20767392868498544,0.1757889335579709,0.14548294190074232,4853377.797064737,0.015450874580724356,0.08663825562987604,0.01527598516654027,0.9713644441930795,0.5047967084276048,4.677353822619276,0.20767392868498544
2,1,0,1,1,3.2506210786695657,0.0975135250557195,6.569914417058036,0.007158734770012342,0.8798586709658064,2.0706440233831804,0.12546640115664234,97.5167778153577,15779201600.014454,0.0,0.16683063101294682,0.20869236709614888,0.21135487960506985,0.16608214200815183,2837957.014118462,0.022335442566436783,0.12837837393559492,0.021858171914233074,0.20869236709614888,0.45583838839548013,1.0,0.20869236709614888
5,1,1,3,0,3.158668505978729,0.06911536244701494,7.032708050710391,0.009154131064690266,5.085643998053979,4.086056373746176,0.16718394495832617,107.0290108288407,14703458081.72008,0.0,0.1489559611925395,0.20880625019735116,0.22658386209586034,0.17826263041730778,3114949.274174419,0.02567012328113793,0.14957326384372038,0.025069021045976376,0.20880625019735116,0.41589230798246807,1.0,0.20880625019735116
2,1,0,2,1,3.3711013564711942,0.06542250917459518,1.9308432515270393,0.08234674647283245,1.769517746811726,2.2834070677914178,0.3666340998356289,79.71402373769212,14818471307.245277,0.0009239495848413418,0.14285018259877347,0.20892533141715972,0.22731307183218755,0.16406553296391993,1718684.710695837,0.02583561631289263,0.14549860828434014,0.02509187539334846,0.20892533141715972,0.3468963247258936,1.0,0.20892533141715972
2,1,0,1,0,0.2517832794045817,0.09604668600210062,9.365202082377147,0.0027461931892247683,8.069669114864704,7.7573513253934765,0.3278520651147078,89.28991697335702,15377174011.28858,0.0,0.2295864998079947,0.20954656331461333,0.16815234039885438,0.13790506559467738,5549376.095826743,0.014137604790806096,0.07661733663953585,0.01400302642056595,0.20954656331461333,0.3305107680512242,1.0,0.20954656331461333
4,2,0,2,0,3.2295516751629783,0.04720476271855743,6.8035368698078855,0.022701068127485024,2.753337700897496,1.9653084431197214,0.550227907147972,106.24918721167336,19178673992.826416,0.0005365219557380068,0.19327273089837627,0.2095543460940037,0.19155553806299033,0.1439307659551201,3542283.7997116954,0.01834676208130087,0.10462355544973412,0.01783274906525948,0.18331444808479808,0.4342096431740139,0.8747823726956505,0.2095543460940037
4,2,0,2,0,3.2295516751629783,0.04720476271855743,6.8035368698078855,0.022701068127485024,2.753337700897496,1.9653084431197214,0.550227907147972,106.24918721167336,19178673992.826416,0.0005365219557380068,0.19327273089837627,0.2095543460940037,0.19155553806299033,0.1439307659551201,3542283.7997116954,0.01834676208130087,0.10462355544973412,0.01783274906525948,0.2095543460940037,0.4342096431740139,1.0,0.2095543460940037
3,2,0,0,0,2.6177084107255193,0.0568398565218181,0.585604935496756,0.05443701793060026,1.1748042744529195,2.7738828113952283,0.23864620605455344,118.79744563611429,9134533167.670795,0.0006476565393178014,0.1511084100817347,0.20978363535783887,0.226819306064203,0.16518151897944366,2057983.0603115002,0.0257234988017233,0.14439260245538876,0.024949778029328153,0.20978363535783887,0.220899523291592,1.0,0.20978363535783887
5,1,0,2,0,1.2207387012290234,0.06373848602083645,4.17994721545583,0.014275144396193444,3.435289237341025,8.07483520864117,0.5524126758051779,128.57581205497618,10861891075.349249,0.0,0.21425181495687062,0.21004849409941748,0.17782490819774463,0.14625864981281225,2818834.4136537276,0.015810848987768154,0.08895496220426335,0.01563045997054203,0.16739709230531646,0.3720719616463719,0.7969449770303338,0.21004849409941748
5,1,0,2,0,1.2207387012290234,0.06373848602083645,4.17994721545583,0.014275144396193444,3.435289237341025,8.07483520864117,0.5524126758051779,128.57581205497618,10861891075.349249,0.0,0.21425181495687062,0.21004849409941748,0.17782490819774463,0.14625864981281225,2818834.4136537276,0.015810848987768154,0.08895496220426335,0.01563045997054203,0.21004849409941748,0.3720719616463719,1.0,0.21004849409941748
5,1,0,2,0,0.8031124219627678,0.02856330096453816,4.639327454154707,0.007050938305264167,2.3679266177221834,7.59001529741858,0.37467515669098617,116.62615484113243,11040858921.251263,0.0,0.18595953334795232,0.21100955779231073,0.19846252039329298,0.14558892873576665,2001926.4515344158,0.019693686000429117,0.10998425105345255,0.019179139761564903,1.0,0.34505217692804135,131.4409969748302,0.21100955779231073
4,1,0,2,1,1.410483172882594,0.03300079605758708,5.857981455266034,0.03095171185586169,7.212739791055597,3.3939805884644056,0.7284338255090379,88.76605678465728,10224728421.942268,0.0010144904098315416,0.1501154060503509,0.21111094830851848,0.22961412398805975,0.18990936098033073,3705243.8078983827,0.026361322967402036,0.14035395022382802,0.02579825608565068,0.21111094830851848,0.5563711124343602,1.0,0.21111094830851848
4,1,0,2,1,1.410483172882594,0.03300079605758708,5.857981455266034,0.03095171185586169,7.212739791055597,3.3939805884644056,0.7284338255090379,88.76605678465728,10224728421.942268,0.0010144904098315416,0.1501154060503509,0.21111094830851848,0.22961412398805975,0.18990936098033073,3705243.8078983827,0.026361322967402036,0.14035395022382802,0.02579825608565068,0.16332116273631578,0.5563711124343602,0.7736271569281074,0.21111094830851848
4,2,1,1,0,3.0994408738061723,0.05758914225353011,6.9405869811589955,0.02853015506417698,3.664072047561238,2.14455697759629,0.5882220204107831,77.35059364395347,10443919270.946367,0.0012027387037624436,0.1578772824894104,0.21129825420642306,0.22233777413089778,0.15711687782027053,2500154.0573402494,0.02471704290274106,0.13453959758506606,0.023856661112565375,0.3638412910930299,0.46466012724912015,1.7219323106076556,0.21129825420642306
4,2,1,2,0,4.909328747752548,0.06701220984681673,3.278436199752744,0.06379957406617447,2.1338778212276877,3.574065281687421,0.7886800350619461,112.30723525211421,19968742815.33572,0.0009144427456280873,0.19563596592992472,0.212241820197032,0.19240386269443674,0.13339504181804687,2438516.4671270684,0.018509623189869834,0.10456925381674176,0.017865824292460416,0.212241820197032,0.3801599989462156,1.0,0.212241820197032
1,0,1,3,2,0.22539633909797493,0.030082212767962465,3.5953062400215545,0.02993325396044808,9.08098010623069,3.6288900780548694,0.40592342617433486,61.347173879571486,18882561214.555244,0.0010351792564719637,0.17305948500817087,0.21248075663430996,0.2099728205426469,0.15133486637323482,2322019.9478693316,0.0220442926833173,0.1260994540381295,0.021386389875718143,0.21248075663430996,0.47727076409176394,1.0,0.21248075663430996
1,0,1,2,0,0.1406905168246965,0.07906670383723712,7.440530716184902,0.03188160607078893,0.3727837944581317,3.6714558600904525,0.4591024138740358,112.85963407607288,10267403551.71028,0.001157188355078389,0.1402410500662678,0.21284630679555955,0.23160049302199562,0.17094711905889493,2218348.097114254,0.026819394184015723,0.15265731028698193,0.026000022435829693,0.21284630679555955,0.478889293667306,1.0,0.21284630679555955
4,2,0,2,0,0.5990131563971441,0.08530359865274892,6.872110452890075,0.08888204637590036,9.034696291173656,13.16229236473384,0.3014208993272235,127.47603120488967,13580229983.151207,0.0005544050534393478,0.22696630781935082,0.21347351650172294,0.1729490034552146,0.133237533794121,4536196.151404368,0.01495567889807592,0.08240235269987273,0.014761751133565763,0.21347351650172294,0.48711316438491914,1.0,0.21347351650172294
5,1,1,3,0,2.9651636762751705,0.06960210127438192,7.0524386186782335,0.009433677013693253,5.0036850668074235,3.8461513222782675,0.18718556563130379,105.69254553932291,14415520991.545397,0.0,0.15529899731681646,0.21351340384735856,0.2265685770107194,0.179800679052631,3322075.822492741,0.025666660044331144,0.14900273671196096,0.025080111211752056,0.21351340384735856,0.4155864066527026,1.0,0.21351340384735856
4,2,0,2,0,3.577086373002224,0.08798416492040931,9.22734071892875,0.07695559070695678,4.462270208957674,7.936202309648515,0.44857747278301885,128.2125709721214,14912923640.365252,0.0005599930089980143,0.16966632443509266,0.2144038228128898,0.21487581451149007,0.16330633033598319,2780777.472691211,0.023085807830988146,0.1297130676002255,0.022457779738115007,0.3371679368166485,0.38594962293231283,1.5725836059877294,0.2144038228128898
1,2,0,1,0,4.868429521577139,0.07424116763480355,6.1230934457549155,0.004306403645852624,9.518790867867164,1.3954517202422618,0.43456808825715376,95.93131192295888,18361993204.053604,0.0,0.16619775478058973,0.2151685543593108,0.2187895055101033,0.1504190978191481,1921245.0644238223,0.023934423860677758,0.13196330465595596,0.02316632059265737,0.06770043682318432,0.3215983681190691,0.3146390838790091,0.2151685543593108
1,2,0,1,0,4.868429521577139,0.07424116763480355,6.1230934457549155,0.004306403645852624,9.518790867867164,1.3954517202422618,0.43456808825715376,95.93131192295888,18361993204.053604,0.0,0.16619775478058973,0.2151685543593108,0.2187895055101033,0.1504190978191481,1921245.0644238223,0.023934423860677758,0.13196330465595596,0.02316632059265737,0.2151685543593108,0.3215983681190691,1.0,0.2151685543593108
3,1,0,2,0,0.14906844198489227,0.03471329405764827,8.644239661137643,0.046841381518202135,2.6912816704559672,7.688550868837322,0.1494206801598677,107.84897118466824,14725258453.69392,0.0007533253147105429,0.21333272273640552,0.21537785298953677,0.18305714450328817,0.14862915576986208,4590607.75054289,0.01675495907684886,0.0948281919516838,0.016535757392710303,0.16449528032873345,0.39507068665825607,0.7637520666376257,0.21537785298953677
3,1,0,2,0,0.14906844198489227,0.03471329405764827,8.644239661137643,0.046841381518202135,2.6912816704559672,7.688550868837322,0.1494206801598677,107.84897118466824,14725258453.69392,0.0007533253147105429,0.21333272273640552,0.21537785298953677,0.18305714450328817,0.14862915576986208,4590607.75054289,0.01675495907684886,0.0948281919516838,0.016535757392710303,0.21537785298953677,0.39507068665825607,1.0,0.21537785298953677
2,0,1,2,2,2.616537604131985,0.05335211112141546,7.580199111286121,0.008646964565163673,1.452722340096066,14.169626921529938,0.08968022610541636,114.79393195669674,13466856091.042463,0.0,0.2530053659661953,0.2154282128506063,0.15998119776609537,0.12308309555191603,6426732.739001165,0.012796991819337258,0.06586201344960718,0.012673857342037739,1.0,0.38750467797404897,21.562801828917245,0.2154282128506063
1,0,1,0,0,0.1822694195054581,0.06699229553700176,8.809085995346337,0.0560982428406421,7.89642884393922,4.43280822031271,0.03727703281459531,114.46630427988332,14427531205.871819,0.000612249688569102,0.2014751449095529,0.21557131883678107,0.19127581517312892,0.15674995007574544,4284150.178165769,0.018293218735072485,0.10381792922860777,0.0180043464628056,0.21557131883678107,0.5630413679065546,1.0,0.21557131883678107
5,2,1,1,1,1.303470792968787,0.005732847613187038,7.7865702442794795,0.019383204429490524,5.91657850081056,8.586501093990528,0.8460429225576285,106.90131577447848,12508476242.49958,0.0,0.2116579607786887,0.21668704631644953,0.18529265486115806,0.12521225312082296,3227363.6448840685,0.01716668397274812,0.09756010404827697,0.016789481565087083,1.0,1.2348679073830793,60.52576462415482,0.21668704631644953
2,1,0,0,1,3.382657868337076,0.06506591992453502,2.2108099166027504,0.0834845475695722,1.709033596268631,2.458573225018838,0.36539226050586887,79.36024501138344,14854614666.76083,0.0009227821928703641,0.1683165157297558,0.21683721098088765,0.21853217981543877,0.1612853806355309,2597039.583632547,0.023878156807443634,0.13345644363570452,0.023211967186782805,1.0,0.3741908665437096,56.62787822978072,0.21683721098088765
5,1,1,1,1,4.191263309899472,0.09359376021173454,1.8244899555710612,0.030873920696878387,1.2972347188346014,12.773536459242438,0.17680376818481314,114.99547563904366,11923241161.96936,0.0007018425315460172,0.1938863987566945,0.21709764173293697,0.1981016028243236,0.16500347470064983,2654346.568168466,0.019622122520783027,0.11232818350477203,0.01932323024101271,0.21709764173293697,0.34919957328727125,1.0,0.21709764173293697
5,1,0,2,0,2.268537981380349,0.09431522594992212,3.0570484156133233,0.041895691485018455,5.292056354346186,3.947824203424481,0.026738387535040743,81.44295805888672,18059683367.71562,0.001307861819232802,0.19095306958486985,0.21711110248335114,0.20058377085376425,0.15539053169269143,2887695.6279872227,0.020116924564957703,0.11003893001540943,0.019682200984268688,1.0,0.39028807051006376,41.25238606357224,0.21711110248335114
2,1,0,2,1,2.7979839083263074,0.03546020847352161,4.274051060902502,0.08403205908653098,2.699244252435362,1.6243413850829223,0.2385916957228509,83.18824212219903,16147526574.863575,0.0008301784016022976,0.16915389740835612,0.217128091893593,0.21797372682701424,0.16473447917545136,2729127.7959054136,0.02375627279342891,0.13506699260360644,0.02317361041221676,0.217128091893593,0.4005166138651744,1.0,0.217128091893593
1,2,0,1,0,4.851024999756872,0.0744608828234746,6.127138408702222,0.00424933529374143,9.562972068980331,1.410264745703361,0.43227691657727174,96.04377239877354,18352587701.22052,0.0,0.16930227397823572,0.2181766786660284,0.21911780952884694,0.15025991054634677,1885620.6759628502,0.024006307226360022,0.1324654186020653,0.02323198815156327,0.06844693170298255,0.3214166565091597,0.3137224937215079,0.2181766786660284
4,0,0,3,0,0.766604062031242,0.01490526663377895,7.219421134490287,0.08805689794337924,4.445720262593807,1.950559647131945,0.5016454831212913,76.73342206422404,13706896084.749695,0.0014304462732273695,0.15492386017842763,0.2189831514650349,0.23260495222910438,0.15182059934756056,346002.125449337,0.027052531900751964,0.15880915794236095,0.025986428194097664,0.2189831514650349,0.9635646702155477,1.0,0.2189831514650349
2,0,1,2,2,3.128078824948878,0.07206130266494701,2.329291130601813,0.024512837715569915,3.6314540082795284,10.969127819412641,0.21132430442364605,102.00150263508016,12836382704.155289,0.0006362581172704649,0.15728789611010374,0.21930517120183507,0.23094527491650754,0.16370245594092517,1594858.2347589496,0.026667860003130622,0.15183792488822923,0.025803047984899834,0.21930517120183507,0.4997974329091213,1.0,0.21930517120183507
5,1,0,2,0,2.2569370156310957,0.09423812377196508,3.0339368226508636,0.041855830176991536,5.315511175763483,3.937242393910159,0.02925476863119487,81.37854671656726,18025753675.456623,0.0013096870250150184,0.19218296437462412,0.2193775991779296,0.20176804393210387,0.15749518264770648,2873589.219533327,0.020355171776093698,0.11151856518958714,0.019918008044609737,0.2193775991779296,0.38770373744241116,1.0,0.2193775991779296
4,2,1,1,0,3.592595741959643,0.027871432328469867,6.364109000742431,0.02227984190755803,5.5837457208507395,2.176619515280324,0.5007093586510578,68.87503969149023,10806326283.007172,0.0011713847880478053,0.146377294756365,0.21949029601645628,0.23858630552704857,0.1675536332892459,2135828.1061605066,0.028461712592523086,0.15899971902041155,0.027440544955006047,0.13493550955911507,0.4443327762876605,0.6147675410169308,0.21949029601645628
5,1,1,1,1,0.9292241198215533,0.06660394188786325,9.95535310888221,0.04838406256447858,3.2392727168269597,4.707837985854993,0.20145508442019874,94.53932468004598,15670852974.98928,0.0009375479188983425,0.16270085379614074,0.22115982447371643,0.22844888083633916,0.17940832699414444,2858480.4357796945,0.026094445577687943,0.13692099874995944,0.02544517289801871,0.9272666039006774,0.5213177824435705,4.192744347248646,0.22115982447371643
0,1,0,2,0,4.551818852359152,0.089382453095224,8.441638140402034,0.012971292654908984,3.822761477786623,10.333687829688872,0.2984313415011376,120.17063483937028,16069140860.66274,0.0,0.14820640707056398,0.22184511578349167,0.24070207736635593,0.16283162107851037,990453.6321017022,0.0289687450242396,0.16779184834697858,0.02797408412074634,0.22184511578349167,0.41480384624878447,1.0,0.22184511578349167
4,1,0,1,2,1.5115513658050976,0.09411707174364448,9.679585807307378,0.09378871412767674,1.1785665642366876,3.119175499523968,0.14496204251155814,60.48817459405954,17160974116.128199,0.0006573231568713299,0.20996681168360368,0.2223088520540582,0.19218276794168923,0.16433072903444765,5473580.02918124,0.018467108146864586,0.09046958620401258,0.018244173370289826,0.2223088520540582,0.5120352188722711,1.0,0.2223088520540582
3,1,0,2,0,1.6305974886802859,0.08528193928307444,5.195534915848627,0.01191192164628904,0.5309688280620927,8.397176003094525,0.20166956145306789,128.80566207274944,11829263811.295065,0.0,0.17304242450957363,0.2227063290514883,0.2207934168342723,0.159599470533742,1626580.6883579125,0.02437486645867636,0.1273313556847464,0.023772601889965064,0.047078838340325925,0.3871014754141128,0.21139425422185282,0.2227063290514883
4,2,1,2,0,0.8708808075695896,0.07076382904144062,2.015435983559315,0.02061964326906288,2.5314047534356243,1.2546739067767945,0.44900602385360117,70.99244740666568,12510598898.41827,0.0008019506491770633,0.18733056558594963,0.22319599969730936,0.20881091200143065,0.15368957851580736,3379359.5487664607,0.021800998485434604,0.1250414526789393,0.0212160949768656,0.22319599969730936,0.4998775770362201,1.0,0.22319599969730936
4,2,1,1,0,3.004586678973104,0.03009192739587554,4.180492278939704,0.06481285980065812,1.325415172447969,7.231853580036014,0.6668168764224387,63.7900514308577,18101695539.22239,0.0012381983098763941,0.2162861704996969,0.2236025958917019,0.18838931857454724,0.149182730440787,4899829.925350208,0.017745267676491126,0.09816476565297627,0.017448033754270165,0.47267867416689513,0.4089745308793214,2.1139230172257437,0.2236025958917019
3,2,1,0,1,1.321516256147369,0.05964181775922008,5.51416961660806,0.06259673572697694,5.6260456316567,4.702825022084688,0.28290692517168453,76.09048378992281,16857295708.179127,0.0012156341633387563,0.19170373284138492,0.22380450409399594,0.2069022028182799,0.18429267736895635,5285269.019395558,0.021404260765528312,0.10571568528714859,0.021135460471439466,0.22380450409399594,0.5629071459419246,1.0,0.22380450409399594
3,2,1,0,1,1.321516256147369,0.05964181775922008,5.51416961660806,0.06259673572697694,5.6260456316567,4.702825022084688,0.28290692517168453,76.09048378992281,16857295708.179127,0.0012156341633387563,0.19170373284138492,0.22380450409399594,0.2069022028182799,0.18429267736895635,5285269.019395558,0.021404260765528312,0.10571568528714859,0.021135460471439466,0.22380450409399594,0.5629071459419246,1.0,0.22380450409399594
2,1,0,2,1,2.7526709954348663,0.08385340805719393,2.9944391727597868,0.08403205908653098,2.699244252435362,1.6243413850829223,0.2385916957228509,83.18824212219903,16147526574.863575,0.0008301784016022976,0.1710579697838408,0.22383360211225609,0.22301614873025932,0.1676674940799875,2717418.3328551347,0.02486810129723857,0.14168744409820433,0.024231812294183766,0.9838742859984995,0.3611966310494712,4.395561152186038,0.22383360211225609
4,2,0,2,0,2.985916258993026,0.09107687679611165,8.325198846601278,0.015201858233910317,3.3555467292871746,3.256882480201815,0.6780152640027272,126.08408050639868,12749005892.48338,0.0,0.20372793028854713,0.22420219785176093,0.19767273776951613,0.15206977381580933,3044477.184119419,0.019537255628647943,0.107137597162282,0.01907140495162791,0.3368635705428835,0.38075960942833115,1.5024989664267812,0.22420219785176093
4,2,0,2,0,2.985916258993026,0.09107687679611165,8.325198846601278,0.015201858233910317,3.3555467292871746,3.256882480201815,0.6780152640027272,126.08408050639868,12749005892.48338,0.0,0.20372793028854713,0.22420219785176093,0.19767273776951613,0.15206977381580933,3044477.184119419,0.019537255628647943,0.107137597162282,0.01907140495162791,0.22420219785176093,0.38075960942833115,1.0,0.22420219785176093
4,1,1,1,1,0.2988824222268288,0.05865409202903819,8.553816940597313,0.03969751430048799,3.557756106776789,1.2567170980106717,0.49371209160482205,99.23840812215795,10598715825.674084,0.0007824481017443171,0.20886443573010968,0.2247958708268487,0.1944743691652472,0.1690454235856277,4949756.7220101245,0.01891014013111043,0.10523131669429453,0.01870855073591915,0.2247958708268487,0.5107935185868393,1.0,0.2247958708268487
4,1,1,1,1,0.2988824222268288,0.05865409202903819,8.553816940597313,0.03969751430048799,3.557756106776789,1.2567170980106717,0.49371209160482205,99.23840812215795,10598715825.674084,0.0007824481017443171,0.20886443573010968,0.2247958708268487,0.1944743691652472,0.1690454235856277,4949756.7220101245,0.01891014013111043,0.10523131669429453,0.01870855073591915,0.2247958708268487,0.5107935185868393,1.0,0.2247958708268487
5,2,1,1,1,1.33986177519891,0.07465064204409282,7.436389500332011,0.05878032881349456,3.7437747864547704,1.2623777973623853,0.7734971766150412,78.59765920930555,9430284848.015497,0.0013790173759274757,0.2107552142491057,0.22510870645492198,0.1933342219436654,0.15510028279894275,4772268.590989785,0.018689060687281236,0.1058358070920854,0.01828093430052628,0.4411140342798522,0.46461128308023186,1.9595600775582853,0.22510870645492198
1,0,0,1,0,4.870631735279628,0.07425036289177664,6.128712362040689,0.004201040740674542,9.514774755175594,1.3793453186451279,0.4345048243948839,95.95715587369439,18361730682.65456,0.0,0.16108871292810917,0.22546608617677535,0.23395112312036523,0.17021635679782574,2344056.8150008237,0.027366564004640145,0.1521817053617529,0.026550156930943675,0.22546608617677535,0.3153683387122358,1.0,0.22546608617677535
3,1,0,2,1,3.2986234208684926,0.07084631615692712,4.609844965866371,0.02281752868553953,4.914665751145977,3.1817371937420296,0.38866635023177704,93.26238465401597,9086222196.619314,0.0009785494816903243,0.15766487616013014,0.22554354278062091,0.23742986583260048,0.1708526678458518,2256856.3047035583,0.028186470594643333,0.15452482950199298,0.02728371801133284,0.22554354278062091,0.41586938364786147,1.0,0.22554354278062091
4,1,0,0,0,0.40627586300156954,0.08167964145045004,3.199290177412264,0.056108343323042716,3.7418251479182976,5.806923003570663,0.5359023261279434,81.28666272671015,16219810740.171974,0.0011129264990373151,0.20597276806987697,0.2256999807772341,0.19812211002378316,0.16454216639266422,4865424.33724711,0.01962618524013802,0.0945615870124189,0.019344863401200736,0.9001115267991052,0.39658149324522474,3.9880886285387653,0.2256999807772341
4,2,0,2,0,2.3608164685565542,0.04248776596090807,9.570848512909652,0.05981325460899002,2.9931152750417165,2.0252523491844165,0.8147389251513006,110.62403384399734,18500739585.763203,0.0007906747173279779,0.19656892748249255,0.22581442325335438,0.20423495732608218,0.16796030070027518,4338004.341938332,0.020855958896993303,0.11769618946534999,0.02047780553813852,0.22581442325335438,0.5765092488841554,1.0,0.22581442325335438
3,1,0,2,0,1.2210089599143754,0.06370936014467266,4.1796613078643405,0.014283616633800768,3.4370436871733823,8.076477370117242,0.5524401376130295,128.5673483696245,10861462424.622625,0.0,0.2258107748552427,0.22712629365363948,0.18502161526550984,0.15477608589280067,4370358.813718226,0.01711649905772917,0.0972605517623083,0.01687897148737323,0.0025802889624973006,0.36283258346537145,0.011360591153889743,0.22712629365363948
4,2,0,2,0,4.374227276019086,0.07876936307201014,5.421973137493146,0.01972740358770958,4.416035229213988,5.182317854054261,0.6266732064776152,122.97256919812109,16462934112.162724,0.0007145461308692403,0.1648157249703296,0.2277364489610998,0.23261840366414352,0.16699399225137682,1961936.7100839154,0.02705566086162721,0.15351993971644495,0.026093853958283404,0.2277364489610998,0.4100718981377925,1.0,0.2277364489610998
3,1,0,3,0,2.2421201169704696,0.032735354557911905,7.565401575709429,0.07827063811358137,6.540058032058436,7.786124697076028,0.07330200875607264,83.58013078070016,15791188313.05686,0.0007117467305277508,0.15348767221419468,0.22777728617018125,0.2438933049112943,0.1702833490336041,1758182.421204303,0.029741972090276788,0.1634513041741803,0.028726461087409477,0.22777728617018125,0.45000081076433485,1.0,0.22777728617018125
3,1,0,2,0,1.2210114969754389,0.06378587881828,4.1803573363726745,0.014227490541978366,3.420071610908166,8.07127823671413,0.5545567361184979,128.59660429732142,10859106784.278772,0.0,0.2277649471973528,0.22787910565931271,0.18440966245212642,0.15465966005774204,4463528.957859198,0.0170034618028536,0.09652535519252059,0.016774259549313858,0.22787910565931271,0.3628106143025761,1.0,0.22787910565931271
4,2,1,3,2,1.2592767342497841,0.046082755496899545,0.7836577594013562,0.009821543815847954,1.3448953869447773,6.339213844905571,0.21464430741357446,121.27648051306326,14434666127.77782,0.0,0.16783015563148226,0.22793659224742116,0.2297937782550665,0.15922168383721028,2916916.161113363,0.026402590262369335,0.1545181381597478,0.02540312327749586,0.22793659224742116,0.21727191860475314,1.0,0.22793659224742116
5,2,1,1,1,1.2068403897520765,0.07426930395865253,7.4218714745764665,0.06018793292004894,3.934747651286995,1.6044464529098763,0.7706541654110425,79.6541511191948,9296039457.77059,0.001364708698430768,0.185496748281943,0.22850146064501756,0.21546835421494592,0.19345544162170983,4585201.854639352,0.0232133058340487,0.13015039716682342,0.022892640808337063,0.22850146064501756,0.5514975329827696,1.0,0.22850146064501756
3,1,0,2,0,1.2217798449802761,0.06371591224102059,4.178590951249586,0.014247657101954737,3.436591705086387,8.073766538770997,0.5524295502863191,128.5717078606114,10861909990.808878,0.0,0.22725508852802373,0.2286167886311458,0.18534691415059737,0.1553146013600682,4410312.121960011,0.017176739292574454,0.09761538091943534,0.016939574661009205,0.0034798344613508796,0.36282570278132387,0.015221255106357494,0.2286167886311458
3,1,0,2,0,1.2217798449802761,0.06371591224102059,4.178590951249586,0.014247657101954737,3.436591705086387,8.073766538770997,0.5524295502863191,128.5717078606114,10861909990.808878,0.0,0.22725508852802373,0.2286167886311458,0.18534691415059737,0.1553146013600682,4410312.121960011,0.017176739292574454,0.09761538091943534,0.016939574661009205,0.0034798344613508796,0.36282570278132387,0.015221255106357494,0.2286167886311458
3,1,0,2,0,1.2217798449802761,0.06371591224102059,4.178590951249586,0.014247657101954737,3.436591705086387,8.073766538770997,0.5524295502863191,128.5717078606114,10861909990.808878,0.0,0.22725508852802373,0.2286167886311458,0.18534691415059737,0.1553146013600682,4410312.121960011,0.017176739292574454,0.09761538091943534,0.016939574661009205,0.2286167886311458,0.36282570278132387,1.0,0.2286167886311458
5,2,1,1,1,1.981186470698282,0.06919341272584666,8.497231459313078,0.052989114503938534,6.788595456774326,2.5556017786654253,0.7701272703813159,79.38425570754542,13898361638.64827,0.0013759078643477295,0.17754523747758028,0.2286719354596476,0.22208946789583206,0.1605373749488778,3039590.4037418286,0.02466186587512691,0.14181543626245074,0.023707325675799463,0.3654593814577462,0.47425777566429295,1.5981820450469608,0.2286719354596476
1,0,0,0,2,1.0604047740184694,0.09498042116123274,2.355880707608014,0.013526199458608845,6.559087014818866,2.6617633773360554,0.4359896171820952,61.97193632274775,14993529725.877861,0.0,0.15740503456106264,0.22969234506778602,0.24197491018704811,0.16618033284434938,1714566.9442028145,0.029275928580015,0.16143656089418512,0.02826975743139129,0.3674609274826074,0.3068642087999068,1.5997961419835893,0.22969234506778602
4,2,1,1,0,2.2609118569453206,0.053658106108436826,1.1035502436259996,0.03428531126424059,3.91380758292053,1.4469185080747284,0.5798427007208325,75.95608763490752,11941184633.543535,0.0007493891799682874,0.17060237092329505,0.2299262615697254,0.22978472226539828,0.15999001886805642,2461493.8934210516,0.026400509293293115,0.14507234452863738,0.025547805264528885,0.06782132966499352,0.47596806323257046,0.29496991427587155,0.2299262615697254
5,1,1,1,1,2.656402663692115,0.09164565848946422,5.070030488247586,0.06068563219584146,8.869797054451134,13.999893346267484,0.07069455428800497,115.98435055249128,13417923856.998537,0.0007195736640878011,0.21083666521466532,0.2301942356780571,0.19843001089046822,0.17061002880079656,4322188.027052087,0.019687234610995665,0.09898256182873677,0.019448168778074756,0.2301942356780571,0.47156219588698933,1.0,0.2301942356780571
5,1,1,1,1,4.267781655924824,0.09454724276157411,1.7864547130626311,0.030877608113786648,1.3934944707148391,12.907592295471494,0.16136282200889673,113.60033685801587,12214964868.094511,0.0007236926710874641,0.19802572497567356,0.2302030207894418,0.20701650152980441,0.17043721122934202,2578550.636192444,0.021427915952819756,0.12339922454021834,0.021052580775187246,0.2302030207894418,0.3491322445041722,1.0,0.2302030207894418
5,1,1,1,1,4.267781655924824,0.09454724276157411,1.7864547130626311,0.030877608113786648,1.3934944707148391,12.907592295471494,0.16136282200889673,113.60033685801587,12214964868.094511,0.0007236926710874641,0.19802572497567356,0.2302030207894418,0.20701650152980441,0.17043721122934202,2578550.636192444,0.021427915952819756,0.12339922454021834,0.021052580775187246,0.2302030207894418,0.3491322445041722,1.0,0.2302030207894418
5,1,1,1,1,1.3262035831430814,0.07273831243796439,7.335905703302135,0.06355522767388072,4.14880233208888,1.587856226795368,0.7865714928572608,80.00552240968408,9397010821.690643,0.0013820403545336155,0.18718012058807743,0.23049358070446654,0.2159315837001734,0.1882565915234562,4471495.414694354,0.023313224419632496,0.13171875916805953,0.02294469819971433,0.23049358070446654,0.5470404531907539,1.0,0.23049358070446654
5,1,0,2,0,0.7431356114868354,0.006169356608394817,4.939077123132366,0.01807269418347987,1.9067381393415999,9.97483291371259,0.41533127771930095,126.02193415326411,11212117514.897348,0.0,0.2350259343366973,0.23059271050861355,0.18241567820793034,0.11383246974774512,1472026.9720002639,0.016637739828029595,0.0886856222894753,0.01624786195078919,0.23059271050861355,0.9841444403373915,1.0,0.23059271050861355
4,2,1,1,1,3.4284158310572717,0.045738413917294336,2.652331475122962,0.03785278115400697,7.222628959524902,1.9638232786986876,0.8425409574765603,103.84239983702408,13735240247.18423,0.001396911663204291,0.14125513483842272,0.23065631936950898,0.25102165291693423,0.1744249251099046,1818356.2430182693,0.0315059351165749,0.1729972178472997,0.030341531894165757,0.23065631936950898,0.36787562181689343,1.0,0.23065631936950898
5,2,1,1,1,3.583881669264732,0.015161011029633686,6.88524721347477,0.00843894447255978,8.769059983964308,14.417991771352133,0.7865311068846257,96.09574446012238,14587724674.657938,0.0,0.1941536178821475,0.2309935297199424,0.21069900441379574,0.15027472999922442,289720.9725957522,0.02219703523048236,0.1281760740346709,0.02175824865100027,0.09032901265342011,0.3968950801720609,0.3910456399490298,0.2309935297199424
4,1,1,1,1,1.3616792367972272,0.06734856298823409,8.947019245467185,0.055318815919941464,1.4948989188119821,2.4732075850416204,0.31374870220047124,89.35313981317712,11326297033.211483,0.0007259490046456494,0.21917589625943942,0.23139291007911839,0.19316394976255064,0.153458261492556,4399982.2694493625,0.018656155743934595,0.10323018431607767,0.0182647789622189,0.7502005370691994,0.43219019807170794,3.2421068424814274,0.23139291007911839
4,0,1,1,1,4.750713584362902,0.021705129271538344,4.890439816239301,0.010505495749025654,0.6106743950985226,4.907259719854721,0.29223671221372804,71.39075706100473,11842028221.5198,0.0,0.2208919514053337,0.23147846006360723,0.19357214720601684,0.1567803453423409,2905772.469025304,0.018735088086973925,0.07644399608413355,0.01841642787787301,0.23147846006360723,0.43915063704881213,1.0,0.23147846006360723
5,1,1,1,1,0.8486481492187238,0.006107406917134351,7.898374311117865,0.08120016327595306,1.6964708031291236,11.522238279994452,0.8483482197449048,79.86792975119431,9945179654.362885,0.001264845381024142,0.2329047411909424,0.23183348144291688,0.18454777336173414,0.1341673367341439,492495.81670798943,0.017028940326386993,0.09473343984029514,0.01673757791374217,0.23183348144291688,0.9245330168481865,1.0,0.23183348144291688
5,2,1,1,1,3.4561318016036373,0.0461356646999962,2.491302821205775,0.03843428442887618,7.300165245971159,2.1673662821741857,0.8161081949778785,103.05014114923475,14044701636.151207,0.0013986819474650235,0.14094227299412027,0.23238166465178564,0.2528851566006607,0.17575318666879225,1788033.6970562832,0.03197545121447034,0.1756679066158907,0.030762958520714773,0.23238166465178564,0.37466718527517406,1.0,0.23238166465178564
5,2,1,1,1,3.4561318016036373,0.0461356646999962,2.491302821205775,0.03843428442887618,7.300165245971159,2.1673662821741857,0.8161081949778785,103.05014114923475,14044701636.151207,0.0013986819474650235,0.14094227299412027,0.23238166465178564,0.2528851566006607,0.17575318666879225,1788033.6970562832,0.03197545121447034,0.1756679066158907,0.030762958520714773,0.23238166465178564,0.37466718527517406,1.0,0.23238166465178564
4,2,0,2,0,1.9921107601410457,0.08389402706027764,5.914792910676271,0.018893490899876925,3.3970290591457504,7.1516098794497145,0.7014491710805001,110.04036761868286,13002630590.711662,0.0005581463290545857,0.21933520661855213,0.2341044650638361,0.19520761718175145,0.16485080698556612,3990339.4679127117,0.019053006902888612,0.10857955575832845,0.018746570874256175,0.2995317294144591,0.3876215768823749,1.2794789254992731,0.2341044650638361
4,2,1,1,0,0.8493942134382924,0.0707259813226309,2.090539883265634,0.02079978409089774,2.4596198156850675,1.2974633412499033,0.4458501399137385,70.91061727314131,12491915140.838192,0.0008019007734688075,0.1818203069693122,0.2343339685139524,0.22391122014073453,0.16822657344962408,3074168.1085042483,0.025068117252456237,0.14412763326779443,0.02435368446132501,0.2343339685139524,0.508787915690885,1.0,0.2343339685139524
4,2,1,1,0,0.8493942134382924,0.0707259813226309,2.090539883265634,0.02079978409089774,2.4596198156850675,1.2974633412499033,0.4458501399137385,70.91061727314131,12491915140.838192,0.0008019007734688075,0.1818203069693122,0.2343339685139524,0.22391122014073453,0.16822657344962408,3074168.1085042483,0.025068117252456237,0.14412763326779443,0.02435368446132501,0.2343339685139524,0.508787915690885,1.0,0.2343339685139524
4,2,1,1,0,0.8493942134382924,0.0707259813226309,2.090539883265634,0.02079978409089774,2.4596198156850675,1.2974633412499033,0.4458501399137385,70.91061727314131,12491915140.838192,0.0008019007734688075,0.1818203069693122,0.2343339685139524,0.22391122014073453,0.16822657344962408,3074168.1085042483,0.025068117252456237,0.14412763326779443,0.02435368446132501,0.2343339685139524,0.508787915690885,1.0,0.2343339685139524
4,0,0,0,1,0.10309015760607762,0.014734152739461204,5.469587398091258,0.005302312408376478,1.1492625662249234,2.109393331257349,0.49263442076911135,71.8409484707554,14658751787.00885,0.0,0.16634192673349646,0.23450180580397856,0.23838797798886163,0.15797543387996313,505342.58359630255,0.02841441402480899,0.15491786529688545,0.027428298078043915,0.23450180580397856,0.42394786606396323,1.0,0.23450180580397856
1,0,0,3,1,0.7398410640843609,0.09930976898849837,3.745764597652034,0.018374372085796245,0.7705759171080216,2.580442614799131,0.6408394968423261,96.97812742635155,16377242678.14833,0.0,0.19153137822072386,0.23457839424383595,0.21623273945244761,0.14168718783598075,1880912.0671965145,0.02337829880555505,0.1323438038984469,0.022552753625681817,0.23457839424383595,0.35023211376468505,1.0,0.23457839424383595
2,1,1,2,0,4.415869076586675,0.07158847774997212,4.8436391478379495,0.09871487419495059,1.4873336908209507,3.220304512537136,0.4742171987955868,82.31864757553467,14889956582.032343,0.0012000376931193442,0.21717234312299727,0.23466738621875982,0.19727675924338467,0.1548048573826216,4048898.044873386,0.01945905986878618,0.10903078960165014,0.019099546420524034,0.23466738621875982,0.3962910001386258,1.0,0.23466738621875982
2,1,0,2,1,3.8936259815526233,0.07982905019654227,3.142144434823504,0.07594732472952169,3.172033777694035,1.2305561185299823,0.2251075989361723,80.26545309327962,17946877902.912624,0.0007575145953917478,0.16581626557601464,0.23521516526034802,0.23922399646579368,0.17464571533475215,2389541.676549688,0.028614060242533036,0.16315549268562213,0.027715675016987396,0.23521516526034802,0.36721489055412104,1.0,0.23521516526034802
2,1,0,2,1,3.8936259815526233,0.07982905019654227,3.142144434823504,0.07594732472952169,3.172033777694035,1.2305561185299823,0.2251075989361723,80.26545309327962,17946877902.912624,0.0007575145953917478,0.16581626557601464,0.23521516526034802,0.23922399646579368,0.17464571533475215,2389541.676549688,0.028614060242533036,0.16315549268562213,0.027715675016987396,0.23521516526034802,0.36721489055412104,1.0,0.23521516526034802
2,1,1,2,1,3.8901982309542285,0.0800173051562082,3.174798545451935,0.07640420334083133,3.1548034866241568,1.1955824435913833,0.22534197580637355,80.32311610516383,17998239093.164097,0.0007561732742619081,0.1544116813660102,0.23541496369562798,0.25056068455927455,0.17821638773998502,2098402.52904916,0.031390328323406144,0.18132033409058124,0.030260338147889,0.23541496369562798,0.36455105598787735,1.0,0.23541496369562798
5,2,1,1,1,4.559808401521495,0.09200776165011276,3.3703807562785393,0.0034272261208304028,6.693400815844901,17.3178248502928,0.11280286913249303,97.99049358816791,15432914116.303183,0.0,0.15361444108678224,0.23657626255792408,0.25305820504142384,0.16595962866705602,371067.6933681762,0.03201922756939366,0.17646974082637212,0.030794815689593892,0.03286551565952669,0.38293318914124713,0.1389214425157291,0.23657626255792408
4,0,1,3,1,3.454698023207204,0.02469259994636506,2.515171260717929,0.03962265660850841,6.153012347677083,7.912627193325996,0.6922044049603527,110.40425402121342,9090809011.981117,0.0012865815875553357,0.16864800763224835,0.236576815567187,0.23803715396420455,0.16944576254244428,2564555.5847365363,0.02833084333368921,0.15948966352661564,0.027219669510107406,1.0,0.4344991517776035,4.327738086229567,0.236576815567187
3,1,0,2,0,1.8246893503378356,0.04421442390872036,5.126242034268806,0.03221438406287688,4.4390146420175505,12.232245195585254,0.7778171588680575,128.31674254373738,13140847157.864006,0.0006752068499043074,0.19438916266974043,0.23755027195186665,0.2165487749396065,0.15051002786002074,1494401.6430672398,0.023446685963922177,0.13546501943641664,0.022735048512773047,0.23755027195186665,0.5374278164771965,1.0,0.23755027195186665
5,1,1,1,1,2.4579161648055696,0.09156566824746173,4.970005480052921,0.06761083543389466,8.884659772943793,15.877750076675417,0.06446459247160129,116.07822597133323,13337533716.150408,0.0006472544742845004,0.2251616026342269,0.23784288405169104,0.19481071794401797,0.16784659726220943,4181607.603935879,0.01897560791293186,0.10138332440916753,0.018751607804991827,0.23784288405169104,0.46669848835805344,1.0,0.23784288405169104
2,1,0,2,0,2.215189780699999,0.09786561672535532,4.281177076267987,0.03838008048224584,0.8987047579243201,1.0919944239317374,0.21864132152379046,85.35378514875786,16788241386.99917,0.001037314800228533,0.23858129141855863,0.23827323763593752,0.1865560672608661,0.16247323346150214,5905263.353769549,0.017401583115920397,0.09126456701647223,0.01724437776965132,0.23827323763593752,0.3990459329588473,1.0,0.23827323763593752
1,0,1,0,1,0.3158321890975152,0.041565807821631134,6.916791721441837,0.03541054574264776,6.333299159707187,1.1596133618826518,0.4143416954416208,114.0316288304906,10269521017.877499,0.0005161776337553167,0.17510523432032382,0.2389076435949319,0.23466346332787347,0.16170235170100167,1666088.9977037834,0.027533470510516106,0.15019615890959737,0.026598581134966007,0.2389076435949319,0.3968046197080383,1.0,0.2389076435949319
5,2,1,1,1,3.360110510625384,0.04349643559525057,2.5306461452512643,0.03893846724987297,7.146219139121751,1.6128353070812496,0.8165578365153873,105.5956100486157,14028853658.1491,0.0014116086670691455,0.14511615139681983,0.23894081706146356,0.2595692416650366,0.17990477167543686,1800503.479159381,0.03368809560928108,0.18733498591754816,0.032358969070829656,0.23894081706146356,0.3706529320997523,1.0,0.23894081706146356
5,2,1,1,1,3.360110510625384,0.04349643559525057,2.5306461452512643,0.03893846724987297,7.146219139121751,1.6128353070812496,0.8165578365153873,105.5956100486157,14028853658.1491,0.0014116086670691455,0.14511615139681983,0.23894081706146356,0.2595692416650366,0.17990477167543686,1800503.479159381,0.03368809560928108,0.18733498591754816,0.032358969070829656,1.0,0.3706529320997523,11.052201871221765,0.23894081706146356
4,2,1,1,0,1.6792449935016276,0.06958310031026811,2.4449701855872266,0.03079141737979931,6.161459625746629,3.7600069200818265,0.3146174168296742,78.64707805779784,13301462316.464493,0.0007218994119336825,0.1984606373840065,0.23922079475927444,0.21487220320913664,0.14953399133422146,1906056.4402731492,0.023085031855974252,0.13320383603486807,0.02237820753811283,0.23922079475927444,0.5005870211722522,1.0,0.23922079475927444
4,2,1,1,0,1.6792449935016276,0.06958310031026811,2.4449701855872266,0.03079141737979931,6.161459625746629,3.7600069200818265,0.3146174168296742,78.64707805779784,13301462316.464493,0.0007218994119336825,0.1984606373840065,0.23922079475927444,0.21487220320913664,0.14953399133422146,1906056.4402731492,0.023085031855974252,0.13320383603486807,0.02237820753811283,0.23922079475927444,0.5005870211722522,1.0,0.23922079475927444
5,1,1,1,1,2.4855258216271667,0.023065296643750715,2.1830715373225167,0.06509228924890843,8.887650635935836,15.833962461809747,0.07576509893285953,116.0692889815522,13294454261.378895,0.000648627019329587,0.20592079432882643,0.2392820363527046,0.21008028843700566,0.13822002030193709,252457.95787464594,0.02206686379488775,0.11149692610095185,0.021578959050115726,0.2392820363527046,1.0849841227304426,1.0,0.2392820363527046
3,1,0,2,1,2.7037290681512407,0.05581742492290166,1.3839731279014922,0.037912863796238275,3.804556593967292,3.098280508384237,0.5398663644637425,76.00283679838115,15468177411.117718,0.0006346736086579746,0.1424062386154482,0.23951585189604324,0.26010056477049986,0.1838959979144486,1731902.4984192026,0.03382615189696649,0.19237504630995295,0.03255205630861862,0.063179118557649,0.305872660442148,0.2637784432951459,0.23951585189604324
3,1,0,2,0,1.08325639006044,0.0686203173460919,6.567967464507864,0.024310041079716953,0.8710491952460181,6.400559264419145,0.4620979740853173,129.4670249714362,14794199607.706676,0.0007294379703045081,0.25502840727961473,0.23953415277634804,0.17792631178911747,0.14732646374479122,6669938.144617043,0.01582888621343912,0.07784592251350864,0.015673011531556896,0.04407451913134054,0.4286220350461222,0.1840009811565064,0.23953415277634804
3,1,0,2,0,1.08325639006044,0.0686203173460919,6.567967464507864,0.024310041079716953,0.8710491952460181,6.400559264419145,0.4620979740853173,129.4670249714362,14794199607.706676,0.0007294379703045081,0.25502840727961473,0.23953415277634804,0.17792631178911747,0.14732646374479122,6669938.144617043,0.01582888621343912,0.07784592251350864,0.015673011531556896,0.04407451913134054,0.4286220350461222,0.1840009811565064,0.23953415277634804
5,2,0,2,0,4.944636232990573,0.07289759546842339,6.1800519141344905,0.006559389507555727,9.537009383118855,1.5546659322310818,0.43658456720601957,95.38255274446462,18165873561.84944,0.0,0.1680653091851485,0.2398984212369399,0.24202448192421713,0.17229281523141318,1960678.9711244782,0.02928792492534285,0.1628569611683246,0.028213771438208794,0.2398984212369399,0.40880196187737655,1.0,0.2398984212369399
2,0,1,2,2,2.616537604131985,0.05335211112141546,7.580199111286121,0.008646964565163673,1.2983106130541289,18.71659752199925,0.19424856970335536,114.79393195669674,13466856091.042463,0.0,0.2657791776707311,0.2402630491588369,0.17229840597541535,0.1375719164141266,6862790.432452925,0.014843370350834521,0.07456816934843513,0.014682753610617182,1.0,0.37710328633205475,5.224832717475791,0.2402630491588369
2,1,0,3,0,3.918076463594585,0.0936761326846316,8.259205644800339,0.03439928295054022,2.6997270411091616,6.773563816099184,0.40514272019845265,91.35053207110352,18113664453.48231,0.0006947202374055056,0.1779374325106839,0.24055916166147198,0.23382531635162174,0.16593862946329221,2462986.541086742,0.027337139283467992,0.14727265444725834,0.026434187239961927,1.0,0.4627455304599792,5.658683358559026,0.24055916166147198
3,2,0,0,0,1.2045087469517495,0.06346342808799861,3.9409062523838476,0.01715267836020584,1.9140764757314375,8.02621249905322,0.354970200725466,128.72573185903593,10532962189.2435,0.0,0.24897628489412715,0.24078579139846262,0.18186229905797247,0.159825832876417,5528958.811669638,0.016536947909325708,0.09271528046583344,0.016394668085237228,0.06055915056704545,0.3779724494073944,0.25150632940309,0.24078579139846262
1,1,0,1,1,4.444612949074996,0.0820282086701687,8.370962682858067,0.05631278253710946,5.2376158356031395,9.167303838173144,0.553610503358114,71.62888427785707,15507556116.160227,0.0013795345498362757,0.18028285327086407,0.2417020268886167,0.23309040716439824,0.16668994047105384,2486037.0656155273,0.027165568956032476,0.14176658921266772,0.026319484156799546,0.2417020268886167,0.4559743354543193,1.0,0.2417020268886167
4,0,1,1,1,2.6602379479835965,0.05624047398698681,9.283616825772322,0.06267206582275345,9.175098535400172,13.556972170352017,0.78600254711022,104.64014347058496,14696165253.609615,0.00112841459033657,0.18256040989083472,0.24191941803319544,0.23205279344740534,0.20119530705462288,3717622.020438272,0.026924249473372085,0.12646204613797507,0.026436571335255045,0.24191941803319544,0.5993682494867959,1.0,0.24191941803319544
5,2,1,1,1,1.0997972714227984,0.07300914053899626,7.455762187913542,0.06350234050175244,3.8082031058412458,1.4593666815884978,0.7449942820655018,79.151713736332,9460350459.996296,0.0013308273110963745,0.21949385272911165,0.24203172700340392,0.20194100901203652,0.16399499930805522,4777696.900061989,0.020390085560399708,0.11485574500479556,0.019925179360243933,0.24203172700340392,0.4579307798133977,1.0,0.24203172700340392
4,2,0,2,0,2.8147449572800216,0.05759999064467707,7.954272318974487,0.025560122957480547,4.582187823299558,1.4954538756326339,0.7993874187963752,117.30385714409883,12209454733.510174,0.0007347883424784827,0.18458833538291539,0.24232212198019396,0.22923836153147364,0.17010054440901823,3061018.889080426,0.026275113198817306,0.1494992719157464,0.025287113738637058,0.34956187682875267,0.41269606169700135,1.4425504117091046,0.24232212198019396
4,2,0,2,0,2.8147449572800216,0.05759999064467707,7.954272318974487,0.025560122957480547,4.582187823299558,1.4954538756326339,0.7993874187963752,117.30385714409883,12209454733.510174,0.0007347883424784827,0.18458833538291539,0.24232212198019396,0.22923836153147364,0.17010054440901823,3061018.889080426,0.026275113198817306,0.1494992719157464,0.025287113738637058,0.24232212198019396,0.41269606169700135,1.0,0.24232212198019396
5,2,1,3,2,0.8380244245931454,0.07009715007270831,4.608796423322643,0.007201216484586131,2.82708342418364,5.483471375252773,0.0867225988663678,118.16312737059206,19622335454.180504,0.0,0.2239004756975045,0.24243822336516527,0.1994877466851599,0.1256763535534806,812955.5717168687,0.019897680538761262,0.1073903493668188,0.019298807205401898,0.24243822336516527,0.4525171476367014,1.0,0.24243822336516527
2,1,0,1,0,0.11587989240252076,0.07113379276532616,8.13047606645661,0.009579518873370364,9.024232782419977,5.023441356596359,0.21651573371388982,83.92457867965577,15670731017.175858,0.0,0.16640684638925418,0.24261762177272636,0.2460709422833958,0.17089263921372924,1077710.9928409157,0.030275454318119153,0.17362869891952315,0.029268880779036065,0.24261762177272636,0.43267862921838257,1.0,0.24261762177272636
5,2,1,1,1,2.5131980432574443,0.03182347295761706,4.998145940649479,0.017022920114073,8.391904322072453,3.016421646269528,0.8362081558123393,118.9215167967671,14422105887.163433,0.0,0.18436427887632745,0.24267581832620153,0.23020640994685757,0.1712713930083564,2614705.783123474,0.02649749559031032,0.14261769966075544,0.02569182687643752,0.24267581832620153,0.39670346416106456,1.0,0.24267581832620153
4,2,0,2,0,2.393418926912783,0.07619954512232564,9.266315112919486,0.016672886288125015,5.668983888724551,3.1624421414893615,0.529253145016468,114.17952297107358,18544755252.84684,0.0,0.22258354942036634,0.24286964111884357,0.20072385804715256,0.15787505179927838,3287958.898945666,0.02014503359466673,0.10941137545751112,0.01972972322267886,0.24286964111884357,0.3877136320018827,1.0,0.24286964111884357
4,1,1,1,1,0.4165524695404378,0.05961004997620245,8.668536265815497,0.040728917140849134,3.475552376173771,1.084975777752758,0.48465577845367164,98.40734433764192,10548699581.049473,0.0007861325052568188,0.22341785817819373,0.2432895983527278,0.20038634666526065,0.1748882757719469,5377516.090997998,0.02007734396492501,0.11116393949185954,0.019864241898100748,0.07568455446098991,0.5154061508137837,0.31108832836848377,0.2432895983527278
4,0,1,3,1,3.9750347216546875,0.007599889412720519,9.803467117853133,0.08754532698465149,7.068085873646214,11.676740261711059,0.7240513201297941,71.0407467362933,11794485075.138363,0.0014351617296473143,0.17628024521755525,0.24340047830214684,0.23746475439769535,0.15509524519886622,309249.1899124501,0.028194754790578886,0.16358042012076923,0.02710275302578988,0.24340047830214684,0.9521628669544329,1.0,0.24340047830214684
3,1,0,2,0,1.0468278173918362,0.07941146231384164,2.895944465257815,0.02256910551881003,0.7903768176096427,3.1492886211172575,0.5813640548433603,111.79731457023837,10939758313.504986,0.0008790161636382411,0.2485634783064921,0.24354077066266405,0.18435278648181172,0.15803870643701362,5948036.498109941,0.01699297494180423,0.09393855054562938,0.016833453661098403,0.24354077066266405,0.3847051976470638,1.0,0.24354077066266405
5,2,1,1,1,3.1367376162360845,0.08267099463316882,9.908811815956804,0.024786785859106472,7.860090581936893,2.975042925723671,0.7658622545744577,114.30881503958713,12977095907.70734,0.000825527821447021,0.19387535141663453,0.2436745253169095,0.22274505477285497,0.1694248210311828,1688675.4734206246,0.024807679712881083,0.14053336747259448,0.024230443890260692,0.2436745253169095,0.5078844951205229,1.0,0.2436745253169095
4,2,0,2,0,2.3849472741460302,0.07637790329783109,9.405622919047326,0.015795527363343755,5.713720298686152,4.040956479148674,0.5400128544639407,112.26248640041797,18800258406.12051,0.0,0.22114672575325017,0.24401472651347011,0.20268244950846553,0.15876636528562896,3318591.949115167,0.02054008766937584,0.11182744656896904,0.020087717245828113,0.24401472651347011,0.38425803281553284,1.0,0.24401472651347011
2,1,0,2,0,1.0839738229008777,0.09356676865276219,8.263576009723991,0.008387969514661068,1.479784723234128,1.4435806137256015,0.14448535604305054,78.0942466823955,14376190106.20708,0.0,0.19393589883281237,0.24426406280114715,0.22303731772541732,0.15359175607456974,2036140.667335568,0.02487282254907438,0.14461353710697478,0.0240085874274873,0.6540570349746635,0.36481655589623346,2.677663785143558,0.24426406280114715
5,2,1,1,1,1.981186470698282,0.06919341272584666,8.497231459313078,0.050846569909727315,6.797176200904968,2.5556017786654253,0.7701272703813159,79.38425570754542,15470981988.412485,0.001174155746255004,0.17997028308983293,0.24435140445583117,0.23506429014322502,0.1670642939490034,2889869.310503843,0.02762761025026914,0.16019025758682148,0.026407530097909866,0.24435140445583117,0.46075692999825413,1.0,0.24435140445583117
5,2,1,1,1,1.981186470698282,0.06919341272584666,8.497231459313078,0.050846569909727315,6.797176200904968,2.5556017786654253,0.7701272703813159,79.38425570754542,15470981988.412485,0.001174155746255004,0.17997028308983293,0.24435140445583117,0.23506429014322502,0.1670642939490034,2889869.310503843,0.02762761025026914,0.16019025758682148,0.026407530097909866,0.24435140445583117,0.46075692999825413,1.0,0.24435140445583117
4,1,0,1,1,3.0387939254398724,0.0485398819609155,7.393687774756234,0.04550094666070661,2.4253933614240815,5.6562961595447785,0.3274417964977368,81.69044225050426,11510516490.779242,0.0010845089976001818,0.17865664244897017,0.24466715189847685,0.23724984487784123,0.19153200925127906,3154688.2268299786,0.02814374444727986,0.15007103127647636,0.027444501155416436,1.0,0.5676752215042258,13.191707077866281,0.24466715189847685
2,1,1,2,0,4.532258249760259,0.07290993050719047,3.9459322875631004,0.06550815718026821,4.103555630687891,3.37850616868166,0.3254381870389282,91.95283520861149,19732669821.138706,0.0008387057851448648,0.1803219842423518,0.2448061561012286,0.23525431973504402,0.17315283864337983,2441554.5243087574,0.027672297476999157,0.1591995354878133,0.026827956210422905,0.034925127054077465,0.504967406103499,0.14266441502245453,0.2448061561012286
2,1,1,2,0,4.532258249760259,0.07290993050719047,3.9459322875631004,0.06550815718026821,4.103555630687891,3.37850616868166,0.3254381870389282,91.95283520861149,19732669821.138706,0.0008387057851448648,0.1803219842423518,0.2448061561012286,0.23525431973504402,0.17315283864337983,2441554.5243087574,0.027672297476999157,0.1591995354878133,0.026827956210422905,0.2448061561012286,0.504967406103499,1.0,0.2448061561012286
5,2,1,1,1,1.5642857601353959,0.0631953555888013,7.125511725565407,0.046681736296887856,3.2966183241249754,2.493140962959522,0.7126438399632345,93.83549350171961,10183723380.608034,0.0010249321061230766,0.20754442963298753,0.24514011587737722,0.21322975747018694,0.1594123668936798,3572846.4434608635,0.02273346473539737,0.1302585299332225,0.0219086350980585,0.24514011587737722,0.45489692007303056,1.0,0.24514011587737722
2,2,0,2,1,3.562585150125873,0.030792189279057313,3.67986082625669,0.014238695612143106,0.9802117155193727,9.065240139232882,0.2815059984538637,121.5545704560441,10367457727.966572,0.0,0.20864693386923638,0.24515220084716588,0.21260161943350186,0.17067183713247724,3605037.487284531,0.02259972429287378,0.12592766169747605,0.02208072950261224,1.0,0.346130005741197,20.43737862786451,0.24515220084716588
4,2,0,2,0,2.390533068110111,0.07625376106427459,9.353259425681905,0.016080608139595044,5.7325871933893575,4.029302018165701,0.5386401413664882,112.41167497198641,18725412730.381054,0.0,0.2219115375877378,0.24596954082455424,0.2037907841779158,0.15886835054278106,3309824.2498526494,0.02076534185792493,0.11333218256514699,0.020284962296253532,0.24596954082455424,0.38485284981818224,1.0,0.24596954082455424
4,2,0,2,0,2.3842622385395265,0.07626313083505849,9.376866779910841,0.015966734545797476,5.715588415148939,4.027540987557139,0.5396660319144668,112.54664823389369,18770250219.316456,0.0,0.22115974188416937,0.24620226655640015,0.20453781253222314,0.15959442732032092,3286285.712602273,0.02091785837773343,0.11379840019396414,0.020436069593486032,0.24620226655640015,0.38413573677975077,1.0,0.24620226655640015
4,2,0,2,0,2.3714652053426355,0.07619553869434646,9.30064368817339,0.016233439422510914,5.815141935716671,4.594052615475701,0.5482802519354629,113.30106366419014,18945586675.721165,0.0,0.21943117158002462,0.246424992856775,0.20599583612664105,0.16043000054287795,3168558.0971836317,0.021217142250756976,0.11466958471771849,0.020738594099604737,0.246424992856775,0.38621382949688216,1.0,0.246424992856775
1,0,1,3,2,2.747629965119596,0.042668453940438764,5.542656295521854,0.010363678172952074,9.532342578525995,3.841386987736052,0.5104054715595233,85.13206412038505,18667254318.808884,0.0,0.16469599802287715,0.24686850212208628,0.25186615092722947,0.1821029233652595,2256049.3921212563,0.031718278991448974,0.18510699331489855,0.030615068444800535,0.24686850212208628,0.458208466812761,1.0,0.24686850212208628
1,0,1,3,2,2.747629965119596,0.042668453940438764,5.542656295521854,0.010363678172952074,9.532342578525995,3.841386987736052,0.5104054715595233,85.13206412038505,18667254318.808884,0.0,0.16469599802287715,0.24686850212208628,0.25186615092722947,0.1821029233652595,2256049.3921212563,0.031718278991448974,0.18510699331489855,0.030615068444800535,0.24686850212208628,0.458208466812761,1.0,0.24686850212208628
4,1,1,3,0,1.6946185746608706,0.08988528517192965,3.7475008554609506,0.07466080095985199,7.313692669968652,4.286153799624835,0.6896283048184196,83.82657744857553,11833330691.483185,0.0013584138753386218,0.19182196095274157,0.24702035259057162,0.22811151396186782,0.15532778814056777,2631443.354079577,0.026017431400987712,0.1366460074799869,0.02505655303965094,0.24702035259057162,0.41983278898443255,1.0,0.24702035259057162
4,0,0,1,2,4.617566674403284,0.07232192447829698,3.1246250825830852,0.028871285159861478,7.327077293735024,2.934410285077189,0.344637956769532,85.65687884446282,15973423296.033714,0.0007276688014255353,0.18005572754716093,0.24736434350165928,0.23823002478847613,0.17977732735199806,2733289.5893526785,0.028376772355358976,0.15799852737887177,0.027419775235951935,0.24736434350165928,0.5212098256610538,1.0,0.24736434350165928
4,2,1,1,0,2.329399622136246,0.054816489563359,1.0964267358067963,0.034488122754335535,3.726281710655377,1.380964688145589,0.574453039159898,75.45048044715602,11740755347.26783,0.0007601891834804119,0.1557452447290919,0.24813711528904256,0.262592824760653,0.18743266644212722,1937520.2573086252,0.0344774958078895,0.19695493933471264,0.03311668842404337,0.4289406603713255,0.23123466051234523,1.7286436971416947,0.24813711528904256
5,2,1,3,2,0.10165437535460858,0.04141776836770148,2.403785252791849,0.016181144094023693,0.32495051133118724,4.572109590010283,0.23152834131365999,122.77873450673634,15779087097.07573,0.0,0.19138441560052444,0.24840043841942708,0.229421649727999,0.15214713222322654,1709692.1627833904,0.026317146681958333,0.14454844080664953,0.025330853681248572,0.24840043841942708,0.49004199449261976,1.0,0.24840043841942708
2,2,0,2,1,3.562585150125873,0.030792189279057313,3.67986082625669,0.014238695612143106,0.9802117155193727,12.904946051877547,0.6597401580207611,121.5545704560441,10367457727.966572,0.0,0.210553412046642,0.24875159537966463,0.2142797135802591,0.17148866161144305,3648990.01589437,0.02295789782601894,0.1287063872913805,0.022404650599733802,0.24875159537966463,0.34095485058559066,1.0,0.24875159537966463
5,1,0,1,1,4.710743851356787,0.076126590584281,2.6068769280672996,0.011474957640712796,4.71453536604723,9.476716210715535,0.6572307441440175,120.67157519349915,11119845502.916796,0.0,0.15380351198855047,0.2489882926302989,0.26537527169226727,0.18017827228018446,972457.2303407404,0.03521201741287234,0.20474368697608225,0.03367459060789356,0.2489882926302989,0.3815485943462444,1.0,0.2489882926302989
4,2,0,2,0,2.3785850969490188,0.0762523546688619,9.33351608799533,0.016252749987633056,5.734923767337134,4.033077722257009,0.5370508804729899,112.74750145651846,18728104765.300167,0.0,0.22340108351018667,0.24910762768206995,0.20539682732668663,0.15971343388850617,3286673.148576184,0.02109392833793436,0.11513172943828653,0.020601996688925126,0.24910762768206995,0.3855484419145778,1.0,0.24910762768206995
5,2,1,1,1,1.5143365912660243,0.06550140112192386,6.926845100956893,0.04675510172210931,3.2212059445135783,2.67897644980674,0.7074174196844202,91.42952507418757,9932091533.488087,0.001014218995120256,0.19935048825923607,0.24948442221715064,0.22344092057549356,0.16559313545756832,3155969.981971158,0.02496292249381201,0.144286568201911,0.02405288427263222,0.24948442221715064,0.4620366410563815,1.0,0.24948442221715064
5,2,1,1,1,1.5143365912660243,0.06550140112192386,6.926845100956893,0.04675510172210931,3.2212059445135783,2.67897644980674,0.7074174196844202,91.42952507418757,9932091533.488087,0.001014218995120256,0.19935048825923607,0.24948442221715064,0.22344092057549356,0.16559313545756832,3155969.981971158,0.02496292249381201,0.144286568201911,0.02405288427263222,0.24948442221715064,0.4620366410563815,1.0,0.24948442221715064
5,2,1,1,1,3.337446661586105,0.08834952346768005,1.7219603731118143,0.06467441251500383,6.937379130212462,15.435321977262445,0.28529584696040444,108.57457467039798,17667730437.65587,0.0005732596054676468,0.2413069178420088,0.24958934680640316,0.19393927841668995,0.16756339256174685,4469551.577392977,0.01880622185639319,0.09929603842272994,0.018599260177048955,0.24958934680640316,0.47416364977249753,1.0,0.24958934680640316
4,0,1,3,1,3.676981237701515,0.007199232938610046,6.660054441736648,0.06742115295826126,6.5132554999612475,7.780055248861781,0.5986085955240815,85.91728091547087,9656820624.722424,0.0012851497755322825,0.16135666547415434,0.24959761042046355,0.25804964174469935,0.1733119307086388,396602.57291452616,0.03329480880228384,0.19354278024522398,0.03194286807905578,0.24959761042046355,0.7906614986861078,1.0,0.24959761042046355
4,0,1,3,1,3.987168072975905,0.005929020841806186,9.67332252819846,0.0867525629279854,7.157271272809207,11.020753234929428,0.7267394971999519,70.31724415500338,11714616660.52992,0.001446343314166105,0.17986307589204398,0.2497705826224964,0.24035136420661996,0.15755815582319302,293140.752820135,0.028884389137991635,0.16765048381544123,0.02775581283059876,0.09818497024195558,0.954255829509385,0.3931006174187954,0.2497705826224964
4,2,1,1,0,1.6663860189065123,0.07034275675774958,2.4230861243663515,0.03152912975606818,6.226300957007597,4.000105585440418,0.3040190255476639,80.57498666930043,13242587967.02759,0.0007199078604404655,0.20751879626002806,0.24983671775739996,0.21739595163418132,0.149601647546253,1714721.790442163,0.02363049989346565,0.13525687825097965,0.02288930935445654,0.24983671775739996,0.5032705343809926,1.0,0.24983671775739996
4,2,1,1,0,3.589213837543748,0.06438769607273907,3.2242134532044315,0.014836415800406679,2.6374298408804777,2.2955357077540897,0.6869312514402319,75.51494780805247,11942493885.039318,0.0,0.2044534977055078,0.2500867683942928,0.2202248075953741,0.1583284542388515,2441274.5172786852,0.024249482940209774,0.13461760061946793,0.02332925119256309,0.2500867683942928,0.3871324119362144,1.0,0.2500867683942928
5,2,1,3,2,1.3038247112669705,0.07362160907617116,5.037374534259777,0.022028448506365372,3.2519021606277936,6.410920787886983,0.4124044232289674,111.07377648803546,19182986132.329517,0.0009398440077165543,0.23022367431324736,0.2507101488598166,0.20181424315939522,0.1615870236973274,4134282.776536226,0.02036449437099975,0.11463533979852869,0.01993647195968588,0.2507101488598166,0.4742464586472228,1.0,0.2507101488598166
4,0,1,3,1,4.615885391370782,0.036172370445447896,6.427591072674806,0.055702037021946614,6.407400687765814,10.432887362915382,0.8217025945971452,93.39613342403564,13543749743.36377,0.0012740675309843978,0.18315243795130798,0.25141166466622256,0.23995825220327627,0.21260613022894556,5056608.712852987,0.028789981400225567,0.1482781532309294,0.028298113155134003,0.017252522673915003,0.6324630872077062,0.0686226022838665,0.25141166466622256
4,2,1,2,0,4.571996286606343,0.06121431729268876,2.8753595504463445,0.0590472617256094,3.2702686473416707,4.483245542484709,0.7556270954934452,117.74519555061133,19726182926.653687,0.0008732366052004533,0.20234021390852008,0.25151488678527484,0.22286311920356164,0.16429197106581006,2401041.136059765,0.02483398495057046,0.14362073849837398,0.023907860923213033,0.25151488678527484,0.37042497270071684,1.0,0.25151488678527484
3,1,0,2,1,1.2597791021963045,0.0824166389899396,1.9559307003134863,0.01453260766240494,3.617138247114657,2.995707237280637,0.3126001019062536,105.20460662280846,11876908311.152847,0.0,0.22253674450253927,0.2517461907476554,0.20798135329243253,0.16512351476802883,4030840.3578628376,0.02162812165867582,0.12274919686081387,0.021163334756723537,0.006908945257962412,0.35684879339003933,0.02744409056376857,0.2517461907476554
3,0,0,2,0,2.7827180240434743,0.09515338029073674,6.894963449043365,0.023256770802215585,2.317276675338465,1.230649215541607,0.24906259342202214,114.19819991346928,10518815892.19539,0.0008303245432244971,0.20828339336374233,0.25184850980315254,0.21862320361388082,0.1809723946657109,4553066.588741291,0.023898052579198196,0.1359155684606138,0.02342930794174785,1.0,0.515135096068043,4.492510871134926,0.25184850980315254
5,1,1,1,1,2.420608132371695,0.023273163007875117,2.0710741776660884,0.0665847114565367,8.937278485216336,15.2590051054931,0.11174543813618937,114.81778795182652,13648934821.466618,0.0006244385022405052,0.21112128891562146,0.2520954574054472,0.21746294131885524,0.14361347742952874,227774.58386040106,0.023645065423523938,0.11976524105603825,0.02307925526274668,0.2520954574054472,1.144290688986393,1.0,0.2520954574054472
4,2,0,2,0,0.8363779095352555,0.0600897727175181,5.22088830795166,0.0354723249461814,3.178629333586436,6.942089597271949,0.768669202973218,118.89024660749891,9537635912.179842,0.0008202930085185695,0.20289721611059341,0.25228150184901454,0.2230444864001722,0.1588003000963069,1873016.55180495,0.024874421456758295,0.14494585618985412,0.02417617293938853,0.25228150184901454,0.5350559649005204,1.0,0.25228150184901454
5,2,0,3,0,4.160072669571885,0.08181471946319592,9.612099229506638,0.017744370714092184,7.785213670093338,4.581221617365231,0.12251484117554949,112.74573028610195,18827287067.603043,0.0,0.18301125746726743,0.2525257598574328,0.2403405832035548,0.16739155910527842,2475718.459777748,0.028881797967312425,0.16372542278419988,0.027572771748713486,0.2525257598574328,0.4230447648091676,1.0,0.2525257598574328
5,2,1,1,1,1.6066762557140748,0.07445628772110759,6.696542678009204,0.041991916809590656,3.243637702411716,2.4138181693954426,0.7051933983118344,92.17634642139608,9416492012.333788,0.0010820326252402124,0.2169416693227207,0.2525268291126082,0.21263673618036072,0.1634011534915841,3989207.9291927386,0.022607190786718162,0.12943269318139328,0.021894087264911086,0.2525268291126082,0.4751584696948047,1.0,0.2525268291126082
3,1,0,2,1,2.37922852969667,0.034052183556216364,5.320407951314703,0.024290903654516194,4.519128853459759,6.031338321660414,0.6916789381134719,103.56775786490678,10448568850.677135,0.0011441211444329577,0.1868540289625619,0.25256962734715765,0.23707529217286932,0.17500621907898428,2786527.5973565276,0.028102347079425674,0.1571704884763785,0.027239159223911378,0.25256962734715765,0.439751631749769,1.0,0.25256962734715765
4,2,0,2,0,2.319231395411812,0.07421133827313546,9.304010702508599,0.016303149646906354,5.757238932079216,4.026019547756875,0.5369052921195213,113.07181307013516,18942992570.62801,0.0,0.2250172387370734,0.2526124965044173,0.2072104658922383,0.16067667736055205,3255181.7276905547,0.021468088587639222,0.11707672289771709,0.020960306797139627,0.2526124965044173,0.3858193725777318,1.0,0.2526124965044173
3,1,0,2,1,3.376425685138844,0.07199608578101212,4.5160602560692915,0.02184514536365763,4.562464135739148,2.707510772422632,0.39082437317898494,94.27524155716709,9093953600.778328,0.0009933131037358905,0.19333775660398184,0.2527650530545097,0.23195617274864527,0.17726679399040385,1950247.2120204314,0.026901833038099683,0.14493572790184728,0.026202586487270266,0.17756054058406207,0.5206286434036305,0.7024726655775888,0.2527650530545097
3,1,0,2,0,0.5459511495377881,0.08760757558001654,1.4210932852568947,0.004511567167306028,0.874256503038687,6.327307503673993,0.28028099232546827,128.35297101404905,10237406407.32982,0.0,0.20141236451365485,0.25337853813016853,0.22533030211763755,0.17037422999114704,3316582.926347553,0.025386872526212904,0.14577315277743286,0.02464902932191634,0.009677972299061541,0.30584372654101666,0.0381957065917306,0.25337853813016853
2,1,0,2,0,2.250735846506782,0.09408932324734029,3.0097168472765414,0.04143321276039023,5.306348370540827,3.954359539982218,0.028916583315270465,81.6191574641082,18022094215.54048,0.0013060975406226415,0.20323383178946908,0.2536648176744457,0.22466964686320304,0.1690674259587345,2999396.352094533,0.025238225110818177,0.13480417562029434,0.02449626437608186,0.2536648176744457,0.3740745419964321,1.0,0.2536648176744457
4,2,1,1,0,3.654376680193119,0.06475513941547699,3.157895900556535,0.014461136467091438,2.7909959133651645,2.0838561936567146,0.6901117269232152,75.29121054155293,11821815531.007618,0.0,0.20054890677005266,0.2536665117794271,0.22658422616474597,0.16384801496776996,2458032.992912151,0.025670205773338377,0.14190285196000163,0.024689208495531408,0.2536665117794271,0.38370861512808235,1.0,0.2536665117794271
5,2,1,0,1,0.4451612730196416,0.08764742197984518,7.6582219096512105,0.07550945696414517,4.567743969776249,5.609630799375708,0.4442733899888594,74.2480552934531,11876526401.734303,0.0012198774575360978,0.2120175006107265,0.2536696654329508,0.2185273695518972,0.1911021900630671,5356046.829713684,0.023877105621635725,0.11413109644922337,0.023564956955909818,0.7159226756161277,0.5401328233369236,2.822263649042255,0.2536696654329508
5,1,1,3,1,1.6426459629457524,0.07746779807533992,7.908733385586109,0.024890095742476245,7.313985477730634,3.80428970576331,0.3233414180020012,124.56752440163764,19467465906.617733,0.0005838624406705775,0.22463241083294092,0.25397875101852346,0.20836365533928472,0.16799033788314632,4282923.848229496,0.02170770643317412,0.12326754703919718,0.02123758098399132,0.25397875101852346,0.45140535405496174,1.0,0.25397875101852346
1,0,0,3,0,0.4327404362651982,0.08553601104611853,6.187186063349458,0.052183577784307246,6.016636061766259,1.0723324424219396,0.2739974681802111,106.10902971858252,16193678068.247904,0.0012924058829079915,0.19754108252234437,0.2542105578114806,0.22952714751621195,0.15663560145087438,2003364.6810423848,0.026341355723464462,0.14601249236454172,0.02541246413235606,0.2542105578114806,0.5268212924835708,1.0,0.2542105578114806
1,0,1,3,0,0.5493658512727503,0.03734522202426852,7.423181103348616,0.025108434237482182,2.1931618797897414,2.317996796342111,0.40748569104611776,104.33916290640282,10423817579.941341,0.0006455955371420508,0.20502842579806452,0.25428771501610253,0.22354283515652904,0.14542686639644017,1726523.2024434202,0.024985699574909558,0.13802026349045204,0.024067409631393557,0.43014701449694526,0.45910412621700614,1.6915760734635041,0.25428771501610253
2,1,0,2,1,4.826523370909548,0.06729032974389781,3.2178673878145876,0.07152944706856143,4.043673931339714,1.2515234227636398,0.4054177878075334,81.82906599935356,16953024981.130234,0.0005701822176819044,0.15097086044852925,0.2544353009210883,0.27416919973186527,0.1902673387677928,1698757.2459997348,0.037584375040805716,0.21958914037219635,0.035958884100755435,0.2544353009210883,0.3498921524330484,1.0,0.2544353009210883
3,2,1,1,0,4.544560926551564,0.06109475294689418,1.3915538947132733,0.03145929536108784,1.8150418015011547,2.1019708860735626,0.5691687564298421,63.53238737012253,10936347090.899208,0.0008482184455267591,0.1979947999866835,0.2545386649720613,0.22943464457610452,0.1479957402185904,1981719.3667737197,0.026320128065881705,0.14615360870449956,0.025359974746126068,0.05618377220534606,0.5306804078495332,0.22072784978075102,0.2545386649720613
5,2,1,0,1,1.014176482703637,0.07573769233672752,7.7128045975070165,0.061542826710174095,3.9567531966018556,1.5958391438219501,0.7653250810245946,76.14471089849121,9685565818.940569,0.0013782550828168353,0.23163251686399744,0.25477850592390844,0.20411928674492574,0.17135567684148278,4752470.480924823,0.020832341610628607,0.11878477989262093,0.020435286954696198,0.25477850592390844,0.47200225366218695,1.0,0.25477850592390844
4,0,0,2,1,0.1552704567317228,0.014378747224270145,5.739527609687819,0.006787000137800495,1.0318643086067567,2.0921767391577544,0.4931674108784269,72.95644903411667,14339233554.592926,0.0,0.1734197169416577,0.25487928362157325,0.25225471430783447,0.17862956677944838,2005766.4347289847,0.03181622044526359,0.16738680296362096,0.030647206435377966,0.25487928362157325,0.4077859533653185,1.0,0.25487928362157325
5,2,1,1,1,1.0383606128937437,0.07406372807735068,7.563009198712717,0.061619533686936366,3.8674878545213915,1.2674021696689266,0.7602802884703054,78.42696602782718,9377131270.104918,0.0013576208705220042,0.22789394904791216,0.2549857447770329,0.20702074528353773,0.16957671123527032,5175034.617252525,0.0214287944888757,0.11955957111626958,0.020955567328187118,0.2549857447770329,0.4585685921595145,1.0,0.2549857447770329
5,2,1,1,1,1.0383606128937437,0.07406372807735068,7.563009198712717,0.061619533686936366,3.8674878545213915,1.2674021696689266,0.7602802884703054,78.42696602782718,9377131270.104918,0.0013576208705220042,0.22789394904791216,0.2549857447770329,0.20702074528353773,0.16957671123527032,5175034.617252525,0.0214287944888757,0.11955957111626958,0.020955567328187118,0.2549857447770329,0.4585685921595145,1.0,0.2549857447770329
5,2,0,1,0,4.428485339508237,0.04237139126131553,4.694610007290499,0.008458055399097952,5.664148833889573,16.037612525168576,0.5805181213944153,79.73421138339121,16348142360.503803,0.0,0.17552699047193687,0.25551184313379377,0.2503226714204524,0.17404000202533415,975977.7536882252,0.031330719913535886,0.17444114651302145,0.030049072682204025,1.0,0.40152696269074334,129.1242512154068,0.25551184313379377
5,1,1,1,1,1.5117470916241236,0.08321950538241726,2.879211494414517,0.056171496803968615,7.1589292553621755,1.9162931480456313,0.031052433041060513,95.98061440679736,12879256697.821156,0.0007755414772108333,0.19476524873527618,0.25559521450693395,0.2328482760249142,0.16615685979908568,3253089.1540459064,0.02710915982388732,0.15527728422203413,0.0259969021212001,0.9986126044775379,0.402470690081634,3.907008221589559,0.25559521450693395
4,2,1,1,0,2.266884690865334,0.051720008052519265,1.08899222281543,0.034171547240817585,3.90652059148698,1.4369976581759987,0.5891997114583428,74.32691687481977,11680112167.92085,0.000753824102164527,0.17174238389660224,0.2560865680749713,0.25439703328432994,0.1839031687872467,2292024.9389935904,0.032358925271934236,0.1830855627898349,0.03115316638796225,0.5099192079941731,0.23313123852539414,1.9911985694028682,0.2560865680749713
1,1,0,1,1,4.425710546028845,0.0819926794518118,8.340083216710486,0.05723218612368879,5.251326374549256,8.658939363508852,0.556409929492047,71.50262375132736,15586094413.97563,0.0013600859066638107,0.18462655990146526,0.2563858765705468,0.2428516361519096,0.1703124290962587,2527411.096789362,0.02948845859082974,0.1613065335076317,0.028436676877106576,0.2563858765705468,0.450851333346477,1.0,0.2563858765705468
1,0,1,2,2,4.095076530185041,0.04423071184197615,1.1172759496377414,0.07528926687483617,0.5012938168631071,7.328857034793353,0.37149427946044894,107.8526046306772,10936502800.972197,0.0008489226979467295,0.17083656753716836,0.25651430493636346,0.25851153413269196,0.1969367059642117,5329392.29143493,0.033414106639818975,0.13664540117896562,0.031962361356959616,0.40147449613104363,0.6298778398034862,1.5651154278925776,0.25651430493636346
5,1,0,3,1,0.8453814267917226,0.06651130616294192,7.523282231906875,0.04667376062676465,5.800011359415388,2.61406148286697,0.17768327566161923,64.74679676852307,19467798949.07366,0.0012831678604109003,0.24077389027062746,0.2573216006803978,0.20001737211559287,0.17400439126321565,5348579.998237045,0.020003474574013774,0.11447479136452299,0.019730933322104287,0.2573216006803978,0.5105381520308696,1.0,0.2573216006803978
4,0,1,3,1,0.14298340333129383,0.010923702629078953,8.689006352308779,0.09204402156119548,3.9049716746153553,1.0347707146639369,0.7307737993613895,80.07365671589872,14961251930.146315,0.0011227746974658754,0.1807267557537397,0.2574277425708074,0.2467053162901034,0.1750198441423433,806527.9257912782,0.03043175654289998,0.17987439933603921,0.02938570555168891,0.2574277425708074,0.5074544290541034,1.0,0.2574277425708074
3,1,0,2,1,1.2021709813714465,0.0935053975961886,2.371812851160319,0.008296331077380644,0.4196293606199792,2.005856048108685,0.3476166040098113,114.84059116379431,9199699843.88085,0.0,0.21503276105765962,0.2575000460907858,0.2182458104189386,0.14502501653225605,1656308.8737564732,0.02381561688270964,0.1378501148806608,0.023020886912783815,0.2575000460907858,0.3625644854135073,1.0,0.2575000460907858
5,2,1,1,1,3.8969003084965816,0.08378825784481161,7.212009147513109,0.07355210115329502,8.746291219592605,3.955999617494999,0.7143901001740249,63.594206683552414,9766614921.558167,0.0014690923126670149,0.2068366844117716,0.25759015347649844,0.2247064550334906,0.17742517420398737,2386671.37066464,0.025246495466859066,0.14541941868374575,0.02471091220193132,0.13691038904897643,0.5605760174962813,0.5315047458188948,0.25759015347649844
5,2,1,1,1,3.8969003084965816,0.08378825784481161,7.212009147513109,0.07355210115329502,8.746291219592605,3.955999617494999,0.7143901001740249,63.594206683552414,9766614921.558167,0.0014690923126670149,0.2068366844117716,0.25759015347649844,0.2247064550334906,0.17742517420398737,2386671.37066464,0.025246495466859066,0.14541941868374575,0.02471091220193132,0.13691038904897643,0.5605760174962813,0.5315047458188948,0.25759015347649844
5,1,1,1,1,0.8486481492187238,0.006107406917134351,7.898374311117865,0.08120016327595306,1.6964708031291236,11.522238279994452,0.8483482197449048,79.86792975119431,14925437624.688581,0.0014343969132995275,0.25852993201726393,0.2583012246618241,0.18960820861885133,0.13789824136045306,623475.8959950219,0.017975636387824925,0.10238166720802055,0.017646114856174965,0.7426256449018999,0.9702888660843321,2.8750372588212394,0.2583012246618241
3,1,0,2,0,3.0370698309492368,0.07869053265263708,6.576476292921658,0.020157747139940858,4.676780508165777,9.271921148603258,0.33037085737318367,93.88113776112283,14841935941.510983,0.0009394389808743188,0.19871187913811925,0.25839384872964943,0.23221929645376316,0.17338321570160634,3053885.2744022463,0.026962900822740367,0.15173231514470553,0.02618308328211934,0.041145965280287335,0.4251651311509196,0.1592374024481413,0.25839384872964943
2,1,0,1,0,4.595101518720826,0.05885814605988154,6.929675043577822,0.026347466414283583,9.560088614010558,3.3794012833104135,0.6222966857626028,63.85996039630546,14050381380.169647,0.0013916011215823678,0.16573443193120246,0.2593561885693606,0.2639069289525029,0.18381167947860408,1943700.9719232316,0.03482343357457071,0.1930127330516359,0.03342290890312404,0.2661227876797322,0.4317072668637181,1.0260899851578515,0.2593561885693606
2,1,0,1,2,0.41964660005009025,0.09300135394152423,7.4435953468764575,0.07861807565387426,6.724601194789184,3.032514183091545,0.1686593484328021,66.14148774140399,17553874984.550064,0.000937918823754794,0.20294215128939536,0.2595152055513816,0.23084536162126948,0.18700793480218686,5454729.530823023,0.02664479049102734,0.12928880196747272,0.02597831077863817,0.2595152055513816,0.5472751830955433,1.0,0.2595152055513816
5,2,0,1,0,4.428485339508237,0.04237139126131553,4.694610007290499,0.010254105062332791,5.664148833889573,7.462750530546582,0.661448605761899,79.73421138339121,16348142360.503803,0.0,0.18321766132302297,0.25991411384141383,0.2473826330776342,0.1659517276309085,1092393.0339300116,0.030599083574211695,0.16927146094837076,0.029250443462382487,1.0,0.40273342243258775,16.340789421388777,0.25991411384141383
2,1,0,2,0,0.16428015723538802,0.077068770761341,1.172968239669676,0.04627992050935544,0.33068763021456105,1.6893640352374573,0.015372737405675747,104.1420223125008,11795108430.64848,0.0007873803074266765,0.24373602757936588,0.26012097640351045,0.20030364510241963,0.15889595721748842,5125673.012331285,0.02006077512065804,0.11477286665349906,0.01970940626104949,0.4162368727652597,0.5010569284975362,1.6001665014496018,0.26012097640351045
5,2,1,1,1,4.545845404511461,0.09211778500154358,3.3599391984712956,0.0032950438701826587,6.668374213723709,17.33485425770575,0.1118480001643643,97.90693580319561,15430496962.226622,0.0,0.1626597647805984,0.26047966583002036,0.26747519296589245,0.16391154514157832,85485.20963067505,0.0357714894260707,0.21299002939281297,0.03416144408666847,0.26047966583002036,0.42563743145199723,1.0,0.26047966583002036
5,1,0,3,1,0.8662233462544927,0.06717196136493313,7.497471192315531,0.04762870783104458,5.541792914409459,2.619856183004417,0.16102433752846138,63.93408732917103,19112910693.227165,0.0012933403589191737,0.24308126347334857,0.26064104624113643,0.20114448950802555,0.17454442954311453,5391383.296909269,0.0202295528297221,0.11576507571756234,0.019946347022241025,1.0,0.5126175149467539,93.34739990999569,0.26064104624113643
3,2,1,1,0,4.625476860609531,0.05996760792840991,1.1657893797850245,0.03203832297116118,2.009947841239088,2.2274841569163892,0.5817401630502617,65.20833642219422,10995640788.264053,0.0008501557349314706,0.20707878217956438,0.26116074257027583,0.22779131790060758,0.15134736212081024,1952164.513003455,0.02594444225544783,0.1468654271333103,0.025024806372924657,0.07059436206120338,0.520668789194432,0.2703100066511992,0.26116074257027583
2,1,1,2,1,4.544825908077761,0.07308659766726469,3.920319081198922,0.06561687772063036,4.0826186867425704,3.4410657754103555,0.3254599508804825,92.15973225280273,19775415042.755104,0.0008425459403940169,0.17750349254271003,0.26121719932771076,0.25363500073072764,0.1832444416747905,2390566.157300549,0.03216535679783811,0.18509310684005054,0.031014074036238837,0.37487527570351803,0.3916052335494058,1.4351094670195021,0.26121719932771076
4,1,0,2,1,1.4542083078269687,0.051111153476970705,8.048723654354463,0.023021001972403594,4.913217689748882,3.1786702316743662,0.6612976788229338,102.29645185440266,9043859087.959711,0.0010871802418092346,0.21937984514129294,0.2613575008629426,0.21842472565912438,0.17522662881170262,3693293.4773840066,0.02385468038963187,0.13518562276790158,0.023295556071713283,0.2613575008629426,0.43746521176563513,1.0,0.2613575008629426
3,1,0,2,0,0.254021020779425,0.07441051130943124,4.90302374993867,0.022908448468152796,1.3101347515848831,6.336385884037436,0.2634250265731119,118.41781651289119,11320007651.694908,0.0006000754434127023,0.224667552920725,0.26176274137572997,0.21482859358235856,0.1428861354965045,1394709.5366389006,0.023075662310287095,0.13141340692875447,0.022325310615029525,0.26176274137572997,0.4946068495401778,1.0,0.26176274137572997
4,1,1,1,0,0.8330010170251507,0.06895428308461404,2.1250110269927105,0.019186076222991087,2.573854064345637,1.0221942077903745,0.4382865129845237,71.71311196045792,12382299386.90794,0.0008350074016298189,0.18480358186098336,0.2621261489373721,0.24751960599171977,0.18288883021555388,2805314.3389264946,0.030632977675148096,0.17860605646650163,0.029619322793608526,0.05078715702796948,0.505306906077083,0.1937508227769511,0.2621261489373721
5,1,1,1,1,1.6815289568058822,0.09555429562272981,0.6038681552045005,0.0265993949956184,0.590009141381257,11.567041662632422,0.747220750768925,96.57526961754031,12492130774.848913,0.000992630165709966,0.25846341725366123,0.2622932065606868,0.19278237013101346,0.1644869300484562,4088243.4697579267,0.018582521116665533,0.10423082267924932,0.01839034581904366,0.2622932065606868,0.2702951815838947,1.0,0.2622932065606868
1,0,0,3,0,0.37555555059644097,0.08701865565161454,6.314804153456796,0.05277376430473726,6.094025258769705,1.2327373330649032,0.2695247158382232,108.57964210942676,16153432654.642662,0.0012772166826797175,0.20612195666553296,0.26318337264832464,0.23049050879108998,0.15626569229018006,1922642.8523745679,0.026562937321387762,0.14764512305091326,0.025607957380574243,0.26318337264832464,0.5289421932410227,1.0,0.26318337264832464
1,0,0,3,0,0.37555555059644097,0.08701865565161454,6.314804153456796,0.05277376430473726,6.094025258769705,1.2327373330649032,0.2695247158382232,108.57964210942676,16153432654.642662,0.0012772166826797175,0.20612195666553296,0.26318337264832464,0.23049050879108998,0.15626569229018006,1922642.8523745679,0.026562937321387762,0.14764512305091326,0.025607957380574243,0.26318337264832464,0.5289421932410227,1.0,0.26318337264832464
5,1,1,1,1,2.543428960783725,0.0977325120537799,9.639645554896237,0.04444897278240592,5.611182229943239,3.1983241053288367,0.6293054410310376,86.13381883514707,13561216794.317303,0.0011207689430170625,0.170533962028609,0.263187785725575,0.26208062277780086,0.1880567677097123,2490678.3171193283,0.034343126417799984,0.20398052976684033,0.03283518855946657,0.5860704357412153,0.4493265609232537,2.2268147213803795,0.263187785725575
4,0,0,0,1,0.10137450833694889,0.014637119208427009,5.443969288028369,0.005057221519096448,1.1426792930380865,2.1410665217731046,0.4952328987756657,71.6580360840769,14633521850.50309,0.0,0.16871984020687947,0.2634154359581326,0.26495616466918953,0.18130729809436077,1056491.7124951878,0.03510088459810334,0.1932268090469048,0.033750061975714514,0.2634154359581326,0.4217171157330163,1.0,0.2634154359581326
1,0,1,2,0,3.3581438351580113,0.04676517034079304,9.93782613979912,0.06688988632540777,1.7541164814643175,2.8632503558277294,0.43171232117930664,91.814926053987,12540204378.484455,0.0010261564705524608,0.20799225191815465,0.2635267116824976,0.22895327443856772,0.1932094702071673,4436759.477648016,0.026209800938071053,0.15173093682102368,0.025696172236632772,0.4947425857687916,0.7104387055218677,1.8773906546705887,0.2635267116824976
2,2,0,1,0,4.619971493963322,0.09570324809989329,9.136686717435564,0.007714313568265683,8.449617298408603,2.3502850135913778,0.44890855833245463,73.80164642068331,18356423212.13018,0.0,0.22088219074538165,0.26365300920012313,0.2192305225439791,0.17523241881015728,3879088.4178432906,0.024031011007453064,0.1364203640943099,0.023527284468000054,0.26365300920012313,0.36434413743417066,1.0,0.26365300920012313
2,1,0,2,1,3.340652496091055,0.06574594688477381,1.928771149372872,0.08269440647863335,1.7895503543548903,2.2832368479871272,0.3661642928810604,79.70357601395365,14797191583.830149,0.0009248134957429606,0.2333955895572973,0.2639345831838783,0.21069929819961197,0.17982776199606695,5827304.295174347,0.022197097130904505,0.12079870907788459,0.021905073445260177,0.2639345831838783,0.5114987164687275,1.0,0.2639345831838783
1,0,0,1,0,4.200869649969616,0.07891484840297298,5.582361934312666,0.00510972093480122,7.195974547399351,2.0726912655208247,0.390643149699183,114.96613222143274,18366655150.90052,0.0,0.1895084272416429,0.26394173201866433,0.24551225667680787,0.181731903429569,2546164.285964659,0.030138134089269398,0.16509151717937587,0.029177359379152907,0.26394173201866433,0.3215630035496237,1.0,0.26394173201866433
5,2,1,1,1,2.2721718059868077,0.0466433562743084,5.5331732461635355,0.02509591562997409,9.848593641675569,3.267815646672061,0.7544336779839409,99.53461228565465,19077508778.87762,0.0010669595188543852,0.18068534511220802,0.2640938098042323,0.2535510732371933,0.1773846258555861,2490268.9693403626,0.03214407336986628,0.18124833630542003,0.03085020827537398,1.0,0.43257664721906985,4.607587543217363,0.2640938098042323
4,2,0,0,0,0.24451453809612292,0.07469768964071556,4.928447645173107,0.023195023595674612,1.287988231866943,6.367090492903627,0.2624296357774871,118.42229469104758,11319217383.063494,0.000599897379327118,0.20973110355116997,0.26410930952948614,0.22798690878824976,0.16156358843329607,1892610.7984035283,0.02598901528941086,0.15202822076430056,0.025171842820879097,0.26410930952948614,0.5115213219324516,1.0,0.26410930952948614
4,1,0,2,1,1.423867213974933,0.05140239127905901,8.025565691470682,0.023428091077388472,4.919527026194554,3.1444286091174556,0.6604298399133435,102.51201614537084,9016583211.828289,0.00108611707118776,0.22114014182349667,0.2645281236550569,0.21976390675470422,0.17609927326705552,3708190.5064786943,0.024148087356045168,0.13730302979068998,0.02357283838832646,0.2645281236550569,0.4370838100716821,1.0,0.2645281236550569
5,1,1,3,1,2.5570767642558327,0.09760794529525732,8.764353927216375,0.03973085638566474,9.352429931714939,6.33978433172545,0.1475143315766598,127.90934833131149,19063336648.601547,0.0008067857998730715,0.20001982044516975,0.26493964096480443,0.23679833285988877,0.17526562455211267,2768990.1933451258,0.02803672522261134,0.16174076319910347,0.02712619944357211,0.26493964096480443,0.4715873106243714,1.0,0.26493964096480443
4,2,1,1,0,1.5276929371844732,0.04104114504669345,3.279673631747926,0.02901761043644407,4.226007196054255,3.5188597767415186,0.7135957812451945,96.89368433830151,17983562494.29433,0.0011133077047942401,0.21717156689253136,0.2655699367590852,0.22383911472666357,0.1684081586931038,3179611.827552211,0.02505197464080823,0.13904593427569445,0.024342979611320974,0.2655699367590852,0.3819749760085531,1.0,0.2655699367590852
2,1,0,1,0,0.8520062226259796,0.09698359132759672,8.93667136909456,0.0179389545826093,7.6317589707217515,8.737951364096222,0.33324598347364726,78.85377406902934,13106657549.945198,0.0,0.17278668427795174,0.2658826218289929,0.2625372491107791,0.17339060648199264,731958.6654873963,0.03446290358532763,0.20307026629934755,0.03303741699025458,0.15636633938100794,0.4182699423558714,0.588102894071722,0.2658826218289929
2,1,0,1,0,0.8520062226259796,0.09698359132759672,8.93667136909456,0.0179389545826093,7.6317589707217515,8.737951364096222,0.33324598347364726,78.85377406902934,13106657549.945198,0.0,0.17278668427795174,0.2658826218289929,0.2625372491107791,0.17339060648199264,731958.6654873963,0.03446290358532763,0.20307026629934755,0.03303741699025458,0.2658826218289929,0.4182699423558714,1.0,0.2658826218289929
4,0,1,3,1,3.9657185839606672,0.008373366789860419,9.433413993555149,0.08820908711380857,6.892616051754809,11.967014508779686,0.731623683595455,70.95384078738935,11576352608.80252,0.0014076508559589314,0.19364507999966885,0.26594054333893363,0.2431081388237872,0.15959441463098822,273542.9010837633,0.029550783581182898,0.17223070323107048,0.028403966648333803,0.10268269706111816,1.1223494902176405,0.386111481054816,0.26594054333893363
3,1,0,2,0,1.975021380010192,0.06371468063850902,5.759974926744584,0.038073459621874674,9.061983864497568,9.919454846246248,0.847704888146884,111.16240279671743,14976485830.222513,0.0007703197420815973,0.21939809398069615,0.26639638364951373,0.2224811474605585,0.1569978375367362,1758092.6848122908,0.024748930487683386,0.14396109204677598,0.02402488287030597,0.26639638364951373,0.533519224154459,1.0,0.26639638364951373
4,1,0,2,1,1.403945788641436,0.0515371951809927,8.32253121297369,0.023785956677998456,4.840778804183408,3.737684055926758,0.6542284170925136,102.35068243774589,9013437299.103624,0.0010847369194935874,0.22466639630271695,0.2664176634980644,0.21873935872285213,0.17629417925693658,3744131.5937673696,0.023923453527242292,0.1357858982225072,0.02336133122196309,0.2664176634980644,0.43694476724908266,1.0,0.2664176634980644
5,2,1,1,1,1.3949821780188099,0.04849051774970328,3.8317161110302997,0.01724385198334555,7.233025046367666,3.3114619275606456,0.45263118922090173,104.3915161579649,14320351711.859318,0.0,0.1626280776919528,0.2666630884805734,0.27376871284256543,0.18777279065854782,1026335.7482038012,0.03747465406573752,0.22264901670676807,0.035917766203177735,0.2666630884805734,0.4674351701725692,1.0,0.2666630884805734
5,2,1,1,1,3.813763411666437,0.0797507407803125,5.297235171614274,0.030999847156454353,7.618951256135361,1.4679544442504813,0.724510076686134,90.44472358635696,13725566761.366714,0.0008088273052974949,0.176413605241031,0.26726875007511414,0.26032932162971545,0.18122190153349266,2258565.7218940333,0.033885677850093915,0.19868247621637058,0.03232216572097607,1.0,0.4297637284088289,12.444755852778314,0.26726875007511414
4,0,1,1,1,0.31215636023563104,0.011205364393949228,4.179093239111358,0.0392299340031022,3.63942212703653,1.1141895885677613,0.492281330902018,99.39981071127606,10376767216.893732,0.0007694452293615137,0.17737460872372512,0.2674293728036086,0.2594750749041057,0.16097525591910763,885592.7856982842,0.03366365724824564,0.19861101362291833,0.03154303531114416,0.2674293728036086,1.1752091336923907,1.0,0.2674293728036086
5,2,1,1,1,3.8212130702908587,0.07975664429636786,5.329867419442094,0.030915100330498813,7.567892546748119,1.4455114551839647,0.7229085477153113,90.04556023828987,13710928806.416565,0.0008082754668183972,0.17626736203764237,0.2676074593062039,0.2607687417206681,0.18132935532637448,2281229.1409565555,0.03400016832929026,0.199933389804832,0.0324265666687655,0.2676074593062039,0.4300584651422293,1.0,0.2676074593062039
2,1,1,2,0,4.442457276311175,0.07168290813396387,4.077338764174082,0.06821373351314579,4.025508778696055,3.2884504607210086,0.30087831999514625,91.63418351695283,19642627632.981266,0.0008654097982349771,0.17699840262581606,0.2678357176615972,0.2605278619602825,0.18738962324160072,2247987.579218973,0.033937383428798,0.19469818150646434,0.032661311209858906,0.2678357176615972,0.3723162640874788,1.0,0.2678357176615972
2,1,0,2,0,2.201335514433511,0.0930483969750766,3.006193348069353,0.03828198730652383,5.646912792113101,3.992141310114115,0.02268190967970715,83.16689650861719,17955654301.409348,0.0013409676765130212,0.22079181049266608,0.26886908638577245,0.2240494641998914,0.16923835755543587,3366989.696092983,0.025099081204129212,0.13597816633998672,0.02437208824856384,0.26886908638577245,0.37655459512266803,1.0,0.26886908638577245
5,2,1,1,1,3.8114179013566205,0.0795490717930748,5.359370806436384,0.031123740216519973,7.548807097140341,1.5064889541928554,0.7264359112238363,90.04814002556034,13700974270.744263,0.000807736742086037,0.17741234777063297,0.2690255178002032,0.2610706197104871,0.1814333168648168,2202498.9940059045,0.034078934238008896,0.1991463828376877,0.032483760699840034,1.0,0.4298075755466513,12.44919627103469,0.2690255178002032
5,2,1,1,1,3.8262482646234686,0.07974109431654472,5.322644866992869,0.031076659335189657,7.512409184282596,1.479118352692178,0.7254604729595565,90.11478295791902,13685481604.441315,0.0008053266616004318,0.1777655122858285,0.269330168065732,0.2609669782605539,0.1812671529788237,2239572.6632798137,0.034051881871222205,0.19990107471144325,0.03246385732235404,1.0,0.43032778677744354,12.463813866604825,0.269330168065732
2,1,0,3,0,1.5514485963666929,0.04107847570091008,6.212111143575514,0.058930292029202684,0.6771472744207798,9.43244446579715,0.06486590670954272,91.10593009323843,12901201621.802103,0.0005904574559599076,0.19013084943806063,0.2699535093362137,0.24979132579899807,0.19795009934450505,3612779.2769964677,0.031197853222210598,0.18449048131009615,0.03036180392897221,0.10247848702680509,0.5654049407809058,0.3796153170180619,0.2699535093362137
1,1,0,1,1,4.084131739470411,0.08438482370538293,6.529681566643219,0.040976233988506035,3.350877083793333,11.21904361873446,0.3632360640355974,88.49354586428989,17483025992.617363,0.0012548382860545855,0.21396751447420234,0.26998507940959937,0.2302502723352034,0.1712063819062643,3291138.6585124494,0.02650759395521767,0.14484055120189776,0.0257587035539764,0.26998507940959937,0.44874239453172565,1.0,0.26998507940959937
4,2,0,2,0,0.9192665033802219,0.05883069571056713,5.157109692859136,0.036084030961300514,2.985255989704884,6.879129177579543,0.7702914326265135,118.40073946476019,9638543158.82807,0.0008009486271067609,0.23626461099577975,0.27010644651657534,0.21330800970092942,0.17452706812868352,3605026.215417793,0.022750153501285897,0.13102728845712708,0.022305635030046404,0.27010644651657534,0.3951009705898877,1.0,0.27010644651657534
1,2,0,1,0,3.0766106443358976,0.08150643482104834,4.759532226031987,0.01646473269089299,8.488980933117253,10.67774263724948,0.5398730100267067,120.56597161542089,17194495176.42936,0.0,0.1774212634187188,0.2701414601079185,0.2619473528276065,0.17230526063178328,627259.4237428816,0.03430820782669528,0.20396067599804202,0.03284384867042045,0.2701414601079185,0.4260393356610699,1.0,0.2701414601079185
2,1,1,2,0,4.027200365201996,0.0627995904848496,5.2908760164210165,0.07325388943783503,4.577923568545531,5.6791154962992545,0.28052380278371014,93.82528343426027,17914093132.847443,0.0013830778267860315,0.20735291920483273,0.27024657876909736,0.23574872082436696,0.1732381937597544,3031595.497590673,0.027788729685162654,0.153486238242319,0.026869799730772064,0.27024657876909736,0.4071687258928762,1.0,0.27024657876909736
4,1,1,2,2,4.181062741390634,0.07733433270628531,4.5493597581491505,0.01756378876276679,7.08261771883313,2.35153390238202,0.05457781083274615,77.68953570612146,15485503096.37304,0.0,0.23384312471226743,0.27024948182683745,0.21530844755979997,0.15560928453647863,2646300.844830731,0.023178863795305565,0.13028640902297883,0.02240453204011931,0.27024948182683745,0.4555967912798651,1.0,0.27024948182683745
5,1,1,2,1,4.672654959997917,0.04463242238634169,1.8219885833973515,0.015258708935874193,0.44553906261320386,9.435944964849861,0.6394085564754818,95.6607718662359,9931341963.118439,0.0,0.1802578527505435,0.2702987896854727,0.2592752787665696,0.17549812862672898,509334.4645634927,0.03361183508974118,0.20077378428288106,0.032338335612706215,0.2702987896854727,0.47398657665473826,1.0,0.2702987896854727
5,1,1,1,1,2.543428960783725,0.0977325120537799,9.714272282231832,0.04444897278240592,5.611182229943239,3.0492870176652573,0.6293054410310376,86.13381883514707,15522455872.07953,0.0009374915525216617,0.1982146125372659,0.27067623298193594,0.24338152949381459,0.16744312526976576,2607940.868614846,0.02961728444937427,0.1729612737719448,0.02815778132274331,0.47357088491899507,0.44379234436930487,1.7495842900643577,0.27067623298193594
2,1,0,1,0,0.26843877737237276,0.04770556036120481,4.680845391437306,0.025477122900091503,8.452055597887508,3.6552124757590634,0.21033820390343,92.76244557326314,15201753780.84099,0.0007948001761934466,0.20155128153837915,0.2706929124513816,0.24041818676918092,0.17692047812128023,2193235.929357601,0.028900452264690377,0.17077870404552897,0.02804130172123795,0.2706929124513816,0.5540776831810269,1.0,0.2706929124513816
4,2,0,2,0,1.4171603453293662,0.0618580067787676,5.5887044286922745,0.05318026592332105,5.922902049789786,8.164162518628832,0.5737234494737339,123.91296308564787,14185880444.016918,0.0005469537470638969,0.17543310949569357,0.2711665745479497,0.2651240817973647,0.1853870600336717,1735490.9940811074,0.035145389374447854,0.20486072944702827,0.03367520967538828,0.1776285082257315,0.3647595439258396,0.6550531108852501,0.2711665745479497
3,2,0,1,2,0.8293477933582011,0.07900883542301307,1.3521219786187424,0.016903998619654304,0.8614222843754845,3.7072483110932666,0.20855876193395698,121.82548250989706,10103744264.637672,0.0,0.26759569743935435,0.27154661346324904,0.19499480337497388,0.16396593942305818,6867284.418709724,0.019011486671622363,0.09203110149290217,0.018802148316288674,0.27154661346324904,0.3317044005390705,1.0,0.27154661346324904
1,2,0,2,0,2.2479285312703543,0.056818054705463514,7.9059228424142605,0.01711754036239011,9.83254390255637,7.96550396686383,0.7483519124822523,103.24817441759994,17390518207.701637,0.0,0.18160972930356023,0.2715888701106318,0.25924693236525836,0.17371659108770715,953146.0863020106,0.033604485970398425,0.19966689432903528,0.03214411706966033,0.2715888701106318,0.45314482992199845,1.0,0.2715888701106318
2,2,0,1,0,4.625707479593935,0.09569732604046738,9.138694941653242,0.007656033105986003,8.454550958041679,2.347070244759016,0.4485455231459872,73.88505857775999,18359133856.39939,0.0,0.19615875260531435,0.27199485924368666,0.2464954602744882,0.17499249888539384,2116755.2827817164,0.030380005967965897,0.17508333947404264,0.02913413000936859,0.045299362971191054,0.43879993209362356,0.16654492330168005,0.27199485924368666
5,1,1,1,1,4.615466055112107,0.08690871534318122,3.2947437889759494,0.03259008309013865,3.691626726882813,10.207216251157398,0.1042703646877967,108.2579470037842,14410832455.343508,0.0006623384716929212,0.19826886920164336,0.2721338781939278,0.2448216739729538,0.17930248929211648,2083017.4084716872,0.029968826023459638,0.17168257069299464,0.0288155862835195,1.0,0.3859997818123874,134.96593225076543,0.2721338781939278
2,1,0,2,0,4.335257002957028,0.09522653346274414,7.5349099329468086,0.009388038145018485,5.597625637001961,3.9394813129252526,0.18631868133738524,87.45006475071085,18581833111.73864,0.0,0.22738939511345904,0.27252648652287625,0.221841994048468,0.17545869178992707,3928124.6358071743,0.024606935161700254,0.1388051385723137,0.024024344000045512,0.27252648652287625,0.3582384548869218,1.0,0.27252648652287625
1,0,1,2,0,0.5581368956452757,0.04768796676566192,9.09523653032635,0.034372375866763415,1.3247816305190567,3.6868066903313808,0.40333248593689314,98.00786655116987,11232602916.01764,0.0011127223484651422,0.20156008972767991,0.2728924227600849,0.24297078898825833,0.16678062159539228,1434304.2161715361,0.029517402150788376,0.16309646570057368,0.028473787259780593,0.2728924227600849,0.5100904677397345,1.0,0.2728924227600849
4,1,1,1,0,0.7598351083553426,0.07155231649020541,3.3958776205810404,0.024526490710909798,1.2092060829727262,1.8688289605061499,0.3902224568520681,72.18740137536561,14475011773.379107,0.0009451755553180138,0.2637773412151149,0.2732386733927899,0.1977328391560239,0.16871216129903396,5764037.345097833,0.01954913784035101,0.1107910215025606,0.019308506247423723,0.2732386733927899,0.3874711064005236,1.0,0.2732386733927899
4,0,1,1,1,0.29115871718118125,0.013195475861815726,4.160072454295952,0.039529596634803585,3.5676163170536985,1.2102170371223027,0.49283783097636397,99.39923533987468,10409862874.626558,0.0007809144169819976,0.18721854378721614,0.2735010378617767,0.2557959315076904,0.1536430480957543,681132.6951676841,0.032715779287943524,0.19273574175542774,0.030611824265852617,0.2735010378617767,1.0999723003106174,1.0,0.2735010378617767
4,0,1,1,1,0.29115871718118125,0.013195475861815726,4.160072454295952,0.039529596634803585,3.5676163170536985,1.2102170371223027,0.49283783097636397,99.39923533987468,10409862874.626558,0.0007809144169819976,0.18721854378721614,0.2735010378617767,0.2557959315076904,0.1536430480957543,681132.6951676841,0.032715779287943524,0.19273574175542774,0.030611824265852617,0.2735010378617767,1.0999723003106174,1.0,0.2735010378617767
3,2,1,1,0,2.3044128410512594,0.05472061994258668,1.0277606154529384,0.03856093041834773,4.256109132645271,2.1995465330257566,0.5973198342728355,75.4027662025456,11986771581.444994,0.0007443964367672153,0.18336238972093277,0.2740772988906384,0.26040187860823755,0.18767543231512188,2339101.3303155135,0.03390456919134965,0.19206336256462742,0.032617980906375,0.2499079584681823,0.2278534459679028,0.9118156063260822,0.2740772988906384
4,2,0,1,0,0.7160156310421936,0.07776860921998989,0.983145576566914,0.029385551565479645,1.2977728900432388,2.1694013988317096,0.5281007743209002,128.2227810874545,19090083384.25635,0.000976997559945382,0.24433986024192883,0.2752590004501097,0.21191473397480529,0.15453632563903313,4256725.381646324,0.022453927237806245,0.12756449039611728,0.021760604149179675,0.6371925188395257,0.33913455792986086,2.314883501711385,0.2752590004501097
5,2,1,2,1,3.511216363572845,0.08374166533009664,8.37692454448186,0.03646733877849169,6.8495986037814385,4.888696092802434,0.6627149087585065,83.09197454421178,10093634277.258957,0.0012178336077622986,0.1913359564489926,0.2752630170976832,0.2535566857134658,0.1791616393192912,2228385.722310034,0.03214549643499864,0.19020601181877772,0.03059636479695742,1.0,0.46589889665054274,6.007344724685312,0.2752630170976832
5,2,1,1,1,1.0635923868511494,0.07590578983615469,7.533455140216415,0.06205579116364749,4.080175222174208,1.1032386397306961,0.765734380038042,79.18142875864382,9195343417.512466,0.0013718994298484528,0.24256693899362303,0.27547555257829587,0.21336215502008635,0.177671629884465,5608476.573529924,0.02276170459740768,0.12826980892821171,0.02230068316453301,0.6608827328750946,0.46125249925953227,2.3990612839854744,0.27547555257829587
4,2,1,1,0,1.4388346235806935,0.041535961818173976,3.420738640723133,0.030834577397872574,3.975630411681745,3.4220895509589706,0.719269812742102,95.66912461982214,18069968518.13754,0.0010836348856713561,0.23072119233410382,0.27601480370734194,0.22223388395617108,0.17020999135752102,3594485.3976471373,0.024693949589122455,0.13953167497549968,0.02404142442116434,0.27601480370734194,0.3857234014496999,1.0,0.27601480370734194
2,1,0,1,2,1.7766816272463106,0.09277281902869709,6.422876263473379,0.09380777829758644,6.448410218712996,8.212006547206165,0.042768065014494365,76.60883956547924,15819078794.903425,0.0010030074342398767,0.18859041329564696,0.27605209628275035,0.25785071905331813,0.19577838142247306,3419721.7026701174,0.0332434966581566,0.17747009060110264,0.03183766584329848,0.27605209628275035,0.5559032619445488,1.0,0.27605209628275035
2,1,0,2,0,3.806587337823955,0.08425114685695917,2.381269188837216,0.04627992050935544,0.5114420475397965,1.6893640352374573,0.013107935378675842,105.38492042675728,11795108430.64848,0.0008086449490037823,0.2439714403420912,0.27605607194125403,0.21269319824912464,0.15952246682356605,4581469.023488352,0.02261919829072072,0.13040104699744803,0.022055498266167085,0.27605607194125403,0.4769145743669646,1.0,0.27605607194125403
1,0,1,2,0,0.5916104149479722,0.04730795483065031,9.062751510728582,0.03365717067895418,1.3350880670828449,3.735669530790127,0.40074031081737305,98.09615201569152,11246501101.90533,0.0011118644847369996,0.20459031798509736,0.27647882147505953,0.24355214497235053,0.16678121262657283,1407827.6905202793,0.029658823660316424,0.16390034112592622,0.02860498858454299,0.27647882147505953,0.5097709896386619,1.0,0.27647882147505953
5,2,1,0,1,0.9466403390130986,0.07613335738519093,7.58724633964305,0.06179401599903309,4.154324962174466,1.129318350523393,0.7626305918264185,77.338769457551,9392345640.864052,0.0013817258012187143,0.24513735837994682,0.27713003853421797,0.21283937143560153,0.1805130208515313,5535571.589626372,0.022650299016550978,0.1287219532478423,0.022248635796608345,0.27713003853421797,0.4721503904480557,1.0,0.27713003853421797
5,2,1,0,1,0.9466403390130986,0.07613335738519093,7.58724633964305,0.06179401599903309,4.154324962174466,1.129318350523393,0.7626305918264185,77.338769457551,9392345640.864052,0.0013817258012187143,0.24513735837994682,0.27713003853421797,0.21283937143560153,0.1805130208515313,5535571.589626372,0.022650299016550978,0.1287219532478423,0.022248635796608345,0.05124059635038581,0.4721503904480557,0.18489730171945615,0.27713003853421797
4,2,0,2,0,0.9449541219508845,0.09584617684938926,7.825475743113491,0.06417720220222621,8.815366540206915,18.67083352747485,0.7199358090456135,125.39015400567169,10779422132.605873,0.0007024206054688161,0.22184573834651922,0.2772339398061691,0.22995199185802107,0.1602322905922758,1715582.3932914333,0.026438959279735694,0.14946962226614524,0.02558344891362948,0.2772339398061691,0.5157977185396473,1.0,0.2772339398061691
4,1,0,2,0,2.7401526237375116,0.07604269308398708,3.6259099511453,0.015119991600081002,3.2081550373989978,1.7636452223186188,0.08762131341951161,122.81473437061088,10204116507.451746,0.0,0.1716564125469494,0.2775080715276295,0.27484293898872125,0.18969837275648355,1207051.601866426,0.03776932055597898,0.22594761441778866,0.03616920283045266,0.2775080715276295,0.4641125967267361,1.0,0.2775080715276295
5,2,0,3,0,4.933530784286611,0.08181471946319592,9.612099229506638,0.017744370714092184,7.785213670093338,4.581221617365231,0.12251484117554949,112.74573028610195,18827287067.603043,0.0,0.19794148515041377,0.2778158576815214,0.2502362366119935,0.17241027927649344,2240619.201867862,0.0313090870568668,0.17898877310420425,0.029764671764206375,1.0,0.4247089445438518,4.316850896806996,0.2778158576815214
2,1,0,2,0,2.3483210186135657,0.08341286849328709,5.453395435557228,0.03189938478368058,5.115844992916904,4.824865161083474,0.3549199368823418,66.06178006001318,16807504869.020824,0.0014572318143821787,0.2152868905428359,0.27784568225379797,0.23593470353506113,0.17153099063584437,3157563.743116616,0.027832592166088594,0.15222644247757056,0.02691038884943238,0.27784568225379797,0.4254473893753591,1.0,0.27784568225379797
5,2,1,0,1,0.9473117723430067,0.07611657594111851,7.5847075879834644,0.06179703429475238,4.1497817932350145,1.1077225821500667,0.7626361223218358,77.37318740897263,9402058708.6701,0.0013821479080986339,0.24603034844256555,0.2782180286266258,0.2130527066895488,0.17995737351039448,5520643.1164175365,0.022695727913871453,0.12951703758512878,0.022284915795586557,0.2782180286266258,0.4722207698160033,1.0,0.2782180286266258
1,0,1,0,0,0.17921322474215448,0.06708673001883299,8.794895478904762,0.05641603697320953,7.873075597304614,4.414188801037153,0.03595987133641771,114.68209458428299,14446644451.623638,0.0006112238167009654,0.20303622887064177,0.2784367154828045,0.2468186365241089,0.1687314103078517,1284751.7018923184,0.03045971966781009,0.16470319682551604,0.02936300916722212,0.2784367154828045,0.4036548721963954,1.0,0.2784367154828045
3,2,1,1,0,2.3835611417720304,0.05679189630889545,1.5207057830119748,0.03820628104986563,4.637718775286096,2.0976474509710936,0.6122756443546036,75.04202816425529,12054561917.86931,0.0007287985574740318,0.17994639466843104,0.27874773230042976,0.2680201162922876,0.19150297291622262,2224392.987806747,0.035917391368665695,0.2063854531905822,0.034443963032066725,0.27874773230042976,0.29824491559451927,1.0,0.27874773230042976
2,1,0,1,0,2.1387615797654154,0.055739759546296244,4.138356508131045,0.008611214935885493,7.696808501275459,2.408676626808066,0.4728744622928742,85.01047154052914,12019478825.824205,0.0,0.24166133807547133,0.27891918170400987,0.21651664265619724,0.17283010305112986,4580946.775166972,0.023439728273555706,0.1359237903640792,0.022872639643913104,0.17916737782291367,0.3473638200719194,0.6423630555930958,0.27891918170400987
5,1,0,0,0,0.11774472752079199,0.06726469337197703,3.5526821198698313,0.03963841608703683,4.108244001629755,1.652028430375783,0.2493672041722535,87.48723819403835,16715089990.66396,0.0009984000260452894,0.19292341802809404,0.2789647135477086,0.25586561175400035,0.2073599397012298,4246087.431509893,0.03273360563912442,0.18636215249451626,0.03177772941024748,1.0,0.5806449005104748,4.969068586574981,0.2789647135477086
4,2,0,2,1,1.2744708216037517,0.042777530788278256,6.879579610946033,0.06838567403464335,3.397356369955919,5.87332497388998,0.44259114556206114,97.49757616994351,9854532835.59923,0.0010692696878221298,0.23593897704400157,0.2790065694878489,0.22142002610456846,0.17100235018266172,4719310.026456349,0.02451341398007389,0.12804482491382851,0.023861554660715118,0.2790065694878489,0.46652490729704754,1.0,0.2790065694878489
4,1,1,1,1,4.338670471369961,0.03341861738728858,8.884262346218502,0.04809927043549871,9.126115395218523,7.514369892777615,0.3509516951859053,80.19250896972979,10586760840.586533,0.0012403524412971981,0.17796464807469903,0.2790313360394612,0.26989308384786137,0.18862894045903422,1859903.2952905686,0.03642113835445436,0.2166192634737676,0.03473389740567381,0.2790313360394612,0.46288390128007095,1.0,0.2790313360394612
4,1,1,1,1,4.338670471369961,0.03341861738728858,8.884262346218502,0.04809927043549871,9.126115395218523,7.514369892777615,0.3509516951859053,80.19250896972979,10586760840.586533,0.0012403524412971981,0.17796464807469903,0.2790313360394612,0.26989308384786137,0.18862894045903422,1859903.2952905686,0.03642113835445436,0.2166192634737676,0.03473389740567381,0.2790313360394612,0.46288390128007095,1.0,0.2790313360394612
4,1,0,0,0,0.4072281276215046,0.08179789313235328,3.1520198457793542,0.0560254047483017,3.721371010894083,5.3025280724895225,0.531668146473491,81.1643054566614,14627922141.227655,0.0008343252824470404,0.2078274962756766,0.2796065294068032,0.24291264150508493,0.18685656589284474,2476816.290913072,0.029503275701488953,0.17476501007294976,0.02866287576461592,0.2796065294068032,0.5577932506796963,1.0,0.2796065294068032
5,1,1,2,0,0.12301362262775628,0.0300088565602834,6.408387153149711,0.01642577108707244,7.882067096184984,7.872669470081267,0.46463470717147487,129.49932412562293,14838268560.409193,0.0,0.1849104716248241,0.27960855524938116,0.26390149251738465,0.18026384932199233,1154079.469897953,0.03482199887645162,0.2008968511865704,0.033520757383539275,0.27960855524938116,0.4735967190872368,1.0,0.27960855524938116
4,2,0,2,1,1.4288740917971048,0.051941692310368846,8.011324597354339,0.023876598989730484,4.902189482364867,3.1565163806235685,0.6584329417899604,102.33334169996965,9022437192.879189,0.0010839322794759935,0.23041252903826692,0.27984248859597527,0.2255434211416725,0.17739348543645614,3786489.233177917,0.025434917410144923,0.14465829762820193,0.024707052374863148,0.27984248859597527,0.4478522198698433,1.0,0.27984248859597527
5,2,1,1,1,3.584202610971106,0.014573400002465715,7.198472540416554,0.009229873430814814,8.61834782790568,14.585352697787279,0.8020053397570819,94.34767778532967,14286458173.864193,0.0,0.2428729530925245,0.28079884312123216,0.21880689220113475,0.14738265008456955,129250.55056007,0.0239382280373595,0.10826595628854674,0.02330999978603465,0.23968844752468804,0.6030183121047492,0.853594854097048,0.28079884312123216
5,2,1,1,1,3.584202610971106,0.014573400002465715,7.198472540416554,0.009229873430814814,8.61834782790568,14.585352697787279,0.8020053397570819,94.34767778532967,14286458173.864193,0.0,0.2428729530925245,0.28079884312123216,0.21880689220113475,0.14738265008456955,129250.55056007,0.0239382280373595,0.10826595628854674,0.02330999978603465,0.28079884312123216,0.6030183121047492,1.0,0.28079884312123216
5,2,1,1,1,2.2897064839767878,0.0464921188810252,9.487714863900022,0.04172027960812808,8.235099705891798,16.76765672075057,0.8103548550638299,92.15481850855409,12013120008.070768,0.00133123911152499,0.19092195157440028,0.28118262499883434,0.26107447483703394,0.22203026221879493,4229016.046202387,0.03407994070571654,0.16934475991933273,0.03317266166696493,0.28118262499883434,0.5894142204431901,1.0,0.28118262499883434
3,2,1,1,0,4.701405591366981,0.08795212167676031,2.8039487055750336,0.014175954733803422,6.679583761412116,17.981405883351265,0.1722217350966861,76.41742973799089,12372643069.8592,0.0,0.19357131295093544,0.28133730724287515,0.2569615808082649,0.1674450248842329,392618.7793106807,0.033014627005741225,0.19670204351884224,0.031543410777992685,1.0,0.4247376904171495,11.737938889330595,0.28133730724287515
1,0,1,3,0,0.3245305717144692,0.05129031219259052,9.103532474204272,0.045564094291619665,1.7435483843735653,7.866860436099605,0.2856451731607716,94.70780567260314,9814258147.507828,0.001023721516583117,0.2277773514396096,0.28134877672636877,0.2291262072888542,0.1525959707051069,1299434.7098900396,0.026249409433287487,0.14259429839682625,0.02531405334159653,1.0,0.5631113762035629,4.313920446208007,0.28134877672636877
5,2,1,1,1,4.969631170598554,0.08409295794408117,5.544200606190149,0.03509611492304204,8.150570034563808,3.3426510504572846,0.6413289308617353,71.77184950878,12744472627.931969,0.0010577699980563093,0.20313500945846447,0.28154505505265504,0.24988030496163147,0.1899419154492956,1964210.1412123367,0.031220083403858973,0.16156852262901644,0.03027828572734319,0.2912722855669377,0.5213288386822645,1.0345494631843684,0.28154505505265504
3,2,1,1,0,2.305485885867866,0.055067012973979944,1.0650647882466553,0.038437969440812784,4.263329032196011,2.2307973372113867,0.5943177572361164,75.45234801764293,11998861879.073393,0.0007411513430623982,0.18909975167717613,0.28181044383022713,0.2620449914110277,0.18976089382967629,2418158.4089299305,0.0343337887618028,0.19573252725955892,0.03300757172111633,0.28181044383022713,0.23045019725335528,1.0,0.28181044383022713
3,2,1,1,0,2.305485885867866,0.055067012973979944,1.0650647882466553,0.038437969440812784,4.263329032196011,2.2307973372113867,0.5943177572361164,75.45234801764293,11998861879.073393,0.0007411513430623982,0.18909975167717613,0.28181044383022713,0.2620449914110277,0.18976089382967629,2418158.4089299305,0.0343337887618028,0.19573252725955892,0.03300757172111633,0.28181044383022713,0.23045019725335528,1.0,0.28181044383022713
3,2,0,0,0,0.25313995087248814,0.07383566023310509,4.855117000868921,0.0226403875236401,1.341527009839437,6.195926476012651,0.2697621927037091,118.83580283625463,11138549970.06964,0.0006051056141502738,0.22985084700141106,0.2822674830032846,0.2277213065408634,0.15868072910750847,1637455.2875312597,0.025928496726338936,0.1516723785008972,0.025100085488752876,0.2822674830032846,0.513495205843783,1.0,0.2822674830032846
4,2,1,1,0,0.581991459619393,0.013082820931515492,6.761445517484939,0.04826461511931154,0.10096993992716019,2.5119914518752644,0.6661603632763422,78.81291294810022,10705387611.247496,0.0010770555832810092,0.23946467730114415,0.2825411074228268,0.22112053950547914,0.14662929001899982,155411.09979482397,0.02444714649559708,0.1386075906132509,0.023755794343574083,0.2825411074228268,1.1587888285229109,1.0,0.2825411074228268
4,2,1,2,0,1.8417898247379862,0.07066896278727466,8.176184455370008,0.031877857734156655,0.4519021040470871,2.8793642315337635,0.6481617559701267,120.69050102167911,14921794233.126442,0.0011065839074600673,0.2417007462053135,0.28262257596315277,0.22146568031592131,0.18982458359413507,5266731.783274973,0.02452352377889693,0.1043868025235768,0.0241305430042665,0.28262257596315277,0.41292397813087395,1.0,0.28262257596315277
5,1,1,1,1,4.543775572706908,0.05998346310808862,0.7105599873865678,0.07185585661845142,1.6982999191445964,7.227723510485409,0.3224687869048425,113.03493232119436,10793627407.116486,0.0007334521831490379,0.225589203354761,0.2830496464614522,0.23160464310374324,0.17969010465511853,2569099.208320477,0.026820355353606138,0.157041122793527,0.02600968495589074,0.2830496464614522,0.17906115971365652,1.0,0.2830496464614522
3,1,0,2,0,1.0825939183176883,0.06488151163982282,0.4436302297539024,0.012379977141144556,0.32084939235766263,1.4589878799172424,0.08052369188923234,113.47577730621602,10358020723.079613,0.0,0.24342286768688345,0.2832767677572724,0.2187116874296079,0.1761573501955744,4437296.238944018,0.02391740110915325,0.13887532928821744,0.023354932220398195,0.07912370411322045,0.20807310670046306,0.27931589568622206,0.2832767677572724
4,1,1,2,2,0.7177816566531474,0.04804189655057749,2.2420292284535353,0.012310655035687089,6.926618820649196,2.314779909491104,0.22626594374194206,74.05066406911564,13793134374.051723,0.0,0.2533010985634375,0.28341431202186096,0.2122670472166548,0.17095356070011766,4961147.208039431,0.02252864966703878,0.12657625670283967,0.022044387735207626,0.28341431202186096,0.3441108788779525,1.0,0.28341431202186096
4,1,1,2,2,0.7177816566531474,0.04804189655057749,2.2420292284535353,0.012310655035687089,6.926618820649196,2.314779909491104,0.22626594374194206,74.05066406911564,13793134374.051723,0.0,0.2533010985634375,0.28341431202186096,0.2122670472166548,0.17095356070011766,4961147.208039431,0.02252864966703878,0.12657625670283967,0.022044387735207626,0.28341431202186096,0.3441108788779525,1.0,0.28341431202186096
4,2,0,2,0,4.457008043895397,0.09975387138960606,4.166184125999037,0.05530943725765878,5.229870122253207,1.1297169755453251,0.444135393379541,111.91584084735453,19367783939.07854,0.000969842576373819,0.20186697055112496,0.28365848086694967,0.2517164329320934,0.18621263110907868,2984880.04028957,0.03168058130402854,0.18567517497121844,0.030433285928038786,0.1299478770292158,0.4012993327110159,0.45811384391559234,0.28365848086694967
4,2,0,2,0,4.457008043895397,0.09975387138960606,4.166184125999037,0.05530943725765878,5.229870122253207,1.1297169755453251,0.444135393379541,111.91584084735453,19367783939.07854,0.000969842576373819,0.20186697055112496,0.28365848086694967,0.2517164329320934,0.18621263110907868,2984880.04028957,0.03168058130402854,0.18567517497121844,0.030433285928038786,0.1299478770292158,0.4012993327110159,0.45811384391559234,0.28365848086694967
4,0,1,3,1,3.1952057428903293,0.01701103647529291,8.52321093776552,0.08536388776523607,4.551064700312591,12.30234189819056,0.8153305595624543,92.20330962890608,10961202228.094822,0.0014118433108884574,0.250539663565142,0.28374057990670576,0.2142305882183939,0.16359707594044873,487808.3814179071,0.02294737246419953,0.1317894643763755,0.022547272981268456,0.28374057990670576,1.0334672777160019,1.0,0.28374057990670576
3,2,1,1,0,4.713677963526775,0.08795212167676031,2.8039487055750336,0.014289889334912126,6.679583761412116,7.096678182369691,0.570489243117518,76.41742973799089,12372643069.8592,0.0,0.188473761810384,0.2840145617224218,0.26409534943036383,0.1742628818161854,453622.0972709584,0.03487317679537299,0.20974259464110456,0.033352821524488645,1.0,0.4281398852516391,42.19603914169542,0.2840145617224218
5,2,1,1,1,1.2356872181522696,0.05408175729345917,7.831942395065437,0.03596152734661353,5.59516124051039,1.5547137356134646,0.599683875096293,102.64290914738235,9909044244.644018,0.0010643403022266144,0.22712835700196282,0.2840369858124851,0.23140167220117083,0.17666626477106945,3711732.705504732,0.02677336694874906,0.15363891268121754,0.025854269362167025,0.2840369858124851,0.44648690765608656,1.0,0.2840369858124851
1,0,1,2,0,0.7423315718400725,0.04367518310125811,9.89532226880999,0.06850038918255016,3.3801861865128306,2.9467416076173967,0.4426413839009711,90.72487818127918,12588715244.308235,0.0010255340296668838,0.21315805860830636,0.28411648834997416,0.2437581113374789,0.20517575734457166,5718834.846620279,0.02970900842140738,0.14955634597768297,0.028985242661592397,0.06848490291273455,0.6758416008401936,0.2410451547900838,0.28411648834997416
5,1,0,2,1,3.384610551384943,0.06554630296548954,1.9347115405722934,0.08188914506030054,1.7911276588552036,2.2486756481054955,0.36804322009046286,79.55715669555597,14692277684.904171,0.0012812125615619882,0.23378485128783985,0.2842350849835445,0.22706684752664574,0.19921516721172647,6134857.420275159,0.025779676622844496,0.1380579751067157,0.02542613785255034,0.2842350849835445,0.5377177931520529,1.0,0.2842350849835445
4,2,1,3,1,0.33728713762832424,0.010912151127970206,9.748474748646002,0.05108460166907442,1.8412371964523793,1.541910689333653,0.43419284083011206,117.52831799457803,13704769914.540312,0.0,0.25224783990618593,0.28485306226445656,0.21443356515102366,0.14158701558730663,395896.9138054151,0.022990876931689153,0.12275205348594587,0.0223985878445976,0.28485306226445656,1.4509956115744234,1.0,0.28485306226445656
5,2,1,1,1,2.207852875988065,0.04373142171118796,3.6609386664633083,0.06707554859207862,3.3285792855047536,1.0173790068674413,0.7701090853217307,67.17183767269215,9944476368.37888,0.001175167225535125,0.2509687119009728,0.28497147550465146,0.21485523935835973,0.17683553369589353,5263990.602499329,0.023081386939869025,0.13319544878035938,0.022557077160650994,0.28497147550465146,0.44604926818080626,1.0,0.28497147550465146
1,0,1,2,0,0.5349822511139689,0.047515462123730826,9.14517097172481,0.03411507053222062,1.3449434810903458,3.735782426550247,0.40544940148635905,98.50061219497333,11250005180.232513,0.0011147213776219963,0.21093629124742674,0.2849799217473931,0.24559324718306422,0.16723997307514685,1350334.9672152204,0.030158021530960838,0.16643000624485027,0.029070028967944358,0.2849799217473931,0.5107276306191286,1.0,0.2849799217473931
4,2,0,2,0,0.505080350814838,0.05238294536251203,9.24476856246442,0.017221705703703426,6.252190261553547,3.885718155088986,0.5474082484063445,120.42852830300967,19672367697.422077,0.0,0.2957531027537227,0.28560881459374293,0.1879167818920032,0.16341976458704613,5975907.523973137,0.01765635845832335,0.10042691920744262,0.017489035212651466,0.28560881459374293,0.36195677203222254,1.0,0.28560881459374293
5,2,1,3,2,0.533120405858574,0.047260726351664145,5.8886212881588875,0.03509031826551531,1.5328346147530407,6.257973031478203,0.5277466376003075,87.40095803659338,15779699596.791977,0.0009663664595440601,0.18983670997185675,0.2856766599071467,0.2651451571868747,0.20806321164436384,3638338.8763876623,0.035150977189826245,0.1957792306636249,0.0338352123566567,0.2856766599071467,0.6125970730946836,1.0,0.2856766599071467
4,2,1,2,0,1.8289181034317663,0.07105684700159763,8.162811745299317,0.03132427337160076,0.41745502709631555,2.9490109742843567,0.6457337854242762,120.63812460224725,14971070293.695805,0.0011064866897789608,0.24430182665058803,0.28585658160959,0.22219204246899382,0.19112714797631442,5333403.772387353,0.024684651868271578,0.10499865476517412,0.024303500263730193,0.5405641756198422,0.41511206841576487,1.8910328129443605,0.28585658160959
3,1,0,2,0,1.7282383870694837,0.06579819226540587,3.4740466855569814,0.016734681289484746,0.4326159287507563,6.922754150381132,0.16019105832344221,126.97210464185406,10583699606.98751,0.0,0.19204320049438073,0.2862201235399284,0.2628592290783655,0.17383402875392842,600398.1996108859,0.03454748715583631,0.20510694583066702,0.033186158112195045,0.2862201235399284,0.4446913032661035,1.0,0.2862201235399284
2,1,0,2,0,2.163086192969453,0.09738290455033732,4.413298842224933,0.03841926279196611,0.9853197534036842,1.1206183883131295,0.21914215180569238,84.94005068819625,16794476006.47222,0.0010434088356054386,0.279338957000964,0.28635466222969513,0.1985810483141805,0.16658490218094263,7403018.537885152,0.019717216374779443,0.09945638814290869,0.019481121684412225,0.28635466222969513,0.39872106158986237,1.0,0.28635466222969513
5,2,1,1,1,3.2630094459964716,0.07493888577135249,8.435240737186717,0.059998707698491874,7.348371330420666,3.049671835627096,0.7482036704790326,67.5486396748308,9353019824.448027,0.0012793483235979028,0.1961326143807961,0.28636122886137544,0.25913710761873504,0.18015879117725192,2008133.715042973,0.03357602027250193,0.1999772640624079,0.031899680156664584,0.28636122886137544,0.4732158941694814,1.0,0.28636122886137544
2,1,0,3,0,3.484285869610467,0.04049568064748034,9.146202897504402,0.08655536000543566,6.197695153742628,5.386426014569644,0.4251108066857252,70.16357477067959,13729311762.259315,0.0010142081279883193,0.2047973097391319,0.2864243208912679,0.2520838908121928,0.17522107343570845,2493090.722593234,0.03177314400350677,0.1766065682131125,0.030481983055914968,0.2864243208912679,0.4831041350738077,1.0,0.2864243208912679
5,2,1,1,1,1.5044421170098219,0.06567736801581055,6.746047855929397,0.05034066824952478,3.404903968543543,3.510403049413138,0.6845768897569177,93.26597783811405,9933747757.643318,0.001019151229749137,0.2391101171245706,0.2868397795648335,0.22457876193714824,0.17281225745683645,3720393.7038933733,0.025217810156611148,0.14713453369150398,0.02433506224707635,0.2868397795648335,0.4684484207968947,1.0,0.2868397795648335
1,0,1,0,0,0.764065246033255,0.07865944406390807,4.090113080509513,0.034717043639328246,8.902727025759491,1.7097623373754611,0.2810615322089117,88.49461412995828,9365195980.696226,0.0005158483868453905,0.20600719325980527,0.2871798433576793,0.25183434319802356,0.17202992689029084,1335320.7184116049,0.03171026820698995,0.1734694994157049,0.03052289017044991,0.2871798433576793,0.35691458360248984,1.0,0.2871798433576793
4,0,1,3,1,0.41015298783207826,0.010451287600957662,9.609458512712001,0.049278604462250866,1.9491570744468891,1.4092850710884615,0.43005526742434114,116.9314223912844,14004949866.697617,0.0,0.21134239167016144,0.28775785385004915,0.247624043012797,0.16032479710153505,525277.3063872056,0.030658833339001768,0.16963439643603273,0.029272631872664778,0.28775785385004915,1.4883878258790915,1.0,0.28775785385004915
1,0,1,2,2,3.279208187431913,0.04730316319171253,9.903027300399605,0.06556012535886102,1.7629922071897686,3.414750982801995,0.43517260893932197,90.22609828659029,12349415891.989489,0.0010494991316358664,0.19130662776295268,0.28784223893911215,0.2655558276273065,0.19190795712776113,2290966.543113154,0.03525994879341186,0.1995214289149131,0.03394365903961283,0.9713195203397599,0.5083250826902433,3.3744857041124705,0.28784223893911215
5,2,1,1,1,4.0750311736067095,0.0826813975688488,9.27193309643412,0.027942917502571562,7.735844534392802,1.4153270177108328,0.7352643511278443,89.39799632770325,13613179554.272503,0.0008150589915650479,0.20801458515781301,0.28789230244448477,0.25001934417137567,0.17239570358194975,2510487.069319224,0.0312548362299424,0.18375676212006142,0.02967227913423317,0.28789230244448477,0.4539526935849958,1.0,0.28789230244448477
3,1,1,3,1,0.22298758969525337,0.07918230054056075,9.934640347701018,0.023786784880531125,3.748152316206675,2.313577300833316,0.05775671670895162,120.09103607095207,18118783813.509903,0.0006292752780560505,0.20201607825240764,0.28790067186330975,0.2555598204631625,0.19262483198527597,3011555.415624019,0.03265541091758193,0.18712522296442502,0.03163194565958231,0.28790067186330975,0.5246585183860988,1.0,0.28790067186330975
3,1,1,3,1,0.22298758969525337,0.07918230054056075,9.934640347701018,0.023786784880531125,3.748152316206675,2.313577300833316,0.05775671670895162,120.09103607095207,18118783813.509903,0.0006292752780560505,0.20201607825240764,0.28790067186330975,0.2555598204631625,0.19262483198527597,3011555.415624019,0.03265541091758193,0.18712522296442502,0.03163194565958231,0.28790067186330975,0.5246585183860988,1.0,0.28790067186330975
2,1,0,2,0,4.724614850352073,0.09522653346274414,4.834176202129564,0.009388038145018485,5.597625637001961,3.9394813129252526,0.18631868133738524,87.45006475071085,18581833111.73864,0.0,0.21829842287455983,0.28796303619720737,0.24185039070030645,0.1830616556559759,3358522.271517505,0.02924580574094544,0.16447482873985664,0.02831727925364248,0.45221341854499686,0.36757956847708645,1.5703870347974278,0.28796303619720737
3,1,0,2,0,0.49792587899623475,0.07318953614286998,5.512848302806897,0.007671223843900492,2.474306136269511,5.8442029269154805,0.37172417219121034,127.35349541790917,16562059802.28225,0.0,0.23942649417187484,0.2885233409658438,0.2258340622045666,0.1597449139669097,3843640.393024828,0.025500511825908026,0.14605333657048525,0.024604402997568577,0.03550030428032445,0.33994027464676224,0.12304136005595148,0.2885233409658438
4,0,1,3,1,3.9853102124686623,0.010801517749526235,7.230891841265765,0.08977438388615518,6.368245800747625,14.897190490249224,0.6063698407718543,87.36882345340557,12562909925.896784,0.001231647174077846,0.21492846707039248,0.28877991663760744,0.2453289397663923,0.16326097353698255,221555.42971853525,0.030093144343451072,0.16923578047854637,0.029022093373146585,0.28877991663760744,1.0163500537162526,1.0,0.28877991663760744
4,2,0,2,0,3.182281088534172,0.046921653860729946,6.726879104381636,0.07506183517184575,7.520476230649227,9.455470157241473,0.7140264093461332,105.39070248348985,15512471982.128109,0.0009494993599337349,0.19898464034884444,0.28888326616668736,0.25893963589836955,0.21276765748512752,3661163.4423397304,0.03352486751959009,0.19658870331210532,0.03263994817118363,0.28888326616668736,0.5684421574578059,1.0,0.28888326616668736
2,2,0,1,0,4.626430896563854,0.08423455110044852,8.484477684687302,0.0050433954640415266,7.948586859228751,1.5868247806068398,0.4141495144187667,89.35517136163419,19483140226.941723,0.0,0.25352402624611375,0.2889965344367535,0.2162016008527637,0.17427766965195338,4873254.24148535,0.02337156610564887,0.13504485392181298,0.022911625346936658,0.2889965344367535,0.34540693933630934,1.0,0.2889965344367535
3,1,0,2,0,1.1671915925260472,0.06154905256575556,7.826963134442376,0.026610289869338135,2.602255335842622,4.801353778215907,0.5659917021924461,103.94968942537614,12478315975.492142,0.000923517958096587,0.2564297547875637,0.2893718951204062,0.21455416337313613,0.17034052346647657,4937010.394306642,0.023016744510373194,0.132444428309914,0.022545105301953666,0.02279508947938736,0.41184508690723115,0.0787743725765159,0.2893718951204062
5,2,1,3,2,0.6942462886359156,0.07289892768025247,4.525439009809299,0.00788157110950814,2.99989710029563,5.669454557580082,0.0700361171988119,116.50440857988806,19723569411.209312,0.0,0.20626159850621043,0.28946976475386793,0.25302644530291163,0.20895182596632633,4220262.870120549,0.03201119101131366,0.18613563503024688,0.031196647691341544,0.28946976475386793,0.388746449872362,1.0,0.28946976475386793
2,1,0,1,0,0.12008174307640548,0.07138574918760188,8.149787779743543,0.009746671010871316,9.013996978088272,5.0598182573462385,0.21535720397424055,83.85592134993217,15643573236.822151,0.0,0.2002023818440822,0.28999615390488176,0.25877828438727757,0.17897962093470401,933309.2233376607,0.03348310023521135,0.19709456005779102,0.03227966603564386,0.28999615390488176,0.43250105509900877,1.0,0.28999615390488176
2,1,0,2,0,2.2141779077076755,0.09842327444820209,4.5661107118061794,0.03941021443948734,1.193093196016847,1.2956567204057048,0.22949486975077027,85.41822554903432,16837415533.32043,0.0010336219295875434,0.19734906618080006,0.2906999155934413,0.2617986988010592,0.20540475404917027,3508871.682182848,0.03426927934696387,0.205996620509312,0.033191803455782674,0.2906999155934413,0.5292226325328012,1.0,0.2906999155934413
5,2,1,1,1,2.7854717816258168,0.03280234687007596,6.1764339874948035,0.02175052460729937,8.904582068052727,16.97037016582643,0.7310967849036101,123.66672651764281,10512446983.11509,0.0014022032528659119,0.20666398698842262,0.29160400515222723,0.2546918993385409,0.19520982372042556,2246507.215617001,0.032433981794336736,0.18559441475514338,0.03140280952152117,1.0,0.4594981391436528,33.656784459219104,0.29160400515222723
4,0,1,3,0,0.7104802872321424,0.024341943481625425,6.590940044563014,0.07857214118846369,4.113640377409191,9.48065836813313,0.3051115420795194,87.33543515179218,11059884910.360012,0.0013863043536888732,0.21416547539971914,0.29164932782225095,0.2479357732170057,0.16446603674275595,214618.12635440278,0.03073607382035724,0.18184177099446652,0.029652083924837286,0.21406648022512734,0.9860941311612368,0.7339858515140917,0.29164932782225095
3,1,0,2,0,2.6829382482009474,0.03422989930333895,6.975094644766724,0.0535695044053107,5.271323420035718,10.144229263663789,0.6476924585391765,97.91443639900692,11239957682.443914,0.000993362412083508,0.22052313958037773,0.29189518754983956,0.24304423889454357,0.1796526425257973,2806051.9049956724,0.029535251029913986,0.17160787442223202,0.028317625774631195,0.29189518754983956,0.42318378148580466,1.0,0.29189518754983956
4,2,0,2,1,1.229961141073694,0.04178622042597676,6.841627948288575,0.07000198626315744,3.052146270792022,6.477887851714508,0.4497700594437558,100.53366379083027,12011104848.57099,0.001125391366189047,0.19465201285227662,0.2921392835327023,0.26713961538819697,0.21499850062260292,3861381.967657397,0.03568178705487691,0.1856538083322764,0.034511527189067165,0.5645065110310126,0.5652601866375415,1.9323197626991555,0.2921392835327023
3,1,0,3,0,2.1814090484471547,0.03228765339270206,7.4671467860910035,0.0771080125600926,6.400146454322264,7.353285821080855,0.07056851667024294,82.6637231817555,15849056585.809092,0.0007063242253812936,0.2650441408388819,0.29245726989172266,0.21132634931365615,0.16997174153351496,4978632.767374685,0.02232941295711871,0.12585804482931295,0.02189841346265058,1.0,0.45120765625407505,8.590914704500571,0.29245726989172266
3,2,0,0,0,1.1381029844790747,0.07916739116524045,7.954046042921624,0.04375548218220511,2.04933963655024,6.2276200602131215,0.27466142621252143,116.54574579909705,12161411935.175375,0.0005830971387910772,0.2618512099598022,0.292611816072617,0.2133649669098114,0.17363939576202725,4641564.284221019,0.02276230455221246,0.131443587828161,0.022252699395375896,1.0,0.41007735035283616,3.8481355510436606,0.292611816072617
2,1,0,2,0,2.215189780699999,0.09786561672535532,2.8181022611402535,0.03838008048224584,3.9098587667749536,1.0919944239317374,0.2249322634220682,85.35378514875786,16788241386.99917,0.001037314800228533,0.2369549442587163,0.2936710317021034,0.23208962201276537,0.17742789368433778,3540415.6198787913,0.026932796323014152,0.1483082661999091,0.026134332311442448,0.4926004603191934,0.3597665422561581,1.6773886667135824,0.2936710317021034
1,2,0,0,0,0.27480525915245085,0.07153767298087679,5.064010643561032,0.023992021453069903,1.3334491354344291,6.360169754266901,0.23949955079138452,118.29468854076036,11525905010.071295,0.0005872957631894638,0.231600630271878,0.2943422289896824,0.23614744848204705,0.16357979330663458,1890671.102090961,0.027882808712290534,0.16421363909313402,0.02691340278114231,0.12145554376892495,0.5091379882597294,0.4126337705120197,0.2943422289896824
4,2,1,1,0,2.4451236804172534,0.07590745773023325,4.0427176847391735,0.021006596615130678,7.3639277746551315,6.796797560348727,0.4685213168722362,89.46630096540568,12112262727.9931,0.0006417784602923368,0.2536878711762274,0.2947538058206529,0.22056162128529136,0.14371243099267025,1000792.0784906588,0.024323714391998146,0.1393042064256661,0.023520213041531617,0.2947538058206529,0.48657704374935784,1.0,0.2947538058206529
1,2,1,1,1,0.24260604112580034,0.04715270765155045,2.6505825188105137,0.07609766537047963,1.0640462257111971,5.83814252064097,0.06698538923057827,83.23715267916685,10731592539.956398,0.0013877277068110865,0.2255772166980436,0.29493255955374,0.24202300979216648,0.16492317450627864,1699574.7207874728,0.029287568634429554,0.1601236304838607,0.02817750088993868,0.29493255955374,0.43521153214367486,1.0,0.29493255955374
1,2,1,1,1,0.24385117645840346,0.046968136657175794,2.64989664748519,0.07612463007245156,1.0513107893908495,5.868809294469179,0.06811882935014521,83.26905491844607,10724937286.186558,0.0013891282233801424,0.2126016624964455,0.2949695475445258,0.25377234839041407,0.22090827164762206,6010097.803877045,0.03220020240379285,0.1590461206557071,0.03156444175603864,1.0,0.5760356397463345,3.8804578886673577,0.2949695475445258
3,1,0,2,0,2.837252994817896,0.0646174976048968,3.6758402952463305,0.027848850007010578,9.493920947579305,7.517215104327113,0.8120968712160823,113.46482689193309,14044434671.002073,0.0008355732859653408,0.19539914894545404,0.2951158328886791,0.26806839651101116,0.19044184275732576,2356162.9439247567,0.035930332603992345,0.20671229920856193,0.03450746886276229,0.030327319922019886,0.36235464946769463,0.10276412358214505,0.2951158328886791
3,1,0,2,0,2.835725198313123,0.06461760973533984,3.6737058165802434,0.027871194084791447,9.497002171115321,7.521623186544175,0.8121199440215526,113.47326262141414,14041713110.58694,0.0008352890838961643,0.1955843143211928,0.295256511955021,0.26801843591859503,0.1904294826463639,2360014.532803583,0.03591694099612502,0.20664034486569216,0.03449499443477741,0.015171597383773805,0.36228168290218893,0.05138446323610646,0.295256511955021
3,1,0,2,0,1.08934713827885,0.061789357504084035,7.575372568913003,0.026491561901564216,2.6966416580730286,4.771608979474424,0.5781572737047923,103.63600952843156,12064062308.468773,0.0009387287988337648,0.26050058963728784,0.29535166700624,0.21631911057622588,0.17241559294375905,5026556.823118505,0.02339697880024472,0.13508786975533882,0.02292014030538615,0.29535166700624,0.40561940564628196,1.0,0.29535166700624
3,1,0,2,0,2.835823286467878,0.06458843067673241,3.6703201709978828,0.027854596371829406,9.497224793866062,7.5239934680713025,0.8121685313425727,113.46040605858454,14046083830.095573,0.0008351664340593443,0.19558774036220292,0.2953610239779292,0.2681085452824252,0.19047485314222304,2358359.127512179,0.03594109602672913,0.20679088387343303,0.03451735023119377,0.030357465405329097,0.36219835926722055,0.10278087811476966,0.2953610239779292
2,2,1,1,1,1.0407094541504678,0.0738734708357224,7.572710442013749,0.061402126811792204,3.8422210917691664,1.3292594079693005,0.7608045077537752,78.64938740201457,9383945058.666492,0.0013551235895480841,0.2599163247460702,0.2954833798682422,0.21677495902278082,0.1869164534030005,5280007.396826625,0.023495691429664154,0.1363036166841599,0.0231064212057688,0.4143215811703007,0.45084262160897504,1.402182354063532,0.2954833798682422
3,1,0,2,0,0.43963719148991653,0.027804462561826244,1.6153402233643261,0.04118350795113024,0.2732750561147367,3.5713704214453266,0.7688032771243527,112.77403246906206,10503301265.3227,0.0009658713556371192,0.2668958566527577,0.2957742353692497,0.21266062801865318,0.17998959684734167,6132454.45967687,0.022612271354643988,0.12602673862328684,0.022251377835228858,0.2957742353692497,0.41014464791194855,1.0,0.2957742353692497
2,1,1,1,0,4.793724519770459,0.05413306440340388,7.455554025233518,0.00962820516996703,9.733047390203804,17.14386970390894,0.45450404033165576,79.94585796024222,16144925970.917845,0.0,0.19172659468522393,0.2957868574749997,0.2722095105141497,0.19077270288461462,2481398.848545804,0.037049008807176494,0.21325292420943998,0.03538107281925002,0.2957868574749997,0.3586041895157903,1.0,0.2957868574749997
1,0,1,0,0,1.563853621169409,0.053867861134577595,7.658634198861567,0.06988676633536303,9.137534502158527,3.7819074415626233,0.23762906798117953,99.79831897282598,13691671353.78778,0.0005991575427216449,0.19812068239300043,0.2958552983615456,0.26678974996022853,0.19217183478232638,2225196.7967576357,0.035588385341920624,0.1928707705228626,0.0342771720985595,0.256171371141946,0.38112108941301476,0.8658671065234584,0.2958552983615456
2,1,0,1,0,2.1178794610287555,0.051993311149926426,4.196650863422332,0.00985711202238678,8.040898687939157,2.7373676297431366,0.4653714808986351,84.95173967832248,12025437527.330832,0.0,0.2526711823183917,0.29587658748640255,0.22200437116192373,0.17764311548860978,4805716.734801006,0.024642970407500596,0.1434054747715,0.024074861799655914,0.1567813290116099,0.34755117219955445,0.5298875803034433,0.29587658748640255
4,2,1,1,0,1.3598802417900644,0.04370677885021437,1.4924133736013068,0.003552769522323574,4.2257757044456365,2.227817561682605,0.7763167446175723,106.3726123948323,19218020579.956627,0.0,0.23871759010560398,0.2962993424808508,0.23233531140660174,0.167878070772707,2765369.967880521,0.026989848463201304,0.1584327637930415,0.026113627538106362,0.08750265366913748,0.301805517734982,0.2953184200022063,0.2962993424808508
1,0,0,1,1,0.6163348207099419,0.04428979675484663,2.5017189987994755,0.07886344617527917,4.415658394410449,15.563867561476894,0.4954679498175297,72.64696327904089,12920299679.890947,0.0014170150625860672,0.20568043559216329,0.296469531645692,0.2617391976341694,0.22515167356212396,6310380.272371679,0.0342537037890894,0.1598371935065538,0.03344094628307798,0.296469531645692,0.61576547987285,1.0,0.296469531645692
3,2,0,0,0,0.2383718144446693,0.07482958453903905,4.999225238461183,0.023014939254770755,1.272469824358426,6.292652370482748,0.2568324964122816,118.32439249415329,11281391169.77596,0.0006038720446025848,0.24053575067261307,0.29710164945595285,0.23162100822523982,0.15997927039880655,1568867.297822417,0.026824145725638304,0.1573510790752375,0.02594221150986295,0.29710164945595285,0.5112009154875401,1.0,0.29710164945595285
3,1,1,3,1,0.2895191743140116,0.07812610987972786,9.795955117173856,0.02329233576346643,3.836978181590941,2.2871510387479,0.06310124027093483,119.31926759259646,18176180621.71058,0.0006383629426197036,0.20810297341321582,0.2971048297497797,0.25811153606370313,0.19488315810278908,2957760.0939035905,0.03331078252458216,0.19220850937078415,0.03224681473906473,0.2971048297497797,0.5259592170574183,1.0,0.2971048297497797
4,2,1,2,0,3.180250439311027,0.07211580390694575,8.21547479531523,0.03132427337160076,8.812504792944582,2.9490109742843567,0.6457337854242762,120.63812460224725,14971070293.695805,0.0011064866897789608,0.19586959805890458,0.2972201512716445,0.26931170037001906,0.18231236610741827,1873963.9166977867,0.036264395978095464,0.21239055334281343,0.034340745462272816,0.2972201512716445,0.4285048768699209,1.0,0.2972201512716445
4,2,1,2,0,3.180250439311027,0.07211580390694575,8.21547479531523,0.03132427337160076,8.812504792944582,2.9490109742843567,0.6457337854242762,120.63812460224725,14971070293.695805,0.0011064866897789608,0.19586959805890458,0.2972201512716445,0.26931170037001906,0.18231236610741827,1873963.9166977867,0.036264395978095464,0.21239055334281343,0.034340745462272816,0.2972201512716445,0.4285048768699209,1.0,0.2972201512716445
1,0,1,2,0,3.320740312979598,0.04633639318586546,9.99645844578478,0.06718687515189029,1.7502329802223802,3.021195452382689,0.4360337191140288,91.34475865277362,12614784065.385744,0.0010375232062292757,0.22665195098099464,0.29769318969129893,0.24311548359837365,0.2097058737597032,5240878.8027991485,0.029552569182635543,0.1675659441245313,0.02896438877674741,0.5583235249573429,0.7168022065684564,1.8754998242865808,0.29769318969129893
5,1,1,1,1,4.029456482675641,0.06060657360104377,1.2452457916097464,0.07220217143447273,1.469857560094356,8.764909647057882,0.03717894586661308,104.80816725922755,10635687303.642555,0.0005862555308201016,0.2524592951600034,0.29903233139541796,0.22460610113953347,0.1787387606341361,5046435.541737637,0.02522395033455117,0.14609624164476098,0.024485066875675778,0.29903233139541796,0.2253873041458997,1.0,0.29903233139541796
2,1,0,1,0,4.443484089835666,0.09380112747930648,8.970068662124264,0.013183221089866002,7.235220827747769,15.527220551649838,0.28249623287775966,92.56531104414395,16681927091.597183,0.0,0.191661475623305,0.2991170487622158,0.27521258504882734,0.1923576916762407,2448188.856519053,0.03787098348462901,0.2196656950827114,0.036103095787072007,0.21105324579490786,0.35164586932470887,0.7055874837902851,0.2991170487622158
5,2,1,1,1,4.168213195271445,0.08065933638931064,9.322749262806973,0.03001223409819461,7.529875269033155,1.4679544442504813,0.724510076686134,90.44472358635696,13725566761.366714,0.0008088273052974949,0.21447885111878595,0.2993408034475917,0.25418234442413806,0.17462520646826177,2502073.3100126344,0.032304332108475574,0.191432292031526,0.03063827981475308,0.2993408034475917,0.45219403391173874,1.0,0.2993408034475917
4,2,0,1,0,1.3759340766399333,0.04093797159512353,1.4833922907463761,0.0077044503377127265,4.348725522945933,2.3979926910292555,0.785294720342798,106.37351316289426,19438212126.273804,0.0,0.22147688872470456,0.29964157750533776,0.24867145119513404,0.18885525767146158,3293064.722492511,0.030918745319746966,0.1805803491314768,0.029926888862467135,0.1836347785389689,0.3121592178536634,0.6128481236409778,0.29964157750533776
4,2,0,2,0,1.6041596005426901,0.021013376247596714,5.941288427802226,0.03548418352752377,4.975186296244365,7.242704428102155,0.5368324271814133,117.94660504381312,9613534649.038748,0.0005644027570211171,0.2273382692154358,0.3002352111751779,0.24437013042491312,0.1853438126009373,3730930.528112096,0.029858380321944527,0.17451954427489635,0.02863654338544137,0.3002352111751779,0.38664699985361156,1.0,0.3002352111751779
2,1,1,1,2,1.6928964091090721,0.09438118325139447,6.485074550305107,0.0913252233890342,6.069773982377795,7.948673554599373,0.031945566029325856,77.35611973140605,15879012494.694525,0.0010281003351231492,0.22804854333566982,0.30135548973280746,0.24469334639065382,0.1781127557827466,1617138.2095382262,0.02993741688392825,0.17538105861527342,0.028950921726396395,0.30135548973280746,0.4041301282555058,1.0,0.30135548973280746
3,2,0,0,0,1.313859739381779,0.09273230122633973,5.678543761840955,0.021325742626917464,1.8147104208144027,15.663090306898562,0.10107607313784638,124.65199034133579,10398168904.645716,0.0007445337853682133,0.29110298966249176,0.30145755005733904,0.20170418798386075,0.17650617679690958,6618840.414642656,0.020342289725114315,0.113524277391445,0.020131171743147998,1.0,0.40457531506183014,23.822694945876613,0.30145755005733904
2,1,1,1,0,4.455039962021812,0.09374528338876527,8.943743001725549,0.013474849654317684,7.238612311752248,15.597791137236458,0.28498768114078254,92.53605248704557,16705195434.323729,0.0,0.19106782822001153,0.3015666330978118,0.277955309367744,0.1945193580132335,2416751.81005625,0.038629577002859135,0.22541213478025235,0.03677406780532313,0.2858423038786152,0.35143189547359344,0.9478578612704263,0.3015666330978118
3,1,0,2,0,3.3103163285334354,0.0591603159794097,2.27297594212569,0.016559306537065017,5.492968142324862,13.87754715129468,0.469520905160025,128.93280102331235,11420172763.339315,0.0,0.20245879497686342,0.3028324799831639,0.2679740780731271,0.20028341127408056,2655815.941090556,0.03590505325957122,0.2122542776562788,0.034568817768938,1.0,0.38187368454688864,20.707892348093896,0.3028324799831639
5,2,1,0,1,1.0115003796323578,0.08362017515724007,9.647298264554115,0.061642887480631944,5.946515983159613,1.423005614585681,0.47693157100285605,92.89400294857448,11804796903.768442,0.0009577344868030448,0.2281999811057116,0.3029654105254354,0.2457685965836861,0.17842279251740448,4112186.3896015203,0.03020110153335732,0.17909383526434552,0.02882162725360533,0.3029654105254354,0.45634544498175633,1.0,0.3029654105254354
2,1,0,3,0,3.095549857977937,0.03970507904767699,7.9503924992569255,0.0649390697911853,4.806031540500384,7.550836534856889,0.15074164048110683,91.99566038691776,14751821657.567694,0.0006490445901674027,0.2328232527341538,0.3029655490571443,0.24270243200067373,0.17720260197004847,3381233.096748001,0.029452235249520828,0.1632312199103877,0.02840004865966488,0.3029655490571443,0.4415000615076251,1.0,0.3029655490571443
1,2,1,1,1,0.4446582317298455,0.07007432801953169,6.023288407914367,0.03382217327366266,0.5589372774701221,4.589799699613256,0.040230557389870386,95.72691571239456,13910385816.199884,0.0011769126327989168,0.25348125333278293,0.3029793104864781,0.22698864501866403,0.15353871976163128,1445888.1026934902,0.025761922483704534,0.1475987812609849,0.024854812771691135,0.3029793104864781,0.44589626809610317,1.0,0.3029793104864781
2,1,0,1,0,2.9900078634277865,0.049852501527235075,9.538855162713551,0.05125644389850289,7.838365485235536,4.878659273609443,0.3095046623169678,62.241068429577865,10455403984.856014,0.0014281572429503495,0.21119955540795443,0.30310182912178213,0.26084754182077025,0.19854169641687547,3227911.041442552,0.034020720036969244,0.19026647094604288,0.03269480651952475,0.061013395695882586,0.6604781819999114,0.201296692509791,0.30310182912178213
4,0,1,3,1,0.4149664919011971,0.010710726591816424,9.625084564345084,0.049155435043244204,1.9411813012318617,1.3814293882981188,0.4289605690615443,116.84135879838472,13972808061.826212,0.0,0.22636829280187232,0.30358148029881776,0.24806797540479955,0.15799575687910503,544372.9609413573,0.03076886021071812,0.17661066158116578,0.029356047854738384,0.30358148029881776,1.4302155231222977,1.0,0.30358148029881776
4,0,0,3,0,0.7169174120813245,0.024092844492115278,6.59444179941237,0.0782771860370841,4.1115513807284385,9.645787722135745,0.3046876337936599,87.47191484790021,11039008471.106575,0.0013876113950695088,0.23084767653457625,0.30361554911482763,0.2442717502820735,0.16514432417983863,232901.20220469465,0.02983434399293384,0.1751473909977015,0.028893504888597,0.20504375822590992,0.9858128585879592,0.6753401096343792,0.30361554911482763
1,0,0,2,2,0.11667165682697335,0.019520142458749785,8.765278584582187,0.07260183783952734,3.7789936117280885,5.924945682776444,0.25861529232302755,70.25917758669145,10799800483.532263,0.0012379249907342022,0.17827738117874142,0.3039918632093022,0.2928578958901567,0.2088579507547065,1943156.718621813,0.04288287359260493,0.26228519788296345,0.04092523885450405,0.3039918632093022,0.5716724299222591,1.0,0.3039918632093022
1,0,0,2,2,0.11667165682697335,0.019520142458749785,8.765278584582187,0.07260183783952734,3.7789936117280885,5.924945682776444,0.25861529232302755,70.25917758669145,10799800483.532263,0.0012379249907342022,0.17827738117874142,0.3039918632093022,0.2928578958901567,0.2088579507547065,1943156.718621813,0.04288287359260493,0.26228519788296345,0.04092523885450405,0.3039918632093022,0.5716724299222591,1.0,0.3039918632093022
3,1,0,2,0,1.2221033823799015,0.06369434044015027,4.179282743035028,0.014223029022161118,3.431388789136512,8.07287301949664,0.5523191958733302,128.5799378507828,10859732558.089674,0.0,0.20583220666243188,0.30444069711573546,0.26619666425835753,0.1757243849778757,550188.8498654593,0.03543033203113836,0.21064461022852832,0.03402512297140801,1.0,0.44674698515753075,4.7230526654536655,0.30444069711573546
4,1,1,1,1,1.1648231967274563,0.03341861738728858,8.884262346218502,0.04809927043549871,9.126115395218523,3.0134576409228937,0.36197189810945574,80.19250896972979,10403897100.978985,0.0012403524412971981,0.22202263350081955,0.30454188439560886,0.25282333154478215,0.2225291467747433,5620178.216384099,0.031959818486701416,0.17659978654685393,0.03133280135027132,1.0,0.5593918266781199,3.976603381832283,0.30454188439560886
2,2,0,0,1,1.018125178760879,0.0672998307447051,7.313998504058595,0.0287773779072227,1.5407718726585236,10.972539849123415,0.29092271022340466,107.2124371371591,19794314515.894356,0.0009040777665432851,0.28562325409062306,0.3046041691391783,0.20709220592616356,0.17508062610786004,6586829.889513252,0.021443590877682266,0.12187033155924332,0.021161764804256817,0.3046041691391783,0.4261937893820736,1.0,0.3046041691391783
2,2,0,0,1,1.018125178760879,0.0672998307447051,7.313998504058595,0.0287773779072227,1.5407718726585236,10.972539849123415,0.29092271022340466,107.2124371371591,19794314515.894356,0.0009040777665432851,0.28562325409062306,0.3046041691391783,0.20709220592616356,0.17508062610786004,6586829.889513252,0.021443590877682266,0.12187033155924332,0.021161764804256817,0.3046041691391783,0.4261937893820736,1.0,0.3046041691391783
1,0,1,2,2,4.1014488868721575,0.04414322045033244,1.184464872539989,0.07667002591616505,0.5288180722016361,7.389739896147985,0.3699699034603001,106.71794232726322,10991753372.47005,0.0008397028868952019,0.20718901488790542,0.30465792159154775,0.26547030404366684,0.18204975827765704,1396031.530239696,0.03523724116451846,0.2033809220716919,0.03385062059803589,0.6958989079981699,0.37075190397735946,2.2841976481778654,0.30465792159154775
1,0,0,3,0,3.99612582591548,0.06397877624048155,9.025837336800452,0.08407577689741032,6.174374112476931,12.979121824152749,0.35960031102428314,88.45394379584933,11205849789.850355,0.0013132871524429437,0.19863806696260775,0.3047990103652594,0.2738978527043188,0.18830894883090094,2192767.721340851,0.03751001685801836,0.21073909127266488,0.03575426042560823,0.3047990103652594,0.5485085537874389,1.0,0.3047990103652594
1,0,0,3,0,3.99612582591548,0.06397877624048155,9.025837336800452,0.08407577689741032,6.174374112476931,12.979121824152749,0.35960031102428314,88.45394379584933,11205849789.850355,0.0013132871524429437,0.19863806696260775,0.3047990103652594,0.2738978527043188,0.18830894883090094,2192767.721340851,0.03751001685801836,0.21073909127266488,0.03575426042560823,0.3047990103652594,0.5485085537874389,1.0,0.3047990103652594
2,2,0,2,0,4.97028901174992,0.08198846784702182,7.575597655787244,0.016110072667486434,8.8260079226233,3.7925940186932756,0.32614901240739735,63.748559445435234,14817331858.788105,0.0,0.2055115714143293,0.30481464283042875,0.2671788796072633,0.19383193246403277,2227983.7156487373,0.03569227685409624,0.20534927062810993,0.03424552167732433,0.3549934330032306,0.36931962096685894,1.1646206681767477,0.30481464283042875
3,0,0,1,0,0.1810422822050201,0.052535451379460425,2.645086156731228,0.08981082601171102,9.702329107653286,12.769482893239294,0.10328675571517254,87.46171486931622,17080796274.51528,0.0008660416961427065,0.2225106945254209,0.30495754101744477,0.25213493936377424,0.21589129071991267,4765868.33409448,0.031786013823987054,0.1872764318997182,0.031075301089185464,0.30495754101744477,0.703782138006665,1.0,0.30495754101744477
4,2,1,1,0,4.268459092729331,0.007739302342315092,4.481272120463068,0.046430298824109234,3.054993008048724,3.0402238281693816,0.750065439396574,75.96893302898978,9586665022.404037,0.00137633679741928,0.25049081864767747,0.30503944541496586,0.2309392090771706,0.15345540381703374,186376.77392180637,0.026666459144594562,0.14848010707917336,0.02594001099688132,0.6210346815144809,0.9800429599198416,2.0359159802091997,0.30503944541496586
1,0,0,1,0,4.007400536798634,0.06423735241096158,9.02772833018938,0.08430289491226335,6.188955579366233,12.98647042310003,0.36000222898624423,88.13720790085738,11219689999.087852,0.001311258534215041,0.20248718421101558,0.3051211030830901,0.2702816929590663,0.1902959363627088,2342645.941690773,0.03652609677440949,0.20973563236422332,0.03495315696312386,1.0,0.5024541354395973,4.539570621549798,0.3051211030830901
2,1,0,1,0,0.7783571994218028,0.07744606628415211,9.158602897599893,0.004523103042684939,7.64861120989776,5.105529364335287,0.3344113144762397,77.11531136560498,17619151287.199276,0.0,0.2514772206797897,0.3055420672841514,0.23022470961406297,0.1696953786689038,4532683.554283783,0.02650170845843981,0.15474253710141717,0.02560714729937374,0.3055420672841514,0.34570491272448595,1.0,0.3055420672841514
2,1,0,1,0,0.7860448575095192,0.07743406507378751,9.172088007373075,0.0046282767245710565,7.638380063662844,5.113711394522,0.3352328395001772,77.06408090696968,17621027073.755596,0.0,0.25261617956322135,0.30664106715038875,0.23025736185602663,0.16882971804310473,4541705.631489779,0.02650922634444859,0.15458505123512978,0.02562515109606318,0.07812273058358182,0.3472705885095578,0.25476930180805624,0.30664106715038875
3,1,0,2,0,1.1376816655826425,0.05881872600543232,7.918399806834305,0.027256587760972815,2.743429865626748,5.070571680657362,0.5870561452181732,103.47923280439997,12480075494.921537,0.0009245967931871041,0.26349641872146573,0.3067320435537691,0.22277872764844545,0.17446050020764614,4930083.679579712,0.024815180746330115,0.14363937813198235,0.024239499757522175,0.027186235177824265,0.4146842804686211,0.08863187185416645,0.3067320435537691
1,0,0,1,1,1.6691263600445119,0.06154738709200476,5.4564026433921855,0.021039990708881188,4.5643052907086075,7.585142588661456,0.34512316667354054,113.92503782794827,16900481935.19785,0.001246100632780725,0.22640699917312201,0.3067335538230051,0.2513394806638434,0.19906071814221118,2466792.7263530507,0.03158576727018525,0.16787234458216505,0.03067245597858916,1.0,0.599950583508737,9.38950106701868,0.3067335538230051
2,1,0,1,0,2.459162347755776,0.06522994414473733,7.105804103017612,0.030204107614368817,9.817991061996768,1.5017789940850577,0.5460614226709105,77.64938724251408,13104882958.757416,0.0014160044664044775,0.22412672729714792,0.30769273019736976,0.25370427734535306,0.18273110758880884,3009741.4683932997,0.03218293017166392,0.17720571833972953,0.030998494248115738,0.30769273019736976,0.4355029583501477,1.0,0.30769273019736976
2,1,0,2,0,2.10371147675431,0.09697050772395209,4.16447059207729,0.036796242254167666,0.7668444353989488,1.416327127863919,0.2146681852259134,85.70352554055768,16719489913.16438,0.0010318140727788266,0.22812155114449137,0.3085313295371905,0.25063106275180586,0.2057976613912753,4831411.314074422,0.031407964808049825,0.1812216169875639,0.030621484660355917,0.3085313295371905,0.550428729216121,1.0,0.3085313295371905
5,1,1,1,1,0.9507162092382652,0.097752983746074,4.668658462418167,0.07079587210520083,6.13343918857998,2.39559131078438,0.11766287806690955,98.67996260612632,14768661283.350504,0.0006454666095023339,0.22709270069686482,0.30855292168147347,0.251231105778917,0.17789550978355126,3930418.742818015,0.03155853425544869,0.18701744856138125,0.03001070035829685,0.30855292168147347,0.40320636824238254,1.0,0.30855292168147347
4,2,1,1,0,1.1370191889885717,0.015154018882369794,8.639369062591651,0.09676326057162528,3.842731942489535,1.9128746015208264,0.6782932572650563,64.23241252681143,11639816827.65456,0.0010177850063671629,0.20440308363184181,0.3085977539387511,0.27110684879448066,0.17235327338051176,224731.0622502812,0.03674946173163669,0.2189309563804308,0.03492032118854562,0.3085977539387511,0.8836430334210452,1.0,0.3085977539387511
4,2,1,1,0,1.1370191889885717,0.015154018882369794,8.639369062591651,0.09676326057162528,3.842731942489535,1.9128746015208264,0.6782932572650563,64.23241252681143,11639816827.65456,0.0010177850063671629,0.20440308363184181,0.3085977539387511,0.27110684879448066,0.17235327338051176,224731.0622502812,0.03674946173163669,0.2189309563804308,0.03492032118854562,0.3085977539387511,0.8836430334210452,1.0,0.3085977539387511
4,0,1,1,2,1.8273096086452245,0.03164693847350265,2.3458568816447385,0.037000140932902645,1.6384085624771698,1.070549685011673,0.49703308064820956,85.60790550146713,9655162311.110107,0.0008804904857995313,0.2562911328948225,0.30908105307671807,0.22964724482369664,0.1728985154464217,4907719.733476937,0.02636892852755743,0.15081566028248838,0.025464842354717864,0.30908105307671807,0.4152673751990581,1.0,0.30908105307671807
1,0,0,1,0,1.7861430703780368,0.050794440654814935,5.718126566860875,0.004920521555896825,9.942983033640257,1.0264362249987211,0.6024474757926727,71.55283265329533,18151835602.14305,0.0,0.21972114452280983,0.30951626130683085,0.2584814789244332,0.17401680583177864,1037748.4229559535,0.033406337473481096,0.19309700526033569,0.03214427213072552,0.12987968157069762,0.317832242320468,0.4196215120405089,0.30951626130683085
5,2,1,2,1,4.339973448819905,0.08374166533009664,8.37692454448186,0.03646733877849169,6.8495986037814385,18.271810629467442,0.6610351740355817,83.09197454421178,10093634277.258957,0.001206343774689577,0.21044160521284672,0.3101326372843891,0.2667185383696937,0.1925931709921145,3297819.549339205,0.0355693893550329,0.21479758831572127,0.03374281025684936,1.0,0.4676760941632713,21.5995356917757,0.3101326372843891
4,0,1,1,0,0.24311340092227876,0.03162578131658369,9.701831767734683,0.014556371707191984,0.5754407520929975,8.509181467639388,0.26991864365763385,73.35179794479734,15880713209.947716,0.0,0.20329534134939842,0.3104075481569153,0.2736126765709673,0.17744394485296755,1415944.6215789246,0.037431948390164366,0.2251060719205359,0.03530524390215099,0.3104075481569153,0.47029577805952866,1.0,0.3104075481569153
5,1,0,3,1,0.8795300828983803,0.06720233101144196,7.489734153614139,0.047913546708408375,5.578889218465839,2.5970964029036856,0.1628373249488586,64.21523917662662,19106473120.830418,0.0012948722483292444,0.21481847682746702,0.3108546704598636,0.2643400312103725,0.21827207221724107,3689409.503434301,0.03493782605015034,0.193509327121694,0.034003241540216084,0.3108546704598636,0.5858522030839798,1.0,0.3108546704598636
2,1,1,2,0,4.027200365201996,0.0627995904848496,5.2908760164210165,0.07325388943783503,4.577923568545531,5.6791154962992545,0.28052380278371014,93.82528343426027,19137502079.6379,0.0008095366325443727,0.21774410799178928,0.31107935816025617,0.2615223227078522,0.18704893725415556,2910174.95219219,0.03419696263725499,0.19730338641141298,0.03277240577746896,1.0,0.37619101187767734,5.713352858965015,0.31107935816025617
1,0,0,3,0,3.946224283633402,0.08390851814816341,5.97632166458783,0.04913256435199978,7.985079475665015,6.845545374051123,0.3226735326890752,118.72810568124025,18915816282.499146,0.0008203632874754503,0.21111497081414687,0.3112140718145283,0.2682507115065099,0.1830392497949976,1479550.814948441,0.03597922211187441,0.19423638635327245,0.034521661201117666,0.3112140718145283,0.42903939441993677,1.0,0.3112140718145283
2,1,0,2,0,2.3276449846693423,0.0829139039020679,8.478662593052036,0.025592080844684773,5.059859040630042,1.544899082682214,0.38612704339167997,71.8399867996953,16768438116.916748,0.0013915110295441243,0.25819101698347724,0.3113743746888053,0.230036834949382,0.18421300255117523,4523630.548671239,0.026458472716764613,0.15120929100775615,0.025801685068632396,0.3113743746888053,0.46037298180724556,1.0,0.3113743746888053
2,1,0,2,0,2.3276449846693423,0.0829139039020679,8.478662593052036,0.025592080844684773,5.059859040630042,1.544899082682214,0.38612704339167997,71.8399867996953,16768438116.916748,0.0013915110295441243,0.25819101698347724,0.3113743746888053,0.230036834949382,0.18421300255117523,4523630.548671239,0.026458472716764613,0.15120929100775615,0.025801685068632396,0.13768008389800154,0.46037298180724556,0.4421689615132979,0.3113743746888053
1,0,0,0,1,1.0477777297609157,0.06487694710105427,7.655652176678513,0.04103984236673572,1.7105784558790298,8.332952716710903,0.3738317793075476,72.756092037167,11974788533.880236,0.0012186875439077207,0.25453892292722335,0.3121845023757376,0.23345896205203934,0.15751459581427926,1047556.5852198219,0.027251543481207775,0.15209024377363922,0.02625842533458218,0.3121845023757376,0.49874052961016124,1.0,0.3121845023757376
4,0,1,3,1,1.0473540021877497,0.021913892854572337,1.2414158941025402,0.06326589310115015,1.4293977844900476,1.6839107452152875,0.1490738606489902,128.00182925701054,16157202899.286283,0.0006633176391879546,0.2373481462124074,0.31255449965124704,0.24622856143383628,0.1645826151291879,172757.97801010255,0.030314252232888247,0.1789734325074358,0.029340798824983912,0.3529536439007276,1.0540330420092687,1.1292547197194682,0.31255449965124704
1,0,1,3,0,0.6167882464085075,0.04859775064949243,9.653859257090529,0.036434754222265546,1.308754100791253,3.218491959053544,0.41131234341372197,97.02631701120964,11279183119.990816,0.0011127737232055858,0.2196657391205142,0.31275242199742215,0.2614180578724847,0.22231751973715264,5087921.819312817,0.03416970049091088,0.19392404397770469,0.03330642816225876,0.31275242199742215,0.738668795352173,1.0,0.31275242199742215
2,2,0,1,0,4.830261362499013,0.08896285026592551,9.251075075930144,0.018975079475628046,8.627753774357243,1.4617133328332255,0.6876515618530336,77.07778441564217,19957370524.26043,0.0010211758870403316,0.22482778493895697,0.3142364809419154,0.258159198160609,0.19126485911032381,3155397.6102849673,0.03332308579746429,0.19011323399454183,0.03211399004532243,0.032200155951461695,0.4372358680137222,0.10247109391927568,0.3142364809419154
4,1,1,3,0,1.6840849608661723,0.08978248432351829,3.6708205636849476,0.07457337456503443,7.291350327108288,4.261439405830261,0.6948633028167867,83.98799470236894,11871553710.264437,0.0013633223362984007,0.2681736510422553,0.31428072195950124,0.22531690697116918,0.16527770535924316,4259279.810709019,0.025383854283527255,0.14415955715870787,0.024546292889538097,0.31428072195950124,0.4184496580815806,1.0,0.31428072195950124
3,1,0,2,0,3.8200500816126968,0.022651660384998273,9.163335110580748,0.07812091131558174,9.19398635134655,9.211596987097739,0.36221865565766465,104.65024562296192,19936080987.052467,0.0008934905376539627,0.2560676572185644,0.31499035591539387,0.23405186348366241,0.15936398286260467,1290573.7521038412,0.027390137400087472,0.16084176053393395,0.0264210926543222,0.16578499172517172,0.9224381755444782,0.5263176748487545,0.31499035591539387
3,0,0,0,2,1.2185713499338635,0.06487861837816111,7.041734948856678,0.04103406059014923,1.5991370038432964,6.918233059966234,0.5840910450771633,101.63158588055452,12794624391.026999,0.0012759992803918392,0.2168828652923136,0.31509226850582056,0.2664932198928099,0.2118977117133304,3618760.616633312,0.035509318124418765,0.18896978700646427,0.03419698243986072,0.31509226850582056,0.6985309175194265,1.0,0.31509226850582056
5,2,1,1,1,4.391526575715386,0.08462231871412625,6.880237380500873,0.01640988022225652,4.500177638532708,1.3177644684853806,0.4239775778002301,116.2605353225432,15160288100.943306,0.0,0.20581025351936888,0.31557238603189475,0.2756328892718823,0.1972086882653468,2191645.0837010527,0.03798674482418286,0.2300548257896715,0.03628667927712662,0.12033841007750337,0.4507476013273078,0.38133377761811144,0.31557238603189475
5,2,1,1,1,4.391526575715386,0.08462231871412625,6.880237380500873,0.01640988022225652,4.500177638532708,1.3177644684853806,0.4239775778002301,116.2605353225432,15160288100.943306,0.0,0.20581025351936888,0.31557238603189475,0.2756328892718823,0.1972086882653468,2191645.0837010527,0.03798674482418286,0.2300548257896715,0.03628667927712662,0.12033841007750337,0.4507476013273078,0.38133377761811144,0.31557238603189475
3,1,0,3,0,2.5109478721784346,0.024827016610851363,9.903773445695581,0.0981867629940637,8.02705716022647,8.163313419573038,0.24236179364721128,71.22020213752978,15882732081.887794,0.0005150654973829238,0.24919708736793547,0.3155806574179167,0.23954079696949687,0.16447120562760875,932369.5837758152,0.02868989670639086,0.16858054501217268,0.027638919007251673,0.3155806574179167,0.6770468054109942,1.0,0.3155806574179167
3,2,0,0,0,0.9984075380232803,0.06772054902208699,6.15642144771655,0.05485786195679499,0.19982966752626313,4.8458897162620485,0.40205001669479135,103.10729612087745,9387818055.446377,0.0005758471153113321,0.2794398453099193,0.31574097256731193,0.21967805156152476,0.18903024053910128,5956554.899239426,0.024129223168933966,0.12252366925717761,0.023759658726699412,0.31574097256731193,0.3981044431844136,1.0,0.31574097256731193
2,2,0,2,0,1.358813759503738,0.06179222351923748,5.341248404866124,0.05422599686070258,6.04473484909126,8.740525988725524,0.5871484996635508,124.20396996496328,14410293623.91919,0.0005516463305214948,0.2510579601853958,0.3162152278150578,0.2388476439629372,0.17603820451711488,3657948.9394680946,0.028524098513323003,0.16375472065508745,0.027490741722792464,1.0,0.3618027004209758,6.853780506708674,0.3162152278150578
1,0,0,3,0,0.7562958891889631,0.0784189083655298,3.976255928086556,0.032141947278095474,8.952659177685534,1.5822933526948117,0.26828479521876814,87.95501426360279,9417248209.313696,0.0005179086445262769,0.24229198999337492,0.31766033645695535,0.24728119937661328,0.15969045879724666,1289676.1596534157,0.030573995782568184,0.16354892216270622,0.029357096090791974,1.0,0.399788794465343,3.4013955003987015,0.31766033645695535
1,0,1,2,2,1.0500229770073075,0.044103267419738926,6.179692699935218,0.07667002591616505,0.5361719600004718,7.389739896147985,0.3903624880301706,106.71794232726322,10991753372.47005,0.0008124580928695775,0.21276659846620682,0.31779321696046664,0.2715580599202125,0.18081578723549874,1196680.6944507079,0.03687188995381485,0.21423183478345265,0.03537169597599624,0.6406528413147509,0.44556990251820244,2.01594246548833,0.31779321696046664
4,2,1,3,1,1.2725364890363464,0.04641968373718037,0.7944083091192822,0.009690398374097244,1.3373266604024387,6.362563216336701,0.2142536188667833,121.36596778621372,14440412293.797972,0.0,0.26865174117711443,0.3184910229232496,0.22804037740167912,0.1469389138468091,806727.1157815814,0.026001206862750124,0.14833402091338477,0.025025705708755053,0.3184910229232496,0.4365469285920069,1.0,0.3184910229232496
3,2,1,2,0,3.7312886480901954,0.04403825711267906,3.3683181249435123,0.029234548554279188,5.058732945883519,15.079361923179533,0.11122429923764231,106.97345563128874,16507858896.526997,0.0011844714889713728,0.22720272327124794,0.3187170980010362,0.2595007168566131,0.19547843225728495,2620396.4423989886,0.03367031102454804,0.1979455455642658,0.03252460992488751,0.3187170980010362,0.3808591155517985,1.0,0.3187170980010362
2,1,1,0,1,1.4827824254473474,0.05873430377514636,6.421024278412123,0.041074241159798776,4.895409117521366,7.397159703395335,0.47922345414822026,64.13844147661545,19993412093.52543,0.0010252126862374993,0.2556191090470821,0.31873522290345735,0.23752287563492933,0.18418806712277375,4226992.6670873985,0.02820855822494305,0.15969649244712747,0.02736795890670436,0.31873522290345735,0.4428161419355846,1.0,0.31873522290345735
5,1,1,1,1,4.9790184386877945,0.06633919924438744,0.9387330210083588,0.010604404239258097,0.5722303688138464,6.948427499564293,0.4567730581410386,109.59933168545165,10282110949.00491,0.0,0.20487275958500106,0.3193579333924436,0.2796796248626645,0.18503899097604534,487831.4171651359,0.03911034628166038,0.23902424325115756,0.03720666316643317,0.3193579333924436,0.39394122457831815,1.0,0.3193579333924436
3,1,0,2,0,0.5914330782183107,0.08663560005796885,1.3737538073641722,0.0052162436287128125,0.7715264996499926,5.9765074408738625,0.29049100020845303,127.18477999442732,10351344180.173073,0.0,0.23308849217708008,0.3197823056936025,0.2554525641688589,0.19380248966174954,3362467.5070787664,0.0326280062702225,0.1918504000717498,0.031498282818750854,0.024112465898768608,0.32270415295622573,0.07540275202678606,0.3197823056936025
1,2,0,1,0,3.797685361674284,0.0792815817924652,3.807886250144513,0.019959941095201335,5.786630022170445,10.887161260324426,0.6488685405988233,112.16026201344391,14669430422.457016,0.0005713991689673121,0.2719055494374928,0.3198615524925005,0.22677010248821067,0.14795154726597626,967309.8549871343,0.025712339691256785,0.14759662880751645,0.024813271850149324,0.21784036503278212,0.5022000977549664,0.6810457941421066,0.3198615524925005
3,1,0,2,1,0.5934450989832594,0.08660412495886965,1.3740992587964223,0.005225199628553613,0.7686568183352352,5.96958743252311,0.29036566651706114,127.17513551431632,10356748263.180456,0.0,0.23293451563684062,0.3199120405796009,0.25568596718230724,0.19380661611584568,3351866.193425141,0.03268765690697595,0.19214526783058705,0.03155179183118782,0.02411916176424676,0.3228167292205207,0.07539310405619261,0.3199120405796009
2,2,0,0,1,1.0136478923554328,0.06685177168280501,6.9851420676109885,0.028923471654554906,1.72739225611462,10.95957462036185,0.2898105719828558,108.3011450404414,19493028714.062366,0.0008775486280007518,0.28912057220882487,0.32047273888174105,0.21593518116916713,0.18314793372331287,6357670.96566651,0.023314001233280517,0.13457785784562937,0.022970122572142603,0.32047273888174105,0.4326176355259192,1.0,0.32047273888174105
2,1,0,0,1,4.375358175986331,0.07847824487050802,1.8060337483696793,0.099332264815968,3.8039741465195833,2.335191278861018,0.46131845575746605,75.94921167741707,19148564108.416462,0.0011208442235578883,0.23364743887569786,0.32047826756560227,0.2559166131379938,0.1854599384117782,3052302.2615899644,0.032746656440010784,0.1856718793828689,0.031374397899800864,1.0,0.34179257887641745,3.6024120429974698,0.32047826756560227
2,2,1,1,0,1.4399940364484483,0.042036764287824636,3.4501150027903775,0.03060619022966586,4.058668113914517,3.428191422921766,0.7107364659721415,95.73243192582508,18031920184.173367,0.0010843782732135312,0.2658544249476274,0.3210713421817957,0.23203723609759838,0.17962124965052925,4245892.297101495,0.026920639467906304,0.1505577395829255,0.026151145263562155,0.3210713421817957,0.38153959189356207,1.0,0.3210713421817957
1,0,0,1,0,4.81821410956038,0.050794440654814935,5.718126566860875,0.004920521555896825,9.942983033640257,1.0264362249987211,0.6024474757926727,71.55283265329533,18151835602.14305,0.0,0.21387891772403114,0.32109828840787624,0.2733000397046099,0.18566089101673358,954078.6930784627,0.037346455851270687,0.2176764297298912,0.03580251652261827,0.32109828840787624,0.31690285274518554,1.0,0.32109828840787624
5,2,1,1,1,0.8754011497557479,0.0461356646999962,2.491302821205775,0.03843428442887618,7.300165245971159,2.1673662821741857,0.8161081949778785,103.05014114923475,14044701636.151207,0.0011330619288778016,0.26019808281687246,0.3215322195133544,0.2360489604574626,0.18304485358937475,4348337.542420724,0.027859555866524367,0.16237947960205878,0.027051411658690433,1.0,0.3812454841238481,16.444059208265532,0.3215322195133544
4,1,1,1,1,2.117251580334653,0.09591214677695287,6.089250264156948,0.05612716460604304,5.310850850591765,5.233947055893452,0.5048317826988444,117.70958731636769,9133744812.298481,0.0005544776008424277,0.21853491360128147,0.32166499135551846,0.2692748926685567,0.19167157846147806,2439431.959162079,0.036254483910831366,0.2166698396239134,0.034402502544534,0.32166499135551846,0.4036249652088379,1.0,0.32166499135551846
3,1,0,2,0,2.174056933705906,0.022651660384998273,9.163335110580748,0.07812091131558174,3.562581954120248,8.673285675414174,0.36221865565766465,106.16046398742789,19550295914.22019,0.0008934905376539627,0.28108524654222816,0.32194930522757514,0.2220795572867096,0.14554349857235577,663157.9701590823,0.024659664882330467,0.14301399330731723,0.02388676419910899,0.32194930522757514,0.8833878623173804,1.0,0.32194930522757514
5,2,1,1,1,2.777291722859487,0.04528898792403357,2.729791325557527,0.04089826788665141,7.205226776354216,9.500529666625154,0.820291022163225,86.51787681208727,14020218979.491089,0.0014881937421898131,0.24365733060917552,0.32206492667823594,0.24904034077795775,0.18966441705945664,2491531.5275060874,0.031010545667400663,0.1774903092565122,0.030040366942121147,0.32206492667823594,0.36475802440821004,1.0,0.32206492667823594
5,2,1,2,0,2.4467349394174938,0.07240413565453503,9.028582940866528,0.030652932731455994,3.517075511991,6.846297283592303,0.7727739549540007,105.60349145290235,18602374612.97451,0.0006835886228954383,0.24901884927768048,0.322472007436606,0.24487063607903195,0.17954178127116016,3416201.6856603036,0.029980814206874852,0.1778928162989768,0.02858919582630608,0.322472007436606,0.4042988400800236,1.0,0.322472007436606
4,0,1,3,0,4.85206176334098,0.0402471426415402,2.7874725764218855,0.06859753558706772,6.145715004190069,11.216126788468861,0.7440156842681926,92.06412031873201,10973231553.982817,0.001179583641385213,0.2330140655191495,0.32272903413751364,0.25768140471171413,0.18524453856051162,2240093.4865792734,0.033199853167101105,0.19877882324704366,0.031515932420240325,1.0,0.4205589705625744,363.8250365872958,0.32272903413751364
2,0,1,2,2,3.6364306742373143,0.07776031181577077,2.763435593453208,0.022299482973572964,0.6641655177391532,6.914723151250152,0.3965797909111483,86.48239455612959,11955708744.454006,0.0007139529380451047,0.2562039973742875,0.3230029306392778,0.2403514069523812,0.18517882022590126,5771613.666434126,0.028884399411994575,0.16289762118696471,0.027930060643789667,1.0,0.39981332454962704,5.181215671010613,0.3230029306392778
2,2,0,2,0,2.4136114922070706,0.08198846784702182,7.575597655787244,0.016110072667486434,8.8260079226233,4.102828781736037,0.32614901240739735,63.748559445435234,14766332964.583736,0.0,0.21583917024320032,0.32378315992800416,0.2732294065928363,0.18045552875331908,614860.9053806592,0.03732715431353672,0.22769380887629376,0.035481059852151164,0.39363026310076366,0.44034742306947183,1.2157218528236322,0.32378315992800416
4,2,0,2,0,4.763822191871259,0.08656437634554773,5.480961432493072,0.05400932353048869,7.41538728330084,6.010004900264444,0.3863916133296776,120.70628030596515,19174701662.04565,0.0011538004898015693,0.2408289982485802,0.32389392818698487,0.25239294515318955,0.18288458005798525,2808370.6491414187,0.03185109938155047,0.18820043922389884,0.030454432005019138,0.32389392818698487,0.4128310933487249,1.0,0.32389392818698487
1,0,1,3,0,0.6264054001271641,0.04741434214359292,9.52839838983385,0.03431599671463668,1.3236097926090546,3.20599470302702,0.39504828071983905,97.233701885682,11408332992.89949,0.0011226217969127466,0.22680917379412166,0.3240073197084876,0.26486403107161344,0.22520454897235284,5555780.396172268,0.0350764774777523,0.19255899928432751,0.03416552647685139,0.3240073197084876,0.7326634027613459,1.0,0.3240073197084876
1,0,1,3,0,0.6264054001271641,0.04741434214359292,9.52839838983385,0.03431599671463668,1.3236097926090546,3.20599470302702,0.39504828071983905,97.233701885682,11408332992.89949,0.0011226217969127466,0.22680917379412166,0.3240073197084876,0.26486403107161344,0.22520454897235284,5555780.396172268,0.0350764774777523,0.19255899928432751,0.03416552647685139,0.3240073197084876,0.7326634027613459,1.0,0.3240073197084876
4,0,0,0,1,4.246334592096577,0.027496469457157256,6.006232529929086,0.01971266420452661,1.0868878222763594,12.93686106138079,0.3061691234350606,65.6781638387595,15764998749.324305,0.0005661772898854533,0.24464699386838729,0.32637929913159597,0.2534410723098055,0.19855842991333472,3383404.4762554164,0.032116188566772036,0.14971821873462676,0.03097972545800064,0.32637929913159597,0.4469750000924301,1.0,0.32637929913159597
1,0,0,3,0,2.789336258040974,0.08325222787627695,6.389654177418756,0.05023078791230861,6.943749819797038,8.871452306075055,0.3556098253377115,91.0292584589379,15044707626.264652,0.000763404004528281,0.23143372380625143,0.3265342504777788,0.26323356073138354,0.17739769199584446,1208312.2910403975,0.034645953747661495,0.185036470749124,0.03331102416612287,0.3265342504777788,0.4375540591667723,1.0,0.3265342504777788
3,1,0,2,0,1.0336147010913224,0.06453221653568564,0.5426937913013246,0.01245505740687386,0.22651731434660363,1.3516740873823034,0.07635450224861719,113.5082437115024,10034954195.195938,0.0,0.26741914543547796,0.3271109797913698,0.23539592882729082,0.18861777948778796,4136238.7042978387,0.02770562165423148,0.1546133422645649,0.026967831029467086,0.1738137864221653,0.20995713880362205,0.5313602940904738,0.3271109797913698
3,1,0,2,0,1.0336147010913224,0.06453221653568564,0.5426937913013246,0.01245505740687386,0.22651731434660363,1.3516740873823034,0.07635450224861719,113.5082437115024,10034954195.195938,0.0,0.26741914543547796,0.3271109797913698,0.23539592882729082,0.18861777948778796,4136238.7042978387,0.02770562165423148,0.1546133422645649,0.026967831029467086,0.1738137864221653,0.20995713880362205,0.5313602940904738,0.3271109797913698
2,2,0,1,1,2.562356295324187,0.03248495484421637,0.7934296725508854,0.06529210487062298,6.671507789918437,2.380836328214413,0.3552500451247876,74.55784820299397,14373025182.466629,0.0013714013919745504,0.21094215301741348,0.3273024259334306,0.28128491557192903,0.18805070212809652,2170470.573762044,0.039560601864153624,0.23072950908685186,0.03759892418660888,0.3273024259334306,0.28727061408883797,1.0,0.3273024259334306
5,2,1,1,1,2.642810164067321,0.024626355435569843,4.635550227163189,0.05198309650383648,8.925498925278186,2.8690210103943583,0.8406840354557857,82.48479154235747,13751048191.492027,0.0012632491806040716,0.23042615766719154,0.32772300729979703,0.26409244498158657,0.17216672880647207,212243.5698986841,0.03487240974817616,0.20422586703890988,0.03344451355628361,0.32772300729979703,0.43638685262170573,1.0,0.32772300729979703
2,1,0,1,0,1.5230504227882968,0.060146866444762935,6.872733375574988,0.026256026811329186,9.800467607927944,3.9011443733498954,0.6280637618912637,60.131112552105876,14250750126.802172,0.0013325761742712593,0.2548456385973759,0.32806668941381406,0.24519953496475977,0.1842810291691344,3893718.6368198213,0.030061405973467223,0.16936849068527993,0.02904174180248754,0.32806668941381406,0.4322731279801165,1.0,0.32806668941381406
4,0,0,3,1,0.1482576966884807,0.011478243911444107,8.688954768821857,0.09172945322775702,3.8695323642770343,1.037810274101019,0.7261117365185324,79.8155419878733,14973145862.645369,0.001119475239640956,0.21501858015666342,0.3282380399269457,0.2777978375681771,0.1723024450280944,698206.5669062923,0.03858581927877766,0.23365268049926624,0.03599420575255018,0.3282380399269457,0.9317791136384886,1.0,0.3282380399269457
1,0,0,0,0,2.6573237431428867,0.05534759926530675,4.2467339135832445,0.043578091527058535,0.6270744683657438,2.141257073824681,0.20550904229008485,115.7417591204473,18358055338.983017,0.0012849068060647713,0.2557861602601168,0.3286420010841042,0.244908365925274,0.16647729828036475,1257945.8537786251,0.02999005385009396,0.16931423719876015,0.028824708966985198,0.3286420010841042,0.5170635428208562,1.0,0.3286420010841042
4,2,1,1,0,1.4510373357370596,0.04167681220541332,3.446242595271387,0.030609464757681296,3.9739813043310006,3.420140434421498,0.7145592578040079,96.0202741422031,18068802466.901833,0.0010856055071837092,0.22720927839953076,0.3291698582809375,0.267803972529564,0.2064446530284874,2584359.1437881063,0.03585948385130774,0.214222816709971,0.03464420249582686,0.3291698582809375,0.5730101768877289,1.0,0.3291698582809375
1,2,0,2,0,2.3718521956964094,0.07643111984613975,9.394349766896102,0.015305601109107173,5.943239503849019,4.3958106475787195,0.5484782951412894,112.63778062804968,18639695919.21205,0.0,0.24337183630965112,0.3292881300650527,0.2550000609500317,0.1735662542002471,1177099.3451099473,0.032512515542259944,0.18403509243121885,0.031251438831473785,0.3191641394064539,0.314012166957195,0.9692549177020175,0.3292881300650527
1,0,0,1,1,3.3062903797805454,0.07566335916421313,4.585065697292953,0.038258559296990666,1.9848565327738132,1.4209731518532176,0.2648228324061213,68.2787564219818,11218484879.143782,0.0012994097967871678,0.27194131004221633,0.3295274561977485,0.23365642220404267,0.14621022202982153,1198437.6584431168,0.027297661818596924,0.1584332151987281,0.026171194885124798,1.0,0.5021632114008576,4.120234046314605,0.3295274561977485
2,1,0,1,0,1.4803074748766416,0.09380112747930648,8.970068662124264,0.013183221089866002,7.235220827747769,12.792468552122855,0.28249623287775966,92.56531104414395,16825905607.842384,0.0,0.2810218006846692,0.3304418401823478,0.2281117554203437,0.18433005942582006,5902535.334026705,0.026017486480475353,0.15131984049818425,0.025491478939390702,0.3304418401823478,0.34441683421164365,1.0,0.3304418401823478
5,1,0,1,0,0.5193980459998199,0.06220314865270232,3.3450623331195066,0.029397181887135405,9.480137726569549,2.96441671618839,0.37477647528123126,89.30239651304093,14254979957.227144,0.0007728406130714463,0.2831419663959465,0.3305001986837507,0.22675843208513916,0.1721402369064268,4295691.603907522,0.025709693260855336,0.14928029192379133,0.024947047446377324,0.3305001986837507,0.3581682711282971,1.0,0.3305001986837507
2,1,0,1,0,1.935107191655577,0.046751358722618104,5.961828903482071,0.01975889071635496,9.219175365315357,4.631056504215245,0.4976756208927755,65.50678129228697,14126414572.39979,0.0014484056668669456,0.2500234126044388,0.33069669603648677,0.25087703149422313,0.1817667785499109,3682858.8611443685,0.03146964246567672,0.17751992625137747,0.030235708735347318,0.838213259367353,0.42734170429987967,2.5346889443215677,0.33069669603648677
4,0,1,1,1,4.245352778551548,0.03242927924017028,3.908692347314106,0.03678452243521553,2.7559883001662793,1.6470468494214927,0.18523072573328828,78.07384866106064,10556693013.99327,0.001198575283930171,0.2485109096910445,0.330841316213329,0.2536943749177232,0.17880373458522025,2701559.137081768,0.03218041793244715,0.15300300245454035,0.030718604077771598,0.330841316213329,0.5552008334383955,1.0,0.330841316213329
4,0,1,1,1,4.245352778551548,0.03242927924017028,3.908692347314106,0.03678452243521553,2.7559883001662793,1.6470468494214927,0.18523072573328828,78.07384866106064,10556693013.99327,0.001198575283930171,0.2485109096910445,0.330841316213329,0.2536943749177232,0.17880373458522025,2701559.137081768,0.03218041793244715,0.15300300245454035,0.030718604077771598,0.330841316213329,0.5552008334383955,1.0,0.330841316213329
2,1,0,1,0,1.315269524244219,0.060785900805917434,6.930337805694591,0.02612763565881366,9.579957351312856,3.350043839960536,0.6304855005019058,60.533067878613544,14052925133.166798,0.0013331133387707527,0.2662112076188704,0.33192815069341675,0.23951279201709919,0.18456079238251089,4477068.937564764,0.028683188769913107,0.16531048068790255,0.02779055510280845,0.33192815069341675,0.43427105797155,1.0,0.33192815069341675
3,1,0,1,2,1.4681706989655792,0.08364108870051416,2.630545439145999,0.0360733441018006,5.669038279352691,4.9430914522694165,0.21180884846208736,116.74298790184454,12529959167.555197,0.0005317316544067381,0.23049405419622582,0.33206585623811624,0.2676715830959913,0.19134410274019348,2934357.122945996,0.0358240381985571,0.2070445762083909,0.03438175976313109,0.33206585623811624,0.34545469515568983,1.0,0.33206585623811624
4,2,0,2,0,4.768378814370654,0.08679829329502739,5.497407274153968,0.05406185840162682,7.4192522602143445,6.140786345735415,0.37870338292730205,120.59129162128497,19153351836.392277,0.0011540555117874767,0.24641209120937743,0.33271073089683073,0.254766183770739,0.18431398805652566,2774667.476264818,0.03245290419655298,0.192348880511494,0.031051377179158582,0.33271073089683073,0.41292092584141354,1.0,0.33271073089683073
5,2,0,1,0,4.583582834821677,0.06945322673498355,5.716085515776652,0.013057304132774158,5.927757471299963,8.116724239824546,0.05294303139099935,70.16333170299535,17689199602.150547,0.0,0.25322037387934393,0.33330550060600883,0.2501996635983313,0.16519614972562224,1779136.8723391865,0.03129993583235907,0.18018104082366015,0.029596325224429933,1.0,0.4220199614079099,9.55079502416449,0.33330550060600883
5,1,0,2,0,0.2875709906774288,0.02056116720552408,6.384687589530011,0.022867201154533428,1.3110563907529431,6.3330341406059105,0.2538841825568207,118.3725806304278,11029528263.8288,0.000599645755249205,0.3070849374713341,0.3338543322985116,0.21519849053203854,0.17571643723862115,7861512.473230752,0.02315519516363394,0.11193435201667012,0.022826167395104194,0.058144528118129,0.37455464208732886,0.17416137067270349,0.3338543322985116
1,2,0,0,1,0.10792233465496882,0.08216784342131893,5.063160814026364,0.013391008187009844,5.629139503757363,4.404404943896849,0.8356448523057516,60.478450410819306,12486476931.623455,0.0,0.2406942736612408,0.333871049420369,0.2604536811384235,0.1815012346790852,1809457.8221788136,0.033918060009277794,0.19753803202160625,0.032602695380037496,0.333871049420369,0.33110626286202927,1.0,0.333871049420369
1,0,0,1,1,3.258883831277649,0.07530817768787738,4.606116799675648,0.03627042117644954,2.1502012355641473,1.5158300093613846,0.254934314629341,67.51651297365395,11238291434.62362,0.001291510146657056,0.2709920939939918,0.33430751522706137,0.23785099249487324,0.15157647640886712,1137482.7244739102,0.02828654731539812,0.16284261927549226,0.02711915620605214,1.0,0.5008734755949761,5.14190292180755,0.33430751522706137
1,0,0,1,1,3.258883831277649,0.07530817768787738,4.606116799675648,0.03627042117644954,2.1502012355641473,1.5158300093613846,0.254934314629341,67.51651297365395,11238291434.62362,0.001291510146657056,0.2709920939939918,0.33430751522706137,0.23785099249487324,0.15157647640886712,1137482.7244739102,0.02828654731539812,0.16284261927549226,0.02711915620605214,0.33430751522706137,0.5008734755949761,1.0,0.33430751522706137
1,2,0,1,0,4.3089160364007,0.04870968624683479,7.591270057987421,0.005585183017227001,7.198375275902911,3.660014502388955,0.5506098324059608,64.3485807219986,19859846222.40054,0.0,0.2588339643996594,0.33434001886798637,0.24698306238022882,0.15807245837777184,1281692.209827991,0.030500316551358004,0.17065450686387562,0.029239597584364452,0.33434001886798637,0.3199466270418825,1.0,0.33434001886798637
2,1,0,2,0,3.248778776481075,0.05149375665446209,5.694388125914679,0.05388518706549369,3.173761603432739,2.950399417164633,0.3398866405765146,69.28924538650274,18902446945.05071,0.0014330161833037535,0.26437729190190296,0.3348069241443176,0.2431999460323774,0.15857683395217304,957705.4654063701,0.02957310687507564,0.16588473119392022,0.028449767477919437,0.3348069241443176,0.42457623180724496,1.0,0.3348069241443176
5,1,1,2,0,2.0439257238450437,0.013991264952020115,9.303501627222309,0.08893449678332356,4.694063202767995,10.04002507343342,0.7276359137266573,94.05686192368358,15116821539.937122,0.0009272418470755157,0.28319064538279054,0.33543045434026114,0.23021751243493108,0.15051817380460777,331393.45232942177,0.026500051515863824,0.15342060808082847,0.02571252555719171,0.33543045434026114,0.913170095525568,1.0,0.33543045434026114
1,2,0,2,0,1.0607336874272857,0.09814629372075895,5.448299582732394,0.024326200393308156,5.5808561409875574,2.121693241667978,0.7838620496745943,107.04063159856818,18302386803.02094,0.0007946238751157734,0.24938218152621305,0.33607653134678644,0.2553863565383384,0.1677785290675927,1557625.4826629248,0.032611095552963654,0.18602182194479533,0.031316522232745114,0.33607653134678644,0.3739905301004394,1.0,0.33607653134678644
1,2,0,2,0,1.0607336874272857,0.09814629372075895,5.448299582732394,0.024326200393308156,5.5808561409875574,2.121693241667978,0.7838620496745943,107.04063159856818,18302386803.02094,0.0007946238751157734,0.24938218152621305,0.33607653134678644,0.2553863565383384,0.1677785290675927,1557625.4826629248,0.032611095552963654,0.18602182194479533,0.031316522232745114,0.31820992323430325,0.3739905301004394,0.9468376799746031,0.33607653134678644
4,1,1,1,1,0.9269589645840298,0.03722703334031353,8.88368612605327,0.022039682655664774,0.5598179692313522,7.204816113298925,0.6688664206985805,88.83836015675395,9703592280.943115,0.0010358098008753224,0.26997315337003436,0.3361889538047206,0.24263566404335873,0.21359464951214271,7598624.7187224105,0.029436032732880823,0.11920815931319273,0.028962488959650673,0.3361889538047206,0.43692902358373203,1.0,0.3361889538047206
2,1,0,1,0,1.316743282414324,0.060651510488317066,6.929675043577822,0.026347466414283583,9.560088614010558,3.3794012833104135,0.6307268384379046,60.75011572280002,14050381380.169647,0.0013322273994476406,0.2698909531678261,0.33670482340651875,0.2403673246888019,0.18480527066145516,4488132.971938961,0.028888225389025954,0.16638287876528524,0.02798565857724103,0.33670482340651875,0.4344169795480314,1.0,0.33670482340651875
2,1,0,1,0,1.316743282414324,0.060651510488317066,6.929675043577822,0.026347466414283583,9.560088614010558,3.3794012833104135,0.6307268384379046,60.75011572280002,14050381380.169647,0.0013322273994476406,0.2698909531678261,0.33670482340651875,0.2403673246888019,0.18480527066145516,4488132.971938961,0.028888225389025954,0.16638287876528524,0.02798565857724103,0.12328988962738152,0.4344169795480314,0.36616609284069607,0.33670482340651875
5,2,1,0,1,1.214198300730811,0.0563840407405452,3.65696130322274,0.07060441786498269,2.6809643598999355,5.938182761313748,0.8157955569236981,105.11664686382387,11369304555.730206,0.0012476355693035964,0.2602789415668867,0.336935346873909,0.2500254370808656,0.22089502707068567,5896735.56959284,0.031256359593738944,0.13406669624089596,0.03072271438948544,1.0,0.5627983526772768,43.86741173140998,0.336935346873909
1,0,1,3,2,0.4512337880529941,0.042668453940438764,5.542656295521854,0.010363678172952074,9.532342578525995,3.841386987736052,0.5034459001158831,85.13206412038505,18667254318.808884,0.0,0.2554825437475105,0.33748798317432427,0.25151816032015334,0.1945265734903855,3782893.00489853,0.03163069248541718,0.18397755716599695,0.03066325646739874,0.7519342379686549,0.4586865759572497,2.2280326276987905,0.33748798317432427
1,2,1,2,0,1.6976420795095588,0.03694315675259206,7.07453626069421,0.07852753433539052,4.164914474435782,5.740544777310071,0.6040485449899904,76.36104108248784,12742879728.0646,0.0012067653160021384,0.20928902656958814,0.33780386384286576,0.2916610112623182,0.23966017138866283,4422090.749288708,0.04253307274527905,0.2509146660056295,0.04105204036938106,0.33780386384286576,0.5732527569424273,1.0,0.33780386384286576
2,1,0,1,0,0.9111742343015873,0.056236476818065234,5.045636158822901,0.008611214935885493,7.696808501275459,2.408676626808066,0.4728744622928742,85.01047154052914,12019478825.824205,0.0,0.2818265532889259,0.33787855565118474,0.23296090948814205,0.17626439096470095,5942932.589620669,0.027135392674771153,0.1552057177931283,0.026331152282065815,0.33787855565118474,0.3397474061023803,1.0,0.33787855565118474
2,2,0,2,0,4.629487249825503,0.09562679756553044,9.153895580479096,0.0076379772193917415,8.456554992022175,2.324650035501164,0.4480382149941826,73.86805321221837,18367152565.383385,0.0,0.2564989509908943,0.33792824714061676,0.250893023944253,0.1916840070712281,4137833.6718391264,0.03147365473194576,0.1863865412901653,0.03010590315590423,0.33792824714061676,0.43861694278521435,1.0,0.33792824714061676
1,2,0,1,0,3.245001773524506,0.06363157273746481,5.693789797882835,0.008314835970132085,9.377746071325408,2.886736183088679,0.427368535329457,88.57111668781491,18663510236.69017,0.0,0.2616735179947564,0.3379871118698776,0.24754366911133976,0.1608877426192477,1277712.4045450506,0.030638934058552232,0.17198954046842085,0.02939091960838272,0.3379871118698776,0.3252999152353588,1.0,0.3379871118698776
2,1,0,3,0,3.1092104890795103,0.04016319751580889,8.000440395132548,0.06355171936890508,4.653083450431583,7.704487407180397,0.1552202249199588,92.06509722289927,14940808302.371172,0.0006763698485509309,0.26086533071023,0.3380935609899257,0.24814553971462963,0.18503599022640246,3844987.2540105805,0.030788104440132417,0.174356215350152,0.02970979528284623,0.3380935609899257,0.4450229448529793,1.0,0.3380935609899257
4,2,1,1,0,1.364925215494969,0.04391912091467008,1.524837902313963,0.0033305271777176538,4.245401112818981,2.1991816736855,0.7742988656155815,106.42350130136587,19211594535.491585,0.0,0.2663172294822884,0.338124237625236,0.2437496770614411,0.18414937128235026,2691412.959138089,0.029706952533778412,0.17541468469600707,0.028817609117565632,0.10761287186221744,0.3047050983691244,0.31826429426656905,0.338124237625236
4,2,1,1,0,1.364925215494969,0.04391912091467008,1.524837902313963,0.0033305271777176538,4.245401112818981,2.1991816736855,0.7742988656155815,106.42350130136587,19211594535.491585,0.0,0.2663172294822884,0.338124237625236,0.2437496770614411,0.18414937128235026,2691412.959138089,0.029706952533778412,0.17541468469600707,0.028817609117565632,0.10761287186221744,0.3047050983691244,0.31826429426656905,0.338124237625236
1,0,1,2,0,0.6964685472029817,0.04411887660526922,9.819612299389664,0.06882948000062947,3.014336189945753,2.517009458679786,0.46512923663709405,91.99295054543862,12839482193.576366,0.0010407734266147323,0.23200593442846634,0.33812469703899956,0.2713944683167927,0.18155566213302915,1060733.2919434991,0.036827478716477305,0.20960901765218387,0.03531840173186913,0.39491509448398826,0.48966074905207985,1.1679569636359288,0.33812469703899956
1,2,0,1,0,2.11177580871167,0.0792815817924652,4.275999497419591,0.019959941095201335,5.786630022170445,10.887161260324426,0.6488685405988233,112.16026201344391,14669430422.457016,0.000571218668010401,0.2855871889723518,0.338266350155216,0.23057886277645628,0.14799086668312658,1019177.3034794496,0.026583305979641928,0.1543683627586473,0.025582850568343862,0.338266350155216,0.5007549981339838,1.0,0.338266350155216
1,0,0,0,0,2.7136594753294627,0.05609676764784513,4.186248672790169,0.046016505045004465,0.8469982708092022,2.2008472792749485,0.18979679117601667,111.9829443445894,18565573454.978508,0.001298743783179696,0.26282960747126316,0.33909022868038674,0.24744966913828867,0.16448471820120206,1221969.0543852218,0.030615669378324266,0.17276809835178542,0.02937973770911566,0.33909022868038674,0.49940499061779214,1.0,0.33909022868038674
4,0,1,0,1,2.207202556544142,0.06668291635669324,9.660375795152415,0.008181182728708186,5.600114571943785,2.0131169132019195,0.38727352567713846,122.42409763461606,19003473776.667656,0.0,0.24732851641822895,0.3395125338106813,0.259200686541846,0.17545263634314218,1562864.5806621949,0.03359249795188216,0.20015160899718543,0.03181594361645196,1.0,0.4778718601485045,4.794907192069797,0.3395125338106813
1,2,0,1,0,4.329793176934156,0.059151920674510014,7.696683134283027,0.03177525804758585,7.954392249661935,6.306636129985726,0.6799112866045356,84.75272409738515,19846802597.22681,0.0010043381555398501,0.23514075891751718,0.33969501316560996,0.2703459111057968,0.18162207418273643,1418053.0715277006,0.03654345582581169,0.2003806914438434,0.03496571751637941,0.33969501316560996,0.40907942913409345,1.0,0.33969501316560996
1,0,1,2,0,1.6844289941650585,0.04042913661698786,6.652295597437764,0.07425481265289387,1.3699921062817741,2.065285606862531,0.17385189222394173,87.34879457219962,16872725707.628979,0.0009897622352641508,0.2501435283794031,0.34043779127672386,0.25821275437682567,0.17427805688150547,1051422.349791251,0.033336913261433454,0.18830618259601573,0.032035808559719346,0.2719200463319412,0.4444297381907424,0.7987363721053866,0.34043779127672386
1,0,0,3,0,3.787979050372756,0.08443005266638848,5.947418489096256,0.024529771122691654,7.805092586794539,3.5483841197188855,0.012715017173433138,129.50678523563536,18178538762.88476,0.0007024389108122823,0.24251773636249346,0.3405691433051673,0.2646394784649913,0.17690391213463363,1144615.3719985455,0.03501702678111129,0.19514896200760112,0.0335921318065628,1.0,0.4370823090196513,5.0453039129956485,0.3405691433051673
4,2,0,2,0,1.3673573132928196,0.06136929392286884,5.655394356999222,0.0536992604476563,5.971785340505699,8.234254599242945,0.5843455438291294,123.49966211702078,14350449710.720373,0.0005511057345117243,0.2566185272302442,0.34246914692142066,0.25419959578250656,0.19144790327140537,3243290.970702379,0.03230871724799487,0.19129705272536468,0.030959720479164836,0.34246914692142066,0.38367117964811515,1.0,0.34246914692142066
4,2,0,2,0,4.380291197079579,0.0787161773284166,5.421984674340229,0.019679355663627482,4.378180492585299,5.186976385090783,0.6260701089964841,122.95901256985424,16451043809.137032,0.0007138267443043877,0.2718367762915799,0.3425199400558967,0.24293692278000442,0.16603808877172432,1127447.5135779858,0.029509174224908917,0.17450989272750328,0.028508659194457595,0.3425199400558967,0.5053100973142559,1.0,0.3425199400558967
3,1,1,2,0,0.6806540659403296,0.05290404112971172,8.334856308171206,0.020064531694535807,1.039859796496795,11.409209662399869,0.20580369374459334,124.17303152252876,14342352083.41188,0.0005944742457913313,0.31338052560922464,0.3433104815393424,0.21747890658874938,0.18069908110597935,7829485.888890058,0.023648537405518987,0.11830479014998363,0.02332401777840275,1.0,0.37295414085150663,9.252614802100066,0.3433104815393424
5,1,1,1,1,0.9996961263244466,0.08063238723410279,2.9344487939702177,0.05182262454333058,6.589419554466749,1.0545535576973135,0.2471860054827526,91.88802408411968,13747685407.976717,0.0007346027300308501,0.2611978689979533,0.3437911151679134,0.2518707480182592,0.19146481219446435,4218866.743363622,0.031719436853638705,0.18432127730178016,0.030567572707344715,1.0,0.365048660851159,5.845582266719271,0.3437911151679134
4,2,1,1,0,1.3991632585472702,0.06915246838826475,2.4609939704577135,0.032782839810971194,6.2467063359131725,3.770785587748336,0.3109281977708481,82.41379084438145,13273572923.264292,0.000719135234280448,0.24274033763534042,0.344009551260429,0.2666989877783567,0.19467438474374776,3041597.2119696764,0.03556417504100003,0.20632836841217972,0.03409244665477076,0.344009551260429,0.36257487591536164,1.0,0.344009551260429
5,2,0,1,0,4.583582834821677,0.06945322673498355,5.4695279940590815,0.013058870773822041,5.908799290160888,17.291906243547846,0.14639948525508198,70.16333170299535,17689199602.150547,0.0,0.2404971233296752,0.3444245617927446,0.2686426545528669,0.18397278495574582,1177901.9065362327,0.03608443792260548,0.21416543534027366,0.03424995364035692,0.3444245617927446,0.41650011076049787,1.0,0.3444245617927446
1,2,0,1,0,4.287441168249544,0.04846756945782481,7.661729247037015,0.005233642533078903,7.142144630408759,3.5321360854146695,0.5493572012111119,64.3023600229904,19841256642.46451,0.0,0.2675196537074146,0.34453604753720796,0.24800290936432717,0.15893592444270976,1218623.650490107,0.03075272152658534,0.17299276305918831,0.029465346723203233,0.34453604753720796,0.32009638481121977,1.0,0.34453604753720796
4,1,1,2,0,3.3361502739029207,0.07931945743059063,8.818657546666621,0.018037445662838623,1.7897447948376703,1.9494808187684958,0.1016316936073986,63.63148227569394,16129940871.211254,0.0,0.27716195892233353,0.3446212261663238,0.24440515585597974,0.20938484870069632,6709891.867776729,0.029866940104492878,0.10669407099475858,0.029247794184757734,0.3446212261663238,0.44142184168547405,1.0,0.3446212261663238
4,0,1,1,0,4.852643174557177,0.039064404425895045,0.8282701033766559,0.0755706214622468,7.398481916925769,3.4612091103514366,0.8295561455185707,83.273685834939,14272415576.245657,0.0008288138643248649,0.2247259749762884,0.3450417068847961,0.28287444560221364,0.20203989201268258,2901311.0841913605,0.04000897598737987,0.23921294537255633,0.038031390370658676,0.3450417068847961,0.2876857786608971,1.0,0.3450417068847961
5,1,1,1,1,4.200803010940776,0.0354559660802209,0.6942320170663755,0.08858005620166182,1.6799386362457296,11.292139988613476,0.07848732042996295,120.84582255395496,15182441403.759117,0.0008062689791027323,0.3015085734055278,0.345048998257273,0.22491795309246515,0.19076318996309313,5539793.896241253,0.02529404281165218,0.14649916043959643,0.024817228520430532,0.345048998257273,0.21041955593926367,1.0,0.345048998257273
5,1,1,1,1,0.39851119238606325,0.01347024906864722,8.33987913123567,0.05569038915384174,1.4797094732964493,12.391551920466611,0.7960767633208241,64.35615371975467,17018092639.835686,0.0011951818780757152,0.26121177105080384,0.34561260910576663,0.2531725501841738,0.1739147646457393,385043.1747874485,0.03204817008337899,0.18687849969028192,0.03100707657687385,1.0,1.1220703267267325,136.01825149560844,0.34561260910576663
1,0,0,1,1,1.6691263600445119,0.0626074716013275,5.4564026433921855,0.021039990708881188,4.760549047331993,16.853921433363517,0.7058973141430052,113.0266971184609,16900481935.19785,0.001246100632780725,0.2522816137306856,0.34678780673531634,0.2620314816237663,0.19640076046051733,1618552.3196035642,0.0343302486809731,0.1808783015604376,0.03315715768042222,0.34678780673531634,0.5943096427598189,1.0,0.34678780673531634
5,2,1,1,1,2.866200918796601,0.09691974997347867,2.582320093875127,0.030300149001703185,4.863211128551135,16.879655015411334,0.03787732062687698,124.24776624283768,19989955939.957573,0.0007215454683857146,0.24759808728770188,0.3470080534508565,0.2647814898584904,0.20377682605870423,3697032.5432071905,0.03505461868584093,0.2075746666105155,0.0338123554560303,0.3470080534508565,0.36491806424879547,1.0,0.3470080534508565
1,0,0,3,0,2.41931268821398,0.08443005266638848,5.947418489096256,0.0270404819358823,7.730334407487061,3.5483841197188855,0.012715017173433138,129.50678523563536,18178538762.88476,0.0012773786704562808,0.26025928529147696,0.3471751850623947,0.25558260589813014,0.16911595337697238,1249262.8169277245,0.03266123421883945,0.18058235578536752,0.03132008088572654,0.3471751850623947,0.4940658362645326,1.0,0.3471751850623947
1,0,0,1,1,1.6903334246396273,0.06311197928593378,5.327990048262547,0.02049026519867634,4.4661584224411035,7.4675636807383,0.3581599674619327,115.02408863691446,16848255848.32175,0.0012506976675843602,0.2705543599154784,0.3473680169168919,0.24821228764899514,0.16414593295587823,943559.8190133008,0.03080466986997375,0.16617186982173682,0.029600805897242687,0.538358712836081,0.4934865881952815,1.549822340048318,0.3473680169168919
2,1,0,2,0,0.6761177381197173,0.08519159681164082,1.128985973202974,0.04631885266204562,2.1601780165028637,1.0691504608635032,0.2300099235465981,83.88787363615148,13683469210.042933,0.001465545067415871,0.2818963316313739,0.34841406678146297,0.2400534286978891,0.19739370314078147,5584177.137660726,0.028812824314806258,0.17001405043734108,0.02813355234496496,0.17848910416846658,0.36749448227125053,0.5122901776535359,0.34841406678146297
4,2,0,2,0,2.3531656506877963,0.044504021273678786,9.541639091925134,0.05853099155502519,3.3388513661958608,2.646316563987682,0.8218910042719892,110.95711233064534,18348349658.982956,0.0008013831277435589,0.2662857583666429,0.3484832712241468,0.2512480074866962,0.1619503658862069,2977046.043806893,0.03156278063301746,0.1879216929302897,0.029534010958018553,0.3484832712241468,0.45722598374406354,1.0,0.3484832712241468
1,1,0,1,1,2.56423269689928,0.07672678760827871,8.764689720732754,0.027769119482667904,1.1707903253939158,1.3600923737036548,0.7412103666164446,73.6712062604536,12188865943.936268,0.0014080462874823299,0.27548590078306917,0.34896302462452944,0.24490911573004479,0.17358526348968795,1601527.5279166012,0.029990237483836234,0.17788817431091963,0.028882215492352287,0.34896302462452944,0.4704366464122902,1.0,0.34896302462452944
2,1,0,1,0,2.459162347755776,0.0642132927118677,0.9651594299668962,0.030204107614368817,5.751187541993636,1.5017789940850577,0.5525641941532412,77.5425821571039,13104882958.757416,0.0014536007969367833,0.23971802813058918,0.3491886048033146,0.2735158091353461,0.18154690187028574,1604604.1424842854,0.03740544892348154,0.21249655317462768,0.03560680235988474,0.47544586946202594,0.24833662108266777,1.361573267059581,0.3491886048033146
4,2,0,2,0,3.0832079998438076,0.09151596083780195,9.828545744288801,0.023518998979712727,0.1690196234105116,1.0433641884378253,0.6671003768623047,113.04426530165817,10761023450.156645,0.0008134451541440425,0.2401266849915309,0.350067905905922,0.2809989400063575,0.23653478711058634,5863219.478047979,0.03948020214234824,0.08955110578954228,0.038427532378818914,0.350067905905922,0.41063022537554933,1.0,0.350067905905922
1,0,0,0,0,3.4009345129338393,0.05020700199331075,4.919623057788876,0.04487020974235952,1.3970716742587312,2.21905412068547,0.16618550970705792,97.33629836593367,13832142983.632841,0.0011680460588873866,0.21793652984443035,0.35023714087970853,0.2942584303106775,0.24189779053010696,4372401.661505091,0.043294011904451916,0.2443487727753545,0.041727685968312375,0.4313350652876394,0.6196843378716737,1.2315514688254736,0.35023714087970853
4,1,0,2,1,0.9274319791161153,0.055302846296473765,3.1791852744352904,0.02177229436774513,6.012065582031491,4.604889575444048,0.8070113549007498,92.89984438016722,10396713467.655407,0.0010739354080544906,0.26250817470008786,0.3506178254727657,0.25604580138756966,0.19312425475416384,3571395.7379610986,0.032779726204101384,0.18793235695084365,0.031578751187708136,0.3506178254727657,0.3876457757723954,1.0,0.3506178254727657
4,2,1,1,0,2.1626771660560626,0.007739302342315092,4.481272120463068,0.046430298824109234,3.237205130766207,3.0402238281693816,0.750065439396574,75.04115360461353,9586665022.404037,0.0010774941173296384,0.2623344582757897,0.35068977386194217,0.2561076536482527,0.16874882298057944,337529.167360426,0.032795565128606693,0.19035014616900314,0.03164207372755625,1.0,0.9058111419846308,31.66775678421784,0.35068977386194217
5,1,0,2,0,2.0466047866828383,0.014235110220986459,9.324161064867337,0.08877815459112019,4.6640593834677695,10.060114971435162,0.7280692418648743,93.9684980942109,15093321080.21647,0.0009284201433718131,0.292915910218051,0.3508288479004353,0.23436312172221666,0.15231980589829988,305021.01792526926,0.027463036411691268,0.15987457992246468,0.02662465743006992,0.3508288479004353,1.0120197646399216,1.0,0.3508288479004353
0,1,1,0,0,0.3690464128860138,0.03392563485080798,6.338507847649309,0.060365718935041675,5.325359312145909,16.42548016531017,0.4924685260654209,89.52776543186478,16672478139.33826,0.0006820139181136708,0.23883397619513638,0.3508879134315056,0.27537437622860034,0.2284027313454055,5656527.98735883,0.03791552354164537,0.21975990221343844,0.03667366446910715,0.3508879134315056,0.41342193420662254,1.0,0.3508879134315056
2,0,0,2,2,2.5166663380132595,0.05105271393456529,7.948443342320955,0.021872371981229072,2.983152719166701,13.257546298125222,0.28800073580415947,104.74847221405969,13942825447.17933,0.001301243939220992,0.280563755603259,0.3512718049618813,0.2431659188594472,0.19619495433020495,5966807.496488564,0.029564832047379627,0.1712013386563841,0.028655685008549016,0.3512718049618813,0.5700072173133166,1.0,0.3512718049618813
5,0,1,0,1,4.057460936150122,0.08242486391761823,3.6639901090516647,0.08941227191702912,6.852296961998474,17.508465814867215,0.4683461200103736,116.06887136048053,17639567456.363323,0.0012247451538052352,0.27827902743598637,0.3527187606971735,0.24567219796528056,0.2075949150118713,6019053.9221193995,0.030177414426546003,0.17726681587930404,0.029382127182476903,0.3527187606971735,0.4571211757052218,1.0,0.3527187606971735
4,2,0,2,0,1.279067475433524,0.06193420999316414,5.1426325367447925,0.044533291190127534,6.801204484454139,4.688457249877779,0.7129941128442838,124.70027987417126,14333803953.933096,0.0007058983111281324,0.25790314713109797,0.35314896645890065,0.2610769801279893,0.19528278484286998,3296840.102682195,0.034080594776375255,0.2032904561079908,0.032660863338960414,0.35314896645890065,0.38463531142724444,1.0,0.35314896645890065
4,2,0,2,0,1.6041596005426901,0.045767014883760095,4.07413437150991,0.03548418352752377,4.975186296244365,7.242704428102155,0.5368324271814133,117.94660504381312,9949377525.846037,0.0005282820605388319,0.25143958684947426,0.35319267158489653,0.2662673373588392,0.2018089401848284,3005883.335470931,0.035449147472082936,0.21150801129095032,0.033961563791867454,1.0,0.38005791834781466,35.123543983650045,0.35319267158489653
4,2,1,1,0,0.5030941754211291,0.009914733886670631,0.7711875918228458,0.04535376879211515,1.2330873330361838,3.768089421012751,0.6375743364914943,79.36435926135215,10629823341.874422,0.0,0.2188175633128474,0.35368890780938217,0.29503549423923,0.19444953942006374,894451.4555974638,0.04352297143049336,0.2689416258009356,0.04122171121092349,0.35368890780938217,1.3241299193818459,1.0,0.35368890780938217
5,1,0,3,1,1.1494566375952064,0.08393630081135872,6.193508572261492,0.05680462502597529,6.117939496993878,1.2922822517971255,0.030573797618727687,72.43490884403779,19674456732.26828,0.0013438270470217204,0.28340947555433527,0.35421032039559835,0.24384749473788658,0.20635099447441602,7288034.526939603,0.02973080034497181,0.16066940363348137,0.029077605721896244,0.35421032039559835,0.560019574018513,1.0,0.35421032039559835
4,0,1,1,2,2.278892271850385,0.006274013523860904,0.9173831219334825,0.02312652972038933,8.409902599079851,4.708621268303126,0.7509459461617557,75.92886432995294,11084473708.79632,0.0011124563869557586,0.2955945363223997,0.35427291842935243,0.2348851874629477,0.18274636523738563,5275505.06176987,0.02758552564475204,0.16149939779318612,0.026784544274695076,0.35427291842935243,0.305741417705662,1.0,0.35427291842935243
5,1,1,1,1,0.9610261844773427,0.09704649360914908,4.7360979663432365,0.07070332088936805,6.132471762944645,2.42145176884151,0.11800908348021806,98.35456716170177,14777572545.577269,0.0006434329996540309,0.26658534249615484,0.35453509230286,0.25536211640203654,0.1896743216007505,4884672.892702064,0.03260490524666363,0.19529572638169668,0.031121561738579485,0.35453509230286,0.4053493073793132,1.0,0.35453509230286
2,0,0,2,2,2.5166663380132595,0.049964748125254796,8.112207859819048,0.021872371981229072,2.983152719166701,13.257546298125222,0.28800073580415947,104.74847221405969,13776933175.292355,0.001301243939220992,0.2812172423396921,0.3550204111762543,0.24535880642314534,0.19735114120364816,5998400.871180068,0.030100471944695253,0.17398805542104123,0.029148196469939602,0.3550204111762543,0.5738100938040264,1.0,0.3550204111762543
4,2,0,2,0,3.372183742600216,0.08926182612834291,7.093457985918534,0.04007835537148003,7.280585126972417,1.9343423178586023,0.5406758262434205,112.33124301469637,18146814692.087135,0.000762218504404118,0.2426519862749349,0.3550548582430032,0.2749725052883637,0.19010749580939934,2417219.927841638,0.037804939332279595,0.22599399640459206,0.03566683535555154,0.18479723696105313,0.4174075508986831,0.5204751679093376,0.3550548582430032
4,2,0,2,0,3.372183742600216,0.08926182612834291,7.093457985918534,0.04007835537148003,7.280585126972417,1.9343423178586023,0.5406758262434205,112.33124301469637,18146814692.087135,0.000762218504404118,0.2426519862749349,0.3550548582430032,0.2749725052883637,0.19010749580939934,2417219.927841638,0.037804939332279595,0.22599399640459206,0.03566683535555154,0.3550548582430032,0.4174075508986831,1.0,0.3550548582430032
4,2,1,2,0,2.3230288722328845,0.044257050767478164,9.883021927803087,0.0617838660797649,2.9975622597936153,2.1804261760019923,0.8055265854098675,109.53797258689966,18363024893.463104,0.0008048528984824183,0.2701296308252944,0.35514393883941564,0.2531746640078509,0.1657079955903875,3053187.1821722994,0.032048705247744086,0.19141394966067882,0.02996682114314312,0.35514393883941564,0.44726555495155845,1.0,0.35514393883941564
3,2,0,0,0,1.0961604325414303,0.01956287868133424,2.3165173515144035,0.04375548218220511,2.04933963655024,6.2276200602131215,0.27466142621252143,116.54574579909705,12161411935.175375,0.0005830971387910772,0.2847495627757679,0.35535943579755286,0.24334104431364828,0.16277515666202522,226890.76432022313,0.029607431923828465,0.1669068455127588,0.028710975582272313,0.35376020749650794,0.7971781162158724,0.9954996880905789,0.35535943579755286
1,0,0,3,0,0.6489104763883755,0.0970132284571231,2.0277560622776587,0.02289523388358885,5.442588888844623,4.051235353149084,0.1756527582299365,99.08161468436418,10566498308.37995,0.0006166190667822292,0.2881556704122054,0.3554317737127095,0.24104539918575218,0.20443147015724636,6786476.782460526,0.02905144223430931,0.16349052475526538,0.028534389850385717,0.09910954962123666,0.5931043784509757,0.27884268360696846,0.3554317737127095
1,2,0,0,2,0.17331332234857438,0.08243647420076905,5.217103517415676,0.01352412731206869,5.548748398148732,4.7008288369958695,0.8134027814665925,61.43837073640589,12482662628.388119,0.0,0.25768144313424846,0.35598132902500423,0.2636316205847345,0.18200774146225157,1709071.703825659,0.0347508156860667,0.2020644334416094,0.03337710801075013,0.35598132902500423,0.33658573226950056,1.0,0.35598132902500423
1,0,0,0,0,2.6573237431428867,0.05534759926530675,4.2467339135832445,0.04288184774820767,0.6270744683657438,2.141257073824681,0.20550904229008485,115.04598624774275,11563382318.963173,0.0009475569830419145,0.27648610438597104,0.3562879502305927,0.24984175354981467,0.164043879467133,957357.7283735331,0.031210450908423167,0.17674795516801245,0.029977862994340125,1.0,0.46171572571002295,6.927024714867443,0.3562879502305927
1,1,0,1,1,2.550335205117678,0.07677469004702973,8.760762503276624,0.025399659574382085,1.2545307326397457,1.4221316764166958,0.7533369565577297,73.42909078354606,11957836247.060738,0.0014214157539725587,0.27932938486649717,0.35630422437108306,0.24734614142217995,0.17675448291519333,1546482.8376757496,0.03059005683822052,0.18169790939988084,0.02946229586186433,0.17661753935518923,0.4711127194978366,0.4956930826934174,0.35630422437108306
1,1,0,1,1,2.550335205117678,0.07677469004702973,8.760762503276624,0.025399659574382085,1.2545307326397457,1.4221316764166958,0.7533369565577297,73.42909078354606,11957836247.060738,0.0014214157539725587,0.27932938486649717,0.35630422437108306,0.24734614142217995,0.17675448291519333,1546482.8376757496,0.03059005683822052,0.18169790939988084,0.02946229586186433,0.35630422437108306,0.4711127194978366,1.0,0.35630422437108306
1,1,1,1,1,0.21078141686382096,0.02366672112248443,4.514588411605654,0.0636314368551927,3.8426807341440052,7.277126255735027,0.6779940678950493,100.48272249726193,17489978659.55914,0.0013521301375189964,0.30073060353411396,0.35732238788256665,0.23375747445736286,0.15742148099746764,543902.152157771,0.027321278432342326,0.15645761833640126,0.026353227380493102,0.35732238788256665,0.6063893752095112,1.0,0.35732238788256665
4,1,0,0,0,1.4205885770318327,0.06660863235688448,2.1120166724630733,0.03133365520020335,5.23787671488888,16.791610212827152,0.20448705970377373,112.28648681846462,15764906911.157768,0.0005098587249360979,0.2698834924160725,0.35736281074218473,0.2551858159176316,0.20225251018129142,4371408.343367053,0.03255990032277369,0.19014604078141129,0.03161662070532588,0.35736281074218473,0.34983608613450495,1.0,0.35736281074218473
2,0,1,2,2,2.4694129871147465,0.05127821248044893,7.74097057173996,0.022460764662806193,2.937864004370867,13.173471223591983,0.258971920450002,107.76615662302989,13889801537.83833,0.0013203029280167617,0.28022802271230823,0.3575798225794083,0.24787862418524456,0.1970377694929528,5968229.312565742,0.030721906163984857,0.17728953880033027,0.029685432689646452,0.3575798225794083,0.5438513297823497,1.0,0.3575798225794083
1,0,1,2,0,1.7446831036453248,0.036128107197938596,6.718160471002394,0.07910186085852396,3.9391882962557005,5.901829002687396,0.6052057611832569,77.76213424722924,12799531923.506351,0.0011947062046643714,0.2516710978820688,0.3578793623859721,0.27027304260247775,0.18018426499856277,1047475.5566325559,0.036523758778800375,0.20543147042810161,0.03500873714766368,0.3578793623859721,0.4586105728797937,1.0,0.3578793623859721
5,1,1,1,1,4.293549480091436,0.03633841285078915,0.787747905303782,0.09013733227431692,1.5666375516856452,11.549533703787397,0.09766123302560505,120.24447118341274,15117015437.07404,0.0008031024182691404,0.2976317212793678,0.3582110310312641,0.23615717225742644,0.19678561792199656,5589748.970808547,0.02788510500431189,0.16411776644370824,0.02725790004026302,0.3582110310312641,0.1779575765108063,1.0,0.3582110310312641
1,0,1,3,0,0.6207715117012302,0.04375595932394029,8.822968405930391,0.034164176227370294,1.5333432311296864,3.2464607532568652,0.3951114180470848,98.79428849799874,11706701789.176065,0.001127205071088505,0.24437006039440137,0.35887489418855356,0.2778048503763276,0.2392873543045283,6306537.885078372,0.03858776744630688,0.20495923445304176,0.037528321839332066,0.35887489418855356,0.7350413265153305,1.0,0.35887489418855356
3,2,0,3,0,2.498611957353358,0.0249860315464744,9.886275484092291,0.09838751261913985,8.104780011318715,8.088098642446573,0.23848700860181385,71.83603239206221,15855996564.117466,0.0005160794837513442,0.23738103815529274,0.3592756997100162,0.28330558454470306,0.24128644480660436,5308565.980287429,0.04013102711710794,0.23077272629943657,0.039047309847218784,0.3592756997100162,0.5114025092630774,1.0,0.3592756997100162
4,2,0,2,0,1.0526791141047618,0.07256252066126313,6.8224936340111295,0.0036700865015780017,2.9812228434144594,1.8106984278916656,0.6591761067173831,124.17362638221346,10887730438.32431,0.0,0.2586169710572387,0.3598194165022437,0.2654290265154483,0.17579287138987185,1157474.4754271284,0.03522628405846928,0.21062833233863143,0.033855904954944824,0.3598194165022437,0.3541584576790589,1.0,0.3598194165022437
2,0,0,1,1,0.9310265363338595,0.026659192274483132,9.840790774494634,0.09970085113980663,3.0557571665434766,13.479524979138523,0.2036750027314573,86.70062053634149,19409854919.15445,0.0005516559705151312,0.27290608693791335,0.3604802841273774,0.2563939081198659,0.18060698767796446,216694.0204758519,0.03286891806048912,0.1689208875561533,0.0318365521375862,0.3604802841273774,0.738308617016763,1.0,0.3604802841273774
5,1,1,1,1,0.4377321986354748,0.012022602799593302,8.421322903365354,0.057030957133314256,1.4297481844757114,12.261658840302667,0.8170592817632333,63.96943328165776,16994711894.735806,0.0,0.29791802893509817,0.36093176794404525,0.23819920600515754,0.16029508378636545,629351.7134738876,0.02836943087074374,0.15957879996254642,0.027537736934255815,0.36093176794404525,1.604088668745005,1.0,0.36093176794404525
4,0,0,3,0,0.7005636349672697,0.024634822955741157,6.644585607687676,0.07627533389293219,4.048503851767933,9.73461700720581,0.27165902933877384,86.68419236258117,10782938770.088236,0.0013807381939242218,0.2704259337805896,0.3618335352331996,0.25786984198685675,0.1733303677681093,425393.2222023807,0.03324842770316323,0.19655834380671333,0.032080748475102366,0.2501173852835497,1.0060732999461457,0.691249873017852,0.3618335352331996
1,0,0,3,0,3.7999617612822227,0.08346288185588858,6.021749249548272,0.023923578492738233,7.719897234403229,3.249264320237568,0.02354110340737802,129.36009404996574,18206245380.928402,0.0006888699864442502,0.2610317859296823,0.3620642164863461,0.26583082753574117,0.17618619508919217,1071633.011671584,0.035333014434168475,0.1988094647626345,0.033850621137868325,0.3620642164863461,0.4353710039469968,1.0,0.3620642164863461
2,1,0,1,0,0.55172226362756,0.08320083162236992,7.574496273949665,0.019621956149369603,9.382854175111024,5.150119101420878,0.3670183506624126,80.0670507960145,15222407731.841246,0.0008791257975303817,0.29388737973971774,0.3623872610293685,0.24146968670226118,0.1897977905737782,5860178.68554705,0.029153804798044088,0.17211214631130078,0.02836958771615917,0.7172201361195539,0.3984095444465501,1.9791538314075259,0.3623872610293685
2,0,1,2,2,2.643620368256771,0.04108703539919769,3.5292568508177316,0.05707487997106656,0.6391387027670867,11.930529258884201,0.12465707607559096,90.72284833197708,11475974486.245338,0.0006391044915322234,0.28229829824463837,0.36239258410734415,0.2495149801553836,0.17191115994838846,3470383.4106228654,0.031128862660970737,0.18447547771874906,0.029471536597350533,0.36239258410734415,0.3973352873121565,1.0,0.36239258410734415
2,0,1,2,2,2.643620368256771,0.04108703539919769,3.5292568508177316,0.05707487997106656,0.6391387027670867,11.930529258884201,0.12465707607559096,90.72284833197708,11475974486.245338,0.0006391044915322234,0.28229829824463837,0.36239258410734415,0.2495149801553836,0.17191115994838846,3470383.4106228654,0.031128862660970737,0.18447547771874906,0.029471536597350533,0.36239258410734415,0.3973352873121565,1.0,0.36239258410734415
2,0,1,0,1,0.42211561054632474,0.016609446050064758,3.9113181827028707,0.045325454989896145,9.995562568744667,8.869830053573112,0.4648286201764595,97.34415871396686,18423700624.138023,0.0005884414534833124,0.2766622186476466,0.3624462127598241,0.2538171215864264,0.17863271820994645,134266.5147867988,0.03221156560520938,0.18752487755845781,0.031286963792843105,0.3624462127598241,0.5448921058328398,1.0,0.3624462127598241
4,1,0,1,2,1.8363724180479937,0.09107135586408535,8.330744483789491,0.0788154748340667,1.287049841112365,1.817746126756517,0.39174578341913785,63.80095230220899,9801422091.754765,0.0012206369581790808,0.26725281107804005,0.36255872115800153,0.2630175755880611,0.2219316994410542,7806018.054299468,0.03458912253411072,0.1629511263210176,0.03384466164025661,0.36255872115800153,0.6088646191988903,1.0,0.36255872115800153
1,1,1,1,1,4.266126512765551,0.043229600777814084,8.760459547779606,0.09111885778356593,4.920087091275668,6.819222294653471,0.5967041166473138,99.12474648627853,19748406081.661198,0.0011634666555626531,0.2716758058365254,0.36277078738514973,0.2578690479712808,0.17936785698778124,3723530.9089584043,0.03324822295080736,0.19150664693306774,0.03172745972432816,0.36277078738514973,0.4200073505700045,1.0,0.36277078738514973
1,0,1,2,0,1.6974375369666466,0.037038067903997995,7.0806747149405815,0.07849181472841434,4.15923047896992,5.699784609547521,0.6047597856155332,76.24277034048329,12730275983.045322,0.0012041927524041626,0.25656193351955875,0.363367798713237,0.2703746338054544,0.1797947185842277,1019574.2985902398,0.03655122130271678,0.20595542026738933,0.03503149194615658,0.16325556689755355,0.463121293477134,0.4492846297213908,0.363367798713237
1,0,0,1,1,4.487294122886264,0.07393927710605344,4.841632019309842,0.03975930776900259,2.2885198951836525,1.6924956061104623,0.2948067663143883,67.8237475744519,11569562871.288742,0.0012680993031006504,0.28977727644371876,0.3640334212875454,0.24565141363037135,0.15380848439691985,989430.2226913637,0.030172308509299896,0.1737383639281881,0.0288693419340511,0.3640334212875454,0.49980222161624954,1.0,0.3640334212875454
4,0,1,1,0,2.3506016339819387,0.02243249346444758,0.4983543051622291,0.09603809168788062,7.146846702071553,1.9835789426303947,0.7852575276176006,67.78964753939397,11190522316.79826,0.0012525866352080485,0.2874681085959953,0.3647165097569579,0.24770001961134241,0.1954201014932547,4556570.027596625,0.03067764985772971,0.17736072804014502,0.02973619917798943,0.3647165097569579,0.28506397547971624,1.0,0.3647165097569579
2,0,1,2,2,2.6119870805246705,0.03899350344229035,3.6847099267806516,0.0543415851810762,0.5959150157072014,11.775385702248276,0.1289231241553249,90.34316637793466,11470765391.70853,0.0006130960968981612,0.2827415763875395,0.3648000051337811,0.25095668694934764,0.1746169391008099,3505952.842608418,0.03148962936229644,0.18512280229134281,0.0298679014649085,0.3648000051337811,0.4014817747246967,1.0,0.3648000051337811
2,0,1,2,2,2.6119870805246705,0.03899350344229035,3.6847099267806516,0.0543415851810762,0.5959150157072014,11.775385702248276,0.1289231241553249,90.34316637793466,11470765391.70853,0.0006130960968981612,0.2827415763875395,0.3648000051337811,0.25095668694934764,0.1746169391008099,3505952.842608418,0.03148962936229644,0.18512280229134281,0.0298679014649085,0.3648000051337811,0.4014817747246967,1.0,0.3648000051337811
3,1,0,1,2,0.7246617269228718,0.08598128039191201,1.4732870414363557,0.02290515294960697,1.7145104819023644,1.819766302011439,0.40482011658256195,108.42683371769972,10877983315.483429,0.000950791107844619,0.26130240676024236,0.3650256121747973,0.2670453403142665,0.1934171022816025,4020081.331739713,0.035656606891781205,0.21479498114655304,0.03415099079100816,0.3650256121747973,0.3709769919772806,1.0,0.3650256121747973
1,2,0,1,0,2.6789442301145474,0.07437892949249002,2.681637768631537,0.012493807331302665,8.393785904418204,7.225015753539819,0.5924520215999719,77.1464035800979,18146616279.142097,0.0,0.2705853834572768,0.36514350649451566,0.2608819365241245,0.16975816039696312,972332.5279996705,0.03402969240228867,0.18696928871318597,0.03263430626632983,0.36514350649451566,0.29998246623949393,1.0,0.36514350649451566
3,2,0,0,0,0.5670486756274502,0.08964462794487642,6.524433386357526,0.02091814310836247,1.2616058145013698,3.619970136099305,0.7213578413091271,117.32126120976388,11149451356.225056,0.0006159380311334204,0.3117920276139899,0.36569619459210284,0.23326467227625042,0.19455815290470577,8075590.218184234,0.027206203666073257,0.1358043622729198,0.026794034373654053,0.36569619459210284,0.4210759002156454,1.0,0.36569619459210284
3,1,0,2,0,0.8568936109067419,0.05926034273981574,3.7751394418854143,0.023457077125813703,3.927583443908193,10.484125254411,0.5428746962932596,128.30773242135336,12626902296.295902,0.0007175637973281391,0.2996215756980149,0.36658185818917804,0.24058650141190893,0.19307305802356067,4672933.395066727,0.02894093233081123,0.1680794093624738,0.02811878513654576,0.36658185818917804,0.3599746930059954,1.0,0.36658185818917804
4,0,1,0,1,0.9195390448615696,0.021321448615539116,8.34285936185341,0.02961809047820163,3.3609268562635664,4.590523774523386,0.25499484262198124,125.65220884751685,15305705265.54129,0.0013331624490382436,0.27090214023598025,0.36711653783041126,0.26202534810055494,0.19212205891865633,4980918.8033198295,0.03432864152360849,0.18930593922995642,0.032530325054605104,0.36711653783041126,0.5371455002747971,1.0,0.36711653783041126
1,1,1,3,1,0.24373908888594756,0.022230785005160316,2.8202281508569222,0.0017351884351339887,5.791675605605713,3.910963912091526,0.10768917667266152,108.30611346966796,10838825063.685398,0.0,0.2577069036962526,0.36725653327672253,0.27145993606651225,0.19567995915873512,1153848.2545295036,0.036845248444617465,0.22411293352452877,0.03556093888964449,0.36725653327672253,0.40126683647668554,1.0,0.36725653327672253
1,1,1,3,1,0.24373908888594756,0.022230785005160316,2.8202281508569222,0.0017351884351339887,5.791675605605713,3.910963912091526,0.10768917667266152,108.30611346966796,10838825063.685398,0.0,0.2577069036962526,0.36725653327672253,0.27145993606651225,0.19567995915873512,1153848.2545295036,0.036845248444617465,0.22411293352452877,0.03556093888964449,0.36725653327672253,0.40126683647668554,1.0,0.36725653327672253
1,0,1,2,0,0.6985872359352533,0.04259410689404763,9.832600202007804,0.06883507074009604,3.1829773475619034,2.845135575776144,0.438612574949068,91.92550413488911,12832500403.396177,0.001014731987468074,0.2736645169763195,0.3673316469850471,0.2604754484642057,0.2291108133899246,7112024.886650022,0.03392372962631454,0.17958907922603717,0.03326519149144945,0.0875447339658059,0.6731381248393378,0.23832614119787388,0.3673316469850471
2,0,1,2,2,2.637232977102525,0.04164876552462495,3.537791377840633,0.05510497250856314,0.4861508796855177,11.82863262466111,0.13148065352171553,90.77887000349051,11710289815.075815,0.0006508719443433759,0.28240573458158036,0.3678162887544782,0.2531903614928709,0.17225676948709867,3396471.0190324155,0.032052679576445316,0.19054671866908357,0.030264423678257078,0.3678162887544782,0.4042230716224938,1.0,0.3678162887544782
4,2,0,2,0,3.8623878307334403,0.07417379825003093,6.049966964202125,0.039448010399795876,4.548570301026084,8.411187422583438,0.5531668508517656,109.04430974187451,17386883963.818707,0.0006458466532395065,0.26186962485810217,0.3678773454208227,0.268687784094867,0.18864128961092688,2313423.671551346,0.03609656266090493,0.21735094470242,0.03407050280566119,0.3678773454208227,0.4111919107875421,1.0,0.3678773454208227
2,0,1,2,2,0.6831943232247194,0.0811806996871037,1.4825442655812644,0.09767144074567842,4.48098407057369,8.071522529534226,0.7599966468115271,113.42406452578236,10149833156.489285,0.0007313271796818532,0.2791903212342758,0.3679175834558079,0.25792554945043056,0.2134157534240234,7354291.753723843,0.03326279452965325,0.15417032953469656,0.03238395481013745,0.3679175834558079,0.3120760235644571,1.0,0.3679175834558079
3,2,0,2,0,0.8466900501575898,0.0920819653420624,4.065545299966464,0.05548869950368293,6.196048149417101,6.10747165462623,0.6155426504864353,127.12906054875106,12190803973.51464,0.0005337780525674172,0.2822792741324449,0.3693176212622256,0.2543661156274655,0.20082733631923286,4084048.3119494696,0.03235106038970258,0.19161449909864814,0.031210747900705556,0.3693176212622256,0.35889926801343897,1.0,0.3693176212622256
5,1,1,2,0,3.806015959948067,0.01045476836498654,7.602899054210604,0.023455483434205518,2.899176626648619,16.32611024737193,0.4038612560173522,126.55744249056929,12217610492.487728,0.0013450114378388966,0.2882242287250732,0.36944685550940726,0.2501274063661685,0.16687790350087192,8001049.9520157175,0.03128185970773319,0.18649130400325453,0.03017267579901493,0.36944685550940726,0.7083200768968665,1.0,0.36944685550940726
3,1,0,2,0,2.0335285813206867,0.050612516855086005,6.567961073289905,0.0510185576657098,0.42651446786753977,5.907815057951918,0.5235876813387855,94.91257381084742,18592801954.9631,0.0011064545469038128,0.2820196636421748,0.3699398426757924,0.25805729613968353,0.22568629217631125,5832017.868584144,0.033296784045462165,0.13960481658266932,0.032632924860847685,1.0,0.46860646548716656,2.859498702626407,0.3699398426757924
4,0,1,3,1,0.12317513975286394,0.01701103647529291,8.631742385449776,0.08536388776523607,4.2237544896603465,2.1725779850877847,0.8153305595624543,92.0093222999884,10961202228.094822,0.0014118433108884574,0.22285361544882587,0.370003074258335,0.30412797971394767,0.19291117737011262,380885.50133627176,0.04624691402244368,0.2909225270269641,0.04312353845348871,1.0,0.8909070154045661,2.8236377005754445,0.370003074258335
1,2,0,3,0,2.0616417006749974,0.08244512650847047,7.060447275693185,0.0372127886164586,6.392072224651886,5.795223604150285,0.18993592669384304,89.13497125664375,9486283860.967558,0.0006863753715298657,0.2399669524643615,0.37012787268743447,0.2892187372513676,0.2163817188267237,3032267.0301057096,0.0418237389886378,0.24507683568994476,0.04013911647291315,0.37012787268743447,0.5518361669373222,1.0,0.37012787268743447
1,1,1,1,2,4.272583385626671,0.04350307716312131,8.739347505470988,0.09140645127872248,4.929379912845498,6.863964164641652,0.595420406492984,99.16343583095042,19738353308.052135,0.001166287239590835,0.2765536476510971,0.37032506532588544,0.25963677388606293,0.18157262534647653,3677407.636169139,0.03370562717698128,0.19321045704759698,0.032165238956149714,0.37032506532588544,0.4389460195329456,1.0,0.37032506532588544
2,1,1,1,2,4.246450545102158,0.09092165663452718,9.322619393841787,0.05580610222606058,3.8903165274416147,9.918308387127043,0.015584825273741828,79.28493683941656,14635380295.280354,0.0011316940362798883,0.28413192126719655,0.3704310448000021,0.2549406700696617,0.20144965718950306,4799613.287757062,0.03249737262778405,0.17104375220578993,0.03134045677488413,1.0,0.4709539781062949,4.936429246876866,0.3704310448000021
1,2,0,0,1,0.30425677401234197,0.08997723881806298,1.9900601314561084,0.025077140788134677,4.48292032893707,2.9702424780906793,0.6745260227857247,77.7079763992247,11606830478.542248,0.0009486661229707464,0.2787999937032694,0.37072314417341995,0.25808909345433395,0.19049812020476842,1540202.064505001,0.03330499008003996,0.19376942347889525,0.032169562512395104,0.37072314417341995,0.40062241621233047,1.0,0.37072314417341995
4,2,0,2,0,1.4221888023625953,0.061899648260957466,5.597229260307766,0.053148791788366026,5.917879940367633,8.147791728607379,0.5739841434543177,123.90825593983492,14194508263.80203,0.0005470522225418221,0.27200520768438324,0.37086348401474856,0.26292423620178407,0.19540405959868518,3524435.6539222514,0.034564576991145776,0.2083726664708121,0.03292274126910649,1.0,0.38543784277159193,12.41766401449142,0.37086348401474856
4,2,0,2,0,1.4204344002390896,0.06186967561218896,5.596254707819869,0.05316938416095459,5.919870668166501,8.133574030819007,0.5735868774830029,123.92409340231393,14190920533.916348,0.0005467672267084401,0.271911406510108,0.37108670030238594,0.2631533613876039,0.19542166301108627,3518678.0796529003,0.03462484580479743,0.20876920272434474,0.03297407801492475,0.37108670030238594,0.3854085115482301,1.0,0.37108670030238594
2,1,0,2,0,1.0839738229008777,0.09490318613267457,8.263576009723991,0.008387969514661068,1.479784723234128,13.393781081448733,0.09071910260013483,78.0942466823955,14376190106.20708,0.0,0.25718896082128356,0.3715689495920502,0.275092870116969,0.1979581922141701,1863291.7421985662,0.03783804359459578,0.22968806130198305,0.03642129721744876,1.0,0.35586737828520254,5.736064289461766,0.3715689495920502
4,0,1,0,1,2.207202556544142,0.06668291635669324,9.660375795152415,0.007319516247199962,5.600114571943785,16.416831087618082,0.3445763792831445,122.42409763461606,19003473776.667656,0.0,0.270372277042092,0.3718854203108678,0.26489340996127664,0.15887216016613848,363738.50558718457,0.03508425932045648,0.21178282326405418,0.03277293362510516,1.0,0.45045555255007447,7.392160305476952,0.3718854203108678
4,2,1,1,0,3.028587667057544,0.06915246838826475,0.7813733042753701,0.032782839810971194,6.2467063359131725,3.770785587748336,0.3109281977708481,80.68431849223,13273572923.264292,0.000719135234280448,0.2950047916771187,0.3723827173382509,0.24767603365439422,0.19225458050638694,4865936.190074296,0.030671708823386313,0.17747902968238094,0.02973641256994005,0.16920140151751656,0.27157489147169145,0.4543750116196284,0.3723827173382509
4,2,1,1,0,3.028587668595995,0.06915246511145103,0.7813733038423772,0.032782838738680896,6.246706334398638,3.77078558674923,0.3109281988432334,80.68431849266277,13273572923.264292,0.0007191366802791851,0.29500479458717643,0.3723827386922464,0.24767604655606226,0.19225453750263818,4865934.912031728,0.030671712018820362,0.17747903982286173,0.029736414950863238,0.3723827386922464,0.2715749237807908,1.0,0.3723827386922464
1,1,0,1,1,1.616148670997231,0.03981067235533997,6.335873737983188,0.02109033493232549,0.3225033452004438,2.7593902913146167,0.4982868893986423,66.4882483989176,10621514477.524874,0.0014750117315736973,0.28949844614974296,0.37289164300668753,0.2518907482798544,0.18699129870424902,1572812.4966158974,0.031724474534492494,0.1834524664709105,0.030705302182031168,0.27489327538497293,0.5152871127273636,0.7371934462474476,0.37289164300668753
4,0,1,1,2,1.8329583051478524,0.029041661270189287,1.9885238537297274,0.04245820469210322,1.1048345335863812,1.1091464608721364,0.4431266394811182,79.73052978767815,10225183371.076742,0.0007952426599824037,0.29715113819124545,0.37395101898659533,0.24754686982851237,0.1922754272283797,5389150.741297214,0.030639726380947228,0.1718306069900316,0.029531771045591283,0.37395101898659533,0.390468895437701,1.0,0.37395101898659533
4,0,1,1,2,1.8329583051478524,0.029041661270189287,1.9885238537297274,0.04245820469210322,1.1048345335863812,1.1091464608721364,0.4431266394811182,79.73052978767815,10225183371.076742,0.0007952426599824037,0.29715113819124545,0.37395101898659533,0.24754686982851237,0.1922754272283797,5389150.741297214,0.030639726380947228,0.1718306069900316,0.029531771045591283,0.37395101898659533,0.390468895437701,1.0,0.37395101898659533
3,2,0,3,0,2.4923901360097367,0.024683514028944226,9.887664944338434,0.09808955686077026,8.121104514701083,7.958590758737312,0.2429958506721026,71.70450270429055,15913921856.132992,0.0005172610043731419,0.2877802289108235,0.3740385966996295,0.2539295302403004,0.167183900747198,412277.95418439974,0.032240103164029824,0.18599440432535064,0.03108304788696223,1.0,0.7078409687388103,97.52355972690522,0.3740385966996295
5,1,1,1,1,0.9292241198215533,0.012777437044755664,9.312571770504393,0.04935486279634997,2.9618772997602627,4.113219871656309,0.1923623816371903,94.53932468004598,15754091181.097277,0.0009375479188983425,0.3266026764075961,0.37426747290949985,0.22833323669833597,0.1591253207968388,114179.74686456186,0.026068033490569163,0.1522691049666156,0.025377306321030656,0.37426747290949985,1.3846775705262848,1.0,0.37426747290949985
5,2,1,1,1,0.6905773643574662,0.03122557272734534,4.370712065666951,0.037429832524936604,6.943378507470089,2.2320097590471386,0.47517552205598795,82.76644147468365,11335614544.349068,0.0013305334341875258,0.293466382768321,0.3745034016087538,0.249912887003753,0.20547045821654467,5355922.021285064,0.03122822554527531,0.185812979320925,0.030403099801371375,0.3745034016087538,0.43935113812834914,1.0,0.3745034016087538
4,2,1,1,0,3.111975345738995,0.08408356035705151,5.437169204703098,0.035318047258295994,7.3266941868057405,6.73056058613787,0.39463819636071723,70.69062050981508,13594183202.867386,0.0006188756099785849,0.2494749799922148,0.37461898280415445,0.28389070739708316,0.19834108754238833,2149273.1517342096,0.04029696687320814,0.24382569762464612,0.03806131795656048,1.0,0.4023784563273344,7.801951011957907,0.37461898280415445
1,2,0,1,0,4.639690957657497,0.08657191039559659,8.60494323912072,0.008440557076892721,8.131839638456738,1.0098986904841776,0.4027021962977279,89.74330043354364,19348591328.595375,0.0,0.2767677192708768,0.37572397832496063,0.2636429252284478,0.17409564125095423,943594.0299220405,0.03475379601150646,0.19269750355665893,0.03330414905362375,0.37572397832496063,0.3266218474674756,1.0,0.37572397832496063
1,2,0,1,0,4.639690957657497,0.08657191039559659,8.60494323912072,0.008440557076892721,8.131839638456738,1.0098986904841776,0.4027021962977279,89.74330043354364,19348591328.595375,0.0,0.2767677192708768,0.37572397832496063,0.2636429252284478,0.17409564125095423,943594.0299220405,0.03475379601150646,0.19269750355665893,0.03330414905362375,0.37572397832496063,0.3266218474674756,1.0,0.37572397832496063
5,2,1,0,1,0.9988942537951339,0.0828360386630451,9.720716290983496,0.061439080119340746,5.967211824501343,1.2002663637927262,0.480960288874576,92.74273768603283,11467662776.092253,0.0009666098925231901,0.2836666611186582,0.3758545566320174,0.25784592200093864,0.20070827453718035,5812765.900711562,0.033242259746257066,0.19790191772198118,0.03187521084120443,0.3758545566320174,0.45775996015920445,1.0,0.3758545566320174
1,2,0,1,1,1.5192768808128396,0.03982742602777797,6.4873862600081065,0.020626086912364942,0.434907758053969,2.353467749179147,0.4869629869956003,66.26870163698335,10662047552.844727,0.001459461419036312,0.29589722738001234,0.376262912082242,0.249411730415481,0.18425199118089208,1378535.8460975178,0.031103105634422284,0.18502787300392287,0.030036578531469214,0.376262912082242,0.510587983888699,1.0,0.376262912082242
1,2,1,1,1,0.44646085763657795,0.06996368170347664,6.014610825591863,0.03359981561119861,0.5752783345799649,4.5980931227097415,0.039079208902834665,95.74091333043542,13910455719.725466,0.001175679400108329,0.30260569517056135,0.37658584756929575,0.24536013612934499,0.16297067088736955,1080385.3586998996,0.030100798200705353,0.17302812821858848,0.028889106341307966,0.12570516256175557,0.4403703988875096,0.3338021419900133,0.37658584756929575
1,2,0,0,1,0.2741201615016514,0.09008767293237019,2.0339224645531866,0.025320827338431478,4.488165224816126,2.9703025597413775,0.677032124918207,77.92322370792203,11608695293.588707,0.0009501866377609584,0.2815654943622267,0.37693708939898896,0.2603665760407655,0.19281154858830651,1537081.6209966568,0.033895376959595866,0.19765713265671547,0.03273948398551634,0.3506716400095343,0.4037526243885541,0.930318745148338,0.37693708939898896
1,2,0,0,1,0.2741201615016514,0.09008767293237019,2.0339224645531866,0.025320827338431478,4.488165224816126,2.9703025597413775,0.677032124918207,77.92322370792203,11608695293.588707,0.0009501866377609584,0.2815654943622267,0.37693708939898896,0.2603665760407655,0.19281154858830651,1537081.6209966568,0.033895376959595866,0.19765713265671547,0.03273948398551634,0.37693708939898896,0.4037526243885541,1.0,0.37693708939898896
1,0,1,2,2,0.331527157516444,0.005121301889999981,1.2835811044315286,0.07956132757742364,2.778857089793567,6.991281906880239,0.12455465900092848,68.00973770360002,12139256827.917475,0.0013663473504073047,0.2877012498450275,0.37730212381245626,0.25598068943894775,0.1706640418114766,1089954.6707282271,0.032763056682819515,0.19375135360620888,0.031450140236430446,0.9545655760246511,0.47093641092692645,2.5299766838819395,0.37730212381245626
5,2,1,0,1,0.4451612730196416,0.015795224566468105,3.286667608206708,0.07550945696414517,4.567743969776249,5.609630799375708,0.4442733899888594,74.2480552934531,11876526401.734303,0.0,0.2703904799932594,0.3774599065266135,0.2690406090022047,0.18230989369244444,420784.84052543616,0.036191424646138594,0.21515981894510694,0.03487449478549056,0.3431653565242012,1.6234206572967156,0.9091438602897173,0.3774599065266135
3,1,0,3,0,2.5014465222200726,0.02516902771082218,9.948365716933933,0.09836241178964987,8.04280732009455,8.087210219867758,0.2389633383210498,71.4327919792189,15893609659.031898,0.0005103731360399842,0.30398162076608726,0.37782232216212086,0.24525060387519,0.15603360926642837,328748.34140615305,0.030073929350572678,0.1729157591648991,0.028978695146030787,0.37782232216212086,0.640276801749871,1.0,0.37782232216212086
3,1,0,3,0,2.5014465222200726,0.02516902771082218,9.948365716933933,0.09836241178964987,8.04280732009455,8.087210219867758,0.2389633383210498,71.4327919792189,15893609659.031898,0.0005103731360399842,0.30398162076608726,0.37782232216212086,0.24525060387519,0.15603360926642837,328748.34140615305,0.030073929350572678,0.1729157591648991,0.028978695146030787,0.37782232216212086,0.640276801749871,1.0,0.37782232216212086
1,2,0,2,1,3.104037275532466,0.0751782712857837,4.359782226664016,0.03649416301717183,2.1730740472195875,1.4404369068984495,0.2597533224175297,66.6585109940147,11446330101.39741,0.0012721982496801377,0.30022382243746437,0.3783794235449769,0.24810240707173098,0.15023710840681984,1122077.5789978444,0.030777402197393455,0.17835557312450123,0.029419712382861556,0.10133375542285263,0.4454159485211694,0.26780989958035434,0.3783794235449769
3,0,0,2,0,1.0387374478702665,0.08916218732667705,2.1105784278100743,0.00545198875194047,0.526133328020116,1.6570404562949335,0.38139834718808613,115.4239060087528,9877906828.42827,0.0,0.2921378349852536,0.37867474166031867,0.25388841544147017,0.18528231988946475,2868809.6546013746,0.032229663747690276,0.18786666965638366,0.0309223459053991,0.37867474166031867,0.3681635036423222,1.0,0.37867474166031867
5,2,1,2,1,0.9411851599745297,0.07602806899295829,7.588708671835506,0.06165819179239245,4.15013998962536,1.1082313972840403,0.7634134908642916,77.4106605070748,9382776423.810118,0.001382857171404052,0.2947660821174109,0.378899325009512,0.2535023764017887,0.21014282318035343,7902921.882671623,0.032131727420677075,0.1625977546150229,0.031389322487512784,0.378899325009512,0.4569797645657452,1.0,0.378899325009512
2,0,1,0,1,0.42211561054632474,0.016609446050064758,3.9113181827028707,0.045325454989896145,9.995562568744667,8.869830053573112,0.4648286201764595,97.34415871396686,15499272760.44984,0.0011631403379447223,0.22113677748329227,0.3790293745258455,0.31280520600410905,0.23366235434040236,3927897.8007604354,0.048923548451636545,0.3136209480801945,0.04654215346923467,0.3790293745258455,0.5806620365206867,1.0,0.3790293745258455
2,0,1,0,1,0.42211561054632474,0.016609446050064758,3.9113181827028707,0.045325454989896145,9.995562568744667,8.869830053573112,0.4648286201764595,97.34415871396686,15499272760.44984,0.0011631403379447223,0.22113677748329227,0.3790293745258455,0.31280520600410905,0.23366235434040236,3927897.8007604354,0.048923548451636545,0.3136209480801945,0.04654215346923467,0.3790293745258455,0.5806620365206867,1.0,0.3790293745258455
1,2,0,0,1,0.3352133310595336,0.08963978936191964,2.063392570504045,0.026551189051128816,4.4452939863319445,2.586449515406891,0.6889610763528963,75.70248954201472,11491793052.490957,0.0009668716293875871,0.28385903914463423,0.37903391962662514,0.2601311087523346,0.19092915445547362,1511565.6131159787,0.033834096870359466,0.19722786675591852,0.03265670819514898,0.37903391962662514,0.40203779666883493,1.0,0.37903391962662514
5,2,1,1,1,0.6704193795886192,0.03023774343985308,4.301105705426574,0.04255995589441277,3.321222675406594,3.659506194265574,0.7066580381163485,108.81366223837486,10283160103.04904,0.0010450583545212784,0.3017605696379771,0.3801001036225971,0.24812098469965282,0.20628650093576326,5002900.5185890235,0.030782011524162677,0.179831342723211,0.030050459702604834,1.0,0.4194941501054827,7.689750633401108,0.3801001036225971
3,0,0,2,1,3.463136835522904,0.07639651088850023,6.748640454264544,0.04262020889700043,3.836640621880427,5.594795668897698,0.25303685789716557,88.65448889148118,9127326703.268373,0.0011048144823609008,0.28816274357120053,0.38044314222177844,0.2577240301722846,0.1564651489531259,2940535.736583056,0.03321083786412234,0.1978802151661191,0.030773023793914993,0.38044314222177844,0.5451973555740737,1.0,0.38044314222177844
4,2,1,1,0,0.6236028415445086,0.010915228239715318,0.8239065501968089,0.046388530600300786,1.1332559175201637,3.8679423441340473,0.648428874799782,81.59141234857718,10771063666.21074,0.0,0.23705565287526745,0.380980801418342,0.29943979416469085,0.19917906320081333,936411.972662196,0.04483209516469622,0.27923657981231464,0.042530470046081514,0.380980801418342,1.2118417156678887,1.0,0.380980801418342
1,2,0,1,0,3.725717453060454,0.08657191039559659,2.3245368831599738,0.008440557076892721,8.131839638456738,1.0098986904841776,0.4027021962977279,89.74330043354364,19348591328.595375,0.0,0.27485957888627266,0.38110599431447306,0.2689102030039221,0.17969662673397827,910535.796360144,0.036156348639805304,0.2008273589274514,0.03465489408223408,1.0,0.283976524264241,3.5487784162188145,0.38110599431447306
1,0,1,2,0,0.6159545307230461,0.04633639318586546,9.99645844578478,0.06718687515189029,3.191506106727409,3.021195452382689,0.4136090377884949,91.34475865277362,12614784065.385744,0.0010375232062292757,0.2719091254350274,0.3814645170389852,0.27272040465472375,0.23636933260426035,7558828.170232566,0.03718820955751813,0.18311985075833248,0.03631062265181295,0.3814645170389852,0.6898769972490102,1.0,0.3814645170389852
1,0,1,2,2,1.6879225624940408,0.03703099543382086,7.080495554963301,0.07855321432408026,4.1851756128907285,5.7226086145420725,0.6031252537783406,76.22390108004673,12779760451.64927,0.0012036379740544268,0.235096486040998,0.3814978502606617,0.30657416739027993,0.24577931607394127,7481195.552395398,0.0469938600555217,0.19850707152407865,0.044935150207462055,0.3814978502606617,0.6352434839915962,1.0,0.3814978502606617
3,0,0,0,2,2.5859987509779065,0.07180963882201569,1.9224508124835138,0.05935098778919295,3.520242669607687,5.45411461996551,0.5313655202551447,104.14396451240826,13156658251.26422,0.0012989877994627748,0.23754279446698834,0.3817384158807219,0.3019928340589771,0.22449370779279978,4414401.627099675,0.04559983591148644,0.23764612675545138,0.04253315563041139,0.3817384158807219,0.674534368886903,1.0,0.3817384158807219
3,1,0,3,0,2.5004115447190847,0.023665900649958237,9.923595724765121,0.0968363545953671,7.886182839651876,8.208662415393492,0.2153225508914933,70.73081003578564,16040781226.732294,0.0005188177499208606,0.30434915353290887,0.3819787244608841,0.2477594448526016,0.15933089518977755,476152.99022158596,0.030692371256834668,0.1764252355499183,0.02958912993609646,0.3819787244608841,0.8016405428754315,1.0,0.3819787244608841
4,2,0,3,2,2.118898091087257,0.08674890731840729,0.7372770153491875,0.0987104682681961,1.5371847521264996,9.359497721861983,0.06771201267522384,119.65869756877538,9270600776.586456,0.0011567907931556878,0.31498477243875483,0.38365033301182877,0.24167394330062977,0.19744893833763194,5740734.44607073,0.029203147435238008,0.1698178244833417,0.02855029952236629,0.38365033301182877,0.29472723172919985,1.0,0.38365033301182877
2,0,1,2,2,3.4150780884030336,0.09405714328832668,0.13416063063900766,0.09258135645413294,1.8322276948827245,16.62182889062441,0.7035788514218246,92.2859751366432,13753126781.847845,0.0007524372572126245,0.3102682969989746,0.38393573232031136,0.2448121772222381,0.2018438372131548,5280704.874919294,0.02996650105814626,0.17703935542505256,0.02923198570020764,0.38393573232031136,0.22108633855940335,1.0,0.38393573232031136
1,2,0,0,0,1.124054781189485,0.08586398598580762,7.272250584889505,0.02289732384431678,1.3804914300214142,3.3207622925861386,0.3061473703305872,115.53132834025877,12907636024.45918,0.000680832572181671,0.29274210308645326,0.3840876109247631,0.25695016614271315,0.17483872119374652,1245663.1013890426,0.033011693940383946,0.19591303254292003,0.03173595254558553,0.3840876109247631,0.4006757938030628,1.0,0.3840876109247631
3,0,0,2,1,3.597860570708439,0.05930411229617516,2.062879122723067,0.003434444247996717,0.8899644052275582,16.102292504786604,0.38807893299213325,115.5496811898495,9398885064.16839,0.0,0.28307379310515335,0.38441750150468096,0.26418992775820443,0.1516115520082036,368723.1634564372,0.03489815896444264,0.20833778198564123,0.03247236737682654,1.0,0.46063708219154176,7.4453920298198835,0.38441750150468096
3,0,0,2,0,1.0406006833615535,0.08937916092097109,2.0461446208715515,0.005330788822000193,0.5007266434507218,1.7060474304295903,0.3869362993576077,115.4892947330524,9855108200.73285,0.0,0.2984952797090884,0.3846733018505443,0.253400928446877,0.18481538856939758,2959856.8437201106,0.032106015268869637,0.1881557999215302,0.03084270506799486,0.3846733018505443,0.36169301227817263,1.0,0.3846733018505443
5,1,0,2,0,0.49398997740726647,0.043480700164032014,2.526237927835694,0.04890285166320008,3.9258112296677714,9.056415384982541,0.8203513585877296,107.94436960623962,12479375652.473625,0.0014099566817720914,0.25866455461732096,0.3853931903180513,0.2847842140912277,0.22301638941939217,2945575.738540155,0.04055102429777912,0.23206606819192932,0.038888465870384255,1.0,0.6617893635422064,14.867958146855626,0.3853931903180513
1,0,0,3,0,3.99612582591548,0.06292016407336852,9.21217359209309,0.08407577689741032,6.174374112476931,12.979121824152749,0.36057907319415566,90.727960405237,15345151449.809286,0.0009420588204597121,0.27060804585454873,0.38589705356244114,0.27708406123755946,0.2377687575400354,7694289.374792035,0.0383877884959498,0.18684436078797317,0.03735181169952944,0.38589705356244114,0.7205470987848109,1.0,0.38589705356244114
1,0,0,3,0,3.99612582591548,0.06292016407336852,9.21217359209309,0.08407577689741032,6.174374112476931,12.979121824152749,0.36057907319415566,90.727960405237,15345151449.809286,0.0009420588204597121,0.27060804585454873,0.38589705356244114,0.27708406123755946,0.2377687575400354,7694289.374792035,0.0383877884959498,0.18684436078797317,0.03735181169952944,0.38589705356244114,0.7205470987848109,1.0,0.38589705356244114
4,2,0,2,2,2.3564510423234095,0.07761789122653659,9.298915167798205,0.04350657171885908,8.273791705232814,4.072824112987714,0.27450462833166045,118.11623778635933,18690407815.34315,0.0007092264719298055,0.27438989288913973,0.3866404742326727,0.2722256059197854,0.18010589872051996,2456243.604083188,0.03705339025919714,0.22432868201242073,0.03456680936806474,0.3866404742326727,0.43172031204138245,1.0,0.3866404742326727
2,0,1,2,2,3.1252513761483027,0.0726098974060683,2.0207621209309083,0.026704703400212297,3.528545900304057,10.978277700108043,0.20952495762715873,101.16700688874597,12851070291.283728,0.0006268700233616323,0.26071004580188617,0.38704114840913534,0.28342382247290526,0.20417470611723193,2989349.6426894097,0.04016453157257646,0.2459103114492276,0.03800559917305506,0.38704114840913534,0.36093017094924035,1.0,0.38704114840913534
2,1,0,1,0,0.6840946818567322,0.08290516277870698,7.326125619279208,0.016388868370801262,9.501176601848977,4.941656106219336,0.36478868966649075,80.18433673317041,14960020808.355131,0.0,0.3173965705112403,0.38730067703882753,0.24397692397996698,0.20195952655860314,8426110.264861898,0.029762369717363294,0.1447141768399809,0.029218863923956357,0.38730067703882753,0.34962693253927374,1.0,0.38730067703882753
2,1,0,1,0,0.6840946818567322,0.08290516277870698,7.326125619279208,0.016388868370801262,9.501176601848977,4.941656106219336,0.36478868966649075,80.18433673317041,14960020808.355131,0.0,0.3173965705112403,0.38730067703882753,0.24397692397996698,0.20195952655860314,8426110.264861898,0.029762369717363294,0.1447141768399809,0.029218863923956357,0.2328229485305494,0.34962693253927374,0.6011426324132362,0.38730067703882753
4,0,1,1,2,3.9087807353107045,0.0766712613750957,0.7158321457969528,0.03956138117890626,6.9845310958891655,5.394324522255442,0.1719717675228683,101.59462977304753,12420459448.961044,0.0005213062793620083,0.27020738780046677,0.3884738422442557,0.27686769097049385,0.20650810785104476,4022357.7991821542,0.03832785915166644,0.2314197051082756,0.03655897419836766,0.7514101451650191,0.3021168007384745,1.9342618818915602,0.3884738422442557
3,1,0,3,0,2.528595117928961,0.02537267305309917,9.937542262831244,0.09718552667219957,8.006848943870557,8.10717109549771,0.2435556970115694,71.70180901762627,15902025551.776363,0.0005068500611466616,0.3158730158260424,0.3903477521101573,0.2453021774455905,0.16391980129151534,345527.9128368498,0.030086579129773982,0.1770156758198328,0.029017517731210852,0.3903477521101573,0.6841955662384978,1.0,0.3903477521101573
4,0,1,1,0,4.837847424362737,0.03924225198234702,0.8567785043100962,0.07565149281956052,7.400852641117443,3.4905671996300884,0.8293972414208677,83.36914300443645,14223769308.089117,0.0008314767711126706,0.30796618317293445,0.3905865798389701,0.25070107581343576,0.19764896876785523,5357326.478269666,0.03142551470700703,0.18568702369585321,0.030585198819545162,0.3905865798389701,0.29238784465967665,1.0,0.3905865798389701
4,2,0,2,0,4.0295876797388335,0.06554817874129094,5.2560581391544385,0.05364147776960338,5.884834552340579,7.932674459000575,0.5893999014876881,122.97666273817127,14256606061.927368,0.0006288349188051819,0.27287306698549996,0.3908379791780194,0.27635802325119,0.1943592450695128,2136205.3921446423,0.03818687850765265,0.23175215504052737,0.035974153937259404,0.3908379791780194,0.40247235629133316,1.0,0.3908379791780194
4,1,1,1,1,0.279896059770641,0.058772541582561,8.69435287255347,0.03861888492176038,3.569897736974827,1.2648635142239475,0.48722586856310335,99.06333868028956,10698284380.561178,0.0007833517932733588,0.3154104103849119,0.39088341862255654,0.24652194816287867,0.21439955913991496,7240390.344520164,0.03038653546301052,0.16811595964732418,0.029888834480189044,0.39088341862255654,0.40708006188831836,1.0,0.39088341862255654
2,0,1,2,2,2.389491564980208,0.0930752122588185,3.020225133354657,0.07205826585737055,5.560826007092986,4.579067544514969,0.6750251504717122,95.0328183514417,12966360733.455566,0.0008048363317857227,0.2618676850922481,0.3912966832038503,0.2856020880770992,0.20014162539512753,2567745.667579839,0.04078427635699957,0.24873904208525832,0.03843799239807384,0.3912966832038503,0.3687848528036007,1.0,0.3912966832038503
5,1,1,1,1,0.9246189137763614,0.012868088925885075,9.301534479974592,0.049508941880612514,2.953937374656805,4.082984801781616,0.19106142917719593,94.29253968680196,15767185842.786448,0.0009299751726930402,0.33427269442068547,0.39133645543803736,0.23427743470424425,0.1591829205031038,109389.53176318234,0.027442958205800713,0.16122143810287637,0.026639031578542943,0.39133645543803736,1.3701689148115257,1.0,0.39133645543803736
5,2,1,1,1,4.109450573881827,0.08245509556372083,4.6335647199872785,0.04115756934667801,8.816532739102868,11.978133590290499,0.05492678066145928,103.97203286232666,19722866574.9563,0.0006555435652847322,0.269400724618467,0.3915342962831243,0.2795387940550586,0.20580602336644835,3096470.015032181,0.03907096869087823,0.2389563584764106,0.03693646917522462,0.3915342962831243,0.40978637126054224,1.0,0.3915342962831243
4,2,0,2,0,2.242398786934693,0.08679829329502739,5.497407274153968,0.05406185840162682,7.4192522602143445,6.140786345735415,0.37870338292730205,120.59129162128497,19153351836.392277,0.0007907402704332572,0.2901614570557328,0.3916761226002992,0.26378185432259893,0.1975759811281753,3441841.0958543755,0.0347904333349344,0.21016733925279873,0.03314011186459003,0.3916761226002992,0.395562476715057,1.0,0.3916761226002992
4,2,1,1,0,1.0543868078746865,0.02217232227223729,5.2139542960790415,0.0556651221951359,1.2165077342183972,2.667341916498012,0.8115874301941831,76.81171993414384,9989368198.016722,0.001027231889124315,0.291305170806588,0.3922649348371033,0.2662249020725321,0.22713388896936396,8469628.598590298,0.03543784924176465,0.1596972704271119,0.034714317040104685,0.3922649348371033,0.4316785169558231,1.0,0.3922649348371033
2,2,1,1,0,1.1137152876588656,0.019081262099148958,0.3809774560600012,0.06316851531979452,7.2124800574498655,2.2556175827665115,0.6854282652680876,76.1381388833145,9263406326.112637,0.0014619539734474205,0.2795283450805792,0.39278622260001145,0.27259529633092155,0.192288857852854,4024444.3980878284,0.03715409779087147,0.22386006699478944,0.035493332281574634,0.45454451999762313,0.3033508378093293,1.1572313229033555,0.39278622260001145
2,0,1,2,2,2.429511201482791,0.09356550014603619,2.833586388218484,0.07446045893005544,5.817429076840267,4.6874851433347695,0.6686700139137087,94.19459591499268,13038767496.126019,0.0008015781538202616,0.2604997218465466,0.3931006003125001,0.2880514982543869,0.2011775995327977,2416028.8470135694,0.04148683282329853,0.2533002998329841,0.03909213149536953,0.3931006003125001,0.36425079453124226,1.0,0.3931006003125001
1,0,0,1,0,0.13022607042191595,0.008881738835582362,9.228885094574137,0.08981419900919738,9.444886054413589,12.888069570169046,0.12690304464273533,87.08516814568588,16981344100.068722,0.0008864064132794032,0.3127496422940951,0.3932189951901439,0.24977648358493365,0.1546772748091476,771913.6804500726,0.031194145876027313,0.17326405836005243,0.029871082583508485,0.3932189951901439,0.47289128356326776,1.0,0.3932189951901439
1,0,1,1,2,0.7611221290015177,0.00922611578980483,0.40225680886590276,0.02997304738650085,3.3872143034365783,3.0887334120473473,0.47987059699644435,66.9040632501421,15348759288.742453,0.0008051997325897197,0.279693234377032,0.39327726851473466,0.27293106850982096,0.19523169243811778,3844069.68483182,0.037245684078956294,0.22211461541443234,0.03560341059583245,0.39327726851473466,0.29026286934352313,1.0,0.39327726851473466
4,0,1,1,0,4.474554141639414,0.027395881418872524,5.356464912106311,0.06416017106208696,9.451765104540748,3.2004476804566004,0.42334368388539123,63.610346763434784,18623380863.215046,0.001132924977952152,0.2521609391352365,0.39370753897911714,0.29545793919425284,0.18745221096852813,265657.36159695673,0.043647696916457396,0.2712872621436738,0.040941228363379344,1.0,0.4703585056142463,17.02365231106483,0.39370753897911714
1,0,0,0,0,3.184771404730192,0.05020700199331075,4.919623057788876,0.04487020974235952,1.6894131215449435,2.21905412068547,0.16618550970705792,97.33629836593367,16717744494.445118,0.0011853716713964456,0.2361911886289999,0.39378105828356685,0.3119759455288695,0.2533407692846611,4497346.678596412,0.04866449529431607,0.2680579870410076,0.04653659711290362,0.39378105828356685,0.626569025945605,1.0,0.39378105828356685
1,0,0,1,0,4.886250946433592,0.0737804473746999,6.197107061807358,0.004297743244634422,9.538525958188464,9.078910015875953,0.11106703985969002,97.49849240533591,18167096233.114834,0.0,0.2868229944503601,0.39456501634453905,0.2681811459052634,0.17641644019311786,2488548.110401224,0.035960563509530086,0.21820885506508336,0.03364724259386779,0.2659034565837372,0.44154878861699876,0.6739154399627437,0.39456501634453905
5,1,1,1,1,0.25677897972170266,0.009845100855454588,9.650979387865226,0.044518080913903905,1.4989646072921097,13.020970600064627,0.7964018204258164,60.18882536456073,19370883856.481636,0.0,0.32165970266711813,0.39460789864996415,0.2442602387507975,0.15460483718752557,154942.06037203298,0.0298315321172983,0.17530702902585094,0.028834156471334915,0.39460789864996415,1.4388874175083184,1.0,0.39460789864996415
5,1,1,1,1,0.25677897972170266,0.009845100855454588,9.650979387865226,0.044518080913903905,1.4989646072921097,13.020970600064627,0.7964018204258164,60.18882536456073,19370883856.481636,0.0,0.32165970266711813,0.39460789864996415,0.2442602387507975,0.15460483718752557,154942.06037203298,0.0298315321172983,0.17530702902585094,0.028834156471334915,0.39460789864996415,1.4388874175083184,1.0,0.39460789864996415
4,0,1,1,0,4.50129927752787,0.027395881418872524,5.356464912106311,0.061121151271914254,9.451765104540748,3.2004476804566004,0.41628353708868887,62.4522728382739,15694499567.294832,0.0013483083231441337,0.262758697902144,0.39572988044885715,0.2878794662355653,0.18822719773710367,1318350.4652560942,0.041437293540036994,0.2563036958312299,0.03883421702857439,1.0,0.4711931731285736,13.980590732728427,0.39572988044885715
2,2,1,1,0,1.1137152876588656,0.019081262099148958,4.685828760976721,0.06316851531979452,4.321342527632713,2.2556175827665115,0.6854282652680876,76.1381388833145,9263406326.112637,0.0014619539734474205,0.32553368209993,0.3962479913875171,0.24322184126341168,0.15471903842375143,409182.4708302669,0.02957843203378211,0.166011147564893,0.02849638105837495,0.3962479913875171,0.7387696892049445,1.0,0.3962479913875171
1,2,0,1,1,3.0905806461314556,0.07547421167537499,4.325472717228523,0.03644022474444336,2.1921684880556396,1.3751337241259454,0.26069203960605286,66.96803772325158,11422908423.056316,0.0012747926470453722,0.30718065951585316,0.39693576816381687,0.2554728877229017,0.16294828909425416,1163753.2555188122,0.03263319818073917,0.19134427634131201,0.03120640148506747,0.39693576816381687,0.4534675354083335,1.0,0.39693576816381687
5,2,1,1,1,1.844999128910788,0.09691974997347867,2.582320093875127,0.030300149001703185,4.863211128551135,11.325089178110014,0.03787732062687698,124.24776624283768,19989955939.957573,0.0006894990420056033,0.2942155124116454,0.397172491039624,0.2646602834717041,0.21011472958987323,3163110.912674549,0.035022532823661384,0.20904173075631738,0.033864909185189446,1.0,0.36455978757641716,319.29157855815095,0.397172491039624
4,2,1,1,1,3.3575920210587067,0.02413817315120117,4.602807073474919,0.05161126051708462,7.942271752782167,2.710753824063144,0.7918115125309999,98.51350060168257,15489816648.23969,0.0014827859914840402,0.2879988972511631,0.3978148415606641,0.26980837923046536,0.1780536852285171,253568.61403723716,0.0363982807514853,0.215354862293755,0.03497116000976487,0.3978148415606641,0.4533059322640587,1.0,0.3978148415606641
5,2,1,1,1,4.369613495406174,0.024626355435569843,4.635550227163189,0.05198309650383648,8.556999978787625,2.8690210103943583,0.8406840354557857,82.48479154235747,13751048191.492027,0.0012632491806040716,0.27773065427006016,0.3981816833675092,0.27792214272124904,0.1800367699833758,179976.22579956375,0.03862035870738516,0.22968171378160407,0.03695541283249059,0.3981816833675092,0.43354190164882017,1.0,0.3981816833675092
1,0,1,2,0,1.0844517600971815,0.039532774949874366,7.027143928201586,0.07940942173486595,8.873185744105946,5.518681880001527,0.51455784750095,76.19519815162789,12883352539.144587,0.0012248827324467639,0.23043051181351526,0.3985139665657848,0.32034882515706214,0.2629680456993187,4922176.090031894,0.05131168488975499,0.3025512616268661,0.049001767246746514,0.3985139665657848,0.627153707908614,1.0,0.3985139665657848
4,2,0,2,0,0.7065498638371313,0.0759172006003035,6.046162135950921,0.041588389179184865,4.548570301026084,8.411187422583438,0.5531668508517656,109.04430974187451,17806090495.07321,0.001289622692725309,0.320726758401482,0.3997038969135015,0.24879173045129807,0.20051785842860817,6176814.700141883,0.030948662570475675,0.16902531794008213,0.030316473820675458,0.3997038969135015,0.4269405289806392,1.0,0.3997038969135015
1,0,0,0,0,4.0069318999664025,0.04981362885017778,6.609883202130272,0.02779140209491847,4.5466083908545905,1.9249622898038554,0.30557776826298083,117.19589053148006,12962548496.308594,0.000753054873761613,0.2813198842278783,0.3997378299928321,0.2766791471204305,0.18446223095023553,838518.4448626178,0.03827567522564442,0.2183615010853136,0.03663460012723524,0.3997378299928321,0.4207385138181239,1.0,0.3997378299928321
2,0,1,2,0,2.0936766708832635,0.08437079984230592,7.037339131739129,0.0318873703597637,6.986171723495865,16.277241038908944,0.2738944205456685,82.47953971675022,9185266019.29191,0.0013845518868990355,0.2763582669134152,0.39992657039454327,0.2798436140207232,0.20720527321739243,4308083.827607262,0.03915622415408976,0.24025401864134066,0.03722545409573195,0.5991074052568005,0.48317748501780805,1.4980435150026603,0.39992657039454327
5,0,1,0,1,3.0353072966210206,0.09593062294021307,1.6647255284687605,0.08456125616884227,8.434602012923767,16.893828123555185,0.19226753895942567,113.99259342027791,16449154269.862411,0.0014832070642759325,0.29557755003623915,0.3999714503178974,0.26561572479692563,0.2272950718735097,6475338.544405884,0.035275856629698066,0.20921705800872026,0.03443615649060513,0.1362643968677262,0.4189232416144987,0.34068530831243893,0.3999714503178974
4,0,1,1,0,4.487503751684385,0.031041117003267303,0.20836778314228824,0.08097103351282338,9.76788761295809,3.6966699016487965,0.6051073855680584,72.8123876203752,12317269429.494183,0.0011006027554293705,0.2607144832417142,0.40089912995017213,0.2934553848756613,0.21086654416907966,3146505.2160649747,0.04305803145626125,0.26450054226386055,0.040742530187937914,0.40089912995017213,0.28215481242494994,1.0,0.40089912995017213
4,2,0,2,0,1.4386089090866612,0.06235517107057992,5.44161391170639,0.052400679031250626,6.105369141204435,7.845860339667019,0.5691327748177925,124.17825132498247,14421772563.376427,0.0005247355852042201,0.28413682224965575,0.4015202287480343,0.2749526621552692,0.20716583260804372,3366518.7702591443,0.037799483213134796,0.23013425637052165,0.03601749469179607,0.4015202287480343,0.38584346802114367,1.0,0.4015202287480343
4,2,0,2,0,1.3644311925227424,0.06554817874129094,5.2560581391544385,0.05273067924262359,5.884834552340579,7.932674459000575,0.5822567728016159,122.97666273817127,14256606061.927368,0.0005373607589595276,0.2862008498668778,0.40157423355878497,0.2734199021379538,0.20679215301804132,3474164.8667686046,0.03737922144256412,0.22731512240109364,0.035651097813768545,0.40157423355878497,0.3856662359807213,1.0,0.40157423355878497
3,1,0,2,0,0.41065290507987845,0.07757993106221167,5.174478914639404,0.02227326015905491,1.15972741300977,7.142755928764301,0.24834373057537468,118.68864157765982,10922201741.514696,0.001243784137483508,0.3163357986181941,0.4018127596492644,0.2527265234562661,0.21620075682859932,7219189.345719671,0.03193534782914531,0.18096298715305537,0.03130153478428524,0.20021660570970362,0.41468826533708175,0.49828334442258465,0.4018127596492644
1,0,0,1,0,1.4530282601992142,0.008258842147280456,9.104488638067611,0.08145089903892676,9.936242548490375,12.552670376079206,0.034061797538709845,106.8458829297434,17146957424.223303,0.0008211472274149051,0.31027221739188254,0.40195949173755546,0.2568623669905633,0.15939270141933748,861766.45784185,0.03298913778799741,0.18877096543324778,0.031485880388658745,0.40195949173755546,0.46186103220335395,1.0,0.40195949173755546
4,2,0,2,0,0.7163585126195188,0.07042063889864565,8.237389928844369,0.05802359937500988,6.541010888892196,4.4171544248224786,0.8057516064056919,127.34177298287153,12919497306.606266,0.0010535429412956284,0.3050540167205746,0.40199391193805656,0.2601780897386279,0.20222687050958513,5028253.80201323,0.033846319190020756,0.2002981052409064,0.032629860059681916,1.0,0.420738456818371,21.630131217613556,0.40199391193805656
1,2,0,1,1,3.290303129884188,0.07562366240666624,4.603854111496687,0.03634356307607386,2.0627117686623477,1.511196803773508,0.25484327776920845,67.35176686681977,11256437932.011839,0.0012865218753680683,0.31106906885067576,0.40334439598403615,0.2569639988352686,0.16415646681314128,1122175.81646778,0.03301524834870596,0.19356936990239748,0.03156266624339257,0.40334439598403615,0.4590815159383331,1.0,0.40334439598403615
2,1,0,1,0,0.5018998160129357,0.06204304072056124,3.377724153406745,0.02966905518170942,9.462510622510065,2.9516840133571747,0.36985721834200475,89.39677138843766,14225987081.548107,0.000777402803356155,0.3309226039932639,0.4037738224373917,0.24400710293977276,0.19072897503981648,6154462.362444238,0.02976973314253043,0.17617928385804682,0.028968095777805767,0.4037738224373917,0.36179671286925363,1.0,0.4037738224373917
1,2,0,2,2,1.0142355299654917,0.03667334520420546,8.925606700365233,0.02337148540036956,3.9912959960807854,1.5258533835713182,0.11578564052494322,94.81233263517831,12970883809.071722,0.0014958026158809635,0.2944889244422491,0.4039552995025297,0.2701714515603361,0.2377786642694183,7910712.698473776,0.03649630661910952,0.19608286599351188,0.03578981076578597,0.4039552995025297,0.6698410454024702,1.0,0.4039552995025297
4,0,1,3,1,4.532787410423534,0.03560058953448658,6.305258243931173,0.05538010091134217,6.444882902946565,10.528090352616305,0.8158934362034165,93.76699697994957,13345494336.648027,0.0012789038065057743,0.2718075473790251,0.40470714840505895,0.2899067526887248,0.2628970716668806,8286707.73618108,0.04202296262726072,0.20018252096551747,0.041153863305480744,0.08304766941318271,0.6341418332527029,0.2052043551503144,0.40470714840505895
1,1,1,0,1,0.3138677690540559,0.03927274941499863,5.822646620172585,0.08857557733020627,5.1946248122169605,1.174716639140319,0.3095959883944606,129.0937307811579,12937887154.823875,0.0006897191547589175,0.2962076100926849,0.4048503139803429,0.269101876239019,0.17249821914812008,1106883.3535623227,0.03620790989768015,0.20192045224944954,0.034563867526348456,0.4048503139803429,0.3837260422097746,1.0,0.4048503139803429
4,1,1,1,1,0.4505110790592928,0.028411894252650127,8.575690711102975,0.0403134082873179,7.8837096640745905,1.6857776928237196,0.4377569270241922,97.43573600306019,9167255175.468489,0.0008524963259340899,0.3092571805035232,0.40495670570411224,0.2590620471614403,0.21375256525727734,5970593.815745411,0.03355657213973817,0.20059144137677565,0.03261946473268733,0.3369867406512421,0.4102264789411866,0.8321549832476823,0.40495670570411224
5,0,1,1,1,0.11252702070029402,0.010496568543878157,3.3665685620738115,0.0043968229005833985,0.1348589315176091,1.4906874340314056,0.4946838313667526,76.48990537185382,18075041784.24077,0.0,0.29038292255476905,0.4053207626926765,0.27276192035974983,0.1814027437376677,67203.9479123505,0.037199532599169256,0.22678781880261578,0.03576545945372993,0.4053207626926765,1.0615949551533377,1.0,0.4053207626926765
1,2,0,1,1,3.2798521849670537,0.07544890045833075,4.5786294874726305,0.03560153021767659,2.0601096564616377,1.652895703176954,0.25236641430112505,67.0724078635781,11219092623.038668,0.0012886953673493034,0.31276841391017146,0.4057513436378653,0.2573515168858525,0.16438095067018263,1104792.411341247,0.03311490162172461,0.19414080975857528,0.03165770593863484,0.4057513436378653,0.4594059426520289,1.0,0.4057513436378653
1,0,0,0,1,1.384127725895741,0.03009368978883385,9.795076946933932,0.008247583098953244,0.3623800536556683,7.681088580636226,0.37429182485000684,72.16947681189146,13539748118.45531,0.0,0.30931545496173124,0.405791070171113,0.25950841382148604,0.17417635666439793,948675.8366092403,0.03367230842207182,0.2023170184521862,0.03239605850436761,0.405791070171113,0.3559864751774944,1.0,0.405791070171113
5,2,1,1,1,2.3295193061562562,0.04660986212372054,5.762076459427857,0.02509591562997409,9.848593641675569,15.728450267259694,0.7544336779839409,99.53461228565465,19077508778.87762,0.0010669595188543852,0.28298781578206134,0.40697358651886534,0.2796358049469473,0.21794874242526172,3396163.77603284,0.039098091704163576,0.2372455364876972,0.03765443817877495,1.0,0.43354233211858534,118.27669600818118,0.40697358651886534
2,1,0,1,0,0.6127932145780074,0.056043328771789046,7.348873682437034,0.01703545937919878,7.779576817966571,6.2515360316995565,0.48403532747497746,81.12087456761007,15221731852.14305,0.0,0.32968643286820903,0.4071674605927341,0.24834949529665196,0.20250497061433761,8484349.51336692,0.030838735907050874,0.15549381028993103,0.030209386617358606,0.5624323275879157,0.34715103636767175,1.3813292613539272,0.4071674605927341
2,0,0,1,0,0.12941741751654776,0.07135400607471572,8.128000602314302,0.009574160410214498,9.016824845634739,5.019021874773756,0.21689696385320203,83.79541844394652,15614887593.551693,0.0,0.28281010292607234,0.4082861289779846,0.28050905377224233,0.1886513748892228,2032715.5869716234,0.03934266462409937,0.241943497290107,0.03688252943002964,0.4082861289779846,0.44000396424942584,1.0,0.4082861289779846
2,1,0,1,2,0.4246516446368161,0.09320259349960391,7.455489483787991,0.07863968079660232,6.719890068349727,2.9853533897647773,0.1730636551499794,66.56019119663064,17512902518.520046,0.000941110340890849,0.3162134187688193,0.4082945846461099,0.25640328170114834,0.20598653916159326,6250035.959939352,0.03287132143355922,0.19692998002538098,0.03189190663435392,0.4082945846461099,0.42648768808519355,1.0,0.4082945846461099
5,0,0,1,0,0.13377714581347122,0.06813690109045417,5.504435237920611,0.01718853094374349,7.713377389100083,2.8865020983446357,0.4476043795134259,119.91586908479519,15989172945.763918,0.0,0.28087263268350826,0.40855608857557807,0.2822431667980138,0.19019699635805218,2087558.2453036262,0.03983060260208572,0.2445843660865633,0.037345858234246763,0.40855608857557807,0.4515825999004211,1.0,0.40855608857557807
5,2,1,1,1,0.6704193795886192,0.046646325284121756,9.683941793367945,0.04255995589441277,3.321222675406594,4.034521301846766,0.7066580381163485,108.81366223837486,10127880989.156786,0.0010450583545212784,0.3153166493180704,0.40961764956008795,0.25844192866194665,0.21923383672467156,5624981.23770959,0.033396115245253356,0.18916415086778882,0.032532406952568184,0.40961764956008795,0.4633595310911767,1.0,0.40961764956008795
5,1,0,2,0,2.438388779700865,0.006319093401020016,9.72255153676627,0.08808145283259634,7.294908980151931,12.189906770864457,0.6772532329307794,91.00686840894069,12464532095.594576,0.001292366783879066,0.32236022785450424,0.40987856178852694,0.2534424626038049,0.16811970963080156,339959.39812326763,0.03211654092534052,0.18924045999956263,0.030966770910648794,0.40987856178852694,1.003591710080823,1.0,0.40987856178852694
1,2,0,2,0,3.1887990497261742,0.07395504627894275,8.995645133346784,0.04838565470254452,5.722829673079891,2.2996883129740078,0.8183263591043869,88.45816723615336,17571467470.398533,0.001042037778514624,0.2901007421139018,0.4101194553315633,0.2770872305751375,0.1812269932588017,1070012.5401496086,0.03838866667389971,0.21761156190867637,0.03663099659297321,0.4101194553315633,0.4189934681654028,1.0,0.4101194553315633
3,1,0,0,0,1.0368201374166115,0.020096207244362833,3.1325494524497226,0.03832928051112832,9.051738568294933,5.192952462055857,0.8030806311624049,80.28583962288323,13083350655.26744,0.0013108188207752302,0.23607852949902455,0.41031600263197243,0.32340616474363953,0.26271667183917957,4818316.292237853,0.05229577369709505,0.3181870642866125,0.04998103034989055,0.41031600263197243,0.5316124604771549,1.0,0.41031600263197243
1,0,1,2,0,1.5971818678265837,0.039532774949874366,7.027143928201586,0.07817124825161044,4.558206435341579,5.699137742203573,0.5444609191192228,76.19519815162789,12751888232.085005,0.0012248827324467639,0.24032822733810677,0.4103215205528898,0.31976928500597684,0.261953791499921,4655372.539442767,0.05112619781661682,0.30078815091823474,0.04884312472672307,0.4103215205528898,0.6254418272423083,1.0,0.4103215205528898
4,0,1,3,1,1.0473540021877497,0.021913892854572337,8.512645957279412,0.06326589310115015,6.055771076558467,1.6839107452152875,0.1490738606489902,128.00182925701054,16157202899.286283,0.0006633176391879546,0.25387385326329126,0.41032968700628863,0.3058948825019662,0.18326897981954446,160051.65458085618,0.04678583957044586,0.29681033804125356,0.04340412823239531,0.41032968700628863,1.1232094460420838,1.0,0.41032968700628863
3,1,0,2,0,0.26515580932358346,0.05329988419099622,4.382470875134522,0.02918530289075854,2.5383837833914336,4.886363613204018,0.6445618616543207,129.22807869520165,9339495382.207886,0.00057635926982736,0.3385747257645882,0.4106180892590333,0.2437166694886021,0.20212311236745925,7006753.150552066,0.029698907493308255,0.16982151263762557,0.029045526462955523,0.006247540492765595,0.3449850437328206,0.015214966549669983,0.4106180892590333
2,0,1,2,2,2.0923301492631325,0.025523548507310746,2.918889928847147,0.01966039037496224,3.014237509990423,13.715710657791192,0.22428323364285913,110.2894943810155,14117609796.345984,0.0005043947013043821,0.29586146650427475,0.41077278405895906,0.27232354750117566,0.21034372630407164,5038444.1278330535,0.03708005726181254,0.22589826766775245,0.035391585891194205,0.41077278405895906,0.36841897697361675,1.0,0.41077278405895906
3,1,0,2,0,0.3696896913966502,0.07383086704527493,4.9700612925735,0.022037144813008794,1.4175015060587994,6.470148392648155,0.2600385231060894,118.23550597394848,11618098365.231607,0.0005894076885412738,0.3369012358652009,0.4111555640365192,0.24564352770911077,0.19843859804239306,7890164.573984412,0.030170371352688338,0.16234892754386587,0.02957255550380721,0.4111555640365192,0.3563979500590707,1.0,0.4111555640365192
1,1,1,0,1,0.29821891995218214,0.03836254383729036,5.840522895377713,0.09150923673587276,5.413666605959418,1.3919785313917117,0.3150633871330622,128.75806886862392,12979981131.2823,0.0006865342362822062,0.3024577518597181,0.4114161259293776,0.26896555780581743,0.17240355553983563,1015741.034235764,0.03617123564289726,0.20025236182388362,0.034555954649486666,0.4114161259293776,0.38370016517037653,1.0,0.4114161259293776
3,0,0,1,1,2.949258877273923,0.009816188959056154,8.56637326317504,0.07370798502931392,2.7984154947541935,5.4933265975862415,0.7278772351987695,81.1271315849844,10714419474.141228,0.0005149067061270612,0.2796517395774679,0.4117825882516151,0.2854042156885464,0.16816160300650154,299400.2556617853,0.040727783166397157,0.25091095264858954,0.03771932533664523,1.0,0.6524178045878376,5.094157643590471,0.4117825882516151
1,2,0,1,0,4.888307190655632,0.07437892949249002,8.425428425958492,0.012493807331302665,8.393785904418204,7.225015753539819,0.5924520215999719,77.34831425994194,18146616279.142097,0.0,0.2953686268085748,0.41200799613131356,0.2744886007209717,0.17849084857630954,794194.8521003125,0.037671995962878506,0.21108171436215362,0.03603872510953587,0.41200799613131356,0.3229711050459204,1.0,0.41200799613131356
2,0,1,0,1,0.35659599883398974,0.00994434679562723,2.7568835740563102,0.026064910761617252,6.758838312953103,4.059940301758463,0.7721688660519851,83.56050306783983,19873256721.95706,0.0013986192175360047,0.3472358120727579,0.4127986066452922,0.23940352484927316,0.16124857122325373,261794.12661070406,0.028657023855128274,0.16924670614668047,0.027577155654126006,0.4127986066452922,0.705466292405531,1.0,0.4127986066452922
3,1,1,3,1,2.573023406619312,0.09742041329870614,8.767064143443642,0.03994283898206786,9.353169551893915,6.411503270603163,0.14852039957491475,128.02186918334817,19034765715.81242,0.000809068036591947,0.28796645879040317,0.41320769844449046,0.28087062004286406,0.20729304965324893,2021771.8359535956,0.03944415260163146,0.22309067593915743,0.038008784516716944,0.41320769844449046,0.5280863236875488,1.0,0.41320769844449046
4,2,1,1,0,1.558461056601904,0.015488988704487618,8.580068898175263,0.09703375342231127,7.790517905719307,1.9086357882540215,0.6925626810917718,63.114831083752,11891813721.372103,0.0010177101221825009,0.26519424378736894,0.41325379138683715,0.29842629817872834,0.1918627703345617,168404.24148913476,0.044529127722329635,0.2750293556843384,0.04213023587941356,0.41325379138683715,0.9066714285859517,1.0,0.41325379138683715
2,0,1,2,2,2.0689886650267417,0.04752872768466341,7.323053264395237,0.020629942796524713,2.6938085792826705,13.59220507015229,0.25209321660743306,109.75747245897259,10989191520.958504,0.0010470140140046852,0.3103551114022322,0.4138724490081741,0.26466642560376813,0.2084863645749546,6975211.751721417,0.03502415842093746,0.19814873621680662,0.033748833379390275,0.4138724490081741,0.4965976305684467,1.0,0.4138724490081741
1,0,0,1,0,2.165596057328084,0.09992628264176998,8.261084919889312,0.08013795346047106,6.2126414489637565,12.51957186331898,0.13381580201722545,99.71529928043104,9249733431.362106,0.0008925882343423648,0.2701009186156116,0.4140748673587229,0.29474280218311716,0.2352102089251351,2785508.6854546815,0.04343665971937807,0.2699152978833418,0.04194300702613867,0.320890681315568,0.6377434618824563,0.7749581213717393,0.4140748673587229
2,2,0,2,1,0.31033942943395204,0.0676589588220193,7.747901792538382,0.05636906416934743,2.3165020763686335,4.209296095480948,0.5413857071717747,64.19390601281832,13177390116.003773,0.000915697145991779,0.31971762091379763,0.4141002569470799,0.25812387368515227,0.21446386046376018,7369119.24187846,0.03331396708311422,0.19194418749291642,0.03254398284795333,0.4141002569470799,0.41216832002766896,1.0,0.4141002569470799
3,1,0,2,0,0.3696896913966502,0.07526780210250787,9.176340037310895,0.023499122368570963,8.995094777479522,6.470148392648155,0.27933890553573437,117.06216736626061,11618098365.231607,0.0005894076885412738,0.3369218713155085,0.4150156305158232,0.24782455119115143,0.20266689881048014,7560380.548124284,0.03070850408654782,0.16866394783570982,0.030049419412051363,0.4150156305158232,0.37622722969162953,1.0,0.4150156305158232
4,0,1,1,1,4.532604518059323,0.03542342133707118,6.310019113083202,0.055464678442068,6.448196003019529,10.535447232089126,0.8158982641035243,93.75886720578733,13339393706.734066,0.001278225844435801,0.3008693428401049,0.4152300857226901,0.27160169555841546,0.17211165410121138,2469288.8596645948,0.036883740515103104,0.22413808647258815,0.034154831653006486,1.0,0.5509928346194606,2.509288954372553,0.4152300857226901
5,1,1,2,0,0.9262553810939367,0.01045476836498654,7.602899054210604,0.02537535541578281,2.8803239233566265,9.860376485446391,0.4038612560173522,126.55744249056929,12217610492.487728,0.001334793584797746,0.3405387496927993,0.4152873927027087,0.24527419090317418,0.1619053684869688,1675323.9356244474,0.030079714361603366,0.17312396952227427,0.029004339293812787,1.0,0.733863474846736,18.31487933210533,0.4152873927027087
4,0,1,0,1,4.278698634212682,0.05333503349905925,1.7823568607964366,0.006401826236821687,4.364487083240301,4.990140897264047,0.2624828479329882,123.16168257604856,17289818624.072613,0.0,0.29805017747804,0.41562769577259795,0.2740959763771084,0.18911351055814885,2434293.3035624875,0.03756430213306019,0.22554917957504217,0.03549021623149227,0.41562769577259795,0.42418646799269033,1.0,0.41562769577259795
2,1,1,0,1,0.3106641332455103,0.03511106823239623,3.3592767893457314,0.04725206114039971,6.627216348829458,1.817627742141792,0.5969101886436716,65.4398593981418,17292264067.395996,0.0012063438011555812,0.3364982121083043,0.41595591976086194,0.24820914127309085,0.21039606775413625,7767638.736472819,0.030803888905762584,0.17783463378740416,0.03021174797202791,0.41595591976086194,0.41874330348047606,1.0,0.41595591976086194
2,1,1,0,1,0.3106641332455103,0.03511106823239623,3.3592767893457314,0.04725206114039971,6.627216348829458,1.817627742141792,0.5969101886436716,65.4398593981418,17292264067.395996,0.0012063438011555812,0.3364982121083043,0.41595591976086194,0.24820914127309085,0.21039606775413625,7767638.736472819,0.030803888905762584,0.17783463378740416,0.03021174797202791,0.41595591976086194,0.41874330348047606,1.0,0.41595591976086194
1,1,1,1,2,3.07277620803358,0.04728610609775603,6.1284077643479336,0.07800162221445472,5.092941374502375,11.223962453237629,0.32894203317751747,104.34556959322376,18541178553.592934,0.0011207964301455764,0.31108004026850766,0.41675231190614037,0.2653754648422796,0.18770474159739065,4864330.330198632,0.03521206867012799,0.2113172905085613,0.033636379589844764,0.267230289805844,0.41142228939320385,0.6412208934932766,0.41675231190614037
4,2,0,2,0,1.8332432877604492,0.06008762794107683,1.2466354020980952,0.04411751919017234,7.4206478261852675,17.1289419339133,0.12139376060927744,115.772778567558,11486998206.787525,0.0006534440398074286,0.34544349095601606,0.41676708979178995,0.24410165830887096,0.1978356197867715,9136882.82958357,0.029792809794570396,0.15314954775390244,0.029235393011435132,1.0,0.5022416880193483,4.527156709303851,0.41676708979178995
2,1,0,1,0,0.514009007023095,0.06576054814736894,6.155649136959369,0.010371427848471414,4.77962854087694,3.4319636020472686,0.32277235256213715,68.75876414006586,14082913136.21115,0.0,0.3285260676160927,0.41723847328021135,0.2544593827413343,0.20689545384832891,7548892.677945047,0.03237478873255043,0.18158709677294893,0.031573692569332346,0.26067132085641764,0.3425770901999322,0.6247537980069123,0.41723847328021135
3,1,0,2,0,0.8397018337274986,0.059697360040076766,1.4960868282232533,0.025090271647661568,6.074414330530504,10.511667134383485,0.5423067213823787,128.3919313653459,12593011002.877615,0.0007195263976471396,0.3232439250836355,0.41724582751566547,0.25755565892890453,0.20447714325199723,4587873.409801461,0.033167458723151105,0.1942837769531739,0.03211186273311587,0.41724582751566547,0.30081465092135595,1.0,0.41724582751566547
4,2,1,1,0,1.1165875917529178,0.015488988704487618,8.580068898175263,0.09703375342231127,3.8531295687559384,1.9086357882540215,0.6762447278151719,64.41067435700377,11625205983.896572,0.0010177101221825009,0.3433064584353648,0.4173870809993761,0.24454735066725347,0.16107802421874623,330555.1611013052,0.029901703359186318,0.17714534942906168,0.028840705119015778,0.4173870809993761,0.4167391455348193,1.0,0.4173870809993761
4,1,0,2,1,1.757867294419394,0.05923211183155983,1.6860727333065386,0.0033239815752841243,6.47731074640806,4.009961529655799,0.8262436327799592,83.44012017876375,9778290584.389801,0.0,0.30309535296663087,0.418155956872873,0.27186877616275884,0.2077962086892989,4923320.9515297515,0.03695631572611814,0.22499106323959994,0.035440209191751525,0.418155956872873,0.43500226411623216,1.0,0.418155956872873
2,0,1,2,2,4.235401169159533,0.07776031181577077,7.826702084472231,0.022299482973572964,0.6641655177391532,6.914723151250152,0.3965797909111483,86.48239455612959,11955708744.454006,0.0007139529380451047,0.3058674202661219,0.41817910048339124,0.27101324288925355,0.21293481961591784,7132505.360301578,0.03672408891067477,0.20185456765285925,0.03540542972819341,1.0,0.438287018079615,4.546377084533296,0.41817910048339124
3,1,0,2,0,0.2532489442833888,0.0744796802750652,4.907188914859572,0.022881643446892894,1.3073470812629846,6.3392297122145935,0.26297729639944306,118.39735848863629,11323851892.721992,0.000600078354872624,0.3409640044138529,0.4187970243987907,0.24747530765042522,0.199647318449128,7577377.510456756,0.03062201394833631,0.16998693196287396,0.029957450955260548,0.4187970243987907,0.35316584755465374,1.0,0.4187970243987907
3,1,0,2,0,0.2532489442833888,0.0744796802750652,4.907188914859572,0.022881643446892894,1.3073470812629846,6.3392297122145935,0.26297729639944306,118.39735848863629,11323851892.721992,0.000600078354872624,0.3409640044138529,0.4187970243987907,0.24747530765042522,0.199647318449128,7577377.510456756,0.03062201394833631,0.16998693196287396,0.029957450955260548,0.030441295392117543,0.35316584755465374,0.0726874681973157,0.4187970243987907
1,1,0,1,0,2.4756785669734906,0.07564201503600618,8.67056956616202,0.024937234079008563,1.0398720543352071,1.8709358219057,0.7737406361303142,72.44918722239879,11741055584.571178,0.0014403415646672636,0.24522487946621152,0.4189574716457658,0.32236583263573204,0.25772543603090475,4319884.632319826,0.05195986502546441,0.2904883148072325,0.04953941449892284,0.4189574716457658,0.6451717474274009,1.0,0.4189574716457658
3,1,0,2,0,0.8539310741984057,0.060350732368894544,1.5591396795739587,0.02337626657816337,5.879754363172704,10.873563455342056,0.5603580335874286,126.96816250582188,12346595230.187695,0.0007147421243453959,0.31940497447035315,0.4193728051002303,0.2614800428914445,0.20571210176411767,4374030.1121410355,0.03418590641525583,0.20086487793588292,0.033030764544411374,0.4193728051002303,0.30617287921574593,1.0,0.4193728051002303
3,2,0,3,0,4.017606172939533,0.024683514028944226,9.887664944338434,0.09646000694636123,8.121104514701083,7.958590758737312,0.2429958506721026,71.70450270429055,15913921856.132992,0.0011800321668986797,0.3263434064101357,0.4194697045781239,0.25683293390063633,0.1667174318171869,423798.7680739736,0.032981577968004314,0.19390287078918111,0.03168683810233758,0.4194697045781239,0.7567814636744716,1.0,0.4194697045781239
2,0,1,2,2,1.4797797508147414,0.09665821289915846,0.2518507050323947,0.06990578951181353,3.95996627902432,3.816218382304146,0.47917124870180083,90.48340491127915,16429306598.941925,0.0008031876189106837,0.29025944826752137,0.4210952541048963,0.28360220534072206,0.21172191117842237,3800116.956260891,0.040215105437060535,0.24335597979139967,0.03853145903231153,0.4210952541048963,0.23173285997573947,1.0,0.4210952541048963
2,0,1,2,2,1.4797797508147414,0.09665821289915846,0.2518507050323947,0.06990578951181353,3.95996627902432,3.816218382304146,0.47917124870180083,90.48340491127915,16429306598.941925,0.0008031876189106837,0.29025944826752137,0.4210952541048963,0.28360220534072206,0.21172191117842237,3800116.956260891,0.040215105437060535,0.24335597979139967,0.03853145903231153,0.4210952541048963,0.23173285997573947,1.0,0.4210952541048963
0,1,1,2,0,1.5488826731190881,0.01985234944021199,1.8936345831284402,0.05938291039117166,8.539880835128592,4.66038475741391,0.6228465347867727,89.6283099424776,14169460604.599121,0.0007405156868136661,0.26687983450213143,0.4220961119364261,0.3031166066715406,0.235097953517127,4582631.60074336,0.04593983862003473,0.286709765834529,0.04395073023389177,0.3987637790760895,0.4194143144691816,0.9447227012982987,0.4220961119364261
3,1,0,2,0,0.8180722094636137,0.05926034273981574,1.5327684300165587,0.024665146806359877,6.059285614660045,10.484125254411,0.5428746962932596,128.30773242135336,12626902296.295902,0.0007175637973281391,0.32645810661818553,0.4221971520180387,0.25846736166363316,0.2061241301477296,4594244.474182113,0.03340268852267968,0.19623657500976555,0.03234424840495068,0.4221971520180387,0.3037455648606942,1.0,0.4221971520180387
1,0,1,2,2,3.7362330797988954,0.005121301889999981,6.150183162840783,0.07822040484451319,2.778857089793567,6.991281906880239,0.12455465900092848,67.53473795003345,12139256827.917475,0.0013663473504073047,0.32836199664042975,0.4223379408199221,0.25746346295823846,0.16223292390041688,702773.4066501271,0.033143717379224114,0.19130040329711462,0.03164442924718927,0.4223379408199221,0.5254348567141568,1.0,0.4223379408199221
5,1,1,1,1,2.456343766852444,0.022723632819236728,2.219972985409779,0.06533619757221051,8.831775841066069,15.831968367283656,0.06851621161579642,116.03032864957066,13343621092.813187,0.0006497888327735602,0.32878729949549135,0.42248560039667654,0.2572944410129491,0.1625221058873801,276150.4014722386,0.033100214688082975,0.19062417898148443,0.03186912320929296,0.42248560039667654,1.100426597826289,1.0,0.42248560039667654
1,0,0,1,0,4.019307016018911,0.06427393231565416,8.92214354463894,0.08288681161396383,6.40003683034769,13.218170767304597,0.3735352978036336,92.7455928174568,11393623167.49535,0.001322606415632864,0.31858188141273397,0.42260259200559497,0.2639528197683465,0.20281063803512636,4824811.588027366,0.03483554553183061,0.2074124037388576,0.03354528888077596,0.05548805112275995,0.5033738549695478,0.13130078275058316,0.42260259200559497
5,2,1,3,1,0.15653888139060776,0.04221147149660464,2.3461046984847616,0.018693832022858427,0.16155034520433798,4.482768064184936,0.2203965879079523,122.48936285512416,15698635850.611557,0.0,0.31119427456296656,0.4226706699755914,0.26914580356387796,0.22235048370624214,6254430.131143776,0.03621973178802279,0.21665688570243524,0.03526453542213382,0.4226706699755914,0.37280091321142894,1.0,0.4226706699755914
3,1,1,2,0,0.6806540659403296,0.05290404112971172,8.471107586410069,0.020064531694535807,1.039859796496795,1.3001003373486881,0.022572166807376164,124.17303152252876,14342352083.41188,0.0005944742457913313,0.33224462972999713,0.4235660301757615,0.2555532017562056,0.2106147135265973,7205580.142221192,0.03265371946392396,0.19030731489603436,0.031941623997895796,0.4235660301757615,0.47099891312036357,1.0,0.4235660301757615
2,0,1,2,2,2.364803151290798,0.055532971529580526,5.742237268592576,0.03666542450258391,2.7028250827426823,12.155556960586166,0.6871008162860761,104.06572779738181,12032932339.688015,0.0005605067339770323,0.29871071382783754,0.4248524975857168,0.2794426547215866,0.19968935760525613,4139223.2504316214,0.03904409863892393,0.23954901760325065,0.03658603851020663,0.3014035303234417,0.4238556086575836,0.7094309955483586,0.4248524975857168
2,0,1,2,0,0.2964263758796374,0.08458736300364125,7.040565748043236,0.03211091190792907,6.998126893198427,2.1343536475051152,0.27495525552291133,82.64726391719778,9400393460.847082,0.001390017289933377,0.26661747098754784,0.42506831229381503,0.30967260007589775,0.25610867170153706,8227113.849708782,0.04794855961888345,0.21816365051212683,0.04598443965911567,0.42506831229381503,0.6572828147601034,1.0,0.42506831229381503
1,1,1,1,2,4.870113252103514,0.04728610609775603,6.1284077643479336,0.08073594795207256,5.092941374502375,11.280720983516302,0.3304499130851409,104.34556959322376,18708212379.248337,0.0009601448417536212,0.32312041366671285,0.42531824219592484,0.26253448008460284,0.19204553986396214,4584737.031674315,0.034462176616646356,0.20530291565985803,0.03295606160394691,0.42531824219592484,0.3931594047074411,1.0,0.42531824219592484
3,1,0,2,0,0.43473429546268627,0.08363685482403269,5.076386147164191,0.04403291553331874,3.6509613706757595,9.964842571864502,0.19702250633034363,127.26390761902636,10251817943.820948,0.0014103024774677997,0.32955187275059195,0.4254794090572549,0.2607354989146405,0.21426558909356472,9176312.440370435,0.03399150019713324,0.1565495145139626,0.03331757400977473,1.0,0.4159520094140615,7.447165131675246,0.4254794090572549
3,2,0,0,0,0.33872198273802956,0.06068523746993309,4.7123752719968675,0.021784223621587797,1.134210100327286,8.810053495809763,0.04591395470167269,124.36534022016106,10805674045.810818,0.0005002160657175484,0.3453964162157829,0.42562297825536277,0.24955510063254066,0.21105227173449245,8500374.250995334,0.031138874125858747,0.1590522797422136,0.03060694103492375,1.0,0.37538234831901823,5.590483581219511,0.42562297825536277
4,0,1,3,1,3.8374273149583344,0.04092164162783271,9.118511507983577,0.08391594175515274,9.471300089820302,15.90790246648522,0.7965718702110194,69.71985598647424,10650482060.656956,0.0014360857511147337,0.2934523507452693,0.42572949678469635,0.2845376194630242,0.21195542585779473,3972128.846228075,0.04048082844484238,0.23910587926814275,0.038144649874632966,0.42572949678469635,0.5771124603497999,1.0,0.42572949678469635
4,0,1,1,0,4.920219787331009,0.034309336799135996,1.423231033714733,0.06568217357989192,5.864444140814379,16.46726163239927,0.7667383242217589,77.69844890591584,15827294609.435286,0.001169851694150133,0.2954919041029732,0.42596444401694067,0.28267927502199636,0.21049507372034967,3320428.7013533902,0.03995378626348073,0.24425522718698056,0.03784936302916927,1.0,0.2804508462685951,13.0266873555915,0.42596444401694067
1,0,0,0,0,4.025606971095729,0.05006990523944574,6.660141747964413,0.030244663157404716,4.3370611703536825,2.4287230280234127,0.29411894360262275,116.8392914900256,12881057403.760824,0.0007478312416193683,0.29781987953536776,0.42661641588862315,0.28208400379305254,0.18744115937000871,725059.8855750398,0.03978569259795944,0.2288956916386633,0.03804367072276166,0.42661641588862315,0.4211493084008012,1.0,0.42661641588862315
3,1,0,2,0,2.484274541874936,0.09609982988472296,8.952958181900119,0.021561597667265946,3.918879516343213,2.957078945374041,0.8125263587515592,106.14806662230968,13771443921.113207,0.000976949343841416,0.30065431363280326,0.42665431363135725,0.2791704857933817,0.19953836966947483,1530869.0422857332,0.03896808006905637,0.2389485861773546,0.037430226491038075,0.06668060181856784,0.5552253918854271,0.15628718540551773,0.42665431363135725
4,1,0,0,0,0.19231785989639255,0.06656556820789944,3.4773368846912436,0.03895968762678731,4.123439292707065,1.3329648559814746,0.24844054557579054,86.16269934761507,18019759394.230507,0.0006322744740682325,0.33661539826229053,0.42691641592195373,0.2561136586213586,0.21224766711278809,8283760.935167939,0.0327971030662089,0.16558521183057207,0.032140691180420636,0.42691641592195373,0.3660859619246945,1.0,0.42691641592195373
4,1,0,0,0,0.19231785989639255,0.06656556820789944,3.4773368846912436,0.03895968762678731,4.123439292707065,1.3329648559814746,0.24844054557579054,86.16269934761507,18019759394.230507,0.0006322744740682325,0.33661539826229053,0.42691641592195373,0.2561136586213586,0.21224766711278809,8283760.935167939,0.0327971030662089,0.16558521183057207,0.032140691180420636,0.42691641592195373,0.3660859619246945,1.0,0.42691641592195373
1,2,0,2,0,3.1887990497261742,0.03780736157128301,6.507912998518361,0.04838565470254452,5.722829673079891,2.2996883129740078,0.8183263591043869,88.45816723615336,17571467470.398533,0.001042037778514624,0.30300784843940654,0.42736154415075794,0.2788302583078767,0.1823988698830632,1008233.2217529729,0.03887315647401863,0.22015375312678342,0.03705376525242494,0.11960719423201349,0.4019586074849444,0.2798735540646126,0.42736154415075794
5,1,0,0,0,0.16301363220300413,0.06726469337197703,3.5526821198698313,0.03963841608703683,4.108244001629755,1.19096990834894,0.2493672041722535,85.8508860958942,18022973233.517193,0.0006269439805802237,0.3335157805251396,0.42803762209350604,0.2592281878238924,0.21746973954191942,8212998.716992119,0.03359962668122962,0.1628224814517355,0.03295017829771905,0.42803762209350604,0.3678558980766823,1.0,0.42803762209350604
5,1,0,0,0,0.16301363220300413,0.06726469337197703,3.5526821198698313,0.03963841608703683,4.108244001629755,1.19096990834894,0.2493672041722535,85.8508860958942,18022973233.517193,0.0006269439805802237,0.3335157805251396,0.42803762209350604,0.2592281878238924,0.21746973954191942,8212998.716992119,0.03359962668122962,0.1628224814517355,0.03295017829771905,0.42803762209350604,0.3678558980766823,1.0,0.42803762209350604
1,0,0,0,0,1.6174075286349292,0.05603432068804898,7.666711744532715,0.06951349757502921,9.309786662115826,3.8247403858684823,0.23986294245544645,98.33241672258245,13668470840.45989,0.000596746147302743,0.2912815659405471,0.4281871015774055,0.28821208048116304,0.19165736006123532,680965.7484628375,0.0415331016676402,0.23917815397273667,0.03970111303872992,0.4281871015774055,0.3886989589982422,1.0,0.4281871015774055
2,0,1,2,2,2.364803151290798,0.055532971529580526,5.742237268592576,0.03666542450258391,2.7389419134686253,14.108861359096935,0.06699985302301224,104.06572779738181,12032932339.688015,0.0005605067339770323,0.3043783164096915,0.42900685540148625,0.27800723191803506,0.1970559109741561,4436502.132716715,0.03864401049936407,0.2353782174316883,0.036204776861411096,1.0,0.4274873209271771,3.1352249340351843,0.42900685540148625
4,2,1,1,0,0.4002268361639786,0.03266398315292064,4.162238964858717,0.04327842229976146,1.4180456206717535,3.2394097569364275,0.762688032197192,79.0605023877697,9614595088.993607,0.0010670491048675014,0.3328238643981804,0.42907904886757486,0.2598342538193581,0.22458639681002632,6951593.66801557,0.0337569197289313,0.17297662998100916,0.033145161688900186,0.42907904886757486,0.3940722778858936,1.0,0.42907904886757486
2,0,1,2,2,2.1140165679743412,0.04813470601157063,7.431634383513745,0.020948842015181945,2.7506563964742767,13.010977334717708,0.22581451905760283,108.53990277231485,13888889811.466728,0.0005009383010137417,0.3061498989850589,0.42986114578121354,0.27752564926855217,0.20961486612173194,6016760.134058381,0.03851024300096571,0.22930647579095587,0.03657054994484851,0.42986114578121354,0.4114179477483399,1.0,0.42986114578121354
3,1,0,0,0,0.8991948447056777,0.047432827909269684,5.343955585940003,0.03832928051112832,9.051738568294933,5.192952462055857,0.8030806311624049,80.28583962288323,13083350655.26744,0.0013108188207752302,0.2779721227101857,0.43064941176559324,0.3003691069353257,0.22025610490129852,2249261.516154634,0.045110800200562566,0.267483188589723,0.042860096151426705,0.43064941176559324,0.6329310914033569,1.0,0.43064941176559324
4,0,1,3,0,4.85206176334098,0.014891320260751578,8.222676106829391,0.06859753558706772,6.145715004190069,11.216126788468861,0.7440156842681926,92.06412031873201,10973231553.982817,0.0,0.2877067085595681,0.43083544217784947,0.291953944549262,0.18506773548502772,222218.3389781629,0.04261855286893677,0.2626607680791955,0.040121394977332955,0.43083544217784947,1.4641213660074648,1.0,0.43083544217784947
4,0,1,3,0,3.0250703632667677,0.03589592692564403,8.90120554796908,0.06619602367555781,6.326112858462046,10.649475381632339,0.27911884788312324,108.221577774869,14600465984.641571,0.0013330412631138906,0.29954606946829343,0.43114189357158983,0.28307114774824077,0.19618799439373605,3011151.5085762977,0.04006463734375318,0.24357628912645668,0.03742062484898855,0.43114189357158983,0.5631379894239237,1.0,0.43114189357158983
4,0,1,3,0,3.0250703632667677,0.03589592692564403,8.90120554796908,0.06619602367555781,6.326112858462046,10.649475381632339,0.27911884788312324,108.221577774869,14600465984.641571,0.0013330412631138906,0.29954606946829343,0.43114189357158983,0.28307114774824077,0.19618799439373605,3011151.5085762977,0.04006463734375318,0.24357628912645668,0.03742062484898855,0.43114189357158983,0.5631379894239237,1.0,0.43114189357158983
4,2,0,2,0,1.4221888023625953,0.05883799685612704,5.597229260307766,0.053148791788366026,5.917879940367633,8.147791728607379,0.5739841434543177,123.34193715963741,16726573449.619843,0.001362129353617672,0.28476500814984673,0.4313264384238468,0.2952269606245961,0.22945131070813982,2585120.6808910794,0.043579479139818404,0.2578603932440171,0.04188265950225064,0.4313264384238468,0.6451446576753551,1.0,0.4313264384238468
3,2,0,0,0,0.48230787375335193,0.09273230122633973,5.678543761840955,0.021325742626917464,1.9840404441161774,7.002631056434508,0.10107607313784638,124.65199034133579,10398168904.645716,0.0007445337853682133,0.339792764557545,0.4320426041705014,0.2567584790447222,0.21468482344005915,8364154.846241516,0.03296245828067952,0.17423912939755337,0.03234337070097892,0.4320426041705014,0.40113106665705855,1.0,0.4320426041705014
4,2,0,2,0,1.7394334862018046,0.06008762794107683,1.2466354020980952,0.044016140217432304,7.4206478261852675,6.050591845245811,0.6936515439208443,115.772778567558,11486998206.787525,0.0006534440398074286,0.3474951524529078,0.43257328276875084,0.2527613778489313,0.2050316700711606,9543682.650601426,0.03194415706604512,0.1568906600416976,0.031296290983096296,0.6801008157244888,0.48514896245067035,1.5722210381820172,0.43257328276875084
3,2,0,0,0,0.35184671602474815,0.07421664789369647,4.910295868838798,0.01709684202288775,2.4254513988616067,5.363579354644335,0.3488237672083694,126.89208478075736,10105359105.3485,0.0,0.3475405966303744,0.4332435839569978,0.2520660518309867,0.21100363136403882,8021614.695493938,0.03176864724283083,0.17583920701971134,0.031143502324432148,0.5065298449873968,0.3622573120884509,1.1691571756494221,0.4332435839569978
2,0,1,2,2,3.112422024443203,0.006206720901309169,6.082191725730741,0.06630395540759502,2.9422417667634893,12.222101245562454,0.20519000700330295,84.57790718011245,14982009772.159721,0.0006972001206300433,0.3134949835218116,0.4337398973563161,0.27435594155178794,0.22512247044941203,5250313.556753414,0.03763559133238404,0.22962083041832626,0.03650192092435518,1.0,0.49878338761304897,18.096601250428936,0.4337398973563161
2,1,0,1,0,0.43813719341636503,0.08600231211307845,7.418007349247059,0.012133293209971772,9.554619219303937,5.340310985185602,0.41274888135546545,80.70549411513451,14290998610.124054,0.0,0.3354422014523451,0.43425714166265555,0.2607181822931786,0.2145322632824671,8125604.209285564,0.03398698528912956,0.18475417019932816,0.03321041369291236,0.6171537345281705,0.34001834707217493,1.4211711802027074,0.43425714166265555
1,1,1,3,1,1.3628389616063612,0.06272540927968889,6.212051001637361,0.0037857754089842812,5.66526051239134,5.455264129022109,0.16646523448848186,111.39326698207468,10711501395.46785,0.0,0.3549732048793616,0.43502414864135613,0.2486744400176767,0.20325218398392358,8696690.70411213,0.030919488559052542,0.16740851730945883,0.030357560462832934,0.08615416210679512,0.4802978991736142,0.19804455080451772,0.43502414864135613
1,1,1,3,1,1.3628389616063612,0.06272540927968889,6.212051001637361,0.0037857754089842812,5.66526051239134,5.455264129022109,0.16646523448848186,111.39326698207468,10711501395.46785,0.0,0.3549732048793616,0.43502414864135613,0.2486744400176767,0.20325218398392358,8696690.70411213,0.030919488559052542,0.16740851730945883,0.030357560462832934,0.43502414864135613,0.4802978991736142,1.0,0.43502414864135613
1,0,0,3,0,3.910892840774868,0.08902998984153276,4.336325859097205,0.06580013760304348,6.621194005463496,7.392528007745595,0.2908629579510481,110.78129443354489,16696241440.317478,0.0006289053962542605,0.30162638570232003,0.4360308694811579,0.2854438836793577,0.1885990188766174,965158.1675157995,0.04073910536497734,0.23340302202692964,0.03883957345970678,0.4360308694811579,0.39635544562932395,1.0,0.4360308694811579
2,0,0,2,1,4.422836101176851,0.029552988303152866,1.5432093019805453,0.014354222786524318,1.3553845236753497,5.996929250287157,0.7116199051953842,120.82018008172605,10213745500.243408,0.0,0.3082006714866765,0.4362403868128884,0.27980739402445076,0.1955703898037664,2912607.084711194,0.03914608887537713,0.23938257798264118,0.03687854693511847,0.4362403868128884,0.3518971639461346,1.0,0.4362403868128884
2,2,0,1,0,3.523155151087618,0.09384961570300478,8.807282048912379,0.0023977413838922592,6.866187998485157,4.551554790186456,0.27228294988909585,96.6695721968415,17994727164.25059,0.0,0.31745223954833046,0.4367486956764481,0.279220140230911,0.22347110920014082,10670577.707529949,0.03898194335528481,0.1279451556102812,0.03799493408955958,0.17518067349143168,0.3420756328335375,0.40110176681834653,0.4367486956764481
1,0,0,1,1,4.691242141108165,0.06311197928593378,5.327990048262547,0.02049026519867634,4.36393178836363,7.4675636807383,0.3657426819780778,115.02408863691446,16848255848.32175,0.0007553957229373366,0.3185853142287619,0.4368361078929226,0.2733488158478438,0.1793342150359527,594508.4519517784,0.03735978756270921,0.21513069029082876,0.03578684359869211,0.4368361078929226,0.4295235487684252,1.0,0.4368361078929226
5,1,1,1,1,4.39725852921617,0.09420840112400376,4.62341766764439,0.0666792303263896,8.884677698762813,11.012250702719676,0.05035783264824684,113.1618114181027,13384571564.78753,0.001035565012890393,0.32143098071798537,0.4368752798708646,0.27072692969112044,0.21142260221297723,5438306.626914784,0.03664653522999043,0.22280107932471982,0.03526315577675189,0.4368752798708646,0.4062169106645661,1.0,0.4368752798708646
4,2,0,0,0,2.475150153651025,0.0790576322016148,6.799525091806125,0.04111494068742358,3.3614250635779905,7.948410516505948,0.41348921423809076,93.2995195120255,13644333330.415451,0.0010120376571389306,0.28602787372355126,0.4368800155124318,0.29794221423632217,0.22345177638416583,2402387.9720010003,0.04438478151202124,0.26322863970881316,0.04254960988991582,0.11677220945485403,0.5725443675202493,0.2672866812593564,0.4368800155124318
4,2,0,0,0,2.475150153651025,0.0790576322016148,6.799525091806125,0.04111494068742358,3.3614250635779905,7.948410516505948,0.41348921423809076,93.2995195120255,13644333330.415451,0.0010120376571389306,0.28602787372355126,0.4368800155124318,0.29794221423632217,0.22345177638416583,2402387.9720010003,0.04438478151202124,0.26322863970881316,0.04254960988991582,0.11677220945485403,0.5725443675202493,0.2672866812593564,0.4368800155124318
5,1,0,2,0,0.2521290628929956,0.0744936544929614,4.906574362550656,0.022867201154533428,1.3110563907529431,6.3330341406059105,0.26392860691320436,118.3725806304278,11321170316.153751,0.000599645755249205,0.3472654715264719,0.43776988428413177,0.2550566827950246,0.2058773926475811,6416238.079979406,0.03252695571920089,0.17809238584320253,0.031773511397730735,0.43776988428413177,0.3532542271081417,1.0,0.43776988428413177
5,2,1,3,2,0.1368901871868147,0.04122147882544895,2.3840560942092233,0.016277483547350098,0.31159155874172484,4.5636076638106875,0.22674511807448655,122.77080994436899,15774096992.505518,0.0,0.307396644337567,0.437973601761164,0.28181601215170604,0.2372273539904651,5502756.810668766,0.03971013235254526,0.23729359013800655,0.038664319558430214,1.0,0.37850116604276135,81.81504212117618,0.437973601761164
2,0,1,2,2,2.113716118470881,0.04807267752574799,7.12089424689338,0.020211878458577495,2.3993977125006625,13.104095091366728,0.21960590200914962,109.16985172790594,14340165821.117558,0.0005412941557648553,0.3142789511166452,0.43825014340961876,0.2774346602580156,0.21088540706894432,6779859.26896133,0.038484995356240274,0.22015904532226138,0.03675117920491031,0.43825014340961876,0.4307054515182306,1.0,0.43825014340961876
4,1,0,0,0,0.1697985014466903,0.06666626357841923,3.6852641249839784,0.041389011814416544,4.033503366307721,1.0244838233522349,0.24713510112850634,86.63824491591662,17930742104.31942,0.00062860749891613,0.33808585711841677,0.4385644434994828,0.26263203758902115,0.22004106889449362,8763499.06759783,0.034487793584080516,0.16814395442293018,0.03379427217868659,0.4385644434994828,0.3703912195873024,1.0,0.4385644434994828
2,0,1,2,2,2.002851993567312,0.04768683578213665,7.345673739913113,0.021918787656032078,2.7431515349290447,13.005318835741171,0.23969064987499236,107.60634044219792,14141813759.502378,0.0005449762277243993,0.30648334028465085,0.4386112068356525,0.28291173234369066,0.2082775185656468,5723471.520068465,0.04001952414885403,0.23919059238142004,0.03771278826709748,0.4386112068356525,0.4199210410272584,1.0,0.4386112068356525
1,0,1,3,0,0.3245305717144692,0.017812594709167236,2.786291555213626,0.045564094291619665,1.7435483843735653,8.364528542115394,0.2856451731607716,94.70780567260314,9814258147.507828,0.0010269942896890942,0.33484282154306994,0.4395370024819965,0.2638073152313712,0.16368976504892616,785765.2889487481,0.03479714978479202,0.1996112754791841,0.033186895503104774,1.0,0.5065350614352148,2.7265950011136915,0.4395370024819965
5,2,1,1,1,4.654817803715608,0.09895270654893001,1.4260155744138177,0.05872613728622749,8.094718340727672,12.834832952243168,0.1246962716699706,109.39986343963511,15784811365.903519,0.0005700254447615607,0.34297115731532124,0.43962195270291626,0.2591151146819413,0.21361769738949055,8483013.784888217,0.0335703213283178,0.18069770398217821,0.032825143235859916,0.43962195270291626,0.3305830099083687,1.0,0.43962195270291626
5,1,1,1,1,4.4007381418083025,0.09388534804448391,4.583687082858461,0.06664289469325015,8.965119872675787,10.980024854308489,0.05355359045866855,113.38284330868747,13320840960.977402,0.0010387084366490964,0.32061665187114335,0.4397379144453085,0.2730738534275312,0.21233718767057094,5331613.781290709,0.037284664712880396,0.22714352677576177,0.03583331179776066,0.4397379144453085,0.40471505648434214,1.0,0.4397379144453085
3,0,0,1,1,3.0480355967674995,0.030121194052594637,1.8472654675204527,0.07370798502931392,2.7984154947541935,5.799118851418854,0.7278772351987695,81.1271315849844,10714419474.141228,0.0005149067061270612,0.2995764124582019,0.441570114929545,0.2896267329777349,0.19425523717991577,2037055.5124869407,0.04194182222767808,0.26030505015058614,0.03918379863775715,0.441570114929545,0.39217032918234945,1.0,0.441570114929545
4,0,1,1,0,4.6807634795944235,0.03603336233412834,1.504542753453934,0.06744134983763567,5.87453579723546,16.466091385933012,0.7590926767111089,78.06369448537878,15743764144.201536,0.001174815809083148,0.24704345503399394,0.4419460706290477,0.337256483769052,0.2914366570360254,5667772.929290824,0.05687096792213241,0.3300269720965895,0.0545988427930893,1.0,0.6698852337895926,5.030600977746036,0.4419460706290477
4,2,1,0,2,0.9611931292638881,0.0057365003474553755,4.934547126827895,0.052766554317786034,1.8270704415622112,6.014766606188869,0.17495250130519366,84.31398261811105,16338699880.247421,0.0013601711928390146,0.26796805443668303,0.44212400944289554,0.3175679327197441,0.21601099507483273,21474973.170172077,0.05042469594594596,0.290593601797717,0.04717494796635296,0.44212400944289554,0.692744119838916,1.0,0.44212400944289554
3,0,0,1,0,0.10698450945855026,0.009374504277176222,9.323752789636398,0.08981082601171102,9.702329107653286,12.769482893239294,0.10328675571517254,87.46171486931622,17080796274.51528,0.0008660416961427065,0.27111441988898577,0.442330412587686,0.3160546396953854,0.24393192557098856,3612609.7308119335,0.04994526763648993,0.2654997905981872,0.04744636783732474,0.442330412587686,0.5377535821012391,1.0,0.442330412587686
1,0,0,1,0,0.10332685420082784,0.008649613980397115,9.239936118819632,0.09010913616749752,9.376234282404386,12.76609476625155,0.12695862469878844,87.10800410323691,16936755392.721193,0.000882895430570681,0.34700663216509814,0.4423520436302355,0.2575903101900144,0.156645580983723,499784.45004306413,0.03317638395189391,0.18871773441690753,0.031689886276340215,0.4423520436302355,0.5807242365537392,1.0,0.4423520436302355
2,2,1,1,0,2.3327457029880367,0.040216488266867516,4.807847295998214,0.043615897312041775,5.701734225988597,7.585653605286947,0.7444191312001238,62.2862788630484,10531677307.000904,0.0014546310464062784,0.28616217986279846,0.4424443836940299,0.30184787116780626,0.22931486106340873,2528943.854448433,0.045556068664268284,0.2656058497606386,0.04333684001569578,0.4424443836940299,0.6243949022692195,1.0,0.4424443836940299
4,0,1,1,1,1.2596177016707508,0.03357990495374254,3.908692347314106,0.036253229590886185,2.7559883001662793,1.6470468494214927,0.18523072573328828,78.07384866106064,10556693013.99327,0.0008628363963004632,0.3080414488894482,0.44287179761367584,0.28591585709984896,0.22206829512606993,5108737.0266272025,0.040873938670570625,0.21731419191496715,0.03868816000602827,0.44287179761367584,0.5108167693028622,1.0,0.44287179761367584
2,0,1,2,2,2.0923301492631325,0.048847869252769946,7.404412018994901,0.01966039037496224,2.7904946190021316,13.715710657791192,0.23275570631205578,110.2894943810155,14117609796.345984,0.0005043947013043821,0.31467701309944,0.4433116236328711,0.27999300369159386,0.21278694089727587,6353783.809727865,0.03919804105812044,0.23150790338159788,0.037279517171842656,0.906043183281603,0.4123420882693274,2.043806512125077,0.4433116236328711
3,1,1,3,1,0.26997867239660267,0.09742041329870614,8.767064143443642,0.03994283898206786,5.109228216854063,6.411503270603163,0.14852039957491475,128.02186918334817,19075234484.323616,0.000809068036591947,0.3415456001518055,0.44358475032726297,0.26237312527226114,0.23341547471972932,8060431.57020539,0.034419828432566815,0.18678249030807004,0.033833146322078296,1.0,0.4690464778908256,293.2737297630346,0.44358475032726297
4,1,0,1,2,1.8363724180479937,0.09107135586408535,8.330744483789491,0.0788154748340667,1.287049841112365,1.817746126756517,0.39174578341913785,63.533054099681635,18406158476.114334,0.0006368328529254513,0.3220865800929749,0.4436870510155811,0.2763963910253216,0.21785883073760556,8118222.568694424,0.03819748248591123,0.19685454292117244,0.036974288931895985,0.351938867836093,0.405718855939674,0.7932141968770999,0.4436870510155811
4,0,1,1,2,2.1002872799917833,0.006274013523860904,1.9328757965584735,0.025122641623502296,1.9681026527904266,4.708621268303126,0.7509459461617557,75.92886432995294,11084473708.79632,0.0,0.31539414650979103,0.44505314699557796,0.2800759636788221,0.1740982267066613,622575.090200761,0.03922127271531043,0.24109149413035957,0.03668518898515011,0.44505314699557796,1.3384533925075328,1.0,0.44505314699557796
3,1,0,2,0,0.2568064233076461,0.07458861472755252,4.931464790632829,0.023264252439264218,1.3187129261428738,6.352086022222311,0.2637022131943831,118.7009924722129,11330639387.991892,0.000597904469019333,0.3504538880344908,0.44572445707312097,0.2579811632312676,0.2090972522394188,8098839.096864476,0.033277140291078956,0.17809291369373037,0.032545172365132394,0.44572445707312097,0.3530564453499106,1.0,0.44572445707312097
2,1,0,1,0,0.21820390232720832,0.0730578553570036,8.716738200145668,0.00892494879367857,9.176686948670936,4.953498969600732,0.22091249929987375,83.45494254932386,15255829134.773201,0.0,0.3387971824232414,0.44728543907360074,0.26563971318909785,0.2147475359379982,7105812.440738462,0.03528222861159308,0.20676733296628358,0.034256263209490406,0.44728543907360074,0.3307902442014082,1.0,0.44728543907360074
4,0,1,1,2,3.9087807353107045,0.0766712613750957,1.8294099946822184,0.03956138117890626,1.4169425433886702,5.779130095390848,0.1719717675228683,101.59462977304753,12420459448.961044,0.0005213062793620083,0.3333456601305212,0.44734334406582693,0.2701918516076181,0.19800783721133683,2799842.2210253035,0.03650181833757656,0.19839818761176575,0.034877113278463746,0.44734334406582693,0.3792482598212467,1.0,0.44734334406582693
3,1,0,2,0,0.2522723086647471,0.07455117738641884,4.919989606166413,0.02311700362125186,1.2956616581099647,6.380457309643795,0.26276088757411037,118.40135435907003,11338911688.178173,0.0005991286211962685,0.35120829814680227,0.44805108865997295,0.25890749641995886,0.20964159512212432,8155443.060381636,0.03351654585122551,0.1788615530465737,0.03277737871782471,0.06749289543448464,0.3530389616674942,0.15063660627706935,0.44805108865997295
2,0,1,2,2,3.936423967721434,0.04807267752574799,9.057634632772881,0.020211878458577495,2.3993977125006625,13.104095091366728,0.21960590200914962,109.16985172790594,14340165821.117558,0.0005412941557648553,0.31162676873522765,0.4482730599169643,0.284842685858009,0.1981125348696196,3725082.135655966,0.0405676778434022,0.25061968994635,0.037811539188120344,0.4922923309980513,0.4255765772231492,1.0981974493163629,0.4482730599169643
2,1,0,1,0,0.38801382936427653,0.08600231211307845,9.204084277418032,0.016685507084331717,1.9309373036594746,5.340310985185602,0.41274888135546545,80.70549411513451,14290998610.124054,0.0,0.35433058798803707,0.4483625616894108,0.25699511136362485,0.21136662281289972,8720064.165502725,0.033023243632400966,0.17804993886869191,0.03233575713259993,0.4483625616894108,0.3431501367363422,1.0,0.4483625616894108
2,0,1,2,2,2.1515572959388147,0.04829998536493175,7.74097057173996,0.021742683450208317,2.937864004370867,12.928177879827025,0.258971920450002,107.76615662302989,13889801537.83833,0.0005069281314605603,0.30800729995712084,0.44837178163174457,0.28776941462914607,0.2147151039781517,5552123.623157055,0.041405617998000695,0.2531609485963272,0.03898849663384155,0.7380742199833747,0.4134008274964907,1.646121032187453,0.44837178163174457
1,0,0,1,1,2.9865434305524867,0.09061079720154525,2.5102549504581644,0.044375163085640455,4.934191796984702,3.0576599744214543,0.1688614628690264,68.63002748271965,14473367113.670322,0.0009977886738963214,0.331286217169989,0.44866499039437324,0.2719669350390178,0.17343888584750902,733598.3078968588,0.03698300687725867,0.2097689828463567,0.03532580917920022,0.44866499039437324,0.3726777752847842,1.0,0.44866499039437324
3,1,0,2,0,0.2821498316191605,0.07530120174582991,4.979200983764602,0.020988526286857465,1.3390378000505896,6.2850319835415025,0.24474377868867536,117.86223247775501,11428323912.116657,0.0005919627971412095,0.3467800267885825,0.448742341602415,0.26221816475984683,0.2128632196158843,8186112.50779852,0.034379182965011086,0.18309262651256386,0.03358896053599275,0.448742341602415,0.3543536455834507,1.0,0.448742341602415
4,2,1,1,0,0.37556667890211937,0.032816563280359055,4.159339115528743,0.04337252561878107,1.4060198482681927,3.2135302345562797,0.763549828396534,78.82725123516721,9587087029.199272,0.0010624381445782682,0.3401922279609277,0.44897378546279143,0.2672072065115604,0.23129742738348819,7142503.7831231905,0.03569984560585583,0.18133226431852278,0.035022101268956496,0.27612672282170764,0.39433148522774664,0.61501747265062,0.44897378546279143
4,2,1,1,0,0.37556667890211937,0.032816563280359055,4.159339115528743,0.04337252561878107,1.4060198482681927,3.2135302345562797,0.763549828396534,78.82725123516721,9587087029.199272,0.0010624381445782682,0.3401922279609277,0.44897378546279143,0.2672072065115604,0.23129742738348819,7142503.7831231905,0.03569984560585583,0.18133226431852278,0.035022101268956496,0.44897378546279143,0.39433148522774664,1.0,0.44897378546279143
3,0,0,1,1,3.2168355400467075,0.01909450307717458,6.66121342904028,0.060073484755775196,3.8654412277006354,2.023386478986505,0.7715826510352245,71.23242947390843,10323985275.585436,0.0007299619742842458,0.29297144398202235,0.44941703565843644,0.29985570360016145,0.18042877096613846,271023.06538351177,0.04495672149077394,0.2827143568203181,0.041497356217118656,0.44941703565843644,1.0268759614422978,1.0,0.44941703565843644
3,1,0,2,0,0.24790595407018373,0.0746123513056683,4.921372255289631,0.023061694334083466,1.2923390771635335,6.358170772801635,0.26302882427866436,118.4014676026835,11318599544.071384,0.0005991820630595121,0.35163159285716494,0.4499756991590388,0.25980717034358325,0.2102626581802457,8200526.941312272,0.03374988288096984,0.17956427828961385,0.03300350937277724,0.06777600881000839,0.3530073225390978,0.15062148675289627,0.4499756991590388
3,1,0,2,0,0.24872865202023242,0.07457610485946863,4.914364530251774,0.022938382390548885,1.2881165840940536,6.325039999191313,0.263696817431276,118.34316029043433,11326752103.754633,0.0005997099486260144,0.351417747722372,0.4502073249928647,0.2601123667891171,0.21037039484714337,8246041.427710036,0.03382922167831809,0.17943589286806794,0.033082847207900064,0.03388001252035473,0.35301920278461396,0.07525424540991574,0.4502073249928647
3,1,0,2,0,0.24421095837859091,0.07455145564089566,4.926778269025878,0.023021387049268163,1.2933747651113983,6.379336592988984,0.2638853971084596,118.32533866738572,11299243734.46572,0.0005976744275433881,0.3517927117862258,0.450492487365636,0.2600098750527224,0.21028548802876038,8204297.914196975,0.033802567562466156,0.17984723214431142,0.03305316819309636,0.06788169127947669,0.35278124265145544,0.15068329258148416,0.450492487365636
3,1,0,2,0,0.253142611844569,0.07450757428440678,4.899027647779387,0.022850940587077633,1.3109898305569088,6.328813060536549,0.2632202875007993,118.35901260718822,11322701888.211006,0.0006004343084102094,0.352053539616995,0.4507346317585354,0.2600012854175347,0.21032030735335555,8247070.67746737,0.03380033420938518,0.17953631332670994,0.03305622722487605,0.4507346317585354,0.35272820496149637,1.0,0.4507346317585354
3,1,0,2,0,0.40755856648122457,0.07753415350105249,5.172539120017467,0.022185137712707036,1.1542646555894778,7.217207130022951,0.24816817166501998,118.74571329602026,10936230742.908508,0.0012435002652239457,0.3335812978119171,0.45184493321218044,0.2729592854916032,0.23314863377904568,8200169.735580416,0.03725338576804327,0.19947119908451127,0.03647380242668011,0.09434148260550698,0.42336269930956516,0.20879172404309215,0.45184493321218044
3,1,0,2,0,0.40755856648122457,0.07753415350105249,5.172539120017467,0.022185137712707036,1.1542646555894778,7.217207130022951,0.24816817166501998,118.74571329602026,10936230742.908508,0.0012435002652239457,0.3335812978119171,0.45184493321218044,0.2729592854916032,0.23314863377904568,8200169.735580416,0.03725338576804327,0.19947119908451127,0.03647380242668011,0.09434148260550698,0.42336269930956516,0.20879172404309215,0.45184493321218044
3,1,0,2,0,0.18911139106669098,0.0746123513056683,2.812259334017889,0.023061694334083466,3.304735769921083,6.358170772801635,0.26302882427866436,118.6569480871453,11318599544.071384,0.0005991820630595121,0.3525677871443409,0.45301866461058915,0.259948098887978,0.20180446910292674,6809004.308496165,0.03378650705773699,0.1995093499209254,0.032813377593679055,0.45301866461058915,0.3427487370612428,1.0,0.45301866461058915
4,1,1,1,1,0.2109888825072377,0.05865409202903819,8.553816940597313,0.04263257716678252,3.557756106776789,1.2567170980106717,0.49371209160482205,99.44657283497644,9541145435.277155,0.0008832007974643797,0.3381601702281908,0.4532507409574413,0.27041420588331516,0.2379183015617533,7971431.7024647305,0.03656192137175198,0.20044022509975856,0.035846291451470065,0.4532507409574413,0.40979756856378724,1.0,0.4532507409574413
3,1,1,3,1,0.5570979941598642,0.0793869044521062,1.0822465524584726,0.02315485330019201,3.7471578405192476,2.1087894815462014,0.04645241480596618,120.13046894924564,18256182992.440636,0.0006560168690588815,0.30805134008635743,0.45530331708742816,0.292548183750368,0.24039601185696322,6439497.434708421,0.042792219907819534,0.2548328047960654,0.041434881537767164,1.0,0.358352868201867,124.63318267598069,0.45530331708742816
4,2,1,1,0,0.3439455962597012,0.031419000891587424,2.9765415867197733,0.034946941664082076,7.229726520165814,1.0038802441683579,0.6805098883817804,107.70386337425465,19268578702.923584,0.0010054044402907974,0.35143809513258784,0.45586351752718757,0.26328597367585854,0.2153103396703137,8034741.602006464,0.034659751967222444,0.18705532072678788,0.033868291998396104,0.45586351752718757,0.368600156012884,1.0,0.45586351752718757
5,0,1,1,1,3.2559618544428717,0.07432157363140221,8.381183635696491,0.06086546132076927,7.4161003332984325,2.8098368140704912,0.7364875722034254,68.31941271934436,9474883878.508385,0.0012773019187098812,0.3226742591880064,0.45592533357120885,0.2817782556138866,0.17234874540241996,2385392.0114872074,0.0396994926684024,0.24073750868892774,0.03648523591500594,0.45592533357120885,0.5544361166766698,1.0,0.45592533357120885
4,0,1,1,0,4.649414540116104,0.06714376574745726,2.744858369961446,0.019783097671394967,7.345010756279313,3.084745457080787,0.362512995327379,84.17421306779354,16233395279.133799,0.0007211386951884076,0.3128705271286979,0.45697120217564785,0.2894326674121888,0.18578664237277506,1805425.632172207,0.041885634482667355,0.25896239871772164,0.03893874165541182,0.45697120217564785,0.4337496615464284,1.0,0.45697120217564785
3,0,0,1,1,3.1978846250079864,0.018850507897519485,6.662778068032196,0.059803658523764125,3.912887492935626,2.1246326898979064,0.7697349299578996,71.01715891583025,10239720694.666908,0.0007213346695338887,0.29753410069575914,0.45750050463064057,0.30144775876874896,0.17858657449194124,242161.7629972786,0.04543537563335093,0.28664830992888846,0.04188788066908851,0.45750050463064057,1.0315940137140118,1.0,0.45750050463064057
2,0,1,2,2,3.594207677458425,0.08168365416164856,3.4932750679799818,0.08462444800668657,4.928324724762969,4.276085493768365,0.8339884573232389,100.62600869159463,13856697655.05466,0.0005551592731847013,0.300752629253629,0.45844975327476495,0.299529209724556,0.22081613499456848,4237601.090035976,0.04485887373910852,0.2822515135045637,0.04225129036805873,0.027611765333595634,0.3711127070614133,0.06022855315410528,0.45844975327476495
3,0,0,2,1,3.993593220897326,0.07639651088850023,6.625289172322486,0.04262020889700043,3.836640621880427,5.645010171951443,0.25303685789716557,88.65448889148118,9127326703.268373,0.0007990097195736367,0.3292684538331073,0.4611604904202706,0.28018797815786617,0.16319813184695547,2500335.729959819,0.03925265155209645,0.23975287081802255,0.035976827194728195,1.0,0.524196270723695,4.869902608128974,0.4611604904202706
2,0,0,2,1,4.422836101176851,0.029484120984251763,1.585964559230229,0.014354222786524318,1.3553845236753497,5.996929250287157,0.7116199051953842,120.82018008172605,12245789847.186226,0.0,0.328169839822069,0.46156460076663575,0.2811572815902365,0.20364381244144034,3812877.7804417303,0.03952470849560577,0.2426026275545693,0.03734424801105784,0.46156460076663575,0.35922677283033033,1.0,0.46156460076663575
4,1,0,0,0,0.37985715939212567,0.08208791886354756,3.199290177412264,0.056108343323042716,3.7418251479182976,5.326552482547109,0.5359023261279434,81.28666272671015,14666898577.25505,0.0008372144721111026,0.3602929412788836,0.46271501005705357,0.26174120297517667,0.20981487464524523,6923554.639503851,0.03425422866744631,0.18216245900285155,0.033469887069204236,0.46271501005705357,0.3767882783587844,1.0,0.46271501005705357
4,1,0,2,0,3.5907014868028018,0.08829149392196546,9.308362161704535,0.07678267294941626,4.504024428378436,7.981021025023815,0.4492752156743185,128.17487196992028,14898836811.825607,0.0005594294065532464,0.31601482593504177,0.463239787095582,0.2910379962912404,0.21953402705524036,3720620.88985432,0.042351557642610026,0.2615751573261267,0.04003982944005965,1.0,0.40162016926636795,2.2372816176417945,0.463239787095582
1,1,0,1,1,2.550335205117678,0.07677469004702973,7.171538993304643,0.025399659574382085,7.388573696482926,1.4221316764166958,0.7533369565577297,73.42909078354606,11957836247.060738,0.0014214157539725587,0.33555865961677983,0.46391442625010515,0.2779737706542957,0.18129546930657217,1053999.5387104545,0.03863470858588349,0.22576283803765917,0.036884299306159066,0.46391442625010515,0.45990480592047256,1.0,0.46391442625010515
2,0,1,2,2,3.5927076799462667,0.08169808905045896,3.4986146342670583,0.08459146479981351,4.922235285952345,4.273189879825179,0.8342735867773141,100.62141318963445,13860407088.48473,0.0005548161977351095,0.3143638391416166,0.46517238078389056,0.2933912827917726,0.1983590245328203,2442560.9952389584,0.04303922240910094,0.26803605305811173,0.04003800081853607,1.0,0.38283542018677263,3.3927980408022216,0.46517238078389056
3,0,0,2,0,1.8640938844819905,0.08937916092097109,2.0461446208715515,0.005330788822000193,8.801172390825236,2.01393124238315,0.3869362993576077,115.4892947330524,9855108200.73285,0.0,0.33791186568211584,0.4654820208211121,0.2767143378230305,0.2110303991573417,5108197.802456926,0.03828541237841912,0.2344501195813643,0.03656395263391481,0.4654820208211121,0.4203438929884593,1.0,0.4654820208211121
4,0,1,1,0,3.7600809435314053,0.03603336233412834,1.504542753453934,0.06744134983763567,5.87453579723546,6.38864182337003,0.7590926767111089,78.06369448537878,15743764144.201536,0.001174815809083148,0.27609177262995355,0.4674941166162945,0.32690910874988427,0.2741159890817947,4216864.094765359,0.053434782691821836,0.32817870628275314,0.05139432827531656,1.0,0.6022306437575086,5.236515380372123,0.4674941166162945
4,0,1,1,0,4.7157050800098546,0.037065295728151385,2.312117732912379,0.07324827358172216,5.172990696504786,3.568045201406966,0.8303798405440751,80.86305769591365,14149514116.770622,0.0008313922392965814,0.32758966512092946,0.467867636066461,0.2853468653436667,0.18246391871632822,2036479.5378951335,0.04071141678072833,0.25179080018820876,0.037706230919092774,0.467867636066461,0.43785226604594246,1.0,0.467867636066461
1,1,0,1,0,4.741475177694917,0.07564201503600618,6.028345440507693,0.02154890709606923,1.0398720543352071,1.8709358219057,0.7737406361303142,72.44918722239879,11741055584.571178,0.0014209793524732424,0.2766706299812689,0.4682887705002279,0.3278245854789673,0.2537056235893143,3546277.8510002363,0.053734479422228365,0.31273414784653053,0.05111191395374949,0.4682887705002279,0.5925901296516201,1.0,0.4682887705002279
4,2,0,2,0,1.129831983620179,0.08842231446175346,5.633846505512696,0.06662800013507435,8.178617934807733,14.884797949803763,0.04625558823243045,127.7392297759103,9549406624.38192,0.0005952746874268483,0.337952127169017,0.468321017410418,0.2785423529683926,0.22017181884359513,4433083.3349394165,0.0387929211985843,0.23474967587844708,0.03716715350504834,1.0,0.38349460078447545,37.46588504392567,0.468321017410418
4,2,0,0,0,0.8271333311918174,0.07333889063902402,8.583055463300083,0.04637398887705517,0.46504500684131356,3.674417860658937,0.4604134566289936,103.52390097967839,11787916619.75164,0.0013675784256228984,0.29526836173925464,0.46923122225744923,0.31267271643156086,0.24594858707571107,2947657.7694696886,0.04888211380034563,0.27601644010399706,0.04665315386847257,0.05526644464973064,0.6602300338051987,0.11778083390070761,0.46923122225744923
4,2,1,1,0,3.004586678973104,0.0282219288825082,4.180492278939704,0.06481285980065812,1.325415172447969,7.231853580036014,0.6737882272004736,63.7900514308577,11094063357.925781,0.0014817632389902873,0.285062368386117,0.46965743390985454,0.323400121805346,0.2870510332277173,7954199.943184671,0.05229381939185631,0.26330101032823017,0.05073942397846804,0.46965743390985454,0.583595895336519,1.0,0.46965743390985454
2,1,1,1,2,0.49071391152233657,0.09082407741828845,9.322619393841787,0.05580610222606058,9.446750130503768,10.241583279863276,0.020633517057165675,79.28493683941656,14635380295.280354,0.0011316940362798883,0.34292337048498434,0.471002600964559,0.2776619878773631,0.23741250467816916,6492301.497160368,0.03854808975600447,0.21525091317532197,0.0373913870950998,0.471002600964559,0.45370876822673833,1.0,0.471002600964559
2,1,0,1,0,0.12927402537106011,0.07082718819771618,8.080416895442433,0.009297303918273535,8.82109110916295,4.886615624752548,0.23771230798449167,87.61728011714641,15568916583.569107,0.0,0.3438067889869038,0.47203457218793327,0.27698223641662345,0.22385126755684923,7018351.592480736,0.038359579645177146,0.22715444279336905,0.0371341304621031,0.47203457218793327,0.3277563529118034,1.0,0.47203457218793327
1,0,1,3,2,2.738106761276101,0.04374809927166843,4.06381310023131,0.0062277764565797245,9.298036270823843,1.2849374092586388,0.513797174137643,68.28185403431976,16581317277.035131,0.0,0.3442287289864193,0.47320349936140793,0.2777452801479978,0.1790500620616111,503810.8285766798,0.0385712203222449,0.22165474258762308,0.036882253523405996,0.47320349936140793,0.3624686342406712,1.0,0.47320349936140793
1,0,0,1,1,4.484333985317197,0.07530817768787738,4.606116799675648,0.038463689489725714,2.2871175780223423,1.5158300093613846,0.27861300004856265,67.51651297365395,11307793057.361353,0.001272806922717096,0.31400862340970304,0.4735196733411519,0.30481327926017854,0.26421507460702687,10728669.365731657,0.0464555676066718,0.17642757813459675,0.045313221749312245,0.4735196733411519,0.5974677257575273,1.0,0.4735196733411519
1,0,1,3,2,2.7697031921543105,0.04398045261059864,4.098379439555587,0.006314267777237845,9.323527704159696,1.3125528307318193,0.5147265148868184,69.80775371752101,16247877952.869762,0.0,0.34497325289855585,0.4736115786921484,0.2774986544055343,0.17838607156006425,505441.1975889091,0.03850275159844108,0.2208451540680113,0.036814630175922264,0.4457433371037533,0.36574341787642695,0.9411580230674433,0.4736115786921484
3,2,0,0,0,0.21592603769096322,0.060597093745897,6.386823614492727,0.031323508079348646,2.462174644096128,4.592518040176597,0.46709888973034547,104.90008699659073,11661240314.076017,0.0005571754498503118,0.3632140272452149,0.47464435290890367,0.2665259851429967,0.22594161856872602,8362096.113054765,0.03551805037822244,0.193706782951665,0.0347744567953232,0.11103201860903433,0.3884876732043597,0.23392676627998185,0.47464435290890367
3,1,0,3,0,3.4149197302379344,0.010968885849897346,9.722366415959176,0.09436947322896048,5.888464779242568,12.247431376455657,0.27330494633486124,92.76253337043002,12181207112.523855,0.001290769397923122,0.2521648834740843,0.4746690741282912,0.3562806237254827,0.29635869602631876,5709435.036547878,0.06346794142110948,0.36689819443356,0.06040007073330505,0.4746690741282912,0.6581149598005941,1.0,0.4746690741282912
4,2,1,3,2,0.10693763318759897,0.04130124323380625,2.4146703529030336,0.016040239234302558,0.3210700058057252,4.624743679761861,0.23159977454903435,122.80872271267128,15758744620.64967,0.0,0.3165289959795916,0.4747714708466138,0.2984216403278707,0.2511551070425913,6036699.2275719335,0.04452773770798852,0.26491608197656813,0.043222273553575434,1.0,0.379638865381768,16.778123204546173,0.4747714708466138
4,0,1,1,0,4.743547931528433,0.039064404425895045,2.286594751720507,0.0755706214622468,5.379293053873705,3.4612091103514366,0.8295561455185707,83.273685834939,14272415576.245657,0.0008288138643248649,0.3308044343023663,0.47510653038478423,0.28741148862289834,0.18264187802090995,1912130.0893473632,0.04130268189621521,0.25607631534607245,0.038215268167512056,0.47510653038478423,0.42953979068937875,1.0,0.47510653038478423
3,2,0,0,0,0.2463959657675883,0.07468039753262425,4.937757999438307,0.023157319551480197,1.2847378831491516,6.3628842303166735,0.2620022469034428,118.3784119551697,11314888632.772726,0.0005995249098011934,0.35585881253259116,0.4751642670175947,0.2720163162293892,0.23064421772655894,8653795.454925735,0.03699643814750353,0.19461555020499555,0.036210207352250834,0.02997201941994989,0.37954598566656994,0.06307717456969479,0.4751642670175947
5,0,0,3,1,4.891185669188272,0.07288899326888569,2.5148102000944155,0.016333859786866148,3.7773723031430806,5.885186352490747,0.7798384697435604,98.41603109544721,12578472652.915123,0.0,0.33784007085758766,0.4754750466498263,0.2827019460536893,0.17473209796990233,1659174.5419229937,0.039960195151271534,0.2460465901155664,0.037239211980910826,0.4754750466498263,0.4943938491425621,1.0,0.4754750466498263
1,0,1,3,2,2.738106761276101,0.04374809927166843,4.06381310023131,0.0062277764565797245,9.298036270823843,1.2849374092586388,0.513797174137643,69.73779348514653,16209363990.802073,0.0,0.3459894416337801,0.4754895806722176,0.27789049222691276,0.17903064777147168,495474.29140021506,0.038611562835057935,0.2219875046415225,0.036918392540724876,0.4337202685473657,0.3627014548812493,0.9121551474044898,0.4754895806722176
3,2,0,0,0,0.2448695069285371,0.07466466841004606,4.941098315665663,0.02320258918447915,1.284803851384623,6.3639025840922265,0.2636463407971567,118.25400987153746,11377722892.698378,0.0005927652345879144,0.35617833419649025,0.4757595818158496,0.2721568768478945,0.23083028781204487,8660814.715329273,0.03703468280780002,0.19474280361050145,0.03624779355097376,0.03001618275426998,0.37910553774694067,0.06309107352017185,0.4757595818158496
2,1,0,1,0,0.16289779599337884,0.07333333040683682,8.506683550510042,0.00966204423589476,9.500306199566282,5.5040715293643006,0.20408608703573725,83.94745742535302,15661393599.972784,0.0,0.3471275224477749,0.47607262312996923,0.27716309273287565,0.22649710748137145,7227335.665474495,0.03840968998662631,0.2263685716305298,0.037248013813067894,0.47607262312996923,0.3291433070301735,1.0,0.47607262312996923
4,2,1,1,0,2.3161818017575344,0.040411832399997925,4.26658107122972,0.0766357002791942,2.832877638448001,10.10720219518406,0.5632076431509273,60.50990705487493,15581162132.404533,0.0012827817492569666,0.35797562502316965,0.47694629949144485,0.2717386428432951,0.22676973500615483,6443217.579927949,0.036920945007157945,0.19266095742281975,0.03612132204992062,0.47694629949144485,0.40884119968279403,1.0,0.47694629949144485
4,0,1,1,0,1.45157922028487,0.03973348227052901,3.0079455286104557,0.03578387771912475,4.332182383777022,1.0555719296331592,0.3730740306394206,79.46588673606195,16501126520.854599,0.0005369411577661625,0.3360714355608616,0.4775472094619736,0.285345647899968,0.2052795169796776,5265096.473118754,0.04071106938772627,0.247903172241414,0.03827012328812283,0.4775472094619736,0.4300455849381156,1.0,0.4775472094619736
3,1,1,2,0,0.490770443145099,0.020100369469855474,9.337696188490767,0.052556172470642266,1.5365601616574072,3.939682447842427,0.15236338148875728,97.02966083471614,14873195415.75817,0.0008382953825794316,0.33611016099781477,0.47761145102216596,0.2893335878837806,0.24099195864119832,10183378.139666565,0.041856962538850705,0.1791738874769292,0.040870205289892075,0.47761145102216596,0.4831348181025064,1.0,0.47761145102216596
3,1,0,2,0,0.2930941064131014,0.0798821738079422,5.254671346704134,0.020529109046765772,1.0207454353558114,6.956204661833954,0.2409104539693047,118.51786303716815,11251480348.407806,0.0012378631017204362,0.3206291894521731,0.4792225411714796,0.2979297041954978,0.21950888493210405,1689639.8890009117,0.044381054321008404,0.2666812857241674,0.04246788350541633,0.40157883398915645,0.6081401897003865,0.8379798517145711,0.4792225411714796
1,2,0,1,1,3.290303129884188,0.07562366240666624,4.547487416448519,0.037339054101244655,6.8203771673167894,1.511196803773508,0.243822478809953,67.35176686681977,11256437932.011839,0.0013108207448206586,0.3474338305031918,0.4794451178616301,0.2789031893392944,0.1782192405673392,970397.2335278674,0.03889349451181515,0.23003936572485595,0.03705368290617745,0.4794451178616301,0.4402376491297098,1.0,0.4794451178616301
1,2,0,1,1,3.290303129884188,0.07562366240666624,4.547487416448519,0.037339054101244655,6.8203771673167894,1.511196803773508,0.243822478809953,67.35176686681977,11256437932.011839,0.0013108207448206586,0.3474338305031918,0.4794451178616301,0.2789031893392944,0.1782192405673392,970397.2335278674,0.03889349451181515,0.23003936572485595,0.03705368290617745,0.4794451178616301,0.4402376491297098,1.0,0.4794451178616301
4,0,1,1,0,1.4544212192426074,0.03943905505889792,2.9420002436955484,0.03644864301621113,4.296924012772741,1.0206057247717248,0.37765501084525477,79.58837779398324,16479538985.26071,0.0005417208177067412,0.3377879237925687,0.4805620350301966,0.28594188984428937,0.2049757117158324,5228715.23797294,0.040881382183861864,0.24884404799360094,0.038405821251042006,0.4805620350301966,0.4281416983064061,1.0,0.4805620350301966
5,1,1,1,1,2.0202651478752327,0.01881004960393453,2.149732481635642,0.059518985071660875,9.188563078601147,16.63861436532396,0.1615917557976749,110.32656075590273,17246243609.944412,0.0006621387087277938,0.3596835276830209,0.48067659848372923,0.27129835317249146,0.1797922605794264,944785.0454952333,0.03680139821705295,0.21978571827725446,0.03512218679585886,0.21420321242467846,1.0363778840553095,0.44562854339148605,0.48067659848372923
4,0,1,0,1,0.5635361613604916,0.05441631786870675,9.823748765892637,0.0069491487944214475,4.424776598104031,4.682717522021526,0.2590522137906251,122.92775407768197,17537188384.67563,0.0,0.3511515614745313,0.48130749185980426,0.28044335482547694,0.2197051981772733,10399740.571935339,0.03932423763288419,0.1761978084803637,0.038293739457362766,0.48130749185980426,0.37908643552881044,1.0,0.48130749185980426
1,0,0,0,0,4.011115597553389,0.05603432068804898,6.824168078948754,0.06951349757502921,9.309786662115826,3.8247403858684823,0.23986294245544645,98.33241672258245,13627110553.392658,0.000596746147302743,0.32102248099881847,0.4821904488263194,0.299665022757772,0.1983828362772007,552668.3018779409,0.04489956293220801,0.26619420446851283,0.04278806950569354,0.14429496278441395,0.37938182207361754,0.29924890286739725,0.4821904488263194
1,0,0,0,0,4.011115597553389,0.05603432068804898,6.824168078948754,0.06951349757502921,9.309786662115826,3.8247403858684823,0.23986294245544645,98.33241672258245,13627110553.392658,0.000596746147302743,0.32102248099881847,0.4821904488263194,0.299665022757772,0.1983828362772007,552668.3018779409,0.04489956293220801,0.26619420446851283,0.04278806950569354,0.14429496278441395,0.37938182207361754,0.29924890286739725,0.4821904488263194
2,0,1,2,2,2.529499468081923,0.07911171034875147,3.66413674051437,0.08054762541547557,5.795549842771949,1.8562679906084252,0.5683405126206759,77.57387148657409,16376688442.02032,0.0005753879508071865,0.3174453322326981,0.4844788497842365,0.30291198405042136,0.2155579758631901,3667881.326966218,0.04587783504068135,0.29007485381849707,0.042849139485642264,0.4844788497842365,0.3915909883427084,1.0,0.4844788497842365
2,0,1,2,2,2.529499468081923,0.07911171034875147,3.66413674051437,0.08054762541547557,5.795549842771949,1.8562679906084252,0.5683405126206759,77.57387148657409,16376688442.02032,0.0005753879508071865,0.3174453322326981,0.4844788497842365,0.30291198405042136,0.2155579758631901,3667881.326966218,0.04587783504068135,0.29007485381849707,0.042849139485642264,0.4844788497842365,0.3915909883427084,1.0,0.4844788497842365
2,0,1,2,2,2.567745994485061,0.07408881423623219,3.67389143924636,0.09165603597481631,8.791808137712678,11.591314347380898,0.7269447095926671,96.53340023007642,11436470717.661999,0.0005975808065693446,0.3201798947802853,0.484722626358649,0.3010644131266371,0.20353937742567318,2632491.6067044856,0.04531989042564321,0.28444207751024997,0.04214248826406106,0.484722626358649,0.3788343897148197,1.0,0.484722626358649
4,2,0,2,0,4.236383157122237,0.07142633009584635,6.982511743826762,0.07987535170796922,8.855623035242047,15.172315823584519,0.3888099212111075,117.58931064545692,10242562116.90296,0.0013905209034557413,0.34679765945516644,0.4847540161035181,0.2820460302366592,0.2257627664893029,6201059.3967819,0.03977498158612923,0.24340486600002453,0.03829066125605618,0.4847540161035181,0.4390026313463931,1.0,0.4847540161035181
3,2,0,0,0,0.2444216922857693,0.07467522942441639,4.9351459257901995,0.023167103772130965,1.2822463057770341,6.3581081132246124,0.26170798164943676,118.34846634558521,11309961432.901426,0.0005998951681010239,0.359287783343408,0.4847678506991647,0.27531330211805316,0.23344245070056927,8720704.943619257,0.0378987071615732,0.1998741044204435,0.037076833010433206,0.030577012028731056,0.37952830747832705,0.063075577278136,0.4847678506991647
3,1,0,2,0,0.16331930335491063,0.07753415350105249,5.172539120017467,0.022185137712707036,1.1542646555894778,6.810193700320741,0.24816817166501998,118.74571329602026,11184963030.336782,0.0005448082787714273,0.3638158135147391,0.48564276012563856,0.272715658495583,0.22111064538856598,8474726.058111476,0.037186915194339726,0.1981286451560773,0.03628662164875314,0.48564276012563856,0.3524504667718782,1.0,0.48564276012563856
1,0,1,1,2,0.6886487894779009,0.010557667026011571,0.31908942551820196,0.029725899888997227,3.374851169292782,2.6093607901757885,0.4575752077963484,65.95605092485381,15084326438.262873,0.000805510636347083,0.33579115873380205,0.4875496999273244,0.2912780447120438,0.21896767275816287,5238190.991858841,0.042421449665635706,0.2639063320821665,0.0405824848821415,0.4875496999273244,0.31544985234208733,1.0,0.4875496999273244
3,1,0,3,0,4.175368365246739,0.054215326265262966,6.706548773321504,0.06630130291321625,7.049132524571925,13.86024241881641,0.32321935223434073,91.58449367393864,18526420934.71752,0.0005607668815193359,0.3779357687727294,0.4875648913904912,0.26350135585575163,0.1672271087656371,685991.9696906526,0.03471648226890973,0.208561275817995,0.03314433663638058,0.8542756184490741,0.39381909430423906,1.752127016391104,0.4875648913904912
4,0,1,1,1,0.30837282753297257,0.014330653307579716,4.058278165046853,0.06248599168994507,1.9736844061904013,2.17543425016998,0.5050441302977812,85.32640774352211,9381521897.408543,0.0,0.3182096289169304,0.48772611580131997,0.3043104855636229,0.18503768069561274,182969.8317018896,0.046302435811983976,0.2933297945953133,0.042926650016264216,0.48772611580131997,1.2581154238883139,1.0,0.48772611580131997
4,2,0,2,0,1.0674794286044738,0.08133453431223218,9.109426231608989,0.07040069770231532,9.41861962912461,13.953222863845609,0.5299056123709665,98.61166648953625,9695725916.231522,0.0009573621313173056,0.3451337800442358,0.488467427545482,0.28563215261255664,0.22114623385608506,4725932.365572847,0.04079286330304142,0.24507534709098655,0.03894703103021052,0.488467427545482,0.41781467069918427,1.0,0.488467427545482
1,0,0,1,0,0.3678458907952522,0.02054068500774792,9.896961590129912,0.09482176189033718,6.398234992113553,7.9272054937674605,0.7399763756882253,82.81782345974152,17494445786.677216,0.0,0.34295100842075865,0.48848392532897433,0.28719229187850825,0.19245568343766975,201637.4897967911,0.04123970625721513,0.24751270456056496,0.03948926807931051,0.48848392532897433,0.7754300691726972,1.0,0.48848392532897433
4,0,1,1,0,1.4660947840576943,0.04050329527225778,2.976880942005183,0.03642889525250002,4.3031810408046685,1.0185210853528301,0.369255532107266,79.90564455508917,16538725467.807692,0.0005407609845434984,0.34135092101114317,0.4885905191757946,0.28815046096628305,0.20519412806696985,5184743.85453553,0.04151534407754071,0.25374639338711746,0.03895516571788902,0.4885905191757946,0.42878420842513826,1.0,0.4885905191757946
5,2,1,1,1,4.618186726252291,0.09748593525547325,1.4815777461825663,0.05984996257851296,8.020982898855713,15.262433714199876,0.05719081473878783,110.03860116504,15759335006.36511,0.0005518976851054202,0.356643374382269,0.4886043824199757,0.28001083471003835,0.2329370075177517,9605705.405349378,0.03920303377750621,0.19392529547921555,0.0382617697034849,0.4886043824199757,0.33373427837876546,1.0,0.4886043824199757
1,2,1,1,1,3.2911975752211076,0.07606031852164773,8.465181920811505,0.058475602246156035,7.442100211755034,3.6415056982279554,0.7612389563596703,67.65851968526667,9416040717.759941,0.0013062785780525064,0.357668972896556,0.4915594687835976,0.2792766200882248,0.1774939490203079,726866.0451237408,0.03899771526395133,0.22588195508298992,0.037125597393100944,0.07605930049766739,0.4423319887559775,0.15473061822180353,0.4915594687835976
2,1,0,1,0,0.2891823265155231,0.0734045707447156,0.8992221103267235,0.0065587423648432955,3.382883099174122,5.079309936527873,0.23032006321508947,83.97031849044184,15412314565.150679,0.0,0.35945808610554514,0.49207620508919575,0.2785961631498926,0.21909978392356694,8124029.052508783,0.03880791106092078,0.22056217334983463,0.03758716202317002,0.8268769741117632,0.27100017398828297,1.6803839843503103,0.49207620508919575
4,0,1,1,0,3.2367555696167964,0.07870155982610134,6.03978782658998,0.010091506950856616,9.644383689737277,1.6199093643698126,0.5674825950515462,100.64536009206195,19964828302.49526,0.0,0.3516711102651424,0.4929311158838365,0.28346661642434023,0.2048182373394884,3201676.7730660397,0.040176661313532015,0.24596808534169667,0.038092536578616804,1.0,0.49047896311745537,4.800231414649564,0.4929311158838365
5,2,1,1,1,4.654817803715608,0.09895270654893001,1.4260155744138177,0.05872613728622749,8.094718340727672,15.304157413379231,0.04403065557229676,109.39986343963511,15784811365.903519,0.0005700254447615607,0.3574321097851983,0.4929932911300493,0.282117500324751,0.2350989317486554,9686966.238484312,0.039795141994742954,0.1954797147306696,0.03883157202798941,0.27258778780141235,0.3338462109514449,0.5529239296067925,0.4929932911300493
5,2,1,1,1,4.654817803715608,0.09895270654893001,1.4260155744138177,0.05872613728622749,8.094718340727672,15.304157413379231,0.04403065557229676,109.39986343963511,15784811365.903519,0.0005700254447615607,0.3574321097851983,0.4929932911300493,0.282117500324751,0.2350989317486554,9686966.238484312,0.039795141994742954,0.1954797147306696,0.03883157202798941,0.4929932911300493,0.3338462109514449,1.0,0.4929932911300493
1,2,1,1,1,3.6182985525533047,0.09054035984585102,9.34440830741171,0.09269113104920777,6.302976134640034,1.7190437874812403,0.6751629535224857,87.08721084401807,13426533252.807045,0.0013675376176611527,0.3554488700968159,0.49311232352551626,0.2816983350593842,0.1812610892921815,718451.7814243098,0.039676975987614535,0.22947865580168958,0.03775804077632255,0.023023559022867315,0.4428965162177098,0.04669029331544571,0.49311232352551626
5,0,1,2,1,4.250007468109369,0.06438642786076858,0.20587637950158172,0.019121998947814377,6.692369619616491,1.1154032703097911,0.32435317200793806,87.24758150639583,15184642079.601768,0.0013940841571178503,0.3124968638236453,0.49326738747607773,0.31218664969248455,0.21517468036599813,2823604.7615743,0.04873025212310904,0.3106439331406434,0.04535541197982646,0.49326738747607773,0.22566269088726734,1.0,0.49326738747607773
5,0,1,2,1,4.250007468109369,0.06438642786076858,0.20587637950158172,0.019121998947814377,6.692369619616491,1.1154032703097911,0.32435317200793806,87.24758150639583,15184642079.601768,0.0013940841571178503,0.3124968638236453,0.49326738747607773,0.31218664969248455,0.21517468036599813,2823604.7615743,0.04873025212310904,0.3106439331406434,0.04535541197982646,0.49326738747607773,0.22566269088726734,1.0,0.49326738747607773
4,2,0,2,0,4.9319596806952,0.07177368614100352,7.232948927208499,0.08225854599439104,9.698658215695074,9.429616740627687,0.4848418664391679,125.19429401452504,17377227521.68461,0.0014214065117718689,0.35177193823757147,0.4933518666880079,0.2836231670430219,0.22782030550186075,6329278.63453446,0.04022105044175694,0.24660032500841056,0.03874706282586469,0.6515753948452582,0.4374111164034355,1.3207113195282782,0.4933518666880079
2,0,1,2,2,2.8386968495234424,0.07408881423623219,3.67389143924636,0.09334735824858809,6.916979961648168,11.702609076658105,0.7269447095926671,96.53340023007642,11436470717.661999,0.0005975808065693446,0.3292474141210253,0.49343993432526567,0.2996437729154501,0.21756546671674237,4745088.32137694,0.0448931953235029,0.2796485872050847,0.04199062668526266,0.49343993432526567,0.3816211536691848,1.0,0.49343993432526567
2,1,0,1,0,0.2891823265155231,0.0734045707447156,0.8992221103267235,0.0065587423648432955,3.382883099174122,5.079309936527873,0.23032006321508947,83.97031849044184,17835466141.49081,0.0,0.35908161636770886,0.49361463112609766,0.27989269606981965,0.21993839475690807,8278064.150780484,0.03916996065661621,0.21968234377559093,0.0379492297486512,0.49361463112609766,0.27125976350188125,1.0,0.49361463112609766
1,1,1,3,1,0.2741525980345588,0.017534948656158022,2.8233984516699997,0.0032868228158457395,5.758805537937202,4.353631551420529,0.07794313213933939,105.98879335402421,11140337041.224249,0.0,0.34288382688879687,0.49437288159692,0.2904275029189659,0.21138723396781253,1527994.4349811377,0.04217406722587297,0.25896756790692443,0.04051718295516034,0.49437288159692,0.3880691437749786,1.0,0.49437288159692
1,0,0,1,1,3.901692071056264,0.0840233558612141,6.136967375275625,0.05043340891003713,7.875881726540249,6.640824351241009,0.3061356329644313,120.59614558810665,18960984893.06481,0.0008057300191704606,0.350943033665295,0.4944617674544845,0.2853850917301853,0.18641027134600985,524263.4143591429,0.04072232529092313,0.2393183630662532,0.03885138100319087,0.4944617674544845,0.4145107368045028,1.0,0.4944617674544845
4,2,0,2,1,1.229961141073694,0.04178622042597676,6.841627948288575,0.07000198626315744,3.2981394803488384,6.1557014050060195,0.4497700594437558,100.53366379083027,9671120724.808552,0.001061761253872392,0.3315310858813775,0.4949869276905351,0.3035970638651944,0.25756709140142386,7342253.565265336,0.046085588593783464,0.19647391986572027,0.044705621226776404,0.4949869276905351,0.46688333015821987,1.0,0.4949869276905351
2,2,0,1,1,2.7195161373866545,0.024183077370886468,2.4853805764868517,0.09932686835330484,7.324820166849738,8.890913424799725,0.6483367678717187,76.67236664974928,14543285774.652245,0.0007881164234460281,0.3561184069961743,0.4957147838088538,0.28234591029695294,0.18459382882475733,291586.01261476666,0.039859606530707505,0.23819960034799403,0.03809248817368809,1.0,0.5656052273221641,20.50380897005191,0.4957147838088538
5,1,1,1,1,0.9996961263244466,0.08063238723410279,2.8566857091815225,0.05182262454333058,6.589419554466749,13.948972012954979,0.6075433509831796,91.88802408411968,13962147135.083557,0.0007346027300308501,0.3624807599730903,0.4962738201944707,0.27821110944835875,0.22588628561914356,5970362.250515584,0.03870071071024333,0.23457524786359718,0.03748986938475766,0.4962738201944707,0.3576836948103563,1.0,0.4962738201944707
1,1,1,3,1,4.006064100926228,0.017534948656158022,4.189982119851481,0.0032868228158457395,5.758805537937202,4.353631551420529,0.07794313213933939,105.98879335402421,11140337041.224249,0.0,0.34883442064221043,0.4965112110539328,0.28743379948689246,0.20262298967564715,1355566.6640114277,0.04130909454373555,0.2545996979992101,0.03951889787891958,0.4965112110539328,0.3847843926440066,1.0,0.4965112110539328
1,2,1,1,1,1.1790029923743717,0.02108837149554472,2.8155134240103137,0.04402194478752475,2.305648881168769,3.399655914454115,0.04742542574580066,66.97109270301391,12530127764.543375,0.001370688606579984,0.3959390294665359,0.4965843881219218,0.2581568380619771,0.15944030884896623,120258.4924563508,0.03332247651907893,0.18857867836707254,0.031910729220366724,0.4965843881219218,0.5387029813808241,1.0,0.4965843881219218
1,2,1,1,1,1.1790029923743717,0.02108837149554472,2.8155134240103137,0.04402194478752475,2.305648881168769,3.399655914454115,0.04742542574580066,66.97109270301391,12530127764.543375,0.001370688606579984,0.3959390294665359,0.4965843881219218,0.2581568380619771,0.15944030884896623,120258.4924563508,0.03332247651907893,0.18857867836707254,0.031910729220366724,0.4965843881219218,0.5387029813808241,1.0,0.4965843881219218
2,1,0,2,0,0.8400871376345158,0.027861105910895148,7.244348570091155,0.09250747649900805,7.443173480251119,11.461160021825403,0.4649204154089857,73.77316806624181,10139678777.18136,0.0008212586576878734,0.3841345203205111,0.49725419811413046,0.2653255415439157,0.16677675539374084,370919.495080084,0.03519882149778606,0.20562865436389277,0.0335612763551032,0.49725419811413046,0.7441865455654039,1.0,0.49725419811413046
3,0,0,0,2,0.7734792292679015,0.052306660455742324,4.534646362109482,0.033498315983884586,3.323864713363713,3.5878458993087494,0.6678948656800318,109.27806974580793,14740505558.945099,0.0013047947683340023,0.35160740921973654,0.4974470880550098,0.2885630813442271,0.25874521051951777,8962240.680794075,0.041634325957437504,0.20870278602788506,0.04073757525166809,0.4974470880550098,0.4973734009808314,1.0,0.4974470880550098
4,0,1,3,0,2.983747890767106,0.03317066384043845,8.90120554796908,0.06785812670961447,6.326112858462046,10.649475381632339,0.27911884788312324,108.221577774869,16682750772.807123,0.001050050557442667,0.3363402861853254,0.4992775179020012,0.29789919858993696,0.2051216008247093,3005508.649938712,0.04437196626026336,0.27619574331842567,0.04116216927440638,0.4992775179020012,0.5345059674657302,1.0,0.4992775179020012
2,0,1,0,1,0.7203776090270541,0.013701535390655686,7.039856288979893,0.04377143277406263,8.803677505108551,7.055083347966347,0.7543730416122449,109.32815563602378,11487658623.823202,0.0009644480804806693,0.31365381322538377,0.4994535483146166,0.3149892779345456,0.24575914913582153,4886249.3136616675,0.04960912260686321,0.31901524346453913,0.04706489328043081,1.0,0.5431552440680602,33.49702831583655,0.4994535483146166
4,0,1,1,0,4.606237235125145,0.0694875300141401,3.1484804661070753,0.029980580011692855,7.284767106552157,3.086290365237818,0.3614935411489637,86.10500133905369,16088156240.281443,0.0007252089214842918,0.3398250501794564,0.5012284447877032,0.29641776163597133,0.1837711856284365,1602340.4215509277,0.04393174470663976,0.2751846564129372,0.04062868038606231,0.5012284447877032,0.45111915814457393,1.0,0.5012284447877032
2,1,0,1,0,2.8603701641852477,0.07082718819771618,1.6513090822739447,0.010570548768231606,8.82109110916295,4.886615624752548,0.23771230798449167,87.61728011714641,15568916583.569107,0.0009658090178253835,0.351469953493321,0.501471778934413,0.28861857397699686,0.23022860416978985,6778907.613021332,0.0416503406222576,0.2541308717904823,0.0401522487030441,0.2785588784636373,0.34032166987595114,0.5554826615678202,0.501471778934413
1,0,0,1,0,0.3678458907952522,0.02054068500774792,9.896961590129912,0.09482176189033718,6.398234992113553,5.317439016399842,0.07950694427556002,83.37595890907278,17494445786.677216,0.0,0.3414361438055536,0.5018041783644337,0.29602934643598944,0.1967559710434344,212032.05028869805,0.043816686975659526,0.26601687698680354,0.04185723905153124,0.5018041783644337,0.8326442548898261,1.0,0.5018041783644337
4,0,1,0,0,2.375703713156415,0.03520701896256681,9.145544804321109,0.03070342214225621,8.624584980610168,9.164178521001512,0.05376011969478209,88.75821798610167,16888424042.1525,0.0011024520425462563,0.34035535431334063,0.5022789971612822,0.29682949172777057,0.20287605730181035,3715853.3692211043,0.04405387357968331,0.2725993243254945,0.04086288005282681,0.5022789971612822,0.5335547798539882,1.0,0.5022789971612822
2,0,1,2,2,2.1114364393311957,0.062459707819447645,8.919747320545357,0.09767144074567842,8.786772200354383,8.071522529534226,0.7599966468115271,114.19417545803779,10029608092.805971,0.0007313271796818532,0.32979330225368,0.5031012117066992,0.30489986614263614,0.1988053897803118,2236711.155128367,0.04648196418689871,0.29325450863982405,0.04289386978555592,1.0,0.43929007097873196,10.947684908636782,0.5031012117066992
1,0,1,2,2,4.730927003741569,0.029057052334322275,2.2579332909477956,0.0689255347082085,0.6159261710742342,10.397267762305397,0.4809621034506763,105.16719968945422,10829866072.40996,0.0009062978110371822,0.383271079076031,0.5034136231337132,0.2691866653895809,0.17162050889241828,174114.93976403313,0.0362307304117811,0.21272286637278537,0.03471773683091445,0.11578180589628634,0.41400887714882917,0.22999339027726945,0.5034136231337132
2,2,0,1,1,2.4081488982934554,0.006215080130789775,0.5112122266451123,0.05095188667595928,6.073089438110387,2.7998491989254215,0.6066007931002778,64.44822337703066,11778447866.410534,0.0009344207538712746,0.3357770846304528,0.5040276704016131,0.3032542550973264,0.25376097612547743,8259472.377374587,0.045981571617317155,0.24600958457765698,0.044634556224932655,0.21028424359656278,0.34583995757826985,0.41720773668835814,0.5040276704016131
5,1,1,1,1,3.996782596057762,0.06774311824281032,2.5998159227611404,0.09498516252012605,0.910564249739291,12.494310675801358,0.14582665648995402,128.92289951671324,11219009777.063673,0.0011468788353407725,0.32178036989081954,0.5054282470850547,0.32112826980888076,0.2722402645300923,11407622.923537092,0.051561682835222666,0.15908203401558973,0.05009637060353872,0.5054282470850547,0.37440980217590075,1.0,0.5054282470850547
5,1,1,1,1,3.362562884219203,0.06774311824281032,2.5998159227611404,0.09498516252012605,0.910564249739291,12.72027806436857,0.15877006409132013,128.92289951671324,11219009777.063673,0.0005496134601808488,0.3403061780979132,0.505449081787931,0.3039746865478723,0.26181307896545597,10385145.957098924,0.0462003050309386,0.18566935595907896,0.04507238461695026,0.505449081787931,0.3571940528479511,1.0,0.505449081787931
5,1,0,3,1,0.3562975842336702,0.05234133098411792,1.4947026055120363,0.03119371093324939,1.9987756586248158,1.5619235358586776,0.03587796339045866,89.34715843480382,19329404465.017174,0.0013071853392892057,0.3210422325347763,0.506012167874154,0.3167446417761863,0.2872252841838516,8781148.058413506,0.050163584046962285,0.25317817644729124,0.04895638016240755,0.506012167874154,0.45461364320359904,1.0,0.506012167874154
3,2,0,0,0,0.37382463169074354,0.09777684605203212,5.0104682291403595,0.024251735627867567,0.6834456934720542,8.225177344124074,0.01800343576885876,128.71448579178764,11393526009.744957,0.0006631313607014669,0.3533066910291036,0.5070045375930188,0.29509272388099445,0.244423081740833,10309129.498119468,0.04353985784375241,0.17886761456741684,0.04248434563401391,0.08610951566992706,0.43092359920245693,0.16983973374030953,0.5070045375930188
3,2,0,0,0,0.3244060224872047,0.07343600756886652,5.180080920471836,0.022717425786780408,1.3046352344945353,7.0337652726211175,0.22827215903969786,117.43090174460593,10890997712.26807,0.0005975336027959054,0.36795238647205575,0.5070426607066956,0.28308536640795634,0.23690170928925722,9378553.402214866,0.040068662337163455,0.1972013506490612,0.039189850301585435,0.5070426607066956,0.3894187205085446,1.0,0.5070426607066956
4,1,1,2,2,0.7168756587834737,0.07733433270628531,0.7011356362114526,0.01756378876276679,7.08261771883313,2.35153390238202,0.05457781083274615,77.68953570612146,15485503096.37304,0.0009992741038060146,0.3642280403977203,0.5074374139859134,0.28342222496804725,0.22512244251571464,7158184.930323302,0.04016407880291919,0.242819582912023,0.03882521878435774,0.7717897364727632,0.3021737208455089,1.5209555212146582,0.5074374139859134
1,2,1,1,0,1.1557453822053971,0.021658562767891455,2.7925602957891695,0.044050984747000616,2.2682415503186304,3.342553685197817,0.043371296165807656,66.83675656197582,12582389803.876055,0.0013692031677756985,0.40263721372792377,0.5087808914585835,0.26030934424954677,0.15641198688704805,211766.07114974983,0.03388047735181453,0.1993378903377203,0.03237161002070648,0.5087808914585835,0.4365959318965006,1.0,0.5087808914585835
5,1,1,1,1,4.673053574389802,0.05998346310808862,0.4156065156026504,0.07008598549485107,8.790250847098635,7.227723510485409,0.3224687869048425,111.3064565128153,10838122834.079391,0.0007334521831490379,0.35030204925730124,0.5098119359991451,0.29725648017911344,0.2451839624565836,9503348.051285611,0.044180707504237825,0.21293451658312457,0.0430138755991601,0.5098119359991451,0.32980768910952396,1.0,0.5098119359991451
4,1,0,1,2,1.8353773765735284,0.09094718903963112,8.295833896664453,0.07856778950929008,1.2948195939288858,1.760198994977088,0.39067167328549857,63.28689155483665,18397801942.25747,0.0006375307159785548,0.34334215930015105,0.5106763537436297,0.30356312654270645,0.2517443286842585,9637646.076633554,0.04607528589819161,0.20940249343846074,0.04468996534763887,0.6088377343080614,0.420783320984716,1.19221837832286,0.5106763537436297
3,1,0,3,0,4.375950982573543,0.010968885849897346,9.722366415959176,0.09220954380586799,5.888464779242568,12.247431376455657,0.27330494633486124,93.81743271789159,12262264487.336922,0.0006408816055164493,0.40057899513799705,0.5122365065677138,0.2631294023848165,0.17794941890871763,253507.18738396114,0.03461854119969534,0.20804290070841303,0.033227380044043624,1.0,0.8650591253497705,4.863271186301872,0.5122365065677138
3,2,0,0,0,0.23406002572273987,0.07494755613168516,5.073433127986961,0.023361693814846433,1.3563782820826196,6.233866619607875,0.2606120403523019,117.64371211109501,11322302919.9078,0.0005753845002438912,0.36378973713723944,0.5149184936862691,0.2904099667259304,0.2459592031562959,9294849.749583872,0.042168974386878,0.2082780630587896,0.04118801529987599,0.03169270017780524,0.3830884496274426,0.0615489646738442,0.5149184936862691
4,1,0,0,0,0.1743450034287161,0.06749420298223734,2.1120166724630733,0.034011182964619364,5.23787671488888,5.470690347826698,0.20448705970377373,112.28648681846462,15764906911.157768,0.0005098587249360979,0.38085550331960116,0.5156053997371634,0.2792043079934603,0.221742379582719,8197630.705624754,0.038977522801053516,0.1950278204504825,0.03802199434844962,1.0,0.3452617043756531,49.615836589150824,0.5156053997371634
5,1,0,3,1,0.3562975842336702,0.0672418298386785,7.56772607916705,0.03119371093324939,2.2310408415619696,1.292401204369951,0.03587796339045866,89.34715843480382,19329404465.017174,0.0013071853392892057,0.3190561519524594,0.5156575805794879,0.32775286649459845,0.29493305831080574,11003742.137120776,0.05371097074771304,0.20804135927768597,0.05233921996730351,0.5156575805794879,0.5674919508039993,1.0,0.5156575805794879
1,1,0,0,0,0.78065439822267,0.0469149245905322,5.378341529744306,0.034720524739825835,9.445561171199182,2.064932310178607,0.7984911616003968,85.73300926594167,12529645948.918428,0.001496048954093094,0.3509721788794733,0.5160785624276932,0.29709725263289455,0.21254633946216958,1278904.3026429971,0.04413338876100699,0.27608592756040795,0.042338845834553884,0.5160785624276932,0.45063113868971416,1.0,0.5160785624276932
2,1,0,3,0,3.033766242271554,0.04127827846436943,7.789892522921708,0.06493766788939019,4.866779141621647,7.983411912065236,0.16858899353740303,91.04948598794886,14721037741.638128,0.0006253144008302494,0.38361323355781474,0.5174921759405681,0.27679638880523383,0.22798996216814338,7792928.962744511,0.038308120427809095,0.2228090119437368,0.037250503015440174,0.5174921759405681,0.43947298899865433,1.0,0.5174921759405681
1,0,0,3,0,1.377294222176293,0.0815885536843192,6.994821738043405,0.03165697748752878,2.95121615551849,2.199938680236997,0.09703395329335716,107.35126449490335,13736448931.746029,0.0013199089250362564,0.2705296576829906,0.517600802195504,0.3708888586787194,0.32090017906822255,7714985.203062929,0.06877927274600155,0.3401873916540572,0.06561092847216046,1.0,0.6833901001853845,12.78249410427856,0.517600802195504
4,0,0,1,2,4.855397131262091,0.0626247898718653,4.896579186388839,0.058005823714677,6.088999152663265,1.4395328326476495,0.6934451826688669,85.42476423927664,19962366883.41139,0.0007381612180510761,0.3532120907222328,0.5180629246322109,0.29673166014866786,0.19556803982512197,3251193.303021589,0.044024839067292265,0.2737827451835255,0.04068264840066918,1.0,0.48025699075369993,21.289383250487262,0.5180629246322109
1,2,1,3,0,0.11676401405486292,0.029822127241179358,3.550838000890585,0.027911577175916878,9.011389095515062,17.582956669581115,0.7580444012932198,115.5172407511188,13842645833.54575,0.001051786037138638,0.34324652456061727,0.5183041932980068,0.30445985712232165,0.2236406823974188,1359355.0729950645,0.046347902299472256,0.2812688509604182,0.044473325947163446,0.5183041932980068,0.4893299293179988,1.0,0.5183041932980068
4,0,1,0,1,0.415255644398184,0.05333503349905925,9.671651555947607,0.00628265982691631,4.364487083240301,4.990140897264047,0.26362485895565424,123.16168257604856,17153756075.33788,0.0,0.36728910583842195,0.5188828097884034,0.29116161675377383,0.23501851187189587,10791175.529150752,0.04238754353533574,0.19262922320216225,0.041213366337164686,0.5188828097884034,0.37545462634102816,1.0,0.5188828097884034
3,2,0,1,1,1.079946912496784,0.09828574394670649,0.4686519788804183,0.029530679507196993,9.232332317080447,7.841517396161726,0.45341333070205864,80.23702684437285,18254856523.39647,0.0006298975369068968,0.34856565065270195,0.5193558401564901,0.3045241473144091,0.2521535434454514,9748474.602824993,0.04636747814878397,0.21722915252921582,0.04511439009235441,0.5193558401564901,0.33221443408404,1.0,0.5193558401564901
2,1,0,3,0,1.1193760664140469,0.0418518353899567,7.9503924992569255,0.06528046616298984,9.265594694389023,7.550836534856889,0.15074164048110683,92.44457242458763,14751821657.567694,0.0006490445901674027,0.37725862021324374,0.5199570711812428,0.2819692124226726,0.2231061843213027,7648688.744780276,0.03975331837713113,0.23684177763578407,0.038481229069106615,0.5199570711812428,0.4319477099136404,1.0,0.5199570711812428
3,2,0,0,0,0.33872198273802956,0.06068523746993309,4.7123752719968675,0.021784223621587797,1.1091359222312527,8.810053495809763,0.04591395470167269,124.36534022016106,17787730547.674667,0.0013203328006278722,0.35084190942157306,0.5204975684768636,0.3028153994186676,0.2645613209298148,9284405.066169271,0.0458485830625436,0.22795419472068768,0.04479264570284988,0.3753741714817836,0.4597200371464233,0.7211833334404313,0.5204975684768636
3,2,0,0,0,0.33872198273802956,0.06068523746993309,4.7123752719968675,0.021784223621587797,1.1091359222312527,8.810053495809763,0.04591395470167269,124.36534022016106,17787730547.674667,0.0013203328006278722,0.35084190942157306,0.5204975684768636,0.3028153994186676,0.2645613209298148,9284405.066169271,0.0458485830625436,0.22795419472068768,0.04479264570284988,0.3753741714817836,0.4597200371464233,0.7211833334404313,0.5204975684768636
1,0,1,2,0,3.528771080033423,0.022969175276411808,9.838643161160318,0.07860219984101577,1.8019470857401267,5.128788268606471,0.4752179283674947,74.49413723243293,13251312813.985653,0.0011529717221099142,0.37817353139120174,0.5209537780090867,0.2821253472569099,0.17895170969670235,251578.5312279017,0.039797355782416,0.23322793192828428,0.03797785930773027,0.06672209537627762,0.6317994582221781,0.12807680487752182,0.5209537780090867
3,2,0,0,0,0.24753166038180405,0.07465928338975196,4.9354785985518355,0.023182560828368354,1.2896960858971995,6.368862076215788,0.26215043884634637,118.47157431416295,11306732322.203812,0.0005991322993084,0.36836209601656267,0.5221225930366571,0.2913639014522783,0.24798896646445348,9445307.438629946,0.042446461534746474,0.20992535465924733,0.04146163297470599,0.5221225930366571,0.3788731449777291,1.0,0.5221225930366571
3,1,0,3,0,1.540416574537066,0.012515560519049245,6.66118827479184,0.0961694762767827,9.442517491451639,7.30322735129616,0.08757755610323903,68.2211841157253,15601065025.686874,0.0008270302070722071,0.40653209942300944,0.5224221719517461,0.26506198843068735,0.16604543662784021,275438.88250135444,0.03512892885541492,0.20913675339161197,0.033524127725264315,1.0,0.7622445875738629,2.4999957498501577,0.5224221719517461
5,1,0,2,0,0.3307592930232812,0.061858454643694064,3.919729713826509,0.027928979769008523,1.048446628263795,10.817194467713037,0.5685444769409506,124.1363657127834,14637091039.816235,0.0007799795220834809,0.3743405055118801,0.5227144415037264,0.2874188452963393,0.2277068276418397,7653461.678485907,0.04130479631574052,0.20814161445885204,0.040174138303315,1.0,0.3670370067846767,93.96021069338852,0.5227144415037264
3,1,0,2,0,0.5988881835799802,0.07162379401004565,0.49654150185346513,0.002850731893286939,6.795444583798121,10.299942215475339,0.4079571091018382,113.77259505073084,18223278317.398117,0.0005323766589678484,0.36005332223878517,0.5229657435770032,0.29514637426396356,0.18884405132729346,945398.2920710826,0.04355569112058183,0.2626540318386018,0.0414082734237867,0.3538938898933642,0.3333035461553959,0.6767056814711911,0.5229657435770032
3,1,1,1,0,0.8170638897139421,0.09095022609820475,0.25067709947071615,0.04689140888179543,9.021540937471238,1.942391627639244,0.7900510154286086,118.82407345795141,13825902549.514023,0.00146896501961232,0.35286294093616194,0.5240838987523891,0.3003751742210776,0.23541982882600995,6159027.233933312,0.045112622644171374,0.28198767614052567,0.04322801680819146,0.5240838987523891,0.33548831272945867,1.0,0.5240838987523891
2,1,0,1,0,3.011367749901639,0.06825746408780171,1.6445644199924119,0.017573330642104576,8.588366711233443,4.949913930524935,0.253241171525059,87.26044188548934,16212217364.96695,0.0009814458483440958,0.35997502766727985,0.5251674881390029,0.29632666991276274,0.23996094226422673,7120543.611109471,0.043904747650793725,0.26721900802677334,0.04233239070731066,0.2916816574788407,0.3428796953146019,0.5554069207757916,0.5251674881390029
1,1,1,3,1,4.465854266219782,0.04458791658508567,9.527846202178718,0.012001672187340062,2.086345124775246,8.601144574459324,0.09924603588205888,106.87370932585817,11284467896.00605,0.0,0.3931437876121366,0.5265259646985387,0.2754539958281159,0.17581797494334392,587665.7732489391,0.03793745190883785,0.22466374956983892,0.03615692876816905,0.11920377934156948,0.3911947737031402,0.22639677306288084,0.5265259646985387
3,2,0,0,0,0.21919885985587118,0.07414380262051616,4.939607790840508,0.021800833358402657,1.350234273208832,6.358158979617075,0.267908644974162,118.07488628555218,11342414393.394115,0.0005991974878694294,0.37506846041188796,0.5268433894945287,0.2888729203469615,0.2374153937876668,9168949.083709326,0.041723782054890975,0.21728882724869913,0.0406639158398414,0.5268433894945287,0.3784401787054764,1.0,0.5268433894945287
4,0,1,0,1,0.40709669021373446,0.05372181636774098,9.674218064857953,0.007119501003732042,4.310496026909119,4.86853215224979,0.26400798965772165,123.04361786849591,17102456395.022282,0.0,0.37626791374118634,0.52803834594505,0.289925865871679,0.23115139052095635,10805762.199045263,0.04202850385072141,0.196465017193854,0.04085313735299482,0.52803834594505,0.3776726804861245,1.0,0.52803834594505
4,0,0,0,1,1.324624882271435,0.027496469457157256,6.006232529929086,0.01971266420452661,1.1627039093405311,3.9264261891816883,0.3061691234350606,65.7203706531534,15764998749.324305,0.0005425057658201217,0.3372497606729147,0.5281013123026702,0.32059892050577465,0.2756940342393765,7196041.465855966,0.05139183391473401,0.2000744281352328,0.0497874655756985,1.0,0.44707817434378816,20.631738575004242,0.5281013123026702
4,2,0,2,0,4.9319596806952,0.07177368614100352,7.232948927208499,0.07963292091768809,9.698658215695074,9.429616740627687,0.4848418664391679,125.19429401452504,18175810297.48706,0.0010983443785053924,0.358162597332298,0.5299854443452672,0.29998058646148174,0.2352281952268596,6067187.563694191,0.044994176126887254,0.28098720649385867,0.04290771158361855,0.37205694730424616,0.42187210062528707,0.702013519944642,0.5299854443452672
1,1,1,3,1,1.2785087367585386,0.018375624508055684,3.827065655841065,0.005352198722928589,6.032611759065446,5.423826422279857,0.18438321106537114,110.96610596802758,10786339537.693495,0.0,0.3333021333549222,0.5310157362465707,0.31885940436093996,0.23814034141548007,2148638.1520109614,0.05083565987470671,0.32279816462791233,0.048702126526602996,0.008420818973826029,0.37833296398636196,0.015857946194490786,0.5310157362465707
1,1,1,3,1,1.2785087367585386,0.018375624508055684,3.827065655841065,0.005352198722928589,6.032611759065446,5.423826422279857,0.18438321106537114,110.96610596802758,10786339537.693495,0.0,0.3333021333549222,0.5310157362465707,0.31885940436093996,0.23814034141548007,2148638.1520109614,0.05083565987470671,0.32279816462791233,0.048702126526602996,0.008420818973826029,0.37833296398636196,0.015857946194490786,0.5310157362465707
1,1,1,3,1,1.2785087367585386,0.018375624508055684,3.827065655841065,0.005352198722928589,6.032611759065446,5.423826422279857,0.18438321106537114,110.96610596802758,10786339537.693495,0.0,0.3333021333549222,0.5310157362465707,0.31885940436093996,0.23814034141548007,2148638.1520109614,0.05083565987470671,0.32279816462791233,0.048702126526602996,0.5310157362465707,0.37833296398636196,1.0,0.5310157362465707
1,1,1,3,1,1.2785087367585386,0.018375624508055684,3.827065655841065,0.005352198722928589,6.032611759065446,5.423826422279857,0.18438321106537114,110.96610596802758,10786339537.693495,0.0,0.3333021333549222,0.5310157362465707,0.31885940436093996,0.23814034141548007,2148638.1520109614,0.05083565987470671,0.32279816462791233,0.048702126526602996,0.008420818973826029,0.37833296398636196,0.015857946194490786,0.5310157362465707
4,0,1,3,1,4.4216627229721865,0.015036578487809808,8.224774797674588,0.06858515137868654,6.1465295484534614,11.208024864949072,0.7441507752599045,92.05080661797686,10973162193.370483,0.0,0.34171164680237437,0.5322459219059122,0.31296242139008634,0.1936364632262352,155004.25313298334,0.04897273860117298,0.3137664041807404,0.04549468497466967,0.5322459219059122,1.415608613317375,1.0,0.5322459219059122
1,0,0,3,0,1.3559532829643528,0.0815885536843192,1.4958716175691267,0.03165697748752878,5.717456430531574,2.199938680236997,0.11377308423926615,107.35126449490335,13736448931.746029,0.0013199089250362564,0.28063436777419093,0.5324581914352549,0.370429857943816,0.32021198095516346,7884597.677635327,0.06860913982813785,0.3478014476774377,0.0651230876411631,1.0,0.7214613747086247,4.973144253764573,0.5324581914352549
3,0,0,1,0,2.3682094432219327,0.046653562214451966,5.6229042347855716,0.08690700685230449,5.7663358927797,14.472030924724288,0.01161454110367898,96.51889909286177,14308928680.076662,0.0009474215152670426,0.3533380695671062,0.5326888980436403,0.3065315042591828,0.2246567857651441,4743488.727343873,0.0469807815516987,0.2638293940651959,0.0440640433137558,0.5326888980436403,0.4937034174436963,1.0,0.5326888980436403
2,0,1,2,2,0.6831943232247194,0.062459707819447645,8.919747320545357,0.09767144074567842,4.48098407057369,8.071522529534226,0.7599966468115271,113.42406452578236,10029608092.805971,0.0007313271796818532,0.35849966453675997,0.5350472234618252,0.30273145727277545,0.2030680345146859,4834916.68612294,0.04582316761124914,0.2840037347972961,0.042390229047883254,0.5350472234618252,0.44004567572351294,1.0,0.5350472234618252
4,0,1,3,1,4.852669573146931,0.014894200930626884,8.224774797674588,0.06858515137868654,6.1465295484534614,11.208024864949072,0.7441507752599045,92.05080661797686,10973162193.370483,0.0,0.34414371989168363,0.5351883762178795,0.31285527105029376,0.1943805740490334,181075.87854919344,0.04893921031197639,0.31332335500046027,0.04552514429206939,0.5351883762178795,1.4659011533795776,1.0,0.5351883762178795
4,0,1,3,1,4.852669573146931,0.014894200930626884,8.224774797674588,0.06858515137868654,6.1465295484534614,11.208024864949072,0.7441507752599045,92.05080661797686,10973162193.370483,0.0,0.34414371989168363,0.5351883762178795,0.31285527105029376,0.1943805740490334,181075.87854919344,0.04893921031197639,0.31332335500046027,0.04552514429206939,0.00705086274111717,1.4659011533795776,0.013174543869851738,0.5351883762178795
3,1,0,3,2,0.8959987415073937,0.012704389450625627,8.618177943599665,0.024959342595131984,5.286704009228684,12.311118652676281,0.20482408271672742,128.24481123716495,10281217878.334335,0.0013052108857126265,0.39320939652250825,0.5357447283800129,0.27989118322052375,0.1919285739840396,3448536.943137867,0.0391695372222924,0.2406806178002695,0.03741111344060779,0.5357447283800129,0.801629726110298,1.0,0.5357447283800129
5,1,0,3,1,1.0586237142793935,0.01931948181758094,8.322730739422099,0.07814579509118677,8.653268661126944,1.6088300260814545,0.6994343618695904,127.24117567828544,17814641772.036045,0.0014062597359882892,0.4068315487156403,0.53628408501386,0.2722896820741832,0.1797073108822844,155512.69140044745,0.037070835482029885,0.21772849575635655,0.03547975241501453,0.53628408501386,1.5383177610169672,1.0,0.53628408501386
1,0,0,1,1,4.9990762124790775,0.04428979675484663,2.303090271467853,0.07886344617527917,4.486615186299104,2.685543337543911,0.4954679498175297,72.64696327904089,13061072459.14764,0.0014170150625860672,0.3956173019628191,0.5373917846878539,0.27954922506161817,0.17008906102184182,573231.9494553092,0.039073884616275624,0.2344108935575947,0.037135052858135294,1.0,0.3675904997771706,5.769558006916221,0.5373917846878539
3,1,1,3,1,0.23910421276033533,0.07916666260728837,9.939091424778306,0.023994649843459424,3.751995927041389,2.3678528991032244,0.05604196281850284,120.003778849794,18102397411.616837,0.0006339056698003953,0.3362147759909004,0.5392045576202019,0.3264326936845144,0.296861475410047,10335169.261408366,0.053279151753064004,0.2416442392215431,0.051980746980533454,0.5392045576202019,0.45894467521034554,1.0,0.5392045576202019
1,1,1,3,1,0.19684654811949343,0.02497372454954651,2.7345746741843433,0.0024388375078527036,5.852255821250582,3.9462690039630535,0.09934965258075037,108.41049012004383,10762915210.34827,0.0,0.34187028584710694,0.5410365993738125,0.319923073514183,0.2756941170316527,8182499.011929154,0.051175386483380665,0.2903822645867372,0.049641673508273365,0.5410365993738125,0.5116002329069688,1.0,0.5410365993738125
5,1,1,1,1,4.919349116503568,0.041754573082256406,3.6820396641215205,0.06348134339096553,8.771010804847744,14.68145051841031,0.22627789958484545,110.7478100091999,14473259684.727049,0.0010262969986337064,0.37845614982070924,0.5411119173126436,0.2922814263866369,0.23224161789265876,6614405.89945417,0.04271421610530353,0.2648156033718373,0.04118748466160608,1.0,0.37291848806523875,2.238180922612891,0.5411119173126436
2,2,0,1,1,3.028397375763126,0.023751558856116708,2.4853805764868517,0.09932686835330484,7.324820166849738,4.202319615844892,0.6483367678717187,76.67236664974928,14543285774.652245,0.0007881164234460281,0.3770193741703314,0.5430405783893765,0.2944822009683834,0.1934247417222479,206972.0434645738,0.04335988334359167,0.2654413843453436,0.041378992545382375,0.5430405783893765,0.9248238246500118,1.0,0.5430405783893765
4,2,0,2,0,0.5552033624737422,0.07424494623679347,5.228284564926419,0.07176304071800593,9.871796975535984,14.203021157021313,0.5387609566350312,121.36746696230469,9613046125.215357,0.0007395573881310963,0.38618141414204393,0.5479781283369318,0.29257848663587954,0.24614204715821905,6296015.340327516,0.04280108542107077,0.23271466092883586,0.04162443125429133,1.0,0.366179253799188,41.602337785268496,0.5479781283369318
4,0,1,3,0,0.7463704458482162,0.03589592692564403,8.956493579894792,0.06619602367555781,5.011504469055279,10.649475381632339,0.27911884788312324,107.15132072057533,14600465984.641571,0.0013330412631138906,0.3364003690142254,0.5490379485170154,0.33221965847946744,0.2786813733116984,6673780.47740245,0.055184950740106986,0.2512107823594142,0.052787452324068306,0.5490379485170154,0.5750476301559211,1.0,0.5490379485170154
1,1,0,0,0,0.78065439822267,0.0469149245905322,1.3257137296642374,0.034720524739825835,1.831970109252415,1.8288529469161534,0.7984911616003968,86.49064724850395,12529645948.918428,0.001496048954093094,0.3642123855923809,0.5492888235948704,0.3063070730503724,0.21812271932951602,1240126.5028900336,0.04691201150034308,0.2980078824719714,0.04496953833434733,0.5492888235948704,0.45119700132807855,1.0,0.5492888235948704
5,0,1,0,1,4.576568460508322,0.083213216190242,9.680077398311699,0.0879967044617727,6.474759547307542,17.53228681847548,0.48476495798680463,116.23654804870611,17517652552.692432,0.0012232251356614704,0.3579809944550655,0.5507538257633683,0.3133332003401748,0.22750757899223972,5095140.075140043,0.04908884721770806,0.2791116176733275,0.04572513784378648,0.5507538257633683,0.5497918060533581,1.0,0.5507538257633683
4,0,1,3,1,3.433462308316476,0.02965272827718387,9.483931053201658,0.07018901079510081,5.174256053251307,14.870285045433736,0.5596123689156272,89.15059422377175,10623850402.310108,0.0014408487511545014,0.3749750693802288,0.5516233631619492,0.3019974337528093,0.24690897533276074,8609519.268443383,0.04560122499664122,0.252333825699829,0.043897143994567,0.5516233631619492,0.5949738330454979,1.0,0.5516233631619492
3,1,0,3,0,0.35406975056308243,0.012515560519049245,6.66118827479184,0.0961694762767827,6.4354359092203754,7.30322735129616,0.06904683005031145,68.2211841157253,15601065025.686874,0.0008270302070722071,0.42383061814963685,0.5519338565990746,0.2699390687391815,0.16007951564118894,254631.89178228375,0.036433550415888284,0.21901904547375062,0.034627610042546615,0.4631286582415633,0.7038152902322675,0.8391017378337429,0.5519338565990746
3,1,1,3,1,0.24036578053984994,0.0793869044521062,9.90794062327672,0.02315485330019201,3.7471578405192476,2.1087894815462014,0.04645241480596618,120.13046894924564,18256182992.440636,0.0006560168690588815,0.3394914362040616,0.5544420048687351,0.33265174791970037,0.3034123027994161,10237018.731909573,0.055328592697015934,0.25786827189470174,0.053955124117543704,0.5544420048687351,0.46109050086319553,1.0,0.5544420048687351
2,0,1,0,0,1.7766098700926354,0.09585741515757158,9.12672697488396,0.021857076303620014,9.730496595172774,3.778466956569696,0.7372025780575152,95.48056851994653,11302778926.736326,0.0014092641890295582,0.31874516232326744,0.5576380646673992,0.34837127664255985,0.2652140264901401,3109734.2729855105,0.06068127319478348,0.3567037355317445,0.0570265645214519,0.5576380646673992,0.7059277236619224,1.0,0.5576380646673992
1,1,1,1,1,0.1400130326081045,0.02148291712725146,4.846823069169875,0.06541429140278489,3.9030604656322208,7.190691538054685,0.6791192731654588,98.1458637490893,17647127904.481136,0.0013336331854168668,0.4067879142180696,0.5590204985156715,0.28387219339732284,0.18120603984820394,524104.39586464444,0.04029171109210353,0.2424229007707016,0.03832039184935384,0.5590204985156715,0.5610003495403022,1.0,0.5590204985156715
3,0,0,0,2,0.6138081678361573,0.052166029238688745,4.785420875100049,0.03676683131750761,3.4155833391289705,3.5865696157624622,0.6688803835827375,108.50454600358344,14890573254.793062,0.001270098769280524,0.3699059893076593,0.5594100272000523,0.31211901241506573,0.2804666132475904,9739890.291192021,0.04870913895547798,0.2277227704451109,0.047515438287378066,0.5594100272000523,0.5087876543869909,1.0,0.5594100272000523
5,2,1,1,1,2.5087178924976574,0.089082811845062,5.102876537080344,0.06758788576854556,8.692881368705764,15.375335186207375,0.07000089614135305,116.23954982220269,13148258037.157187,0.0006383949973767074,0.37512348721938876,0.5601708332086082,0.3050302144115945,0.2380032161762439,6958860.892052022,0.04652171585199166,0.28784369629056195,0.044203455229063444,0.5601708332086082,0.4087180425846719,1.0,0.5601708332086082
5,2,1,1,1,4.654270332446093,0.0714463574473235,0.5587048920178864,0.05535911723338559,9.363171352912081,16.670495834590437,0.057359110315505106,98.99432518332887,17315811465.717087,0.000526594570724216,0.3701119398306261,0.562987648668333,0.31508538884247395,0.2609577685714721,11096943.641766584,0.049639401131006504,0.21160123925833796,0.04821749417301729,0.562987648668333,0.3249973177467034,1.0,0.562987648668333
5,0,1,2,1,4.21674805472454,0.06438642786076858,0.20587637950158172,0.019121998947814377,6.692369619616491,1.1154032703097911,0.32435317200793806,87.24758150639583,12915367330.50818,0.0011165208214947004,0.35440865974619773,0.566939086528536,0.3230469503474982,0.22221953395140784,3097685.965330557,0.05217966606440948,0.33982084959896164,0.04814255387260322,0.566939086528536,0.2592463271315555,1.0,0.566939086528536
4,0,1,1,0,3.26148306003888,0.07999605152410859,6.03978782658998,0.010091506950856616,9.644383689737277,18.10068417945078,0.5674825950515462,101.13760702196123,19964828302.49526,0.0,0.3842692120890566,0.5672433332707945,0.30229384493512346,0.21582860345022806,2195449.377463074,0.045690784342830235,0.28773879976227124,0.04324421828620322,1.0,0.4969867064520501,130.99441140930537,0.5672433332707945
0,1,1,2,0,1.2138638127460748,0.01886328875440779,0.14432090597165392,0.09641696465715309,5.4184447267188105,8.191025068774897,0.6407489596275866,79.87769724976879,14129371286.56572,0.0008795306783871444,0.35835935063000696,0.5676034377508019,0.3297422424789388,0.2618696181483142,12541694.608920902,0.05436497323751963,0.1733435856013107,0.05246867113303088,0.15063828008861382,0.5053341871702506,0.26539353018286227,0.5676034377508019
0,1,1,2,0,1.2138638127460748,0.01886328875440779,0.14432090597165392,0.09641696465715309,5.4184447267188105,8.191025068774897,0.6407489596275866,79.87769724976879,14129371286.56572,0.0008795306783871444,0.35835935063000696,0.5676034377508019,0.3297422424789388,0.2618696181483142,12541694.608920902,0.05436497323751963,0.1733435856013107,0.05246867113303088,0.15063828008861382,0.5053341871702506,0.26539353018286227,0.5676034377508019
0,1,1,2,0,1.2138638127460748,0.01886328875440779,0.14432090597165392,0.09641696465715309,5.4184447267188105,8.191025068774897,0.6407489596275866,79.87769724976879,14129371286.56572,0.0008795306783871444,0.35835935063000696,0.5676034377508019,0.3297422424789388,0.2618696181483142,12541694.608920902,0.05436497323751963,0.1733435856013107,0.05246867113303088,0.5676034377508019,0.5053341871702506,1.0,0.5676034377508019
1,1,1,1,1,0.19327781199406066,0.02141700895251024,2.4476254128994968,0.045073950123086896,0.4558675222106984,19.15295476646086,0.5667586453795516,62.45564857127029,9744984210.670603,0.0007986009889827428,0.4256838502904463,0.5697141070891762,0.2780396141620425,0.1678143316968509,237641.7788752789,0.03865301352168872,0.22777996999077577,0.03672465923912213,0.5697141070891762,0.5641519874438172,1.0,0.5697141070891762
3,0,0,2,1,0.789545385015837,0.02564868705327245,8.833934377210097,0.008459034102150695,6.181673144910264,9.685379900003047,0.06503242097586227,112.92870808621649,16115203870.624298,0.0,0.37194318241342633,0.5705877618396447,0.31918659500276536,0.27348688377094826,11365572.351673994,0.05094004121472967,0.19603423038872825,0.04951422945092363,0.5705877618396447,0.41392342828339324,1.0,0.5705877618396447
3,1,1,3,1,0.23910421276033533,0.07916666260728837,9.939091424778306,0.023994649843459424,3.7050275762575007,2.3678528991032244,0.06979556322021795,120.003778849794,19073425445.16086,0.0013950664899174087,0.33018400907723805,0.5707444164364595,0.35209632809433533,0.32898513122390516,11157054.884772804,0.06198591212875691,0.25591672609500327,0.06032544310881425,1.0,0.5264816108176528,278.8868139270582,0.5707444164364595
2,2,0,0,1,1.0014341356024294,0.018309088897617027,9.775984239853807,0.07303094366050096,3.7912750794038774,15.5966809092976,0.15867035863643994,92.19452078722331,17930643324.635983,0.0010311776735033723,0.39673764432832626,0.5718209289404983,0.29778002210538224,0.20962270955180054,370595.66076102434,0.044336470782540965,0.2524294970846688,0.04250213055678827,0.5718209289404983,0.44784681257146725,1.0,0.5718209289404983
5,1,1,1,1,2.3625865615333237,0.09759126784281887,4.48082488942697,0.0758373519796537,7.122352023535452,16.36945687159556,0.2200139586450832,128.36747127356745,10223636550.470104,0.0005699191022037308,0.38532154684351605,0.5785139111195231,0.3079039825067713,0.24566811356411417,7130442.637145291,0.04740243122176507,0.2930178063403376,0.045270779174564076,0.5785139111195231,0.38393075789180925,1.0,0.5785139111195231
3,1,0,3,0,3.216784857766199,0.056327848303248676,6.402950207703278,0.06630130291321625,6.538462875302019,13.86024241881641,0.32321935223434073,91.58449367393864,18526420934.71752,0.0005607668815193359,0.440807937342812,0.5789166533305726,0.2733591066807036,0.1683619757340665,273230.4882290649,0.03736260060263616,0.22705597866796812,0.03553563751240826,0.5789166533305726,0.3902329972488083,1.0,0.5789166533305726
2,2,0,0,1,1.1053049663780583,0.018309088897617027,5.494019064202546,0.07031185625432484,3.533751429550279,15.5966809092976,0.15867035863643994,92.19452078722331,17930643324.635983,0.0010204831393076097,0.3891519900579943,0.5795117976589035,0.3067015401251704,0.21425820511458965,441985.503238425,0.04703291735757576,0.2735262403404011,0.04491200355404754,0.5795117976589035,0.586955924322508,1.0,0.5795117976589035
1,1,1,3,1,0.9215623324756331,0.04111454929083315,9.527846202178718,0.012001672187340062,8.974288354923397,8.601144574459324,0.09924603588205888,106.87370932585817,11284467896.00605,0.0,0.38697167913422303,0.5806383965650855,0.3084795817796371,0.21526531312042452,981874.258197389,0.0475798261874699,0.28302214258159064,0.045405911382936766,1.0,0.38175026293776804,11.362699309311687,0.5806383965650855
2,1,0,1,0,3.169896517626509,0.09749317682512049,3.1000299210599276,0.005844668673738312,9.514625040975062,1.6106008791995534,0.091229672987418,95.83015962714192,15546926159.343855,0.0,0.40884578695256657,0.5827011637225906,0.2954958080255868,0.249371626275206,9035272.858661518,0.043658886280347226,0.24978132221912808,0.04251726190805765,0.5827011637225906,0.4400426822622987,1.0,0.5827011637225906
1,1,1,3,0,1.5731379495015252,0.0874261927903709,2.8997536718040196,0.021094515743777995,7.466148146305603,19.435431397193554,0.011443473602313747,128.16120109296023,14231789396.942078,0.0007188447209144244,0.39479341501103804,0.5829819282867462,0.30351411738013734,0.2100939044877604,798528.2300555777,0.04606040972452189,0.29057116502872626,0.044115963235403746,0.5829819282867462,0.4109166042603888,1.0,0.5829819282867462
4,0,1,1,0,0.6151282058607327,0.06955088659660728,5.506860158647038,0.029980580011692855,7.284767106552157,3.086290365237818,0.3560785040192229,86.40395880062881,16088156240.281443,0.0007252089214842918,0.38504548152640206,0.5845276641088233,0.31203707993744884,0.2477257265482678,6511420.319855232,0.048683569627944914,0.28713393405231946,0.04629205889306471,0.5845276641088233,0.4236451027841367,1.0,0.5845276641088233
4,2,0,0,1,0.2324376515438554,0.0976638512141857,4.215422509387244,0.03834785390180965,2.096201610261579,12.287955842577118,0.17723094344786924,120.02385347066831,16546448238.129053,0.0012467689758790441,0.37673014842070524,0.5879337489369962,0.3230430047735261,0.2800498579205086,11079448.944293253,0.05217839146655421,0.24567638482777554,0.05062974400661112,0.5879337489369962,0.4514346633106169,1.0,0.5879337489369962
1,2,1,1,1,0.8165939359092957,0.05698815144107876,0.7114647023216526,0.07589024244386275,3.7423041133080646,4.173442955194383,0.04749451998442545,68.57803233288591,11066168844.596899,0.0013553162084126449,0.34537511860777326,0.5897448194657102,0.34449069011652816,0.28370475826013436,7034479.564411988,0.059336917788480915,0.3597114565553081,0.05681707209048952,0.050394492415903665,0.3772794672053258,0.08545135243673603,0.5897448194657102
1,1,1,3,1,3.5702488879510947,0.05384537536818265,6.985547865155442,0.005653116112781067,4.625867099478917,9.399083697013527,0.054629124800580346,120.73572784392852,12487712934.756195,0.0,0.4103622533983168,0.59081620475107,0.297555034696771,0.20566538054516748,879387.5171920036,0.044269499336698305,0.2751370241911232,0.04234595813177836,0.2838799591333175,0.38858040518366727,0.480487767347081,0.59081620475107
1,2,1,1,1,1.1667681243366523,0.021434098027671964,2.8335809766188262,0.04412498873800655,2.2058652758223958,3.1974586377301275,0.05125923035889411,67.0890122438169,12592376362.306759,0.0013713336628327966,0.44892473911536296,0.5920075061155537,0.27537632144954755,0.16764914560046892,124669.5803337474,0.03791605920754228,0.22419046114022656,0.036034961903605396,0.5920075061155537,0.5414077753474215,1.0,0.5920075061155537
2,1,0,3,0,2.1150451830015538,0.032190782280555885,7.594679751876693,0.07981603858408899,6.365246449231328,7.839429409952279,0.04718872611301414,83.59947478723733,15803075915.797611,0.0007274054022866275,0.35008121167269435,0.5957325548226976,0.34942929996605654,0.3098600449128501,11071733.667243652,0.06105041783738416,0.2666265170575506,0.059229440594502504,0.1397145356334197,0.553302821629611,0.23452560129939795,0.5957325548226976
1,0,1,2,0,0.789711934254813,0.0296928133280359,4.750274122506985,0.0867871794005556,0.3073013283578099,8.738014655394014,0.5308463803214861,93.01137059749071,9471107442.013664,0.001159446341398777,0.3302647056106139,0.5962892451919003,0.36937087118261774,0.31597141393546585,11578211.93262138,0.068217420239103,0.2515432811928203,0.06535301810242933,0.3074433552018915,0.6528472262141021,0.5155943322488548,0.5962892451919003
1,2,1,1,0,2.2975071710397343,0.012945710014531878,5.125759241835034,0.017289652234536816,0.7106371794258851,2.4797375498004612,0.27481377626904235,64.04061469589959,15458793003.466524,0.0,0.43031458335938527,0.5980493238381558,0.28934430562528146,0.18239359717859335,139106.8627025841,0.04186006359888814,0.24760008321487714,0.039861190767616565,1.0,0.298519442234931,2.3487708246479646,0.5980493238381558
3,0,0,2,0,4.461043256925113,0.07237093586383031,1.3297545955817731,0.017827562965619936,1.9189608537906124,2.30776407796143,0.7195882546392951,105.7155263723986,9262274017.025873,0.0,0.4060619854832027,0.5980804870428377,0.3039112140445249,0.20126768074878118,2425198.6910316637,0.04618101301100851,0.29042872031829503,0.04317624754400586,0.7166335295091851,0.38066949753919055,1.1982225553830117,0.5980804870428377
5,1,1,1,1,1.5117470916241236,0.08321950538241726,7.893640050027277,0.056171496803968615,2.2488513454801518,1.9162931480456313,0.031052433041060513,95.98061440679736,12879256697.821156,0.0007755414772108333,0.35213671745066577,0.599035555871584,0.35206006711558124,0.3088789429079058,10560873.781739019,0.061973145428713794,0.22536478195693088,0.060009888520807284,0.6426115855161624,0.5254974075181853,1.07274364470933,0.599035555871584
1,1,1,3,1,4.214928895470611,0.02127531986464522,6.993948744954731,0.005352198722928589,6.438375949113212,5.20190414778175,0.18438321106537114,110.96610596802758,10786339537.693495,0.0,0.4218835770389193,0.6004681289387066,0.29502618574205736,0.2018273014918104,790964.8313058506,0.043520225136753465,0.27204455283589435,0.0415713396463606,0.6004681289387066,0.3846802895943563,1.0,0.6004681289387066
2,0,1,2,2,2.5256387398405287,0.0784342301449241,3.4935864973738813,0.09657921188404088,9.062127588553468,10.130695108382136,0.5157568096537679,98.34446895009678,19537750110.900738,0.0005306585327245034,0.38784362846779685,0.6016657178154241,0.31861202959687684,0.24908741019087738,5969706.614619529,0.05075681270192057,0.31157879999828997,0.04783998311184129,0.6016657178154241,0.37427455162224654,1.0,0.6016657178154241
3,2,0,1,1,1.079946912496784,0.09828574394670649,0.4686519788804183,0.03146427652329423,9.232332317080447,8.680833684246444,0.45341333070205864,80.23702684437285,17584273381.04826,0.0013553853437999655,0.35252516108415555,0.6059667753962626,0.35155075925923907,0.30709020889577215,9702583.290092107,0.06179396816787373,0.30471114263389065,0.05974015430577333,0.6059667753962626,0.4021708719923101,1.0,0.6059667753962626
4,2,0,2,0,0.5958152908333684,0.07142633009584635,6.982511743826762,0.07987535170796922,8.855623035242047,15.577372747448297,0.3494804457407944,115.84979694393436,10242562116.90296,0.0006487056714483445,0.3951935204878426,0.607905444110693,0.3188172006614814,0.2626069681517645,6383981.030264442,0.050822203718811645,0.27215121871551484,0.04892712750607314,0.607905444110693,0.38082850999855256,1.0,0.607905444110693
2,0,1,2,2,4.599416664448829,0.07873418104656339,3.4935864973738813,0.09657921188404088,9.062127588553468,9.186538920899013,0.5157568096537679,98.34446895009678,19537750110.900738,0.0005241197215753011,0.3849588027838229,0.6080361258874899,0.3239243120699847,0.24565692425345168,5539665.557881361,0.052463479975006416,0.32481058229478765,0.04907268946734546,0.6080361258874899,0.3786725161027675,1.0,0.6080361258874899
2,1,0,2,0,2.860605582490596,0.06172948738689838,4.81165877358957,0.05551352800643495,0.5031362245547822,1.2679936420652922,0.04402122314121726,72.66989498181341,18517848018.06501,0.0010699558392872081,0.35522386210281276,0.6087687490395792,0.3582861066249212,0.29809919221042747,13228461.728991825,0.06418446710022221,0.17620455369951782,0.06179291721763678,0.6087687490395792,0.4452684341335201,1.0,0.6087687490395792
1,1,0,1,0,0.24183794083737353,0.02574476892255732,4.436474450495657,0.08369779986834597,4.7374680492552175,13.902371373137047,0.7609341661999479,94.90714097201494,10390929958.019121,0.0013582162471297793,0.4000059801538895,0.6116300125070389,0.3147570917507749,0.2220011730749121,562227.5783318923,0.04953601340370286,0.3158144197925792,0.047499161482955944,0.6116300125070389,0.6189819268949662,1.0,0.6116300125070389
2,0,1,2,2,0.8635296668065362,0.006206720901309169,6.4078803494914105,0.06630395540759502,2.9422417667634893,15.429928533006633,0.19363244212699704,83.71183941210053,14892149530.962688,0.0006750349902737542,0.4105389271961208,0.6135132291758951,0.3094845429234276,0.265297916171663,7779622.310202002,0.04789034115426145,0.2888197945178035,0.04655231673086297,1.0,0.4824885530179629,5.824591519163885,0.6135132291758951
2,0,1,0,0,2.5268609923646346,0.09585741515757158,4.743926540118737,0.021857076303620014,9.730496595172774,3.778466956569696,0.7369604799862137,95.48056851994653,11302778926.736326,0.0014092641890295582,0.3443562669174477,0.6142054235508935,0.36044437623565306,0.2751764046685458,3008620.2021383494,0.06496007417995452,0.37431145249077846,0.06104452863764448,0.6142054235508935,0.6587169152630723,1.0,0.6142054235508935
3,0,0,2,0,0.6454112022995284,0.07237093586383031,1.3297545955817731,0.017827562965619936,4.116151351486005,2.30776407796143,0.7195882546392951,105.7155263723986,9262274017.025873,0.0,0.4054399218986144,0.6158495644784412,0.315862805135197,0.2648259637503273,9267253.165570406,0.04988465583393772,0.2672210505011252,0.04820214854604536,0.13108358371314882,0.3849373005880904,0.2128500063553063,0.6158495644784412
3,0,0,2,0,0.6454112022995284,0.07237093586383031,1.3297545955817731,0.017827562965619936,4.116151351486005,2.30776407796143,0.7195882546392951,105.7155263723986,9262274017.025873,0.0,0.4054399218986144,0.6158495644784412,0.315862805135197,0.2648259637503273,9267253.165570406,0.04988465583393772,0.2672210505011252,0.04820214854604536,0.6158495644784412,0.3849373005880904,1.0,0.6158495644784412
1,2,1,2,0,3.7025994333670345,0.029056993715918307,4.591180518836912,0.09966654828646022,4.672919826340042,7.97206162030655,0.44497294433011947,84.14467790099408,14999660941.94365,0.0009550917429573455,0.4447230350219368,0.6187684776064749,0.2903914012664349,0.1725310921539788,381222.3899163393,0.04216358296474181,0.25612094639866456,0.03995602429334448,0.6187684776064749,0.7000134813258976,1.0,0.6187684776064749
4,0,1,1,0,3.9608852949051205,0.031804690938891794,9.681971272390017,0.012335657011953244,0.562543973136224,8.492021729725755,0.2694756889251899,73.24071299849714,15879726946.102102,0.0,0.4246127998834094,0.6191875967447298,0.303666434354686,0.2521625063120569,4129670.5710763303,0.04610665167684441,0.26832830277135666,0.04433251898674612,0.6191875967447298,0.3163631106261218,1.0,0.6191875967447298
1,0,1,2,0,1.3907760790638681,0.0296928133280359,5.005913421336395,0.0867871794005556,7.1271946572885785,8.738014655394014,0.5308463803214861,93.01137059749071,9586348825.362373,0.001159446341398777,0.44748492311578963,0.6222310710070793,0.2906306644007339,0.18259834399079766,142395.51501153788,0.042233091545006006,0.25219271138587906,0.040135752822667826,0.1395559347682683,0.601292583211462,0.2242831341456437,0.6222310710070793
1,1,1,3,1,0.4679013116376669,0.04283969853278075,7.380205789540068,0.018873919657697732,5.229226186252815,2.7736627907799445,0.27242677488202754,115.87320030957655,10751023933.36387,0.0009977799086727786,0.401407592071885,0.6237663254389563,0.31993020106828873,0.2417899664014594,1239779.4229264946,0.05117766677779782,0.32875370302685736,0.0491655461010251,1.0,0.48111221371877005,38.62806381755834,0.6237663254389563
2,1,0,2,0,0.21390702515286752,0.08519159681164082,0.7671354535894832,0.04631885266204562,2.1601780165028637,1.2737676464430265,0.2300099235465981,83.88787363615148,13720650330.376532,0.0009479104360385988,0.3950152859847817,0.6282052906523194,0.33441432706265967,0.26375903846997256,12778922.676377414,0.05591647107238575,0.20933672109649815,0.05388531359359844,0.6282052906523194,0.32682546516067446,1.0,0.6282052906523194
1,1,1,1,1,0.1745139286868181,0.021840845006531762,4.903707637943738,0.06556528514041905,3.9551758828331236,7.027192191366195,0.6776558907922996,97.88293423310289,17688295314.946358,0.0013452310944060653,0.45200340900435654,0.6314650822286432,0.2919202882616653,0.1876421971704907,349999.03561753675,0.04260872734938687,0.26250005099936946,0.04050230901696162,0.6314650822286432,0.5650666493225177,1.0,0.6314650822286432
3,0,0,0,2,0.5546601205133356,0.052459956394799695,4.661996140873024,0.03292221909362722,3.2891773736222674,3.4074673350618374,0.6781163562157175,107.62862156796342,15016810290.070917,0.0012945669881887544,0.3916980290061398,0.6333764892830915,0.3378956630216648,0.30160126202881354,11040556.567493577,0.057086739544425225,0.24769496172327776,0.055536406908834386,0.6333764892830915,0.5083834913985394,1.0,0.6333764892830915
4,2,0,3,0,4.990267388080788,0.07268742797728589,7.154326693517801,0.08007001895616224,9.538448637840721,9.312755426130291,0.5054726616100449,124.65819623476077,17324393172.584774,0.0014144794533683038,0.46749191896345116,0.6359175037736833,0.2849885907307068,0.1807133621286329,218994.52226876636,0.04060924842333715,0.24996996362491286,0.038609576578783514,0.07828181676789651,0.4731752389439417,0.12310058506544307,0.6359175037736833
5,1,1,1,1,1.477488572764058,0.09759126784281887,4.48082488942697,0.0758373519796537,7.122352023535452,17.629879605075907,0.2200139586450832,128.36747127356745,10223636550.470104,0.0005699191022037308,0.41141415000077136,0.6366463772145023,0.3208936631191095,0.2608610507961418,8492900.284035614,0.05148637151500026,0.3062791475882851,0.04937280408346638,1.0,0.3813671298754436,13.116413697271245,0.6366463772145023
5,1,0,3,0,0.16055331046190324,0.031450738024307597,2.9654046996878156,0.02202384635080406,8.075383292929116,5.73745990476205,0.7128630583950484,85.82638580552214,10175175112.428078,0.0009437272040053431,0.35725155740311626,0.6375027036159814,0.36547685908345934,0.3216801282537702,7043461.777661453,0.0667866672627554,0.33388340793840765,0.0644417528263791,0.6375027036159814,0.45937191121203874,1.0,0.6375027036159814
5,0,0,2,2,0.6300718491798258,0.0929679316729009,6.7057099808886775,0.012521891448792587,3.0928130154997455,12.65569614343518,0.36495454162230406,105.29560636450123,14458748122.791676,0.0,0.3920464954916013,0.6407897392835521,0.34234919820436066,0.29183310012513547,7318766.391537014,0.05860148675558432,0.24089114048132743,0.05660904580295809,0.6407897392835521,0.48987571109120503,1.0,0.6407897392835521
1,1,1,3,1,1.3631180072525164,0.06289095679699264,6.227983749733306,0.0037568860076831047,5.65478591962057,5.47186085483425,0.16513176894469356,111.38842668628725,10706760417.661411,0.0,0.40500188838820744,0.6430779652747773,0.3272328381684399,0.2371209596943954,1303077.9712730658,0.05354066518788618,0.34558395567154365,0.051171015375043205,0.6430779652747773,0.3892810823201223,1.0,0.6430779652747773
3,0,0,2,1,0.5979001303512677,0.02618564400412317,6.95232774853854,0.033306849386643814,7.603607719767376,8.230750928443832,0.11463169953290755,113.30618496930553,18420321636.233032,0.0008256965917580293,0.390614171758976,0.6472685008127382,0.3427197096002174,0.2705808733096892,8718232.13878856,0.05872839967422868,0.3209348396370971,0.05564935829706874,1.0,0.48903707214458514,20.19738032161331,0.6472685008127382
1,1,1,3,1,1.2785087367585386,0.06394860025879105,6.215260061616623,0.0038185217055999093,5.913480065263709,5.423826422279857,0.18438321106537114,111.43291355002644,10786339537.693495,0.0,0.40662954192555617,0.6472928086889495,0.3282087342359383,0.23783585559681014,1296103.6514945962,0.0538604866143784,0.3481875513243442,0.0514664272470296,0.6472928086889495,0.38840772703804083,1.0,0.6472928086889495
5,0,1,1,1,3.0527757410702083,0.07432157363140221,8.381183635696491,0.06086546132076927,7.4161003332984325,2.992274108135047,0.7364875722034254,66.55206334577295,9474883878.508385,0.0005994424898511889,0.4244497102982802,0.6502304042199699,0.31780627873959144,0.19224711997532215,2120737.8726629517,0.05050041540315344,0.32151143968121465,0.04610133883531818,1.0,0.5200770067596535,12.686156694456226,0.6502304042199699
1,1,1,1,1,2.302891863373058,0.021840845006531762,4.845076337030073,0.06556528514041905,3.8644963763135833,7.011548787573729,0.6702599647247505,97.88293423310289,17688295314.946358,0.0014052592892328845,0.4652882815784589,0.654394604432681,0.2946211972553026,0.1966113873566783,282681.563628106,0.04340082493607397,0.27089993009384505,0.041260585772612816,0.654394604432681,0.6735154312318659,1.0,0.654394604432681
1,2,1,1,0,2.403535268916289,0.012945710014531878,4.970798429619752,0.01890160091871948,0.7106371794258851,16.554033437682495,0.7699030574215504,64.04061469589959,15458793003.466524,0.001380738991507365,0.3425708429987654,0.6560016974767001,0.39343332793404967,0.3394623566140491,11911134.977521732,0.07739489176463073,0.3029297273208479,0.07396071536417048,0.6560016974767001,0.5249921193101343,1.0,0.6560016974767001
4,2,0,2,0,0.6206278804056641,0.08395780095212872,6.747383111924825,0.08827261929264649,8.66605516697596,12.87637408106316,0.32254126042340364,126.11142003939416,13252556469.062454,0.0005845531066683999,0.4147096696075179,0.6572836960043149,0.3313434681191434,0.27385397536853273,6929491.072476107,0.05489424693261089,0.2825517623674654,0.05288159945673215,0.6572836960043149,0.3783582395062745,1.0,0.6572836960043149
1,2,1,1,1,4.34971593277019,0.021434098027671964,2.8335809766188262,0.04412498873800655,4.65266822787761,3.1974586377301275,0.05125923035889411,67.0890122438169,12592376362.306759,0.0013713336628327966,0.4787754044787764,0.6573027658429035,0.2885977287655925,0.17407525444610997,88051.18013881629,0.04164432452432924,0.2518112320752586,0.03949172062487421,0.6573027658429035,0.6111168373183322,1.0,0.6573027658429035
1,2,1,2,0,3.7025994333670345,0.029056993715918307,4.591180518836912,0.09966654828646022,4.672919826340042,7.97206162030655,0.4217217806863706,84.16308381808362,18959446140.60304,0.0011518250886634013,0.4611672605198125,0.6578826769821837,0.29868859915491713,0.18777566742902366,467983.1139034318,0.04460743963256338,0.2782534247009205,0.04228352131543073,0.6578826769821837,0.7355527447572655,1.0,0.6578826769821837
1,1,1,3,1,2.2052651918759962,0.04514184943495755,6.634983083519814,0.029214107676451235,7.467245986886729,4.4558958517340335,0.44016601557552393,102.88055333429833,9154659860.63404,0.000884343221869852,0.4481814961827551,0.6603627796116818,0.3077086195889026,0.2013778050582599,510973.7163518116,0.04734229728465399,0.2966426441349722,0.044977288026991906,1.0,0.4625052035070537,44.12177134398975,0.6603627796116818
0,1,1,2,1,0.8140990428628966,0.06322449802561428,1.1844746514020972,0.03535332620693869,9.97999973576633,8.69439069814769,0.2575951611947605,77.80104989196248,14556815296.07795,0.0006442838703588617,0.36210085839296263,0.6618989057328558,0.370386517956995,0.2984520766999033,6658433.761218232,0.06859308634215369,0.43457983122793276,0.06489440280430978,0.6618989057328558,0.406909273361062,1.0,0.6618989057328558
1,1,1,3,1,1.2591084977117608,0.020765869881447362,3.845451519707121,0.007149870752867577,6.111062413324928,5.083871659921544,0.19530997138071818,110.25627166423203,11044727556.61395,0.0,0.4282350839588373,0.664196063818093,0.32265433638202,0.23271155047943207,920435.5351360127,0.052052910393060856,0.3215245773401436,0.04977839759219576,0.664196063818093,0.3764347761069947,1.0,0.664196063818093
1,1,1,1,2,3.6768360056025693,0.030820904601168313,8.724508271999111,0.09870123664856287,2.8942724855333415,9.27137314249259,0.43578249221139204,90.51396029771993,19227403114.784885,0.001353375655248072,0.47716571535896213,0.6643174508883228,0.292348490423529,0.18338529636061204,265808.94010014756,0.04273381992645812,0.2651736369834016,0.04055073425594507,0.6643174508883228,0.8693980657819024,1.0,0.6643174508883228
1,1,1,3,1,1.2598347605543525,0.02074237812680389,3.845097899406599,0.007122135752311933,6.108986656540509,5.082827413493782,0.195260221636996,110.25846734685807,11043578827.879072,0.0,0.4286090250569301,0.6652293742924521,0.3229137858673278,0.2328937337350703,919486.2788194887,0.05213665655158521,0.32198269688533265,0.04985552386987522,0.07838020211346647,0.37644997416745707,0.11782432517630903,0.6652293742924521
1,2,1,3,0,0.7393104365743569,0.014577093445311908,6.085038745291897,0.004749290672120653,4.576862027905033,15.704414523286836,0.8059727396416183,90.7750193947828,14575733973.895048,0.0,0.3310474946069279,0.6688157024723368,0.41024557577358695,0.3552792763814287,10717912.588771127,0.08415071622090094,0.36865495432399265,0.07967839869580107,0.6688157024723368,0.49285193226824076,1.0,0.6688157024723368
1,1,1,3,1,0.4679013116376669,0.07559770044236622,1.536016594791829,0.020251261993578257,5.600190155416416,2.7736627907799445,0.27242677488202754,115.87320030957655,10858402373.442822,0.0009725779186116853,0.4111069627241401,0.6710021414594087,0.3367763205288228,0.25033074589150667,1288485.8881081517,0.05670914503446618,0.3711911048651525,0.054205081516192695,1.0,0.44729171882005414,39.79508527450678,0.6710021414594087
2,0,1,2,2,3.4150780884030336,0.09405714328832668,0.13416063063900766,0.09258135645413294,1.9309813244488137,1.3128923884419972,0.6084353429294237,92.2859751366432,13753126781.847845,0.0007524372572126245,0.4240656173534974,0.6755372879294159,0.33314605503612604,0.2756574648609509,9869062.270781917,0.05549314699306676,0.3021176995515352,0.05336372283394748,1.0,0.17984792529008015,5.966339269840464,0.6755372879294159
5,1,0,2,0,0.9296548875204382,0.06268562609288794,3.2279859173381786,0.052026308765128065,3.412602075281531,11.519899586540868,0.7822167343495112,115.39491533993827,9602341387.910328,0.0011395952102650976,0.4146376944413718,0.6755443371519316,0.34386587349580316,0.28392167677564867,8705739.063029688,0.05912186947751585,0.24382079229733122,0.05703437033635996,1.0,0.3731280645011137,123.3918891535361,0.6755443371519316
5,1,1,1,1,0.21508701943859504,0.09420840112400376,4.875387539257205,0.0666792303263896,8.884677698762813,10.988727522292221,0.05035783264824684,113.29448867988712,13384571564.78753,0.0006211566013393458,0.41450184916111926,0.6760130165662622,0.34198271868488966,0.28188593024418457,10802230.910593808,0.058476089939554186,0.28290366561760194,0.056423091027942275,0.6760130165662622,0.381910147561254,1.0,0.6760130165662622
1,1,1,1,1,1.8848671315278114,0.043229600777814084,4.634223803412045,0.089486475215006,4.920087091275668,7.72469638952736,0.5967041166473138,99.12474648627853,19748406081.661198,0.0011634666555626531,0.4297452915101908,0.6789435465949707,0.3312262818642182,0.27330295210142197,9851813.628123682,0.05485542489879727,0.2927599594866739,0.05292663822837466,0.6789435465949707,0.4111603079040394,1.0,0.6789435465949707
4,0,0,1,2,0.9556382861034388,0.0626247898718653,4.896579186388839,0.058005823714677,5.88499104196885,16.731131571215403,0.6934451826688669,85.42476423927664,19962366883.41139,0.0007381612180510761,0.3926740154983007,0.6810349195977377,0.36086321001796345,0.29527248382945315,7571239.9366275985,0.0651111281722344,0.3191582948298164,0.06155416711819416,1.0,0.4485498613189711,126.09591816923208,0.6810349195977377
5,0,1,1,1,0.18874555468503035,0.010990932644973228,2.1318237717271225,0.003086867370274803,8.317598289570492,1.2019655355103245,0.4789208219595131,77.03286959312278,17902208447.00941,0.0,0.40336729361241797,0.6858173060417042,0.3502289471125201,0.24086718165836105,148882.40448647237,0.0613301576977722,0.3937055128767767,0.057483642082662254,0.6858173060417042,1.0936637458200338,1.0,0.6858173060417042
3,0,0,0,1,0.629666430371422,0.05272828688917611,6.369816371500815,0.018611056811875505,9.798420865426271,2.1154836652934477,0.1367756442601188,116.1287520339334,13333495156.721758,0.0,0.4083423462467752,0.6858613631951734,0.3550511647633846,0.29393176636247526,12668837.927011337,0.06303066479991805,0.23881492110647973,0.06080354344653669,0.6858613631951734,0.4573204966024831,1.0,0.6858613631951734
1,1,1,3,0,0.6431552323784221,0.09724903333838139,2.040550579979971,0.02305393813482289,5.455638147960155,4.0451857377798275,0.1748713431913902,98.94919379433858,10588103918.055483,0.0006153619030591225,0.4306991788043579,0.6885224051287894,0.3316438553356273,0.23072316290154185,824900.2088410154,0.054993823390939243,0.3632982437735569,0.05233780667897104,0.6885224051287894,0.41876918805934454,1.0,0.6885224051287894
5,2,0,2,0,4.349482627959014,0.06972504837590714,5.4189492334253515,0.001353107838794157,7.6825105811138545,2.3174958931545366,0.4946602977589581,105.51139787242118,13646167714.006758,0.0,0.43628849587413554,0.6917302485369686,0.33556770515166356,0.2775530624144575,12405782.278208446,0.05630284237037691,0.25199398876071544,0.05442631663298183,0.8434433705503044,0.4581937531262123,1.2193241112908013,0.6917302485369686
4,0,1,1,1,0.30837282753297257,0.02461066401141004,1.2959165922992633,0.06248599168994507,1.9736844061904013,2.1354054843511343,0.5050441302977812,85.32640774352211,9381521897.408543,0.0006186475102382859,0.37034463014889824,0.7012781960464283,0.40001992559297195,0.33130265349662547,14756038.820791679,0.08000797043570342,0.20424862850989622,0.07630858822520348,0.7012781960464283,0.4168250341440542,1.0,0.7012781960464283
3,0,0,2,1,0.40694088348159485,0.02618564400412317,6.95232774853854,0.033306849386643814,7.603607719767376,16.648144010339085,0.11463169953290755,113.30618496930553,18420321636.233032,0.0008256965917580293,0.4001822864408737,0.7014569135795186,0.36551379951450236,0.30067413068634063,10464712.50903799,0.0668001688177639,0.33129569909631285,0.0635260534643328,0.7014569135795186,0.48106718187843744,1.0,0.7014569135795186
4,1,1,2,0,0.5366028929922324,0.07375955827588956,7.389274791461306,0.061154411346873105,8.369077243031226,19.388696390014996,0.633891511752167,81.18561113362404,14036419889.989178,0.0011437537872414374,0.41973554810047553,0.7043843432682918,0.3549771277930675,0.2893827661011617,10649544.202367859,0.06300438062810788,0.2590214775234835,0.06068262245813123,0.7043843432682918,0.40561889815475616,1.0,0.7043843432682918
5,2,0,3,0,4.845218788079349,0.07397380536788213,6.125090691745164,0.004441106661781084,9.528098554507014,1.4852733885547311,0.43298920449893913,96.06851729267022,18328646067.14767,0.0,0.4269211072903088,0.7053791561007219,0.35097421024845016,0.27331116888098456,13567575.358122386,0.06159144812976164,0.2383297437381331,0.059048499386341845,0.7053791561007219,0.4733322326175815,1.0,0.7053791561007219
1,1,1,1,2,3.323198047175615,0.03120221747667376,8.724508271999111,0.09746694355305077,6.023219627877884,9.27137314249259,0.43578249221139204,90.51396029771993,19341536514.26231,0.001353375655248072,0.4985561104893812,0.7068573900074606,0.29899968677462513,0.18687264602862252,232791.5585893612,0.04470040634566197,0.2784365859686567,0.04235159675924947,0.7068573900074606,0.8601322480864262,1.0,0.7068573900074606
3,1,0,2,0,0.5988881835799802,0.07162379401004565,8.755437609836214,0.003162750548259313,0.805925177467611,10.299942215475339,0.4079571091018382,113.80127977734548,18223278317.398117,0.0,0.498995381057296,0.7080868192463825,0.2991752963531065,0.19003110665169198,105011.89731050988,0.04475292897398455,0.2808916804252898,0.04247056492834012,0.20285641911380894,0.34853382384177956,0.2864852354259457,0.7080868192463825
5,0,1,0,1,2.1531512421032075,0.083213216190242,7.5385597123718355,0.0859530227214247,6.474759547307542,17.53228681847548,0.48476495798680463,116.23654804870611,17517652552.692432,0.0012232251356614704,0.3905021203986326,0.7089240784183515,0.3799334038551901,0.3197377217612977,11159809.143027328,0.07217469568249549,0.3049692205244954,0.0686786730336753,0.7089240784183515,0.5300886269780045,1.0,0.7089240784183515
4,2,0,2,0,0.6132429779936696,0.08353226879675488,6.638417459540217,0.09079930118797529,8.86864946059942,13.029309056208334,0.30566225037162686,128.35583623518164,13655820435.514526,0.0005537332365877031,0.4326400014751557,0.7130937784979381,0.34679026831779713,0.28877960566823985,7799863.9196732985,0.06013174509996486,0.30574999011308845,0.05784552009626689,0.7130937784979381,0.37564755798917976,1.0,0.7130937784979381
2,2,0,1,0,2.7441598775943574,0.0965726313512034,7.8896544695197175,0.004205724093595481,6.710312294903137,3.0378760010808836,0.021005585297971457,79.55421585174716,18106256442.078148,0.0,0.4305534657479239,0.7194151627817128,0.3539739887098445,0.2923956774904418,12418230.212480765,0.06264879234157855,0.26909539824529727,0.060374592607945636,1.0,0.4489257610433228,2.9011570024353897,0.7194151627817128
0,0,1,2,0,2.587877692738314,0.09506052923120857,1.0816540842201579,0.07011530203982635,8.770594499830336,10.36337273640678,0.30517846542706933,115.76968892248124,9541564184.805025,0.0005367343950715935,0.37472960245097703,0.7240255829473117,0.39192319813890225,0.30741983874690465,6265265.737165734,0.07680189661971262,0.5114370279219446,0.07191047346510968,0.7240255829473117,0.41980150878454564,1.0,0.7240255829473117
5,2,1,1,1,3.694739136685119,0.055560809214071444,4.060561556255102,0.07884504061635061,7.813668432873394,14.234584133564894,0.24702335891705457,95.74637147654937,19967597533.683857,0.0007488268676871323,0.4408137626430998,0.725332836242206,0.34565309031726504,0.28726859786632986,10131190.2518027,0.05973802942293769,0.3292848178139858,0.05735883534659532,0.725332836242206,0.39723312547739964,1.0,0.725332836242206
1,1,1,3,1,2.6002016552404212,0.04514184943495755,6.634983083519814,0.029214107676451235,7.467245986886729,4.4558958517340335,0.44016601557552393,102.6800606611682,9154659860.63404,0.0012571818478901,0.47894789159719675,0.7264202485941684,0.3186696508587187,0.2111904018520277,484125.04891782027,0.050775173189208836,0.32651662101997847,0.048158161821302205,0.7264202485941684,0.49213152518409775,1.0,0.7264202485941684
5,1,1,1,1,1.6707529724182728,0.09103180039657896,8.785800055326867,0.0889532812039281,7.838711033701656,11.055213352145577,0.06623403186516298,114.69088857405403,17909478736.22197,0.0005541214444462802,0.43841258903167724,0.7291401370890548,0.34922519116008427,0.28482784069429434,10191841.990044005,0.06097911707039869,0.3349825749382327,0.058252756622734624,0.7291401370890548,0.4054058383229544,1.0,0.7291401370890548
5,1,1,1,1,1.6484451540396587,0.09929728984877216,1.3194674346931548,0.0012298337803108008,0.7776954489472736,12.57740712098019,0.7797173236658915,113.24584803874657,10793620358.97986,0.0,0.4279039174601204,0.731422966484543,0.35490126382957443,0.24678945663256832,193753.27625522006,0.0629774535339146,0.40341164242410743,0.0589779921411095,0.33075318096025197,0.30095832219260793,0.4522050798458784,0.731422966484543
1,2,1,3,0,0.7393104365743569,0.014577093445311908,6.085038745291897,0.004749290672120653,4.576862027905033,15.747486905637315,0.8059727396416183,90.7750193947828,13906752443.171675,0.0,0.4372945926750951,0.733123908891567,0.35036794411206595,0.24562523080289864,1038969.6244059489,0.06137884813065788,0.3674359894663075,0.057841965756053534,0.733123908891567,0.3744226468723494,1.0,0.733123908891567
4,1,0,2,0,3.5907014868028018,0.08829149392196546,9.308362161704535,0.07678267294941626,4.504024428378436,17.698360247194465,0.49716738797390614,128.17487196992028,14898836811.825607,0.0005594294065532464,0.4359628869681438,0.7364107926991789,0.3560788521199234,0.29142149641694387,11135901.75397121,0.06339607446352115,0.317279898160608,0.060792231211635996,0.7364107926991789,0.3958138931369441,1.0,0.7364107926991789
5,2,1,1,1,4.985073800297067,0.09296151947039656,1.9230208119050514,0.05566190615197958,9.788071389495114,11.586284009651273,0.04925397504362184,101.93689755630363,15829917275.401882,0.0005577268702200337,0.39463910198904917,0.7374050519528101,0.39555648251479947,0.3335647221209827,13976853.776680052,0.07823246542974042,0.25663870029533276,0.07494676453760592,0.13899131624830513,0.347751368072855,0.18848706810487081,0.7374050519528101
5,0,1,0,1,4.553678213764348,0.08242486391761823,9.739513503267506,0.08941227191702912,6.852296961998474,17.508465814867215,0.46509532820174454,116.06887136048053,17639567456.363323,0.0012247451538052352,0.3972454979052358,0.740290676423745,0.39275864799805327,0.33849119215472095,13529735.924808739,0.07712967778862935,0.29264313328831926,0.07397691743086092,0.740290676423745,0.5186884347860534,1.0,0.740290676423745
2,0,1,2,2,3.2573371272544063,0.01861606060095792,0.49432748030565554,0.01613845843676147,3.3287934449165393,16.411257538313556,0.3644787435684087,124.316337782262,10223340596.389133,0.0005654708851578761,0.4422884088903305,0.7489896790128027,0.35698519345549945,0.29820157137517767,11052443.421097236,0.06371921417323019,0.3310682468305932,0.0614044960798774,0.7489896790128027,0.32601190480571346,1.0,0.7489896790128027
2,0,1,2,2,3.2573371272544063,0.01861606060095792,0.49432748030565554,0.01613845843676147,3.3287934449165393,16.353318306805413,0.3401976728702009,123.29771109881203,10223340596.389133,0.0005654708851578761,0.44324835181560407,0.7543704847926629,0.358966332366132,0.3001710203892699,11127754.77047958,0.06442841388619618,0.3330412215292957,0.06207384049859672,0.7543704847926629,0.3271408007563402,1.0,0.7543704847926629
3,1,0,2,0,0.6201076300338234,0.0591603159794097,0.5814942522115224,0.013028999109477274,5.492968142324862,13.972583623809118,0.469520905160025,128.93280102331235,11420172763.339315,0.0007219957327520306,0.43875342077932444,0.7575956005494583,0.36233000825003403,0.2998384930806285,10013080.384432185,0.06564151743923487,0.3669999354161716,0.06298425396041982,0.7575956005494583,0.3373792108604885,1.0,0.7575956005494583
2,0,1,0,1,0.3106917132767476,0.03463267247351247,3.4287520219089838,0.04715047148982419,6.594633864101337,1.7266263854214008,0.6033437418447641,65.41315451800264,17150351235.775547,0.0012073119491319588,0.41993764060585265,0.7585094144712122,0.38268619669643716,0.3257619179702582,13184377.958106054,0.0732243625709921,0.29540714606029594,0.07022895501764304,0.7585094144712122,0.454558361484152,1.0,0.7585094144712122
1,1,1,3,1,0.1132212455610627,0.09950410595659302,3.210082451587431,0.008447849515190214,5.534170696771306,4.21781750628834,0.3662374333094736,116.48677523505323,12109154626.73822,0.0,0.4473030218711745,0.7622172371816471,0.3549614127848791,0.2571220169784601,954787.1143428074,0.06299880228311866,0.41874744085393933,0.05982077087304552,0.7622172371816471,0.3914460111071677,1.0,0.7622172371816471
1,1,1,3,1,0.12627709984035135,0.09986367923412941,3.1539346477507286,0.00722904782441108,5.498097898616134,4.052746125781469,0.37337747602222937,117.37313579676214,12095709633.222084,0.0,0.4569671824397675,0.7641556897326135,0.34940597852621225,0.2532312357643836,896035.1257393849,0.06104226891492994,0.4020594274494158,0.0580941822177458,0.7641556897326135,0.38907528735623254,1.0,0.7641556897326135
3,0,0,2,0,4.2606690694267835,0.06702969019099679,9.506840654348881,0.017227726752177902,5.5122909958683195,8.32771646352485,0.4380356448022872,127.06097154199334,11528363193.12963,0.0,0.4757695408416167,0.764506998078492,0.3370245815403473,0.22701382380354004,2417635.508188049,0.0567927842812231,0.37702154068557836,0.05290743105753179,0.8693879298637053,0.44600908894173585,1.1371876674102663,0.764506998078492
4,2,1,1,0,2.338649358821833,0.026864159206718214,0.6484771884174932,0.023696714970615346,3.571539502555528,3.477168381707102,0.8305799095110317,84.9237940784291,17843612830.61074,0.001219028644611752,0.43926153182885197,0.7700105699522836,0.36345675461601856,0.2642769254278937,1411037.7048422655,0.06605040623800436,0.4554142271987761,0.06232320812504198,0.7700105699522836,0.4923183130734512,1.0,0.7700105699522836
1,1,1,1,2,3.082513713973893,0.04739795392317783,6.120619410561412,0.07815471342818009,5.107351185029712,11.32684253481702,0.32868370400131725,104.52764064523598,18521845974.983147,0.001117566232566971,0.4462647226946873,0.7717628556765929,0.36672559437017643,0.3065976075009302,11097335.91861108,0.06724383078307959,0.31615684979943137,0.06473872556542536,1.0,0.4141131293751388,2.6429925034929433,0.7717628556765929
1,1,1,3,1,3.545237941982551,0.05060726526161206,2.4938954681843795,0.09851536951602739,6.628292819197933,1.9260050661875425,0.4110470968937019,110.89701625985302,10690456003.30538,0.001078649966805762,0.49617619456021345,0.7750853940542177,0.3291041524998083,0.21226601563113123,530251.1049489811,0.05415477159630853,0.35537096210867236,0.05109055415766998,0.7750853940542177,0.4043794763353407,1.0,0.7750853940542177
2,0,1,1,0,0.39014713830284614,0.05543549598778619,0.42956404399809023,0.07544736529087881,3.298805135415532,11.470461405832044,0.5919725187327687,111.52597366152528,12033721910.01045,0.0010031969991986128,0.4379230195507602,0.7763125611679628,0.37298294816653366,0.3134406777736707,10722179.609377204,0.06955813981149957,0.36764196330180543,0.06679555723750519,0.7763125611679628,0.3443546669890518,1.0,0.7763125611679628
4,2,0,2,0,0.12336225801159771,0.08163463810810016,5.757912221906203,0.07604724661664918,8.662854731193427,13.708027556792734,0.37699002329931025,116.10347557876977,9646291236.287024,0.0006444273558219523,0.40672061582937313,0.777368750911825,0.4079276977318396,0.34227071234700923,9903076.963054752,0.08320250328839955,0.24589141332185638,0.07923894308124178,1.0,0.35127919565019494,39.574387442604674,0.777368750911825
2,1,0,1,0,0.21820390232720832,0.0730578553570036,0.8334617969070981,0.00892494879367857,3.303153165293375,4.953498969600732,0.23093450370240765,83.45494254932386,15255829134.773201,0.0,0.42108694694940263,0.789923393607894,0.39957873763335594,0.33630682450347527,14122962.726886323,0.07983158378433315,0.2858167245476171,0.07636555286379165,0.8295041423226485,0.25595703829775646,1.050107072451638,0.789923393607894
3,2,0,1,1,1.127902579298497,0.09889140010901205,1.2932453207060128,0.03828826952609992,9.884669986253437,8.093634297638072,0.2456769279881158,96.30680892432966,16634634004.70242,0.0007011021783934091,0.4003600807811661,0.7937357276765953,0.41865942637768283,0.3640740336446216,13516909.702260263,0.08763785764744521,0.3264370239098876,0.08381253371470013,0.7937357276765953,0.36784418261738716,1.0,0.7937357276765953
3,2,0,1,1,1.127902579298497,0.09889140010901205,1.2932453207060128,0.03828826952609992,9.884669986253437,8.093634297638072,0.2456769279881158,96.30680892432966,16634634004.70242,0.0007011021783934091,0.4003600807811661,0.7937357276765953,0.41865942637768283,0.3640740336446216,13516909.702260263,0.08763785764744521,0.3264370239098876,0.08381253371470013,0.7937357276765953,0.36784418261738716,1.0,0.7937357276765953
0,1,1,2,0,1.2034579717981257,0.018955701877085143,0.1491012041228933,0.0964735206382959,5.403153676753491,8.150944460604508,0.6405967288555225,79.98686768699702,14156627868.728409,0.0008800349257298574,0.4214222102934592,0.8017613230430355,0.3946867699923176,0.3225589734556509,8452213.771174807,0.07788882320348432,0.4792299442979002,0.07349568645780173,0.8017613230430355,0.4145673650968506,1.0,0.8017613230430355
3,1,1,0,2,3.600451858673223,0.08995265449252722,9.099852487150699,0.09927647603297864,4.874018900939894,5.5368116477911995,0.5716631161955087,87.66601100924616,19449113752.97467,0.0009172674178962376,0.4536221446237466,0.81146927380762,0.38109548391737863,0.3213035371382603,8787610.000928024,0.07261688393111049,0.3238662078261273,0.06958434115262813,0.81146927380762,0.4410728642216299,1.0,0.81146927380762
4,0,1,1,0,0.21586067387432667,0.031804690938891794,9.681971272390017,0.014537656613883324,0.562543973136224,8.492021729725755,0.2694756889251899,73.24071299849714,15879726946.102102,0.0,0.4576220091382036,0.8121856316440081,0.3802021847471554,0.31930652460396586,11558204.720392974,0.07227685064325505,0.28924627150459437,0.06919644944916291,0.8121856316440081,0.30900215815028553,1.0,0.8121856316440081
1,2,0,2,0,0.9143461192586038,0.09596983985318208,5.38878481876529,0.015609652123867487,5.53208090161452,1.2417673236650462,0.5330547748688563,113.67746014581334,19912874024.07245,0.0,0.4650195831738715,0.8197054543712238,0.37578846640904245,0.31153420025086137,12514603.460982846,0.07060848574303001,0.3297471522847686,0.0676487288420893,0.8197054543712238,0.42208782486024504,1.0,0.8197054543712238
4,2,0,2,0,0.1397495621007935,0.08194055810474452,5.73062124141675,0.07587113223753915,8.646955144371326,13.329372912556464,0.3770878129162412,116.19386424770516,9648854831.23926,0.0006465840341318565,0.4089062601347624,0.8219246275331665,0.43113243195498413,0.3563148451311125,10631286.655032072,0.0929375869417095,0.24430780547346864,0.08789691146453926,0.8219246275331665,0.3518680690874796,1.0,0.8219246275331665
5,0,1,1,1,0.18874555468503035,0.008864654205571858,3.2392081030549402,0.003086867370274803,0.10089010010378735,1.2019655355103245,0.4789208219595131,77.03286959312278,17902208447.00941,0.0,0.4669461846315209,0.8235513441553145,0.3684415545740261,0.26409520388705154,72561.5902759337,0.06787458956846253,0.46471968396929697,0.06391028809369331,0.8235513441553145,1.1310388559131945,1.0,0.8235513441553145
5,0,0,0,2,0.14745429156896306,0.005113317811000426,0.4033926028887377,0.07397142689225215,5.866304586842066,10.488290500062838,0.045554095971331456,62.004902471940134,19957352313.94642,0.0008483023421040905,0.39111771104550774,0.8325437730675722,0.45400092343557885,0.37081369772818573,16484863.960496347,0.10305841924017917,0.26381865050014697,0.09713441067427532,0.8325437730675722,0.6760231534357037,1.0,0.8325437730675722
4,2,0,3,0,3.9310148613014544,0.04809637815245889,6.607195349666905,0.09744444883081244,1.6697218669904612,5.863568248632018,0.816387386733079,105.25585846629008,15858095731.08463,0.0010729251993059083,0.4467826889204095,0.8336554257503083,0.4004770784076056,0.32903738420991835,13527812.011277737,0.08019094516494575,0.2881952867261023,0.07647947306901716,0.8336554257503083,0.5422159145770946,1.0,0.8336554257503083
4,2,0,2,0,0.6356953757154051,0.08232719042848421,6.843780975691474,0.09002947367397453,8.64665319995655,16.797666118770415,0.38751687244448924,127.51531365636995,13380593577.94144,0.0005632004170265556,0.46556080687195056,0.8354928853903276,0.38261392217852763,0.3227736302380177,11096606.9331571,0.0731967067224182,0.3432165651949497,0.0701502742141136,1.0,0.3756220102471162,4.397696293835205,0.8354928853903276
2,1,0,2,1,2.791631563128733,0.035406273478228716,4.266032239142264,0.08401066581260722,2.7250553672650835,1.6625114896343391,0.23841848510709682,83.21519317479994,16141951422.33223,0.0008292216237935687,0.4030314588823994,0.8369602072225752,0.4442429957485965,0.3698111078753757,16348201.388444636,0.09867591963584377,0.26532536079620006,0.09316368095267567,0.8369602072225752,0.5054055201249521,1.0,0.8369602072225752
5,2,0,3,2,0.5279370540749263,0.05663663397686716,2.9410742717605687,0.07683982223494314,4.437031889359723,11.89150468904802,0.04776916032673314,94.98845230054783,16139653307.175535,0.0009468652815395472,0.44336853649280983,0.8375719179398505,0.40567056439804666,0.32648990939491557,15003139.7519847,0.08228430340951486,0.2851652425448248,0.07827684875695767,0.8375719179398505,0.410713867444668,1.0,0.8375719179398505
1,2,0,1,0,4.868217216170595,0.0742508658169535,6.530829654659307,0.0010648368153691815,8.873399438718764,1.3089323046296748,0.4412580247189676,96.24761721155734,18303013766.445145,0.0,0.44194184241634027,0.8439074644801005,0.40981725416289044,0.33742023576511687,15146931.448831372,0.08397509090480558,0.2931494045826377,0.07991607861438364,1.0,0.3463073829345957,1.5694340860197091,0.8439074644801005
2,0,1,0,0,0.35029057474111863,0.09707196907190337,8.988668683485004,0.028189944267205242,9.056218447027012,5.457439984423684,0.5203009935580186,91.82366747539697,10366032491.413183,0.0013883414651479284,0.4520617286259915,0.8604128157943124,0.4066267416150636,0.3507221057021869,13920524.862517096,0.08267265349824185,0.3453339178359093,0.07909702817228605,0.11051951586296324,0.5188710998733949,0.1284494068825954,0.8604128157943124
4,0,1,1,0,4.610041597327474,0.027164132044046704,0.43937647553472725,0.027318301424199273,7.812260578755683,11.95475551546259,0.6515106967224362,70.58550571311224,17186781419.822308,0.0013967146600117775,0.43187595450205113,0.8604933768643523,0.41709720519100985,0.3534787408620983,10116913.862077039,0.08698503928907568,0.47971643689982524,0.082386587963875,0.8604933768643523,0.41207546509263515,1.0,0.8604933768643523
2,0,1,0,0,0.34889081806160704,0.09711648384459012,8.982140647343213,0.028098027656144494,9.053600389876285,5.457517400132429,0.5201801304079718,91.76675675813527,10363874112.6032,0.001387883214252366,0.45234927311348705,0.8629279808675591,0.40766401064252433,0.3516554535262079,13967183.99479663,0.0830949727865741,0.345701595742126,0.0794862198854246,0.036733375123851844,0.5188128989806772,0.042568297631189723,0.8629279808675591
0,1,1,2,2,1.2836904130232714,0.05191451808502939,6.225688651697997,0.006311178952056938,6.80568425411308,10.843130974780053,0.5157155856171122,104.39673051584344,13316527029.874334,0.0,0.46212149517724765,0.8660328746297828,0.4033526753814162,0.3292156551034225,14602036.729599861,0.08134669036867308,0.30278982941125,0.07754489158488298,0.8660328746297828,0.45119338672287285,1.0,0.8660328746297828
2,1,0,2,0,3.75389328934391,0.06172948738689838,4.81165877358957,0.05551352800643495,0.5031362245547822,1.2679936420652922,0.011306799221864262,72.66989498181341,18798562729.519234,0.0011195097004587273,0.44030853954811255,0.8708507159584422,0.4244381109474016,0.34787599973145494,14895301.752164107,0.09007385501229938,0.3129977057170491,0.08565843473025518,0.8708507159584422,0.5191988673417827,1.0,0.8708507159584422
5,1,1,1,1,3.358152139806237,0.09103180039657896,8.785800055326867,0.0889532812039281,7.838711033701656,15.894069244230183,0.06623403186516298,114.69088857405403,17909478736.22197,0.0005541214444462802,0.4673746169477303,0.8718183665761685,0.39907859092027514,0.33216661443424095,13223167.578413079,0.07963186086545615,0.3515740235162953,0.07598945019298364,0.8718183665761685,0.4039974721669404,1.0,0.8718183665761685
4,0,1,1,1,0.29115871718118125,0.05861536126378729,8.566438251384472,0.039529596634803585,3.5676163170536985,1.2102170371223027,0.49283783097636397,99.39923533987468,10605335113.182257,0.0007809144169819976,0.4444673675724202,0.8776872365657925,0.42172165980895376,0.3619734305701563,11839741.020033918,0.08892457917600946,0.3573934672529975,0.08463398943993025,1.0,0.4679593718975954,41.31341622951883,0.8776872365657925
1,0,0,1,0,4.814579725361039,0.07720904218136328,6.325336884089394,0.004527270943523317,9.627706493426032,1.0660671618319775,0.44698829207109,92.8043471259967,18217124369.572678,0.0,0.46561654162390453,0.8830717097270527,0.40876429233156314,0.33636654250590725,14837021.646124765,0.0835441233426618,0.30812186073265546,0.0795596319254332,0.8830717097270527,0.4459851344267443,1.0,0.8830717097270527
4,2,0,2,0,0.7163585126195188,0.03799134990330626,1.0957454667084363,0.05802359937500988,6.541010888892196,4.4171544248224786,0.808886353502121,127.34177298287153,12919497306.606266,0.0010535429412956284,0.4539405783174967,0.8873484741492069,0.41278321733400064,0.34960583696828784,10929412.976034382,0.0851949922563044,0.45296905589976233,0.08099771668633685,1.0,0.3835210010848444,1.1607488374405608,0.8873484741492069
3,1,0,2,0,0.6486857705239184,0.058733867044745744,0.42682973965471904,0.0018411255286575768,1.8460036169661362,2.4185362514580304,0.1403203764988975,107.31583055863001,9959264749.76881,0.000692601288232342,0.4637092816287095,0.8909835516243715,0.40686625674997146,0.3446506606993191,11155652.564397497,0.08277007544086684,0.4396582247357508,0.0789170267521016,0.3413699411859562,0.3629329387135744,0.383138320077399,0.8909835516243715
1,2,0,1,0,3.0766106443358976,0.08150643482104834,4.759532226031987,0.01646473269089299,8.488980933117253,1.3183110941420717,0.4929130772606894,120.56597161542089,17194495176.42936,0.0,0.4720930702498376,0.891564936225498,0.40604740732287264,0.33563495062535537,14041188.63234304,0.08243724849681343,0.3347956893899575,0.07859774311818926,1.0,0.4270806878028673,1.330811103253256,0.891564936225498
5,0,1,2,1,0.18969361295666323,0.03929925449020466,6.065185649002814,0.08405588564693797,6.714104845556138,5.845756549826138,0.49878509861669007,60.43934871140313,10963404807.36945,0.001010668594827762,0.4786088719654581,0.9006715384135292,0.40137573365782353,0.34608322678005016,6761433.44129764,0.08055123978467804,0.40052991498307267,0.0763403086837581,0.9006715384135292,0.48234085925024667,1.0,0.9006715384135292
5,2,0,3,2,0.4766881244892882,0.053172381287815075,3.045086903232407,0.07697451732005321,4.412332897005698,11.850637909235713,0.05793564906426778,95.42260152116904,16122338586.568178,0.0009435847834871322,0.45119417705818166,0.9027145190853223,0.43214640757234113,0.34763232130252014,16047565.995473605,0.09337525878883998,0.29765766924691606,0.08823265842449729,0.9027145190853223,0.4178155211414822,1.0,0.9027145190853223
1,0,0,1,0,4.8503024958445575,0.07720904218136328,6.218764258045728,0.004527270943523317,9.913335054121953,1.0660671618319775,0.4493290728554139,92.8043471259967,16311212897.043747,0.0,0.467783628105478,0.9039391509835587,0.4172323552850928,0.3429810980954781,15126232.397515211,0.08704141914837295,0.31246809567440803,0.08274071471511642,1.0,0.4418232388664475,1.8961653039492312,0.9039391509835587
4,0,0,2,0,0.3115378634261791,0.05986718438219737,2.3622959368051792,0.016562553629696795,7.055858033309909,3.417830187496057,0.6235348864180322,88.51417200444263,11321127571.029577,0.0,0.4582055956639825,0.908109959761543,0.4280612871894863,0.3575295809239601,14495930.897916358,0.09161823279515992,0.30732325854114706,0.08686897360426293,0.908109959761543,0.4191899944188953,1.0,0.908109959761543
3,1,0,2,0,1.1336598997480034,0.08841153455030719,2.582039246948259,0.005326476963910215,0.7646273341868937,1.7946742368347606,0.38555586739804887,115.86754421205224,9256644793.262266,0.0,0.4551063836768372,0.9107489746475872,0.43293924767304587,0.35478717199624227,16015244.520540312,0.09371819608785147,0.29458148587706057,0.08866885000211472,0.9107489746475872,0.456694225643887,1.0,0.9107489746475872
0,1,1,2,0,1.2034579717981257,0.018955701877085143,0.1491012041228933,0.0964735206382959,5.403153676753491,13.69285013734514,0.460693568173347,79.98686768699702,14156627868.728409,0.0008800349257298574,0.4568043692175676,0.9154441902584965,0.4235503012092233,0.359651159328623,11107401.343225967,0.08969742882721189,0.47366217991858073,0.08507100081321073,0.9154441902584965,0.3983377294214878,1.0,0.9154441902584965
4,2,1,1,0,1.4510373357370596,0.03953943087558794,0.7884141817013965,0.027353468895966116,3.9739813043310006,3.420140434421498,0.7145592578040079,96.0202741422031,18126077371.016117,0.001098075512929244,0.4512837442710731,0.9156041584740258,0.42852327556683467,0.3666858916263622,11243997.481082596,0.09181609885126467,0.47629575589495754,0.08708600411620625,0.8704122332728629,0.39040404626716235,0.9506425077006191,0.9156041584740258
4,0,1,0,1,4.5528994727898,0.09570045479775985,6.56534106201765,0.0030118149847637213,8.188258885607338,2.189961613060269,0.03572460622291447,89.81906004291423,16601918240.852892,0.0,0.45728430302262923,0.9243824487046047,0.4361732689349909,0.3740868456107545,15115104.310874738,0.09512356026671796,0.32628092425217126,0.09053279302908379,0.9243824487046047,0.4863102671053609,1.0,0.9243824487046047
5,2,1,1,1,3.6101430354806676,0.07527374307642849,0.7966023832037713,0.007857208807292775,8.577441636905839,14.357929338218904,0.793376083973959,95.88288653347362,14279287951.10155,0.0014326789753123469,0.41310177464274145,0.9275522124133985,0.4781879924362032,0.43594673112809906,15217048.012238067,0.11433187805508317,0.3820471892856122,0.10871077942588196,1.0,0.43378648457152175,2.520738699307377,0.9275522124133985
1,0,0,1,0,4.886250946433592,0.0737804473746999,6.197107061807358,0.004297743244634422,9.698577493521773,1.2842684474239945,0.42178029575826137,97.49849240533591,18167096233.114834,0.0,0.47034217401522993,0.9286164707572669,0.427018739448769,0.35063460180338824,15368258.15589814,0.09117250192020783,0.3200382606201393,0.08651174198699303,0.9286164707572669,0.44055882707076977,1.0,0.9286164707572669
5,1,1,1,1,4.555698903473143,0.03633841285078915,0.787747905303782,0.09159294851189131,8.216920817119945,11.549533703787397,0.09766123302560505,120.24447118341274,15117015437.07404,0.0008031024182691404,0.4327568565241577,0.930067766948651,0.45909054243830755,0.4061733279395479,14650495.702324491,0.10538206307814972,0.3861421036698409,0.10037597504877813,1.0,0.3781580629871594,1.9530019096987288,0.930067766948651
4,0,1,1,2,0.23684066640950568,0.09175528786163596,6.757836983556004,0.039134577815056706,4.512243952580891,14.310372194919347,0.45212138706711275,92.84721755950854,13492217912.1193,0.0007805074116629975,0.4574072694395359,0.9526375616717917,0.4479132805845864,0.38432037920082596,12700577.35118471,0.10031315346202321,0.37300979771880804,0.09496160816023985,0.9526375616717917,0.4690253517066113,1.0,0.9526375616717917
4,2,0,2,0,4.935719978286643,0.09271646846541473,7.6144849320293755,0.0023967334984363923,6.491640977657355,6.889379628838969,0.7131509207881412,109.35117330796022,12202876404.483006,0.0,0.5018296428470272,0.9538368664292574,0.408753485270211,0.3492763153067009,13205726.328662373,0.0835397058602723,0.3902970217185744,0.07985544338702455,0.505576797115281,0.43748436375814953,0.530045351473923,0.9538368664292574
0,1,1,2,0,0.14463145171406247,0.018584620153576693,0.5430087963711249,0.06131753841776885,3.744404642703185,16.664571058739906,0.4243022572621237,76.4122871115337,12633875333.218761,0.0009447529324722859,0.4670686945160105,0.9623183386180714,0.43686971265913827,0.37155738787860476,11555296.674835786,0.09542757291943903,0.49574298851941745,0.090287436981692,0.9623183386180714,0.40593182833529723,1.0,0.9623183386180714
3,0,0,1,0,0.20253752142473916,0.08049570254297386,3.770524131216545,0.08924874978953291,9.79571416061324,14.491515367550297,0.01136431564881879,85.37427909111264,16638733337.852095,0.0008504951167837228,0.4761498106597968,0.9659294357298533,0.43741972483426833,0.38745575780116104,10369352.087995369,0.0956680078370435,0.37467076944293065,0.09125119116005842,0.9659294357298533,0.379105369194515,1.0,0.9659294357298533
3,0,0,1,0,3.692495146475408,0.046653562214451966,5.6229042347855716,0.09065322898724364,5.7663358927797,16.024800984751106,0.01161454110367898,96.51889909286177,14308928680.076662,0.0009474215152670426,0.45913131493002435,0.9791162236549203,0.45972370476450003,0.39576340833833523,9873473.8909279,0.10567294236119859,0.3755839339859792,0.09956559001213303,1.0,0.49398955924630195,17.263209616757866,0.9791162236549203
1,1,1,3,1,0.10471019583873223,0.044378322627695935,5.622092890956694,0.0024388375078527036,5.81463870372482,3.9462690039630535,0.09934965258075037,108.41049012004383,10762915210.34827,0.0,0.4238950943207411,0.9842740672476102,0.504044360245603,0.40669496885787726,18561669.0457203,0.1270303585476996,0.27412920182811695,0.1179796617171438,0.9842740672476102,0.5068659751691903,1.0,0.9842740672476102
4,2,0,2,0,2.198926778432094,0.06968211991297024,3.217329626688636,0.07887166258170121,9.201117718062811,16.106119216356188,0.4103463532913057,113.08181046894497,10218769140.051834,0.0007989926668239604,0.5112898930581494,0.9926217452320184,0.41884761291289196,0.35997165817585,11219839.929445088,0.08771666142141389,0.39965941481679335,0.08376935276268054,1.0,0.35727248012015905,3.9928651584541486,0.9926217452320184
4,2,0,2,0,1.129831983620179,0.08842231446175346,5.633846505512696,0.06662800013507435,8.18490517322477,18.56717912238895,0.6678739705750668,126.89615682139254,9816056283.253868,0.0005952746874268483,0.49857654829661513,1.0025311802685912,0.4347847970525062,0.37249035835363176,9636830.548991295,0.09451890987399451,0.38985683222772516,0.089769281567739,1.0,0.37590046149211515,7.642486546698419,1.0025311802685912
5,0,1,0,1,0.18979484939588911,0.041375331006231204,3.1030008069787915,0.03829033729561906,3.574663669208763,8.042739815986382,0.5668468715726679,87.02376574734245,19866642295.130608,0.0006416628879876939,0.47424574625018634,1.006637289477753,0.45815044849153447,0.37770715109147684,11666161.244751222,0.10495091672649708,0.3971107208198843,0.09839786285003321,1.0,0.42144210535403615,1.0,1.006637289477753
1,0,1,3,2,4.289369188644178,0.05709306718721907,0.5492435986973863,0.005651298965456768,8.37788647223242,1.4023705554732047,0.11285043687124993,81.00977973252378,17503608517.61181,0.0014231740646631482,0.3744756582204416,1.0091347728374154,0.5740766135921949,0.49844490380823336,18780892.105993032,0.16478197913674109,0.33565008918669703,0.15190303298960392,1.0,0.7483286671915196,1.0,1.0091347728374154
2,0,1,0,0,0.25696008360549155,0.08372636254380861,6.750287811038565,0.031931967483829524,6.71204080907031,4.786196577866009,0.4141186978287892,92.01552591391248,9055492545.477278,0.0011327071105263161,0.46219175595447215,1.0093566721914826,0.4741941997802032,0.39972361736521017,17111917.427945785,0.11243006955259364,0.34105537584184886,0.10567934965942777,1.0,0.4656701801239354,1.0,1.0093566721914826
0,1,1,0,0,0.13771203646549587,0.05573992913346736,4.143917573647793,0.0866968497225439,6.723573001312864,6.75247241151052,0.022574255497828988,86.19057089815428,19999305466.043343,0.0007198386839176061,0.5255168514746034,1.0109885522670172,0.40517217708940356,0.28576706723026557,1147717.3142101262,0.0820822465436835,0.5856994402516003,0.07658960136012909,1.0,0.4198764757656208,1.0,1.0109885522670172
4,2,0,2,0,0.6536476943030733,0.0978040607479532,4.805392829756455,0.0014288618035637791,2.0774900346539416,7.716134050027713,0.7665130881624898,115.65712715947751,10754291447.435884,0.0,0.5487158022998531,1.0155526180978454,0.3914731875242063,0.27721179750785446,268259.9507880759,0.0766256282751812,0.5470221192120631,0.0721108507229277,1.0,0.32059482276336987,1.0,1.0155526180978454
4,0,1,1,0,4.610041597327474,0.027164132044046704,0.43937647553472725,0.02999862929819503,7.812260578755683,16.825862465138986,0.4576738065225637,70.58550571311224,17080864931.536947,0.0013967146600117775,0.4621556782565873,1.0199966137572993,0.46630227469291413,0.3974778290648783,11238783.848314278,0.10871890569189296,0.5741766503267928,0.10184215236093608,1.0,0.4735794854073615,1.0,1.0199966137572993
0,1,1,0,0,0.15958066367665233,0.05657784313152268,3.993024946731996,0.08810288852267664,6.688699172512569,6.56680863740534,0.027703501800555665,86.98367616446895,19923436175.042652,0.0007002294685634268,0.5294179186210788,1.0216306261003545,0.4066138597830318,0.28659458093302964,1138942.2992806328,0.08266741548382751,0.5911570107268471,0.07709074206205328,1.0,0.4207447714060563,1.0,1.0216306261003545
5,1,1,1,1,3.5423269681088136,0.0929598540572271,4.869747001420428,0.06822913821419771,3.6424305850218825,10.849126321243556,0.06520456304954468,115.73919757956533,13474028778.300858,0.0006487455195643735,0.4867851760276971,1.027203352799606,0.458188414597745,0.3854874916546464,15865484.147420034,0.10496831163579755,0.3718493867218715,0.09910580629592362,1.0,0.418817786520145,1.0,1.027203352799606
4,2,0,2,0,2.11858109544465,0.0978040607479532,4.986230874886017,0.0014288618035637791,2.0774900346539416,7.716134050027713,0.7665130881624898,115.65712715947751,10585126757.786913,0.0,0.5590921814517323,1.0298658684027628,0.3899394772801176,0.268410179505048,334973.25209711277,0.07602639797074566,0.5486707778497535,0.0714612087871121,0.9264769902076416,0.34085357236232133,0.8996093749999999,1.0298658684027628
5,2,0,3,0,0.2249705256313152,0.04343556774124284,0.6412595125587022,0.020763439848490477,4.6510487162883045,1.4381397970059897,0.47986961324617905,96.36431364830412,16177739497.36472,0.0011482255699395412,0.44386044985228346,1.0334535177569304,0.4912859564842433,0.4331019584058827,12075434.303014554,0.12068094551931889,0.5846882771679314,0.11307348616669269,1.0,0.45428434950550384,1.0,1.0334535177569304
5,1,1,1,1,0.40078498511344784,0.06463457790515445,7.688580340652421,0.09970063407719648,8.429523003097342,9.29645761790014,0.09678005080121024,99.58389280644977,12914007055.891068,0.0013459727323102094,0.49242514463235043,1.0337052099390052,0.45495811130812674,0.39129481029260227,15633734.218618512,0.10349344152252893,0.39414645720447694,0.09806505147719125,1.0,0.44100280715661516,1.0,1.0337052099390052
0,0,0,1,0,3.652543809715556,0.0533391218147329,1.5329622935268943,0.08912359571792904,9.812745164092004,12.573996285305201,0.10511199843739044,88.2210557397723,17749008515.11055,0.0011497185659627709,0.4541424602545058,1.0367958234799382,0.48037634103876586,0.4086168768562249,10823446.840033704,0.11538071451489636,0.6190364423468339,0.10737802370796819,1.0,0.5210989656307431,1.9996973739601385,1.0367958234799382
3,0,0,1,0,0.20443907013681925,0.06151468378292093,0.6166556619369886,0.06408191290218668,0.7672434080265964,1.6578556183317765,0.2265841560992297,94.23636580459842,17614863347.29869,0.0005115751704274251,0.45913068874209917,1.039042118546212,0.4929054849193672,0.43043350622877835,16557722.184515037,0.12147790853179827,0.33158364587984046,0.11457672511711497,1.0,0.24309211856885946,1.0,1.039042118546212
4,0,1,1,0,0.18140201093394523,0.07217957525603388,9.685542990876607,0.07632268404933003,2.28508129697437,10.26604795577091,0.5628785762884593,78.69631585885831,17320572988.251713,0.0009917667640662801,0.5209679584165803,1.040396693093114,0.4305081841200528,0.3645370516820084,7648334.215545357,0.09266864829717265,0.44494146899332354,0.08734578809094748,1.0,0.49123363543611703,1.0,1.040396693093114
4,2,0,2,0,2.198926778432094,0.06968211991297024,5.002121160831685,0.07887166258170121,8.677218132070287,16.106119216356188,0.4103463532913057,113.08181046894497,10218769140.051834,0.0007989926668239604,0.5127138154248255,1.046872507454234,0.4427855415965977,0.38112174290479944,12176065.004557457,0.09802951792349618,0.40481826375317065,0.0931424070051542,1.0,0.38309108629718963,2.238167510967991,1.046872507454234
5,0,1,1,0,0.11965109453661761,0.09757734187292742,6.557665588392631,0.041645967353404124,2.3942444854610274,13.280688370312452,0.271724059724141,115.1474546881832,14672924073.327747,0.0006027451198044171,0.4845938145462162,1.0477105863533165,0.47040055232868955,0.40016641063882374,11984509.198404638,0.11063833981556809,0.36897172957092217,0.10457797210278626,1.0,0.40484447269070967,1.0,1.0477105863533165
1,0,0,0,0,0.13129459661650825,0.00591108930952096,6.421176677162115,0.03842615154983014,0.23962213498894436,17.74932495651287,0.7285329846235026,124.09246454918382,19144473696.79851,0.000703089942166602,0.4504372658017328,1.0483723042885174,0.5074439182747028,0.4251335355742364,18238711.14281766,0.12874966509699165,0.3173526430260708,0.12009074389237577,1.0,0.466421530966816,1.0,1.0483723042885174
0,1,1,2,0,1.2138638127460748,0.023089323563611732,8.176717863014368,0.09641696465715309,5.4184447267188105,8.191025068774897,0.6407489596275866,79.87769724976879,14129371286.56572,0.0008795306783871444,0.610593209485154,1.0518563258739047,0.3688020730634074,0.2555337553058708,155283.99219068768,0.06800748454793344,0.4530191830872542,0.0642350338147843,1.0,0.42463275724808447,1.0,1.0518563258739047
3,1,0,1,0,0.10966019032779789,0.052428906453037785,2.692269562701247,0.09006553693392917,9.655585033512558,12.556072648408398,0.12479545054219186,87.9954905922518,17175967208.811909,0.000819542452050789,0.4569593038185903,1.0535581844213375,0.5040012227582816,0.40554615020173285,13243037.817901827,0.12700861627092153,0.30613666410154194,0.11748251090997214,1.0,0.3731797406554578,30.7943460626009,1.0535581844213375
5,1,1,1,1,4.407421431756478,0.04172004705361614,1.931396969496579,0.06658540765624536,8.463875803373872,11.00769766448535,0.04144186010635761,113.4848092986739,13303180315.067848,0.000989055885766909,0.4718966264624802,1.0586384296054967,0.48859022350066367,0.40987187162690547,17535663.14106476,0.11936020325021424,0.35821447974828136,0.11181993388452001,0.06474523904797864,0.3896989777147216,0.061158972919683315,1.0586384296054967
5,2,1,1,1,3.8578599281224397,0.08879380724412723,2.2130267946201694,0.06672576553703678,6.070699098094988,13.638596275299017,0.4042652760797996,94.94003978712225,17181983634.508236,0.000532349716632078,0.5113284561568876,1.0620545395550236,0.45136370436920764,0.3895873373778098,15458645.558028739,0.10186459681094673,0.4000717313928073,0.09667151578168201,1.0,0.3570727154235077,1.0,1.0620545395550236
0,1,1,2,0,0.8754911534044,0.010794365312452005,6.627445241404732,0.09696454830071895,3.881891406655308,7.415153582303991,0.5861103866922429,79.43294161528732,14376559865.6815,0.000909028703216994,0.563545632516723,1.0675363514271023,0.40075089890760873,0.27926355459167657,785376.880501097,0.08030064148762821,0.5875703298279593,0.07483762583887744,1.0,0.40908404622067057,1.0,1.0675363514271023
5,1,1,1,1,4.4007381418083025,0.0417371566432199,1.8138376072082176,0.06664289469325015,8.885525895314432,10.980024854308489,0.05355359045866855,113.38284330868747,13320840960.977402,0.001032756231691905,0.4721604010442686,1.0687400774666185,0.4932965517308234,0.4134714820558676,17565932.333488822,0.12167074397476044,0.35964202004507717,0.11392640159441426,0.06520717653529243,0.39029658912500387,0.061013129300682686,1.0687400774666185
5,2,0,3,2,3.1561537798353503,0.05663663397686716,2.6405705177332814,0.07683982223494314,5.168884404967919,11.89150468904802,0.04776916032673314,94.98845230054783,16139653307.175535,0.0009468652815395472,0.504699906442358,1.072649279944695,0.4638262644653649,0.3788567116192807,16636679.503596624,0.10756740180394732,0.3719556344259374,0.1012831306615133,1.0,0.38056138063329387,1.0,1.072649279944695
4,0,1,3,1,4.760943396871934,0.006315469225374483,4.237174907245424,0.04819502197131663,6.448961104105839,13.30069264247831,0.7307316932567318,93.58741279298197,13331859555.573088,0.0014101781803689422,0.5222594432885989,1.0808549698782666,0.4455066309216741,0.32885842068018734,22853600.184245445,0.09923807909759037,0.4898119458619412,0.09092185563342065,1.0,0.6530335503569802,1.0,1.0808549698782666
2,1,0,1,0,0.23733941001854394,0.09592742473007457,9.35424284173186,0.0023646881214757797,8.049646462814573,7.736423278889175,0.3289529749008161,89.07970855617113,15421037974.694931,0.0,0.5560105062389725,1.083601932713726,0.42142245588421234,0.3659581685346876,12874479.690481693,0.08879844316174046,0.45003809971155784,0.08491305239131552,0.38237883628668445,0.4170333117717065,0.35287758792481233,1.083601932713726
0,1,1,2,0,0.14463145171406247,0.018308552252202303,0.5430087963711249,0.06190507670312299,3.744404642703185,2.151777086062228,0.6385902813248606,76.4122871115337,12633875333.218761,0.0009447529324722859,0.46735863347997364,1.0873111650166423,0.502103574974009,0.4253155599216195,15811128.325493736,0.12605400000084016,0.45304761455715437,0.11807203849085701,1.0,0.4430313493683164,1.0,1.0873111650166423
5,0,0,3,1,0.1373445016113855,0.020852321875653557,0.2719701920478038,0.06894940747892732,6.469776174706601,1.441634712757048,0.05801498608425909,65.72806729173648,12872307856.365253,0.0012181349507569125,0.4148105296009723,1.0893774789171478,0.5709636047507133,0.4898602746605528,20646445.881912038,0.16299971897496435,0.2961814067159081,0.1493024564496971,1.0,0.634374526517532,1.0,1.0893774789171478
2,0,1,1,2,0.20324593724725673,0.07079294187721903,4.082507107604732,0.03194072743541312,0.8311528642946322,1.2103879845871284,0.09904132708638207,126.3510375541116,17748774187.010567,0.0006143996905902489,0.47592932749453865,1.1281277465171753,0.5192601913361503,0.4294304013223475,18711615.391527925,0.1348155731532277,0.3558090992362012,0.12521154137096843,1.0,0.39199992928606814,1.0,1.1281277465171753
5,2,1,1,1,3.5682878704442027,0.014701919678385751,7.212173264929282,0.00946584086520778,8.619514198471704,14.55281279513568,0.8033261294477324,94.3245913301234,14243991971.928892,0.0,0.4670168545067521,1.1306174826316973,0.5315189605439798,0.44203101579763127,19415276.10517339,0.14125620270887643,0.3257800559097762,0.13046857052622665,1.0,0.408842336166826,3.8136400468929232,1.1306174826316973
1,0,1,3,2,3.4113522112826917,0.05709306718721907,0.5492435986973863,0.005651298965456768,8.37788647223242,1.4023705554732047,0.10877896484387818,81.00977973252378,17503608517.61181,0.0012814466378815042,0.3806074169224899,1.1345225708942044,0.6405136959266583,0.5641609128873631,21057169.305397734,0.20512889733481382,0.32853816352189613,0.18635687243603713,1.0,0.7213793712433981,5.576676585449536,1.1345225708942044
0,0,0,1,0,0.10258644335721737,0.0533391218147329,1.5142781708145479,0.08912359571792904,9.812745164092004,12.938479471078262,0.10511199843739044,88.2210557397723,17773585777.885086,0.0008602814358425308,0.4784972762418297,1.140568838181827,0.5127961973432018,0.4454916434291983,14820421.130139856,0.131479970004824,0.5305185861308864,0.12302369021610883,1.0,0.47894588866646487,1.0,1.140568838181827
0,1,1,2,0,2.5549061998803606,0.010524786403932927,6.627445241404732,0.09696454830071895,0.9803960012917262,7.415153582303991,0.5861103866922429,79.43294161528732,14376559865.6815,0.000909028703216994,0.6064620720783187,1.1475798752137183,0.40262151747359975,0.2809077326877972,489032.1561094755,0.08105204316637209,0.5899405086850233,0.0755993154995356,1.0,0.42505303984842024,9.198986150285231,1.1475798752137183
0,1,0,2,0,2.9998040698825124,0.09078096610868493,8.407625280174312,0.013960101444850584,3.4213715250910637,3.5101199404726424,0.6824543211982886,125.87427911518438,13062661637.568363,0.0,0.6213403960229793,1.1546349884557288,0.39675834043642355,0.28054514108888867,292225.48545389966,0.07870859035293248,0.5584581403767919,0.07391400571147966,1.0,0.3397701502179052,1.0,1.1546349884557288
2,0,1,2,0,0.2902697590106521,0.08437079984230592,7.037339131739129,0.0318873703597637,6.986171723495865,2.115680103726681,0.2738944205456685,82.47953971675022,9270713664.416193,0.0013845518868990355,0.47084519844429606,1.1568911894113627,0.538621859046772,0.4537628290855448,19395517.597823862,0.14505675352150035,0.36066930472206915,0.13415665820981812,1.0,0.479385534602838,1.0,1.1568911894113627
5,1,1,1,1,0.7728689177895487,0.09993037935217906,1.3548739086622288,0.0010555525385597775,0.8381051808254891,18.843263319342995,0.7749699967021938,117.29111526423058,10810883677.704273,0.0,0.5801616658551798,1.1583151944648977,0.4294073445827934,0.32509419236189474,1853958.1744598465,0.09219533379082293,0.5427172420247446,0.08504631376289855,1.0,0.2924278611141077,21.367862276867413,1.1583151944648977
3,1,0,2,1,3.9682192149945865,0.05784502875578645,0.6253495917434128,0.0093937111204976,3.4413766436395385,2.8377594127103345,0.41880348334928097,103.71165994351786,13086075602.160637,0.0011216235880304082,0.4328993353482164,1.1602886903900929,0.5874394769860308,0.4896239051156125,21498703.150849596,0.1725425695608107,0.2946523601801242,0.156648315632025,1.0,0.5295812949683094,1.0,1.1602886903900929
0,1,0,3,1,0.39285337048744345,0.06866291724862082,7.545263346247505,0.032248279725122286,2.2737198031275234,1.3220477350423803,0.02033411777566969,90.83742606392619,19534088973.210854,0.001343902971154466,0.41563627170412265,1.170939714223234,0.614838434404093,0.5323364612977307,21956558.914048932,0.1890131502102381,0.29741591049135574,0.1715289395120231,1.0,0.6160814086345991,1.0,1.170939714223234
0,1,1,2,2,1.2836904130232714,0.05415537827820152,6.225688651697997,0.006311178952056938,6.80568425411308,5.5485646407983475,0.018863354009082976,104.39673051584344,13316527029.874334,0.0,0.4900044494067197,1.1715100012954311,0.5262533760855606,0.435331896622355,18971652.989628542,0.1384713079207252,0.3531928371401981,0.12833530342709376,1.0,0.4517147704835893,1.0,1.1715100012954311
2,1,0,0,1,2.8252402719052823,0.07847824487050802,1.8060337483696793,0.099332264815968,3.8039741465195833,12.014416065990856,0.46131845575746605,75.94921167741707,19148564108.416462,0.0011208442235578883,0.5122553203448093,1.176251622786148,0.5043263824996176,0.4156458407573155,13069676.44603318,0.1271725500425753,0.3929150232421268,0.1186501399302911,1.0,0.3604020821123592,1.0,1.176251622786148
3,1,0,2,0,1.0951752682643625,0.08959347399886464,2.3120852042442883,0.004670214332639703,0.4870262019875622,1.7331495316946801,0.3873416576460189,115.37392873526058,9215996730.757923,0.0,0.4604688958703237,1.1769653085309868,0.5636462271961021,0.43852639803111393,20910889.220135067,0.1588485347162,0.29852388039091193,0.1446031813417465,1.0,0.46616358329114443,1.0,1.1769653085309868
5,1,1,1,1,2.456343766852444,0.09164026744490647,4.998057826967006,0.06776369446050239,8.831775841066069,15.831968367283656,0.06130353537639467,116.03032864957066,13343621092.813187,0.0006497888327735602,0.5213041019992588,1.2130916840456905,0.5113299824318042,0.43196563123460296,17990176.291044842,0.13072917546685456,0.4178202026059278,0.12203825307079215,1.0,0.40265090337549436,1.593066292525815,1.2130916840456905
0,1,1,2,0,0.8930485882066042,0.009889660847275255,6.621390317550945,0.09685152307788367,3.819197879884698,7.4670120827365905,0.5770890946732068,79.10935537714484,14707270720.40778,0.0009030926632013219,0.6310686240601284,1.213788476320011,0.4096212051922533,0.28165739149592983,461482.07084688696,0.08389476587157704,0.6229435653007516,0.07802877798258663,0.21962741120821858,0.41046800034530917,0.18094372742282863,1.213788476320011
5,0,0,3,0,0.3186010868670366,0.08533310938598393,6.891162703958343,0.09796491569054563,2.5717214040839984,1.2337457274973618,0.16604514259599445,115.41865018480209,12927360313.005816,0.0013774807335932195,0.48576120794395083,1.2177116323534762,0.5512852929434786,0.4676048354191413,19434954.953938045,0.15195773710788849,0.3846976791085498,0.14046473444884744,1.0,0.5577613881002776,1.0,1.2177116323534762
4,1,0,2,1,3.534389121511999,0.05923211183155983,1.1084629700682345,0.0033239815752841243,6.364502749632431,4.009961529655799,0.8262436327799592,83.44012017876375,9778290584.389801,0.0009262992718280104,0.4410167583276031,1.219041768011159,0.6084672630182163,0.49903066680503533,22260148.643097717,0.1851162050824396,0.29613435493746054,0.166920442052215,1.0,0.5060655176368872,1.0,1.219041768011159
4,2,0,2,0,0.4962755290273987,0.0843526633701566,6.6915425656027745,0.08730516163639156,8.759831079110583,13.397451312334757,0.3264663080426671,128.98020650187678,13060378315.319422,0.0005752972273245616,0.5266898718969936,1.2193017567591318,0.5086509215227079,0.43287962591975737,12189184.408242853,0.12936287998294996,0.42499281744753337,0.12081247872165896,1.0,0.370988164898709,1.0,1.2193017567591318
0,2,1,1,1,2.850262059540925,0.02433444352395852,3.3223612979946218,0.0073009931274410885,7.1252175697854145,4.2417473645994,0.6701775614544585,127.08726598952364,18086917790.24203,0.0,0.6502176558377947,1.2199473371332434,0.401731728974035,0.2834396771545574,311800.72702868603,0.08069419103223376,0.5702714381387636,0.07555496505127646,0.1650703340235979,0.36157762752894185,0.13530939328208788,1.2199473371332434
2,0,1,0,1,0.6477308001020253,0.013701535390655686,7.039856288979893,0.04377143277406263,8.803677505108551,13.879457283427302,0.7543730416122449,109.32815563602378,11487658623.823202,0.000970439018489312,0.5650838136377411,1.2219818492207062,0.4719547799640694,0.40917117496060396,10975606.843685323,0.1113706571654666,0.4869898749238819,0.10510956791064373,1.0,0.4758347156560525,1.0,1.2219818492207062
0,0,0,3,1,3.6232969421428143,0.016427920404707898,0.24666189068749833,0.06073994463108882,2.6799486410107694,3.13803360568981,0.024940139699918228,105.78119596153557,12544536432.769737,0.0014340733007356904,0.4182055575668982,1.2309727143587375,0.6443162544583714,0.5605401122552056,22919474.12674868,0.20757171787963238,0.29810916045803326,0.18693328603141862,1.0,0.6836638382105853,1.0,1.2309727143587375
2,0,1,0,0,0.20222511532527804,0.08344942640403492,6.576642062391727,0.03238703517752749,6.732308424582785,4.752367978388595,0.43787691292243736,92.4615619058687,9133311560.540655,0.0011479017451570576,0.47347959116279825,1.2345699025253962,0.574507372248011,0.4754351688620767,20792690.64663242,0.16502936038365731,0.35871783938739454,0.15085300678970084,1.0,0.465770864726918,1.0,1.2345699025253962
5,2,1,0,1,1.214198300730811,0.0563840407405452,1.6154816641036276,0.07060441786498269,8.195387452944583,6.296913117999283,0.8430260198663635,105.11664686382387,11369304555.730206,0.0012476355693035964,0.4301925719945799,1.2388173514247245,0.632529319242157,0.5383101904337076,22848106.355196238,0.20004666985047334,0.29947364066964555,0.17985196844370402,1.0,0.5433140445454825,1.1244032962143937,1.2388173514247245
5,2,1,1,1,4.654270332446093,0.0714463574473235,8.220094817809231,0.05535911723338559,0.8196090018395046,16.670495834590437,0.057359110315505106,98.99432518332887,17315811465.717087,0.000526594570724216,0.5470652361758076,1.2431038993056847,0.49986445656283013,0.43704406831181997,14920860.39511545,0.12493223746742674,0.4360144261405411,0.11786912331230746,1.0,0.42433804243741097,1.0,1.2431038993056847
4,0,0,0,2,0.11510983310333231,0.06833320918075707,2.492864274524876,0.03292010036905439,3.5103376785582006,3.4282375804330147,0.19911635082206994,129.17329802385655,17808054036.064175,0.0013005156699938117,0.49959807358212693,1.2480823658369542,0.5471498839841309,0.4774551000286601,15798393.299432026,0.14968649777192397,0.45682563754617,0.13919418116414387,1.0,0.4760170667850431,1.0,1.2480823658369542
3,1,0,2,0,1.1124828809491885,0.0881154307445973,2.289649928205128,0.004522059014196563,0.3331693519572163,1.6371383542626703,0.40450797410155254,113.69652612902345,9412324875.920637,0.0,0.4800770744852316,1.2494442102090197,0.5765552188401706,0.45017568041019224,21394749.89189292,0.1662079601859185,0.32191587713961456,0.15064853835890202,0.5261311329910002,0.4598830496578642,0.4210921373616063,1.2494442102090197
0,1,1,2,1,0.13717140444758785,0.03291670126868178,6.061000462600153,0.08340215094036339,2.691029033861909,1.5912170622703683,0.7872632362060399,88.26826044994058,18170585715.94329,0.0009501968845851881,0.6531391044256039,1.2518583473950984,0.4096777055017314,0.28555260615086925,318536.5349510931,0.08391791119258167,0.6093591075079596,0.07826613645848242,1.0,0.40982854431849347,1.0,1.2518583473950984
2,0,1,2,0,0.23395064437272958,0.08362350199735628,6.742478065457264,0.030341502417881912,6.707380016981836,4.9945856802621895,0.4183663612042085,91.94117885644904,9378541840.557196,0.0011418306236776503,0.4770944987788518,1.2521734055878289,0.5787362105289902,0.48094436504390553,20828785.443947908,0.1674678006887278,0.3658680761229629,0.1530934824880839,1.0,0.4473845732267944,1.0,1.2521734055878289
4,2,0,3,2,3.789459567466644,0.09537119378907186,0.3686240163334439,0.07680343173486882,8.82307596375631,8.589949602069208,0.047340902237201776,129.7353918004582,11081463992.06189,0.0011073133669577255,0.40901796422140385,1.2521884695471381,0.6685800167763596,0.5849156552453322,23159615.739241622,0.22349961941633864,0.3016641489590487,0.20107267145625773,1.0,0.6682599567843095,1.0,1.2521884695471381
0,0,0,0,1,0.7076982100430746,0.037592596623644024,5.594801135673234,0.06536053841335193,2.106683961328214,16.619176312282374,0.6271225848645238,121.17369480202812,14945492734.329926,0.0005687601893107502,0.6512894275686796,1.255189217504181,0.4122390449098148,0.2883858305464482,301014.14063144405,0.08497051507407814,0.6092426522392653,0.07930098380096251,1.0,0.43077169357150497,1.0,1.255189217504181
5,1,1,1,1,1.6785506457933932,0.09792068282535195,1.3548739086622288,0.0010555525385597775,0.8381051808254891,12.421735915355967,0.7749699967021938,114.71533876857262,10810883677.704273,0.0,0.5987852847638979,1.2571495891019449,0.4562919903315066,0.3459746900155669,19231550.502970327,0.10410119022034384,0.5353991351859806,0.095850137287225,1.0,0.29864614799393524,1.0,1.2571495891019449
0,1,0,2,0,4.4978800000378145,0.09214289256354279,8.382186617488896,0.014393284110792843,3.572068262705262,10.306165680567434,0.29376149760252956,120.1861992642255,15999350473.6065,0.0,0.669202922416003,1.2593627322435286,0.40281080499262073,0.28118117661639497,146776.20011642567,0.08112827230940156,0.588039225795105,0.07592762856500937,1.0,0.3377347331310012,1.4434849134549739,1.2593627322435286
2,0,1,0,1,0.46521977989239033,0.014768009931438031,4.053511236114535,0.04439237182815189,9.770392183505757,8.578645984876214,0.5106766508393527,100.29997765879764,15484885361.14566,0.0012421050266066514,0.595603592820415,1.2644404231627686,0.46259112501657756,0.40184997344637075,10879999.410009885,0.10699527447205144,0.522152268188681,0.10112478954384635,1.0,0.47559507029502335,102.92906172962053,1.2644404231627686
5,1,1,1,1,0.23883620974068256,0.09263500619909978,4.992672286149832,0.06625258106118963,8.64240291554704,11.20981244284731,0.10477433717268986,117.80073502896684,13365348467.230585,0.0006259826845875339,0.5173071109648559,1.2706622019731555,0.541588799639571,0.45301655289565607,17934837.70669738,0.14665921394751566,0.42100176463331385,0.1357975224599052,1.0,0.3782271514115757,1.0,1.2706622019731555
0,1,1,2,0,2.1725944711027783,0.08900668693478268,9.994852135937075,0.016457910094846206,3.9311827849466243,11.680195745720194,0.48347584086422424,118.00526670477153,15339231792.261578,0.0,0.6669640103592077,1.2709558087938477,0.40793861908120876,0.2835625674926843,81789.92303197317,0.08320695846894177,0.6005012431292391,0.07784724813885666,0.014147360822297814,0.30793679733052565,0.011131276732370285,1.2709558087938477
0,1,0,2,0,4.961906965730424,0.08735968884600447,8.5133191171925,0.03374190568912354,4.054417406070978,13.533288941386816,0.512664737757054,93.41436536316104,16050540096.484648,0.0005544849100891633,0.6778183956125073,1.283887508153358,0.40533667820533004,0.27778871729065674,60223.10706968982,0.08214891134926564,0.6024407132478354,0.07677268849976676,0.1299069979521225,0.3839029366223701,0.10118253906759354,1.283887508153358
0,1,1,2,1,0.13956929246141794,0.07549467507563379,9.488551061923312,0.05924913477259173,9.41571410352333,4.140560102745897,0.04897868430877947,61.41531220868737,15995992198.496342,0.0007803279080631909,0.6743261528776617,1.2845735788375268,0.4080795964321889,0.28369526323312655,208084.8399727987,0.08326447851212908,0.5998398554107821,0.07773104167501083,1.0,0.3896793428970658,1.0,1.2845735788375268
0,1,1,2,0,4.168181783040921,0.08900668693478268,9.994852135937075,0.016457910094846206,3.9311827849466243,11.931923805564336,0.48347584086422424,120.18522196055818,15339231792.261578,0.0,0.6808539048027592,1.2891192855841334,0.40539669512708115,0.2804471312394252,80382.67738485242,0.08217324020997979,0.5997775369456769,0.07682871215322494,1.0,0.30899061726991567,1.0,1.2891192855841334
4,2,0,2,0,0.6779244115748116,0.08232719042848421,6.843780975691474,0.09160166421644678,8.64665319995655,13.24611711529394,0.302346902578824,129.06011183679678,13415494781.901613,0.0005632004170265556,0.5405418906344623,1.2927112032656105,0.5273034379860555,0.44960685330199474,12007063.935199477,0.13902445785595693,0.44703759121036457,0.12929367432304728,1.0,0.37411627373902545,1.0,1.2927112032656105
4,0,1,1,0,1.4544212192426074,0.07499011213155758,1.0429770803007514,0.03644864301621113,4.296924012772741,1.0206057247717248,0.37765501084525477,79.58837779398324,16479538985.26071,0.0005429940550129045,0.5599021748277552,1.2951905427332013,0.5093649492449146,0.44458599757530487,14719797.666521313,0.1297263257596372,0.4646714855781465,0.12212625393005061,1.0,0.2748686749820837,1.0,1.2951905427332013
3,1,0,2,1,0.9985209763410196,0.09355273799573555,1.9973811450646797,0.00541065538729656,0.5654964430377903,1.3242556387814999,0.380750548463799,114.96050115670803,9236783700.338394,0.0,0.5024581542764789,1.297302608643798,0.5721851126837051,0.4747176857743962,20862050.095004193,0.16369790158843212,0.3734415686519187,0.1494924018362417,1.0,0.45808767700424574,1.0,1.297302608643798
5,1,1,1,1,0.40078498511344784,0.06675560727801519,7.688580340652421,0.09835699278535673,8.429523003097342,9.29645761790014,0.09678005080121024,99.54567616203325,19906210333.759174,0.0006666785395152551,0.526378480035829,1.2994943207830103,0.5453691020414609,0.4566751817275943,19381051.17341975,0.14871372873075472,0.4267090976202137,0.13752628774934028,1.0,0.39214616864422003,1.0,1.2994943207830103
0,1,1,2,0,2.0595667083504012,0.015050550772944045,9.761026789547024,0.09091199181090909,4.666514453014216,8.901022869524141,0.7320746895843304,93.15047554425115,15106670063.736715,0.000911280094242893,0.67351851494275,1.3129851355542153,0.41644103217304673,0.28477095294343785,298343.4010020932,0.08671156663867627,0.6473680918125263,0.08047200713650293,1.0,0.4441640387656585,1.0,1.3129851355542153
0,1,0,2,1,3.298897360513097,0.006431875882672336,1.8210300214680883,0.04495087323985685,2.2947816556270757,1.8947228950644122,0.23382096178347536,108.39829264449412,16961734949.226776,0.0012519795699695005,0.6627743779277655,1.3205918373524301,0.42590597971098426,0.2947223206582226,350708.4242017303,0.09069795177678666,0.6626296653450205,0.08409103961635052,1.0,0.5449858722774639,1.0,1.3205918373524301
2,1,0,2,1,2.791631563128733,0.035406273478228716,4.266032239142264,0.08401066581260722,2.7250553672650835,15.44275109414169,0.2648251431074887,83.21519317479994,16188201961.820606,0.0008292216237935687,0.5270973499191535,1.3310472455453786,0.5600580776073276,0.4633501514325603,14711657.317070268,0.15683252514660773,0.4078468821679522,0.143772473376776,1.0,0.3962021790911242,1.0,1.3310472455453786
3,1,0,1,0,0.14497798865327208,0.0524804597584935,2.6243985348730203,0.08862436761364284,9.674158262975634,12.297354722538778,0.13723780561292973,87.4974983926549,17200437393.915512,0.0008083220946256333,0.5326764101473923,1.3774464356791583,0.5746154951964593,0.4722264959846349,14712518.471908053,0.16509148365993606,0.419637147515045,0.15036625085249156,1.0,0.36527267011670383,4.307309327143192,1.3774464356791583
0,1,0,2,0,4.887652396120908,0.08817282413281631,8.5133191171925,0.035726056483492155,4.163917108104464,8.523660641808664,0.3338260302723628,93.41436536316104,16050540096.484648,0.0005544849100891633,0.7158051850689869,1.3982815188801727,0.4184790930889948,0.28475340655713444,78498.18923596306,0.08756237567629378,0.6524353421940474,0.08139605808671363,1.0,0.3842868915155904,1.0,1.3982815188801727
0,1,0,2,1,2.5839705254619094,0.0930496461915441,2.2018628230236614,0.035149485093567696,6.188627412288914,17.745381718116278,0.23377038611790107,85.02605489278774,10375923270.4527,0.0008068527521638586,0.7280296357537971,1.4208749977219879,0.4185633037794784,0.28675579923182487,67805.33285885566,0.08759761963539597,0.6486525201080985,0.08140875352226633,1.0,0.4356056540967232,1.0,1.4208749977219879
3,1,0,2,0,1.1619813385683961,0.0877348017097674,2.501140256684642,0.002782317022007136,0.352145017339858,1.0649250302723408,0.4009311572998917,113.83977160105876,9410214358.851637,0.0,0.4881247634795588,1.4260776821345116,0.6514140791587892,0.5329096360402329,23654002.808888823,0.21217015126314664,0.34960415100412023,0.18911473231705359,1.0,0.46148158766667735,1.0,1.4260776821345116
0,1,1,0,0,0.3690464128860138,0.03392563485080798,6.310571175641847,0.060365718935041675,5.325359312145909,2.908243030352005,0.27087725801539236,89.52776543186478,16672478139.33826,0.0006820139181136708,0.7232151534033616,1.4507391071011435,0.4300944935798587,0.29434313820167574,214985.16631749895,0.09249063670385754,0.6841091169999549,0.08562479451358,1.0,0.4225409774973202,1.0,1.4507391071011435
0,0,0,1,1,0.2941566401078767,0.07265525239164165,3.92620715107086,0.04816055467593737,4.6675535840005,1.4773810113381363,0.7182181345186017,95.32080937172518,17826663102.11155,0.0012353813774013422,0.7170657198191034,1.4516809593236966,0.43339947841235693,0.30384533128622504,341063.28046806774,0.09391755394405153,0.7047273979842688,0.08682412620604381,1.0,0.5446881078932935,1.0,1.4516809593236966
1,0,0,0,1,1.4086312688460805,0.027997191271902946,9.754558952891085,0.008639315402926112,0.30971050241152315,7.76087532904637,0.36029275355564006,71.30889564308914,13485807910.029419,0.0,0.508267489280899,1.4595003330543654,0.6402856551085723,0.5411933807532742,22756593.597250517,0.20498286006890676,0.3990851998158609,0.1846624007167916,1.0,0.5032818407871655,1.0,1.4595003330543654
1,2,0,2,0,2.223221922553072,0.08247469044203143,8.481404885255701,0.0011632829725118218,6.861908250965126,5.679849292416447,0.768583955035143,117.75821890398974,19488690583.426548,0.0,0.5052123594782519,1.4706864800035122,0.6500653616770885,0.5500940911269927,23227715.43079679,0.21129248722618196,0.3825529245951069,0.1895520925223885,1.0,0.4504347379887257,1.0,1.4706864800035122
5,0,1,3,2,0.8579499450908384,0.03563778611239692,0.32101459288310086,0.03288470506803605,4.59435235772452,4.509067720648218,0.5034426290737496,120.18240525887919,18968044755.92248,0.0013512574304023342,0.5053722318296215,1.4712890640880871,0.6427115958747515,0.5854500294585848,20961953.603876706,0.20653909773593493,0.5139287019478125,0.1891690438077225,1.0,0.3927630456767466,1.0,1.4712890640880871
0,0,1,2,1,3.24605445908838,0.017388700024800578,7.133203553823793,0.08967160784396923,7.005203985047951,2.0905272666870496,0.3976464397306268,123.6950707445032,10642081965.963587,0.0005874890157591961,0.7427162765024894,1.4882856283326935,0.42933211883301353,0.29174560952049855,141979.44787628995,0.09216303413082243,0.6967635210447707,0.08520984238826662,1.0,0.4605277224852539,1.0,1.4882856283326935
1,1,1,3,0,1.3830882776967304,0.05892090503754426,0.1479949179490822,0.016172687946290492,3.871002720136872,9.556923944481854,0.31024990805943053,97.44632391572722,11696253950.25406,0.0007280321699058161,0.5090545268380899,1.5133566630421984,0.6554862375463694,0.6017328942091262,20773313.455599688,0.21483110380634768,0.5566675160161103,0.1966252092513204,1.0,0.4121091333954839,1.0,1.5133566630421984
4,2,0,3,2,3.79517536021325,0.09537119378907186,0.3686240163334439,0.07318967440788193,2.5637878461970502,8.589949602069208,0.047340902237201776,129.7353918004582,10920854413.429352,0.0011073133669577255,0.5060152691364642,1.5134738364246736,0.6574064607305827,0.6064890102896603,20182033.637258854,0.21609162730515558,0.5890765302017673,0.19796381161774132,1.0,0.4870506469746078,1.0,1.5134738364246736
0,1,0,2,1,2.5357309428907326,0.0930496461915441,2.3045886175140136,0.035149485093567696,6.188627412288914,6.341573536938835,0.7331557712484382,86.86849199733341,10375923270.4527,0.0008068527521638586,0.7615939041144484,1.5175595610776487,0.42722351897189,0.28975007862266333,75582.06106133833,0.09125996758136243,0.6910448782226692,0.08444862174510491,1.0,0.4372746133279558,1.902548651870924,1.5175595610776487
0,0,0,2,2,3.1436024894330012,0.0317019271714387,2.848859725528901,0.05401395206086152,2.0854890092695566,6.482212932781589,0.7486754107077997,63.799976277589714,13039808090.543867,0.0005607663832035357,0.757638653816534,1.5302102415323808,0.4334878088706151,0.29602629739100755,87999.57959650722,0.09395584021972347,0.7001789566624281,0.0868742533701079,1.0,0.4238523648178325,1.0,1.5302102415323808
5,1,1,1,1,0.10716287601913745,0.0929598540572271,4.869747001420428,0.06822913821419771,8.892385827365898,11.136753927069112,0.06520456304954468,115.73919757956533,13351520211.025969,0.0006487455195643735,0.5276022445263842,1.531141922739239,0.6483997903571428,0.5346158704692351,22229422.661156066,0.2102111440675934,0.43773662878542086,0.18847429994074993,1.0,0.37393950949616583,1.0,1.531141922739239
0,2,1,2,2,4.4647184111793665,0.042106014235854895,3.6834797276847366,0.0842390154670476,4.749698656061493,2.608307734481242,0.1045277264705116,114.64800800445826,9530354779.012175,0.000718652554785931,0.7589410840990255,1.5357799015603475,0.43383879794594876,0.29529528385578474,145799.17596313654,0.09410805130159287,0.7116519673170392,0.08688854651955225,1.0,0.4222050719314543,1.0,1.5357799015603475
5,1,1,1,1,0.11148400178569509,0.09494754624768681,4.88998628324189,0.06934119941257944,8.813972283273701,10.760341181414285,0.09047291073369314,115.6480606202426,13275924845.087408,0.0006740403585441226,0.5269677107208776,1.5507736621880637,0.658027357348624,0.5427981673547438,22800778.32515884,0.21650000150960685,0.43732022819363836,0.19345544509348178,1.0,0.37567605563840184,1.0,1.5507736621880637
5,1,1,1,1,1.2925295603458853,0.041754573082256406,4.094751249184894,0.06348134339096553,8.771010804847744,17.971089544705872,0.22627789958484545,110.7478100091999,14473259684.727049,0.0010262969986337064,0.5669944988250324,1.5525745017982453,0.6117516818478065,0.5163270785361018,21597444.73124839,0.18712006012180996,0.4846923592153952,0.17023677969258125,1.0,0.39160990608575225,1.0,1.5525745017982453
0,1,1,1,0,2.229289329560397,0.08187995043917269,1.9603698700401062,0.06275997621115519,4.528959930738148,5.343671051903037,0.7909027100790582,122.08125572351693,11170256597.103678,0.0013223130271652799,0.7637219053106314,1.554480705297486,0.4361976851838573,0.3005719101959065,118639.88637467526,0.09513421027987774,0.7245170633392133,0.08790113175791872,1.0,0.4637551691358758,1.0,1.554480705297486
0,1,0,2,1,4.901683278972059,0.05840557857749924,4.897719695416102,0.04682950877513485,2.5541940522206117,3.3686322850257575,0.09275018257394271,66.70097799477098,9078653500.392235,0.0007669430249478207,0.7689512837599839,1.5660847394863586,0.4370340502233463,0.29876471969496565,113222.16025646758,0.09549938052731118,0.7173199600468184,0.08814306447479801,1.0,0.44119160708022004,1.0,1.5660847394863586
5,1,1,1,1,0.10784549641908248,0.09306599011614544,4.903358477383448,0.06834154372721112,8.884659772943793,11.122092968817993,0.06446459247160129,116.07822597133323,13356757210.01656,0.0006472544742845004,0.5289110421923144,1.5775130235497936,0.667684288552067,0.5483869769025337,22853523.120524555,0.2229011545896399,0.4391777802262353,0.19856881060094214,1.0,0.3745341230625371,1.0,1.5775130235497936
1,0,0,0,1,0.4898562557110261,0.09217821692118601,8.346277244466325,0.0012735601693897988,8.014522854320838,5.7073368057872464,0.30307988596505825,69.95527086984153,9747139674.794958,0.0,0.5214646910633359,1.581644742912432,0.6795331918723083,0.5786462549244769,23999252.8206791,0.2308826794280837,0.42072597932878875,0.20593791739878065,1.0,0.4714902074421129,1.0,1.581644742912432
0,1,1,2,2,1.2949434241316784,0.03126345310197082,2.800190282222575,0.019062165844879193,8.290604862855261,5.298691772015134,0.30294802966309986,75.72296191985555,12846120624.425755,0.0012116207794264284,0.776218344845369,1.5937556390477359,0.44026154195773637,0.3035530231089527,138618.8274520337,0.09691511266350183,0.7369322646393288,0.0893817890061205,1.0,0.4603100271267548,1.0,1.5937556390477359
1,1,1,3,1,0.9435193698162226,0.020490527028594354,0.601704297772541,0.00556148318352631,4.2021391803411845,11.19651105094221,0.6626145607701761,101.875210357167,9054201347.470428,0.0007534942096101767,0.48967338582188624,1.5944925790142261,0.7183834150961141,0.665454560629831,22644271.314252697,0.25803736554257795,0.5599046875283077,0.23298959527185426,1.0,0.439784313774438,1.0,1.5944925790142261
5,1,1,1,1,4.440948721681895,0.06679200921601133,2.702783341530941,0.09184258547081352,4.538744887631857,16.2555241529154,0.22545154889488161,123.38318770686627,13551452304.1397,0.0008580037405433952,0.5550465737530678,1.595386308619379,0.6443932496514143,0.5332341031232984,23068906.776288014,0.207621330098155,0.4603024001273367,0.18637101028791261,1.0,0.3393681392260036,1.0,1.595386308619379
0,1,0,3,1,0.9174761683056321,0.049625785522530066,5.629527431073641,0.034399294041628115,0.980976642886553,16.227267410033853,0.3576882222945351,84.15536550132029,16524866909.02435,0.001020792183118899,0.771702742924641,1.6049268552605316,0.4465116756555027,0.31706466765872426,113052.14448768595,0.09968633824834243,0.7436128178621251,0.09210006193703925,1.0,0.5342399608121707,1.0,1.6049268552605316
5,1,1,1,1,1.6870737025519986,0.0908954900852147,8.975955428211293,0.08865610493727435,7.8456403510058985,11.269970826701885,0.06530764206560617,114.62715769883951,17901542833.770897,0.0005163082912500586,0.5351431620585693,1.6052840489851863,0.6726896004729079,0.5525609336821148,24108290.950008526,0.22625564929220027,0.44006078347807653,0.20112761563103368,1.0,0.40736516640273435,6.513116315864431,1.6052840489851863
0,1,1,3,1,0.6873286711069885,0.09738041858006563,2.6491544968207594,0.05167813953665016,5.416961003582351,8.167992246703324,0.4971966394543146,84.32732175403504,13635971990.44955,0.0012205104427572555,0.7703407935778493,1.61245671015935,0.4490997462287536,0.3193950699769883,152866.1269810849,0.10084529103136544,0.757482201738447,0.09306944303755808,1.0,0.5279719393721607,1.0,1.61245671015935
1,1,1,3,1,0.9435193698162226,0.020490527028594354,0.601704297772541,0.00556148318352631,4.2021391803411845,3.0914259993707867,0.056256240072075185,101.875210357167,9054201347.470428,0.0007534942096101767,0.5000999018014967,1.6313821837877582,0.7241479585545862,0.6656921168473824,23685691.341252606,0.2621951329393874,0.5197779946280539,0.23553026658852472,1.0,0.40018111087666736,1.0,1.6313821837877582
0,1,0,3,1,1.0654648120538217,0.045807665208858504,5.629527431073641,0.034399294041628115,0.980976642886553,2.665046507317662,0.03618509634648447,84.15536550132029,16524866909.02435,0.001020792183118899,0.7669393158269963,1.6351323458538278,0.4564730007919569,0.3248253975639308,283266.793712865,0.10418380022600696,0.7993249254992599,0.0957936713122811,1.0,0.5332526368728622,8.13776362428256,1.6351323458538278
5,2,1,1,1,1.5277903528145247,0.0558379425349997,4.333286909217465,0.07884504061635061,7.813668432873394,13.498757488526124,0.24702335891705457,95.74637147654937,19967597533.683857,0.0007730966190664935,0.5637271868403008,1.6416381714866728,0.6531747418650493,0.5452138582374517,23131483.725405518,0.21331862170523688,0.4857978675718756,0.19148167937902336,1.0,0.4012388462821466,1.0,1.6416381714866728
0,0,1,2,0,0.4851812071664619,0.07242745257423308,4.4589795387139946,0.08634628520574343,7.2048760709499655,4.9809926421757424,0.521987364928926,116.01887194807031,13255572414.136463,0.0014222056602238803,0.7897403846079185,1.6422168536267696,0.44532733514655015,0.30996331645268654,154351.04753305984,0.09915821771436391,0.7691660961109115,0.09132625339299857,1.0,0.5139843443878221,1.0,1.6422168536267696
2,0,1,2,2,1.610003359483666,0.04533003545988659,8.493461591647472,0.003146210913192089,1.6156966717471186,12.711136530069695,0.31824601056487994,107.06468718600364,12605001742.272884,0.0,0.7497811116850261,1.6626068338069941,0.48365236345011137,0.43167146001827356,11639427.490626136,0.11695980433543932,0.693728266468421,0.11038605373185574,1.0,0.5174158692626503,1.0,1.6626068338069941
5,1,1,1,1,1.6504896615160165,0.08758357278857197,8.900755359898518,0.08969297178512681,8.019248776713034,11.06420179198161,0.06467292312717844,114.49086362504744,17863456758.183846,0.0005749899483248197,0.5482268244177864,1.662647250573301,0.6816380905000619,0.5576034637779038,24529419.290125735,0.2323152432102853,0.4561895993567828,0.20564798668166126,1.0,0.40391421259845306,5.13652063957732,1.662647250573301
4,2,0,3,2,2.112436426709024,0.08651620336060523,0.6873590875145948,0.09980025614208027,1.648599727967942,9.333559294706504,0.06995387279805985,120.26004584266049,9233857905.768827,0.0011692307481006945,0.5488887127421552,1.6637413059191077,0.6786825069010455,0.5887035826105408,23497283.939799074,0.2303049725867438,0.5031316237327339,0.2066566570491572,1.0,0.3560431803583858,1.0,1.6637413059191077
5,1,1,1,1,0.6973778853946895,0.09454724276157411,1.7864547130626311,0.030877608113786648,8.81232923042119,12.907592295471494,0.16136282200889673,113.7310691677548,12214964868.094511,0.0007236926710874641,0.5348132774788423,1.6705455086415422,0.699747723836748,0.6048301703958655,24529438.44709078,0.24482343850735488,0.48242268008967204,0.21773545452751106,1.0,0.3756330677001248,1.0,1.6705455086415422
5,1,1,1,1,3.0401849583971767,0.08545567463971283,4.4955377815718744,0.09676346477198075,8.978092554606334,15.0899576127073,0.2424592055205563,104.23426532801658,14813089402.697226,0.0006834822370836737,0.573642199543105,1.676741899117692,0.6563082788019363,0.5509767869267611,23196895.344981533,0.21537027841198012,0.4990916572946533,0.1932397592453862,1.0,0.3782929884167212,4.143335003704113,1.676741899117692
4,0,1,3,1,1.6848181988663613,0.02965272827718387,0.8776512142036432,0.07018901079510081,5.174256053251307,15.043636973121657,0.5596123689156272,89.15059422377175,10623850402.310108,0.0014408487511545014,0.5270915547108921,1.7026597662048075,0.721087458342386,0.6550896988315348,24529736.860301897,0.25998356128934114,0.5302848199332135,0.23208442874277482,1.0,0.4349003053325951,1.774591640347234,1.7026597662048075
2,0,1,2,2,2.1893561737844567,0.04428444539061155,0.9627616085334604,0.0016509891964543086,1.6156966717471186,12.711136530069695,0.31824601056487994,107.06468718600364,12605001742.272884,0.0,0.6604880561699629,1.7065131317744484,0.5753839374857851,0.4793322799251789,19480903.42482362,0.16553333775832293,0.6123065891453234,0.15161206164634827,1.0,0.4928482229017608,0.7380594992632449,1.7065131317744484
3,1,0,1,0,2.964346996542716,0.0524804597584935,2.6243985348730203,0.0859357121486557,9.674158262975634,16.7630539126489,0.13723780561292973,87.4974983926549,17200437393.915512,0.0008083220946256333,0.5755735118754919,1.7080411145959264,0.6680636315453898,0.5591160556637634,16505065.01316484,0.22315450789680716,0.4856059046600605,0.19901697147158232,1.0,0.3362420930858769,1.0,1.7080411145959264
5,2,1,1,1,3.8578599281224397,0.08879380724412723,2.2130267946201694,0.06304986431438979,6.070699098094988,18.89583217177432,0.03362092405255227,95.71826562077014,17181983634.508236,0.0005627850396577574,0.5691183046630462,1.7115810889111742,0.6767837874548975,0.5678325962618501,24078846.88051842,0.22901814748089794,0.4863632997188151,0.20400009423454607,1.0,0.3605312565303333,5.8821494421253115,1.7115810889111742
3,0,0,2,0,1.0933821728102011,0.08937916092097109,2.2836654594138457,0.005330788822000193,0.5007266434507218,1.7060474304295903,0.3869362993576077,115.4892947330524,9258526988.01569,0.0,0.6024881875402845,1.7325379404720678,0.6450072547302091,0.5630281535904025,21929287.17977414,0.20801717932730046,0.5558095475271736,0.18888917320814128,1.0,0.48239340187032004,3.320770034542547,1.7325379404720678
5,1,1,1,1,4.070355963399092,0.06679200921601133,2.702783341530941,0.0907752913994778,4.538744887631857,18.60529189167955,0.1940307434050874,123.38318770686627,13551452304.1397,0.0008580037405433952,0.5722389090678814,1.7440121353598057,0.6867151662441666,0.5643936730252644,24529421.601332575,0.2357888597748767,0.4894834934412954,0.2089636938005083,1.0,0.33912852396559456,1.0,1.7440121353598057
3,0,0,2,1,1.9430909254909512,0.05930411229617516,2.062879122723067,0.0012584358104259959,0.8899644052275582,2.8623250438813033,0.38807893299213325,115.47766813773137,9351000578.968983,0.0,0.6064502349797896,1.745495144504471,0.6501490693928177,0.5027437616091703,24529412.53679136,0.21134690621617344,0.4836538438023643,0.18601623964182198,1.0,0.34853233243367093,1.0,1.745495144504471
5,1,1,1,1,3.0768055629577202,0.0735865903837361,3.7627990443818655,0.08699107889967611,8.746889541265565,19.72367799368183,0.31269089006694084,125.83751215833504,14498534111.092524,0.0010480351506718412,0.5775299282139396,1.769261385878819,0.6904438046163491,0.5720905860018585,24529418.389656443,0.23835632366654969,0.5032718970932804,0.2113671070703795,1.0,0.37664772583468087,1.0,1.769261385878819
1,1,1,3,0,1.4723901698796864,0.05892090503754426,0.1479949179490822,0.016172687946290492,3.871002720136872,17.505564233154683,0.31024990805943053,97.44632391572722,12054582218.389494,0.0007280321699058161,0.5195430658104262,1.774433740736307,0.7608944934616269,0.7040821172158193,24529764.170570906,0.28948021509011285,0.5762739292644502,0.2581970271604544,1.0,0.42823928001893247,1.0,1.774433740736307
3,0,0,3,0,2.2361048767905762,0.06797165304112873,1.4585170748269327,0.077111757136101,5.954306670482398,19.59970411742242,0.20044494272376714,111.92209232559013,9123266131.912289,0.0005204899425484917,0.5654945810570737,1.7874691687077953,0.7102029141999415,0.6205816033078836,24529488.45098458,0.2521940896690448,0.5384915668925633,0.22439703595004815,1.0,0.3467005671931188,1.0,1.7874691687077953
5,1,1,1,1,4.2196596279496,0.07493226128999597,3.7627990443818655,0.08699107889967611,8.746889541265565,19.72367799368183,0.3316848676648486,125.83751215833504,14498534111.092524,0.0005899376674757454,0.593333142299584,1.8315359308821022,0.6966415228306934,0.5852049304600716,24529427.28603837,0.2426547056659337,0.5293017124054021,0.2152464551930027,1.0,0.36118473822602093,1.0,1.8315359308821022
2,0,1,2,2,2.086849846889703,0.045923090989279665,1.128880339619327,0.0010452341211946985,1.6052547908253822,12.634477242083575,0.3237682529939856,107.21726226841096,12689914927.139566,0.0,0.6826395593272714,2.1751509656600887,0.7229111634593784,0.6290818736999141,24529436.016460635,0.2613002751270961,0.6628201976310748,0.2321418936628668,1.0,0.30944061525441924,1.9892917633071336,2.1751509656600887
