sigma_2,t_1,t_2,infall_1,infall_2,sfe,delta_sfe,imf_upper,mgal,nb
3.2560068728004032,0.0092659492977084,7.237481788674045,0.034868548662624,1.853469430720454,9.91758908643383,0.6644348399253854,74.95277659072511,13491314133.574516,0.00142156110196
2.2840317591817745,0.0594364092896601,1.8532987723168504,0.0195177111706281,4.368766624087294,5.950757242016982,0.3488490293623263,104.21895963581174,11392412621.57582,0.000520598271257
1.652217361553936,0.0402919982275099,3.0460969970642573,0.0360406580359276,6.525268238714414,6.295223813708383,0.7390797105484139,88.13954145334657,12089396890.596312,0.0008744354025478
3.143918417398409,0.0813525808284268,5.204845276960715,0.0071628645284584,5.066215760489773,8.264283848073061,0.7995688505061611,118.09317931301148,18212406978.950317,0.0
0.7313100512962553,0.0565909925526973,4.385810775606934,0.008563957345448,8.10149722143755,3.916316964047764,0.5186902277077243,112.96495739218004,13519894493.18246,0.0
3.2391440328524825,0.0742191282487492,2.1056588592388943,0.0536323805072647,1.2914440228764588,3.594815675454453,0.6473954514444815,85.35666768449263,17710335105.84444,0.0010776443940377
3.686699821790861,0.0330306338505665,8.502001029449318,0.0475826348851848,0.9543262340524225,5.222793085989023,0.5079096881107255,121.54998168527705,16366127022.421247,0.00102907148429
4.296275993433512,0.0873188070455588,5.9115760881951385,0.0334849834573294,4.179511764112188,4.244228266481211,0.3404142164265268,109.11371679615296,10577807617.371048,0.0007247034280653
3.5580564634023792,0.0868062611315172,5.243428215592573,0.0108173820080643,1.5519764527071822,6.24465124185089,0.8360535107225388,119.88063236247088,19350921726.59584,0.0
2.47843194589771,0.0851113517048404,3.456823990103516,0.0342682493311642,3.4658368070351364,5.410727926723128,0.8360725776312788,122.81168482205516,12810168920.882214,0.0011050858523279
1.5744443355006243,0.0596350355365543,5.307868972316957,0.0124911936363868,7.220725991505847,5.421414525919955,0.7872322556513441,112.9622059513494,18346710032.68459,0.0
2.720073585103337,0.0426566949398998,9.704564686536225,0.0137325330595632,9.641937511921022,7.055351028018672,0.3803609631785701,97.2411229278164,12865857748.840025,0.0
4.945223782274016,0.0952647059774266,4.414682780077013,0.0040884441532488,2.121934986367019,8.133155276347392,0.8369432353630939,119.2610870322756,18985349710.82112,0.0
3.1164262269664422,0.0975680396139345,3.1333825436626803,0.0121271510285916,0.9254509307869776,4.998929845812145,0.7556798024896025,100.86147447545764,13701782928.5257,0.0
3.718018539918851,0.021452980216944,5.252216065556141,0.0298885707383791,2.801852475831536,5.382506155086044,0.821675935568571,82.10446789295757,16665027481.988651,0.0005732924286321
3.749028457643087,0.0440936713479431,4.500353604008936,0.0115839958850748,7.635135206086096,6.178980169736651,0.4917102688253653,108.74755836553476,12739620912.158588,0.0
1.566057380627196,0.0646118154113065,7.013887558563624,0.0021599025574193,3.99102628459972,5.533816832757273,0.563090605499805,99.24987299722336,10450574974.900171,0.0
0.4623929965300746,0.0601376602167903,1.26568022955175,0.017279754724547,7.614199900472006,2.873116844575668,0.6509244213355334,118.05476493598,13993318067.731308,0.0012010025889605
2.8381526390690746,0.0223102069775443,9.30027535697016,0.0351055375431901,9.04202547787362,7.614215615781774,0.2539819173216242,128.110361321159,13498128355.007914,0.0009694493791519
0.8000624357423047,0.0133705181067623,1.760294785098935,0.0311595924650605,6.508123536278967,3.188124909649562,0.6642741929117094,84.44526654457036,16600722930.668177,0.0009838578148075
3.5182656476156526,0.0857971265176498,2.615935189856691,0.0850301662449779,5.093706403438803,3.608361769671669,0.1670129621428722,95.78262152444437,13920998048.44491,0.0011846760203578
0.5355993381782106,0.0061390408357778,5.03729904378483,0.0020847843616098,8.347074212417484,2.95416681899557,0.5992710976949541,124.9010888112047,18010749459.30741,0.0
2.0437749984219207,0.0833473411362426,7.657941530687976,0.0080148441373054,3.71478316731219,4.346628887942599,0.6443957741157084,103.59156837934718,14234492527.714788,0.0
2.4344008688115446,0.0895838183780374,4.930408197349562,0.0609989141028249,0.4876934180979532,10.93569608095912,0.5508803946778992,104.47379581629194,11761980509.534533,0.0005068187356256
3.7220854277050255,0.0432189452857249,9.042100779440776,0.0458291117969939,1.5288110456404271,12.817146773198122,0.6376796356863356,102.18655371799694,19498628393.300148,0.001270948400352
1.0636514316488823,0.0235271881230019,2.1153500349455228,0.0033613831663402,6.352784643888152,5.174126249728201,0.6510148868394334,125.48137873349296,16501760781.708818,0.0
2.999955490269144,0.0689518252218819,1.202117912099927,0.019285816615029,4.598700108991017,10.263840244346852,0.8172480080238955,117.96402859019744,14128832194.589537,0.0009098429870374
0.5178473172818909,0.0187380775458729,5.238715916277084,0.0019927946571401,6.575755633040064,2.6428244161725143,0.8218734487167018,82.6754896148168,14760240675.36541,0.0
2.0846549418747795,0.0842096178967602,7.712568345798926,0.0083197823049236,3.843421940533288,4.4874910132443855,0.6357508398392453,103.08525520874475,14337131181.66554,0.0
3.7060800924755153,0.0601446502386703,5.797821462155396,0.0064950310288262,6.694595269965745,2.388459784410362,0.3280824947531073,88.11254604280519,14244095354.20712,0.0
0.5837589452353251,0.0905630087760559,6.125807120253472,0.0178870799575535,0.3383248880105833,1.409494137955562,0.7909033076264402,106.72921835938662,19434954159.67821,0.0
2.622191234230022,0.0839072196358308,4.470052084512708,0.015163661799785,0.6448555019556244,5.309555526233712,0.6708496683521082,86.38430190837968,10447933629.024157,0.0
2.1662250479038216,0.0842094607525997,7.6488065105933,0.0071513520198722,3.761258417207821,4.5158945444378285,0.6521790154517446,104.3686812566022,14470992652.776203,0.0
1.5744443355006243,0.0596350355365543,5.307868972316957,0.0124911936363868,7.220725991505847,5.421414525919955,0.7872322556513441,112.9622059513494,18346710032.68459,0.0
1.8236288737481412,0.0270621681525103,2.181927656346156,0.0042446203556411,5.144493344163971,2.26091192346206,0.567387060391647,117.33577324627804,18617986523.781395,0.0
3.8503739769155176,0.0439095668742203,1.4639368101801638,0.0379144592660621,6.833998589218953,2.1927278304267546,0.5207233000106583,82.1848633462719,16287597246.392937,0.0008693213383112
4.3783864122501965,0.0920607496842985,5.345073918685411,0.0017311959951759,5.129733341818295,8.505631120096695,0.2229836015379275,108.04560358612132,13613528164.320051,0.0
3.23931108351071,0.0632655154178259,8.088234163540205,0.0289099317717246,1.4273870814121137,4.5711344631907,0.566240631389702,95.31436510432847,10794621173.383526,0.0005801698852076
0.9943350576276924,0.0548080594925224,3.099850091798844,0.0075436458552367,4.920621263122375,2.483043834392545,0.7230192715523122,105.45093173058164,11465990188.069752,0.0
3.1639358109153246,0.052680230057005,2.2371938642376623,0.0017975390432612,3.823522091441428,7.678843112432912,0.4988708489651383,118.0963504119254,13113691624.514929,0.0
3.3641370182835586,0.0709303440937607,4.263620336048102,0.0106374846501305,9.289098713282208,4.890384250617514,0.137267698887875,109.37964517770966,13740758732.793867,0.0
2.7845201728551663,0.0610264286657487,4.420815171672516,0.0307879347460768,4.038312174543874,2.3760841029080058,0.4959644575708935,79.59004435109581,15461808812.88077,0.0008894977991513
3.005120065640108,0.0470181563987739,4.149944456964619,0.0269368548448569,2.1219672552474087,2.3918150563694747,0.410562996115464,99.11362589922808,14883954921.792488,0.0008918440941994
0.3014015777224074,0.0585122131166533,2.6946175648163706,0.0019872485886505,8.208933774017146,6.044427421569995,0.41875294343324,104.01201664306652,11522970509.711493,0.0
1.4436386265240864,0.0459132602280568,2.643793450254665,0.011666169498875,9.662965440536215,4.266256419469464,0.5726397342779701,126.29367244189204,19590613711.21448,0.0
4.044695465648479,0.0737808903014207,6.247359984454572,0.0266549897399592,0.481665108203111,8.825501143236249,0.8294363642814784,129.1659664416675,14640596606.71258,0.0005013117218286
2.682431254708542,0.0812287083299394,5.886707621011595,0.0366504517895802,0.6425259827948718,3.2845995350108854,0.7098076241640434,119.51954153687032,10479671631.993517,0.0005723964659321
1.0498863115356158,0.0671096733476935,5.339560075792822,0.0022082054392505,9.885874034165107,4.7376385318320855,0.8230539617150842,119.93537577420476,16845194627.08725,0.0
3.1832427807908146,0.0979690626361891,6.015741363028275,0.05189410792107,2.688175334115071,7.157140118860823,0.3738389159764929,110.4938646829658,11689734429.979765,0.0005883915113758
0.9606624298493076,0.0547037538485603,3.166829106313585,0.0058428402335352,4.951557223787811,2.8950578505194,0.7099748840647733,102.67770385886918,11555367296.440594,0.0
2.521566338385673,0.0856446296618296,4.3561937860926205,0.0016007182291496,9.2292545878853,8.009344742738264,0.5266778029124363,129.90843432646878,12852844155.392525,0.0
1.7018738883432196,0.0940158866921101,2.5581547998915064,0.0093392111202623,5.348520120353316,6.504462773214847,0.7220132024189473,125.83526427658042,13392567501.974731,0.0
1.9449482769377189,0.046212171989104,3.6910546296069047,0.026973820170424,2.256013318492063,3.766152457507212,0.1037575888533176,92.05485421379171,11082881028.920189,0.0006769873448739
4.490319509987943,0.0198731317952541,7.473403577801477,0.0436899124467437,0.3938832605287906,7.319675759066746,0.8020624138087163,118.82339920339048,10347164753.583124,0.0008146475840745
1.2697016172387483,0.0121918917689218,3.330883743882191,0.0136310720138596,8.843278611126681,1.6299987623032948,0.6439162920613771,88.86724973759709,18151209869.89399,0.0
1.015050312306933,0.0498529350659943,6.389731447999111,0.0429413578430302,4.239125677219987,2.170257608628688,0.4509066346290444,115.8301639361953,17659916578.308556,0.001385531456371
1.799283002686558,0.0317161710549902,5.974247926203376,0.024033676844268,2.2351308391844813,5.016587966311023,0.766641106267457,126.95280250939284,14675816490.32252,0.0013357605472641
1.804398837209184,0.0573781914408075,6.588957867436213,0.0319553480070274,1.14048038875312,3.4047453849368368,0.212782406149138,97.10152332235732,12273441029.76542,0.0009117342688078
0.9606624298493076,0.0547037538485603,3.166829106313585,0.0058428402335352,4.951557223787811,2.8950578505194,0.7099748840647733,102.67770385886918,11555367296.440594,0.0
1.3063937454545915,0.048368899254759,2.349047610533688,0.0025380253894327,5.537760793297149,4.854979999620521,0.4611138423074036,118.68530635009276,13821074110.47402,0.0
3.002745549075095,0.0449594572258297,3.994401954603628,0.0269636203832014,2.465820495787709,2.286978355815478,0.4392309309764462,98.161103918596,15099798112.147057,0.0008770707481932
2.1216016385557013,0.0442858640669685,4.148610563695349,0.0420471062766779,6.838191649852917,3.3102828795518477,0.742835349021,77.05242340727897,15227348189.250843,0.0009726719410294
1.243488850525328,0.0461028770213996,1.9281288018498857,0.0191440451208507,7.868373421437496,3.0774667132920546,0.7000995742769338,118.8697342962242,12139962745.02002,0.0014040106122463
2.522699487348638,0.0734697370351353,4.910750775031856,0.0563526743415376,2.298760927945461,1.326748395882999,0.4155968972824903,126.5763813410854,18380735330.60248,0.0012861057615801
1.0206011949667304,0.0275963390604116,7.631249300754666,0.0089201966383572,9.83486575463728,7.559028367178949,0.8288077437775738,115.01166997569118,13555551188.586594,0.0
1.9161594324800293,0.05998762596681,9.03923942000429,0.0141170749596724,0.2301461330709044,4.071129917443759,0.2336872998730519,82.82973401648367,9631840180.15193,0.0
2.4598094932638883,0.0238449061376476,5.796158819264385,0.0203076471409241,3.9430195793130647,7.180079788743523,0.729651841157205,83.81614187698297,16805797804.47902,0.0007477276261903
3.611066915743175,0.0605501685386945,4.7051806911892005,0.0850830814128898,2.875890418169262,5.118273584913544,0.6895356886549737,109.80579355625704,13888154942.775402,0.0006812613649847
4.185216939501973,0.0725537113852087,2.061643191406923,0.0124876368208398,2.396180733843029,7.505019375551752,0.8284711839568526,113.5808784404458,14067894440.423073,0.0
3.3641370182835586,0.0709303440937607,4.263620336048102,0.0106374846501305,9.289098713282208,4.890384250617514,0.137267698887875,109.37964517770966,13740758732.793867,0.0
3.387113287563608,0.0844312888397463,1.916910713159017,0.0081384694369947,2.620209923249535,6.378721429946324,0.7711029857410079,110.55185810769628,12278095693.164772,0.0
2.069992148463741,0.0836992526708413,7.704928730621403,0.0080025127237009,3.7702794285095695,4.338135304064677,0.6447680362163138,103.51675402948952,14209057045.014397,0.0
0.6109951269272743,0.0701765041102238,9.064081629635512,0.0506577485835792,4.646290549227374,19.947259599764177,0.1258684589781391,104.21459899664563,15037091988.210417,0.000847137115607
1.2083591335501738,0.0259334956675044,3.9135951384139007,0.0075691106158237,7.781025638064364,3.52381966226905,0.8197059387187535,119.46153265547156,17057674226.089552,0.0
1.2320120138262334,0.0249707185616266,3.77154694550504,0.0077494473468733,7.817737492440822,3.49332758453776,0.8236069614825839,118.94520431240636,16713258589.285269,0.0
1.1366360871053482,0.0834610367796953,9.77865375207991,0.0140663540874091,3.0101212755921822,6.475896117413662,0.7897825240385935,113.27464829499996,19517989943.1962,0.0
0.2051768840065549,0.0686066544518406,6.741112652028947,0.0082668395929148,6.554545899756075,4.0532140560657615,0.3578526594921771,102.31056722989732,12639162771.429031,0.0
1.3511218150946596,0.0115507403182858,3.069878699493606,0.0041994843096158,8.61693785380757,1.2056865723135215,0.6284635956948712,106.38577327058648,19734080761.81443,0.0
3.54582278302844,0.0694786201998524,6.384555547519263,0.032267697637928,0.9081486350218466,10.07656758210499,0.5654802917407147,110.27385954100522,12495012500.4663,0.0011765319524798
3.8100311550728665,0.0615035139273223,8.127336748539724,0.0316250038818241,4.9700729593475925,1.750888432081702,0.0767317833530786,116.96202068045412,11786664100.593414,0.0007971194307686
0.675482816408367,0.0124259427434769,3.664941648820208,0.0052674595039471,9.760474037236056,1.8164012958576317,0.6046899501640897,129.4184862422455,17413247529.7837,0.0
1.6821180706381191,0.0865853461146637,3.129257322305942,0.0054141568813149,7.299471397380987,5.854952566754314,0.8126841230436919,126.66090589704176,12586046069.319485,0.0
1.500821955042924,0.0090238033820104,4.1899510128511,0.0147376933192879,7.11860566035669,1.6785995259391602,0.4669403319388376,126.07750861189008,18781831010.57051,0.0
0.9798709098306512,0.0172516446898316,2.702270029035902,0.0110269556391422,5.619304939745351,7.717424679240436,0.729864219400573,116.4748036840702,17998075272.017605,0.0
1.1326121820765276,0.0463312511202159,4.364407488545686,0.0045995226740555,5.439395261412994,3.6260490062927406,0.7643054392585579,113.72066821026364,15002541004.305428,0.0
2.3695422855214967,0.0998012008073602,5.783566343352298,0.0984527344074029,4.863407064674584,5.4718326239211255,0.4485866570085263,67.03114963579979,18836157346.86389,0.0010387038328011
3.987162892724873,0.0939487273416722,2.7536763012551733,0.0410587353632147,1.1604255345219294,7.518223933444692,0.7154766637486224,116.81139238726684,11169918296.68095,0.0006542252063161
3.1275810109265776,0.0711838955908968,0.586355326690887,0.0080012423771707,0.366879566234104,10.443239376945984,0.5238738296559301,111.3352451916668,13266846762.010847,0.0
4.689414462877564,0.0844697552821783,1.4951188382115783,0.0237979012025797,2.349320350782457,4.264383891465258,0.1532302212766814,90.15504394630308,16372537570.171152,0.0005521063682396
1.1010327564957685,0.0207495017861748,2.754667782809896,0.0138783635550849,6.762850149842552,2.294733666372048,0.6201317926859368,83.76956541886094,19875103945.804005,0.0
2.4745912694340784,0.0706428962834903,4.791680895140722,0.0194895699476097,3.6813179379463232,1.6974811275348642,0.7537517193150605,100.98186636418832,13708768583.351357,0.0006051492608685
3.9334070209506895,0.0788254776516585,5.871497314545128,0.0420850358015937,0.6579743317739982,9.489908356664126,0.7700019233373092,125.34923041959748,13414297848.640854,0.0005910389337457
1.8782434938341324,0.0621000712718993,3.203025955081034,0.0064723146727273,2.26670340057708,1.3986091750033012,0.2860425438689418,81.41213409428245,13220614095.35629,0.0
4.178454992639048,0.0775691484734112,0.8835265959869801,0.085156666443256,2.4589052709823838,1.2960558059631424,0.6506921590932082,118.74336877975024,10773846363.931623,0.000670494178541
0.7291509171603168,0.0487603052597211,5.97899169151659,0.0148669233468673,4.190091569902951,2.913705527879748,0.5127288361220389,89.86755922937398,12160246508.353027,0.0
0.6714690012229403,0.0186127461104856,3.3770462486814665,0.0036946266696548,9.46888762064744,1.8109446851222717,0.5183521335981204,126.92837090112324,17111763346.586626,0.0
0.563573961421998,0.0087479750464457,3.5812347433337206,0.0030005575311755,9.736853789944234,1.082557080965477,0.611690314940497,129.86409749311167,16975353542.665607,0.0
0.2448006781398743,0.0141806495272341,1.180678039865128,0.0057971118882607,4.355650847405594,1.6626036947309089,0.6934074651687882,119.96731129845313,17222412822.95633,0.0
1.5084928532505757,0.0403851743809759,4.969276525164159,0.0524925098068017,3.750294144221329,6.647950274027422,0.1898957797101219,71.19098784339873,14858272305.006733,0.0008726860385348
0.9970985609350193,0.0255769202276337,3.96245625933424,0.0068610941176201,9.231443610990308,1.4262429019477758,0.5704277776295558,128.9684499643995,15954804184.1958,0.0
1.8901505549023108,0.0806793620160715,3.67447220953466,0.0219805639628818,4.112619719517887,4.574875040976743,0.5073157869370482,86.8902478290316,13751529698.08189,0.0007730295843487
4.905418597895814,0.0584544603396173,3.458984587852398,0.091491347671185,2.148694282519233,3.470055606395577,0.7036009594889295,67.11090870729922,12820899633.9973,0.001169360575423
0.7387628318718384,0.0573806518747732,4.45848225465144,0.0088847917154611,8.106395376534126,3.742357765076964,0.4990989714516339,111.73097163783667,13744106934.130436,0.0
0.8314906611003984,0.0210024878149809,2.551763865736833,0.0413474589817429,9.615184762722192,12.402585365448925,0.1879005979750968,71.71586359061051,9045589815.680862,0.0009681438962015
3.237540009897782,0.0737660554431384,1.024351257573791,0.0271569186998276,1.874616284867716,5.63855283886953,0.7580777604363624,105.90914978021436,15403990993.38086,0.0010296663399582
1.98979821880698,0.0177741662558977,2.5777214544093585,0.0120945887683798,6.85023696490536,1.390509586256789,0.5256648171758509,116.36533663684952,17827719695.867104,0.0
4.211840384968094,0.0808593670129832,2.060484738868799,0.0196563439543208,1.4156959753758886,8.854244138217293,0.8020793178642792,123.08623929024944,14127811416.228426,0.0012710422600731
2.88157376057971,0.059141837112283,2.7021239988029464,0.0100702573945581,2.9627026486815566,6.040137383053367,0.5879336418209289,94.86121807798072,17664722459.744392,0.0
0.4974310633978296,0.0615063759843107,4.735417954237958,0.0117342411286034,9.324284946878802,8.85387872845996,0.4583320498765886,109.58939959795498,17312709444.0969,0.0
1.4729955427689054,0.0959671738457452,8.539071704414017,0.0142061084157996,3.701405382032468,4.449187087693136,0.6858700825616123,122.03810886921892,18092599296.59662,0.0
4.54477355417687,0.0776022544180024,0.4374215899535002,0.0127072813499542,1.228375219266446,5.134041743596131,0.6678643095926755,127.46526163539838,10313838041.834389,0.0
4.478959981056403,0.0861953173922751,1.1747678094755545,0.0456484822840882,7.065732696063078,2.6921117071201266,0.6074269856692437,122.54223286833404,9882431111.15615,0.0012944031446605
3.097271644743787,0.0410584323890186,5.981020365967308,0.0630240791036728,8.498788546087054,9.076263644732736,0.3613978832052081,61.32002165871172,18340621942.45702,0.0010052186247162
3.117665415568313,0.0850538183610568,3.7444284101414542,0.0146104514218759,1.5091138550536107,7.995509959948288,0.8407749558992016,128.48229244461913,19200807940.788246,0.0
0.6950273620487841,0.0568144279432812,4.4565852555846215,0.0083243858754239,8.216768694259834,4.03024032703284,0.5210557915794074,114.45704212185964,13497148245.807407,0.0
1.1027688470657435,0.0611968863444197,8.413963789305647,0.0311089591873956,5.491105252676959,6.887188097549755,0.5317611731721062,102.85351913790302,15581510314.127958,0.0012555084751791
3.7874928672575,0.0706410280250614,5.849399885457712,0.0036277340148915,7.226711960114067,11.172395774940265,0.1647868340383911,101.4526977160548,9945565475.272623,0.0
3.037335439947664,0.0825374874788789,1.3265396845422843,0.0405452168553871,4.103924285356776,3.628628428990414,0.2837595283292266,99.33052057296504,15795815532.249706,0.000638553038531
4.986673375265965,0.0683113294093178,5.228964068522205,0.0799752426299372,0.5803529923254906,3.25961633560825,0.6708407119235865,80.85371877724515,12295658581.174192,0.001114766116719
3.3601301659437386,0.023855324944927,2.552084263384174,0.003059431873415,7.336990113697042,2.6025088810642165,0.7297403260614158,72.06564811718823,13316482602.379978,0.0
2.287270391708753,0.0373965235721803,2.743694742362681,0.03013953171553,1.932967982712986,1.1685697721977562,0.0848318888790745,88.23684693725633,14188845955.481949,0.0007051565904644
1.902923397902776,0.0327171506107824,2.904895748453444,0.0021471479813878,4.668428835255698,4.075079947588922,0.6331252546079774,113.70794529458966,19456985271.40314,0.0
1.2656169750241877,0.0267967773396396,3.6917152384629177,0.0062963436477534,7.668855490879269,3.4580929921948687,0.8211202033441922,120.09569091935244,16543343491.051046,0.0
4.030413931639298,0.0329112793650751,5.571124413716967,0.0232396880266519,3.7535704273910113,7.888172813666258,0.7171069240328665,126.79737844807858,11251840102.182129,0.0010671523080705
0.180920146270798,0.0240853882684073,2.6222128570745573,0.004124965908376,6.356975955236734,1.945100819571378,0.7134548931952541,72.81115767519088,12995681744.288813,0.0
3.434148024935877,0.0966445714761589,4.990523063674307,0.0261681037183499,1.5456621612908883,4.627319815145862,0.7420180275614287,111.1772295281307,13152550976.743502,0.0006399198683596
2.635410140533481,0.0581431642429592,1.5588037585902934,0.0193325279675314,5.586764894373236,5.245456818572306,0.6813772000702691,107.09955263545912,13008830400.44262,0.0009713626156002
2.8226650143989707,0.0611903843935456,2.7828140278039326,0.0093367450162074,3.0109739178877017,6.200359337151994,0.5769173738369552,94.98315307599182,17665683866.360497,0.0
3.6247133861023015,0.0415526659184011,7.238308723075661,0.0120947578555159,9.996694970855174,17.16792917473411,0.7132368587160136,89.54028275438543,19716987850.127754,0.0
3.663378347418293,0.0685978300521308,8.606270429486054,0.0068656491180882,6.505024393806349,5.497691023264071,0.7340285432027163,94.49190160287417,16943402491.15664,0.0
3.16586173382873,0.0530479516128066,1.9702657861653896,0.0023036372114808,3.810686766029578,7.710966941154416,0.5037849178122646,118.81013097562004,13084772603.62658,0.0
3.0572965510913104,0.056453072269666,9.512305608989712,0.06846304304258,3.6276299012061326,8.069613743732377,0.0810544735497677,76.45309607353795,14468954073.783457,0.0010638072215961
0.333367955536492,0.0415955431212178,2.502201957932061,0.020407349085384,3.339661721024899,2.4447906009253586,0.8280592810039538,94.50591185934915,13569738421.80288,0.0011164329668148
3.021058898662236,0.0740219299825315,6.519167273231198,0.0058562128541774,1.670075097909565,4.083012864322185,0.7732513254918967,99.8902223736982,15875350799.899605,0.0
0.727173102728692,0.0567334943189553,4.376398022584009,0.0086017811457863,8.110757409885592,3.9142191643922697,0.5195374208905122,112.95993842398698,13520334402.19846,0.0
1.1305580976228549,0.0726861326092876,3.917884163634182,0.0091845700172422,4.798642314024823,4.522460809603508,0.5318165712536953,75.0738889528849,9558114187.353613,0.0
1.996633541895164,0.0504772083617139,3.889048117496247,0.0145139918631719,6.986625098216834,6.172942838092287,0.6952589367572451,111.96185244610068,19651486732.911724,0.0
4.919731583623353,0.0606087572483701,3.4567275055221955,0.0041967331501904,6.405854939235061,8.23900453395332,0.7224626054669526,107.9511839010112,11340878444.838505,0.0
1.14523618178046,0.0663983237271944,0.7483724374367642,0.0234589395949893,0.143745781747216,1.3600565378160212,0.6173207040106556,121.74298017104664,12210717655.276562,0.0011896433584546
4.162612996191268,0.0860445231485164,1.416925810720216,0.0121045800585349,1.5173155227340636,6.994995510822503,0.7621510582812262,109.59791123120756,11192102479.198893,0.0
4.944011759505181,0.0293520049539375,0.3318352460204014,0.0636640139033877,3.388733880192467,4.790800471391483,0.5235968662334215,100.24777996572828,14347271880.635088,0.0005231759018981
4.386415488938191,0.025064444485037,4.960137864859508,0.0383361383842728,4.787292829126074,2.666817617370984,0.3094214396344409,96.58603067780422,19661569184.29016,0.0005059417853496
1.657689753847743,0.0114191071296824,0.3818465141212094,0.0134424384908642,0.8710535767830357,4.666437132811424,0.2021771278323078,77.6246501790492,13208032405.392166,0.0
4.34656163626104,0.0619150258738122,4.786927271864382,0.0056997233687202,8.369383200166236,7.768223438205557,0.6995873705929493,110.57595328344736,10934047905.442308,0.0
0.7273949363058204,0.0560149639313316,4.414562409403263,0.0064557180549983,7.927359483495808,4.290962224919918,0.5268382126467783,114.17988320336792,13446885157.276217,0.0
0.7346534372282632,0.0573719255093671,4.455784767277978,0.0089056671566823,8.10446694067037,3.73931489840872,0.4992398470356834,111.7347102178992,13744294556.726864,0.0
2.6029354544636094,0.09455460734659,5.343185709618581,0.0029939461978022,3.995966378067925,6.490443565578823,0.7954304229345864,129.581435972521,19398849546.99131,0.0
2.899557361533303,0.0391091923098106,5.631596638118615,0.0551620292070509,8.696736555205172,13.224680593307747,0.2839761166910045,61.70602942969319,17274667532.696957,0.0010668180070696
2.2840317591817745,0.0594364092896601,1.8532987723168504,0.0195177111706281,4.368766624087294,5.950757242016982,0.3488490293623263,104.21895963581174,11392412621.57582,0.000520598271257
1.1326121820765276,0.0463312511202159,4.364407488545686,0.0045995226740555,5.439395261412994,3.6260490062927406,0.7643054392585579,113.72066821026364,15002541004.305428,0.0
3.3736022035428284,0.0663910500441947,3.5646152301582603,0.0309416381719235,2.494099728622482,5.193696735913161,0.5917260788635279,109.29252994601116,11505602113.701511,0.0006629164777281
3.4853092205312497,0.0564797341728544,5.557512222399719,0.0423476664854219,2.1776801955142617,11.162185970691844,0.8009321103699044,123.54962524931796,12528071768.393309,0.0005686341974202
0.9606624298493076,0.0547037538485603,3.166829106313585,0.0058428402335352,4.951557223787811,2.8950578505194,0.7099748840647733,102.67770385886918,11555367296.440594,0.0
1.8901674776844344,0.0890488630104161,7.868064839156797,0.0243975713773508,5.977231086681605,9.411383838188325,0.2348040383783882,98.55356144769048,19351953478.59608,0.0006011979112568
1.1947808277483287,0.0250627586974201,3.5988342064128185,0.0070842635958457,7.724745377509406,3.6474773689664497,0.8147488983710229,119.09803481452954,16944510667.852243,0.0
4.824382480465921,0.059160996706318,6.182110924941815,0.0722950921579944,0.5530135007107725,5.021314398805872,0.6295523375644335,112.67742156584382,10516681788.314192,0.0006177641146491
3.259127998417003,0.0365363142488843,9.208560938555202,0.0018475225799857,8.186362328935557,7.361395353013815,0.3026954373887706,71.70716288047984,10780860595.513092,0.0
0.563573961421998,0.0087479750464457,3.5812347433337206,0.0030005575311755,9.736853789944234,1.082557080965477,0.611690314940497,129.86409749311167,16975353542.665607,0.0
0.8770157650220606,0.0211713573753959,2.111290569328256,0.0399604598468882,9.643916362985465,5.9916088079721685,0.5652562361399317,71.65402495883899,9055954668.37838,0.0009700638439992
4.548775366935048,0.0581451990556756,8.59274869170607,0.0844085211119209,3.419446279948521,5.898823641900085,0.6707494669831381,118.69409495824073,12974571677.749613,0.0014894042827805
1.6367288120962782,0.0522804436894848,4.598587249604509,0.0039830963713318,2.464662598250792,4.995798630707431,0.1958982018086078,109.44735445619142,15376869459.16724,0.0
2.8746012467458413,0.0718024043439811,7.154652105741432,0.0158623622215824,0.7721764787456662,16.292306625841704,0.0896224396429431,92.08897362729869,17997850167.40121,0.0
4.127118824794726,0.0659484724414127,0.2676895331902504,0.0623855842527986,1.5227726293596775,5.552906041910588,0.8044385256929387,112.1783300324079,17540253546.3895,0.0013830954953666
1.7905409339391396,0.057927793121527,6.538535399210918,0.0324528969144831,1.1597301640078592,3.7303423175285535,0.2254856799734713,96.3188356328024,12242301696.001831,0.0009075296463303
0.6487217489910626,0.0358190187881178,5.959446781253484,0.0065300286985114,9.4313120421518,2.6533374752453622,0.8207219124885143,112.55797977870456,17653485479.44674,0.0
1.5744443355006243,0.0596350355365543,5.307868972316957,0.0124911936363868,7.220725991505847,5.421414525919955,0.7872322556513441,112.9622059513494,18346710032.68459,0.0
2.0973609511569804,0.0862939256227041,0.4606343329328315,0.0243692286430215,0.9360008968700906,6.018582181030428,0.6433204906194769,125.19453114345576,10273427607.816442,0.0005133605080151
2.9329189466163625,0.0810329237387584,5.018235122038806,0.027725848544587,2.089080531806464,5.225074427229823,0.6871710165605152,114.41002795309832,11860062224.436195,0.0005719447553477
3.613741158042943,0.0594821407689414,4.719938332375482,0.0848878178883319,2.763667707122461,5.091333526944859,0.6824312265282294,109.87209180033642,13920618481.44873,0.0006834395050288
1.5682050022452392,0.0338190912169787,2.3523407583603224,0.0108405572983083,7.80155906143805,5.342104053237182,0.8494932470196451,97.05612843763302,16404750540.319427,0.0
2.036817467549303,0.0732499523271556,6.49083044795979,0.0219535707692025,5.180669833834565,5.342511766369137,0.6982788217496302,106.42587803686509,15227536931.841429,0.0006321314711717
2.948531669830209,0.0223599694865932,9.426108310376682,0.0359639504764276,8.887801719855572,7.716892724026694,0.2565134641139276,127.42813271505584,13501308742.17934,0.0009875685387246
3.9070327854604776,0.0646706937347841,1.3938998573806165,0.0063716024312963,1.985901207447432,7.998209800215964,0.8260089329905462,123.14129002847191,14141002943.482458,0.0
1.7956600643420175,0.0541577457497738,2.313739265981533,0.00658820544709,9.953857859522694,9.282236081668504,0.6999979397054947,81.49069518062024,15863196520.486507,0.0
2.049557387291377,0.0695202555953703,6.52185069377627,0.0227574809109963,4.879924914172346,5.713952446258088,0.6952803711383723,106.62513494339096,15286267482.53228,0.0006295411233267
3.98632220032562,0.0854806795652274,0.6610510931038632,0.0200196811659958,2.039378902925176,7.8550480161231855,0.7108713688934674,110.71736037405395,12510403959.204628,0.0013703654240268
2.3051327871841414,0.0590543386623525,1.885172805844261,0.0192525479633348,4.340717018731284,5.933674361018669,0.3481212345178436,103.84111483704592,11368880546.81548,0.0005222264118965
2.592508478042655,0.0570965948942006,1.2221132067858902,0.0234517997486997,5.479557650748677,5.507180822343979,0.6907154191349599,104.61774010759092,13087856995.541227,0.0009367336717946
3.718972298663594,0.0750142248789087,4.073436559144311,0.0252002032652597,4.386441067422226,7.271227573345422,0.3504619481956281,110.57267406949754,18633417975.164936,0.0007657542098546
4.262427024579623,0.0623379173583237,3.530637980298157,0.0369051779914347,6.912519526258955,5.187710661177022,0.5688779460349448,86.03930477394304,12082945050.822887,0.0011676480516018
4.96804933476963,0.0895287016799402,2.1230165883259047,0.0583998974017691,5.756190640539893,1.1881873114375583,0.6376287836302196,108.97037528345209,12059362914.964617,0.0014861684907411
0.9378345404477476,0.092743118369733,3.265014898341333,0.0852077759681128,6.305332511125788,8.293027805340026,0.5488867756560243,84.11677079972306,14508702895.314323,0.0010608153693264
4.3024749926183405,0.062406479257082,4.5356494596494645,0.0055193413417524,8.36594553746792,7.890359268089453,0.7033278635277941,110.0685696657146,10786448515.923063,0.0
3.1459362305527856,0.0812436611887405,5.199764129150458,0.0071742935570487,5.065625762709645,8.263425984420264,0.7994912277968397,118.06651895309152,18210263766.16551,0.0
0.4122819315575472,0.0052701413903162,1.76676745194186,0.0115949007879147,7.703175626762772,1.9441153317679536,0.6844380771856459,126.6734022144576,16628620364.560047,0.0
1.3511218150946596,0.0115507403182858,3.069878699493606,0.0041994843096158,8.61693785380757,1.2056865723135215,0.6284635956948712,106.38577327058648,19734080761.81443,0.0
2.868093108822174,0.0607201858767764,2.8982971076978314,0.0071923785504917,2.9440975008577315,6.075737085977959,0.5781862067278566,95.43220514751393,17646771706.974026,0.0
0.7313100512962553,0.0565909925526973,4.385810775606934,0.008563957345448,8.10149722143755,3.916316964047764,0.5186902277077243,112.96495739218004,13519894493.18246,0.0
3.002745549075095,0.0449594572258297,3.994401954603628,0.0269636203832014,2.465820495787709,2.286978355815478,0.4392309309764462,98.161103918596,15099798112.147057,0.0008770707481932
3.4216231212003856,0.0440399932043685,9.738384772270129,0.0426098401909598,9.358462376999912,15.369313428592662,0.7191478627633473,95.314465218288,18184968438.74437,0.0010624344026523
0.3952490438066046,0.0058285547134811,4.845595872814018,0.0132613952299839,0.48280983559088,7.340912348460632,0.5086446632723801,66.94500001185192,14753141110.364294,0.0
1.3966788752608856,0.0165005857898059,4.019581593202595,0.0083400585829944,7.3947574417456945,7.701336864379814,0.6010436854102443,82.34106684269855,18981015389.683598,0.0
1.219791295412659,0.0267885239699667,3.089437629129124,0.0207377139460419,8.09632784664699,3.5717507763308567,0.6585989420404273,94.43172704351868,15980361277.726015,0.0012628371027234
2.4992398082024763,0.0947497959967644,1.7269113340804565,0.0199051444817578,2.2969119005058767,2.599868007864886,0.7722633976333091,106.3546691138924,9946371431.667091,0.0007566215887099
4.690365660861902,0.0925848158159962,0.811173587337953,0.0761170456784837,2.1943320601847445,9.568701909355283,0.3606485144222907,111.80026593692072,16624539538.499563,0.0009713059208442
2.400044727940778,0.0837930203676173,5.117688971241258,0.0050569056152091,7.796126095693104,8.772139263175692,0.788014044391713,128.96940198540062,15742261806.257769,0.0
0.707813997180885,0.0803703726692735,6.030673820605524,0.0144974228965,4.834463102146283,2.880805899708726,0.4232419399147596,103.64058145180704,16321405325.086658,0.0
2.538295354867308,0.0238216870381843,3.4609264307955008,0.0209517709888737,6.380334723240146,2.271828406914594,0.5702231597154318,82.59674517282535,18505263964.11084,0.0013513888283617
3.549940814846301,0.0787992476461263,3.029264597521046,0.0695252444418254,4.618148271669696,9.44551726361539,0.7591354590218585,129.97493526080504,12319891097.14147,0.0005315682607472
2.96838163805763,0.0715952474718513,3.9715214900378752,0.010879883773543,2.724773352785577,3.308539642947058,0.1825531740928944,109.47824767906006,14172500035.575447,0.0
0.3021998077601279,0.0120759360111583,1.1346222117814837,0.0074503908971087,4.387770286512945,1.4796150213186825,0.6909990400065996,118.77887037863212,17222789266.638844,0.0
0.5696199021129484,0.0400225777013059,8.184279853233974,0.034761945264902,7.259369770490655,3.713894306825509,0.622072055717759,109.82348863505791,13907951595.088345,0.0010917365521765
1.1010327564957685,0.0207495017861748,2.754667782809896,0.0138783635550849,6.762850149842552,2.294733666372048,0.6201317926859368,83.76956541886094,19875103945.804005,0.0
2.39463115461442,0.081540001379687,6.868373370274385,0.0081834972668241,7.858061326913198,6.456196340416128,0.684252159978584,116.67394711474527,19490603068.27509,0.0
1.3512918123531794,0.0114622075266091,3.063043377871232,0.0042619676511502,8.64069439268763,1.1953073618139052,0.6287207971048775,106.45744146899908,19734385988.068974,0.0
4.905351267968316,0.0980675542491499,4.518233031851032,0.0060122127026993,2.7354533305411786,7.597235923283399,0.74541169540245,119.36060618286304,14554589357.020365,0.0
3.9785766473799513,0.0939642379501911,4.463071137059744,0.0050344535876961,2.4101940811672637,7.898182694812847,0.5562516392093825,109.80951241154034,18677981261.077152,0.0
3.5129804527627635,0.0968125442567968,6.404691930521452,0.0045909436741699,4.487804997437978,6.86681595026637,0.7617791511582418,118.5738920575648,16828987711.994663,0.0
2.0437749984219207,0.0833473411362426,7.657941530687976,0.0080148441373054,3.71478316731219,4.346628887942599,0.6443957741157084,103.59156837934718,14234492527.714788,0.0
0.1454716200847525,0.0698449574105033,6.948315547846425,0.0074014724599939,5.593841027557004,5.425970778622048,0.4387980443127019,84.23588836580866,12333779692.031233,0.0
1.855050525048462,0.059698194525704,7.901087762522498,0.0500649351543349,6.303506679543807,11.394688915686134,0.8028462829630132,94.90461598052572,12029086668.733238,0.0006040723379277
0.333367955536492,0.0415955431212178,2.502201957932061,0.020407349085384,3.339661721024899,2.4447906009253586,0.8280592810039538,94.50591185934915,13569738421.80288,0.0011164329668148
2.521566338385673,0.0856446296618296,4.3561937860926205,0.0016007182291496,9.2292545878853,8.009344742738264,0.5266778029124363,129.90843432646878,12852844155.392525,0.0
2.208149434712109,0.0509743694973745,7.278138221238251,0.0279464442778615,5.438939268666017,11.97689287268544,0.3590890212807799,108.8622088004402,18225456796.42664,0.0013027748966872
3.530196153232301,0.0391394266385481,3.355061061228342,0.041021589924791,2.051384144976857,6.6499613429050415,0.8158597933788172,111.54857018192382,11768952604.159422,0.0011671778736813
3.1353837939478035,0.0995665736147436,0.6022470894971906,0.0272542018029199,0.398624427291779,1.1848751689449086,0.6554643209979661,123.77575191209633,9299399553.22445,0.000696729401627
4.296275993433512,0.0873188070455588,5.9115760881951385,0.0334849834573294,4.179511764112188,4.244228266481211,0.3404142164265268,109.11371679615296,10577807617.371048,0.0007247034280653
1.219791295412659,0.0267885239699667,3.089437629129124,0.0207377139460419,8.09632784664699,3.5717507763308567,0.6585989420404273,94.43172704351868,15980361277.726015,0.0012628371027234
4.161640917114124,0.0781210521990648,2.4553669502458915,0.0101946164659201,7.752058774468903,5.0507372815945,0.329965834548246,111.4642367042288,16009412655.251951,0.0
1.244701435740263,0.03861689420397,9.342526920314148,0.0106902896679309,6.984562307207622,16.374690373625537,0.6806223789833438,92.48235757648946,17863334136.870934,0.0
2.0509743492006227,0.0696825437497182,6.473045155957588,0.0221912230267212,4.893920849366511,5.701500569219842,0.7015652300723724,106.63857255434309,15297858548.493538,0.0006258825209368
0.2930131695957527,0.0627724144454799,2.605510383678207,0.0031465140218333,9.194619610025274,6.293111595150698,0.5789536431588005,106.09658588666387,17364771210.85887,0.0
2.2699731060460646,0.0587978733825962,1.9397261148529303,0.0199890264722119,4.475231455908088,5.593111855681928,0.326842071214977,104.9331868619021,11374297088.306978,0.0005125878428653
2.742036968735294,0.0368338237446591,1.2686446497628845,0.0234271987229135,4.561744060696632,1.4459555894193483,0.4745613464676436,80.51764785098696,18494979966.763737,0.0005098211224957
0.4668418950403923,0.0222926786366423,2.3847176169094597,0.0330275047424822,8.229854022147011,3.58742459331546,0.8107050265292584,99.9368569500634,13779152743.935896,0.0009035314165919
2.289430508240386,0.0681356967207808,2.760640075669609,0.006417286498353,6.541739258148656,3.9174912119949257,0.6189838485106872,105.62465652170498,13803733231.76484,0.0
1.2187000402802357,0.0250492610716462,3.763808184113397,0.0076701538955752,7.822657126141332,3.48596552713873,0.8236177851051735,119.02345629390312,16713810578.181849,0.0
2.7700804781053785,0.0423930671861253,3.955509971214386,0.0108053440130077,9.457045086970322,8.15641786417175,0.1560580043859253,113.9344372743531,10538050495.70737,0.0
3.996003369774208,0.0790838582723537,3.0945769600842064,0.0140418052542935,1.2930921130756396,8.402089158768986,0.7082211766235208,115.88531778634676,14778196172.94883,0.0
2.013266552595484,0.0987951768362296,1.69959952713458,0.0215975005002377,2.9439489872066944,3.225177498379193,0.2143737699136358,92.49239982746772,10698433535.163216,0.0010794141018225
3.334951135725796,0.0489927508808137,7.183122179392811,0.011402997278639,6.6703515759623775,5.945519064866621,0.1317955254829311,68.29028883758365,11540101798.054958,0.0
2.3838972766588866,0.09878147710212,1.5446088915842875,0.0116374141514636,3.543919049276963,6.927456985989675,0.622061324538289,112.8339606387304,11350250814.184956,0.0
0.5860692185435471,0.0434133063215402,3.2456405755993933,0.0045073696057531,9.400374079344912,3.8522011982179727,0.7991179751243148,127.79391804214492,15224237798.629875,0.0
0.892264776199832,0.0076709231912332,3.919376793728413,0.013113290788919,8.763397792159484,1.765892989329268,0.4544256456791845,124.16426391305608,18939035630.48793,0.0
0.8749192288489709,0.015081611372977,5.5494885640207166,0.0128358976520334,9.06298237434452,2.260696172992254,0.6962018360948965,112.7483256270404,19136900033.17012,0.0
4.988064742641212,0.0643301040522746,3.654803349217195,0.098909605892114,2.4832853323870343,2.227357502602942,0.7940688027169643,78.63673104041956,10466805462.854095,0.0009969439950019
1.8693215701833377,0.04707308661321,7.747708236984337,0.0023797202662997,2.623386712290229,6.120676191515135,0.3944857825948953,80.57941092210905,9574890194.971617,0.0
4.830598845421892,0.0312721444815063,9.77518369913944,0.0899358901174242,5.350899808326282,13.270855766983514,0.1888045054327919,85.39554471632617,18134841453.428875,0.0005523688018242
4.679435154200931,0.0844894740056635,0.477015570817439,0.0855725738782851,8.226278075623828,13.400936398679187,0.2051959169460748,107.45186201817626,12237433841.174513,0.0011789941901563
2.0226279559017666,0.050737401756301,2.9517963504367466,0.0038721027234031,5.58292564943378,6.312579305340248,0.4071762816629118,113.8210227315058,13397476136.135372,0.0
4.848196833781281,0.0698494926374827,5.530796312877411,0.0405963809989304,0.5177024659279,7.746435416715978,0.7135419804160884,120.1153834945356,12932264540.836143,0.000535097874542
3.3569382486187034,0.0730430269807096,5.409957478424631,0.0270180446690272,3.733853184324121,3.935241830076854,0.6131085905994452,116.54755539610198,13264084293.159529,0.0007093558229421
0.1652652055215919,0.0245206896301114,2.6567968450703856,0.0040749672962489,6.344032437425997,1.8499568518342795,0.7166463266804727,72.50310971587635,12988560614.116762,0.0
3.2481977569124494,0.0726721860850508,1.2424235286642764,0.0100162760183744,3.048319345606816,8.992538541891678,0.8241771200900136,107.30355714141116,15113285665.246004,0.0
0.8757991285160387,0.0316216655162296,1.5093514106311572,0.0095841246813314,5.560946388850984,1.80971261499621,0.6985758444252752,126.32146333862484,17193707439.982292,0.0
4.344436264142935,0.0552209385143664,6.488533535850473,0.0080647250609254,2.5471968544597927,10.671432205875536,0.4151291232677819,82.88680597314708,12512710861.529415,0.0
1.269992688037069,0.0586094986131999,0.1237280904791035,0.0085094468546306,5.179053676995429,3.439271261489336,0.7413153925458303,100.04258385032746,17429404388.65441,0.0012418210050047
0.1370365073598453,0.0443496163021617,4.219327932079293,0.0017475870031358,6.935472730345632,6.0649433522827865,0.6355222831868076,114.51786089798983,18496292347.638702,0.0
0.8419939422676411,0.0238124158223507,1.8424876099831629,0.006445103890406,8.039261990757598,3.922045313202075,0.6984326621073724,125.45541018703152,13973909854.116972,0.0
2.096855588566485,0.0948330284893133,4.247117740536485,0.0085672304747649,5.0872808024149725,4.556720187052472,0.6184528297682695,109.3802718493769,18513052046.63789,0.0
2.6191173520936677,0.0605955731568523,7.208578348006819,0.0062552925592118,7.470060973855945,8.182643459537156,0.7165169957248789,117.96739965614654,19337889221.17644,0.0
1.395539431499408,0.0502257578537638,0.3333127213935065,0.036875386201398,4.658232105277516,2.117057742274085,0.4429098876624731,105.94237560965684,12416834413.03994,0.0008470625519056
1.463078990672379,0.0835253456242693,2.7795364104607563,0.0131786758110639,9.063851195114683,8.730954474887456,0.7109223132754839,83.78911723450842,15669762839.515944,0.0
3.151828267265286,0.084106474567935,3.8291817397959615,0.0112637652437529,3.727402952808065,4.577316290905777,0.5477863173583392,112.4886215716554,16401661866.288584,0.0
3.4635429731625225,0.0700663496204583,6.536123629902463,0.0653526380759132,2.3008237335303776,3.778907550302237,0.5762482489808405,88.82425469137316,15280551450.628183,0.0011342216968494
0.6359210133081401,0.0091876141480432,3.530638306335225,0.0026184629439286,9.917420180449373,1.1693195379340842,0.6384662458243858,129.6309226155244,17115453477.0131,0.0
1.5308782192080828,0.016330631105518,4.810014013823244,0.0362055303026544,8.78519735349137,5.103091953669021,0.6223898910983112,126.31724113873604,17956901433.71292,0.0013894746374884
2.013266552595484,0.0987951768362296,1.69959952713458,0.0215975005002377,2.9439489872066944,3.225177498379193,0.2143737699136358,92.49239982746772,10698433535.163216,0.0010794141018225
2.6219450039163443,0.0649382726837464,3.127469081275163,0.0198796151036552,2.819466537659629,6.507197209839207,0.4987046938692725,123.335470583525,12295661350.432793,0.0006307843775796
1.778458821032385,0.0478595948486123,4.588957883406574,0.0304964618922962,0.3937890954181767,3.7612638733585486,0.7284543093903413,82.06089765989306,15548818621.17302,0.0010731918623516
3.5129804527627635,0.0968125442567968,6.404691930521452,0.0045909436741699,4.487804997437978,6.86681595026637,0.7617791511582418,118.5738920575648,16828987711.994663,0.0
1.8793947903760877,0.051202514583594,2.437423969706862,0.0289307578134523,1.2443733675451658,1.3947548584995382,0.8197390678825274,119.73988497115052,16155335489.722242,0.0014000051984648
2.96838163805763,0.0715952474718513,3.9715214900378752,0.010879883773543,2.724773352785577,3.308539642947058,0.1825531740928944,109.47824767906006,14172500035.575447,0.0
2.39463115461442,0.081540001379687,6.868373370274385,0.0081834972668241,7.858061326913198,6.456196340416128,0.684252159978584,116.67394711474527,19490603068.27509,0.0
4.332973567392809,0.0954949460830779,1.8147241456946543,0.0360162162758044,2.058269752105765,8.04814165747083,0.7198057069231204,91.3772545334213,10612577374.893364,0.0005112396795669
2.4021946972927504,0.0829490592552958,6.615875777718651,0.0048681595671732,7.782785252071492,6.126774111072775,0.6856474867879117,116.32199179520894,19534597485.86793,0.0
3.088411845641476,0.0421102004045874,5.922094156080257,0.0630851971750302,8.648428774908968,9.332214870022035,0.3583135314685552,61.2990163249928,18340542777.33269,0.0010114867099461
4.690365660861902,0.0925848158159962,0.811173587337953,0.0761170456784837,2.1943320601847445,9.568701909355283,0.3606485144222907,111.80026593692072,16624539538.499563,0.0009713059208442
2.2060935340615107,0.0232283580873236,2.395331138151799,0.0085544300621052,3.3417873649015437,6.389942648932781,0.5578453393874055,121.03416999097384,16525391389.692331,0.0
1.4022064710023905,0.0250685124967379,4.276523207017821,0.0101674509261524,7.089575612813168,5.000415978101919,0.8341962808802155,120.4326844098315,13845203600.142435,0.0
1.4431717788839091,0.0275447081117884,0.891096431367537,0.0087474463019557,3.874806013998468,7.917436149336886,0.8213160382190775,115.35474025109836,19415218880.45212,0.0
1.7828496636108115,0.0607369600830123,5.044331297685191,0.0155584278493311,3.6104754155433465,4.941493788514933,0.4120890269421845,101.4443104022537,9033688243.756037,0.0
1.4431717788839091,0.0275447081117884,0.891096431367537,0.0087474463019557,3.874806013998468,7.917436149336886,0.8213160382190775,115.35474025109836,19415218880.45212,0.0
0.727173102728692,0.0567334943189553,4.376398022584009,0.0086017811457863,8.110757409885592,3.9142191643922697,0.5195374208905122,112.95993842398698,13520334402.19846,0.0
1.7673807343378098,0.050293523019825,7.860340396181272,0.0412982870339682,1.909809856994899,5.617086005913935,0.7352689072088671,110.31446874882197,17729144838.648674,0.0007845093906518
1.911719625942688,0.0328328704130469,2.920486782174488,0.0024727955541047,4.802860284632816,4.57801504399897,0.6206368453599554,114.93876889777378,19337625230.82134,0.0
2.0892878774745958,0.0336324366710541,5.3187834902906586,0.0265698543598945,2.9060533294374857,5.537372157811206,0.6654631661848455,89.7759168981187,16875862247.47326,0.0012428710964959
3.6324426831118,0.0827506410176802,2.832417442059465,0.0890189088516623,6.784887043239912,4.433372722702121,0.4082225234302643,102.91558379927824,13483679052.520174,0.0011702974020297
1.7944991000682982,0.0704929601371966,3.0357277432082714,0.0372931876338599,3.780799988972676,1.694529616329728,0.5400022130610196,114.7919599461444,12233403869.326742,0.0006295211689672
4.879852000648555,0.0790225227501326,8.082008561521064,0.0606632308984377,0.5984968938798526,3.585154456125297,0.7811890549713109,95.4252229793428,15071734065.640083,0.0012682582459236
3.08828535220575,0.0698782825663197,2.7324308159795145,0.0616251810182163,1.5867898665246558,1.1795942406972344,0.6376464634688966,91.42631958421454,17076944114.414003,0.001337413439768
0.4618246116062167,0.0748942876363918,5.388465350596244,0.0063702834135669,5.1744903984084365,4.648656468929971,0.4409808035025632,105.5366168309226,13881006274.360512,0.0
3.4635429731625225,0.0700663496204583,6.536123629902463,0.0653526380759132,2.3008237335303776,3.778907550302237,0.5762482489808405,88.82425469137316,15280551450.628183,0.0011342216968494
1.3655006226555677,0.0286978585066887,5.305200626421,0.0086775920589087,7.155260527955604,4.265681194696739,0.7240160029936208,104.56043687433244,16520963306.491938,0.0
3.988046952151056,0.0941168849472513,4.607627027826035,0.0038490331281432,2.3470443456817183,7.6586761324333406,0.5510024637481137,110.28599096045244,18680070105.50497,0.0
4.030413931639298,0.0329112793650751,5.571124413716967,0.0232396880266519,3.7535704273910113,7.888172813666258,0.7171069240328665,126.79737844807858,11251840102.182129,0.0010671523080705
0.3486932603571177,0.0613391441127617,1.2686783172636489,0.0131659200741691,8.08718432829903,2.320785649752593,0.6659531517469,118.22034394206491,14225602335.486591,0.0011937917175091
2.868093108822174,0.0607201858767764,2.8982971076978314,0.0071923785504917,2.9440975008577315,6.075737085977959,0.5781862067278566,95.43220514751393,17646771706.974026,0.0
1.809985800870716,0.0888447317308012,0.9054682835740092,0.002354304347927,6.434856128750202,5.4138923048739205,0.3741264489211708,113.49578147678928,12458896296.940956,0.0005576024509365
1.5764733530322066,0.020762708539515,2.50063487544433,0.0044316938367496,6.8976665405106194,3.715550352660827,0.5283753377521097,124.19149119604792,19018869105.408543,0.0
3.235740606837004,0.0906341378183768,5.880623608688149,0.0248883305723677,3.613064601025511,5.787264077247177,0.5879479077210049,100.58575403551188,12787258905.173306,0.0008530850311786
1.4431717788839091,0.0275447081117884,0.891096431367537,0.0087474463019557,3.874806013998468,7.917436149336886,0.8213160382190775,115.35474025109836,19415218880.45212,0.0
2.289430508240386,0.0681356967207808,2.760640075669609,0.006417286498353,6.541739258148656,3.9174912119949257,0.6189838485106872,105.62465652170498,13803733231.76484,0.0
1.507832528377569,0.040368539497393,4.968800068467038,0.0524744949981601,3.7513253221440297,6.6434981566664,0.1897948921658973,71.18108966981407,14860554807.831062,0.0008727115041334
3.381380773351658,0.0890840641099418,1.6743353962191876,0.0907055746466902,6.89035680192058,4.430724127973232,0.4435690018154791,103.34030120412106,13396690495.003878,0.0011403009745852
4.7447690381669325,0.0691283728365612,8.810607875144521,0.0145751824127105,0.7404872814614565,15.961708580040897,0.5032075878453586,75.84784144401026,12558781594.405018,0.0
0.9882392405718567,0.0949197027298813,8.526580176365496,0.013148499723266,1.59328352033334,2.320589655499852,0.6574416928105766,118.95408030972152,15485330204.63255,0.0
4.097684460013891,0.0352327203830008,5.43942332459225,0.0224441407218459,3.697563412898308,8.134829593092764,0.7176702287964295,127.1752367365836,11118217444.276308,0.0010614667186108
4.450718314393019,0.0656278518554033,5.9884535909046965,0.0384335654082917,2.575888374206646,7.802266534375085,0.8468508016298819,112.1341118160935,12589710332.05222,0.0010520359909064
3.342154477848188,0.0885349286488157,4.958823363626267,0.012255887592093,3.947225978479716,4.063060611366396,0.6984210797004164,108.9229136457241,11734765504.087454,0.0
3.237540009897782,0.0737660554431384,1.024351257573791,0.0271569186998276,1.874616284867716,5.63855283886953,0.7580777604363624,105.90914978021436,15403990993.38086,0.0010296663399582
4.379707142606736,0.0921926377571799,5.492620637539373,0.0017830879387144,5.082749513153589,8.708250963696216,0.2295479733459042,110.58609837466454,13829554307.11009,0.0
4.087322830768563,0.0965423207333584,3.783499486892757,0.0228744702423102,8.82860484879289,7.24907781180595,0.4583002025194501,118.66074785572192,9560248292.682558,0.0006148554176083
3.679533906570987,0.0181943203905186,5.0606428436662325,0.0297039958323479,2.696197624757718,5.842457363821819,0.8236985591631213,80.37583170582245,16624162233.427488,0.0005874820272006
1.3815294021703637,0.0997084041489188,7.406869756830448,0.0252108400508889,2.5117297526421822,1.8795130130955369,0.6363892559583478,110.2332892544942,12477544041.382029,0.0007563237926355
4.489585367307352,0.0970728600470071,0.7368363029840622,0.0020731877902212,0.5170480666424367,14.495430616947544,0.3738860450144928,118.01329982325888,17700851851.3789,0.0
1.6142965808448373,0.0296524727759385,1.9767251899658256,0.0056792818448434,4.641577202520096,4.151296648004281,0.5965587187432781,108.98029987334792,18092459932.725166,0.0
2.9134739005931576,0.0665359652698765,1.048133217403717,0.0577166835325327,0.6352498211876524,3.939697981474441,0.4933116278542912,114.02137220906695,10789456739.199278,0.0009302841899203
0.7387628318718384,0.0573806518747732,4.45848225465144,0.0088847917154611,8.106395376534126,3.742357765076964,0.4990989714516339,111.73097163783667,13744106934.130436,0.0
0.9606624298493076,0.0547037538485603,3.166829106313585,0.0058428402335352,4.951557223787811,2.8950578505194,0.7099748840647733,102.67770385886918,11555367296.440594,0.0
1.623953204519455,0.0348592081436116,4.9491443113197855,0.0344480712117881,6.71948241084919,3.916233004098932,0.6965006192940326,115.70049532239833,9266999485.965157,0.0007806736169358
4.030413931639298,0.0329112793650751,5.571124413716967,0.0232396880266519,3.7535704273910113,7.888172813666258,0.7171069240328665,126.79737844807858,11251840102.182129,0.0010671523080705
0.1652652055215919,0.0245206896301114,2.6567968450703856,0.0040749672962489,6.344032437425997,1.8499568518342795,0.7166463266804727,72.50310971587635,12988560614.116762,0.0
3.8912759012530302,0.0812279614422764,0.4584026418685458,0.0767097720865884,7.095516294231384,8.406063449334951,0.6157523037169398,61.24799810766864,12504955814.0145,0.0012205270042345
1.3885114489245305,0.0292312081941522,2.799978564589501,0.0192562172650674,8.844288822693034,2.9014936668608717,0.80929335483231,123.97023437545532,13597650556.623043,0.0013822558521502
0.158911653300487,0.0097145625501509,0.9572558914924504,0.0203903057488951,7.0694825821802265,1.8677550974559645,0.7349715999151859,95.9535890400184,10575750747.569328,0.0007376329691617
4.079403575931022,0.0775319446012923,1.0761413990339077,0.085401635310224,2.61017150082306,1.185247592578859,0.6514366122252139,117.8095254386676,11001803687.728014,0.0006859922398789
3.938569768407693,0.0150634359022649,6.37909835827271,0.0912999893179791,8.552255631659284,8.107873975761617,0.8014868787733911,61.54139792349746,10972365428.663069,0.0012533336782572
4.140844115772359,0.0456030066577972,3.0100170518345,0.0144606397239999,2.982945740065712,4.367076992003628,0.7023931406336261,124.3631154986071,18355063561.985157,0.0
1.2540711061212837,0.0384880162734801,2.479498160200216,0.0161849969332299,3.770607617896473,4.555454684491157,0.6250010374131296,119.64958525268476,18644890130.46324,0.0
2.4123419466847933,0.0865162392746422,3.712939407820728,0.0338517097441458,3.549336519175173,5.630711383437304,0.841026132300123,123.83726900193948,12508816759.455809,0.0010937161265123
1.3384749186685538,0.05560124512391,2.9264052436175567,0.0417271544990027,1.583837170511627,5.164905201116973,0.772479617608864,112.34065091786404,19284178244.276543,0.0013569248984397
0.158911653300487,0.0097145625501509,0.9572558914924504,0.0203903057488951,7.0694825821802265,1.8677550974559645,0.7349715999151859,95.9535890400184,10575750747.569328,0.0007376329691617
2.6117346177415466,0.0551221541209418,1.2214739947744122,0.0182675624858618,5.75588288081687,5.14454535619006,0.689941289206789,105.34929604374231,13162785684.005732,0.0009817815201508
4.591123199307997,0.0860350411761289,6.999335201052404,0.0847144736807059,0.8614935563100935,7.270266920857538,0.7446252758559344,76.97369801889153,10097898940.894855,0.0008690796541352
2.349191728764986,0.0867351014059976,2.504270205373479,0.0053067540930889,1.994453578829708,11.168453196304068,0.8104511623674856,117.50501902707724,13432785555.501928,0.0
4.988064742641212,0.0643301040522746,3.654803349217195,0.098909605892114,2.4832853323870343,2.227357502602942,0.7940688027169643,78.63673104041956,10466805462.854095,0.0009969439950019
1.552927433925902,0.049087049708691,4.000146502647063,0.020972065130692,5.473404192026603,2.363746082628253,0.3697959557333564,97.08864534773453,14812378938.118307,0.0008629791689371
3.627649635931616,0.0970044826247022,5.258576079694565,0.0024490886071914,2.5350049491514977,5.916671720502444,0.8477804858732125,121.46020289320016,19828717214.48438,0.0
3.1203329960915864,0.0995576023515839,0.5713433007563872,0.0261826024684602,0.3527217271658313,1.351686599219331,0.6518825346048118,123.71912600781616,9191988116.53656,0.0006985597029852
4.276768739827555,0.0327933822844126,6.8373144995023765,0.0280212733085295,2.6564224955514635,7.0920315294777465,0.4471885104685444,116.76697983557692,10870646872.175863,0.0011077931505915
4.478959981056403,0.0861953173922751,1.1747678094755545,0.0456484822840882,7.065732696063078,2.6921117071201266,0.6074269856692437,122.54223286833404,9882431111.15615,0.0012944031446605
2.7855534143593608,0.0808651384396855,5.707494320139626,0.0381682297600975,0.6132449375310592,1.9565023784725533,0.7601841685872968,111.8192172631952,9316638618.381908,0.0005741188774429
0.6408288080855089,0.0539543790075539,7.385298648137548,0.0031288147508216,6.174724469268828,3.093837076630672,0.0862092377425879,92.59282188880698,11667922894.959042,0.0
3.9785766473799513,0.0939642379501911,4.463071137059744,0.0050344535876961,2.4101940811672637,7.898182694812847,0.5562516392093825,109.80951241154034,18677981261.077152,0.0
1.3050514545073997,0.037213606662193,4.929214086324202,0.0140791088237317,8.475802978547872,6.432594044850921,0.7739362789382869,128.12802738143364,11156764328.44304,0.0
0.7313100512962553,0.0565909925526973,4.385810775606934,0.008563957345448,8.10149722143755,3.916316964047764,0.5186902277077243,112.96495739218004,13519894493.18246,0.0
1.697145379142899,0.0334904662163898,1.2606640629089008,0.0038541187085007,4.988448736049691,1.4059184094615662,0.5886467842101861,113.64742654703755,17752990942.90743,0.0
1.2656169750241877,0.0267967773396396,3.6917152384629177,0.0062963436477534,7.668855490879269,3.4580929921948687,0.8211202033441922,120.09569091935244,16543343491.051046,0.0
4.504805409415396,0.093925205014063,1.79970796863133,0.0738351855124752,5.078464692549376,2.215133220869488,0.4056623895941268,105.08540615728369,18098952319.64157,0.0005951833566203
3.5559948674498294,0.0592222603407468,4.860607941505997,0.0068246168748928,6.697758091994517,5.060219261987753,0.3636816625599398,89.824990095602,15126791997.641186,0.0
3.624564800392205,0.0415549098948156,7.239514138398799,0.0120990813749261,9.995588652281205,17.166903027911143,0.7133100209533295,89.53813251312762,19719796970.230476,0.0
2.4624839893312997,0.0693437000800514,6.030207866113525,0.0080891886097884,5.597002259440378,10.785230907947843,0.5142705156438101,129.69469946963437,18615215847.75857,0.0
2.9023399508485137,0.056147173899213,1.1901439757957442,0.0284425132908354,3.048807566317568,1.850464696807307,0.2678903091599834,84.79666726445402,15340086557.530336,0.0006518217450284
1.14523618178046,0.0663983237271944,0.7483724374367642,0.0234589395949893,0.143745781747216,1.3600565378160212,0.6173207040106556,121.74298017104664,12210717655.276562,0.0011896433584546
3.3571725011754987,0.0236744971857832,2.548843209755143,0.0028463884630466,7.319153617441107,2.632986206062578,0.729786546626832,72.15274924455056,13298526573.18026,0.0
2.340453107164712,0.0437925181396783,4.791921323497203,0.0361210091746723,8.342787181466695,2.2868362939246087,0.4589159447038532,85.46390470954684,16839001317.033806,0.0006164276706302
1.4030487632815782,0.0250671480717593,4.276581158976128,0.0101832360507992,7.089749016060412,4.997102367234995,0.8341216623040099,120.43285086792665,13844063889.746628,0.0
3.026193048827528,0.0463286938856269,4.156018484272,0.0262487838787013,2.5280226066403326,2.250423601830972,0.4654875045539741,97.43105918659153,15339970167.83002,0.0008515756324734
0.7313100512962553,0.0565909925526973,4.385810775606934,0.008563957345448,8.10149722143755,3.916316964047764,0.5186902277077243,112.96495739218004,13519894493.18246,0.0
4.462698931627079,0.0936468869819649,5.861324355982759,0.0020538365710038,4.760994499454099,8.493051890684198,0.2219339904663763,107.6207917341129,13496605344.809856,0.0
3.16586173382873,0.0530479516128066,1.9702657861653896,0.0023036372114808,3.810686766029578,7.710966941154416,0.5037849178122646,118.81013097562004,13084772603.62658,0.0
1.243488850525328,0.0461028770213996,1.9281288018498857,0.0191440451208507,7.868373421437496,3.0774667132920546,0.7000995742769338,118.8697342962242,12139962745.02002,0.0014040106122463
1.0468533277967735,0.0480030134006385,3.898069861007536,0.0151561755723541,9.366655076752416,3.4394273013716496,0.2559176879705591,100.10435565142762,15352632836.10526,0.0
2.999955490269144,0.0689518252218819,1.202117912099927,0.019285816615029,4.598700108991017,10.263840244346852,0.8172480080238955,117.96402859019744,14128832194.589537,0.0009098429870374
2.009417442918078,0.0252378419521589,3.27214667420552,0.0106892185919357,1.320240838990114,2.321495734584877,0.5062014713913858,73.09573074126615,13663263767.078909,0.0
3.024937418058185,0.0473664721910221,6.650378513603126,0.0366360839387764,2.650689364884866,3.1703849718115507,0.0574894384641618,103.49730761571864,9238894281.745497,0.000639951642551
3.12822085784183,0.0812979066692616,5.162770307792557,0.0070449614450541,5.099966478016861,8.112822447068558,0.7921487695674756,118.8354972263424,18244133198.560856,0.0
4.420678953164201,0.0840080733903734,1.608746132197166,0.02430292941357,1.3424644663591985,8.431528074827847,0.724304793757336,113.25861585687642,11111991479.094513,0.0007201982823984
3.337002813362828,0.0265111256615203,8.101593793228934,0.0110754027536852,5.045116376693287,8.033942355700514,0.3142710080582636,74.01860218153561,9952604111.45145,0.0
2.096179324467119,0.029766192389033,6.241024404790656,0.0215490237603558,1.889273605330352,3.9935251848441538,0.428079605817985,88.3516136062453,15272269329.249386,0.0008887180565957
1.2149974906397754,0.0264874146511298,3.1189272393768923,0.0210224723641073,8.125273720617935,3.5659003961208047,0.6541059830905436,94.4328131742723,16014312648.100851,0.0012631440792985
3.646346917386634,0.0873743989403176,1.572920820251975,0.0021090557865705,6.700467116287463,8.37051305784501,0.5390837070803683,105.7491811615152,17259193745.528015,0.0
0.2448006781398743,0.0141806495272341,1.180678039865128,0.0057971118882607,4.355650847405594,1.6626036947309089,0.6934074651687882,119.96731129845313,17222412822.95633,0.0
2.708234043705594,0.0701930715170987,1.2083886831692952,0.0263654082009117,0.4440009298516226,7.659164574627424,0.6276495691623059,61.71015088174863,10839387093.18281,0.0008356693025984
3.9760432606226663,0.0554646733757925,3.0117771796555988,0.0912704803746505,0.2673596875226621,6.1792983484951804,0.7641172695349213,61.20870585707023,10154325688.204647,0.0011487660249336
3.910586741527119,0.0481119325560723,3.8445777807673327,0.042280107305005,6.480922686403254,7.252315641957504,0.6241524314659108,100.9583831719246,12558825725.651302,0.0008536698865413
2.524689319088503,0.0704627798028028,5.509616037323749,0.0555160152521331,2.2358019329978926,1.2578442517149586,0.4407329006708217,124.33728337664876,18324988074.5264,0.0012882856792167
1.040303228341613,0.0671486789607432,5.366500265600301,0.0020152867380261,9.90620042445974,4.754123364101516,0.8188474574034929,119.58189450744553,16832895989.754322,0.0
2.6975141406945053,0.0497798438391934,2.161975482488339,0.0243063976117097,6.741198375560572,2.630166010690993,0.350976002560494,83.82916281576203,13472203263.240654,0.0007944602515182
4.810863585228695,0.0425260359629375,9.187257345727351,0.0675096318099659,3.507643444670556,10.491135690050406,0.5312644951145222,87.09659229904697,19942759740.506283,0.0005401997128966
3.12822085784183,0.0812979066692616,5.162770307792557,0.0070449614450541,5.099966478016861,8.112822447068558,0.7921487695674756,118.8354972263424,18244133198.560856,0.0
2.628975735683977,0.0950610071675247,5.613282768940098,0.0036717902329985,4.017836493426747,6.512177062364006,0.8138276984420095,129.5523694958234,19526582623.48021,0.0
3.993056429391416,0.0840244731850227,0.5958999840596788,0.019813223181319,1.9591884565704012,7.723908494584584,0.7203458791420315,110.64613452982792,12467433920.998936,0.0013887358126655
0.6694895350820474,0.0118338335458801,2.866042478164186,0.0037839592473996,9.87867424853127,1.1337951468751015,0.6039106388593668,117.89554021354444,18434700675.992493,0.0
2.3891714204238275,0.0787690997628599,1.2150315271399443,0.0080037509841439,2.566403297012121,3.281629038582672,0.7635939750778182,94.8202003926307,10835905803.882635,0.0
2.571195850512503,0.074411800587039,5.728990960122336,0.020418250112993,8.72531148325138,11.227817163048504,0.4857220917419148,115.92637170811932,13562315033.47952,0.0007022630654395
1.0547094300591184,0.0174961952479827,3.8704752859101,0.0145848388645232,9.558065106488495,2.164697545036674,0.7920294884901602,66.8584435907577,12832490792.932549,0.0
0.9807038505589332,0.0865214156345788,5.183224336912675,0.0263148836514737,1.7810054970815854,3.117130785741402,0.8189105872855986,99.34043711010423,10622012531.115292,0.0006900582014883
3.773434870538293,0.0802506372649099,6.411944134235324,0.0817084833661662,0.6770567793433108,5.228566973211573,0.644113983418113,90.96527743691787,12329622518.01513,0.0010387230341478
2.0657309204796075,0.0824414138362081,7.819558672072446,0.0078146914914703,3.493304468601492,3.92284879441438,0.6715929490913075,103.77504318204716,14297201616.449047,0.0
2.571195850512503,0.074411800587039,5.728990960122336,0.020418250112993,8.72531148325138,11.227817163048504,0.4857220917419148,115.92637170811932,13562315033.47952,0.0007022630654395
3.1871507399527217,0.0983600194841283,5.367666910529003,0.0264650617305266,2.4596801385272373,2.5430370680139407,0.7139363700193538,103.58053324034452,14288822207.71406,0.0007442227616558
1.174940654283663,0.0932831440753529,6.446063786957341,0.0099649966341117,3.3636011333065388,3.077461055884513,0.7885612842997981,123.12971252806976,13889316229.700045,0.0
1.842920818695453,0.0518878729962937,2.56478509198186,0.0014541036882868,9.72624880442083,9.285736810433557,0.7136437301695465,83.45342557298875,15410383413.54322,0.0
1.222382867739061,0.0135453015073568,2.093650875601296,0.0077339290241252,7.250493502926127,2.494669379839384,0.6212721867648273,126.13968194631272,19645958515.39025,0.0
2.417437770978544,0.0792256883689974,7.004947487846391,0.0311444722834931,0.975079597107294,4.301524382486754,0.4774509244948258,122.67138932798888,16223610574.206934,0.001189091201628
1.3306797300329702,0.0627108525923919,7.349614417089866,0.0131963201432828,5.746738863278339,4.699520925366611,0.384356824240548,116.49347457229288,9235208038.083086,0.0
1.5084928532505757,0.0403851743809759,4.969276525164159,0.0524925098068017,3.750294144221329,6.647950274027422,0.1898957797101219,71.19098784339873,14858272305.006733,0.0008726860385348
1.3973285008246432,0.0287321272300942,0.9886142200276536,0.0071520175175444,3.943938863612672,7.989753054136388,0.8263270993615481,115.6520812168117,19238317159.892178,0.0
3.2022910313955486,0.0872174733483197,4.220769226053571,0.0022292096245057,2.928095960988249,8.88015629527205,0.2479886571578652,108.69465492867458,11701672348.708614,0.0
2.0437749984219207,0.0833473411362426,7.657941530687976,0.0080148441373054,3.71478316731219,4.346628887942599,0.6443957741157084,103.59156837934718,14234492527.714788,0.0
2.205422418308899,0.028918748563212,6.134630257967922,0.0216822933004096,1.8965028418790275,4.057486368315939,0.4297325641710776,88.68072448687322,15496237351.738256,0.0008939038726948
0.6230266525917694,0.0083143258530127,3.465631305757262,0.0037943932355501,9.675140654702435,1.2935600675654315,0.5789448835280925,129.67086904780805,16952887946.275429,0.0
1.3511218150946596,0.0115507403182858,3.069878699493606,0.0041994843096158,8.61693785380757,1.2056865723135215,0.6284635956948712,106.38577327058648,19734080761.81443,0.0
2.897199849262202,0.0756931253601056,6.671249945380581,0.0083237602435189,1.7285488185306224,4.6198093917870775,0.7646581981765035,100.68830709847671,16029379092.83952,0.0
2.312472211524297,0.0332768992991686,8.410494470146988,0.0163654540984834,5.577533765434636,7.64420948725646,0.4477965403281216,72.19630309120856,11200736783.982962,0.0
4.021068365133669,0.090316718006034,4.57904420905558,0.0292178035662527,2.3534817542552364,4.550067219107757,0.3396909657054442,88.08936185546119,15197237744.68222,0.0005584240165627
1.799283002686558,0.0317161710549902,5.974247926203376,0.024033676844268,2.2351308391844813,5.016587966311023,0.766641106267457,126.95280250939284,14675816490.32252,0.0013357605472641
0.9618340028983102,0.0867228826535741,5.251604314632379,0.0367924028460863,9.782164519578693,4.909925418770353,0.6785381194495119,125.31557874361854,16422096337.112864,0.0005855503116534
0.7291509171603168,0.0487603052597211,5.97899169151659,0.0148669233468673,4.190091569902951,2.913705527879748,0.5127288361220389,89.86755922937398,12160246508.353027,0.0
1.137678462886763,0.0374290436951842,0.3238972653233659,0.0045882795301091,3.4115487435877987,1.8178627925822115,0.7920061997289278,101.2781778149912,16889350542.08476,0.0010774780955389
0.641035055128965,0.0362066816467374,5.963882884646079,0.0064329255917311,9.47433569255718,2.65082539946365,0.8205752260055977,112.55583629733128,17649830160.12932,0.0
2.5810400954003963,0.0880798378365447,2.519369114708271,0.0102834305656406,2.958732270766582,6.772824767009254,0.7724788482414138,118.19094015158988,16371309503.892738,0.0
0.2428374062545305,0.0810008801144149,6.875499269770093,0.0101411384927968,4.9724112070809925,7.412868250018873,0.7520144636830773,90.9225521774733,14556861882.075146,0.0
1.4248970547256594,0.0660156816532163,2.0894432048333287,0.0630280492524754,3.4341230939566665,4.674368707790797,0.5127142343544229,75.85862728355275,19662606665.505207,0.0013203386084037
3.0886944121658537,0.0421383877224118,5.925583848515451,0.0631187218709222,8.647850593907974,9.321029736091864,0.3586416652598458,61.252666129049416,18337206022.046368,0.001011327775145
1.2688768232745062,0.0709285824171186,5.305450284128758,0.0049637535864678,4.8513548955095125,5.552184928486805,0.4907211266941235,66.27983235419399,10386308048.218073,0.0
1.138060418795079,0.0194392379261467,3.714980973413506,0.0041358225311335,9.417254829712498,7.168456970385567,0.6842163892509605,84.03674503013391,19857796926.93554,0.0
4.535201032338463,0.0638637647590542,2.494884931224969,0.0572175697437156,1.5736616268241566,7.143964872099413,0.7106379045316139,102.31551709611566,16765642083.24408,0.0013737627457227
4.389246758740015,0.0974490534037534,6.5083444482080415,0.0210745966535268,0.3299122468236839,3.98711431816734,0.7871762832460026,107.30468761664464,16465984362.507578,0.0008211902387429
3.250582321362691,0.0724260747996672,1.2485983729520491,0.0097600651632128,3.0060862978838907,8.991401246303996,0.8209740535455695,107.20700866731906,15108971842.371853,0.0
2.3695422855214967,0.0998012008073602,5.783566343352298,0.0984527344074029,4.863407064674584,5.4718326239211255,0.4485866570085263,67.03114963579979,18836157346.86389,0.0010387038328011
2.130835896305512,0.094173939119721,1.353366436999487,0.0143189216538241,2.759560895405196,3.702083315241473,0.4218172635177311,113.04807299250196,13989889489.697128,0.0
1.145611300742588,0.0881604594359905,4.592149094592772,0.0123331219282965,2.5546295190689183,4.944672205451044,0.4732379468865927,69.9014758367518,12285759728.826492,0.0
1.3544093045352947,0.0471640279896706,3.228841756624035,0.006882036013561,7.46793403190387,7.929350835483682,0.7098720338542698,87.71145671701032,13800218319.05743,0.0
4.663104424474015,0.067264309881779,0.545630455105936,0.0296583472874073,2.1362850718617645,7.400876558360642,0.8274527613946382,123.75214099953764,12625649396.949677,0.0012427701202494
3.162645259758554,0.0682483803102634,0.3241251195469428,0.0069363742354062,0.6143877487038395,9.715162412966894,0.5683560230953196,105.58640427874938,19072123411.105293,0.0
3.767900114127158,0.080973515601162,3.836058590668638,0.0055824541726368,4.344985102747332,5.164266077383728,0.80701354484288,121.5067689691134,17276336003.14232,0.0
1.3068310729376094,0.0352498019025144,6.8625664466932825,0.0366421733628769,3.1023114589423906,6.012497224343437,0.8148885260707674,97.71311035678426,11405809955.127312,0.001135370984404
3.1513252593679275,0.0396325592181395,2.5228602069258903,0.0535600438126519,3.031183856174241,3.2400062078397776,0.361766655958038,80.12554359137391,13507663772.124443,0.0014944139147645
4.891979913629887,0.0653506221047885,1.9408672065580848,0.0850976237012944,7.276681744079471,2.6670034122005646,0.4081652673393436,119.06813329072224,18493557617.056137,0.0005182069208486
1.341434459786214,0.0127743563883692,2.875777408657948,0.0056338116176272,8.318276315279428,1.037104728690078,0.6147923932707043,104.7941421697704,19985197398.069576,0.0
0.3516083310597513,0.0609161010165194,1.2864361063974838,0.013280443307126,8.084537019612293,2.32084735022821,0.6659587060476915,118.22392867337408,14218813639.137417,0.0011918028047839
0.8757991285160387,0.0316216655162296,1.5093514106311572,0.0095841246813314,5.560946388850984,1.80971261499621,0.6985758444252752,126.32146333862484,17193707439.982292,0.0
1.999351125105436,0.0290401358863225,7.451613131095629,0.0139226878419686,6.329505523168339,7.574250612171971,0.7177679953123054,61.595310441094135,14892956041.399023,0.0
2.2697664731196974,0.0640159557102666,0.9133706921152864,0.0078488540304178,2.488134697258477,3.942741293576192,0.7172793237893167,117.3415663018258,16913121715.694073,0.0
1.481965247109336,0.0365102642056675,3.429589834263906,0.0188054002902227,1.3696672522173288,3.10555327207868,0.8443697669328554,123.3774619160809,19247443877.93022,0.0014155263262142
1.2320120138262334,0.0249707185616266,3.77154694550504,0.0077494473468733,7.817737492440822,3.49332758453776,0.8236069614825839,118.94520431240636,16713258589.285269,0.0
2.68458663813705,0.0699456585714819,3.346290353497165,0.006136701236528,2.4982960022832548,5.923202718482391,0.3151396031588659,97.75293297406157,12770940489.644823,0.0
0.2540134433563107,0.0764102116550443,7.598700826119383,0.0487557406248162,8.483889387979133,4.543091409749638,0.0489863081685941,80.64357133731312,9638528955.082932,0.0014299841087138
0.4122819315575472,0.0052701413903162,1.76676745194186,0.0115949007879147,7.703175626762772,1.9441153317679536,0.6844380771856459,126.6734022144576,16628620364.560047,0.0
1.2304879530685426,0.0704294463679881,6.355650741958271,0.0060844845327634,2.9113139825827243,6.250438635366924,0.5111916437987946,111.3385145550414,9481867565.535828,0.0
4.287782936660971,0.0549494629536749,2.2431180168266214,0.0263343773210586,9.180303837510184,6.0214463798676325,0.325223910461312,119.15648696042275,10898628254.052912,0.00117163268984
3.604844412379123,0.0983456361566742,5.205522674785732,0.0031261546237828,2.518063926118824,6.409183686039398,0.8478653254982371,122.17251644709074,19844047984.267506,0.0
2.034999099379926,0.0702019440344828,6.922962222967289,0.0052967365835996,5.694069622791687,5.1525242960211015,0.6798565150133444,107.81314748157445,12732980571.552616,0.0
1.2150410670924154,0.026553239727,3.112800982355,0.020548868197439,8.06574677283251,3.5950326391168548,0.6593007640226574,94.40722507427375,16017772297.780224,0.0012637401094341
3.6324426831118,0.0827506410176802,2.832417442059465,0.0890189088516623,6.784887043239912,4.433372722702121,0.4082225234302643,102.91558379927824,13483679052.520174,0.0011702974020297
3.6048307500683134,0.0981784593507377,5.192979071187621,0.003132949914361,2.5029218353232503,6.418142159168855,0.8489822728554713,122.22731471447774,19849604753.28268,0.0
2.633159809290919,0.0380121207400349,2.435018121891465,0.0244842687920489,8.258378028158015,4.016867659052328,0.648507017606036,101.8635300201534,14767929602.07624,0.0008577747296156
4.879852000648555,0.0790225227501326,8.082008561521064,0.0606632308984377,0.5984968938798526,3.585154456125297,0.7811890549713109,95.4252229793428,15071734065.640083,0.0012682582459236
0.6694895350820474,0.0118338335458801,2.866042478164186,0.0037839592473996,9.87867424853127,1.1337951468751015,0.6039106388593668,117.89554021354444,18434700675.992493,0.0
2.2710614961420537,0.0585658060416972,4.478496542668389,0.0153701069405212,6.263214108414797,2.899449500467008,0.5779933546210184,99.1107519854691,15319557720.616585,0.0
1.2003569112873995,0.0250984375523371,3.587375651073901,0.007222091212569,7.713537822791713,3.670046372185086,0.8143826485224489,119.31807304762164,16946155763.928043,0.0
3.12822085784183,0.0812979066692616,5.162770307792557,0.0070449614450541,5.099966478016861,8.112822447068558,0.7921487695674756,118.8354972263424,18244133198.560856,0.0
3.595860251451612,0.0983492650244684,5.217842156277857,0.0028743558800634,2.5243699701815325,6.411643227766588,0.8479936175700443,122.16644167691292,19843200826.810413,0.0
2.519784022944106,0.0949613903518763,1.7217820096107868,0.0195063038691401,2.342174213799236,2.6463227075915827,0.7729441914385737,106.32168299001869,9970715191.385084,0.0007541968748828
0.6280890519074018,0.0139607371765962,3.621968745523492,0.016990552423139,7.84047834688315,1.7666189533709848,0.6798029498062869,118.13460946991437,16729704793.789928,0.0
1.4431717788839091,0.0275447081117884,0.891096431367537,0.0087474463019557,3.874806013998468,7.917436149336886,0.8213160382190775,115.35474025109836,19415218880.45212,0.0
1.906422995162943,0.0104296414867103,1.31495226967601,0.0069831783981888,3.423969325645736,4.187872755748446,0.0180941673658099,99.7544281221674,12363976446.28548,0.0
3.08828535220575,0.0698782825663197,2.7324308159795145,0.0616251810182163,1.5867898665246558,1.1795942406972344,0.6376464634688966,91.42631958421454,17076944114.414003,0.001337413439768
1.6710554517081648,0.0114109362567008,3.9199736535946426,0.0142699346328536,9.884899827468764,2.003727408332014,0.521952913703604,125.95250234105949,18386797192.568348,0.0
3.0835736563902807,0.0446070070283025,3.977229436783333,0.0262803749583902,2.3006976259544705,2.3549734734717944,0.4420181830907954,98.17223254384692,15094469639.397663,0.0008789380604445
3.166615819977461,0.0530627393422783,1.9675564272855084,0.002321420426781,3.814041985456742,7.708881026745883,0.5038951933301792,118.8167538008324,13086572623.201536,0.0
1.1177039872824497,0.0361160296589878,2.3228871236604545,0.0156427980306826,3.730790690790921,4.9522558040841735,0.626504800992543,118.8218864874662,18260500145.92934,0.0
0.4618510537514024,0.0748440878269576,5.356966801038783,0.0064296571019071,5.178779181434412,4.637619583776036,0.4412600460691691,105.53459779800164,13872722240.364153,0.0
3.685393592283959,0.0116837293028401,4.76735258869354,0.0188042425581202,9.881744926147094,3.514927184189124,0.6408734330652833,100.28107066724058,12469691727.079687,0.001013637354112
1.799283002686558,0.0317161710549902,5.974247926203376,0.024033676844268,2.2351308391844813,5.016587966311023,0.766641106267457,126.95280250939284,14675816490.32252,0.0013357605472641
2.9459882822136154,0.0689884503275188,2.4132154574343625,0.0225836782590483,2.5043840565325617,1.1455541122706947,0.3498698967717282,103.8451819693821,13364589758.698296,0.0006172122981695
3.613222389182094,0.0975212646844305,5.257645834693433,0.0016654106582984,2.5761417727850944,6.773330236618598,0.840874489567566,124.06872705783682,19950763465.28153,0.0
1.0468533277967735,0.0480030134006385,3.898069861007536,0.0151561755723541,9.366655076752416,3.4394273013716496,0.2559176879705591,100.10435565142762,15352632836.10526,0.0
2.8226650143989707,0.0611903843935456,2.7828140278039326,0.0093367450162074,3.0109739178877017,6.200359337151994,0.5769173738369552,94.98315307599182,17665683866.360497,0.0
2.340453107164712,0.0437925181396783,4.791921323497203,0.0361210091746723,8.342787181466695,2.2868362939246087,0.4589159447038532,85.46390470954684,16839001317.033806,0.0006164276706302
2.0509743492006227,0.0696825437497182,6.473045155957588,0.0221912230267212,4.893920849366511,5.701500569219842,0.7015652300723724,106.63857255434309,15297858548.493538,0.0006258825209368
1.4061147219671095,0.0893679854320388,7.615280981263329,0.0090228435444308,0.8574717694345828,5.74831545091585,0.6697897836539604,114.11447742726276,14707115956.70578,0.0
4.905418597895814,0.0584544603396173,3.458984587852398,0.091491347671185,2.148694282519233,3.470055606395577,0.7036009594889295,67.11090870729922,12820899633.9973,0.001169360575423
4.833518697370714,0.0926588052968852,2.6240928437483597,0.0208204703943583,7.150046560057718,8.453279209141625,0.6714057274765368,108.11915318350653,11241257997.720102,0.0012813255206392
0.3282950100929239,0.0712211312834353,8.266829621064879,0.0199855312667392,3.3292975958433257,4.797842461482365,0.3122375664403938,129.62882376283952,13543183393.682524,0.0007582994785277
1.6930227688072332,0.0516925636238898,1.1804541441038314,0.0066417240528519,3.7946623414387615,9.006128901929305,0.4208518299467196,120.08028010689463,12806626126.813583,0.0
4.190565738667977,0.019326966008122,5.225690422617197,0.0389914873884173,5.297358599938543,2.925534883452864,0.3128076744738752,98.03745521842444,19592995551.345085,0.0005083883807904
1.2635594736805502,0.0299728452328741,0.5235278869673449,0.025072619076837,7.000132467205969,2.3199722123637927,0.4135003214151094,116.89828938734776,12462318014.725977,0.0012373371679706
1.2391534447469814,0.0266344027610307,3.2912573909574743,0.0137802871029515,9.402992711834289,4.9752861621166335,0.3645572691981086,119.23995570908691,18942937699.32541,0.0
3.635051417798884,0.0755081880652121,1.7163870725830814,0.0086320802311512,1.5261491057495034,7.045524153795591,0.6109280732507009,100.89884538708417,16096360920.632664,0.0
2.778003497727332,0.097814682030345,2.032875084906646,0.0084772033043291,3.051075498683563,9.25241277666008,0.8382590172890063,125.37015488961696,11893309178.808949,0.0
0.5994952639220175,0.0187984702289722,2.4497224142289777,0.0082123935016167,7.4223123979172465,6.245592278364543,0.7998160400936201,117.6130768767931,13812699472.768423,0.0
2.070418445735968,0.0318360232771861,2.506369109253192,0.0040127659014248,6.375509920127618,5.246217265729496,0.663003030847408,117.40152067747024,18861461588.897667,0.0
1.2224232758125682,0.0358002433858526,2.455506497732868,0.0149754634703945,3.879824125990514,4.6131555786510425,0.6194879214576083,119.43305633497312,18652242466.33181,0.0
3.387254529058759,0.0941897957997486,4.575585266182952,0.0401975805119547,3.776225469779828,1.7739922788259743,0.5077686526852809,118.90898863600056,16085658214.498068,0.0005906964397234
1.0206011949667304,0.0275963390604116,7.631249300754666,0.0089201966383572,9.83486575463728,7.559028367178949,0.8288077437775738,115.01166997569118,13555551188.586594,0.0
1.1012914703014611,0.0255854702277253,4.1111484001739385,0.0076085713545264,7.46984698064701,3.663624373783342,0.824992833761404,119.4661434094764,16809298919.16454,0.0
2.069992148463741,0.0836992526708413,7.704928730621403,0.0080025127237009,3.7702794285095695,4.338135304064677,0.6447680362163138,103.51675402948952,14209057045.014397,0.0
2.3031458025496576,0.0219384245909606,5.476588943657699,0.013312265728032,5.485520907367271,4.38178258970515,0.7995722821012611,129.20155157315747,9998154642.293018,0.0
2.205422418308899,0.028918748563212,6.134630257967922,0.0216822933004096,1.8965028418790275,4.057486368315939,0.4297325641710776,88.68072448687322,15496237351.738256,0.0008939038726948
3.1459362305527856,0.0812436611887405,5.199764129150458,0.0071742935570487,5.065625762709645,8.263425984420264,0.7994912277968397,118.06651895309152,18210263766.16551,0.0
4.891979913629887,0.0653506221047885,1.9408672065580848,0.0850976237012944,7.276681744079471,2.6670034122005646,0.4081652673393436,119.06813329072224,18493557617.056137,0.0005182069208486
3.9760432606226663,0.0554646733757925,3.0117771796555988,0.0912704803746505,0.2673596875226621,6.1792983484951804,0.7641172695349213,61.20870585707023,10154325688.204647,0.0011487660249336
1.2391534447469814,0.0266344027610307,3.2912573909574743,0.0137802871029515,9.402992711834289,4.9752861621166335,0.3645572691981086,119.23995570908691,18942937699.32541,0.0
4.786295544490065,0.0757131691955286,2.3156684061325894,0.020558472709944,1.47095817452121,6.760781260827316,0.6974286887931214,102.6876405957176,9909700746.201176,0.000631670873253
1.0468533277967735,0.0480030134006385,3.898069861007536,0.0151561755723541,9.366655076752416,3.4394273013716496,0.2559176879705591,100.10435565142762,15352632836.10526,0.0
2.6164512435160727,0.0380315105056046,2.516216929957666,0.0221365996381577,8.10700028981835,4.048589114040922,0.6452289832069624,103.12678163895754,14664545690.572166,0.0008574128520478
1.7924296214887974,0.0280893215957525,7.35344165992636,0.0039843079960438,1.4908808710555292,3.4129930406092144,0.0722562185890336,69.26732663621173,9442767672.893885,0.0
3.070794828754168,0.062792030438256,1.7571691998134358,0.0137833651710323,2.6757170282716136,4.409716455528494,0.4551324579597203,107.48943522629642,15418449483.535908,0.0
4.168842072104334,0.0777129267771691,2.068183003034877,0.0327859741077808,0.618952804466462,4.766372827041644,0.6858746634597152,104.17022181746604,16349273069.63097,0.0009203164281693
3.1459362305527856,0.0812436611887405,5.199764129150458,0.0071742935570487,5.065625762709645,8.263425984420264,0.7994912277968397,118.06651895309152,18210263766.16551,0.0
2.8567458660260434,0.0342567426244277,3.710244591057463,0.0221780632255135,1.2777786864770817,5.8905010042974695,0.4695416375955794,98.70279015142115,13835831403.572865,0.0007786122786063
0.6023838436331601,0.0291497282794049,4.642826798947515,0.0056686287242333,5.975843067048225,13.10259861033471,0.1374927084111179,80.48092478458166,12043023344.20387,0.0
3.3651036148618583,0.0982688363581751,6.323293606471695,0.0060899070742529,2.1116741930042786,9.617361657318108,0.6872810096917509,129.72485250686267,19438670430.24705,0.0
3.237540009897782,0.0737660554431384,1.024351257573791,0.0271569186998276,1.874616284867716,5.63855283886953,0.7580777604363624,105.90914978021436,15403990993.38086,0.0010296663399582
3.7288016681236176,0.0973584345882231,4.2644007732884734,0.048502072843229,9.783148767801537,14.111147090155864,0.7722191966474885,100.31608956870276,10363953876.212244,0.0006413019978928
3.5044583042203805,0.0854959109350654,2.865756926125105,0.0092271901289299,0.4152388322537228,5.848708432074786,0.6811073040704253,116.74514180562144,12359892077.363638,0.0
3.6079152890775066,0.0981969328387192,5.171186525588544,0.0031333320103318,2.508965268686187,6.4211106842018575,0.8499170134848608,122.22743512587438,19852662144.588783,0.0
0.187926075679654,0.0743602372933132,7.175794328534601,0.0234701554948917,4.067586592666365,9.684515607408423,0.2397315940181154,125.51335806587328,12646461128.980907,0.0007419201882925
4.332973567392809,0.0954949460830779,1.8147241456946543,0.0360162162758044,2.058269752105765,8.04814165747083,0.7198057069231204,91.3772545334213,10612577374.893364,0.0005112396795669
4.320720245979149,0.0854084644155278,0.5719974066075258,0.0304306435583737,2.533947443089224,4.810566736161077,0.6457216493937581,124.62324065583626,9851415607.298712,0.0005852555411813
1.085955418711251,0.088861980025744,2.9827326815230766,0.0123407539020121,8.041635686647611,8.240521917883594,0.4925094575037101,90.3827272178156,13064362423.318356,0.0
4.649460890473378,0.0421722834836133,5.903267270957138,0.0515139487937767,8.679196469123783,8.605111997063881,0.7104090920746747,107.67840016024024,16257301427.199352,0.0010970731312151
3.993056429391416,0.0840244731850227,0.5958999840596788,0.019813223181319,1.9591884565704012,7.723908494584584,0.7203458791420315,110.64613452982792,12467433920.998936,0.0013887358126655
2.121271987292433,0.0659361456036086,9.352901402734714,0.0556695543203115,6.999186182896697,4.875720243737149,0.0684493709452631,74.01448880683988,9979424315.248993,0.001229609453221
0.9471274418775044,0.028677739392127,4.202759600576073,0.0112929031330375,8.899088249033559,2.644464304752809,0.3357116115100295,115.17723948552734,17887935495.12002,0.0
3.646346917386634,0.0873743989403176,1.572920820251975,0.0021090557865705,6.700467116287463,8.37051305784501,0.5390837070803683,105.7491811615152,17259193745.528015,0.0
0.9870269873531132,0.0670978168538904,5.234639417826193,0.0024891422654233,9.920517524483698,4.851724914191707,0.8242037238834181,118.84780627028738,17223425590.275986,0.0
4.107837586166283,0.0939408650607416,3.1989687693579034,0.0258643698694825,2.603000718890974,10.082500972943189,0.4040694014354103,101.3747611234224,16816610886.152328,0.0006555577573091
1.4431717788839091,0.0275447081117884,0.891096431367537,0.0087474463019557,3.874806013998468,7.917436149336886,0.8213160382190775,115.35474025109836,19415218880.45212,0.0
3.259127998417003,0.0365363142488843,9.208560938555202,0.0018475225799857,8.186362328935557,7.361395353013815,0.3026954373887706,71.70716288047984,10780860595.513092,0.0
1.660800398980813,0.0863376726903485,2.8750290606579574,0.0059662293839464,7.31608421981512,5.86655997170659,0.8101720491656053,125.38707405590864,12410264967.429169,0.0
3.166615819977461,0.0530627393422783,1.9675564272855084,0.002321420426781,3.814041985456742,7.708881026745883,0.5038951933301792,118.8167538008324,13086572623.201536,0.0
1.7870270541697677,0.0528857426946259,2.571185584341504,0.0030335435991454,9.981426251840176,9.659984515498822,0.7093224732860822,82.37767559033715,15777390123.010204,0.0
0.959877106359744,0.0604090843552891,2.3430547295283928,0.0071082468507787,4.392667641244555,3.072327506730777,0.3192993890617395,75.28752408981354,19322486884.296432,0.0
0.3573135617637138,0.0171855283608627,2.3132461468085945,0.0049420609454742,8.298138347527692,1.9044878643289267,0.7360276712438573,129.11399818607077,17641087585.993134,0.0
4.714019774664647,0.0854076293266294,1.6502788635295849,0.0252965010811196,2.171862990931462,4.37788571519504,0.1469741914141624,88.35241874901904,16562564123.80745,0.0005202639270335
2.6769362243399226,0.0901622589606826,3.815515727499923,0.0023187106582449,6.759488543600411,4.4083940522295935,0.6816469537166414,121.99906164735977,15338528883.854055,0.0
2.860343097274252,0.0818118617401618,5.109796534316371,0.0189302200968788,3.776412504344722,6.081779646894765,0.6616020803353484,105.50080040268962,17678395939.635258,0.0005532040111939
4.690365660861902,0.0925848158159962,0.811173587337953,0.0761170456784837,2.1943320601847445,9.568701909355283,0.3606485144222907,111.80026593692072,16624539538.499563,0.0009713059208442
2.426923923205752,0.0482723886824577,1.263783168130244,0.0176626038394173,0.7367347399676719,5.035432076789081,0.5130264276668862,96.43553123966448,14761817923.185368,0.0
1.2149974906397754,0.0264874146511298,3.1189272393768923,0.0210224723641073,8.125273720617935,3.5659003961208047,0.6541059830905436,94.4328131742723,16014312648.100851,0.0012631440792985
1.213740204388696,0.0582287895373048,4.721091395547614,0.0108757019827785,7.178573525955038,10.145214735327098,0.4257505119319329,110.73153744911936,17876564301.698486,0.0
4.312203112703521,0.0393835227919338,4.232372463481796,0.0229552750198744,7.028394895643092,17.227821210030783,0.6110120437423054,86.05511989266871,17391627578.839676,0.0008874235957318
0.4837859919971875,0.0998283878976981,5.458947930435593,0.0971086389971403,4.245076814115195,5.7899592731705045,0.4419192364707529,66.11233452752774,18770470518.49039,0.0006052127775957
0.4122819315575472,0.0052701413903162,1.76676745194186,0.0115949007879147,7.703175626762772,1.9441153317679536,0.6844380771856459,126.6734022144576,16628620364.560047,0.0
0.2850845646295353,0.0138936683616319,1.303196856075273,0.0068050280637513,4.155648200568331,1.552248559149252,0.6930399568093104,120.58928546777447,17426438802.33795,0.0
4.382903174262158,0.0743806102794666,6.731294051472054,0.0418936864663007,1.2248430405249184,11.046438425384766,0.6922062188159346,128.13163847020635,14820096222.224913,0.0006310359240019
1.9181923297013328,0.0323258633752486,8.862183821158062,0.0224900198870012,4.208989540489258,4.210297109463074,0.0951805174081932,86.73252385624062,12895284496.888092,0.0008539690048497
0.4776443571747649,0.0737485914402269,5.415970467651226,0.0082409410690829,5.440186520251888,4.580089942397179,0.4474043198433866,106.19946023491131,13849941035.016474,0.0
1.4824853596184218,0.0157778398972805,8.231810852574556,0.0124436521044665,1.3663947215650254,5.72599883794361,0.4099350215609983,78.72998161520715,15563460949.16233,0.0
1.3511218150946596,0.0115507403182858,3.069878699493606,0.0041994843096158,8.61693785380757,1.2056865723135215,0.6284635956948712,106.38577327058648,19734080761.81443,0.0
1.0808328950413997,0.0272210111338468,1.916034290573121,0.007885899476315,4.381494680020606,6.236583004424847,0.8069660531502868,120.01170092189098,13599521097.945564,0.0
1.276842357083082,0.0497342053488174,2.060331397309098,0.0036667673576433,5.37394295861196,4.8792712133486855,0.4603271689873943,118.51536755386924,13626072382.056906,0.0
0.7787998169815006,0.0577834912357524,4.620251520966319,0.009948381075681,8.118953424116443,3.91381463202949,0.4886369613933661,111.32088340042556,13647127725.37268,0.0
2.4021946972927504,0.0829490592552958,6.615875777718651,0.0048681595671732,7.782785252071492,6.126774111072775,0.6856474867879117,116.32199179520894,19534597485.86793,0.0
3.318080857697025,0.0980148821990839,0.2650487151666908,0.0200371822865819,1.3588932309168542,6.163355063708524,0.786091156016798,118.27375764130824,14880520861.51172,0.0012224351144468
4.994025826518364,0.088586796775859,3.1872011395210538,0.0027811503722135,2.57063377647841,9.381712574993612,0.3676353345765006,128.3807639202001,11142078195.14875,0.0
4.824382480465921,0.059160996706318,6.182110924941815,0.0722950921579944,0.5530135007107725,5.021314398805872,0.6295523375644335,112.67742156584382,10516681788.314192,0.0006177641146491
2.3136309338817185,0.0977832756650443,1.7072803117425246,0.0507688379354434,1.9096327031529008,12.64476449425973,0.7815049448107582,108.53508503797246,14735025082.18909,0.0007473099144996
1.1783623392588494,0.0230591563151894,0.5190039832980344,0.0041986468709873,7.38021005208908,2.771200301414473,0.7653758040901195,117.8456759909892,17235341445.910435,0.0011810002023236
2.2433169780057454,0.0758728715283411,3.521873636438273,0.0145474434372877,7.123833997014276,6.58009020981646,0.4492057882403887,123.05846025209244,12769228488.11215,0.0
1.4283646691695404,0.0816794856159208,2.6873267407287678,0.0137547538476837,9.166326835082405,8.625204094310227,0.7136743530416492,84.24174457956066,15587072167.186943,0.0
2.3160984147749155,0.0108350084524897,1.04594723647639,0.0080912377685522,4.722306643771954,6.523547202188206,0.8410373318949139,117.19711159055782,17558710248.305748,0.0
3.0183881512999857,0.0579797900355612,4.237854655232852,0.026481735022538,5.004674254853718,4.405643592005413,0.5533796555533267,96.7875919422982,16505360868.159452,0.0007066362974957
2.9723217274396774,0.0861862079704883,4.247058825282522,0.0311475112774708,6.679185972702698,6.347782005190673,0.499919166170256,69.60392675441544,12455319549.11611,0.0006348159768573
1.4976723558480405,0.0327888946864316,2.244555459751693,0.0123572957266937,7.793934649454555,5.247903759308583,0.8409344129135317,97.06501615964788,16620487288.646246,0.0
1.8236288737481412,0.0270621681525103,2.181927656346156,0.0042446203556411,5.144493344163971,2.26091192346206,0.567387060391647,117.33577324627804,18617986523.781395,0.0
2.846345402764152,0.0930376630955465,2.205681060011465,0.0217262759038774,0.4862840953142195,5.417480948522646,0.6183014249951002,102.170823202494,13390487669.768768,0.0009303999035522
0.4618246116062167,0.0748942876363918,5.388465350596244,0.0063702834135669,5.1744903984084365,4.648656468929971,0.4409808035025632,105.5366168309226,13881006274.360512,0.0
3.3729778650064524,0.0876253144116803,2.651539013474046,0.0098983083697351,3.659715236536352,5.832247084255062,0.5767108771395961,95.63312324499582,16656200693.432589,0.0
3.98632220032562,0.0854806795652274,0.6610510931038632,0.0200196811659958,2.039378902925176,7.8550480161231855,0.7108713688934674,110.71736037405395,12510403959.204628,0.0013703654240268
0.1652652055215919,0.0245206896301114,2.6567968450703856,0.0040749672962489,6.344032437425997,1.8499568518342795,0.7166463266804727,72.50310971587635,12988560614.116762,0.0
1.6478852244369937,0.0334855303525772,1.3496354684234322,0.0050021831992386,4.908960232794989,3.2797744895595025,0.6370877304067638,117.40570804990617,18244770027.75995,0.0
4.386415488938191,0.025064444485037,4.960137864859508,0.0383361383842728,4.787292829126074,2.666817617370984,0.3094214396344409,96.58603067780422,19661569184.29016,0.0005059417853496
1.6844222351084044,0.0542767997558652,2.3878964752012246,0.0043531078299581,7.172667940720435,1.0417520918386114,0.5703084167243556,128.47475664951992,16416676301.869396,0.0
3.453713953001765,0.0939814483058221,1.0416228739609534,0.0218223235066679,4.7611507845346415,1.7983713097693372,0.8078870005796418,115.9420301484116,10532230329.420752,0.0006722797008531
0.5250342164324774,0.0579992073075076,7.459122222503776,0.0122003736769963,2.1332053296500457,2.8899733222099075,0.4454589010433329,125.32008598255504,9621144089.705769,0.0
1.6237438441631296,0.0336831468525527,1.371290526071802,0.0046018157230094,4.906196070000295,3.35291713640549,0.6399078047072765,117.62346273388168,18268507826.56105,0.0
2.864149130073515,0.0589778729733382,0.9686850449107732,0.0289656147301609,2.8663896700553733,6.646435929823005,0.7139840967364832,109.98128699601666,13802165540.004393,0.0014618971639358
1.2170507809134468,0.0591899567319284,1.1164953704224652,0.0872056737549366,4.178463949536295,2.316790378459472,0.6803954769038585,107.2100648897846,12306690213.122755,0.0009141027206985
4.833518697370714,0.0926588052968852,2.6240928437483597,0.0208204703943583,7.150046560057718,8.453279209141625,0.6714057274765368,108.11915318350653,11241257997.720102,0.0012813255206392
1.1472383503023762,0.0529540364442665,4.479279384971481,0.0364838669853498,0.8140083460646488,2.494390375537015,0.4468571706307672,115.65557534627872,11484468878.71619,0.0007234369438028
1.8038796279778977,0.056334881425577,6.323706016028495,0.0318032201245676,1.2706557160536414,3.230780946858855,0.2278850258664062,96.23095806817,12102638895.1226,0.0009160382701699
1.2320120138262334,0.0249707185616266,3.77154694550504,0.0077494473468733,7.817737492440822,3.49332758453776,0.8236069614825839,118.94520431240636,16713258589.285269,0.0
1.3885114489245305,0.0292312081941522,2.799978564589501,0.0192562172650674,8.844288822693034,2.9014936668608717,0.80929335483231,123.97023437545532,13597650556.623043,0.0013822558521502
0.699373179131624,0.0103205665197272,3.65811279354248,0.0034546888098893,9.81304955809668,1.502073614166183,0.6123368927636517,129.2335787493607,17194855621.80544,0.0
2.689042512293613,0.0550827376333075,1.3485392957870297,0.0193335491884999,5.633958951961219,5.461250657410579,0.6882401485023631,105.38571017751354,13079946154.113422,0.0009853426655638
4.587485422865349,0.0766033635593854,2.509346862453053,0.0223586491961822,8.673203628880048,6.724695746641217,0.6431020216034388,124.25199419431594,11528865535.16785,0.0013086224915153
4.919731583623353,0.0606087572483701,3.4567275055221955,0.0041967331501904,6.405854939235061,8.23900453395332,0.7224626054669526,107.9511839010112,11340878444.838505,0.0
4.548775366935048,0.0581451990556756,8.59274869170607,0.0844085211119209,3.419446279948521,5.898823641900085,0.6707494669831381,118.69409495824073,12974571677.749613,0.0014894042827805
1.3657949388942343,0.0756144113193475,2.3442322394560176,0.0253070665300132,5.227051302937195,6.749958160429475,0.8206690064993474,122.09145558973457,15012606569.107038,0.0012519653877663
3.6324426831118,0.0827506410176802,2.832417442059465,0.0890189088516623,6.784887043239912,4.433372722702121,0.4082225234302643,102.91558379927824,13483679052.520174,0.0011702974020297
2.826392007223597,0.0303474170642166,9.53332660044626,0.0373833859353862,8.620029401599906,6.9764464831289805,0.24585393421745,128.65126872874487,13817513412.4066,0.0010138356416891
1.9428044960345807,0.0767657067210744,6.024757289820331,0.0176707016002338,1.6370580201620577,7.671207827686408,0.7716062012489249,123.92239825335446,18997560482.709614,0.0
2.0271194505215555,0.0934714032937001,7.1153240497522505,0.0662106873846346,5.825115737252705,9.595923209537723,0.4431297197271315,102.31970809824683,14003664549.139343,0.0009667207630245
0.7373232331411097,0.0987816839471893,9.621192442875492,0.0074773514923304,7.380359907865339,5.471498819026749,0.1006746884130339,107.77793247282696,10817880777.566317,0.0
4.359253561186869,0.0926950454661842,7.157176256735737,0.0622533238962305,6.453997603534308,12.530847430115776,0.5855393752474779,113.9789845528122,15480155811.152672,0.0006656638912009
3.1336313766198143,0.0994492933737538,0.6083386806871814,0.0272444118500535,0.4018865928330772,1.1451041641045308,0.6552411095807141,123.74226991355616,9302290112.433662,0.000697330948192
2.013266552595484,0.0987951768362296,1.69959952713458,0.0215975005002377,2.9439489872066944,3.225177498379193,0.2143737699136358,92.49239982746772,10698433535.163216,0.0010794141018225
3.0579294898142098,0.0656102848273778,4.2145476196085445,0.0554290181287711,4.268846899984027,7.61829473319815,0.5874088221112785,109.05569720696086,9094949622.779411,0.0006177647938799
3.6262422076400735,0.0459106846207763,4.954308670835938,0.0078888789259686,7.720405267241873,8.422319344880737,0.39849591221328,123.46515265572675,9464287735.153503,0.0
3.083473883639906,0.0991447396554588,0.5226677288126601,0.0262699537821115,0.3051991695481983,1.362523165004065,0.6458331320567698,123.2942594030265,9186331396.66975,0.0006990887208511
0.5891316654148874,0.0108859364930325,3.524635195260616,0.0042291353278118,9.780525027776536,1.4578728926380575,0.5984590509979338,129.8309107070382,17240821748.26318,0.0
4.398501989156531,0.0424353814789245,0.5240707566527888,0.0688460850450843,6.899358430867943,5.749564497610605,0.2179790288977186,85.68207056886743,9678130008.51076,0.0013918610205048
0.3959257620993316,0.044115697933934,2.410829358074232,0.0173200993667797,2.46871823459659,3.9202947851849537,0.7912515594857719,85.89140755038937,16530293949.496748,0.0
1.2187000402802357,0.0250492610716462,3.763808184113397,0.0076701538955752,7.822657126141332,3.48596552713873,0.8236177851051735,119.02345629390312,16713810578.181849,0.0
1.0072124432318383,0.009482899937433,3.387389403550064,0.0203083950780325,5.558664147598441,2.122502722206588,0.6290346425548053,113.75500013988189,18401428617.36021,0.0013191871319838
1.4283646691695404,0.0816794856159208,2.6873267407287678,0.0137547538476837,9.166326835082405,8.625204094310227,0.7136743530416492,84.24174457956066,15587072167.186943,0.0
3.148412823035,0.0400360692727124,4.803330521452066,0.0369646312171697,9.045321785140631,13.048952078195192,0.2906646701287891,65.14806635385821,15541426086.233822,0.0007537016161855
4.3092712568544975,0.030340737536959,0.3874727422073846,0.0214943789480929,7.503519888974997,1.752061141700601,0.3384846093245188,87.71247987144125,10877004684.70713,0.000659222839003
1.7018738883432196,0.0940158866921101,2.5581547998915064,0.0093392111202623,5.348520120353316,6.504462773214847,0.7220132024189473,125.83526427658042,13392567501.974731,0.0
0.5994952639220175,0.0187984702289722,2.4497224142289777,0.0082123935016167,7.4223123979172465,6.245592278364543,0.7998160400936201,117.6130768767931,13812699472.768423,0.0
4.042090783662654,0.0739602755282886,6.230206498199894,0.0265993424168062,0.4719792360437258,8.820632416861145,0.8295590000665486,128.9842639355259,14627904263.993006,0.0005063926177481
3.996003369774208,0.0790838582723537,3.0945769600842064,0.0140418052542935,1.2930921130756396,8.402089158768986,0.7082211766235208,115.88531778634676,14778196172.94883,0.0
3.653653889532536,0.0181386229297439,4.994642313494775,0.0296804724766615,2.8365334058791776,5.7789717234333065,0.8248049238604033,80.75757498809904,16759558519.713938,0.0005876577846769
2.2683948830635026,0.0679155835366452,4.218233170983071,0.0253110995689273,3.88991102796426,4.239813083779078,0.5126537555256161,85.94786277432529,15465566874.093164,0.0008889997568246
3.982659870693966,0.0924547482181237,5.091159667673192,0.005529388761308,4.0967807834713135,11.129121919966316,0.6365510185344166,125.17263537101412,19191478052.304813,0.0
3.846396910910293,0.0937693250813421,4.366213614119391,0.0255732076496716,1.876731687525414,6.036283062068168,0.7832543719759238,85.67523980618148,10615052998.69172,0.0007399803337862
2.037353648825645,0.0463006242504636,6.21606956237776,0.0377499935914991,1.7655179843340534,9.968803140705637,0.3083601896502261,87.92224309165049,11976260508.925549,0.000697800394874
1.342841644485985,0.0091990087008745,3.1371707391291723,0.0029058454879659,8.563718933324463,1.114893413167639,0.629535360025265,105.0946008093222,19625529131.284256,0.0
1.636025662822736,0.0358505679955069,1.2470843390090876,0.0309682577956747,5.559110311409778,1.0281128294723771,0.6451060510076788,81.44572190602628,14999095067.359104,0.0008486276802879
4.16023734553916,0.0884255424415935,4.8872360558284695,0.0498794042595106,0.8750691477963685,7.446844618714819,0.6867543498383574,113.7477038803568,13932589665.149649,0.000782715860262
1.2447004961334245,0.0386568685371686,9.319753914735175,0.0104733176066135,6.994382098457113,16.45633636924448,0.6811536998377072,92.53961504797624,17817237355.331142,0.0
1.3063937454545915,0.048368899254759,2.349047610533688,0.0025380253894327,5.537760793297149,4.854979999620521,0.4611138423074036,118.68530635009276,13821074110.47402,0.0
0.3506254651953732,0.0182880689170353,2.7575624609176645,0.0376400014020243,9.92259853812786,3.158375225213718,0.7979097050588831,86.02021559742062,18654748714.35909,0.0011707401756991
2.510019739734785,0.0592044178024992,1.4026876330775848,0.0190325871252092,4.367987579581266,6.1788971246364754,0.324063247934119,103.30185652780092,11219408962.06774,0.0005335386994696
2.0657309204796075,0.0824414138362081,7.819558672072446,0.0078146914914703,3.493304468601492,3.92284879441438,0.6715929490913075,103.77504318204716,14297201616.449047,0.0
3.5410228865521938,0.0715396166479417,6.642150167735808,0.002297925082725,1.1969098829482248,11.197635282677512,0.7004157812064767,129.0395279240504,19219598345.33961,0.0
1.5864369410942916,0.0807272426087849,4.848354315988685,0.0139145535620538,1.8261052223891276,2.7892994885465754,0.7613513911569931,99.49160410560452,14538132553.824469,0.0
0.7137751753478145,0.0354468495803692,5.707121035060066,0.0073240984209831,9.39070305100595,2.880779606936183,0.8335525685398293,112.39211715952096,17964153729.29163,0.0
3.1203329960915864,0.0995576023515839,0.5713433007563872,0.0261826024684602,0.3527217271658313,1.351686599219331,0.6518825346048118,123.71912600781616,9191988116.53656,0.0006985597029852
0.7176521039142422,0.0120271400577011,2.831197107992006,0.0350943261592822,9.94271504506758,3.733027528041258,0.7242278234726155,104.4300493736658,18072754722.524723,0.0011872275761899
2.54741278991084,0.0147368412316467,3.797524921635308,0.0049912688396012,6.89912741378524,7.525809436704945,0.6392523088815405,116.78257809730218,17119370703.666609,0.0
3.021058898662236,0.0740219299825315,6.519167273231198,0.0058562128541774,1.670075097909565,4.083012864322185,0.7732513254918967,99.8902223736982,15875350799.899605,0.0
1.219791295412659,0.0267885239699667,3.089437629129124,0.0207377139460419,8.09632784664699,3.5717507763308567,0.6585989420404273,94.43172704351868,15980361277.726015,0.0012628371027234
3.604844412379123,0.0983456361566742,5.205522674785732,0.0031261546237828,2.518063926118824,6.409183686039398,0.8478653254982371,122.17251644709074,19844047984.267506,0.0
3.818589042631068,0.0840463693496467,8.916043136162529,0.0187804304990577,6.333001251874919,6.815800591854421,0.8186896658390695,71.09992939077473,15784027677.4513,0.001191110383113
4.365649464358631,0.0512621174159067,0.2591644222128749,0.0968261852856344,6.948119427612616,8.537120030210856,0.6268717513878193,71.57850361917238,9024588663.263325,0.0010157202698334
1.9387343618384285,0.0576489780750937,2.484103859533921,0.0410068780903834,3.5631769825090904,3.468431471402269,0.6400402281373563,116.62448102519458,12469522005.682226,0.0013688999632326
3.4083334605432167,0.0735393570553296,1.025145802686379,0.0022075944537001,2.4789276266320104,11.148106656307618,0.7112143031062825,125.28887546973814,9125366408.921667,0.0
1.9336334626354,0.0625347221340561,3.4955620323536114,0.0325384631531875,6.433169657287911,7.285380481311181,0.8062962334261989,114.29626223132904,17797608679.821705,0.001219856867735
2.5843428653133054,0.0757717742480942,7.397352637254366,0.0176863133249882,0.9504322116015772,5.19046896680019,0.6233894979118009,90.57523628327584,11841923898.819326,0.0
4.015741489098489,0.0818591158401227,1.2855949355399472,0.02635267284493,1.8372053494928795,6.582502624316973,0.740639303168626,91.32858088763976,11612927753.195494,0.000556681276434
1.2656169750241877,0.0267967773396396,3.6917152384629177,0.0062963436477534,7.668855490879269,3.4580929921948687,0.8211202033441922,120.09569091935244,16543343491.051046,0.0
2.7700804781053785,0.0423930671861253,3.955509971214386,0.0108053440130077,9.457045086970322,8.15641786417175,0.1560580043859253,113.9344372743531,10538050495.70737,0.0
0.1859993468151244,0.0060503103109654,7.757504916682873,0.0358405952396213,6.798424524911282,2.093932383695551,0.1126092196579425,105.65376284162916,15625823407.673729,0.0008018302220953
3.396182817839393,0.0412947115797048,3.205912484543599,0.0123937561358929,4.675520438229792,9.303302174955414,0.324860385925217,82.3259305970105,10865054566.100164,0.0
3.1164262269664422,0.0975680396139345,3.1333825436626803,0.0121271510285916,0.9254509307869776,4.998929845812145,0.7556798024896025,100.86147447545764,13701782928.5257,0.0
1.2383970167178269,0.0262430854464748,3.914715762128048,0.0087919904366279,7.751517546200541,3.5262958880456954,0.8289160674965945,119.10049728333414,16683421993.366331,0.0
4.126300489144113,0.0969154070758893,3.908031856029604,0.0217970823884613,8.923377485877896,7.300237875644957,0.4837030750911961,118.59732244321832,9488568415.388988,0.0006385180288507
0.3486932603571177,0.0613391441127617,1.2686783172636489,0.0131659200741691,8.08718432829903,2.320785649752593,0.6659531517469,118.22034394206491,14225602335.486591,0.0011937917175091
2.0226279559017666,0.050737401756301,2.9517963504367466,0.0038721027234031,5.58292564943378,6.312579305340248,0.4071762816629118,113.8210227315058,13397476136.135372,0.0
4.335111741335462,0.056456920786273,0.4069899325956768,0.032161571105057,5.299527256134866,4.65702680553727,0.7841337083421427,83.36657789617841,15009123166.549046,0.0010501932856472
1.049493393684642,0.0170666886366795,2.1682140901065834,0.0098050637896179,9.321899029594237,3.551391889082251,0.8070541428045,111.39981078094218,14728899031.883804,0.0
0.5679371618619111,0.094417931138512,2.7330182376859646,0.053626004157366,9.997273960391585,1.2973271110074622,0.4972348828411985,129.68963918339867,15298931884.522488,0.0009634547349689
0.9807011771146652,0.0386380316680174,1.4128011331960415,0.0252117393973377,7.789147733746724,2.624536836200746,0.695749765600299,106.6463244236743,15045830344.776287,0.0011264666111156
3.7912767071755824,0.0801335258717234,6.460588238271095,0.0817177769406859,0.6864483800720631,5.254652287471123,0.6431001438531457,90.90869610164376,12311028475.971212,0.001043573178373
2.4624839893312997,0.0693437000800514,6.030207866113525,0.0080891886097884,5.597002259440378,10.785230907947843,0.5142705156438101,129.69469946963437,18615215847.75857,0.0
0.3486932603571177,0.0613391441127617,1.2686783172636489,0.0131659200741691,8.08718432829903,2.320785649752593,0.6659531517469,118.22034394206491,14225602335.486591,0.0011937917175091
1.2083591335501738,0.0259334956675044,3.9135951384139007,0.0075691106158237,7.781025638064364,3.52381966226905,0.8197059387187535,119.46153265547156,17057674226.089552,0.0
2.200916655275696,0.0466854797493651,4.553964116550185,0.0513789592106999,8.046505232391718,4.943821062294789,0.8056957004748758,71.15203799025616,11853007618.888288,0.001056435562136
1.6221030802185434,0.0524367079235458,2.717856704042744,0.0589534121722619,7.219684263933419,3.3944790160252927,0.6155434772094874,106.96806836381852,12897915167.025982,0.0013882388085844
1.341434459786214,0.0127743563883692,2.875777408657948,0.0056338116176272,8.318276315279428,1.037104728690078,0.6147923932707043,104.7941421697704,19985197398.069576,0.0
2.948531669830209,0.0223599694865932,9.426108310376682,0.0359639504764276,8.887801719855572,7.716892724026694,0.2565134641139276,127.42813271505584,13501308742.17934,0.0009875685387246
1.2539701789251727,0.076682397978646,5.408239134008963,0.0105427895814475,2.342574174562323,12.624373338386846,0.1322567855394052,115.89518242183408,11064501953.842745,0.0
4.185216939501973,0.0725537113852087,2.061643191406923,0.0124876368208398,2.396180733843029,7.505019375551752,0.8284711839568526,113.5808784404458,14067894440.423073,0.0
1.475114520467855,0.0147543359555549,8.081955566148764,0.0134728696537573,1.2363473448997195,6.098279008446138,0.420149266793458,79.29803131762031,15819450521.66183,0.0
3.369529768571656,0.0340596898455639,9.115502803196318,0.0116820817619468,9.292428669124464,6.368308201325413,0.0271209831287049,124.07399696003463,11697308867.050789,0.0
4.824382480465921,0.059160996706318,6.182110924941815,0.0722950921579944,0.5530135007107725,5.021314398805872,0.6295523375644335,112.67742156584382,10516681788.314192,0.0006177641146491
0.7428774642075855,0.0120480100474346,2.9184004232808487,0.0027562022572555,9.945065467111991,1.303367231417837,0.6093107940964088,118.00937823013088,18551865002.61301,0.0
1.3560256924595475,0.0593884303991182,3.624518005730604,0.0035686354709849,5.9778194207080135,5.592988271993804,0.7773986444893375,120.48534183303744,16565127586.169758,0.0
2.4746610072924518,0.0998236315445978,2.1265858092681778,0.0215489535694602,1.9046882584904967,7.681801281016735,0.745191777891731,114.21611282375096,14531385583.994854,0.0007171710344912
0.6109951269272743,0.0701765041102238,9.064081629635512,0.0506577485835792,4.646290549227374,19.947259599764177,0.1258684589781391,104.21459899664563,15037091988.210417,0.000847137115607
1.258914448511906,0.0105957463581128,3.601851307618308,0.0035912746597868,7.12755537499344,2.2384721779105234,0.609196943299863,128.6799832103489,17688444937.477753,0.0
3.026193048827528,0.0463286938856269,4.156018484272,0.0262487838787013,2.5280226066403326,2.250423601830972,0.4654875045539741,97.43105918659153,15339970167.83002,0.0008515756324734
0.6118635022653355,0.0851152469641471,0.2939399816905287,0.046915927635301,7.484971707531537,8.541680388844483,0.7016386158742236,97.59320991258528,9656704154.958456,0.0009430237311579
0.6730245486036875,0.0632514533635394,2.087350025741549,0.0152671019126601,6.133237863471933,3.318679396387375,0.3606825953888284,107.07230173925822,16201809387.565825,0.0
3.4704018545560027,0.0719554436452089,1.9096017341112548,0.0081690035368172,1.4032037761514933,11.971658352633746,0.6188876007800026,105.09457848315024,17744196406.461243,0.0
4.428753431982829,0.0509344481917829,1.4699543289951849,0.099398930250033,9.19848227210072,8.441063765862422,0.3182740704726325,116.97387017534722,9171448690.478151,0.0008690283983829
1.2656169750241877,0.0267967773396396,3.6917152384629177,0.0062963436477534,7.668855490879269,3.4580929921948687,0.8211202033441922,120.09569091935244,16543343491.051046,0.0
3.4950451685212,0.0928473728869058,1.3669407921014547,0.0199977086608368,0.5358157982532553,3.5672137236513266,0.7176260748524798,92.25578423612052,17692556856.711185,0.0008473313143742
2.417437770978544,0.0792256883689974,7.004947487846391,0.0311444722834931,0.975079597107294,4.301524382486754,0.4774509244948258,122.67138932798888,16223610574.206934,0.001189091201628
3.0532138438184817,0.0489418306449061,4.589973251867123,0.0106683995115816,0.8604365865826246,7.58584450987766,0.0809746163349042,93.52901547462857,13853173607.814238,0.0
0.6952377150783248,0.0681227026736038,0.883567582945832,0.0480628366165239,6.718302417690576,3.257062084091808,0.519701361757197,90.25101417092684,11210719748.75741,0.0011707459850971
2.053587296960452,0.0698757156028947,6.389914457643108,0.0221472839034778,4.8427739504566105,5.444964643791081,0.7022716216665087,106.58246546573768,15280723923.990746,0.0006291176547086
2.069992148463741,0.0836992526708413,7.704928730621403,0.0080025127237009,3.7702794285095695,4.338135304064677,0.6447680362163138,103.51675402948952,14209057045.014397,0.0
4.282392166398945,0.0717095777541554,2.1179653723973124,0.0104826871844772,2.505247189715782,7.565417423001463,0.817709240950933,115.57477093006732,14353039742.56821,0.0
1.3407199064974586,0.0502157511352933,6.017015173950245,0.0042905276879156,1.7227798888862695,1.223874022689374,0.4369953701724294,81.06727597903418,16007546326.060848,0.0
3.1832427807908146,0.0979690626361891,6.015741363028275,0.05189410792107,2.688175334115071,7.157140118860823,0.3738389159764929,110.4938646829658,11689734429.979765,0.0005883915113758
4.684596879020799,0.0668958438255926,5.657862077527847,0.0351838273930109,0.5445455100751907,5.906821340197833,0.7055382610931166,98.81737113477584,12669137783.438772,0.0006358998039752
0.4069823077240269,0.0474209618339503,8.255910917730187,0.0020902060905602,5.148241963665472,7.651335818144451,0.225308800009455,128.7381273328118,17058270784.164936,0.0
2.3160984147749155,0.0108350084524897,1.04594723647639,0.0080912377685522,4.722306643771954,6.523547202188206,0.8410373318949139,117.19711159055782,17558710248.305748,0.0
2.04269987041318,0.0833509050437072,7.660084106297264,0.0080265452142876,3.7129545734455887,4.343406167679336,0.6443140282529418,103.59362829460174,14235015752.354437,0.0
3.024391152202859,0.0430150665759073,6.028153394848318,0.0636285145441427,8.588758050841975,9.353213722123552,0.3434837923420656,61.83574300809166,18357910725.75757,0.0010255143361102
4.379707142606736,0.0921926377571799,5.492620637539373,0.0017830879387144,5.082749513153589,8.708250963696216,0.2295479733459042,110.58609837466454,13829554307.11009,0.0
1.213740204388696,0.0582287895373048,4.721091395547614,0.0108757019827785,7.178573525955038,10.145214735327098,0.4257505119319329,110.73153744911936,17876564301.698486,0.0
0.8434144565903728,0.0314235692326137,1.7467953595471537,0.0099890690281713,6.472165688913608,3.606431076756063,0.8409696968914963,124.4398698995033,13827403176.961391,0.0
2.034999099379926,0.0702019440344828,6.922962222967289,0.0052967365835996,5.694069622791687,5.1525242960211015,0.6798565150133444,107.81314748157445,12732980571.552616,0.0
4.679435154200931,0.0844894740056635,0.477015570817439,0.0855725738782851,8.226278075623828,13.400936398679187,0.2051959169460748,107.45186201817626,12237433841.174513,0.0011789941901563
1.7827808256445508,0.0339111884276743,5.961897552426756,0.0240016786941781,2.2418556443201,5.001946079490549,0.7670586701562233,126.29215800833488,14690119958.216688,0.0013431235330006
1.0206011949667304,0.0275963390604116,7.631249300754666,0.0089201966383572,9.83486575463728,7.559028367178949,0.8288077437775738,115.01166997569118,13555551188.586594,0.0
0.158442516533411,0.0098083344109025,0.9559545868342552,0.0204312614527545,7.072023819240693,1.8754951906644308,0.7353587212386219,95.94717552318812,10569204035.514507,0.0007373354206186
1.6839963365077553,0.0147466163587554,3.2678858521428547,0.0059730126016259,2.28485599692522,4.140605619865971,0.15129467016842,82.2942940156002,13204816097.097002,0.0
1.210337487717814,0.0255909169072839,4.280747488884093,0.0075827816511087,7.816940313840141,3.65516884265596,0.8165033640109083,119.3483429744152,17181548524.036423,0.0
2.4699720916113037,0.0174526528157463,5.394688498506231,0.033779856545937,7.99279217994729,18.040486823823624,0.828393989524995,72.58289398165758,16728868128.597189,0.0008080489969318
4.69732221804245,0.098857756116798,6.47722017249617,0.0868954058578785,5.065849714279123,6.374532200695652,0.1768358899457464,103.1778742958292,13830758497.469078,0.0013637226225892
3.088411845641476,0.0421102004045874,5.922094156080257,0.0630851971750302,8.648428774908968,9.332214870022035,0.3583135314685552,61.2990163249928,18340542777.33269,0.0010114867099461
3.337386202362965,0.087864888072149,6.667741858314179,0.0146508087032745,2.7403152235686847,9.616091113427112,0.7953759375948909,117.31106068660831,16732230898.9937,0.0
2.870136517218748,0.0669402535185769,3.629733452418708,0.0047464098467528,5.14342040076466,1.8167458205813023,0.7577195631827153,107.72755997107237,9113515769.942509,0.0
2.1662250479038216,0.0842094607525997,7.6488065105933,0.0071513520198722,3.761258417207821,4.5158945444378285,0.6521790154517446,104.3686812566022,14470992652.776203,0.0
3.451629657422917,0.0496727351613124,4.070257807225061,0.0217776980608217,1.383526104845667,4.875401280881209,0.3817897152579375,119.06702730995444,12122586790.115583,0.0010592027510031
3.325894837313532,0.0655563533406811,1.2182925561249702,0.0329038119219355,1.6584431429991533,6.295092966688481,0.3925095810266533,100.57673181798144,10469382959.847094,0.0006008270208292
3.9057894429178712,0.0579040078182836,1.101412732734243,0.086733181499625,1.4849487302448017,2.58420627378202,0.6775603214752989,107.98206269775268,12542843775.091078,0.0008814218317227
2.242890135832372,0.056111157356626,7.024463455546405,0.0137643974819243,1.6054621322551872,2.816602019614891,0.4876307922157197,87.5623364562995,13551807273.577854,0.0
4.7431253098878186,0.0921757974650511,3.2819658741093654,0.0305198058073631,1.4297398443262357,1.5411427807802838,0.5368484187017186,120.95322019604605,10237989278.750809,0.0007534429510213
3.0197632882902083,0.0326988064092635,5.858085597835392,0.0129293441560605,0.3125321455028945,8.067655640409665,0.4098464649306707,123.8841352297672,10446863423.975954,0.0
1.3966788752608856,0.0165005857898059,4.019581593202595,0.0083400585829944,7.3947574417456945,7.701336864379814,0.6010436854102443,82.34106684269855,18981015389.683598,0.0
1.5083344009660444,0.0403462973943447,4.9702435648337655,0.0525031089945436,3.750701133422512,6.643548441468633,0.1899895848870317,71.18056564585338,14860965170.5684,0.0008726402576429
0.6694895350820474,0.0118338335458801,2.866042478164186,0.0037839592473996,9.87867424853127,1.1337951468751015,0.6039106388593668,117.89554021354444,18434700675.992493,0.0
2.852351983988712,0.0516260510037061,3.933977850724392,0.0058056055296656,8.704988170779044,4.072466677572239,0.1399302004288734,110.87523076862426,16627451641.497469,0.0
0.1784350575539987,0.0240514169050534,2.6162079883669134,0.0041518442003332,6.360580514687392,1.9525428728987908,0.713370037676123,72.80832499537539,13002480129.040316,0.0
2.674221958951395,0.0553780306526993,1.4239871833444102,0.0206550320543129,5.484694756754438,5.376255550064196,0.701012259587235,105.75686620258416,13058688285.8106,0.0009712698722333
0.6361775244536926,0.0622181317162908,4.331898185314841,0.0363915829767722,4.43662326610328,3.6504445431707135,0.4310640483342264,77.34816824950828,13720625830.231552,0.001156231386356
3.8100311550728665,0.0615035139273223,8.127336748539724,0.0316250038818241,4.9700729593475925,1.750888432081702,0.0767317833530786,116.96202068045412,11786664100.593414,0.0007971194307686
1.9253607797641887,0.0379102193157988,3.427807116525657,0.0222590933525109,3.9926686126615487,3.0917361906447347,0.4757675768884222,90.86512267270848,14242420273.758308,0.0008349565800534
3.23931108351071,0.0632655154178259,8.088234163540205,0.0289099317717246,1.4273870814121137,4.5711344631907,0.566240631389702,95.31436510432847,10794621173.383526,0.0005801698852076
0.548077061835324,0.0242462852767188,2.530437876790719,0.0092327902601359,2.5301328041706053,3.477435886916536,0.8321699693047245,69.48868937461975,11977872458.491096,0.0
3.176182213513142,0.0708457862219168,2.340254248160777,0.0651242030871441,4.8876379951262,4.394872742768269,0.5375470069846484,98.92208809698968,15997884728.167974,0.0013829642701666
0.9431447106252588,0.0187023813282031,0.9702711111934746,0.0104880150650245,6.037552722505344,1.454231771267774,0.8487103786048491,122.68588891325464,13719946947.369495,0.0011357973067841
1.4729955427689054,0.0959671738457452,8.539071704414017,0.0142061084157996,3.701405382032468,4.449187087693136,0.6858700825616123,122.03810886921892,18092599296.59662,0.0
2.8567458660260434,0.0342567426244277,3.710244591057463,0.0221780632255135,1.2777786864770817,5.8905010042974695,0.4695416375955794,98.70279015142115,13835831403.572865,0.0007786122786063
2.747070184205996,0.0976582694363095,2.0927095465235244,0.0095855473724825,3.1299554323252514,9.04886138369791,0.8340401949647097,125.87371165603489,11760722577.051758,0.0
0.6053711913583386,0.011872798884065,2.925215511456432,0.0032732061758468,9.90009086944518,1.544050098678944,0.5934422868536228,118.9178246673834,18407352521.71151,0.0
1.5764733530322066,0.020762708539515,2.50063487544433,0.0044316938367496,6.8976665405106194,3.715550352660827,0.5283753377521097,124.19149119604792,19018869105.408543,0.0
4.183553628798964,0.0749163746240092,6.677098781679209,0.0203438914421441,0.2846938966389659,4.104219388916571,0.7843801852420821,124.6579569305493,19421730190.705456,0.0008639239090893
0.8930615144215771,0.0445681658412549,5.127201223313072,0.0271551897774001,8.827324827493994,2.9876623369118414,0.7786640121100189,108.9207102287265,18577827034.80996,0.0013989253753778
3.5044583042203805,0.0854959109350654,2.865756926125105,0.0092271901289299,0.4152388322537228,5.848708432074786,0.6811073040704253,116.74514180562144,12359892077.363638,0.0
4.649392625352451,0.0846677292001285,1.7089480439591842,0.0223705969069669,2.269977647560569,4.212709624584123,0.1566170449963312,90.31506155080524,16356296450.093267,0.0005499660259902
4.891979913629887,0.0653506221047885,1.9408672065580848,0.0850976237012944,7.276681744079471,2.6670034122005646,0.4081652673393436,119.06813329072224,18493557617.056137,0.0005182069208486
2.8702116432229845,0.0989672191506034,7.226989464407079,0.038046067382223,6.136853252220255,4.361126847016138,0.506938551132129,128.5885868482117,16906969709.70161,0.0006508715404752
1.5764733530322066,0.020762708539515,2.50063487544433,0.0044316938367496,6.8976665405106194,3.715550352660827,0.5283753377521097,124.19149119604792,19018869105.408543,0.0
3.604844412379123,0.0983456361566742,5.205522674785732,0.0031261546237828,2.518063926118824,6.409183686039398,0.8478653254982371,122.17251644709074,19844047984.267506,0.0
1.880091935729868,0.0637531138801907,6.19468356205253,0.0103268148899082,5.333250757806771,5.287502395287583,0.8091831284529303,102.12432795713306,12341519323.020306,0.0
0.7563298494407719,0.0187704011504927,2.708767040391381,0.0044161760274881,7.405973293971484,1.6733518086199848,0.6334990440504398,124.5653119590025,17161965755.87513,0.0
0.2187425982705144,0.0201705394438917,0.5340102905782218,0.0260095582542291,9.604497239277883,1.4003101990393156,0.4097269984541046,114.42545164837722,10862770545.807346,0.0014571740949794
3.6625175983550746,0.0182265472370956,5.053597009060267,0.0294921280576429,2.7309038413838205,5.883101928238658,0.8207385517152254,80.49148866480897,16672907971.568476,0.0005896593051948
0.3014015777224074,0.0585122131166533,2.6946175648163706,0.0019872485886505,8.208933774017146,6.044427421569995,0.41875294343324,104.01201664306652,11522970509.711493,0.0
0.3486932603571177,0.0613391441127617,1.2686783172636489,0.0131659200741691,8.08718432829903,2.320785649752593,0.6659531517469,118.22034394206491,14225602335.486591,0.0011937917175091
2.8514313064262717,0.0516116258582322,3.950180995906012,0.0048055465581917,8.813516962653908,4.074815372056951,0.1286908749171723,110.03818986487062,16464053621.082989,0.0
1.9615464088183616,0.0254799572986688,3.3612675063005963,0.008299835525494,1.2754980322763831,2.8865997629085727,0.5170691254434863,72.1173265202052,13912718799.332949,0.0
1.2103036865714456,0.0255791440308774,4.2880943984818165,0.0071868315604084,7.816958695567664,3.6154330348549055,0.8170427244427749,119.52560772821666,17168379290.646454,0.0
1.005754315594578,0.0857288924609408,9.772950513501431,0.0191488882127036,6.258232926096785,3.1186700839423858,0.1091968984288757,93.82075973589096,9875585181.495396,0.0005976986685905
2.8214534632559176,0.0611654684220453,2.783861327665722,0.0093523232283407,3.011456661604446,6.200871766314072,0.5769068620835044,94.97182603726208,17666800045.02147,0.0
4.404899766449928,0.0641074554363412,2.9021043362082635,0.0069312670407164,1.533654231247854,7.216110040154712,0.729752223477223,119.6508006348715,9591380337.555922,0.0
2.3974360994065065,0.0787038855806014,2.1495522317943063,0.032911662397321,1.1516961224266344,2.812128229226435,0.8109328597760148,116.0700338266216,9542703958.801222,0.0005493026149924
4.030413931639298,0.0329112793650751,5.571124413716967,0.0232396880266519,3.7535704273910113,7.888172813666258,0.7171069240328665,126.79737844807858,11251840102.182129,0.0010671523080705
1.4895611728628642,0.049903665155861,0.4008197669133401,0.0252672532954773,5.115401349386643,1.101499400910573,0.5191365172438309,111.8516225647007,9046199069.871777,0.000978015441898
2.8514313064262717,0.0516116258582322,3.950180995906012,0.0048055465581917,8.813516962653908,4.074815372056951,0.1286908749171723,110.03818986487062,16464053621.082989,0.0
3.820413697813359,0.0514028411903706,3.9530277099869497,0.0070175717660307,9.238453853264154,3.620672661410232,0.2642424505307725,113.99550029979116,15906878734.63792,0.0
1.4895611728628642,0.049903665155861,0.4008197669133401,0.0252672532954773,5.115401349386643,1.101499400910573,0.5191365172438309,111.8516225647007,9046199069.871777,0.000978015441898
4.190565738667977,0.019326966008122,5.225690422617197,0.0389914873884173,5.297358599938543,2.925534883452864,0.3128076744738752,98.03745521842444,19592995551.345085,0.0005083883807904
4.365649464358631,0.0512621174159067,0.2591644222128749,0.0968261852856344,6.948119427612616,8.537120030210856,0.6268717513878193,71.57850361917238,9024588663.263325,0.0010157202698334
1.040303228341613,0.0671486789607432,5.366500265600301,0.0020152867380261,9.90620042445974,4.754123364101516,0.8188474574034929,119.58189450744553,16832895989.754322,0.0
3.3651036148618583,0.0982688363581751,6.323293606471695,0.0060899070742529,2.1116741930042786,9.617361657318108,0.6872810096917509,129.72485250686267,19438670430.24705,0.0
4.292651844255744,0.0787722268267868,3.910124183110039,0.0144361089281159,1.3484116044399288,9.04602028232942,0.2845268950772051,96.67198359232712,17140617915.562618,0.0
2.311886625727902,0.0351896480369724,5.539685560948186,0.0111953675604932,1.470940086589607,1.9667957175577024,0.1631235341267241,66.22313941647319,11785907202.764172,0.0
4.195216309370816,0.0179758440238636,1.492878912561198,0.0496491181070465,7.647282865741594,2.1026424346797654,0.3808582973417733,64.3885715328399,12676072703.06545,0.0005952376207276
1.5083344009660444,0.0403462973943447,4.9702435648337655,0.0525031089945436,3.750701133422512,6.643548441468633,0.1899895848870317,71.18056564585338,14860965170.5684,0.0008726402576429
1.0838175768637903,0.0531273851733923,2.9978660159344552,0.0077730285054234,5.14008774827759,2.4820348050513523,0.702828329862853,105.90716033951652,11381734994.956545,0.0
0.9343792318533332,0.087438832286113,5.318998270788377,0.0368112343251768,9.7824776324302,4.785634027765354,0.6767625481306321,125.3617614500092,16417097271.211466,0.0005868880988709
3.005696147389904,0.0901393447174005,1.8919606993027405,0.0216868638436412,0.5349575898172128,6.131148284680538,0.6384599782102238,101.97399126181138,13638849020.102734,0.0009370034995695
2.4951083228917024,0.0231675157813722,2.75156991884636,0.0243409626711265,3.3154926500890745,4.520691409503745,0.828638967407558,114.51273361653722,14120554973.289013,0.0012989167172136
2.00152798082904,0.0605443572435165,6.210280196300318,0.013612768228524,8.092324268143408,4.695278676251672,0.5559346178972947,114.20423691626776,15636372465.629131,0.0
2.197911397847772,0.0598863025515258,2.013692616503657,0.0152356775733722,6.781256559272176,3.219756684523013,0.4613592747926301,128.60627935741823,15380292361.612144,0.0
0.3486932603571177,0.0613391441127617,1.2686783172636489,0.0131659200741691,8.08718432829903,2.320785649752593,0.6659531517469,118.22034394206491,14225602335.486591,0.0011937917175091
1.234744189043031,0.0273682120375417,1.469576110068345,0.0105598814492878,0.419704564351646,6.552756610198138,0.2751760312004424,85.4714575096018,15536361899.64199,0.0
3.012041751429217,0.0452834342420405,3.9808102977927455,0.0273102759607851,2.473983233812704,2.3140250520278194,0.4395226013173017,98.0605499055919,15100092475.557806,0.0008788067171975
2.846345402764152,0.0930376630955465,2.205681060011465,0.0217262759038774,0.4862840953142195,5.417480948522646,0.6183014249951002,102.170823202494,13390487669.768768,0.0009303999035522
1.7509401036674623,0.0155784321295669,3.4056188750806755,0.0067469733752697,2.159399371841765,4.720817724043024,0.1594471330261458,81.57587282482544,13216989968.717651,0.0
1.7062420248708277,0.0513299173591276,8.434721493894472,0.0028452262052862,6.518753090193973,4.352796813338501,0.4376266396269337,100.43500720332148,12203956573.264011,0.0
3.577757512601312,0.0954388345108553,8.109542307642915,0.018122872274352,1.444054466542271,2.1734055047923864,0.8322155478624429,121.6249065893054,19369204861.11045,0.0
1.3505385211697496,0.0115540312775953,3.070212895761349,0.0041947642042358,8.617751842622294,1.2037692907123831,0.6284231650913515,106.38528158146666,19734812468.18146,0.0
1.0007388150290135,0.0652257370944945,5.226472137644675,0.0346663614674032,4.895293474679147,7.080450490920676,0.4419803242101389,105.47077031425114,14669172570.118416,0.0007449156603174
4.185216939501973,0.0725537113852087,2.061643191406923,0.0124876368208398,2.396180733843029,7.505019375551752,0.8284711839568526,113.5808784404458,14067894440.423073,0.0
2.5810400954003963,0.0880798378365447,2.519369114708271,0.0102834305656406,2.958732270766582,6.772824767009254,0.7724788482414138,118.19094015158988,16371309503.892738,0.0
2.4103195012540186,0.0480721510586761,1.252735159520571,0.017745632175991,0.7986477617971655,5.0041730924852805,0.5115336225601923,96.74111273541833,14746813380.403156,0.0
1.481965247109336,0.0365102642056675,3.429589834263906,0.0188054002902227,1.3696672522173288,3.10555327207868,0.8443697669328554,123.3774619160809,19247443877.93022,0.0014155263262142
1.5917568449532795,0.0974636503342136,6.725953937784581,0.0016459024672241,9.92505699313831,6.426257841445366,0.7457165470095263,117.09390240834286,18715344673.21196,0.0
3.026193048827528,0.0463286938856269,4.156018484272,0.0262487838787013,2.5280226066403326,2.250423601830972,0.4654875045539741,97.43105918659153,15339970167.83002,0.0008515756324734
3.193851066198068,0.0810723799739342,6.79931151212925,0.0475903707504435,9.959337913070735,11.932990617489844,0.679340542107107,100.9951393802668,19957154319.39215,0.0013359309898913
1.341434459786214,0.0127743563883692,2.875777408657948,0.0056338116176272,8.318276315279428,1.037104728690078,0.6147923932707043,104.7941421697704,19985197398.069576,0.0
0.6109951269272743,0.0701765041102238,9.064081629635512,0.0506577485835792,4.646290549227374,19.947259599764177,0.1258684589781391,104.21459899664563,15037091988.210417,0.000847137115607
1.4286364008234116,0.0762657245186446,0.4692612713935151,0.0204093029966148,5.189057053059142,10.305692527924712,0.6797917946076361,123.7995132871159,14403423460.961405,0.0005212299220915
3.582167204587986,0.0946017309963875,3.835839377615706,0.0431547442551952,3.9463074548875943,1.4230787980712876,0.8139764271505939,114.10851128924976,10219460730.898985,0.0011550411554696
2.8588921148446724,0.0529363495894365,3.942224410677736,0.0063230929572966,8.743988925854987,3.70835387465921,0.1213077547966639,110.21938195711276,16519936856.497122,0.0
2.585722057248576,0.0152698065566653,6.55278437237127,0.0056950222721424,8.099018874357354,3.2549403499081557,0.3723275823396991,119.14539719408916,17378641283.47448,0.0
2.3112194516706657,0.0431405652041797,8.987296122497627,0.0113941158701018,3.3014884349679683,5.332141294245559,0.3724581006514099,89.1484957485691,10014187649.695122,0.0
0.6263618447652483,0.0486079097818397,0.7094890833268055,0.0561660621758123,1.0756140507771852,2.306206622134013,0.6777490331580427,61.07394101475629,13853178784.515228,0.0006995926990964
2.897199849262202,0.0756931253601056,6.671249945380581,0.0083237602435189,1.7285488185306224,4.6198093917870775,0.7646581981765035,100.68830709847671,16029379092.83952,0.0
1.269992688037069,0.0586094986131999,0.1237280904791035,0.0085094468546306,5.179053676995429,3.439271261489336,0.7413153925458303,100.04258385032746,17429404388.65441,0.0012418210050047
4.069359332951553,0.0302446506573129,0.8968929017593503,0.0610131073048048,4.701172657201923,2.9628508049188955,0.4333178345072782,60.97417784003508,19851789874.30924,0.0014199279847186
0.563573961421998,0.0087479750464457,3.5812347433337206,0.0030005575311755,9.736853789944234,1.082557080965477,0.611690314940497,129.86409749311167,16975353542.665607,0.0
2.686218564900548,0.0460166253199198,0.8599867768987112,0.0432207567305928,9.502112131069955,9.264060490984848,0.3078684641077977,61.63812724200572,12756800314.923883,0.001495578860511
2.0892878774745958,0.0336324366710541,5.3187834902906586,0.0265698543598945,2.9060533294374857,5.537372157811206,0.6654631661848455,89.7759168981187,16875862247.47326,0.0012428710964959
3.12822085784183,0.0812979066692616,5.162770307792557,0.0070449614450541,5.099966478016861,8.112822447068558,0.7921487695674756,118.8354972263424,18244133198.560856,0.0
2.426923923205752,0.0482723886824577,1.263783168130244,0.0176626038394173,0.7367347399676719,5.035432076789081,0.5130264276668862,96.43553123966448,14761817923.185368,0.0
3.250506859715978,0.0736209137924942,3.4657299741199576,0.0108145007261036,4.208630179431835,4.943103175146367,0.5812549311398827,115.61929962939006,16107084808.588615,0.0
1.3903520758569925,0.058572042670171,4.268838801530632,0.0196982707155141,1.072095631484253,2.3822079571561687,0.7402192339645206,100.48110129848529,12035543459.845928,0.0007537758662407
3.613741158042943,0.0594821407689414,4.719938332375482,0.0848878178883319,2.763667707122461,5.091333526944859,0.6824312265282294,109.87209180033642,13920618481.44873,0.0006834395050288
1.4229903552961436,0.0366460727411653,1.5030061220031044,0.0051535951829626,3.700979579344085,4.113874587495672,0.6467049623226104,121.75237122493633,17940618362.646564,0.0
4.185216939501973,0.0725537113852087,2.061643191406923,0.0124876368208398,2.396180733843029,7.505019375551752,0.8284711839568526,113.5808784404458,14067894440.423073,0.0
3.021058898662236,0.0740219299825315,6.519167273231198,0.0058562128541774,1.670075097909565,4.083012864322185,0.7732513254918967,99.8902223736982,15875350799.899605,0.0
1.4761223189176902,0.0311975341296553,1.734813317950174,0.0138625527631211,3.1866748239141525,5.739387224217711,0.6243653591614097,101.58707684879371,18876277376.744057,0.0
2.4021946972927504,0.0829490592552958,6.615875777718651,0.0048681595671732,7.782785252071492,6.126774111072775,0.6856474867879117,116.32199179520894,19534597485.86793,0.0
0.8168007693628466,0.0505697828046723,6.682781216895678,0.0308006807901912,1.6189835039678633,2.091539582029068,0.3812135485688786,73.30315292033666,13390733236.351805,0.0005415382490733
2.5972157944916114,0.0833579910067679,1.4521593839728704,0.0193232789514382,0.6901181726630107,6.183801136012978,0.2990977853980929,91.01401321800094,13486393400.038595,0.0010717226890831
3.758897241283016,0.0876720752720963,6.633913936021211,0.038027866822427,4.095486674353898,4.772066395904975,0.7808506012477214,128.69369424733412,15002166283.473269,0.000643919113421
3.613741158042943,0.0594821407689414,4.719938332375482,0.0848878178883319,2.763667707122461,5.091333526944859,0.6824312265282294,109.87209180033642,13920618481.44873,0.0006834395050288
2.8835406228630083,0.0443326786202978,0.7474291043450831,0.0504321746746554,2.5180417465880747,3.650722762825095,0.6498606394148526,91.52223096964693,15739270745.801975,0.00082399792564
2.895210585862509,0.0892605809616012,0.3794427041099424,0.0281103099135102,1.49072231774259,2.99794386704884,0.6749229661648957,96.84963215031745,15295893877.472063,0.0007971712905697
1.2150410670924154,0.026553239727,3.112800982355,0.020548868197439,8.06574677283251,3.5950326391168548,0.6593007640226574,94.40722507427375,16017772297.780224,0.0012637401094341
2.39463115461442,0.081540001379687,6.868373370274385,0.0081834972668241,7.858061326913198,6.456196340416128,0.684252159978584,116.67394711474527,19490603068.27509,0.0
3.9785766473799513,0.0939642379501911,4.463071137059744,0.0050344535876961,2.4101940811672637,7.898182694812847,0.5562516392093825,109.80951241154034,18677981261.077152,0.0
3.166615819977461,0.0530627393422783,1.9675564272855084,0.002321420426781,3.814041985456742,7.708881026745883,0.5038951933301792,118.8167538008324,13086572623.201536,0.0
2.840749369634936,0.0378418067856635,5.695207349670568,0.056688091091171,8.782302854935404,13.133150148024614,0.2702841181658729,60.62798512648693,17122984916.08796,0.0010809672188893
0.3429530978704211,0.0554551942600619,6.267069592523856,0.016460331499697,1.0517571764769496,6.82139735578631,0.207923762901597,98.89831899508856,9170408080.20312,0.0
0.909321538961666,0.0163530754016399,3.973519020278834,0.0068401970638909,8.52466162626118,1.1204659475484415,0.6066372742721063,90.73692208099614,18777258380.09073,0.0
4.679435154200931,0.0844894740056635,0.477015570817439,0.0855725738782851,8.226278075623828,13.400936398679187,0.2051959169460748,107.45186201817626,12237433841.174513,0.0011789941901563
3.9211499699943233,0.0133277717327016,6.392109331954426,0.0932150150873017,8.56219754202814,8.071431705811998,0.7846635540490112,61.74721479231328,10946827934.22865,0.0012522250385616
4.196204414230482,0.0458525851373145,3.8980571216163815,0.005429841040229,5.262775893855255,3.631776545265824,0.3270923729245961,102.53494076104522,12974255619.172094,0.0
1.1996396879920417,0.0264315606994543,3.100162984480711,0.0205676127510274,8.062738613798647,3.60695526425541,0.6609852316909332,94.41190288019068,16033306247.271648,0.0012645736429258
2.689042512293613,0.0550827376333075,1.3485392957870297,0.0193335491884999,5.633958951961219,5.461250657410579,0.6882401485023631,105.38571017751354,13079946154.113422,0.0009853426655638
3.594685242163446,0.0701994013783676,1.250179754848313,0.0158140324120587,1.0311737637178535,8.941644387959828,0.7698529287970156,115.96088934378656,16312046953.948996,0.0
4.087322830768563,0.0965423207333584,3.783499486892757,0.0228744702423102,8.82860484879289,7.24907781180595,0.4583002025194501,118.66074785572192,9560248292.682558,0.0006148554176083
2.200916655275696,0.0466854797493651,4.553964116550185,0.0513789592106999,8.046505232391718,4.943821062294789,0.8056957004748758,71.15203799025616,11853007618.888288,0.001056435562136
2.88157376057971,0.059141837112283,2.7021239988029464,0.0100702573945581,2.9627026486815566,6.040137383053367,0.5879336418209289,94.86121807798072,17664722459.744392,0.0
0.3486932603571177,0.0613391441127617,1.2686783172636489,0.0131659200741691,8.08718432829903,2.320785649752593,0.6659531517469,118.22034394206491,14225602335.486591,0.0011937917175091
3.27637240966414,0.0323262679190629,4.643919680875321,0.0985069210848568,6.663777141059839,10.968398768552092,0.5442861122284702,67.59872575970145,18117542805.51448,0.0010424934944573
3.086464765703662,0.0991058414920931,0.5214348478666889,0.0262298288042386,0.307782590889383,1.352677845008213,0.6460778848495454,123.2995859063953,9192231176.634275,0.0006990222240655
4.372838042058367,0.0921979110917624,5.495055828342757,0.0019136360737776,5.092592767000332,8.700638126496571,0.2313174140648489,110.58475365042705,13835420900.839165,0.0
3.318080857697025,0.0980148821990839,0.2650487151666908,0.0200371822865819,1.3588932309168542,6.163355063708524,0.786091156016798,118.27375764130824,14880520861.51172,0.0012224351144468
4.678252861873424,0.0844639195804922,0.464247180270372,0.0855981272637297,8.232039866014404,13.41060559872141,0.2060045299534542,107.28981641814988,12242529327.6967,0.0011774553226029
2.920730014786232,0.0767734164998431,0.5076203136212193,0.0188601623291233,0.2849772401818827,8.362256004030993,0.694844382871604,102.4512803861666,9759074977.510471,0.0005136138105789
4.127118824794726,0.0659484724414127,0.2676895331902504,0.0623855842527986,1.5227726293596775,5.552906041910588,0.8044385256929387,112.1783300324079,17540253546.3895,0.0013830954953666
1.986340581906134,0.055470582617571,4.764720997085267,0.0830438576067857,1.0817217203275398,5.630326138905257,0.6447502324267339,66.11971598396646,13612705105.71687,0.0013643252035346
1.4030487632815782,0.0250671480717593,4.276581158976128,0.0101832360507992,7.089749016060412,4.997102367234995,0.8341216623040099,120.43285086792665,13844063889.746628,0.0
4.946587102767759,0.0767885859095417,3.147189587046117,0.0214700551750465,1.0917561886183995,3.9587374238051294,0.6850915533137724,127.02047801657602,17030907584.027548,0.0007418835795605
1.9161594324800293,0.05998762596681,9.03923942000429,0.0141170749596724,0.2301461330709044,4.071129917443759,0.2336872998730519,82.82973401648367,9631840180.15193,0.0
0.6113974094673199,0.0851155900851567,0.2933727725758334,0.0467895307722251,7.483163081269921,8.550188024254307,0.7015480023619282,97.57297212585368,9654951907.772757,0.0009430529374117
3.5129804527627635,0.0968125442567968,6.404691930521452,0.0045909436741699,4.487804997437978,6.86681595026637,0.7617791511582418,118.5738920575648,16828987711.994663,0.0
1.697145379142899,0.0334904662163898,1.2606640629089008,0.0038541187085007,4.988448736049691,1.4059184094615662,0.5886467842101861,113.64742654703755,17752990942.90743,0.0
4.938482113130701,0.0197861165833487,5.785839144545768,0.038675679002894,0.4651756372045442,6.188930972061654,0.8150188345763096,61.787184787375296,17866235009.87875,0.0008983673206698
0.8314906611003984,0.0210024878149809,2.551763865736833,0.0413474589817429,9.615184762722192,12.402585365448925,0.1879005979750968,71.71586359061051,9045589815.680862,0.0009681438962015
3.852739317401753,0.0938282694364923,1.998578062199584,0.0064775340895101,0.1510285857237562,6.195034653405748,0.8263940266912155,92.64006260838072,18315485400.46718,0.0
2.3838972766588866,0.09878147710212,1.5446088915842875,0.0116374141514636,3.543919049276963,6.927456985989675,0.622061324538289,112.8339606387304,11350250814.184956,0.0
2.948531669830209,0.0223599694865932,9.426108310376682,0.0359639504764276,8.887801719855572,7.716892724026694,0.2565134641139276,127.42813271505584,13501308742.17934,0.0009875685387246
1.3511218150946596,0.0115507403182858,3.069878699493606,0.0041994843096158,8.61693785380757,1.2056865723135215,0.6284635956948712,106.38577327058648,19734080761.81443,0.0
2.5675954793818643,0.0649294297532634,6.749861827108605,0.0473786510726513,4.679780258179183,4.173432826307706,0.8300544837020521,123.46823443627665,12718650312.594854,0.0014657508418897
1.085955418711251,0.088861980025744,2.9827326815230766,0.0123407539020121,8.041635686647611,8.240521917883594,0.4925094575037101,90.3827272178156,13064362423.318356,0.0
2.069992148463741,0.0836992526708413,7.704928730621403,0.0080025127237009,3.7702794285095695,4.338135304064677,0.6447680362163138,103.51675402948952,14209057045.014397,0.0
0.7313100512962553,0.0565909925526973,4.385810775606934,0.008563957345448,8.10149722143755,3.916316964047764,0.5186902277077243,112.96495739218004,13519894493.18246,0.0
4.71329169752137,0.0918773583876772,4.143366920663194,0.072961724104941,0.816608425547941,2.6470847517261147,0.373944059296493,85.17505195392175,12978936561.240995,0.0011577809913064
0.6113974094673199,0.0851155900851567,0.2933727725758334,0.0467895307722251,7.483163081269921,8.550188024254307,0.7015480023619282,97.57297212585368,9654951907.772757,0.0009430529374117
3.1832427807908146,0.0979690626361891,6.015741363028275,0.05189410792107,2.688175334115071,7.157140118860823,0.3738389159764929,110.4938646829658,11689734429.979765,0.0005883915113758
1.6930227688072332,0.0516925636238898,1.1804541441038314,0.0066417240528519,3.7946623414387615,9.006128901929305,0.4208518299467196,120.08028010689463,12806626126.813583,0.0
1.274368711228335,0.0928669854509548,1.2872055653018974,0.0471495403906627,3.612097836968436,12.178813218297726,0.6336681945441943,127.61243798719968,16799296843.273403,0.0013230258696873
1.3658667739340773,0.0109640505556764,3.2766761850220454,0.0022209622868667,8.468537296020168,1.2995493307764003,0.6280165430547766,107.33281636603728,19585049358.465466,0.0
2.521566338385673,0.0856446296618296,4.3561937860926205,0.0016007182291496,9.2292545878853,8.009344742738264,0.5266778029124363,129.90843432646878,12852844155.392525,0.0
4.714019774664647,0.0854076293266294,1.6502788635295849,0.0252965010811196,2.171862990931462,4.37788571519504,0.1469741914141624,88.35241874901904,16562564123.80745,0.0005202639270335
3.3600289510141867,0.0455629829379814,4.507502943967665,0.0714111007493466,1.993384594094868,5.258853731075772,0.3562624064019857,100.49739915272892,11002878463.226336,0.0005092753623186
1.6857520940446855,0.0161003767937012,3.332434597325763,0.0064343947357752,2.276855508357055,4.197873445662159,0.1549060209662655,82.10532265663508,13237753870.722277,0.0
1.3356603696497993,0.0554536648654947,2.9280881947586264,0.0417117905412472,1.595464531214955,5.152417326288226,0.7720273461882885,112.36679061916962,19293553909.52473,0.0013566342769477
2.92993953973932,0.0730960661327014,2.900123840817338,0.0086714279378487,5.397972781884241,4.415377747151,0.5973894400101264,115.64295864944378,15399579452.104408,0.0
0.160963847940903,0.0252827588271725,3.9864673539380098,0.0491062008243202,1.4868782489684993,4.132153431948668,0.6879382531012347,119.31462857833564,14183969211.701458,0.0007136797781069
4.079403575931022,0.0775319446012923,1.0761413990339077,0.085401635310224,2.61017150082306,1.185247592578859,0.6514366122252139,117.8095254386676,11001803687.728014,0.0006859922398789
3.6625175983550746,0.0182265472370956,5.053597009060267,0.0294921280576429,2.7309038413838205,5.883101928238658,0.8207385517152254,80.49148866480897,16672907971.568476,0.0005896593051948
3.0167444575629263,0.0576710485449516,4.209659870262524,0.0265405690707835,4.996431168529718,4.5091191885050295,0.556409589993456,96.99910143831066,16534850799.69768,0.0007068509569593
0.2850845646295353,0.0138936683616319,1.303196856075273,0.0068050280637513,4.155648200568331,1.552248559149252,0.6930399568093104,120.58928546777447,17426438802.33795,0.0
1.672577689733196,0.0427102926506886,2.867648993467796,0.0444946876008288,2.6087308207840967,1.8703149569367912,0.5122614430177553,104.48059512708603,10586405681.42363,0.0008162397378235
1.2796461075699357,0.0260430602185588,6.197790522272608,0.0379191505419998,1.9256069943928675,3.899956720207904,0.442426616555725,91.91430244863216,15350836405.982103,0.0005809155614311
1.1638527977479065,0.0642799757788877,4.062254606233382,0.0133062100550313,9.95688904078529,7.276491595743702,0.5166968794318683,112.09798165118583,13582368569.182133,0.0
3.863664717752467,0.0924256230923529,3.7445279411812633,0.010152130565799,3.2941815193730903,7.206023641626731,0.5844870865570783,127.28290148235747,18920867011.07899,0.0
0.9452694952294204,0.0316280172807259,3.052337066408175,0.0148132736994924,5.177741953298228,4.255852687979998,0.5080047720646397,83.62506695127519,13446293668.95763,0.0
3.0041150602151223,0.0289030096066452,1.638329934055466,0.0237653036768762,3.316347079696253,4.962806765875378,0.7873082585048138,95.2580336934144,14010972923.870596,0.0012919471214318
1.99075660264156,0.0177949606660425,2.576719754085861,0.0120886551530993,6.848965419489419,1.3899206645766269,0.525608813859048,116.35916830550448,17827437328.491703,0.0
3.075010379221012,0.0753338335614428,5.007394366545413,0.023101786576609,2.440987176142812,4.838070815462384,0.6896976378469305,115.0558480928112,12690418006.91687,0.0005822082534122
2.893996099089108,0.014357229400871,5.787791941881209,0.0120708384377659,1.3952461770197333,7.043973978754598,0.5283406512420386,104.0221750382162,14714310569.562237,0.0
1.1305580976228549,0.0726861326092876,3.917884163634182,0.0091845700172422,4.798642314024823,4.522460809603508,0.5318165712536953,75.0738889528849,9558114187.353613,0.0
2.733748480427833,0.0467707315139671,0.2334169823135056,0.0343867457016866,5.086432439216058,5.40285241956206,0.5389531487883592,68.19395004797705,16055149629.03804,0.000926638955574
2.3283056728983804,0.0588581520444319,5.09947043494367,0.0107352397150984,8.354992262028995,8.447448570717885,0.5580554464708386,106.68167348327069,13457422426.836678,0.0
2.516898025821146,0.0686397672328818,7.709322715422878,0.0488446253914241,2.995676511546431,3.771319968311565,0.6271110507411675,123.72507899307284,12267539272.650436,0.0011335687442449
1.6437533588024968,0.099910677283939,4.55568327030422,0.0063734879441573,7.358559504687464,5.762397767843031,0.6505532731834268,104.43515433732335,16178392218.803793,0.0
2.3974360994065065,0.0787038855806014,2.1495522317943063,0.032911662397321,1.1516961224266344,2.812128229226435,0.8109328597760148,116.0700338266216,9542703958.801222,0.0005493026149924
0.2393606422365531,0.0344125975798207,7.062957344425116,0.0141918159348261,9.929985329031288,3.725131285830585,0.8401885459049298,118.64506380898378,18515343582.74199,0.0
3.2644527873565026,0.0464715239539822,6.034902612999618,0.0352299294670706,0.6083053169582028,3.99910271243926,0.7445244045844924,73.98259559682222,16909993481.447186,0.0007353689252295
1.4163878581012137,0.0607367811697038,6.389137135335301,0.0099861113482425,4.321816302860233,1.7817361880283402,0.4892022882436872,107.61939908136029,10031890139.574549,0.0
2.069992148463741,0.0836992526708413,7.704928730621403,0.0080025127237009,3.7702794285095695,4.338135304064677,0.6447680362163138,103.51675402948952,14209057045.014397,0.0
2.51947829715775,0.0546351006813937,1.2607070532802185,0.0193545075650571,5.74344816293196,4.928142784938107,0.6921790041730553,105.6247065371742,13110802050.397942,0.0009712304542343
3.733830919610358,0.0606339174288732,2.838623047586074,0.009479305084362,5.988981025563225,2.747132037153749,0.6001289110582355,94.86507905287846,10973331970.104858,0.0
1.8693215701833377,0.04707308661321,7.747708236984337,0.0023797202662997,2.623386712290229,6.120676191515135,0.3944857825948953,80.57941092210905,9574890194.971617,0.0
3.549940814846301,0.0787992476461263,3.029264597521046,0.0695252444418254,4.618148271669696,9.44551726361539,0.7591354590218585,129.97493526080504,12319891097.14147,0.0005315682607472
2.3283056728983804,0.0588581520444319,5.09947043494367,0.0107352397150984,8.354992262028995,8.447448570717885,0.5580554464708386,106.68167348327069,13457422426.836678,0.0
2.3974360994065065,0.0787038855806014,2.1495522317943063,0.032911662397321,1.1516961224266344,2.812128229226435,0.8109328597760148,116.0700338266216,9542703958.801222,0.0005493026149924
3.9785766473799513,0.0939642379501911,4.463071137059744,0.0050344535876961,2.4101940811672637,7.898182694812847,0.5562516392093825,109.80951241154034,18677981261.077152,0.0
3.582167204587986,0.0946017309963875,3.835839377615706,0.0431547442551952,3.9463074548875943,1.4230787980712876,0.8139764271505939,114.10851128924976,10219460730.898985,0.0011550411554696
3.005120065640108,0.0470181563987739,4.149944456964619,0.0269368548448569,2.1219672552474087,2.3918150563694747,0.410562996115464,99.11362589922808,14883954921.792488,0.0008918440941994
2.1539688673363533,0.0719580376616626,3.183956124473706,0.0190544267580534,2.0094801539196165,3.7226513863409383,0.3984437809503603,102.30519080178698,11830655129.664566,0.0
1.2786182309289855,0.0850829840984273,1.7497326065804022,0.0054683186872021,4.739079678468478,8.220579065270398,0.4324349241337809,98.14551321504476,11000152300.702728,0.0
1.6237438441631296,0.0336831468525527,1.371290526071802,0.0046018157230094,4.906196070000295,3.35291713640549,0.6399078047072765,117.62346273388168,18268507826.56105,0.0
1.507832528377569,0.040368539497393,4.968800068467038,0.0524744949981601,3.7513253221440297,6.6434981566664,0.1897948921658973,71.18108966981407,14860554807.831062,0.0008727115041334
3.771573648931896,0.0377952199599511,9.10014309313419,0.0735274605612965,4.58118470311334,6.388367536216076,0.1054277916217384,65.18208099020308,14751212824.076778,0.0014410720510111
2.527136086453688,0.0143114910029608,0.6009977905485766,0.0077322183013722,4.055079784916011,4.78057804603467,0.4225587812699339,91.61479233863902,16601077688.476746,0.0005285213872789
0.5994952639220175,0.0187984702289722,2.4497224142289777,0.0082123935016167,7.4223123979172465,6.245592278364543,0.7998160400936201,117.6130768767931,13812699472.768423,0.0
2.034999099379926,0.0702019440344828,6.922962222967289,0.0052967365835996,5.694069622791687,5.1525242960211015,0.6798565150133444,107.81314748157445,12732980571.552616,0.0
0.9778461173845554,0.0546216896715432,3.187958153498959,0.005934207432636,4.799190189809213,2.5824300873936874,0.703742053132726,102.2965643784344,11711300381.88864,0.0
0.1514687212077108,0.0261673007269633,2.8147584156806587,0.0071629312251829,6.248881982385611,2.0656237068829606,0.6973920601052765,72.49815999340854,13139077328.70453,0.0
3.366123415896705,0.084067101348006,6.067460901558812,0.0069066778589051,0.7419710409353385,3.933395533918956,0.5349065428205643,96.5705360142486,13817503711.585217,0.0
4.195216309370816,0.0179758440238636,1.492878912561198,0.0496491181070465,7.647282865741594,2.1026424346797654,0.3808582973417733,64.3885715328399,12676072703.06545,0.0005952376207276
3.98632220032562,0.0854806795652274,0.6610510931038632,0.0200196811659958,2.039378902925176,7.8550480161231855,0.7108713688934674,110.71736037405395,12510403959.204628,0.0013703654240268
3.2612291654296484,0.0839077170599793,1.4651770401117028,0.0031545259938963,2.033873918457366,10.429465119745872,0.832701000513227,104.620245918128,15983587275.231192,0.0
1.210337487717814,0.0255909169072839,4.280747488884093,0.0075827816511087,7.816940313840141,3.65516884265596,0.8165033640109083,119.3483429744152,17181548524.036423,0.0
2.349191728764986,0.0867351014059976,2.504270205373479,0.0053067540930889,1.994453578829708,11.168453196304068,0.8104511623674856,117.50501902707724,13432785555.501928,0.0
1.914768712568304,0.0600183338988904,9.02163046398779,0.0140034649704246,0.23101142106928,4.084594938078384,0.2319853535476335,82.75819446726064,9624831548.726566,0.0
2.5810400954003963,0.0880798378365447,2.519369114708271,0.0102834305656406,2.958732270766582,6.772824767009254,0.7724788482414138,118.19094015158988,16371309503.892738,0.0
2.288169508277638,0.0598185903343474,5.157571539057752,0.0088853792475968,8.147997389710783,8.533348346386854,0.5512048210198802,107.18763325472042,13411013503.583328,0.0
3.086464765703662,0.0991058414920931,0.5214348478666889,0.0262298288042386,0.307782590889383,1.352677845008213,0.6460778848495454,123.2995859063953,9192231176.634275,0.0006990222240655
1.345770342051178,0.0994267400310583,7.266648768919064,0.0254736134407765,2.474137899950797,1.5581490862022918,0.6305628153659367,111.066814640151,12164501259.777475,0.0007547245946507
2.105513731217497,0.0368668414722211,0.9499780896378528,0.0313823642080883,0.3922693805604481,10.442072425867016,0.1263557886482626,100.22509052706204,14422754879.80529,0.00075681623758
2.974706163351595,0.0905598409578879,1.2115170628784249,0.0129261791368365,3.228254449988585,7.1727330381897065,0.6596284445746762,98.89219006321632,14111494903.3116,0.0
2.3410532814315146,0.0300450362425843,9.187338347983095,0.028352714916767,9.358719608979968,15.512857758705753,0.4456071333558518,94.28780307310208,18981132623.81705,0.0008632217912622
0.7313100512962553,0.0565909925526973,4.385810775606934,0.008563957345448,8.10149722143755,3.916316964047764,0.5186902277077243,112.96495739218004,13519894493.18246,0.0
2.3487957175774348,0.0585103869297591,8.829178686142606,0.0099121347851817,1.2075854180629588,13.73730811856307,0.3704053106089956,92.5046240620162,10154239489.04594,0.0
0.9870269873531132,0.0670978168538904,5.234639417826193,0.0024891422654233,9.920517524483698,4.851724914191707,0.8242037238834181,118.84780627028738,17223425590.275986,0.0
3.5559948674498294,0.0592222603407468,4.860607941505997,0.0068246168748928,6.697758091994517,5.060219261987753,0.3636816625599398,89.824990095602,15126791997.641186,0.0
2.070418445735968,0.0318360232771861,2.506369109253192,0.0040127659014248,6.375509920127618,5.246217265729496,0.663003030847408,117.40152067747024,18861461588.897667,0.0
2.0657309204796075,0.0824414138362081,7.819558672072446,0.0078146914914703,3.493304468601492,3.92284879441438,0.6715929490913075,103.77504318204716,14297201616.449047,0.0
1.167791227338634,0.0640318165479856,4.059686884339872,0.0131154248784858,9.97374601293401,7.23864058029003,0.5162765978695221,112.22412305231668,13553571867.208698,0.0
1.18597350691349,0.0446692460879305,4.306890338922786,0.0056488772166354,5.483343529659499,3.139081884697929,0.7713102607211213,114.30471979473562,15024192345.83653,0.0
1.7949221317098607,0.0540508565561998,2.2932470539641794,0.0067744936955723,9.974376846435865,9.238150533339482,0.69499740683336,81.72906518068352,15850890609.291904,0.0
3.653653889532536,0.0181386229297439,4.994642313494775,0.0296804724766615,2.8365334058791776,5.7789717234333065,0.8248049238604033,80.75757498809904,16759558519.713938,0.0005876577846769
1.6034026133185346,0.0356047770447391,1.5234655436297326,0.003859714524226,4.992135285378052,3.820737122219527,0.592296507993133,119.08755875638433,18471699588.668217,0.0
1.4030487632815782,0.0250671480717593,4.276581158976128,0.0101832360507992,7.089749016060412,4.997102367234995,0.8341216623040099,120.43285086792665,13844063889.746628,0.0
1.3560256924595475,0.0593884303991182,3.624518005730604,0.0035686354709849,5.9778194207080135,5.592988271993804,0.7773986444893375,120.48534183303744,16565127586.169758,0.0
1.3657949388942343,0.0756144113193475,2.3442322394560176,0.0253070665300132,5.227051302937195,6.749958160429475,0.8206690064993474,122.09145558973457,15012606569.107038,0.0012519653877663
2.287270391708753,0.0373965235721803,2.743694742362681,0.03013953171553,1.932967982712986,1.1685697721977562,0.0848318888790745,88.23684693725633,14188845955.481949,0.0007051565904644
1.6960482559225682,0.0146517803667268,3.279268933369323,0.0053585687851543,2.633542790292261,4.216028085991786,0.1230213784622946,82.33630001932335,16848670372.998102,0.0
2.053587296960452,0.0698757156028947,6.389914457643108,0.0221472839034778,4.8427739504566105,5.444964643791081,0.7022716216665087,106.58246546573768,15280723923.990746,0.0006291176547086
1.800774660772288,0.0953211629162473,6.541082585900188,0.0214594241937696,1.929239188459681,6.324624960232084,0.8483904523871498,116.15016122509708,18768441054.55841,0.0005983701144572
1.0545752093370375,0.0195638505283636,4.454375998267576,0.0113608833295246,7.580194835650004,1.4525427492122358,0.5210304483014732,129.06893637012763,17667511323.648285,0.0
0.4175123489880606,0.0574661926793538,4.573126545773588,0.0051738642496479,7.795597314319254,2.24128525584934,0.5279788457997501,100.40214214135824,17064974872.16308,0.0
3.8449518407202743,0.0586977572801115,4.002968242506169,0.0550209262396135,4.734613632846715,10.222663741607322,0.5716570818308758,74.58086952872273,14123758165.775698,0.001096895489866
2.8214534632559176,0.0611654684220453,2.783861327665722,0.0093523232283407,3.011456661604446,6.200871766314072,0.5769068620835044,94.97182603726208,17666800045.02147,0.0
2.8118158339960035,0.0599270650608882,3.4175830230153155,0.0623290133232709,3.1344828119702,12.417134919256531,0.803979530011662,77.58209497535859,14329131826.81249,0.0011308602786003
1.6437533588024968,0.099910677283939,4.55568327030422,0.0063734879441573,7.358559504687464,5.762397767843031,0.6505532731834268,104.43515433732335,16178392218.803793,0.0
3.4853092205312497,0.0564797341728544,5.557512222399719,0.0423476664854219,2.1776801955142617,11.162185970691844,0.8009321103699044,123.54962524931796,12528071768.393309,0.0005686341974202
1.99075660264156,0.0177949606660425,2.576719754085861,0.0120886551530993,6.848965419489419,1.3899206645766269,0.525608813859048,116.35916830550448,17827437328.491703,0.0
0.9894557614874372,0.0255118121606641,6.421247517234521,0.0153161296110525,6.842372364633031,7.194078165227219,0.4336653202271797,108.63429512738534,19324649792.09321,0.0
3.078291449515377,0.0829812726094221,6.354137335639063,0.0101149099634714,3.580506993791699,2.377603178091048,0.3973407346092232,75.64720297249607,15667665522.073292,0.0
2.400044727940778,0.0837930203676173,5.117688971241258,0.0050569056152091,7.796126095693104,8.772139263175692,0.788014044391713,128.96940198540062,15742261806.257769,0.0
1.3903520758569925,0.058572042670171,4.268838801530632,0.0196982707155141,1.072095631484253,2.3822079571561687,0.7402192339645206,100.48110129848529,12035543459.845928,0.0007537758662407
3.001034593304849,0.0664141642133472,1.2694772914299195,0.0191850128354089,4.628273873350452,10.24431873402254,0.8115391176822497,117.72297815247562,14141318925.938423,0.0009078107246039
1.794023433311634,0.0296540357848045,4.760287290008993,0.0418490480167101,4.0499991905503405,6.016212450499214,0.5875498102544913,80.58150835086965,16258777681.8701,0.0006087540714593
3.917196994250288,0.0704302458611949,3.5737031473822087,0.0211042463166475,2.132446728659356,3.4964860393503843,0.6251612996605019,113.370852424359,17763018771.548725,0.0005807151049024
1.5619732465567375,0.0622151930469806,6.794158084832361,0.0198677979647768,3.929521336642545,2.319629853941058,0.6986808600269667,113.0925268162737,12172110387.984585,0.0009585042132701
2.538295354867308,0.0238216870381843,3.4609264307955008,0.0209517709888737,6.380334723240146,2.271828406914594,0.5702231597154318,82.59674517282535,18505263964.11084,0.0013513888283617
2.1539688673363533,0.0719580376616626,3.183956124473706,0.0190544267580534,2.0094801539196165,3.7226513863409383,0.3984437809503603,102.30519080178698,11830655129.664566,0.0
3.1336313766198143,0.0994492933737538,0.6083386806871814,0.0272444118500535,0.4018865928330772,1.1451041641045308,0.6552411095807141,123.74226991355616,9302290112.433662,0.000697330948192
3.0915973345461536,0.0697009732940417,1.2680659193131754,0.0200522043685624,4.583402998956542,9.51222712241497,0.8054228219678895,117.03846458061066,14125746162.072504,0.000891411034644
1.3390059142256738,0.0103073716851408,3.003301749436232,0.0054914962012058,8.668574676189818,1.15562163636939,0.6239558393151745,106.82734725181147,19684254393.863583,0.0
4.689414462877564,0.0844697552821783,1.4951188382115783,0.0237979012025797,2.349320350782457,4.264383891465258,0.1532302212766814,90.15504394630308,16372537570.171152,0.0005521063682396
1.4148765196520263,0.0546109062940747,1.8908234521614735,0.0141823115947557,6.740450330907163,5.721249889696808,0.761548696751729,119.02932287930996,10610672427.300789,0.0
0.9014444859892364,0.0358510672865395,8.452308616324737,0.0891261182170279,7.485761762447789,3.2465129328190736,0.3449494037032287,97.91472315309228,14300879821.92539,0.0010720719131139
3.818589042631068,0.0840463693496467,8.916043136162529,0.0187804304990577,6.333001251874919,6.815800591854421,0.8186896658390695,71.09992939077473,15784027677.4513,0.001191110383113
2.828371408913727,0.0379251468614933,5.695043071988724,0.0567499514974863,8.7797842884163,13.101209374920996,0.2702536386068839,60.61435452014607,17115418542.122929,0.001081148830153
4.386415488938191,0.025064444485037,4.960137864859508,0.0383361383842728,4.787292829126074,2.666817617370984,0.3094214396344409,96.58603067780422,19661569184.29016,0.0005059417853496
3.325894837313532,0.0655563533406811,1.2182925561249702,0.0329038119219355,1.6584431429991533,6.295092966688481,0.3925095810266533,100.57673181798144,10469382959.847094,0.0006008270208292
1.511160248700462,0.0228474190096805,6.0451906271963605,0.0042321388106836,0.6420458723119044,2.257659108621077,0.547845754742245,76.02608237484549,14142022056.492737,0.0
2.3051327871841414,0.0590543386623525,1.885172805844261,0.0192525479633348,4.340717018731284,5.933674361018669,0.3481212345178436,103.84111483704592,11368880546.81548,0.0005222264118965
3.9785766473799513,0.0939642379501911,4.463071137059744,0.0050344535876961,2.4101940811672637,7.898182694812847,0.5562516392093825,109.80951241154034,18677981261.077152,0.0
1.2150410670924154,0.026553239727,3.112800982355,0.020548868197439,8.06574677283251,3.5950326391168548,0.6593007640226574,94.40722507427375,16017772297.780224,0.0012637401094341
1.4163878581012137,0.0607367811697038,6.389137135335301,0.0099861113482425,4.321816302860233,1.7817361880283402,0.4892022882436872,107.61939908136029,10031890139.574549,0.0
4.919731583623353,0.0606087572483701,3.4567275055221955,0.0041967331501904,6.405854939235061,8.23900453395332,0.7224626054669526,107.9511839010112,11340878444.838505,0.0
2.511408110971522,0.0497288599079003,4.541784645324879,0.0670384628388217,8.255800109937182,12.25596664065289,0.7738216137211213,105.35893621413943,12577730600.512745,0.0012453235928391
0.7787998169815006,0.0577834912357524,4.620251520966319,0.009948381075681,8.118953424116443,3.91381463202949,0.4886369613933661,111.32088340042556,13647127725.37268,0.0
1.566057380627196,0.0646118154113065,7.013887558563624,0.0021599025574193,3.99102628459972,5.533816832757273,0.563090605499805,99.24987299722336,10450574974.900171,0.0
1.7388362424021084,0.0341072602290894,1.3522213460231505,0.0042572791276284,4.98153214204856,3.471779927426603,0.6192472902413656,119.71179068284825,18237297548.98338,0.0
1.4030487632815782,0.0250671480717593,4.276581158976128,0.0101832360507992,7.089749016060412,4.997102367234995,0.8341216623040099,120.43285086792665,13844063889.746628,0.0
4.185216939501973,0.0725537113852087,2.061643191406923,0.0124876368208398,2.396180733843029,7.505019375551752,0.8284711839568526,113.5808784404458,14067894440.423073,0.0
3.635051417798884,0.0755081880652121,1.7163870725830814,0.0086320802311512,1.5261491057495034,7.045524153795591,0.6109280732507009,100.89884538708417,16096360920.632664,0.0
2.3160984147749155,0.0108350084524897,1.04594723647639,0.0080912377685522,4.722306643771954,6.523547202188206,0.8410373318949139,117.19711159055782,17558710248.305748,0.0
3.070745807865561,0.0627974339757211,1.806604512498223,0.0159287808613807,2.328541152546898,4.038877160026668,0.4448440700025224,107.4971975421438,15180516591.2035,0.0
1.645145603459774,0.0338224977624793,4.709935399896667,0.0284622053560679,6.206190970513996,6.110189677469234,0.7002591752612687,127.99139519118924,12698648803.66666,0.0010860889274618
3.4083334605432167,0.0735393570553296,1.025145802686379,0.0022075944537001,2.4789276266320104,11.148106656307618,0.7112143031062825,125.28887546973814,9125366408.921667,0.0
1.342455151434871,0.0464796687413692,1.8380542124519943,0.0017307530032688,4.658952439323437,8.060945638719776,0.4410657292513433,120.94581023884406,13516217962.129335,0.0
2.586708860698438,0.0681862626478026,2.5731690322367378,0.0567956935389387,2.212393912324771,1.5475224355128578,0.6453824145581835,86.77299940724696,16571250588.757952,0.0013360337190416
4.428753431982829,0.0509344481917829,1.4699543289951849,0.099398930250033,9.19848227210072,8.441063765862422,0.3182740704726325,116.97387017534722,9171448690.478151,0.0008690283983829
1.3136535646812304,0.0521374289351543,4.5003780882733295,0.0790883856795219,2.7353090661497883,8.32166253124043,0.7847109705524181,85.95702753984915,15560755880.082611,0.0010201915870338
1.8724849185319328,0.0532673532465139,5.762054487417223,0.007102414313641,6.006319035190674,7.484935987893269,0.6629514521213187,127.56183313073836,18875893654.031147,0.0
0.8610825215127348,0.0079856474234842,3.6892822417403672,0.0107214246338458,8.675615694861333,2.1591472727112686,0.4445887667936826,125.84966158482533,18860112123.412785,0.0
0.8773353720143277,0.0236169289136099,3.2080886574137084,0.0185760348632399,7.508015153992769,2.5012168436602664,0.165257857885445,98.69657773242297,19565716572.66152,0.0
4.690365660861902,0.0925848158159962,0.811173587337953,0.0761170456784837,2.1943320601847445,9.568701909355283,0.3606485144222907,111.80026593692072,16624539538.499563,0.0009713059208442
4.668323561850937,0.0977333089999311,3.984145728366228,0.049359765723997,1.872443658766447,5.863668018604535,0.6090860172464917,100.43882543455082,10719667134.153936,0.0006815019367018
3.4950451685212,0.0928473728869058,1.3669407921014547,0.0199977086608368,0.5358157982532553,3.5672137236513266,0.7176260748524798,92.25578423612052,17692556856.711185,0.0008473313143742
0.3486932603571177,0.0613391441127617,1.2686783172636489,0.0131659200741691,8.08718432829903,2.320785649752593,0.6659531517469,118.22034394206491,14225602335.486591,0.0011937917175091
3.4950451685212,0.0928473728869058,1.3669407921014547,0.0199977086608368,0.5358157982532553,3.5672137236513266,0.7176260748524798,92.25578423612052,17692556856.711185,0.0008473313143742
2.569576378488825,0.0755248298600794,7.383509334570127,0.0176997004224113,1.0424000312442585,4.902709498138294,0.6287292152752176,90.1976360377633,11726282338.899755,0.0
2.004872652410864,0.0758226109729989,1.2038073899522703,0.0295643180326107,2.356627456393173,5.270937501978346,0.4088391966587568,86.32816021916659,15968921005.4872,0.0005926750390963
3.580322566193669,0.0764486974951621,3.6426588984354265,0.088730690966759,2.1362667660377057,3.168407759927417,0.5175560061835783,120.89057403557128,10910123314.277395,0.0007155849726342
4.015741489098489,0.0818591158401227,1.2855949355399472,0.02635267284493,1.8372053494928795,6.582502624316973,0.740639303168626,91.32858088763976,11612927753.195494,0.000556681276434
1.6857520940446855,0.0161003767937012,3.332434597325763,0.0064343947357752,2.276855508357055,4.197873445662159,0.1549060209662655,82.10532265663508,13237753870.722277,0.0
3.127842483493932,0.086762802098271,4.517049915792366,0.0774465207631751,4.5591713400586,4.995257403820139,0.6483362411178495,90.31864008977588,16807606878.66544,0.0013379461848032
1.0547094300591184,0.0174961952479827,3.8704752859101,0.0145848388645232,9.558065106488495,2.164697545036674,0.7920294884901602,66.8584435907577,12832490792.932549,0.0
3.229638342734148,0.0788953873336356,4.000677464355599,0.034120542398471,2.2433652771677943,6.452175117284847,0.7861933254386294,124.63981140485168,13013083563.760206,0.0008945702455284
1.4895611728628642,0.049903665155861,0.4008197669133401,0.0252672532954773,5.115401349386643,1.101499400910573,0.5191365172438309,111.8516225647007,9046199069.871777,0.000978015441898
4.245395838684333,0.0924295215495261,7.237230826686335,0.0628443374062523,6.502056186119158,12.289073064736655,0.5861039873097752,115.05735446529944,15367053151.604612,0.0006440546900979
3.259127998417003,0.0365363142488843,9.208560938555202,0.0018475225799857,8.186362328935557,7.361395353013815,0.3026954373887706,71.70716288047984,10780860595.513092,0.0
1.2077719562037803,0.0257339516438253,3.9152364009303415,0.0075913214225603,7.779212320115031,3.561353460334173,0.8199271032421629,119.58216505961909,17074024623.812773,0.0
1.799283002686558,0.0317161710549902,5.974247926203376,0.024033676844268,2.2351308391844813,5.016587966311023,0.766641106267457,126.95280250939284,14675816490.32252,0.0013357605472641
2.3326557969179924,0.0418041285229167,8.836747663110568,0.0113654018581989,3.4855342828413614,5.190198321143286,0.3710349944030076,89.02148636789589,9918314887.723696,0.0
2.4745912694340784,0.0706428962834903,4.791680895140722,0.0194895699476097,3.6813179379463232,1.6974811275348642,0.7537517193150605,100.98186636418832,13708768583.351357,0.0006051492608685
1.2574616563590522,0.0269206931118719,3.0674196949017523,0.0219969369180179,8.096358925962802,3.633420068507102,0.6546448639932595,95.29921019559929,16125039961.379095,0.0012673564531506
1.911719625942688,0.0328328704130469,2.920486782174488,0.0024727955541047,4.802860284632816,4.57801504399897,0.6206368453599554,114.93876889777378,19337625230.82134,0.0
4.016402252194939,0.077018953846649,3.2735344317382857,0.0094988342642672,1.3050424756619692,4.330753251564325,0.2583211716776303,105.72323921191908,15931413722.376991,0.0
0.2393606422365531,0.0344125975798207,7.062957344425116,0.0141918159348261,9.929985329031288,3.725131285830585,0.8401885459049298,118.64506380898378,18515343582.74199,0.0
2.4384233251571708,0.0472272773916946,1.175516664393617,0.0602538398622443,0.6829723706724288,1.6911622813623826,0.8033939696354443,98.57120508461225,14334452011.732767,0.0007749831830708
3.975018443934844,0.096880483768587,0.3936816731098294,0.0279655621375288,0.5511512205313635,4.274446505512514,0.6954954437570863,98.41878956915248,14450140013.228151,0.000822679744023
2.4476931345569284,0.0397147926328195,4.681844042044403,0.0452525971178095,7.176880716677697,7.685377414323755,0.45694625448346,71.34753163559046,18028993163.61591,0.0009790447609687
3.337002813362828,0.0265111256615203,8.101593793228934,0.0110754027536852,5.045116376693287,8.033942355700514,0.3142710080582636,74.01860218153561,9952604111.45145,0.0
0.3328344337393293,0.0212367147063895,3.677245918009228,0.0027842501285177,9.446929665487808,5.5103622654406905,0.5315184580027204,122.72564988320906,18582124678.49533,0.0
3.598532085006444,0.0983252546608092,5.1960727388953885,0.0031436917483232,2.5153356429286413,6.415619150923458,0.8491957806305991,122.15945788758388,19866292393.55134,0.0
0.6932858542200183,0.078623643692171,6.132054878102334,0.0204622813060211,2.961574878519583,1.711109558543405,0.675761981335209,106.97436339031216,13923311287.033674,0.000817119872382
0.6950273620487841,0.0568144279432812,4.4565852555846215,0.0083243858754239,8.216768694259834,4.03024032703284,0.5210557915794074,114.45704212185964,13497148245.807407,0.0
1.640131785868142,0.0138638723350824,3.2781159796712576,0.0059674672154146,2.439575601717028,4.130155167901122,0.139505998930508,81.63836345993553,13129013046.986628,0.0
3.088148581028156,0.0666415567793963,1.8700637561733464,0.0540072455689208,0.3324869485869953,5.5106498132155295,0.8089937712053936,116.94050919818514,10902974844.533804,0.0010836834169505
3.604844412379123,0.0983456361566742,5.205522674785732,0.0031261546237828,2.518063926118824,6.409183686039398,0.8478653254982371,122.17251644709074,19844047984.267506,0.0
3.001034593304849,0.0664141642133472,1.2694772914299195,0.0191850128354089,4.628273873350452,10.24431873402254,0.8115391176822497,117.72297815247562,14141318925.938423,0.0009078107246039
4.012797196074341,0.0885184698989305,9.309328924230975,0.0991213475559465,3.661025631568963,8.01267919350055,0.6362754838564282,102.43948727510852,12054174797.397348,0.0012772472945525
1.1335326194034838,0.0603846926171472,1.0538437215604537,0.0486080309628132,3.881997710840232,1.2736416014565022,0.7607068620033071,91.16526226562674,16476763112.07356,0.000985529714648
0.395244167869313,0.0751865245635274,5.513913184554951,0.0053758244006785,5.201012633021172,4.513122919448717,0.4453575657450919,104.44231360498708,13962689465.234327,0.0
3.1336313766198143,0.0994492933737538,0.6083386806871814,0.0272444118500535,0.4018865928330772,1.1451041641045308,0.6552411095807141,123.74226991355616,9302290112.433662,0.000697330948192
2.4476931345569284,0.0397147926328195,4.681844042044403,0.0452525971178095,7.176880716677697,7.685377414323755,0.45694625448346,71.34753163559046,18028993163.61591,0.0009790447609687
4.404899766449928,0.0641074554363412,2.9021043362082635,0.0069312670407164,1.533654231247854,7.216110040154712,0.729752223477223,119.6508006348715,9591380337.555922,0.0
1.3065984897601255,0.0399943601284948,8.507803906620142,0.0070721417369084,2.281486342454303,4.8469626816452855,0.3353371833678083,74.14737160459211,14438986162.965197,0.0
1.3885114489245305,0.0292312081941522,2.799978564589501,0.0192562172650674,8.844288822693034,2.9014936668608717,0.80929335483231,123.97023437545532,13597650556.623043,0.0013822558521502
3.758897241283016,0.0876720752720963,6.633913936021211,0.038027866822427,4.095486674353898,4.772066395904975,0.7808506012477214,128.69369424733412,15002166283.473269,0.000643919113421
1.3735939817561482,0.0659840524223307,6.122637763122487,0.0033396416947027,0.146597025331586,3.085554867520843,0.8104476383919369,127.67060787897825,13691867256.665203,0.0
4.994567419491003,0.0909919233240676,5.439368465923997,0.0763191554955464,0.3186046105683914,5.469205201086364,0.7804682615299908,69.08147736043028,13640964188.87444,0.0008781561496011
1.93004020363693,0.0153573368287602,0.5526663827754049,0.0043149922084025,3.852769057162692,4.948347065719078,0.7117172560738488,67.68093120778802,9962159353.533838,0.0010002635629636
2.0040621738290407,0.0072808609696693,0.4490314112460939,0.0065858819207205,2.8136806065504096,3.924603936167617,0.5373271195777408,94.45391599996516,17665994918.794914,0.0013016726157284
1.5455722108331291,0.0273464194014167,6.2280991247096535,0.0111819480041304,2.7720988186746465,3.1568006653762968,0.5505136819836918,75.855335895216,15467642792.329962,0.0
2.3838972766588866,0.09878147710212,1.5446088915842875,0.0116374141514636,3.543919049276963,6.927456985989675,0.622061324538289,112.8339606387304,11350250814.184956,0.0
4.795378375805655,0.0295207681370077,9.496730586089363,0.091251966059779,5.397933784013032,13.193663748094767,0.173680708753176,85.78190538351673,18164220260.5659,0.0005695666467694
3.4950451685212,0.0928473728869058,1.3669407921014547,0.0199977086608368,0.5358157982532553,3.5672137236513266,0.7176260748524798,92.25578423612052,17692556856.711185,0.0008473313143742
2.069992148463741,0.0836992526708413,7.704928730621403,0.0080025127237009,3.7702794285095695,4.338135304064677,0.6447680362163138,103.51675402948952,14209057045.014397,0.0
2.510019739734785,0.0592044178024992,1.4026876330775848,0.0190325871252092,4.367987579581266,6.1788971246364754,0.324063247934119,103.30185652780092,11219408962.06774,0.0005335386994696
1.2150410670924154,0.026553239727,3.112800982355,0.020548868197439,8.06574677283251,3.5950326391168548,0.6593007640226574,94.40722507427375,16017772297.780224,0.0012637401094341
1.1177039872824497,0.0361160296589878,2.3228871236604545,0.0156427980306826,3.730790690790921,4.9522558040841735,0.626504800992543,118.8218864874662,18260500145.92934,0.0
1.3735939817561482,0.0659840524223307,6.122637763122487,0.0033396416947027,0.146597025331586,3.085554867520843,0.8104476383919369,127.67060787897825,13691867256.665203,0.0
2.349180052599136,0.0867730333179579,2.504950793138693,0.0053131005328199,2.004767296853327,11.183946524069873,0.8099101310926923,117.50585519293398,13431075275.6582,0.0
4.182006271406011,0.0748401115905944,6.681607558474342,0.020365731730539,0.2761918114763276,4.1317122841091765,0.7827891607745128,124.7222439774421,19439524364.60416,0.0008620236079635
4.661103928169939,0.0843947767018289,0.4798535638385872,0.086036192718599,8.235329318196614,13.421385732726472,0.2065702721872993,107.56435645290736,12233763799.75255,0.001180284787951
1.3706015890657446,0.0417409770770309,3.199678651711949,0.0168042270468787,2.49590186810591,1.825381970425544,0.7482269339506433,84.33721997282528,17514014530.73478,0.0
3.767900114127158,0.080973515601162,3.836058590668638,0.0055824541726368,4.344985102747332,5.164266077383728,0.80701354484288,121.5067689691134,17276336003.14232,0.0
3.7432079307693904,0.0913271405381536,8.514789576600618,0.038918105613441,2.3943005998946405,3.3020380768148034,0.4567067537699441,119.03245074988956,15131219779.799095,0.000798461670076
1.9757669265162756,0.0220983932029596,9.498755487378055,0.0324988469587511,4.555346191997735,7.877704401799799,0.0446820057560053,88.01642052600693,12270546300.872164,0.0010927285092505
3.151828267265286,0.084106474567935,3.8291817397959615,0.0112637652437529,3.727402952808065,4.577316290905777,0.5477863173583392,112.4886215716554,16401661866.288584,0.0
4.26223688139517,0.0608933902072781,3.869232737724292,0.0344744692186625,6.937374632559965,5.050749098444187,0.5712579483485606,85.57834460525316,12097541945.916529,0.0011711846014138
2.3326557969179924,0.0418041285229167,8.836747663110568,0.0113654018581989,3.4855342828413614,5.190198321143286,0.3710349944030076,89.02148636789589,9918314887.723696,0.0
3.2022910313955486,0.0872174733483197,4.220769226053571,0.0022292096245057,2.928095960988249,8.88015629527205,0.2479886571578652,108.69465492867458,11701672348.708614,0.0
1.7062420248708277,0.0513299173591276,8.434721493894472,0.0028452262052862,6.518753090193973,4.352796813338501,0.4376266396269337,100.43500720332148,12203956573.264011,0.0
3.0886944121658537,0.0421383877224118,5.925583848515451,0.0631187218709222,8.647850593907974,9.321029736091864,0.3586416652598458,61.252666129049416,18337206022.046368,0.001011327775145
3.5075573385513983,0.0443911030024364,3.825057423313919,0.0499103896113795,2.0948108252098376,3.330126744046812,0.7289965453318399,84.64797317823155,17195430863.71279,0.0009431108822473
3.7070766244780464,0.0888212707545473,1.8377809586364888,0.0081500089820895,6.504331027233517,8.762526578926723,0.6553920032234959,108.18751210825288,18429082892.19604,0.0
4.478959981056403,0.0861953173922751,1.1747678094755545,0.0456484822840882,7.065732696063078,2.6921117071201266,0.6074269856692437,122.54223286833404,9882431111.15615,0.0012944031446605
2.977153846770661,0.0917680557653377,2.0038601197033223,0.0216863223979343,0.5098416588296085,6.016306216018694,0.6348076255119216,102.88607110311138,13601002341.14672,0.0009295618898484
3.986119349232725,0.0854710959895204,0.6600245335908711,0.0200246243859983,2.039299923156762,7.854631823627771,0.7108490697034259,110.7112675558999,12511059242.881453,0.0013705045447519
3.54822737160271,0.0979146675666595,5.136867035697987,0.0017998203513858,2.3540375102021827,6.740761207773283,0.8472301105437019,123.11216518811334,19866958923.27967,0.0
1.3070763996421828,0.0182385902840351,5.338334370715271,0.0122797640436684,7.767230352814816,6.777967346495388,0.820493544257336,125.9963112500922,11652287511.760193,0.0
0.3519442853829735,0.0504244171765466,4.142102269365196,0.0232727538004595,8.696152345528459,5.414749952845868,0.604562739741521,105.9996502804772,11363463300.06194,0.0007235344177812
1.9439853691349085,0.0239204448886471,1.654380330170822,0.0033522269389433,7.049443562157274,2.299542248716433,0.5685757929442786,63.676657621690616,17172385712.019531,0.0
4.031313782421162,0.0698139323599431,7.154269123289407,0.007149820789516,4.45055536375129,18.106398546737363,0.6635627116365442,71.4649673648957,9710339244.14364,0.0
1.991273397765597,0.0827986941703516,5.749439899733813,0.009801338601924,0.1468711351016004,2.817202741185321,0.706795168550084,113.67688773112847,17785627819.377068,0.0
0.9454545150196528,0.030831534446672,5.03994477492594,0.0074554454381869,8.65364879017987,3.24088892350306,0.825563161346366,115.6395332501704,17597933634.16318,0.0
2.947961306073936,0.0648214000393593,1.040304449207043,0.0557835929020332,0.7198633571301559,3.5364411236796096,0.4868896096404079,114.86520874521185,10541694147.658436,0.0009357308717648
1.1305580976228549,0.0726861326092876,3.917884163634182,0.0091845700172422,4.798642314024823,4.522460809603508,0.5318165712536953,75.0738889528849,9558114187.353613,0.0
0.9109981708961232,0.018670038182114,4.135019725595639,0.0196289752027827,7.926053477271886,1.8574053503286607,0.8118009149603687,123.20910854345132,16427331066.98217,0.0014550243674109
0.9026913707285892,0.0373120045241298,2.2714881412872625,0.0083886998141641,7.945358350957616,1.439733776887181,0.1016933615288195,73.38230825299279,15544483061.285467,0.0
3.380962430781005,0.0372573180796218,3.745016818700084,0.0238004283184761,6.601954138521281,4.943327502187294,0.6436087661114287,102.94036186292288,15854240295.476105,0.0014478033546575
3.718018539918851,0.021452980216944,5.252216065556141,0.0298885707383791,2.801852475831536,5.382506155086044,0.821675935568571,82.10446789295757,16665027481.988651,0.0005732924286321
4.504805409415396,0.093925205014063,1.79970796863133,0.0738351855124752,5.078464692549376,2.215133220869488,0.4056623895941268,105.08540615728369,18098952319.64157,0.0005951833566203
0.706481945573412,0.0408233358739466,5.627646781842044,0.0230299403316233,5.511962386269881,1.1677603829232457,0.672175920805578,106.57988998209709,10693837217.641796,0.0010994607412463
1.5083344009660444,0.0403462973943447,4.9702435648337655,0.0525031089945436,3.750701133422512,6.643548441468633,0.1899895848870317,71.18056564585338,14860965170.5684,0.0008726402576429
2.451869729763936,0.0986912859731125,1.3876690798741853,0.0567966890846824,1.728191722782355,13.345332355843466,0.7911437448733777,110.3764546560608,14919128134.330296,0.0007572330014809
4.386415488938191,0.025064444485037,4.960137864859508,0.0383361383842728,4.787292829126074,2.666817617370984,0.3094214396344409,96.58603067780422,19661569184.29016,0.0005059417853496
1.2574616563590522,0.0269206931118719,3.0674196949017523,0.0219969369180179,8.096358925962802,3.633420068507102,0.6546448639932595,95.29921019559929,16125039961.379095,0.0012673564531506
1.660800398980813,0.0863376726903485,2.8750290606579574,0.0059662293839464,7.31608421981512,5.86655997170659,0.8101720491656053,125.38707405590864,12410264967.429169,0.0
1.8936642715500616,0.0711397711860725,3.8449213038813457,0.0290600641910445,6.164853088050579,8.862819843543688,0.7855961981387164,126.31583400501216,11772805322.146404,0.001240047227228
4.00607551848721,0.0796065503073429,2.074325008315534,0.0832134684580089,3.289385083884143,7.133793986673098,0.7350173162068595,66.2074150700443,16459868130.779562,0.0009857299517609
2.1413901589735898,0.0368817596949328,6.140287996142033,0.0172443932903247,6.000345409275566,1.2266126439565954,0.7329894925504957,122.82209090489704,15341704946.543327,0.0
3.7720026761018457,0.0898281722398535,4.502718503956882,0.0112516593181839,1.1623055135024842,2.705289224162134,0.8445828368202194,96.90114699314408,12997628522.91297,0.0
4.873278144698502,0.0582631590676698,2.085543478618332,0.0053009939627636,5.188766451547983,3.557856378615619,0.3652894688392779,84.82592738482259,11007980440.01664,0.0
3.6048307500683134,0.0981784593507377,5.192979071187621,0.003132949914361,2.5029218353232503,6.418142159168855,0.8489822728554713,122.22731471447774,19849604753.28268,0.0
1.345770342051178,0.0994267400310583,7.266648768919064,0.0254736134407765,2.474137899950797,1.5581490862022918,0.6305628153659367,111.066814640151,12164501259.777475,0.0007547245946507
4.810863585228695,0.0425260359629375,9.187257345727351,0.0675096318099659,3.507643444670556,10.491135690050406,0.5312644951145222,87.09659229904697,19942759740.506283,0.0005401997128966
0.3148140784113816,0.0639688498947296,2.7068779787510397,0.0033754444397319,9.314281645738578,6.51652064118622,0.5795249921371545,107.2294754547624,17528793857.36283,0.0
1.791955645310123,0.0601935979874926,5.101832689261678,0.0155966685934269,3.60904752757078,5.22309286976719,0.4133656141626948,102.40427457874468,9118638677.433935,0.0
1.3544093045352947,0.0471640279896706,3.228841756624035,0.006882036013561,7.46793403190387,7.929350835483682,0.7098720338542698,87.71145671701032,13800218319.05743,0.0
4.829735460337671,0.0845335478956665,5.826273361629549,0.0050796884402782,6.580210199775109,8.148679608141068,0.1133001762221972,104.26795060730744,12505574676.058956,0.0
1.341696482857936,0.0469084166579182,3.2760735630156748,0.0066789735807514,7.455217586344736,7.845165394632084,0.7139913252793467,87.83136748072262,13808527889.918722,0.0
1.191936116394814,0.0356439074452572,2.273551056208626,0.0143832412603972,3.597987586902604,4.662028109795814,0.622624830109765,119.45426283218842,18502941547.845543,0.0
1.6844222351084044,0.0542767997558652,2.3878964752012246,0.0043531078299581,7.172667940720435,1.0417520918386114,0.5703084167243556,128.47475664951992,16416676301.869396,0.0
0.1942010447620151,0.0729239249122644,4.149170470299765,0.014927794934015,5.93026646052496,2.865366819288856,0.352842103894416,101.25957767762512,14094401388.472794,0.0
3.001769904089072,0.0955771354281549,5.110022870556254,0.0038618845820872,1.5348094946881023,6.437223733155886,0.8078876579354022,122.60705776851978,18329664610.745163,0.0
4.48976161018786,0.0802506372649099,6.411944134235324,0.0817084833661662,3.0383874039963343,5.228566973211573,0.644113983418113,90.96527743691787,12329622518.01513,0.0010387230341478
1.9757669265162756,0.0220983932029596,9.498755487378055,0.0324988469587511,4.555346191997735,7.877704401799799,0.0446820057560053,88.01642052600693,12270546300.872164,0.0010927285092505
3.321567434916713,0.051816950686413,4.82841116796932,0.020264275477565,4.917584606006415,4.679067602421239,0.6725313133803565,100.23874679794686,17093913269.7501,0.0006279511783386
1.7018738883432196,0.0940158866921101,2.5581547998915064,0.0093392111202623,5.348520120353316,6.504462773214847,0.7220132024189473,125.83526427658042,13392567501.974731,0.0
1.7841327274080785,0.0272375922485151,2.078356101896839,0.0036855876498013,5.247198841754301,2.137987980905573,0.5657452098604231,116.54435032825025,18415634450.55707,0.0
1.0649155340454244,0.0072488637077253,3.4657808269376797,0.0162401059479124,8.946213744750816,2.0846999900683585,0.8027156721634813,117.89418628924584,18125895065.663857,0.0
3.5848330768172034,0.0496743321340158,2.9322465580098203,0.0056327137042399,3.756806726445452,5.442931757687091,0.790893929624514,113.12293380898336,17768599478.33912,0.0
1.7062420248708277,0.0513299173591276,8.434721493894472,0.0028452262052862,6.518753090193973,4.352796813338501,0.4376266396269337,100.43500720332148,12203956573.264011,0.0
3.910586741527119,0.0481119325560723,3.8445777807673327,0.042280107305005,6.480922686403254,7.252315641957504,0.6241524314659108,100.9583831719246,12558825725.651302,0.0008536698865413
3.646346917386634,0.0873743989403176,1.572920820251975,0.0021090557865705,6.700467116287463,8.37051305784501,0.5390837070803683,105.7491811615152,17259193745.528015,0.0
1.324806653080885,0.0518585878131926,1.6189402713384464,0.0022823496705012,3.694862402931361,7.740263566993407,0.4069425779572191,116.34047615841202,12840304649.130924,0.0
4.926512188959238,0.0981752853688781,9.16315079405081,0.0667545004636899,3.81626326836824,19.788606375553265,0.5758173267453285,124.51432121708604,18052639479.66615,0.0006214882327749
1.2003569112873995,0.0250984375523371,3.587375651073901,0.007222091212569,7.713537822791713,3.670046372185086,0.8143826485224489,119.31807304762164,16946155763.928043,0.0
4.690365660861902,0.0925848158159962,0.811173587337953,0.0761170456784837,2.1943320601847445,9.568701909355283,0.3606485144222907,111.80026593692072,16624539538.499563,0.0009713059208442
2.6130270986714264,0.0358623286037182,3.835233055600109,0.0380197893357023,5.253584947352607,10.753626921696965,0.1633506777788766,98.02451819538716,18874314696.66479,0.0012274244339073
3.9664139602375306,0.0529909263543895,0.558514975867301,0.094316767379758,9.171289436625743,9.017243392514322,0.0411924400966575,129.21982148613458,9951206248.130615,0.0010532057623484
1.1379279993783693,0.0195820740530729,2.7132084402130947,0.0155714703340965,6.7402113119737415,2.0524259065451687,0.6255206726949557,83.46835549557498,19960109452.39619,0.0
1.7254564362889226,0.0980934354106121,4.138076961581654,0.0983785744198114,4.861838396707496,5.474726583989746,0.448463864144368,67.03605264609871,18834987975.05722,0.0010387713338364
3.6048307500683134,0.0981784593507377,5.192979071187621,0.003132949914361,2.5029218353232503,6.418142159168855,0.8489822728554713,122.22731471447774,19849604753.28268,0.0
3.5559948674498294,0.0592222603407468,4.860607941505997,0.0068246168748928,6.697758091994517,5.060219261987753,0.3636816625599398,89.824990095602,15126791997.641186,0.0
1.3531923739334426,0.010918301678939,4.287927050684438,0.0415458383721469,8.147430015421508,3.7234750934331977,0.5843198531563635,94.3716907695739,15429236413.66647,0.0013592751591109
3.12822085784183,0.0812979066692616,5.162770307792557,0.0070449614450541,5.099966478016861,8.112822447068558,0.7921487695674756,118.8354972263424,18244133198.560856,0.0
2.948531669830209,0.0223599694865932,9.426108310376682,0.0359639504764276,8.887801719855572,7.716892724026694,0.2565134641139276,127.42813271505584,13501308742.17934,0.0009875685387246
4.182006271406011,0.0748401115905944,6.681607558474342,0.020365731730539,0.2761918114763276,4.1317122841091765,0.7827891607745128,124.7222439774421,19439524364.60416,0.0008620236079635
2.8514313064262717,0.0516116258582322,3.950180995906012,0.0048055465581917,8.813516962653908,4.074815372056951,0.1286908749171723,110.03818986487062,16464053621.082989,0.0
3.277153450590517,0.0525470724171744,2.0353004150422027,0.022339318097315,4.776138876036959,4.344146078920294,0.5593127572825897,89.56614961499758,17052857222.897451,0.0008606351140768
4.02287964368964,0.0673707948739754,2.0810696141240155,0.074325506410444,1.175069853498853,4.213019203486899,0.5914384820033886,89.72333529114134,12130422308.59348,0.0005102701531777
1.0186710798362242,0.0353476463061558,0.3743612446455594,0.0967272923510887,4.256888739187979,6.621423482397517,0.7895755463814406,104.4727030236043,14119168894.71912,0.0006525254921969
2.6975141406945053,0.0497798438391934,2.161975482488339,0.0243063976117097,6.741198375560572,2.630166010690993,0.350976002560494,83.82916281576203,13472203263.240654,0.0007944602515182
1.1010327564957685,0.0207495017861748,2.754667782809896,0.0138783635550849,6.762850149842552,2.294733666372048,0.6201317926859368,83.76956541886094,19875103945.804005,0.0
0.6230266525917694,0.0083143258530127,3.465631305757262,0.0037943932355501,9.675140654702435,1.2935600675654315,0.5789448835280925,129.67086904780805,16952887946.275429,0.0
2.349191728764986,0.0867351014059976,2.504270205373479,0.0053067540930889,1.994453578829708,11.168453196304068,0.8104511623674856,117.50501902707724,13432785555.501928,0.0
0.4996397118916715,0.0908295833774855,6.208724572704986,0.0195454531692762,0.3408959532674556,1.0487329507608276,0.7800949452715492,106.50633815825304,19499339328.474457,0.0007099826203263
1.3236214789081742,0.0185076701025761,9.494158484120298,0.0390552039458532,2.0666097665328005,4.572674007716862,0.7248231824255489,123.96267216909445,17668719309.17501,0.001290927622099
3.6625175983550746,0.0182265472370956,5.053597009060267,0.0294921280576429,2.7309038413838205,5.883101928238658,0.8207385517152254,80.49148866480897,16672907971.568476,0.0005896593051948
0.7313100512962553,0.0565909925526973,4.385810775606934,0.008563957345448,8.10149722143755,3.916316964047764,0.5186902277077243,112.96495739218004,13519894493.18246,0.0
4.02828668326996,0.0921004802996581,2.6455855787503872,0.041371539586886,1.3226244252217834,7.503880535281355,0.7243145289174792,116.97436619444755,11169047979.35352,0.0006553965639773
3.08828535220575,0.0698782825663197,2.7324308159795145,0.0616251810182163,1.5867898665246558,1.1795942406972344,0.6376464634688966,91.42631958421454,17076944114.414003,0.001337413439768
2.0892878774745958,0.0336324366710541,5.3187834902906586,0.0265698543598945,2.9060533294374857,5.537372157811206,0.6654631661848455,89.7759168981187,16875862247.47326,0.0012428710964959
3.975018443934844,0.096880483768587,0.3936816731098294,0.0279655621375288,0.5511512205313635,4.274446505512514,0.6954954437570863,98.41878956915248,14450140013.228151,0.000822679744023
3.992894129502087,0.0560438702246651,8.623313961744794,0.0637474548800122,5.496733345227473,1.330551481296288,0.8321977285324705,125.890681183095,12496882342.542034,0.0012868412646092
0.3516083310597513,0.0609161010165194,1.2864361063974838,0.013280443307126,8.084537019612293,2.32084735022821,0.6659587060476915,118.22392867337408,14218813639.137417,0.0011918028047839
2.619827152967718,0.0793295317834299,5.334216948318961,0.0529930199833013,1.6416521918027869,1.6029500346174967,0.7456452135910798,92.83959237429951,17656595439.380646,0.0012472699110903
3.45055207610708,0.0340572239684894,9.299026554669943,0.0118500611235588,9.31534651761386,6.161794060461805,0.0136115662334674,125.97532203226608,11635481147.55478,0.0
2.8567458660260434,0.0342567426244277,3.710244591057463,0.0221780632255135,1.2777786864770817,5.8905010042974695,0.4695416375955794,98.70279015142115,13835831403.572865,0.0007786122786063
1.5497165423243136,0.081142586482408,4.913120806002318,0.0138957009194177,1.792019121140071,2.7944419794057755,0.7589652027704008,99.39425714210267,14549467700.345442,0.0
3.3809961649287983,0.0662539281874443,6.141287814784321,0.0794266789221586,3.767187355415852,5.911363115971962,0.6871346370946622,73.0875139588546,13805548743.830156,0.0012468733426625
4.030413931639298,0.0329112793650751,5.571124413716967,0.0232396880266519,3.7535704273910113,7.888172813666258,0.7171069240328665,126.79737844807858,11251840102.182129,0.0010671523080705
3.070745807865561,0.0627974339757211,1.806604512498223,0.0159287808613807,2.328541152546898,4.038877160026668,0.4448440700025224,107.4971975421438,15180516591.2035,0.0
4.262427024579623,0.0623379173583237,3.530637980298157,0.0369051779914347,6.912519526258955,5.187710661177022,0.5688779460349448,86.03930477394304,12082945050.822887,0.0011676480516018
2.778003497727332,0.097814682030345,2.032875084906646,0.0084772033043291,3.051075498683563,9.25241277666008,0.8382590172890063,125.37015488961696,11893309178.808949,0.0
3.337386202362965,0.087864888072149,6.667741858314179,0.0146508087032745,2.7403152235686847,9.616091113427112,0.7953759375948909,117.31106068660831,16732230898.9937,0.0
3.124180412875653,0.0610436478590905,1.2034637127888457,0.0224728595564915,4.2965343894854,1.4493277676456298,0.6574849835077756,123.35466497157068,9218891114.794989,0.0010483017495123
2.39463115461442,0.081540001379687,6.868373370274385,0.0081834972668241,7.858061326913198,6.456196340416128,0.684252159978584,116.67394711474527,19490603068.27509,0.0
1.2760557460712494,0.0057111678454557,2.429476300490272,0.0196722407114813,8.211321155123782,2.743551070209468,0.7566603761615737,100.82001970865768,16015494165.119024,0.0
1.4101802123356175,0.030903849160817,1.7905471132292896,0.0169755026650228,2.9691837724854264,5.485308847105538,0.6202913841955786,102.29732371604588,18747354185.32925,0.0
4.690365660861902,0.0925848158159962,0.811173587337953,0.0761170456784837,2.1943320601847445,9.568701909355283,0.3606485144222907,111.80026593692072,16624539538.499563,0.0009713059208442
0.3119604612805145,0.0156063110448667,3.8569993198907184,0.0072087000618821,9.01133639126979,9.730878614736817,0.8321410576213575,129.8360008203028,19649168628.987823,0.0
0.8434144565903728,0.0314235692326137,1.7467953595471537,0.0099890690281713,6.472165688913608,3.606431076756063,0.8409696968914963,124.4398698995033,13827403176.961391,0.0
1.4431717788839091,0.0275447081117884,0.891096431367537,0.0087474463019557,3.874806013998468,7.917436149336886,0.8213160382190775,115.35474025109836,19415218880.45212,0.0
1.4895611728628642,0.049903665155861,0.4008197669133401,0.0252672532954773,5.115401349386643,1.101499400910573,0.5191365172438309,111.8516225647007,9046199069.871777,0.000978015441898
3.968744014345549,0.0517262369240321,3.5092849761088765,0.0062143539624005,8.401945538701288,6.213258957614734,0.4506227546357556,128.14039051057264,12261407674.65661,0.0
4.950632249991204,0.0941949872754558,1.570934636977998,0.0060359058863318,1.3097198444756215,7.491008622431259,0.8171696011049377,102.09891945461732,17219337215.429832,0.0
0.9512073529359202,0.0316622062514365,3.055842981227938,0.014839603306042,5.204043897683941,4.245816196687024,0.509417181645432,83.70282483030856,13426198784.839785,0.0
4.168842072104334,0.0777129267771691,2.068183003034877,0.0327859741077808,0.618952804466462,4.766372827041644,0.6858746634597152,104.17022181746604,16349273069.63097,0.0009203164281693
2.938537227646989,0.0508389689255834,6.466720220252691,0.0036009442264286,5.312343286447495,5.817755045526819,0.4099547392025787,121.404415772701,13822811313.874376,0.0
3.321567434916713,0.051816950686413,4.82841116796932,0.020264275477565,4.917584606006415,4.679067602421239,0.6725313133803565,100.23874679794686,17093913269.7501,0.0006279511783386
2.3891714204238275,0.0787690997628599,1.2150315271399443,0.0080037509841439,2.566403297012121,3.281629038582672,0.7635939750778182,94.8202003926307,10835905803.882635,0.0
0.6408288080855089,0.0539543790075539,7.385298648137548,0.0031288147508216,6.174724469268828,3.093837076630672,0.0862092377425879,92.59282188880698,11667922894.959042,0.0
2.938537227646989,0.0508389689255834,6.466720220252691,0.0036009442264286,5.312343286447495,5.817755045526819,0.4099547392025787,121.404415772701,13822811313.874376,0.0
3.8295576000547578,0.0801092783007915,6.306359332580533,0.0855638805680105,0.560995004313633,5.692212413466352,0.6687676481572314,91.63994539084972,12313834435.249184,0.0010417531048972
4.551385583023737,0.0899144306775301,2.9222090253634763,0.0127412619250705,8.311839558879727,7.454593296714471,0.6298054403842778,119.9306894203338,11692302811.31616,0.0
1.094279417432869,0.0295983309851274,2.1836532402839848,0.0098694455029407,4.253348752797704,6.302713855951694,0.8161936166643512,120.33631160846616,13542465039.518082,0.0
2.3974360994065065,0.0787038855806014,2.1495522317943063,0.032911662397321,1.1516961224266344,2.812128229226435,0.8109328597760148,116.0700338266216,9542703958.801222,0.0005493026149924
3.627114027004041,0.0985207442571878,5.222433628900929,0.0026985411698132,2.509323041869251,6.410711348159609,0.849063374906464,122.18792165070856,19822476524.05297,0.0
1.191936116394814,0.0356439074452572,2.273551056208626,0.0143832412603972,3.597987586902604,4.662028109795814,0.622624830109765,119.45426283218842,18502941547.845543,0.0
3.976705927217016,0.0851314505192283,0.6572412536323486,0.0199938777434829,2.0869344627452366,7.713656537128705,0.711262804860063,110.87223642421152,12512553048.37798,0.0013726229940097
3.288617595248,0.0290585264553672,0.7633290651261435,0.0521207576187486,7.260466152440214,10.316088434398717,0.7727797600091008,63.2905369055291,9246709640.13554,0.000835113083082
2.9150889349082005,0.0510478513273438,4.078152909693735,0.0054405392819046,8.854585546692679,3.924795159344247,0.145213124822293,111.58622639007422,16435377239.56865,0.0
3.4083334605432167,0.0735393570553296,1.025145802686379,0.0022075944537001,2.4789276266320104,11.148106656307618,0.7112143031062825,125.28887546973814,9125366408.921667,0.0
3.8912759012530302,0.0812279614422764,0.4584026418685458,0.0767097720865884,7.095516294231384,8.406063449334951,0.6157523037169398,61.24799810766864,12504955814.0145,0.0012205270042345
3.001769904089072,0.0955771354281549,5.110022870556254,0.0038618845820872,1.5348094946881023,6.437223733155886,0.8078876579354022,122.60705776851978,18329664610.745163,0.0
2.06295773285319,0.0474799430203386,7.528640625879371,0.0051189574717422,8.103992487984828,5.19820275891376,0.3969888365815897,108.582434307221,15027953767.121317,0.0
0.1884951006552132,0.0531598047807648,2.869805715781564,0.0475017890872129,2.2241187832310327,3.2988356151008555,0.5027081409254209,125.20982109003104,9148141169.035587,0.0009040197163289
3.635051417798884,0.0755081880652121,1.7163870725830814,0.0086320802311512,1.5261491057495034,7.045524153795591,0.6109280732507009,100.89884538708417,16096360920.632664,0.0
1.187139158663017,0.0356534763114922,2.279554850351336,0.0145412553991826,3.5477330706871038,4.924821701053529,0.6183547643279461,119.54351772949994,18445142076.90044,0.0
4.02287964368964,0.0673707948739754,2.0810696141240155,0.074325506410444,1.175069853498853,4.213019203486899,0.5914384820033886,89.72333529114134,12130422308.59348,0.0005102701531777
1.7828496636108115,0.0607369600830123,5.044331297685191,0.0155584278493311,3.6104754155433465,4.941493788514933,0.4120890269421845,101.4443104022537,9033688243.756037,0.0
2.938537227646989,0.0508389689255834,6.466720220252691,0.0036009442264286,5.312343286447495,5.817755045526819,0.4099547392025787,121.404415772701,13822811313.874376,0.0
3.0579294898142098,0.0656102848273778,4.2145476196085445,0.0554290181287711,4.268846899984027,7.61829473319815,0.5874088221112785,109.05569720696086,9094949622.779411,0.0006177647938799
3.696536512605808,0.0253754802072249,6.514246777732119,0.045137796399257,7.782924891282966,18.44249133943661,0.3074558095578901,75.66975239972852,17942473296.69138,0.0011771472022182
4.282392166398945,0.0717095777541554,2.1179653723973124,0.0104826871844772,2.505247189715782,7.565417423001463,0.817709240950933,115.57477093006732,14353039742.56821,0.0
4.7431253098878186,0.0921757974650511,3.2819658741093654,0.0305198058073631,1.4297398443262357,1.5411427807802838,0.5368484187017186,120.95322019604605,10237989278.750809,0.0007534429510213
1.4283646691695404,0.0816794856159208,2.6873267407287678,0.0137547538476837,9.166326835082405,8.625204094310227,0.7136743530416492,84.24174457956066,15587072167.186943,0.0
1.911719625942688,0.0328328704130469,2.920486782174488,0.0024727955541047,4.802860284632816,4.57801504399897,0.6206368453599554,114.93876889777378,19337625230.82134,0.0
0.9026913707285892,0.0373120045241298,2.2714881412872625,0.0083886998141641,7.945358350957616,1.439733776887181,0.1016933615288195,73.38230825299279,15544483061.285467,0.0
3.2391440328524825,0.0742191282487492,2.1056588592388943,0.0536323805072647,1.2914440228764588,3.594815675454453,0.6473954514444815,85.35666768449263,17710335105.84444,0.0010776443940377
3.514946124140475,0.054823656548008,5.05575016968476,0.0053482830651232,9.180984317714012,3.355513658657164,0.4367149958457383,118.70670096555727,12750033600.878216,0.0
1.207451475585054,0.0257263011601921,3.915432108248096,0.0076028755670904,7.779384115494659,3.562775810660193,0.8199983684978186,119.5820574840027,17071765371.950188,0.0
1.1724207194280292,0.0761694720694925,8.587220225485998,0.0063284443518012,4.513555764143601,4.331063945455217,0.6082510714584465,107.54980140436852,14215798948.650175,0.0
3.1513252593679275,0.0396325592181395,2.5228602069258903,0.0535600438126519,3.031183856174241,3.2400062078397776,0.361766655958038,80.12554359137391,13507663772.124443,0.0014944139147645
1.341696482857936,0.0469084166579182,3.2760735630156748,0.0066789735807514,7.455217586344736,7.845165394632084,0.7139913252793467,87.83136748072262,13808527889.918722,0.0
2.2710614961420537,0.0585658060416972,4.478496542668389,0.0153701069405212,6.263214108414797,2.899449500467008,0.5779933546210184,99.1107519854691,15319557720.616585,0.0
2.6164512435160727,0.0380315105056046,2.516216929957666,0.0221365996381577,8.10700028981835,4.048589114040922,0.6452289832069624,103.12678163895754,14664545690.572166,0.0008574128520478
3.32868204813442,0.0931385114288697,7.786952617293247,0.0111560807519482,2.2028402736052985,8.200781134779035,0.6502004012639344,117.23448251400958,14727969360.816353,0.0
3.649812888647966,0.0580835069517918,1.7898560082356068,0.0081087023656306,1.6530346526787174,1.8387763981590977,0.8300647560289331,94.93831440718093,13757993167.030542,0.0
0.9217727528558186,0.0088799529840915,2.371287666073288,0.0081736934004933,8.121173094248784,2.542944436843824,0.637345288926564,93.02302045323648,16732333075.208944,0.0
1.6465530406966176,0.0937561827964024,2.538245534093668,0.0115492642980854,5.377748891987869,6.860692061152192,0.7224453373637809,126.71718852829288,13318267970.709522,0.0
0.3486932603571177,0.0613391441127617,1.2686783172636489,0.0131659200741691,8.08718432829903,2.320785649752593,0.6659531517469,118.22034394206491,14225602335.486591,0.0011937917175091
2.51947829715775,0.0546351006813937,1.2607070532802185,0.0193545075650571,5.74344816293196,4.928142784938107,0.6921790041730553,105.6247065371742,13110802050.397942,0.0009712304542343
4.1076304291268935,0.0651990281192355,0.1159938909506607,0.0610081196041377,1.4656027749398166,5.70966087219094,0.8021336498028059,113.64718114599602,17640888486.524685,0.0013852657117917
4.195216309370816,0.0179758440238636,1.492878912561198,0.0496491181070465,7.647282865741594,2.1026424346797654,0.3808582973417733,64.3885715328399,12676072703.06545,0.0005952376207276
3.9760432606226663,0.0554646733757925,3.0117771796555988,0.0912704803746505,0.2673596875226621,6.1792983484951804,0.7641172695349213,61.20870585707023,10154325688.204647,0.0011487660249336
3.6768623454041385,0.0929574970692401,3.783718154533059,0.0470473796315072,3.115835151372938,5.504354517373513,0.6555420612820171,122.2952474150209,13583549201.766975,0.0009311552803158
1.013783098045857,0.0703280950020855,5.572097071662892,0.0096982281999251,1.1587208459524103,2.185797662086946,0.4309860371436479,118.43057539140074,12311210491.729733,0.0
2.674221958951395,0.0553780306526993,1.4239871833444102,0.0206550320543129,5.484694756754438,5.376255550064196,0.701012259587235,105.75686620258416,13058688285.8106,0.0009712698722333
1.6142965808448373,0.0296524727759385,1.9767251899658256,0.0056792818448434,4.641577202520096,4.151296648004281,0.5965587187432781,108.98029987334792,18092459932.725166,0.0
3.12822085784183,0.0812979066692616,5.162770307792557,0.0070449614450541,5.099966478016861,8.112822447068558,0.7921487695674756,118.8354972263424,18244133198.560856,0.0
0.1514687212077108,0.0261673007269633,2.8147584156806587,0.0071629312251829,6.248881982385611,2.0656237068829606,0.6973920601052765,72.49815999340854,13139077328.70453,0.0
3.993056429391416,0.0840244731850227,0.5958999840596788,0.019813223181319,1.9591884565704012,7.723908494584584,0.7203458791420315,110.64613452982792,12467433920.998936,0.0013887358126655
2.001627775237217,0.0823133796050615,7.722330091566094,0.0051860208363948,3.6834772533362248,4.331688860120314,0.6616257509043512,103.64340941386897,14366853434.610258,0.0
0.2950928451796266,0.0114899254045538,1.8928958270572256,0.0037335967338538,4.28220090065696,1.676711269671293,0.6680842824606166,121.03095857723928,16970383043.81124,0.0
0.7563298494407719,0.0187704011504927,2.708767040391381,0.0044161760274881,7.405973293971484,1.6733518086199848,0.6334990440504398,124.5653119590025,17161965755.87513,0.0
1.4895611728628642,0.049903665155861,0.4008197669133401,0.0252672532954773,5.115401349386643,1.101499400910573,0.5191365172438309,111.8516225647007,9046199069.871777,0.000978015441898
1.6857520940446855,0.0161003767937012,3.332434597325763,0.0064343947357752,2.276855508357055,4.197873445662159,0.1549060209662655,82.10532265663508,13237753870.722277,0.0
1.541643131253778,0.0355901901789394,2.222473785043636,0.0380447999904473,2.2045396167932547,8.261113324808424,0.3875467839263217,107.74607873576116,12475021982.925474,0.0009932064810757
1.4759382366362546,0.0158714300966867,8.212736753588263,0.0125846660204368,1.370212270323032,5.755173834462761,0.4073736579349088,78.59652023339687,15570760582.80058,0.0
0.2428374062545305,0.0810008801144149,6.875499269770093,0.0101411384927968,4.9724112070809925,7.412868250018873,0.7520144636830773,90.9225521774733,14556861882.075146,0.0
3.00520019995372,0.0575065339607997,4.208664005583347,0.0264623865328273,5.021115672402259,4.525848718374739,0.5579524608663725,97.1794043538991,16545484644.021908,0.0007068446388887
1.3356603696497993,0.0554536648654947,2.9280881947586264,0.0417117905412472,1.595464531214955,5.152417326288226,0.7720273461882885,112.36679061916962,19293553909.52473,0.0013566342769477
3.23931108351071,0.0632655154178259,8.088234163540205,0.0289099317717246,1.4273870814121137,4.5711344631907,0.566240631389702,95.31436510432847,10794621173.383526,0.0005801698852076
0.3486932603571177,0.0613391441127617,1.2686783172636489,0.0131659200741691,8.08718432829903,2.320785649752593,0.6659531517469,118.22034394206491,14225602335.486591,0.0011937917175091
0.3713847917219153,0.0614967098541129,1.2859530037876168,0.012773320299742,8.086302962459662,2.3210294404165235,0.66601715985021,117.5505119714286,14223849338.94615,0.0011936060497837
3.389524686896391,0.0538449812193496,6.785018898575754,0.00456071057764,9.58997588887888,5.671674757122234,0.3435540961725615,95.67213555622244,15014230802.096554,0.0
1.6844222351084044,0.0542767997558652,2.3878964752012246,0.0043531078299581,7.172667940720435,1.0417520918386114,0.5703084167243556,128.47475664951992,16416676301.869396,0.0
0.4023181750570545,0.055139746181568,1.8354429262787024,0.017873751866732,3.8054067962806704,2.648453165753798,0.8002585302978991,86.52509337096318,15329457898.096905,0.0
3.496546236824857,0.0488626070899112,5.492858886025223,0.0272588824788133,1.9097356907295135,3.568229161467781,0.4691872333175237,108.6697715487074,13539507760.92316,0.0008379570681668
3.387113287563608,0.0844312888397463,1.916910713159017,0.0081384694369947,2.620209923249535,6.378721429946324,0.7711029857410079,110.55185810769628,12278095693.164772,0.0
1.507832528377569,0.040368539497393,4.968800068467038,0.0524744949981601,3.7513253221440297,6.6434981566664,0.1897948921658973,71.18108966981407,14860554807.831062,0.0008727115041334
2.8214534632559176,0.0611654684220453,2.783861327665722,0.0093523232283407,3.011456661604446,6.200871766314072,0.5769068620835044,94.97182603726208,17666800045.02147,0.0
2.6130270986714264,0.0358623286037182,3.835233055600109,0.0380197893357023,5.253584947352607,10.753626921696965,0.1633506777788766,98.02451819538716,18874314696.66479,0.0012274244339073
4.02287964368964,0.0673707948739754,2.0810696141240155,0.074325506410444,1.175069853498853,4.213019203486899,0.5914384820033886,89.72333529114134,12130422308.59348,0.0005102701531777
4.379707142606736,0.0921926377571799,5.492620637539373,0.0017830879387144,5.082749513153589,8.708250963696216,0.2295479733459042,110.58609837466454,13829554307.11009,0.0
3.240735397466667,0.083203628621224,4.711236730565501,0.0084384980079428,4.922339941168866,8.575928242431992,0.7826529914393839,119.9972394195701,17388951509.3913,0.0
4.2340668487025015,0.0991239643417033,7.843646760500499,0.0283533336289425,3.846630140747005,4.239118881198693,0.7798827370867962,127.30522404319868,19261400670.978214,0.0005437324233112
3.7288016681236176,0.0973584345882231,4.2644007732884734,0.048502072843229,9.783148767801537,14.111147090155864,0.7722191966474885,100.31608956870276,10363953876.212244,0.0006413019978928
1.4431717788839091,0.0275447081117884,0.891096431367537,0.0087474463019557,3.874806013998468,7.917436149336886,0.8213160382190775,115.35474025109836,19415218880.45212,0.0
1.7858962246041254,0.0360632244447931,5.217361568347364,0.0079544647533403,1.0054484347444907,7.965835452213456,0.1865800470648825,99.7091361485789,12849951763.997375,0.0
0.9894557614874372,0.0255118121606641,6.421247517234521,0.0153161296110525,6.842372364633031,7.194078165227219,0.4336653202271797,108.63429512738534,19324649792.09321,0.0
3.380962430781005,0.0372573180796218,3.745016818700084,0.0238004283184761,6.601954138521281,4.943327502187294,0.6436087661114287,102.94036186292288,15854240295.476105,0.0014478033546575
3.510420912355213,0.0907939175649182,5.069166849875863,0.0527842877225215,2.698229162903553,4.904278690864321,0.6905426379956898,84.34482799367909,13586581921.32461,0.0009339181177846
4.642141672828863,0.0541473907734431,1.749513548762521,0.0477444135609662,3.1984727023479342,3.2925333908168706,0.4933401255248959,100.58955600704192,14436690130.942616,0.00067096922861
4.265571047841288,0.0294300202467534,7.066446752292551,0.0566564064944482,9.595802741855206,19.72922372959736,0.2952562614859434,61.40469110052462,19665763137.67278,0.0013602777899087
1.99075660264156,0.0177949606660425,2.576719754085861,0.0120886551530993,6.848965419489419,1.3899206645766269,0.525608813859048,116.35916830550448,17827437328.491703,0.0
1.6367288120962782,0.0522804436894848,4.598587249604509,0.0039830963713318,2.464662598250792,4.995798630707431,0.1958982018086078,109.44735445619142,15376869459.16724,0.0
2.2060935340615107,0.0232283580873236,2.395331138151799,0.0085544300621052,3.3417873649015437,6.389942648932781,0.5578453393874055,121.03416999097384,16525391389.692331,0.0
3.9664139602375306,0.0529909263543895,0.558514975867301,0.094316767379758,9.171289436625743,9.017243392514322,0.0411924400966575,129.21982148613458,9951206248.130615,0.0010532057623484
2.0437749984219207,0.0833473411362426,7.657941530687976,0.0080148441373054,3.71478316731219,4.346628887942599,0.6443957741157084,103.59156837934718,14234492527.714788,0.0
1.6908248576503917,0.0273618574724932,4.8898342554957726,0.0192485209650121,0.685687426319414,4.101152235970442,0.0428688653076501,96.49608810321934,12748920710.145008,0.0006306613407769
2.886106588411431,0.0250518260334309,4.041020561718532,0.0451062044458384,2.4828981694448915,6.267123168951528,0.7176368930935259,117.98854273170016,10386490091.35377,0.0006337527326216
1.5441322746734665,0.0726848416030918,4.51515678782021,0.0534157874573106,4.736327426561196,2.000601049918981,0.0891961317817563,121.94414261854592,9748861396.161888,0.000925222722863
3.5702259543314354,0.0538435457790027,2.1640284781969203,0.0139365697841992,4.571905863780166,2.923981860402237,0.7723209143553355,110.42330126856064,12925688087.054676,0.0
4.705004658020346,0.0845000611562382,6.77275012375252,0.0026671045518507,3.6007074704618494,5.536255461180534,0.8129481750693592,106.31382176495504,14890060057.092413,0.0
0.5178473172818909,0.0187380775458729,5.238715916277084,0.0019927946571401,6.575755633040064,2.6428244161725143,0.8218734487167018,82.6754896148168,14760240675.36541,0.0
1.475114520467855,0.0147543359555549,8.081955566148764,0.0134728696537573,1.2363473448997195,6.098279008446138,0.420149266793458,79.29803131762031,15819450521.66183,0.0
4.6255891319277165,0.0544893825227517,1.0922375195791951,0.0293891404683256,2.377339136582289,6.293175300877711,0.6737609212527146,124.73674120909608,13676872901.277988,0.0014834432869982
4.377051873582319,0.0378702253905155,4.134551181013758,0.0248921631104283,7.001168981584796,17.155445641861114,0.6221913176280575,84.63045658123681,17733065093.331474,0.0008938835950101
1.5013759099800754,0.0239717800582203,6.194183148834124,0.0115591201081465,2.9134567325118463,3.0501530211005337,0.5524481198340684,75.36059983994637,15526689470.804493,0.0
4.85915463184232,0.0521086723594302,9.911205778678694,0.0632986843632522,1.037090915966695,6.72040215988016,0.1655527581941744,97.55771232401442,13617794283.868824,0.0011566176814295
3.16586173382873,0.0530479516128066,1.9702657861653896,0.0023036372114808,3.810686766029578,7.710966941154416,0.5037849178122646,118.81013097562004,13084772603.62658,0.0
3.4595704184558507,0.0630273488891737,8.041049903064165,0.0016521956322808,1.287617268102463,17.045344456543464,0.429318774689345,112.67352816533764,17078464931.549854,0.0
4.359253561186869,0.0926950454661842,7.157176256735737,0.0622533238962305,6.453997603534308,12.530847430115776,0.5855393752474779,113.9789845528122,15480155811.152672,0.0006656638912009
3.434148024935877,0.0966445714761589,4.990523063674307,0.0261681037183499,1.5456621612908883,4.627319815145862,0.7420180275614287,111.1772295281307,13152550976.743502,0.0006399198683596
1.53540359525794,0.0169453116736838,8.251064538330613,0.012678063982674,1.2697422584539222,5.790248251854715,0.4194966974416032,78.86666477060402,15636836661.576004,0.0
0.5277758587701221,0.0856814852436444,6.1309016529640585,0.0123093173230914,4.987004049176511,4.936576845412928,0.251987219103609,100.47953834310395,13962006778.884626,0.0
1.244701435740263,0.03861689420397,9.342526920314148,0.0106902896679309,6.984562307207622,16.374690373625537,0.6806223789833438,92.48235757648946,17863334136.870934,0.0
4.196204414230482,0.0458525851373145,3.8980571216163815,0.005429841040229,5.262775893855255,3.631776545265824,0.3270923729245961,102.53494076104522,12974255619.172094,0.0
3.5580564634023792,0.0868062611315172,5.243428215592573,0.0108173820080643,1.5519764527071822,6.24465124185089,0.8360535107225388,119.88063236247088,19350921726.59584,0.0
4.031313782421162,0.0698139323599431,7.154269123289407,0.007149820789516,4.45055536375129,18.106398546737363,0.6635627116365442,71.4649673648957,9710339244.14364,0.0
1.0636514316488823,0.0235271881230019,2.1153500349455228,0.0033613831663402,6.352784643888152,5.174126249728201,0.6510148868394334,125.48137873349296,16501760781.708818,0.0
3.6247133861023015,0.0415526659184011,7.238308723075661,0.0120947578555159,9.996694970855174,17.16792917473411,0.7132368587160136,89.54028275438543,19716987850.127754,0.0
2.234369861746678,0.0778218454090152,7.305260398192621,0.0344943151507238,4.214622165619397,1.1155174815760915,0.1333487987656332,108.76806203250706,9919099284.338764,0.0007679350030849
1.7914466310656665,0.0796609675020641,1.464352871785924,0.0213232348409744,3.429745991990003,4.047572798806894,0.1760755283401056,111.3110526845997,12892478429.375675,0.0005976866628249
2.6106540425590605,0.0551503182184745,1.2671564332327163,0.0195910714225023,5.728195620502966,4.965400818744699,0.6905161260125137,105.86816816572724,13139127182.007343,0.0009800114257506
2.069992148463741,0.0836992526708413,7.704928730621403,0.0080025127237009,3.7702794285095695,4.338135304064677,0.6447680362163138,103.51675402948952,14209057045.014397,0.0
3.3651036148618583,0.0982688363581751,6.323293606471695,0.0060899070742529,2.1116741930042786,9.617361657318108,0.6872810096917509,129.72485250686267,19438670430.24705,0.0
3.2958910328679534,0.0777847440775346,0.545604841941324,0.0422940277136379,0.3431466881541953,6.024975126313352,0.6332509279092634,127.8882574311024,10187199265.70339,0.0007305138462114
2.720073585103337,0.0426566949398998,9.704564686536225,0.0137325330595632,9.641937511921022,7.055351028018672,0.3803609631785701,97.2411229278164,12865857748.840025,0.0
2.4664727576045724,0.0052058749734062,1.3927069455823715,0.0135827512758343,3.756720602755013,2.781867966322287,0.5015047144721683,100.96052944461844,17928505611.52237,0.0
1.4596219077859545,0.0333181595630862,6.502295929826779,0.0172468819760187,6.358890098224849,5.099842712097359,0.8412529905668664,127.47406347424844,15059199452.626184,0.0
2.635410140533481,0.0581431642429592,1.5588037585902934,0.0193325279675314,5.586764894373236,5.245456818572306,0.6813772000702691,107.09955263545912,13008830400.44262,0.0009713626156002
4.497226506288445,0.0600732943787056,1.3827916875565007,0.0110310037924399,2.332746894813319,5.651089762497507,0.3358056317183659,75.57154880044776,16190235343.843822,0.0
1.7027753665657444,0.0939305062442464,2.557998979382535,0.0093415070197672,5.352181247528121,6.497664847908659,0.7208431827436124,125.79977178219713,13396500561.320572,0.0
3.1275810109265776,0.0711838955908968,0.586355326690887,0.0080012423771707,0.366879566234104,10.443239376945984,0.5238738296559301,111.3352451916668,13266846762.010847,0.0
0.9517730521695748,0.0652183816391955,3.8920740453095566,0.0087446367013965,5.153151981261429,2.584911487740282,0.5296034836518239,107.15952093065373,16759805582.4782,0.0
1.566057380627196,0.0646118154113065,7.013887558563624,0.0021599025574193,3.99102628459972,5.533816832757273,0.563090605499805,99.24987299722336,10450574974.900171,0.0
4.031313782421162,0.0698139323599431,7.154269123289407,0.007149820789516,4.45055536375129,18.106398546737363,0.6635627116365442,71.4649673648957,9710339244.14364,0.0
1.685844842795876,0.0584361939184887,5.467988150951043,0.0222820951990983,5.553785439987998,13.961528659294592,0.7118861242476173,74.18066806074057,19127484884.312862,0.0009830811253994
0.5044019987818751,0.0195382689778725,2.8180964631963987,0.0089649364277605,6.008301893732463,5.234500937219201,0.8195216560504961,128.69616566000013,19357157139.509884,0.0
0.7313100512962553,0.0565909925526973,4.385810775606934,0.008563957345448,8.10149722143755,3.916316964047764,0.5186902277077243,112.96495739218004,13519894493.18246,0.0
2.4021946972927504,0.0829490592552958,6.615875777718651,0.0048681595671732,7.782785252071492,6.126774111072775,0.6856474867879117,116.32199179520894,19534597485.86793,0.0
2.2875581958406337,0.0132116606778349,2.7784570625610945,0.014778973252776,1.2061037196679247,1.924505705503671,0.2475849714262564,86.72156272763068,14607666434.22734,0.0
1.324806653080885,0.0518585878131926,1.6189402713384464,0.0022823496705012,3.694862402931361,7.740263566993407,0.4069425779572191,116.34047615841202,12840304649.130924,0.0
3.387113287563608,0.0844312888397463,1.916910713159017,0.0081384694369947,2.620209923249535,6.378721429946324,0.7711029857410079,110.55185810769628,12278095693.164772,0.0
4.3726526330331685,0.0862596150843384,1.6332048054648092,0.0321055412336564,2.133609294938639,5.261016925298012,0.8439155454641072,88.21763689074345,11796966151.250196,0.0006530355137408
2.9723217274396774,0.0861862079704883,4.247058825282522,0.0311475112774708,6.679185972702698,6.347782005190673,0.499919166170256,69.60392675441544,12455319549.11611,0.0006348159768573
1.191936116394814,0.0356439074452572,2.273551056208626,0.0143832412603972,3.597987586902604,4.662028109795814,0.622624830109765,119.45426283218842,18502941547.845543,0.0
1.013783098045857,0.0703280950020855,5.572097071662892,0.0096982281999251,1.1587208459524103,2.185797662086946,0.4309860371436479,118.43057539140074,12311210491.729733,0.0
4.161640917114124,0.0781210521990648,2.4553669502458915,0.0101946164659201,7.752058774468903,5.0507372815945,0.329965834548246,111.4642367042288,16009412655.251951,0.0
2.280807672158496,0.0275149643413601,6.170233414795376,0.0224532083198373,1.8608816140397733,4.555480469937507,0.4314585946717425,88.9049082399074,15706235511.718416,0.0009098807452189
3.002745549075095,0.0449594572258297,3.994401954603628,0.0269636203832014,2.465820495787709,2.286978355815478,0.4392309309764462,98.161103918596,15099798112.147057,0.0008770707481932
1.4431717788839091,0.0275447081117884,0.891096431367537,0.0087474463019557,3.874806013998468,7.917436149336886,0.8213160382190775,115.35474025109836,19415218880.45212,0.0
3.063726641237575,0.0420009017548256,5.909300205310394,0.063367147677014,8.681744007274409,9.321025310008627,0.3621179943387818,61.06401745400756,18326407261.283997,0.0010095609777364
2.3160984147749155,0.0108350084524897,1.04594723647639,0.0080912377685522,4.722306643771954,6.523547202188206,0.8410373318949139,117.19711159055782,17558710248.305748,0.0
2.1413901589735898,0.0368817596949328,6.140287996142033,0.0172443932903247,6.000345409275566,1.2266126439565954,0.7329894925504957,122.82209090489704,15341704946.543327,0.0
3.117665415568313,0.0850538183610568,3.7444284101414542,0.0146104514218759,1.5091138550536107,7.995509959948288,0.8407749558992016,128.48229244461913,19200807940.788246,0.0
1.341434459786214,0.0127743563883692,2.875777408657948,0.0056338116176272,8.318276315279428,1.037104728690078,0.6147923932707043,104.7941421697704,19985197398.069576,0.0
0.3506254651953732,0.0182880689170353,2.7575624609176645,0.0376400014020243,9.92259853812786,3.158375225213718,0.7979097050588831,86.02021559742062,18654748714.35909,0.0011707401756991
1.7673807343378098,0.050293523019825,7.860340396181272,0.0412982870339682,1.909809856994899,5.617086005913935,0.7352689072088671,110.31446874882197,17729144838.648674,0.0007845093906518
4.3726526330331685,0.0862596150843384,1.6332048054648092,0.0321055412336564,2.133609294938639,5.261016925298012,0.8439155454641072,88.21763689074345,11796966151.250196,0.0006530355137408
1.6465530406966176,0.0937561827964024,2.538245534093668,0.0115492642980854,5.377748891987869,6.860692061152192,0.7224453373637809,126.71718852829288,13318267970.709522,0.0
3.5211539746561185,0.0410777388163268,2.6351671415127265,0.0229248203206079,2.274160729238049,4.524130597501063,0.4636029333727383,107.59844742603636,19152756748.619827,0.000807775613463
1.3657949388942343,0.0756144113193475,2.3442322394560176,0.0253070665300132,5.227051302937195,6.749958160429475,0.8206690064993474,122.09145558973457,15012606569.107038,0.0012519653877663
2.538295354867308,0.0238216870381843,3.4609264307955008,0.0209517709888737,6.380334723240146,2.271828406914594,0.5702231597154318,82.59674517282535,18505263964.11084,0.0013513888283617
2.999955490269144,0.0689518252218819,1.202117912099927,0.019285816615029,4.598700108991017,10.263840244346852,0.8172480080238955,117.96402859019744,14128832194.589537,0.0009098429870374
1.341434459786214,0.0127743563883692,2.875777408657948,0.0056338116176272,8.318276315279428,1.037104728690078,0.6147923932707043,104.7941421697704,19985197398.069576,0.0
1.1153358139491918,0.0147208491596884,4.144299008711341,0.0213124783844752,9.030339888254415,1.8829705855549328,0.5477198529987023,85.57812706623325,19784616334.402527,0.0010126343728571
2.00152798082904,0.0605443572435165,6.210280196300318,0.013612768228524,8.092324268143408,4.695278676251672,0.5559346178972947,114.20423691626776,15636372465.629131,0.0
1.5034964698550002,0.0477552015900722,2.903687919780995,0.0521366914286226,0.3388642071283806,1.7105436790823378,0.5679964329539093,92.1142557009221,12374601397.267933,0.000592081202803
4.126300489144113,0.0969154070758893,3.908031856029604,0.0217970823884613,8.923377485877896,7.300237875644957,0.4837030750911961,118.59732244321832,9488568415.388988,0.0006385180288507
1.243488850525328,0.0461028770213996,1.9281288018498857,0.0191440451208507,7.868373421437496,3.0774667132920546,0.7000995742769338,118.8697342962242,12139962745.02002,0.0014040106122463
3.12822085784183,0.0812979066692616,5.162770307792557,0.0070449614450541,5.099966478016861,8.112822447068558,0.7921487695674756,118.8354972263424,18244133198.560856,0.0
1.3560256924595475,0.0593884303991182,3.624518005730604,0.0035686354709849,5.9778194207080135,5.592988271993804,0.7773986444893375,120.48534183303744,16565127586.169758,0.0
3.229638342734148,0.0788953873336356,4.000677464355599,0.034120542398471,2.2433652771677943,6.452175117284847,0.7861933254386294,124.63981140485168,13013083563.760206,0.0008945702455284
2.538295354867308,0.0238216870381843,3.4609264307955008,0.0209517709888737,6.380334723240146,2.271828406914594,0.5702231597154318,82.59674517282535,18505263964.11084,0.0013513888283617
1.511160248700462,0.0228474190096805,6.0451906271963605,0.0042321388106836,0.6420458723119044,2.257659108621077,0.547845754742245,76.02608237484549,14142022056.492737,0.0
1.352903398438665,0.0498020902507894,2.1178162460176537,0.0053064864471524,5.577191589074308,4.758211915931751,0.4586561889141227,117.74454474512837,13509368714.046535,0.0
1.654762635321146,0.0293982077495535,3.340993542766499,0.0956617809254274,4.2597894207776985,1.2423229824741853,0.5537298358024929,90.36981963442648,13383462141.718288,0.0009711119690092
1.7594343456060515,0.0700121742575788,6.3847038632888005,0.0313997585098312,4.64030731531532,3.553770521456101,0.6971334030559557,118.86410186112056,15351748466.026072,0.0009285471335243
4.428753431982829,0.0509344481917829,1.4699543289951849,0.099398930250033,9.19848227210072,8.441063765862422,0.3182740704726325,116.97387017534722,9171448690.478151,0.0008690283983829
1.778458821032385,0.0478595948486123,4.588957883406574,0.0304964618922962,0.3937890954181767,3.7612638733585486,0.7284543093903413,82.06089765989306,15548818621.17302,0.0010731918623516
3.8799076535993033,0.0987339268990127,3.042969531603461,0.0017177050490392,1.66807977625579,9.178493089871838,0.7872702175911179,116.23851465903088,14837961162.475634,0.0
3.165753145880506,0.0530559427264352,1.9740792738313933,0.0023034704970936,3.809153265523699,7.71296457896301,0.503768783076228,118.83703865195696,13084675516.98952,0.0
1.57642019016108,0.0207819427048015,2.5014298448305263,0.0044319225501485,6.896411489308346,3.719725501401119,0.5283192966952422,124.19862670158412,19021004125.75152,0.0
1.50840334593054,0.0236283244083629,5.666441742244909,0.0392950211983505,2.3863448130245564,3.9529636219280655,0.1352322982326955,90.80718018397002,17338598504.612934,0.0007102657014103
3.2612291654296484,0.0839077170599793,1.4651770401117028,0.0031545259938963,2.033873918457366,10.429465119745872,0.832701000513227,104.620245918128,15983587275.231192,0.0
3.9334070209506895,0.0788254776516585,5.871497314545128,0.0420850358015937,0.6579743317739982,9.489908356664126,0.7700019233373092,125.34923041959748,13414297848.640854,0.0005910389337457
1.0848493445474805,0.0425969353986473,5.5778021881085085,0.0058700150701127,7.451729666755574,4.2514296453914895,0.7967261884886391,115.13693357901926,19431021313.77748,0.0
4.44281991881284,0.076431398419964,0.9018858850823344,0.0410901854713758,3.626155182313538,5.274348102179177,0.7782289817645492,78.41905517771697,12389481921.418024,0.0007398912988377
3.992894129502087,0.0560438702246651,8.623313961744794,0.0637474548800122,5.496733345227473,1.330551481296288,0.8321977285324705,125.890681183095,12496882342.542034,0.0012868412646092
1.5744443355006243,0.0596350355365543,5.307868972316957,0.0124911936363868,7.220725991505847,5.421414525919955,0.7872322556513441,112.9622059513494,18346710032.68459,0.0
2.349180052599136,0.0867730333179579,2.504950793138693,0.0053131005328199,2.004767296853327,11.183946524069873,0.8099101310926923,117.50585519293398,13431075275.6582,0.0
1.5084928532505757,0.0403851743809759,4.969276525164159,0.0524925098068017,3.750294144221329,6.647950274027422,0.1898957797101219,71.19098784339873,14858272305.006733,0.0008726860385348
4.292418040987447,0.082746837392441,1.3920525481976536,0.0207836814354262,0.7239161510083559,3.052902913587978,0.2147305371017167,128.65584740392694,10068236936.662048,0.0014208469666206
3.422151935746761,0.0439939443415901,9.735644511742327,0.0425816168792721,9.357704500368614,15.374385743032892,0.7191941722981426,95.38086329252198,18190574843.34618,0.001062303232421
3.088411845641476,0.0421102004045874,5.922094156080257,0.0630851971750302,8.648428774908968,9.332214870022035,0.3583135314685552,61.2990163249928,18340542777.33269,0.0010114867099461
3.611066915743175,0.0605501685386945,4.7051806911892005,0.0850830814128898,2.875890418169262,5.118273584913544,0.6895356886549737,109.80579355625704,13888154942.775402,0.0006812613649847
2.852351983988712,0.0516260510037061,3.933977850724392,0.0058056055296656,8.704988170779044,4.072466677572239,0.1399302004288734,110.87523076862426,16627451641.497469,0.0
2.8490971913458667,0.0512617790606509,1.6984818677953144,0.0088452404029333,3.1122701282674026,7.559881183870047,0.5671995633739559,92.97448411582076,17772654787.411312,0.0
1.085955418711251,0.088861980025744,2.9827326815230766,0.0123407539020121,8.041635686647611,8.240521917883594,0.4925094575037101,90.3827272178156,13064362423.318356,0.0
1.728068663671866,0.0353290244878315,2.8687396742963256,0.0053764067432167,8.15688252537689,3.4766143779272407,0.7603697120482026,112.61548706321344,15506893802.27144,0.0
4.326227553572873,0.0601677707084063,8.567743643500982,0.0263951567442653,3.734618618729803,2.8512256749543567,0.2203140585296727,107.19642452288406,11381009513.239937,0.0006045405530462
0.7787998169815006,0.0577834912357524,4.620251520966319,0.009948381075681,8.118953424116443,3.91381463202949,0.4886369613933661,111.32088340042556,13647127725.37268,0.0
3.002745549075095,0.0449594572258297,3.994401954603628,0.0269636203832014,2.465820495787709,2.286978355815478,0.4392309309764462,98.161103918596,15099798112.147057,0.0008770707481932
1.842920818695453,0.0518878729962937,2.56478509198186,0.0014541036882868,9.72624880442083,9.285736810433557,0.7136437301695465,83.45342557298875,15410383413.54322,0.0
1.431277107924212,0.0931909844485721,5.2509446186100055,0.0512889817151009,1.9807398500729196,2.573243424226347,0.8045830573324357,126.23070096869222,18958408325.14049,0.0006746292836347
3.604844412379123,0.0983456361566742,5.205522674785732,0.0031261546237828,2.518063926118824,6.409183686039398,0.8478653254982371,122.17251644709074,19844047984.267506,0.0
3.1275810109265776,0.0711838955908968,0.586355326690887,0.0080012423771707,0.366879566234104,10.443239376945984,0.5238738296559301,111.3352451916668,13266846762.010847,0.0
2.009417442918078,0.0252378419521589,3.27214667420552,0.0106892185919357,1.320240838990114,2.321495734584877,0.5062014713913858,73.09573074126615,13663263767.078909,0.0
3.387113287563608,0.0844312888397463,1.916910713159017,0.0081384694369947,2.620209923249535,6.378721429946324,0.7711029857410079,110.55185810769628,12278095693.164772,0.0
0.9606624298493076,0.0547037538485603,3.166829106313585,0.0058428402335352,4.951557223787811,2.8950578505194,0.7099748840647733,102.67770385886918,11555367296.440594,0.0
1.0007388150290135,0.0652257370944945,5.226472137644675,0.0346663614674032,4.895293474679147,7.080450490920676,0.4419803242101389,105.47077031425114,14669172570.118416,0.0007449156603174
0.9441357947041672,0.0076377135972505,3.855439633999096,0.0113756067383424,8.571786550191533,2.008534668397913,0.4713912629123301,124.967558612332,18810622433.036987,0.0
0.4974310633978296,0.0615063759843107,4.735417954237958,0.0117342411286034,9.324284946878802,8.85387872845996,0.4583320498765886,109.58939959795498,17312709444.0969,0.0
1.5623650799852975,0.0277935439875869,2.211294350333057,0.0215510925063648,6.548157861886483,1.6948876073429917,0.4493398018121286,111.52307521642554,12879588038.368813,0.0011803966959315
1.0545752093370375,0.0195638505283636,4.454375998267576,0.0113608833295246,7.580194835650004,1.4525427492122358,0.5210304483014732,129.06893637012763,17667511323.648285,0.0
3.1459362305527856,0.0812436611887405,5.199764129150458,0.0071742935570487,5.065625762709645,8.263425984420264,0.7994912277968397,118.06651895309152,18210263766.16551,0.0
2.758580997380599,0.0188863685167009,7.586564004382691,0.0160462363244908,8.146844828363589,18.893757820312597,0.3095113392674658,72.92530921720594,12448073756.412788,0.0
3.0183881512999857,0.0579797900355612,4.237854655232852,0.026481735022538,5.004674254853718,4.405643592005413,0.5533796555533267,96.7875919422982,16505360868.159452,0.0007066362974957
2.9039546866942683,0.0388411514541426,1.944309618237523,0.0258989005791044,1.3356338655721358,3.9424684483170527,0.475085278424632,113.38690027130028,15613825041.697405,0.0010345161467554
2.0759565861405056,0.0491142366333702,6.445533944786946,0.035983387036653,1.826237382583152,10.088457554433532,0.325177852780227,86.60463590125454,11879794397.92928,0.0007258299254844
3.996003369774208,0.0790838582723537,3.0945769600842064,0.0140418052542935,1.2930921130756396,8.402089158768986,0.7082211766235208,115.88531778634676,14778196172.94883,0.0
0.1188224740197795,0.0126954301094369,6.795476791418385,0.0040461682088908,6.519669010565823,1.553414933359276,0.7341798486436527,71.12029529240776,12829089739.820168,0.0
3.3651036148618583,0.0982688363581751,6.323293606471695,0.0060899070742529,2.1116741930042786,9.617361657318108,0.6872810096917509,129.72485250686267,19438670430.24705,0.0
4.891979913629887,0.0653506221047885,1.9408672065580848,0.0850976237012944,7.276681744079471,2.6670034122005646,0.4081652673393436,119.06813329072224,18493557617.056137,0.0005182069208486
3.0214612900767244,0.0579803914839265,4.247628983996263,0.0262958218743063,5.025264724722636,4.420735040784358,0.5533810004017912,96.7348030361435,16501701531.221224,0.0007077711798625
2.3464660843639717,0.0604497566268689,3.4978444119463625,0.0658655826679105,0.9512655733558296,2.0832585501253496,0.4876676467420568,71.42384015941695,19766479215.049007,0.0009522118370067
0.9322037135483072,0.056070658066922,4.599588968463816,0.00408601278373,4.98875814965894,5.500769412225432,0.2461337148394126,93.25364796724944,9401197480.229149,0.0
3.604844412379123,0.0983456361566742,5.205522674785732,0.0031261546237828,2.518063926118824,6.409183686039398,0.8478653254982371,122.17251644709074,19844047984.267506,0.0
1.1204054725855774,0.0437696028658043,9.78786287917176,0.0440846918231633,5.013321880960361,12.46874952037003,0.7010746849461554,100.64095103737758,10863845453.681335,0.0006204016881326
0.7291509171603168,0.0487603052597211,5.97899169151659,0.0148669233468673,4.190091569902951,2.913705527879748,0.5127288361220389,89.86755922937398,12160246508.353027,0.0
4.6764402468341295,0.0584666948404514,4.914876564847149,0.0690608447348555,2.333604651863966,1.41663010565733,0.4093045683525977,129.20679502540804,12802656146.282608,0.0012548442991376
3.98632220032562,0.0854806795652274,0.6610510931038632,0.0200196811659958,2.039378902925176,7.8550480161231855,0.7108713688934674,110.71736037405395,12510403959.204628,0.0013703654240268
4.504805409415396,0.093925205014063,1.79970796863133,0.0738351855124752,5.078464692549376,2.215133220869488,0.4056623895941268,105.08540615728369,18098952319.64157,0.0005951833566203
2.824041464567851,0.0610917771396903,2.776147458649323,0.0093124918512346,2.980983543133615,6.212903172092205,0.5775446350945276,94.81821071024405,17674851767.141777,0.0
1.6695641273922577,0.0599453364927579,3.326290559698148,0.0045650597907145,4.487978348524677,5.785091327419489,0.823324082723604,121.21519988280002,15506716248.230742,0.0
1.2103036865714456,0.0255791440308774,4.2880943984818165,0.0071868315604084,7.816958695567664,3.6154330348549055,0.8170427244427749,119.52560772821666,17168379290.646454,0.0
1.8787401848641545,0.0195108864582744,3.56775831555299,0.0113858135865859,6.632109993249405,3.806367098087,0.6232186904319197,128.57833009525802,18429864898.07244,0.0
0.6694895350820474,0.0118338335458801,2.866042478164186,0.0037839592473996,9.87867424853127,1.1337951468751015,0.6039106388593668,117.89554021354444,18434700675.992493,0.0
2.6911126799296885,0.035015953938175,0.8186783464918806,0.0173110295100385,3.353445338281438,3.3603236104518404,0.3596193797920013,89.32503191768792,15787977264.398748,0.0
4.12241331879166,0.0970057219021939,3.915403890816751,0.0217715257830081,8.928667905789872,13.088341827880605,0.7086020259228769,118.6854136491911,9497895648.81638,0.0006390408474461
1.9260785986746505,0.0600247078494047,9.04288833534439,0.0139000760118885,0.2253392718169669,4.0467605360557295,0.2354298403695484,82.7616438001435,9645337654.052065,0.0
1.244701435740263,0.03861689420397,9.342526920314148,0.0106902896679309,6.984562307207622,16.374690373625537,0.6806223789833438,92.48235757648946,17863334136.870934,0.0
1.1411317136543555,0.0195228000823695,2.738705189571718,0.0156255031348378,6.73817463431971,2.1219624352385527,0.6259219582557146,83.46120792094692,19950318128.835945,0.0
1.2074719036504542,0.0257158748859339,3.916667472874762,0.0075888433715117,7.779867030528276,3.558225723086748,0.8197948175556399,119.58062817909688,17075269567.880957,0.0
0.1921183391399365,0.0110437101921928,1.2341285900224894,0.006340283084739,4.265321266920285,1.5829002045044918,0.6807413333943161,120.14434311078465,17430173880.060383,0.0
2.96838163805763,0.0715952474718513,3.9715214900378752,0.010879883773543,2.724773352785577,3.308539642947058,0.1825531740928944,109.47824767906006,14172500035.575447,0.0
2.107864111052931,0.0835461714009963,2.7717894722170477,0.0075428614030435,1.6021039789734886,4.673991171160309,0.7366523338863604,116.4365197295512,16923968498.688486,0.0
1.328951141397318,0.0656770430230643,4.995971676510184,0.0085780906873737,8.687734215064406,8.656717312093924,0.426313478688933,109.02435955558876,15148793985.128475,0.0
0.1633914612658603,0.0115918586575985,8.691184725791858,0.0087257273119616,3.1464420603963204,1.4588559855785042,0.4956924175412094,100.15562218483907,14465853826.739754,0.0
0.7313100512962553,0.0565909925526973,4.385810775606934,0.008563957345448,8.10149722143755,3.916316964047764,0.5186902277077243,112.96495739218004,13519894493.18246,0.0
3.2920370265764185,0.0926004321394992,9.678874689225085,0.0106432391694499,0.7630524806384841,6.169208485404707,0.5718888644986637,113.78888967481558,19865404854.97814,0.0
2.5972157944916114,0.0833579910067679,1.4521593839728704,0.0193232789514382,0.6901181726630107,6.183801136012978,0.2990977853980929,91.01401321800094,13486393400.038595,0.0010717226890831
2.0973609511569804,0.0862939256227041,0.4606343329328315,0.0243692286430215,0.9360008968700906,6.018582181030428,0.6433204906194769,125.19453114345576,10273427607.816442,0.0005133605080151
4.051178560567541,0.0288794954677415,7.385006825549194,0.0159673433488653,6.294812848659929,8.691034216846013,0.7867447228672722,125.7287667532749,13279204550.470793,0.0
4.96685984208423,0.0395096460344242,5.657442859787188,0.0229782064955829,2.9891658666004703,3.444824309336356,0.7742085504898484,114.44692423277368,12328857061.838743,0.0006732565539239
2.362074172318567,0.0106670577778258,0.3296644022393215,0.0263441551395783,8.344600954065713,1.021010172315698,0.4954762048249138,87.15550831281398,16075541591.683855,0.0011488993891626
1.1996396879920417,0.0264315606994543,3.100162984480711,0.0205676127510274,8.062738613798647,3.60695526425541,0.6609852316909332,94.41190288019068,16033306247.271648,0.0012645736429258
4.317739230760346,0.0759726070784527,4.221465415246363,0.0450756920836855,1.83326655842446,2.753177650079958,0.8074142234596472,122.09131227654728,14072511178.49673,0.0012207911948111
3.122395649864475,0.09111212595332,2.045039316458196,0.0606089027784351,5.4524153871523735,4.762608308003469,0.1595212649143579,75.28598906687209,15519425014.024378,0.0006706279534693
4.736616803430726,0.0851875436602122,1.583237412442705,0.0230897757259838,2.39070591397606,4.258325713262618,0.1560108845938075,90.53289815298848,16521890392.339249,0.0005297158294748
3.384272314783209,0.0469273372388296,5.990213960555338,0.0323189384919988,6.735843151213702,3.965957101802404,0.2435353737716759,96.35430878255276,18396832272.92679,0.0007035881372616
0.5696199021129484,0.0400225777013059,8.184279853233974,0.034761945264902,7.259369770490655,3.713894306825509,0.622072055717759,109.82348863505791,13907951595.088345,0.0010917365521765
3.2268522483398026,0.0795420466875703,0.5932583870012976,0.0147201545373677,5.026462064452733,8.851145858661893,0.7909204597116769,119.1749263812852,10520564374.02174,0.0011253054419696
4.180269888281013,0.0206848935234771,5.188415394925899,0.0390079716400036,5.262454104035391,2.926533280879026,0.3155188395941067,98.48721910127222,19798326940.01738,0.000513405229988
4.54477355417687,0.0776022544180024,0.4374215899535002,0.0127072813499542,1.228375219266446,5.134041743596131,0.6678643095926755,127.46526163539838,10313838041.834389,0.0
2.074973483426306,0.0967246802672874,0.9426435975625932,0.0150785141660456,6.97577785397531,10.923273217542508,0.8137921206914062,105.14808571433484,10782887711.008163,0.0007030543485945
0.563573961421998,0.0087479750464457,3.5812347433337206,0.0030005575311755,9.736853789944234,1.082557080965477,0.611690314940497,129.86409749311167,16975353542.665607,0.0
1.4596219077859545,0.0333181595630862,6.502295929826779,0.0172468819760187,6.358890098224849,5.099842712097359,0.8412529905668664,127.47406347424844,15059199452.626184,0.0
0.9801258420935464,0.0668663574856052,5.280389699470843,0.002474972166517,9.898870300684411,4.922941313848429,0.8231010991095866,118.46437697036797,17237986305.08549,0.0
3.005696147389904,0.0901393447174005,1.8919606993027405,0.0216868638436412,0.5349575898172128,6.131148284680538,0.6384599782102238,101.97399126181138,13638849020.102734,0.0009370034995695
2.2631864960154044,0.0759378435585118,1.6577033360943756,0.0939576838939771,2.942574513549084,2.645218368853105,0.2474849594666935,91.61157483079734,18258589802.83523,0.00080919880104
1.8782434938341324,0.0621000712718993,3.203025955081034,0.0064723146727273,2.26670340057708,1.3986091750033012,0.2860425438689418,81.41213409428245,13220614095.35629,0.0
1.5759445893812452,0.0207585487461542,2.500522057934243,0.0044396699657608,6.898771546893862,3.71884082020582,0.5284159173641629,124.19889673412624,19018865919.95685,0.0
3.4736901594335974,0.0938929542210326,8.95295325181637,0.0144667320368885,0.7553635857503401,5.616027612072358,0.4955826183077894,109.63572172536028,19963893369.323376,0.0
1.1315197022689496,0.0462110145674185,4.372608755200687,0.0045917516855875,5.412704549588385,3.605812488977955,0.7644660920580897,113.67299248628234,15000656168.047758,0.0
0.6694895350820474,0.0118338335458801,2.866042478164186,0.0037839592473996,9.87867424853127,1.1337951468751015,0.6039106388593668,117.89554021354444,18434700675.992493,0.0
2.5510151852142204,0.0599149177602955,4.987675967090256,0.0226083479399267,3.1534606801649345,6.37587017570659,0.8031569771641469,117.45764661966258,14474225336.7718,0.001111194671778
0.734704313409787,0.05597216723597,2.2031906427176877,0.0213241380421061,6.364651117391355,2.922432789467963,0.1885043136677826,99.89034807752148,13474408400.18964,0.0009083856623951
3.001769904089072,0.0955771354281549,5.110022870556254,0.0038618845820872,1.5348094946881023,6.437223733155886,0.8078876579354022,122.60705776851978,18329664610.745163,0.0
2.7003223357968853,0.086732009923357,3.367111879798542,0.0148210507807128,5.54988017876558,2.8166476603946347,0.4585502131033419,99.96820807285744,17993404288.110123,0.0
2.571195850512503,0.074411800587039,5.728990960122336,0.020418250112993,8.72531148325138,11.227817163048504,0.4857220917419148,115.92637170811932,13562315033.47952,0.0007022630654395
4.9682557151906,0.014173092849988,0.2914481025410523,0.0279955597548644,6.406474457569271,1.2579633842649756,0.3730036297496396,70.97041539436748,11245651301.248446,0.0009868976180945
2.870136517218748,0.0669402535185769,3.629733452418708,0.0047464098467528,5.14342040076466,1.8167458205813023,0.7577195631827153,107.72755997107237,9113515769.942509,0.0
0.3486932603571177,0.0613391441127617,1.2686783172636489,0.0131659200741691,8.08718432829903,2.320785649752593,0.6659531517469,118.22034394206491,14225602335.486591,0.0011937917175091
4.690365660861902,0.0925848158159962,0.811173587337953,0.0761170456784837,2.1943320601847445,9.568701909355283,0.3606485144222907,111.80026593692072,16624539538.499563,0.0009713059208442
1.2074719036504542,0.0257158748859339,3.916667472874762,0.0075888433715117,7.779867030528276,3.558225723086748,0.8197948175556399,119.58062817909688,17075269567.880957,0.0
0.437293735296787,0.0748805526511045,5.421063796333039,0.0063627266588233,5.190863390752234,4.650166924885479,0.4393625293324778,105.70635124680403,13934995940.534792,0.0
1.804398837209184,0.0573781914408075,6.588957867436213,0.0319553480070274,1.14048038875312,3.4047453849368368,0.212782406149138,97.10152332235732,12273441029.76542,0.0009117342688078
2.535231781346741,0.0872995125172662,2.597203909740189,0.0128463845743805,3.148465481440323,5.904745786793081,0.6041097904717412,105.85511679731825,14295089935.409182,0.0
1.511160248700462,0.0228474190096805,6.0451906271963605,0.0042321388106836,0.6420458723119044,2.257659108621077,0.547845754742245,76.02608237484549,14142022056.492737,0.0
3.237540009897782,0.0737660554431384,1.024351257573791,0.0271569186998276,1.874616284867716,5.63855283886953,0.7580777604363624,105.90914978021436,15403990993.38086,0.0010296663399582
2.034999099379926,0.0702019440344828,6.922962222967289,0.0052967365835996,5.694069622791687,5.1525242960211015,0.6798565150133444,107.81314748157445,12732980571.552616,0.0
1.5113360146136985,0.0835782334846254,6.373874781124529,0.0178127144082965,1.6339128044727516,4.230422751652327,0.5878044738955274,117.5793910380868,18274571904.90193,0.0
2.4372150207181478,0.0461949255471404,6.907541062562248,0.0016912830326065,6.648916446609686,7.46883724403316,0.7007076328451944,107.56116955308036,18094344720.834637,0.0
3.556616181642254,0.0621420961174022,0.3652888697824507,0.065736194630881,1.4982165428781038,2.079749361316378,0.5676638978556163,72.9216550951175,18368732125.047955,0.0010966396873907
1.2540711061212837,0.0384880162734801,2.479498160200216,0.0161849969332299,3.770607617896473,4.555454684491157,0.6250010374131296,119.64958525268476,18644890130.46324,0.0
2.4746610072924518,0.0998236315445978,2.1265858092681778,0.0215489535694602,1.9046882584904967,7.681801281016735,0.745191777891731,114.21611282375096,14531385583.994854,0.0007171710344912
2.3695422855214967,0.0998012008073602,5.783566343352298,0.0984527344074029,4.863407064674584,5.4718326239211255,0.4485866570085263,67.03114963579979,18836157346.86389,0.0010387038328011
1.146317740157491,0.0278910204268527,1.7542051304210582,0.0204962027865679,3.5964584286019785,1.023984637386556,0.8191051282854819,122.83422430289257,14728830128.197289,0.0014141011183882
1.0547094300591184,0.0174961952479827,3.8704752859101,0.0145848388645232,9.558065106488495,2.164697545036674,0.7920294884901602,66.8584435907577,12832490792.932549,0.0
4.734926526243127,0.0976170633800568,4.267281297261111,0.0141076624847542,2.4254702839114746,8.802618140624014,0.7698793311726742,123.44245222417725,17054767237.753525,0.0
0.5044019987818751,0.0195382689778725,2.8180964631963987,0.0089649364277605,6.008301893732463,5.234500937219201,0.8195216560504961,128.69616566000013,19357157139.509884,0.0
4.372880283158487,0.0926496497245403,5.4676505957048045,0.0030877134221585,5.061927260085841,8.898560836086482,0.2153287319450062,108.41346517562758,13752589052.792116,0.0
0.8199354549453505,0.018971676531205,2.0889317896133712,0.0419524184525345,9.669915297951798,6.108952695725023,0.5587503561121159,71.5337678860001,9102688644.423897,0.0009490015682495
3.161801295182155,0.0686236837580439,3.0646409821980667,0.0075148850685677,6.37634804310586,5.311554845196124,0.0777558487677241,105.46463904409156,14568648316.327911,0.0
4.031313782421162,0.0698139323599431,7.154269123289407,0.007149820789516,4.45055536375129,18.106398546737363,0.6635627116365442,71.4649673648957,9710339244.14364,0.0
4.7431253098878186,0.0921757974650511,3.2819658741093654,0.0305198058073631,1.4297398443262357,1.5411427807802838,0.5368484187017186,120.95322019604605,10237989278.750809,0.0007534429510213
2.720073585103337,0.0426566949398998,9.704564686536225,0.0137325330595632,9.641937511921022,7.055351028018672,0.3803609631785701,97.2411229278164,12865857748.840025,0.0
2.3051327871841414,0.0590543386623525,1.885172805844261,0.0192525479633348,4.340717018731284,5.933674361018669,0.3481212345178436,103.84111483704592,11368880546.81548,0.0005222264118965
4.905351267968316,0.0980675542491499,4.518233031851032,0.0060122127026993,2.7354533305411786,7.597235923283399,0.74541169540245,119.36060618286304,14554589357.020365,0.0
3.987162892724873,0.0939487273416722,2.7536763012551733,0.0410587353632147,1.1604255345219294,7.518223933444692,0.7154766637486224,116.81139238726684,11169918296.68095,0.0006542252063161
3.321567434916713,0.051816950686413,4.82841116796932,0.020264275477565,4.917584606006415,4.679067602421239,0.6725313133803565,100.23874679794686,17093913269.7501,0.0006279511783386
2.764327529763217,0.0374058896706076,5.735308761726071,0.0504645041427441,8.847843105924348,13.363418601653528,0.2764990143885985,61.45237402637114,17359733163.460068,0.0010817763696327
4.428753431982829,0.0509344481917829,1.4699543289951849,0.099398930250033,9.19848227210072,8.441063765862422,0.3182740704726325,116.97387017534722,9171448690.478151,0.0008690283983829
1.6367288120962782,0.0522804436894848,4.598587249604509,0.0039830963713318,2.464662598250792,4.995798630707431,0.1958982018086078,109.44735445619142,15376869459.16724,0.0
3.17007275194124,0.0771943935316626,4.558411243621318,0.0277926780225656,2.269457014783199,4.804510976199821,0.5279736460217008,95.66883306996924,16812148658.621864,0.0006771641112311
3.7891592386267687,0.0213245061456251,5.411539107237741,0.0287069366203832,2.6827270808912616,5.349919286693089,0.8144702138000544,82.22537834156277,16520338791.546392,0.0005647033751487
4.190565738667977,0.019326966008122,5.225690422617197,0.0389914873884173,5.297358599938543,2.925534883452864,0.3128076744738752,98.03745521842444,19592995551.345085,0.0005083883807904
3.3641370182835586,0.0709303440937607,4.263620336048102,0.0106374846501305,9.289098713282208,4.890384250617514,0.137267698887875,109.37964517770966,13740758732.793867,0.0
3.095385971026727,0.087307354171929,5.91308492872709,0.034806328715211,4.933409519244611,15.697468026844865,0.741102955300686,86.59357088451341,12640186062.24814,0.0006168085551829
4.1076304291268935,0.0651990281192355,0.1159938909506607,0.0610081196041377,1.4656027749398166,5.70966087219094,0.8021336498028059,113.64718114599602,17640888486.524685,0.0013852657117917
1.623953204519455,0.0348592081436116,4.9491443113197855,0.0344480712117881,6.71948241084919,3.916233004098932,0.6965006192940326,115.70049532239833,9266999485.965157,0.0007806736169358
3.877885824602671,0.0590910872588762,1.9899945140844693,0.078304781370211,1.7742762160921774,1.1083261357720886,0.8266400462180516,96.48339807115975,16995943609.889889,0.0013505363904333
2.6219450039163443,0.0649382726837464,3.127469081275163,0.0198796151036552,2.819466537659629,6.507197209839207,0.4987046938692725,123.335470583525,12295661350.432793,0.0006307843775796
1.191504065446316,0.0696411880625525,5.889474904754266,0.0063909509986308,9.003145907607413,8.32682526875836,0.286978175435857,106.46207782813536,15824372279.102036,0.0
2.4951083228917024,0.0231675157813722,2.75156991884636,0.0243409626711265,3.3154926500890745,4.520691409503745,0.828638967407558,114.51273361653722,14120554973.289013,0.0012989167172136
1.2170507809134468,0.0591899567319284,1.1164953704224652,0.0872056737549366,4.178463949536295,2.316790378459472,0.6803954769038585,107.2100648897846,12306690213.122755,0.0009141027206985
0.3486932603571177,0.0613391441127617,1.2686783172636489,0.0131659200741691,8.08718432829903,2.320785649752593,0.6659531517469,118.22034394206491,14225602335.486591,0.0011937917175091
0.8467118178177457,0.0302774229824153,1.752192598590704,0.0080313909237447,6.609312778688801,3.479568545612336,0.8405141630023522,122.56439809282736,13637330357.935368,0.0
0.8773353720143277,0.0236169289136099,3.2080886574137084,0.0185760348632399,7.508015153992769,2.5012168436602664,0.165257857885445,98.69657773242297,19565716572.66152,0.0
2.267867414109144,0.0519916885678419,4.277657954721798,0.029071692668816,6.521700802438061,4.043470454799742,0.3452095005428772,91.22607819317456,15060766907.420353,0.0008366802233993
3.23931108351071,0.0632655154178259,8.088234163540205,0.0289099317717246,1.4273870814121137,4.5711344631907,0.566240631389702,95.31436510432847,10794621173.383526,0.0005801698852076
1.2103036865714456,0.0255791440308774,4.2880943984818165,0.0071868315604084,7.816958695567664,3.6154330348549055,0.8170427244427749,119.52560772821666,17168379290.646454,0.0
3.603214878019127,0.0716556385405574,6.809392535444887,0.0425271247993215,2.3878626658124227,3.7299012868199832,0.687863574663554,116.2652620575534,13538262442.25534,0.000741946907167
3.070794828754168,0.062792030438256,1.7571691998134358,0.0137833651710323,2.6757170282716136,4.409716455528494,0.4551324579597203,107.48943522629642,15418449483.535908,0.0
1.7965812355298183,0.077038054250581,0.8899228987235376,0.0278813478424133,1.1442138645794784,6.745090124188869,0.7486830259385785,77.58810573990452,14710777414.293688,0.0007065420127249
4.083960321221643,0.0536920515848379,0.6362487299145927,0.0946602829621678,9.22073682654182,8.916058112686661,0.0412886562534928,128.43779659367084,9802083641.420755,0.0010468842719283
1.1379279993783693,0.0195820740530729,2.7132084402130947,0.0155714703340965,6.7402113119737415,2.0524259065451687,0.6255206726949557,83.46835549557498,19960109452.39619,0.0
3.749572753354952,0.0494957576860677,1.390288329219493,0.0191710961087237,6.042709324446085,2.646145334213615,0.675240857689169,66.74272144150106,13267407338.256384,0.0009377999052182
2.0275116355159395,0.0856329021244922,4.881955068710147,0.0383654017761649,3.240688948129612,3.435986551200991,0.3664444911667701,115.580097882268,12937528814.337915,0.0008128465098456
1.181090504444855,0.0704264126866097,6.266035217581818,0.0064421693128119,8.90320424193678,8.479373052564904,0.2792060719514074,105.51997660585694,15741173855.179976,0.0
1.18597350691349,0.0446692460879305,4.306890338922786,0.0056488772166354,5.483343529659499,3.139081884697929,0.7713102607211213,114.30471979473562,15024192345.83653,0.0
4.824382480465921,0.059160996706318,6.182110924941815,0.0722950921579944,0.5530135007107725,5.021314398805872,0.6295523375644335,112.67742156584382,10516681788.314192,0.0006177641146491
1.194947054499942,0.0461647762880977,6.461618610639354,0.0281147730954166,6.162066318804211,1.6078627332696454,0.5725569151483832,62.70314680122891,16955408307.689129,0.0007206891567744
1.5744443355006243,0.0596350355365543,5.307868972316957,0.0124911936363868,7.220725991505847,5.421414525919955,0.7872322556513441,112.9622059513494,18346710032.68459,0.0
2.096855588566485,0.0948330284893133,4.247117740536485,0.0085672304747649,5.0872808024149725,4.556720187052472,0.6184528297682695,109.3802718493769,18513052046.63789,0.0
4.514099317614643,0.026107331185523,4.853906341317587,0.0383067326154645,4.785697610365298,2.352078766128182,0.3118683588570031,98.6858401784261,19574013585.16431,0.0005050807433573
2.0300090991699835,0.0521699364519934,5.68767544719333,0.0054665923515051,5.801083425968662,7.319801268366159,0.6623600889442925,128.70785442888354,18552301091.888817,0.0
3.6079152890775066,0.0981969328387192,5.171186525588544,0.0031333320103318,2.508965268686187,6.4211106842018575,0.8499170134848608,122.22743512587438,19852662144.588783,0.0
4.5411898680310605,0.0931294632035982,2.236125507214501,0.0028694505752909,1.0866169281199047,16.700528648356894,0.7797946857836068,114.60164999635056,13285964350.403738,0.0
2.822331271442879,0.0611884937415527,2.783976795612804,0.009353925561707,3.0134013055997304,6.200563333178218,0.576891975552374,94.982022485613,17666298909.330658,0.0
3.6048307500683134,0.0981784593507377,5.192979071187621,0.003132949914361,2.5029218353232503,6.418142159168855,0.8489822728554713,122.22731471447774,19849604753.28268,0.0
3.9785766473799513,0.0939642379501911,4.463071137059744,0.0050344535876961,2.4101940811672637,7.898182694812847,0.5562516392093825,109.80951241154034,18677981261.077152,0.0
2.835593004230371,0.0683296054101603,5.1951522138209,0.0045838388713947,3.173730559548091,8.654768172726653,0.7524917737003958,128.53510511237982,17272630481.483788,0.0
1.5076172335000386,0.0441173571447534,2.296824427319532,0.0311489810825166,0.4343441791268482,1.212498562142862,0.8310277945391966,96.40698546078796,9926982429.208754,0.0006828535755521
3.119659343844239,0.0480777879127538,4.039620765888117,0.0268719626008274,2.282676741819356,2.480120927646288,0.4527762554585669,98.33075066194168,15261805287.44349,0.0008121166497164
3.4361723260712536,0.0435890003941219,2.1908687641344904,0.0229127109260162,7.0037755164434055,2.861656947303626,0.8459219391035255,90.13949355109315,15264424524.199804,0.0009348412250441
2.88157376057971,0.059141837112283,2.7021239988029464,0.0100702573945581,2.9627026486815566,6.040137383053367,0.5879336418209289,94.86121807798072,17664722459.744392,0.0
2.5810400954003963,0.0880798378365447,2.519369114708271,0.0102834305656406,2.958732270766582,6.772824767009254,0.7724788482414138,118.19094015158988,16371309503.892738,0.0
3.6240344072016,0.0415475840622893,7.239673292152285,0.0121133367531242,9.996681385023786,17.168382892063686,0.7130126272882292,89.56160115046433,19718249383.89495,0.0
2.0846549418747795,0.0842096178967602,7.712568345798926,0.0083197823049236,3.843421940533288,4.4874910132443855,0.6357508398392453,103.08525520874475,14337131181.66554,0.0
3.767900114127158,0.080973515601162,3.836058590668638,0.0055824541726368,4.344985102747332,5.164266077383728,0.80701354484288,121.5067689691134,17276336003.14232,0.0
0.8793925376263287,0.0591909268893492,2.3612145113552345,0.0099868136759214,5.778995523215233,2.8197985261625718,0.591122161332398,126.90329327933848,9288644039.250277,0.0
3.325894837313532,0.0655563533406811,1.2182925561249702,0.0329038119219355,1.6584431429991533,6.295092966688481,0.3925095810266533,100.57673181798144,10469382959.847094,0.0006008270208292
2.167204597413954,0.0436719892007592,8.396774197830752,0.0158745919464683,2.7626411319453625,9.370598003377069,0.0856447857186843,94.43335251628012,16398749403.473167,0.0
4.869606194449865,0.038462170504557,1.792745023844918,0.0390870428494775,4.294481881263428,3.1463472033652446,0.4680700651297122,98.5089257082977,12668456080.563805,0.0007161290756432
2.5972157944916114,0.0833579910067679,1.4521593839728704,0.0193232789514382,0.6901181726630107,6.183801136012978,0.2990977853980929,91.01401321800094,13486393400.038595,0.0010717226890831
1.7828496636108115,0.0607369600830123,5.044331297685191,0.0155584278493311,3.6104754155433465,4.941493788514933,0.4120890269421845,101.4443104022537,9033688243.756037,0.0
1.7858962246041254,0.0360632244447931,5.217361568347364,0.0079544647533403,1.0054484347444907,7.965835452213456,0.1865800470648825,99.7091361485789,12849951763.997375,0.0
1.174940654283663,0.0932831440753529,6.446063786957341,0.0099649966341117,3.3636011333065388,3.077461055884513,0.7885612842997981,123.12971252806976,13889316229.700045,0.0
2.3891714204238275,0.0787690997628599,1.2150315271399443,0.0080037509841439,2.566403297012121,3.281629038582672,0.7635939750778182,94.8202003926307,10835905803.882635,0.0
2.88157376057971,0.059141837112283,2.7021239988029464,0.0100702573945581,2.9627026486815566,6.040137383053367,0.5879336418209289,94.86121807798072,17664722459.744392,0.0
0.6085462684553392,0.0851356766563746,0.2971359419833242,0.0468354327352725,7.471119609346005,8.541068373129217,0.7003565095183578,97.56262619653162,9657700744.692652,0.0009430018306049
2.9349745556308258,0.0805575534523479,4.906463569714844,0.025842207681152,2.093643859498852,5.506012606458126,0.6882780025718422,116.2346709970504,11491739001.208387,0.0005877526151035
1.7610520853137777,0.0558240486294504,0.4036011477745533,0.0612775361996985,7.449072245408326,8.866336001331963,0.186376863566571,111.06780420726156,9452675139.641806,0.0010982898527535
2.2114041734648926,0.0803356628569243,5.438970596294886,0.0753675776882955,8.598283794541823,3.3993669049193427,0.7675404065089546,111.54044219223243,17683868567.53514,0.0007219241121431
3.6048307500683134,0.0981784593507377,5.192979071187621,0.003132949914361,2.5029218353232503,6.418142159168855,0.8489822728554713,122.22731471447774,19849604753.28268,0.0
1.3384749186685538,0.05560124512391,2.9264052436175567,0.0417271544990027,1.583837170511627,5.164905201116973,0.772479617608864,112.34065091786404,19284178244.276543,0.0013569248984397
1.233122737535937,0.0378535673940156,4.05863011889667,0.0070149154700512,7.623062407260677,3.895734291219469,0.7665423780851341,116.69652065442207,16542714706.387177,0.0
4.9263088373057045,0.0939697166179611,5.153261038639998,0.002554810742478,2.565657286464322,8.669866233749875,0.811589369883314,126.48727562364692,18718516908.3912,0.0
0.4570637092383776,0.0732801741845623,9.305053561586702,0.0460599857178143,1.4757027818337147,18.53007383476922,0.4809884553770601,98.9229812001062,14221255336.064638,0.0013063685875569
1.4283646691695404,0.0816794856159208,2.6873267407287678,0.0137547538476837,9.166326835082405,8.625204094310227,0.7136743530416492,84.24174457956066,15587072167.186943,0.0
2.341711001784257,0.0638840940071648,9.320811384415112,0.0309840648505155,1.089020802031868,6.8582806429059096,0.67563241453805,102.84757266685818,10040575116.240538,0.0007601722920923
1.3544093045352947,0.0471640279896706,3.228841756624035,0.006882036013561,7.46793403190387,7.929350835483682,0.7098720338542698,87.71145671701032,13800218319.05743,0.0
3.7288016681236176,0.0973584345882231,4.2644007732884734,0.048502072843229,9.783148767801537,14.111147090155864,0.7722191966474885,100.31608956870276,10363953876.212244,0.0006413019978928
4.02287964368964,0.0673707948739754,2.0810696141240155,0.074325506410444,1.175069853498853,4.213019203486899,0.5914384820033886,89.72333529114134,12130422308.59348,0.0005102701531777
1.8693215701833377,0.04707308661321,7.747708236984337,0.0023797202662997,2.623386712290229,6.120676191515135,0.3944857825948953,80.57941092210905,9574890194.971617,0.0
1.244419837911361,0.0091889916867845,3.127830771737932,0.0026646928375647,8.459569146444261,1.28781685969062,0.6280653434959479,104.27638108929298,19613536088.885548,0.0
1.3966788752608856,0.0165005857898059,4.019581593202595,0.0083400585829944,7.3947574417456945,7.701336864379814,0.6010436854102443,82.34106684269855,18981015389.683598,0.0
0.1884951006552132,0.0531598047807648,2.869805715781564,0.0475017890872129,2.2241187832310327,3.2988356151008555,0.5027081409254209,125.20982109003104,9148141169.035587,0.0009040197163289
1.7870270541697677,0.0528857426946259,2.571185584341504,0.0030335435991454,9.981426251840176,9.659984515498822,0.7093224732860822,82.37767559033715,15777390123.010204,0.0
2.88157376057971,0.059141837112283,2.7021239988029464,0.0100702573945581,2.9627026486815566,6.040137383053367,0.5879336418209289,94.86121807798072,17664722459.744392,0.0
4.296275993433512,0.0873188070455588,5.9115760881951385,0.0334849834573294,4.179511764112188,4.244228266481211,0.3404142164265268,109.11371679615296,10577807617.371048,0.0007247034280653
2.2840317591817745,0.0594364092896601,1.8532987723168504,0.0195177111706281,4.368766624087294,5.950757242016982,0.3488490293623263,104.21895963581174,11392412621.57582,0.000520598271257
0.2054856481381071,0.0728874963209875,4.145819134780619,0.0148840063676488,5.943153428051711,2.7401098764012546,0.3558012148524607,101.88688949391025,14068163286.87639,0.0
0.9944604273124944,0.065227130050984,3.888747742327632,0.0094519285406402,5.202789420264638,2.702560622301712,0.5300638090218349,107.17232993696808,16720141837.678123,0.0
2.870136517218748,0.0669402535185769,3.629733452418708,0.0047464098467528,5.14342040076466,1.8167458205813023,0.7577195631827153,107.72755997107237,9113515769.942509,0.0
1.3070763996421828,0.0182385902840351,5.338334370715271,0.0122797640436684,7.767230352814816,6.777967346495388,0.820493544257336,125.9963112500922,11652287511.760193,0.0
1.2470820695347693,0.0385938220516661,9.342199604741351,0.0106263342784196,6.985862673630519,16.398389809245973,0.6803445459289031,92.4482732413008,17869814187.747086,0.0
2.578979846078067,0.0756727810139015,7.415130094910999,0.0179451224359691,1.0637125751419243,4.927185371768657,0.6244575812354216,90.24708070701288,11710823219.552292,0.0
0.5060684251251012,0.0175227612175257,7.622599608903628,0.0218244866342654,9.262073313372335,3.1384559673769017,0.7802712348741272,119.05995938833256,18426093108.33917,0.0012266189896395
3.7905503281223023,0.0605089133518254,3.8125559795302544,0.0536811447748575,4.687523551516533,10.514116997440546,0.5817058624845284,75.31212688467342,14065070689.781183,0.0011055592598707
3.994110264383288,0.0935549335653387,4.205351708240233,0.0489551497276336,8.783995574204356,10.893500311531108,0.6315885175233377,122.58805662513112,16510370058.25946,0.0008108771353025
3.9344973379379446,0.0661351408491555,8.679374973362394,0.057640841333732,1.2510093959077646,2.3260179129190464,0.4858556721937738,115.59552823643078,15081963309.423334,0.0010322475884914
0.9389486323419426,0.0389448867392976,0.3005546132450781,0.0170901780935812,9.730384253695997,1.7436894564525716,0.6820786349891248,120.14261725137298,16963728766.722994,0.0013829353465787
1.8901505549023108,0.0806793620160715,3.67447220953466,0.0219805639628818,4.112619719517887,4.574875040976743,0.5073157869370482,86.8902478290316,13751529698.08189,0.0007730295843487
3.93975079214418,0.0832095143204474,1.65738567057342,0.023816128217571,1.3179014280902663,5.8460591712266,0.1725249599391831,98.01011640099382,17945572645.156605,0.0005552873987179
1.234744189043031,0.0273682120375417,1.469576110068345,0.0105598814492878,0.419704564351646,6.552756610198138,0.2751760312004424,85.4714575096018,15536361899.64199,0.0
3.0183881512999857,0.0579797900355612,4.237854655232852,0.026481735022538,5.004674254853718,4.405643592005413,0.5533796555533267,96.7875919422982,16505360868.159452,0.0007066362974957
1.1703498480991326,0.0812597704450434,5.939999292570709,0.0037016316780003,3.888352076260606,5.686091429606258,0.6108166578088107,118.0076368953939,18301919393.354584,0.0
3.982659870693966,0.0924547482181237,5.091159667673192,0.005529388761308,4.0967807834713135,11.129121919966316,0.6365510185344166,125.17263537101412,19191478052.304813,0.0
0.9471274418775044,0.028677739392127,4.202759600576073,0.0112929031330375,8.899088249033559,2.644464304752809,0.3357116115100295,115.17723948552734,17887935495.12002,0.0
2.069992148463741,0.0836992526708413,7.704928730621403,0.0080025127237009,3.7702794285095695,4.338135304064677,0.6447680362163138,103.51675402948952,14209057045.014397,0.0
1.7027753665657444,0.0939305062442464,2.557998979382535,0.0093415070197672,5.352181247528121,6.497664847908659,0.7208431827436124,125.79977178219713,13396500561.320572,0.0
2.6975141406945053,0.0497798438391934,2.161975482488339,0.0243063976117097,6.741198375560572,2.630166010690993,0.350976002560494,83.82916281576203,13472203263.240654,0.0007944602515182
3.1654309186816176,0.0360505271687424,1.1917982479897822,0.079412486041396,1.9939908274103035,2.830343061863367,0.8384171716171948,110.1136208852405,10226446604.412348,0.0013035729098459
2.0226279559017666,0.050737401756301,2.9517963504367466,0.0038721027234031,5.58292564943378,6.312579305340248,0.4071762816629118,113.8210227315058,13397476136.135372,0.0
4.786295544490065,0.0757131691955286,2.3156684061325894,0.020558472709944,1.47095817452121,6.760781260827316,0.6974286887931214,102.6876405957176,9909700746.201176,0.000631670873253
2.826830894080745,0.0222106420113883,9.306096517275178,0.0348950817355286,9.033810049823304,7.640129099579261,0.2528780424073809,128.09238754267218,13510280580.852827,0.0009683203420049
1.8861033413054724,0.021191218465315,2.8284474493713283,0.0259183589635197,9.421951904032865,3.1361191610778776,0.6468663092015924,114.1768976242192,19318588437.26179,0.0013947345153701
3.095385971026727,0.087307354171929,5.91308492872709,0.034806328715211,4.933409519244611,15.697468026844865,0.741102955300686,86.59357088451341,12640186062.24814,0.0006168085551829
3.514946124140475,0.054823656548008,5.05575016968476,0.0053482830651232,9.180984317714012,3.355513658657164,0.4367149958457383,118.70670096555727,12750033600.878216,0.0
2.373746974990244,0.0898257367583556,5.445335838737714,0.0078292263755911,4.53887394132002,4.736515927903864,0.6374332129572807,87.71204579798024,17530205272.363594,0.0
1.7870270541697677,0.0528857426946259,2.571185584341504,0.0030335435991454,9.981426251840176,9.659984515498822,0.7093224732860822,82.37767559033715,15777390123.010204,0.0
3.15923264013579,0.0689993125207836,7.416636559078458,0.0062031682046566,4.309852736596022,4.339534454422083,0.6953383299360377,124.0458492077512,14115805524.6503,0.0
0.7346534372282632,0.0573719255093671,4.455784767277978,0.0089056671566823,8.10446694067037,3.73931489840872,0.4992398470356834,111.7347102178992,13744294556.726864,0.0
3.0315177885188027,0.0577491336594724,1.1820881537076422,0.016094824047834,5.300616953818279,6.0839234222584375,0.7963080080526004,104.94820384818756,13288341519.576605,0.0
0.7272303130690402,0.0948653479270962,7.388101500042089,0.0046592918530679,5.36242419903071,4.57032987268021,0.6562902694028964,100.15379871694287,16585010028.566357,0.0
3.0320018347795457,0.0582600686285503,4.264667744579652,0.0263960763140288,4.964800807056001,4.416317621797929,0.5519424376087091,96.75907858833696,16504305443.404509,0.0007038672488466
3.54582278302844,0.0694786201998524,6.384555547519263,0.032267697637928,0.9081486350218466,10.07656758210499,0.5654802917407147,110.27385954100522,12495012500.4663,0.0011765319524798
2.053587296960452,0.0698757156028947,6.389914457643108,0.0221472839034778,4.8427739504566105,5.444964643791081,0.7022716216665087,106.58246546573768,15280723923.990746,0.0006291176547086
1.9936477579778424,0.0704955104206555,6.532060292994011,0.0197497898060953,4.82876490912992,5.776631195173708,0.7147701737177448,105.32599572680218,15714258278.030792,0.0006151821921277
0.437293735296787,0.0748805526511045,5.421063796333039,0.0063627266588233,5.190863390752234,4.650166924885479,0.4393625293324778,105.70635124680403,13934995940.534792,0.0
1.2320120138262334,0.0249707185616266,3.77154694550504,0.0077494473468733,7.817737492440822,3.49332758453776,0.8236069614825839,118.94520431240636,16713258589.285269,0.0
3.25768280411811,0.0324585994291372,3.136994809558657,0.0275947001062458,6.109752877260997,9.11868642712358,0.3700948585573516,86.29368063546436,15283596313.993858,0.0005637567068076
1.3735939817561482,0.0659840524223307,6.122637763122487,0.0033396416947027,0.146597025331586,3.085554867520843,0.8104476383919369,127.67060787897825,13691867256.665203,0.0
1.8363987741654475,0.0072945152137282,3.411319258312456,0.0082204804009177,9.057560825950302,1.7365036606983577,0.7360960013677649,122.30304560335136,18409079778.036537,0.0
3.013064876413017,0.0900489862649757,1.90088230532504,0.0217667495224814,0.537977059979867,6.145780242815731,0.6395617627557809,101.96088349847729,13651375502.254068,0.0009371626099318
1.207451475585054,0.0257263011601921,3.915432108248096,0.0076028755670904,7.779384115494659,3.562775810660193,0.8199983684978186,119.5820574840027,17071765371.950188,0.0
1.7828496636108115,0.0607369600830123,5.044331297685191,0.0155584278493311,3.6104754155433465,4.941493788514933,0.4120890269421845,101.4443104022537,9033688243.756037,0.0
3.0779778833683533,0.0753528219255267,5.00129630354308,0.0231751354887097,2.4350226926343144,4.850081681912008,0.6895027267383034,115.17294896107742,12691293501.02076,0.0005809291221078
0.9894557614874372,0.0255118121606641,6.421247517234521,0.0153161296110525,6.842372364633031,7.194078165227219,0.4336653202271797,108.63429512738534,19324649792.09321,0.0
1.473171833459893,0.0220398656805483,3.0878767775774745,0.002246106660754,9.337174398237243,12.14751895353662,0.4719531102453969,124.5353670184519,17448131792.575184,0.0
0.9606624298493076,0.0547037538485603,3.166829106313585,0.0058428402335352,4.951557223787811,2.8950578505194,0.7099748840647733,102.67770385886918,11555367296.440594,0.0
3.5129804527627635,0.0968125442567968,6.404691930521452,0.0045909436741699,4.487804997437978,6.86681595026637,0.7617791511582418,118.5738920575648,16828987711.994663,0.0
3.868863848333327,0.0318656217064324,5.669732054886707,0.0257225374536641,3.450486335107138,8.521485905760985,0.8079733333660336,111.91346220840444,12562130603.230526,0.001085774981855
2.870136517218748,0.0669402535185769,3.629733452418708,0.0047464098467528,5.14342040076466,1.8167458205813023,0.7577195631827153,107.72755997107237,9113515769.942509,0.0
3.084041937862024,0.0996037107397893,0.49647971605573,0.0258931883072864,0.2523041622177669,1.350656797877914,0.646171184344027,123.53562772254516,9195948585.572603,0.0006918934331914
0.158442516533411,0.0082301107974769,3.833964944046768,0.0204312614527545,4.228383866846952,1.8754951906644308,0.7353587212386219,94.13780061835486,10569204035.514507,0.0007373354206186
0.9894557614874372,0.0255118121606641,6.421247517234521,0.0153161296110525,6.842372364633031,7.194078165227219,0.4336653202271797,108.63429512738534,19324649792.09321,0.0
1.3065984897601255,0.0399943601284948,8.507803906620142,0.0070721417369084,2.281486342454303,4.8469626816452855,0.3353371833678083,74.14737160459211,14438986162.965197,0.0
3.759831453241443,0.0867946102036411,4.403395121703642,0.0276969685606114,1.7609673126440888,8.457802127428167,0.7611747702828352,121.85431372951348,18474688887.32247,0.0005756476940984
1.4030487632815782,0.0250671480717593,4.276581158976128,0.0101832360507992,7.089749016060412,4.997102367234995,0.8341216623040099,120.43285086792665,13844063889.746628,0.0
1.855050525048462,0.059698194525704,7.901087762522498,0.0500649351543349,6.303506679543807,11.394688915686134,0.8028462829630132,94.90461598052572,12029086668.733238,0.0006040723379277
0.1378719988295584,0.0051711464614752,7.830559884769447,0.0350462821295121,6.745175641500606,2.2065245240510465,0.133070309558534,104.88527399876249,15822235663.914314,0.0007925230050659
0.5044019987818751,0.0195382689778725,2.8180964631963987,0.0089649364277605,6.008301893732463,5.234500937219201,0.8195216560504961,128.69616566000013,19357157139.509884,0.0
4.09825209621126,0.0809091164940784,1.242650751794987,0.0254958623672564,1.9794233458001276,6.259707106077008,0.7510026606562824,91.72099559147983,11450932563.429235,0.0005512826896364
1.6857520940446855,0.0161003767937012,3.332434597325763,0.0064343947357752,2.276855508357055,4.197873445662159,0.1549060209662655,82.10532265663508,13237753870.722277,0.0
1.341434459786214,0.0127743563883692,2.875777408657948,0.0056338116176272,8.318276315279428,1.037104728690078,0.6147923932707043,104.7941421697704,19985197398.069576,0.0
3.988046952151056,0.0941168849472513,4.607627027826035,0.0038490331281432,2.3470443456817183,7.6586761324333406,0.5510024637481137,110.28599096045244,18680070105.50497,0.0
1.9401354453178232,0.0867069449456312,5.438972711349582,0.096891820929685,1.1888646711693465,1.4347200971839436,0.6323914293182786,85.57119050049617,15755099475.602789,0.001421119173427
0.3506254651953732,0.0182880689170353,2.7575624609176645,0.0376400014020243,9.92259853812786,3.158375225213718,0.7979097050588831,86.02021559742062,18654748714.35909,0.0011707401756991
1.7388362424021084,0.0341072602290894,1.3522213460231505,0.0042572791276284,4.98153214204856,3.471779927426603,0.6192472902413656,119.71179068284825,18237297548.98338,0.0
4.3024749926183405,0.062406479257082,4.5356494596494645,0.0055193413417524,8.36594553746792,7.890359268089453,0.7033278635277941,110.0685696657146,10786448515.923063,0.0
1.535680921560851,0.0683595873382208,7.139964820544384,0.0326333337537147,5.732683594745696,3.920778207736656,0.5643320512588843,126.79211977306409,10412495094.017551,0.0010062885841734
1.7854913431703627,0.0641346848027288,3.0131112596023484,0.0071448701522319,6.117599689320803,4.8125165268777605,0.7534958394016672,125.29485154433614,14339355631.93837,0.0
0.6113974094673199,0.0851155900851567,0.2933727725758334,0.0467895307722251,7.483163081269921,8.550188024254307,0.7015480023619282,97.57297212585368,9654951907.772757,0.0009430529374117
2.187164785197933,0.0093376088788165,0.2094557686338309,0.0088269655290621,3.598838919966758,1.6144609813657524,0.3608480822148383,102.4505138642346,13634706351.624865,0.0005580010022143
1.800774660772288,0.0953211629162473,6.541082585900188,0.0214594241937696,1.929239188459681,6.324624960232084,0.8483904523871498,116.15016122509708,18768441054.55841,0.0005983701144572
2.107864111052931,0.0835461714009963,2.7717894722170477,0.0075428614030435,1.6021039789734886,4.673991171160309,0.7366523338863604,116.4365197295512,16923968498.688486,0.0
0.4023181750570545,0.055139746181568,1.8354429262787024,0.017873751866732,3.8054067962806704,2.648453165753798,0.8002585302978991,86.52509337096318,15329457898.096905,0.0
0.1942010447620151,0.0729239249122644,4.149170470299765,0.014927794934015,5.93026646052496,2.865366819288856,0.352842103894416,101.25957767762512,14094401388.472794,0.0
1.174940654283663,0.0932831440753529,6.446063786957341,0.0099649966341117,3.3636011333065388,3.077461055884513,0.7885612842997981,123.12971252806976,13889316229.700045,0.0
3.1352539556954517,0.0818158094594179,0.5301527484980877,0.0151542012213785,5.325245217429313,8.951798070163276,0.8008679681354649,118.23622908965233,10470151408.43256,0.0011146431631269
0.1988387845545995,0.0427662147185685,2.4141019620611224,0.0201818012446424,3.506226212510114,1.8536562183780736,0.8444274820395868,94.19972959399831,13752791609.770449,0.0011353312045206
1.352348570787056,0.0122065412988121,3.126610979340668,0.0042228719231219,8.599577861822592,1.2028789071402646,0.6282077378530518,106.39074779706914,19740627140.86805,0.0
4.68971470611776,0.0783256031197665,2.943276600524632,0.0336561432574925,2.1759936185438624,2.559101298346396,0.5437237125498272,64.08842839339641,19405590983.75271,0.0005088361390974
1.1012914703014611,0.0255854702277253,4.1111484001739385,0.0076085713545264,7.46984698064701,3.663624373783342,0.824992833761404,119.4661434094764,16809298919.16454,0.0
1.3735939817561482,0.0659840524223307,6.122637763122487,0.0033396416947027,0.146597025331586,3.085554867520843,0.8104476383919369,127.67060787897825,13691867256.665203,0.0
1.203086697417838,0.0822998925875181,6.2780865880557055,0.0041309542850147,4.272186176286263,4.625390291354477,0.8123049789001467,104.99203242687685,14943836698.482508,0.0
1.794023433311634,0.0296540357848045,4.760287290008993,0.0418490480167101,4.0499991905503405,6.016212450499214,0.5875498102544913,80.58150835086965,16258777681.8701,0.0006087540714593
3.773434870538293,0.0802506372649099,6.411944134235324,0.0817084833661662,0.6770567793433108,5.228566973211573,0.644113983418113,90.96527743691787,12329622518.01513,0.0010387230341478
1.7021763596460096,0.0100330456115925,6.8722489701560185,0.0086199077612824,8.44017240904785,2.212331169060568,0.2602189552272976,119.52846489509182,15370087504.903055,0.0
1.167791227338634,0.0640318165479856,4.059686884339872,0.0131154248784858,9.97374601293401,7.23864058029003,0.5162765978695221,112.22412305231668,13553571867.208698,0.0
3.366123415896705,0.084067101348006,6.067460901558812,0.0069066778589051,0.7419710409353385,3.933395533918956,0.5349065428205643,96.5705360142486,13817503711.585217,0.0
2.521566338385673,0.0856446296618296,4.3561937860926205,0.0016007182291496,9.2292545878853,8.009344742738264,0.5266778029124363,129.90843432646878,12852844155.392525,0.0
2.747070184205996,0.0976582694363095,2.0927095465235244,0.0095855473724825,3.1299554323252514,9.04886138369791,0.8340401949647097,125.87371165603489,11760722577.051758,0.0
1.728068663671866,0.0353290244878315,2.8687396742963256,0.0053764067432167,8.15688252537689,3.4766143779272407,0.7603697120482026,112.61548706321344,15506893802.27144,0.0
1.341696482857936,0.0469084166579182,3.2760735630156748,0.0066789735807514,7.455217586344736,7.845165394632084,0.7139913252793467,87.83136748072262,13808527889.918722,0.0
2.5675954793818643,0.0649294297532634,6.749861827108605,0.0473786510726513,4.679780258179183,4.173432826307706,0.8300544837020521,123.46823443627665,12718650312.594854,0.0014657508418897
2.6138560771937422,0.0913919827410698,3.868079302819388,0.0242327505137822,2.286883244254441,5.14504424369517,0.4147333863711569,123.79716141428092,10179219502.03522,0.0008098535270873
3.81526125447592,0.0442700383246592,9.517475631149749,0.047036590130534,1.6094603927773588,12.677565176135758,0.6685380338470971,101.75332864755946,19633900531.910164,0.0013319190186576
0.7387628318718384,0.0573806518747732,4.45848225465144,0.0088847917154611,8.106395376534126,3.742357765076964,0.4990989714516339,111.73097163783667,13744106934.130436,0.0
0.6754161158314544,0.063232500573443,2.088075072985534,0.0152469294940642,6.135142399555229,3.32471499837596,0.3605352332267814,107.0742050104876,16202749037.424238,0.0
0.3519442853829735,0.0504244171765466,4.142102269365196,0.0232727538004595,8.696152345528459,5.414749952845868,0.604562739741521,105.9996502804772,11363463300.06194,0.0007235344177812
2.9433469670636736,0.038288013210758,2.5807727278146992,0.004544669087585,5.114544069013565,6.494517671842927,0.5992853418973377,102.28178449377909,16917678259.797558,0.0
4.218200024602265,0.07141724681036,2.005790845808891,0.0121387198901059,2.357242082888883,7.57928893397625,0.8360524068220705,112.34501438317704,14117620820.77699,0.0
3.15923264013579,0.0689993125207836,7.416636559078458,0.0062031682046566,4.309852736596022,4.339534454422083,0.6953383299360377,124.0458492077512,14115805524.6503,0.0
4.786295544490065,0.0757131691955286,2.3156684061325894,0.020558472709944,1.47095817452121,6.760781260827316,0.6974286887931214,102.6876405957176,9909700746.201176,0.000631670873253
3.5563581130635527,0.0638623559978278,4.412409009674351,0.0105745242995963,3.409690183944372,13.769636693015642,0.6696578418318885,122.76912479152271,15874299124.869318,0.0
0.9454545150196528,0.030831534446672,5.03994477492594,0.0074554454381869,8.65364879017987,3.24088892350306,0.825563161346366,115.6395332501704,17597933634.16318,0.0
1.1315197022689496,0.0462110145674185,4.372608755200687,0.0045917516855875,5.412704549588385,3.605812488977955,0.7644660920580897,113.67299248628234,15000656168.047758,0.0
3.963711569394288,0.0669604147849461,5.475969700796882,0.0085806435878074,1.8179694209340824,7.284536253397271,0.5999800980437289,119.61783221730872,19481543740.717064,0.0
2.9134739005931576,0.0665359652698765,1.048133217403717,0.0577166835325327,0.6352498211876524,3.939697981474441,0.4933116278542912,114.02137220906695,10789456739.199278,0.0009302841899203
4.333422826264667,0.0050978639161801,6.575006524647236,0.0123919262518931,8.11289290193189,7.908031027010667,0.5886287788859242,64.0650591965869,17270076900.51394,0.0
3.6144101099829657,0.0605456214755052,4.698512693023446,0.0846986368934896,2.872078090399179,17.395638770613374,0.5042014161262499,109.8059251877548,13889470096.43274,0.000683679328713
3.6262422076400735,0.0459106846207763,4.954308670835938,0.0078888789259686,7.720405267241873,8.422319344880737,0.39849591221328,123.46515265572675,9464287735.153503,0.0
2.1181208225700554,0.0547458958138814,4.028247210597838,0.034352953925971,5.443306852703502,3.999552576691793,0.7866477080532104,114.18035397734846,13405018096.43789,0.0014573748522148
3.595860251451612,0.0983492650244684,5.217842156277857,0.0028743558800634,2.5243699701815325,6.411643227766588,0.8479936175700443,122.16644167691292,19843200826.810413,0.0
3.749028457643087,0.0440936713479431,4.500353604008936,0.0115839958850748,7.635135206086096,6.178980169736651,0.4917102688253653,108.74755836553476,12739620912.158588,0.0
0.3486932603571177,0.0613391441127617,1.2686783172636489,0.0131659200741691,8.08718432829903,2.320785649752593,0.6659531517469,118.22034394206491,14225602335.486591,0.0011937917175091
3.2920370265764185,0.0926004321394992,9.678874689225085,0.0106432391694499,0.7630524806384841,6.169208485404707,0.5718888644986637,113.78888967481558,19865404854.97814,0.0
3.097271644743787,0.0410584323890186,5.981020365967308,0.0630240791036728,8.498788546087054,9.076263644732736,0.3613978832052081,61.32002165871172,18340621942.45702,0.0010052186247162
1.4286364008234116,0.0762657245186446,0.4692612713935151,0.0204093029966148,5.189057053059142,10.305692527924712,0.6797917946076361,123.7995132871159,14403423460.961405,0.0005212299220915
3.645291295922212,0.0881968302902878,2.688193714997836,0.0844895465376533,5.169022851995439,3.91866981820621,0.1665357026547504,95.7770294228009,13859746084.896166,0.0012027739994995
3.5580564634023792,0.0868062611315172,5.243428215592573,0.0108173820080643,1.5519764527071822,6.24465124185089,0.8360535107225388,119.88063236247088,19350921726.59584,0.0
1.015050312306933,0.0498529350659943,6.389731447999111,0.0429413578430302,4.239125677219987,2.170257608628688,0.4509066346290444,115.8301639361953,17659916578.308556,0.001385531456371
3.0278374468340807,0.0329388986365386,3.554823388460937,0.0138934517588729,0.9075600993704412,1.271547796502831,0.3272803821544629,95.48471551888127,14415209083.360212,0.0
3.038328507867071,0.045847627895668,4.184260597941592,0.0261017557077419,2.477160181228077,1.8850550472801948,0.4503708122747963,98.27531769167022,15170781031.372932,0.0008813843323605
0.697935194891891,0.0315780834312109,5.952497549373335,0.0239879098287345,8.172152523041365,1.6797179831389604,0.633818536613882,112.52335705730684,15725780337.325302,0.0011454538998134
2.105513731217497,0.0368668414722211,0.9499780896378528,0.0313823642080883,0.3922693805604481,10.442072425867016,0.1263557886482626,100.22509052706204,14422754879.80529,0.00075681623758
1.6908248576503917,0.0273618574724932,4.8898342554957726,0.0192485209650121,0.685687426319414,4.101152235970442,0.0428688653076501,96.49608810321934,12748920710.145008,0.0006306613407769
0.5837589452353251,0.0905630087760559,6.125807120253472,0.0178870799575535,0.3383248880105833,1.409494137955562,0.7909033076264402,106.72921835938662,19434954159.67821,0.0
2.341711001784257,0.0638840940071648,9.320811384415112,0.0309840648505155,1.089020802031868,6.8582806429059096,0.67563241453805,102.84757266685818,10040575116.240538,0.0007601722920923
3.567975779465216,0.0981820238363095,5.389661381761448,0.002439959121107,2.773104772629329,6.495596506797472,0.8416458006868834,123.08310940427208,19950578720.63551,0.0
3.1203329960915864,0.0995576023515839,0.5713433007563872,0.0261826024684602,0.3527217271658313,1.351686599219331,0.6518825346048118,123.71912600781616,9191988116.53656,0.0006985597029852
1.6695641273922577,0.0599453364927579,3.326290559698148,0.0045650597907145,4.487978348524677,5.785091327419489,0.823324082723604,121.21519988280002,15506716248.230742,0.0
2.2697664731196974,0.0640159557102666,0.9133706921152864,0.0078488540304178,2.488134697258477,3.942741293576192,0.7172793237893167,117.3415663018258,16913121715.694073,0.0
1.4285314626667291,0.0417196472205675,3.337136584092732,0.0165261521182265,2.6666764084067345,1.1883570854372278,0.7379184276828678,81.58937604447118,17612833898.03757,0.0
4.196025419789061,0.0251106759631188,5.105354134181013,0.0382430882044484,4.927097290799495,2.6613890501287623,0.313450407759442,97.4070969258944,19847532603.314392,0.0005104141948202
4.950573379227642,0.0724156504979213,8.169498205994142,0.0150841383561394,2.3259054518511952,2.713686167693827,0.8145630006495779,121.85065408447306,9154353110.324322,0.0
0.6113974094673199,0.0851155900851567,0.2933727725758334,0.0467895307722251,7.483163081269921,8.550188024254307,0.7015480023619282,97.57297212585368,9654951907.772757,0.0009430529374117
1.9449482769377189,0.046212171989104,3.6910546296069047,0.026973820170424,2.256013318492063,3.766152457507212,0.1037575888533176,92.05485421379171,11082881028.920189,0.0006769873448739
4.272878142840301,0.0665070203859506,0.1220747629597149,0.0337455631729825,3.906711718828318,1.5079895236535918,0.6079086250328839,114.11930332413188,12888814311.655296,0.0007601838422667
3.151828267265286,0.084106474567935,3.8291817397959615,0.0112637652437529,3.727402952808065,4.577316290905777,0.5477863173583392,112.4886215716554,16401661866.288584,0.0
3.6079152890775066,0.0981969328387192,5.171186525588544,0.0031333320103318,2.508965268686187,6.4211106842018575,0.8499170134848608,122.22743512587438,19852662144.588783,0.0
1.640131785868142,0.0138638723350824,3.2781159796712576,0.0059674672154146,2.439575601717028,4.130155167901122,0.139505998930508,81.63836345993553,13129013046.986628,0.0
1.9323761927782903,0.0600786998262524,8.959653454609,0.0141017929866477,0.185308866026202,4.274483853545144,0.2147297199850679,83.74433090616553,9589625293.18273,0.0
1.0007388150290135,0.0652257370944945,5.226472137644675,0.0346663614674032,4.895293474679147,7.080450490920676,0.4419803242101389,105.47077031425114,14669172570.118416,0.0007449156603174
1.5685209387235626,0.0683390623485398,4.564134935185253,0.0526207573160644,4.685417851092748,1.986133171752108,0.0677465074263897,120.02231042220848,9770783693.319214,0.0009207099102028
3.237782599492694,0.0990533342828558,0.4141578566461475,0.0623177259537339,1.135821099107145,1.528294185159469,0.4789049648676362,71.92019947660783,11346942743.23765,0.0014133648438255
3.137385972891999,0.0912364419016388,0.5625705276214541,0.0036695725197865,3.067534428278367,1.441321703950023,0.2712829586743605,122.38943448502027,12220937424.173306,0.0014155715134616
3.4089955618737164,0.0639297677516716,1.685211131818505,0.0297491291196708,5.522158943163715,9.131205760258952,0.7801202040558227,101.48463525115233,13643328827.945663,0.0009292234749222
0.2592256846287504,0.0073746323133691,1.3210684986748502,0.0312761954700329,1.2548475534653367,3.120147310592796,0.135956837178239,104.42554168051244,15413239734.93324,0.0
2.3792849128562823,0.0507116886912291,9.724358950646922,0.0153758044084109,9.144267907096634,8.583321567103994,0.4841825769939638,122.02032597181686,10984920681.376204,0.0
1.1379279993783693,0.0195820740530729,2.7132084402130947,0.0155714703340965,6.7402113119737415,2.0524259065451687,0.6255206726949557,83.46835549557498,19960109452.39619,0.0
1.2391534447469814,0.0266344027610307,3.2912573909574743,0.0137802871029515,9.402992711834289,4.9752861621166335,0.3645572691981086,119.23995570908691,18942937699.32541,0.0
1.222382867739061,0.0135453015073568,2.093650875601296,0.0077339290241252,7.250493502926127,2.494669379839384,0.6212721867648273,126.13968194631272,19645958515.39025,0.0
0.7313100512962553,0.0565909925526973,4.385810775606934,0.008563957345448,8.10149722143755,3.916316964047764,0.5186902277077243,112.96495739218004,13519894493.18246,0.0
0.1370365073598453,0.0443496163021617,4.219327932079293,0.0017475870031358,6.935472730345632,6.0649433522827865,0.6355222831868076,114.51786089798983,18496292347.638702,0.0
3.387415223171511,0.0540679011659197,4.994284456968139,0.0221275520017876,4.926845727670089,4.274577638993191,0.6734583492292034,97.73392390387048,17081028545.473316,0.0006436892429209
3.0886944121658537,0.0421383877224118,5.925583848515451,0.0631187218709222,8.647850593907974,9.321029736091864,0.3586416652598458,61.252666129049416,18337206022.046368,0.001011327775145
1.0294466393139472,0.0221437182551901,7.139093364278733,0.0435061248359569,6.910347471663834,2.70213071735796,0.8366422219390691,73.52787210598552,15360930190.214848,0.0008776007557306
0.7065958545719299,0.0711294348346969,3.868796952622074,0.0104334534965514,5.906888741178773,1.5001681594148408,0.7178864410775971,113.40926737053177,9510079030.09822,0.0
1.148326430049814,0.0449530599431204,4.529435752355739,0.0652685717825341,7.170413348708879,7.349870915237538,0.7186768976886401,92.18270150674864,13585108733.843927,0.000824306866633
3.387113287563608,0.0844312888397463,1.916910713159017,0.0081384694369947,2.620209923249535,6.378721429946324,0.7711029857410079,110.55185810769628,12278095693.164772,0.0
2.0509743492006227,0.0696825437497182,6.473045155957588,0.0221912230267212,4.893920849366511,5.701500569219842,0.7015652300723724,106.63857255434309,15297858548.493538,0.0006258825209368
4.372880283158487,0.0926496497245403,5.4676505957048045,0.0030877134221585,5.061927260085841,8.898560836086482,0.2153287319450062,108.41346517562758,13752589052.792116,0.0
4.372880283158487,0.0926496497245403,5.4676505957048045,0.0030877134221585,5.061927260085841,8.898560836086482,0.2153287319450062,108.41346517562758,13752589052.792116,0.0
3.0315177885188027,0.0577491336594724,1.1820881537076422,0.016094824047834,5.300616953818279,6.0839234222584375,0.7963080080526004,104.94820384818756,13288341519.576605,0.0
1.7502816889907782,0.0155787044542697,3.406829497622675,0.0067643235516548,2.158848111957005,4.717970675716462,0.1594133343950497,81.55717362302624,13218115627.636316,0.0
0.6947267818608526,0.0113796586982964,6.162138790134584,0.0298485399786581,9.69835226695318,1.116462172415396,0.6689311283572063,107.33836226584296,17771153512.397682,0.0012046548745202
1.2187000402802357,0.0250492610716462,3.763808184113397,0.0076701538955752,7.822657126141332,3.48596552713873,0.8236177851051735,119.02345629390312,16713810578.181849,0.0
0.9304482445551568,0.0673112129479676,2.759723261660028,0.0044298593017021,5.68892853913082,5.809422966285676,0.2381244268903751,89.67866666396444,10440619520.066422,0.0
3.012041751429217,0.0452834342420405,3.9808102977927455,0.0273102759607851,2.473983233812704,2.3140250520278194,0.4395226013173017,98.0605499055919,15100092475.557806,0.0008788067171975
0.7313031605716048,0.056574113569106,4.386564601083623,0.0085718489615816,8.100322020012753,3.9183093948453904,0.5187294404213297,112.962466978273,13518670924.700115,0.0
1.914768712568304,0.0600183338988904,9.02163046398779,0.0140034649704246,0.23101142106928,4.084594938078384,0.2319853535476335,82.75819446726064,9624831548.726566,0.0
1.4431717788839091,0.0275447081117884,0.891096431367537,0.0087474463019557,3.874806013998468,7.917436149336886,0.8213160382190775,115.35474025109836,19415218880.45212,0.0
2.4746610072924518,0.0998236315445978,2.1265858092681778,0.0215489535694602,1.9046882584904967,7.681801281016735,0.745191777891731,114.21611282375096,14531385583.994854,0.0007171710344912
1.5663715113168388,0.0515223777202842,5.661823674616675,0.0503874224697519,4.503975178077348,1.9568244389266949,0.0375277300527351,93.0824768973313,9363721918.939371,0.0008436599299311
4.185216939501973,0.0725537113852087,2.061643191406923,0.0124876368208398,2.396180733843029,7.505019375551752,0.8284711839568526,113.5808784404458,14067894440.423073,0.0
0.6113974094673199,0.0851155900851567,0.2933727725758334,0.0467895307722251,7.483163081269921,8.550188024254307,0.7015480023619282,97.57297212585368,9654951907.772757,0.0009430529374117
0.8962726406032133,0.0799581353703527,2.159359052709325,0.0312042286578631,6.228321831316173,3.9215176429166334,0.5892066634741617,104.29193241710917,16162880202.378963,0.0014075501053682
0.3486932603571177,0.0613391441127617,1.2686783172636489,0.0131659200741691,8.08718432829903,2.320785649752593,0.6659531517469,118.22034394206491,14225602335.486591,0.0011937917175091
2.7842240233870057,0.0810402075000037,5.7110510322757255,0.0380081178978594,0.6225422095736335,2.008986208116164,0.7602644386722008,111.77470454770337,9315686151.77133,0.000572709602212
1.191936116394814,0.0356439074452572,2.273551056208626,0.0143832412603972,3.597987586902604,4.662028109795814,0.622624830109765,119.45426283218842,18502941547.845543,0.0
1.2447004961334245,0.0386568685371686,9.319753914735175,0.0104733176066135,6.994382098457113,16.45633636924448,0.6811536998377072,92.53961504797624,17817237355.331142,0.0
0.6359210133081401,0.0091876141480432,3.530638306335225,0.0026184629439286,9.917420180449373,1.1693195379340842,0.6384662458243858,129.6309226155244,17115453477.0131,0.0
1.9438009846724351,0.0971309027713713,6.4776246193805145,0.0196620133199232,7.292691850274854,1.2620051079143124,0.3907487077324021,120.15604314584876,10236940296.4308,0.0009004513084143
2.822331271442879,0.0611884937415527,2.783976795612804,0.009353925561707,3.0134013055997304,6.200563333178218,0.576891975552374,94.982022485613,17666298909.330658,0.0
3.1336313766198143,0.0994492933737538,0.6083386806871814,0.0272444118500535,0.4018865928330772,1.1451041641045308,0.6552411095807141,123.74226991355616,9302290112.433662,0.000697330948192
1.897542331251283,0.0103965844782466,1.2832298374978608,0.0070223290436158,3.436504972610563,4.211685744355775,0.0162654050114271,99.85894712523768,12341217005.408253,0.0
1.794023433311634,0.0296540357848045,4.760287290008993,0.0418490480167101,4.0499991905503405,6.016212450499214,0.5875498102544913,80.58150835086965,16258777681.8701,0.0006087540714593
4.127118824794726,0.0659484724414127,0.2676895331902504,0.0623855842527986,1.5227726293596775,5.552906041910588,0.8044385256929387,112.1783300324079,17540253546.3895,0.0013830954953666
1.6465530406966176,0.0937561827964024,2.538245534093668,0.0115492642980854,5.377748891987869,6.860692061152192,0.7224453373637809,126.71718852829288,13318267970.709522,0.0
1.4047235040904953,0.0250153157583931,4.273990884541798,0.0102985194235915,7.086555415875878,4.972160888785659,0.8356286095572868,120.51956019766423,13853490900.20921,0.0
3.595860251451612,0.0983492650244684,5.217842156277857,0.0028743558800634,2.5243699701815325,6.411643227766588,0.8479936175700443,122.16644167691292,19843200826.810413,0.0
1.2595575250704458,0.0104041512858701,3.592548800658069,0.0034562246369855,7.116923820970396,2.247840831620023,0.6091304361454848,128.65596184533211,17681553250.150764,0.0
0.6911162835107795,0.0700343731685919,0.3219173034564253,0.04960487932007,6.60829002274449,2.9392827616399613,0.4966306338654112,92.6209575468719,11167090871.191343,0.0011757552738073
3.1336313766198143,0.0994492933737538,0.6083386806871814,0.0272444118500535,0.4018865928330772,1.1451041641045308,0.6552411095807141,123.74226991355616,9302290112.433662,0.000697330948192
3.23931108351071,0.0632655154178259,8.088234163540205,0.0289099317717246,1.4273870814121137,4.5711344631907,0.566240631389702,95.31436510432847,10794621173.383526,0.0005801698852076
3.001034593304849,0.0664141642133472,1.2694772914299195,0.0191850128354089,4.628273873350452,10.24431873402254,0.8115391176822497,117.72297815247562,14141318925.938423,0.0009078107246039
1.4973927363882578,0.0786271329064349,2.822987151070843,0.0319672040349572,3.759775140338415,1.6022714997064844,0.5514786413042476,87.1414077434246,17472192584.66213,0.0006361345059463
2.034999099379926,0.0702019440344828,6.922962222967289,0.0052967365835996,5.694069622791687,5.1525242960211015,0.6798565150133444,107.81314748157445,12732980571.552616,0.0
0.9014444859892364,0.0358510672865395,8.452308616324737,0.0891261182170279,7.485761762447789,3.2465129328190736,0.3449494037032287,97.91472315309228,14300879821.92539,0.0010720719131139
1.0176801211568358,0.0950579106855891,8.537175573127781,0.0119723441058477,1.5777284298349252,2.131010063491193,0.6572117184802139,118.48473417493682,15524871239.65263,0.0
1.6750700247839916,0.0585414948591346,5.416815840063825,0.0223898004854634,5.539266812699496,14.011776982503855,0.7094867873671262,74.21821793395452,19116022318.99585,0.0009846403625722
3.165096157383957,0.0685029024177287,0.317610742506867,0.0063730562321121,0.6083949912116654,9.73028963233071,0.5684540217200967,105.7611109717686,19059437171.101547,0.0
3.334951135725796,0.0489927508808137,7.183122179392811,0.011402997278639,6.6703515759623775,5.945519064866621,0.1317955254829311,68.29028883758365,11540101798.054958,0.0
0.7022811471125008,0.0794141609532048,6.190657588800059,0.019749255434583,2.906151761726511,1.7602359904833655,0.6883000839490022,106.58511449453728,14031059706.010002,0.0008237688329542
4.6764402468341295,0.0584666948404514,4.914876564847149,0.0690608447348555,2.333604651863966,1.41663010565733,0.4093045683525977,129.20679502540804,12802656146.282608,0.0012548442991376
2.1914787871982946,0.0719504351506099,2.3699617044732944,0.019071084487877,2.9958140296930997,4.696846785405025,0.761842474144582,115.02132610262902,13014377085.540195,0.0
1.1010154258212488,0.0668456860672675,4.13754983836226,0.0209302330050925,4.95095631443546,4.89529527221308,0.6298957555438058,86.19595321176803,18006409114.48059,0.0007210444485474
3.321567434916713,0.051816950686413,4.82841116796932,0.020264275477565,4.917584606006415,4.679067602421239,0.6725313133803565,100.23874679794686,17093913269.7501,0.0006279511783386
1.6857520940446855,0.0161003767937012,3.332434597325763,0.0064343947357752,2.276855508357055,4.197873445662159,0.1549060209662655,82.10532265663508,13237753870.722277,0.0
2.3695422855214967,0.0998012008073602,5.783566343352298,0.0984527344074029,4.863407064674584,5.4718326239211255,0.4485866570085263,67.03114963579979,18836157346.86389,0.0010387038328011
1.2149974906397754,0.0264874146511298,3.1189272393768923,0.0210224723641073,8.125273720617935,3.5659003961208047,0.6541059830905436,94.4328131742723,16014312648.100851,0.0012631440792985
3.604188922488964,0.0982041760264401,5.193821894643813,0.0031336876756036,2.5045091474320924,6.417311703291795,0.8490878147587476,122.2351162731333,19849417794.29434,0.0
2.135493973397029,0.0998018499241163,5.781424656186798,0.0984539654156696,4.8636602301811465,5.475722887628193,0.4487082090731975,67.02576603023574,18836574424.08021,0.0006083689034097
1.602895520806759,0.0477007463167316,2.0098495772957645,0.0092431099520734,6.949736513246604,3.630184880010873,0.5211640787636873,124.16700700194431,14283121980.047531,0.0
3.9785766473799513,0.0939642379501911,4.463071137059744,0.0050344535876961,2.4101940811672637,7.898182694812847,0.5562516392093825,109.80951241154034,18677981261.077152,0.0
4.714019774664647,0.0854076293266294,1.6502788635295849,0.0252965010811196,2.171862990931462,4.37788571519504,0.1469741914141624,88.35241874901904,16562564123.80745,0.0005202639270335
2.355395415469319,0.0429100611135895,5.711867984437133,0.0174946217697862,2.5058148427785465,5.323646055110974,0.6968851389619616,122.37329193663996,18355013612.62764,0.0
3.910586741527119,0.0481119325560723,3.8445777807673327,0.042280107305005,6.480922686403254,7.252315641957504,0.6241524314659108,100.9583831719246,12558825725.651302,0.0008536698865413
3.083473883639906,0.0991447396554588,0.5226677288126601,0.0262699537821115,0.3051991695481983,1.362523165004065,0.6458331320567698,123.2942594030265,9186331396.66975,0.0006990887208511
4.755936717281615,0.0695191309651003,8.988098704005084,0.0136893933179749,0.5234002402339776,17.46442524069468,0.2784792453683466,76.70737757831495,12499981252.834345,0.0
1.1379279993783693,0.0195820740530729,2.7132084402130947,0.0155714703340965,6.7402113119737415,2.0524259065451687,0.6255206726949557,83.46835549557498,19960109452.39619,0.0
0.1514687212077108,0.0261673007269633,2.8147584156806587,0.0071629312251829,6.248881982385611,2.0656237068829606,0.6973920601052765,72.49815999340854,13139077328.70453,0.0
4.589320299029491,0.0659388038479753,4.687935369811084,0.0299187039988617,2.025741598631049,2.510358014720457,0.648453369331866,126.98593192217082,16811125708.558111,0.0008555701217595
4.989697188043283,0.0687993221394742,5.096519541725945,0.0782133574906536,0.6103321870196717,3.4550045260312,0.6730377838980061,80.81145612753451,12237354200.79334,0.0011121605478175
1.5891827279008968,0.0587683789530549,5.249423225324669,0.0124861259056914,7.234047787510168,5.482534597488387,0.7890140264125087,112.47771670362022,18365798083.15036,0.0
1.8693215701833377,0.04707308661321,7.747708236984337,0.0023797202662997,2.623386712290229,6.120676191515135,0.3944857825948953,80.57941092210905,9574890194.971617,0.0
1.9936477579778424,0.0704955104206555,6.532060292994011,0.0197497898060953,4.82876490912992,5.776631195173708,0.7147701737177448,105.32599572680218,15714258278.030792,0.0006151821921277
3.665685250626855,0.0249994108318779,6.566555373463687,0.0443864195412314,8.018095351256529,18.686685165961887,0.3432004517625466,75.04621787736927,18266604542.908146,0.0011883115873449
4.195216309370816,0.0179758440238636,1.492878912561198,0.0496491181070465,7.647282865741594,2.1026424346797654,0.3808582973417733,64.3885715328399,12676072703.06545,0.0005952376207276
4.690365660861902,0.0925848158159962,0.811173587337953,0.0761170456784837,2.1943320601847445,9.568701909355283,0.3606485144222907,111.80026593692072,16624539538.499563,0.0009713059208442
1.880091935729868,0.0637531138801907,6.19468356205253,0.0103268148899082,5.333250757806771,5.287502395287583,0.8091831284529303,102.12432795713306,12341519323.020306,0.0
4.107837586166283,0.0939408650607416,3.1989687693579034,0.0258643698694825,2.603000718890974,10.082500972943189,0.4040694014354103,101.3747611234224,16816610886.152328,0.0006555577573091
0.5289543069518817,0.0412552655754788,2.435780017239519,0.0066866249328633,8.12891201063721,3.3468343653638715,0.5038600221201538,124.55437736131054,13178202170.567944,0.0
3.938569768407693,0.0150634359022649,6.37909835827271,0.0912999893179791,8.552255631659284,8.107873975761617,0.8014868787733911,61.54139792349746,10972365428.663069,0.0012533336782572
2.6769362243399226,0.0901622589606826,3.815515727499923,0.0023187106582449,6.759488543600411,4.4083940522295935,0.6816469537166414,121.99906164735977,15338528883.854055,0.0
3.005696147389904,0.0901393447174005,1.8919606993027405,0.0216868638436412,0.5349575898172128,6.131148284680538,0.6384599782102238,101.97399126181138,13638849020.102734,0.0009370034995695
4.457675918722668,0.0657107758383819,3.20874175983977,0.0480670093058007,4.999137896034467,3.0440484028876487,0.7589221427784645,129.67903263979144,12853753972.339567,0.0012347948066622
3.148412823035,0.0400360692727124,4.803330521452066,0.0369646312171697,9.045321785140631,13.048952078195192,0.2906646701287891,65.14806635385821,15541426086.233822,0.0007537016161855
3.250506859715978,0.0736209137924942,3.4657299741199576,0.0108145007261036,4.208630179431835,4.943103175146367,0.5812549311398827,115.61929962939006,16107084808.588615,0.0
2.8463502407570003,0.0896239663954658,0.3772187090120089,0.0288012698408081,1.7572113418498794,2.946900857598432,0.6814905954948158,96.63648223295748,15029294032.119184,0.0007896727699521
2.4707833871796345,0.0246745445444548,5.947250448420522,0.0201304341355679,3.868597289945933,7.193025900328173,0.7540267846095219,80.47094584573144,16536933488.720234,0.000749057840937
3.086464765703662,0.0991058414920931,0.5214348478666889,0.0262298288042386,0.307782590889383,1.352677845008213,0.6460778848495454,123.2995859063953,9192231176.634275,0.0006990222240655
1.804398837209184,0.0573781914408075,6.588957867436213,0.0319553480070274,1.14048038875312,3.4047453849368368,0.212782406149138,97.10152332235732,12273441029.76542,0.0009117342688078
2.036817467549303,0.0732499523271556,6.49083044795979,0.0219535707692025,5.180669833834565,5.342511766369137,0.6982788217496302,106.42587803686509,15227536931.841429,0.0006321314711717
1.566057380627196,0.0646118154113065,7.013887558563624,0.0021599025574193,3.99102628459972,5.533816832757273,0.563090605499805,99.24987299722336,10450574974.900171,0.0
2.200916655275696,0.0466854797493651,4.553964116550185,0.0513789592106999,8.046505232391718,4.943821062294789,0.8056957004748758,71.15203799025616,11853007618.888288,0.001056435562136
3.380962430781005,0.0372573180796218,3.745016818700084,0.0238004283184761,6.601954138521281,4.943327502187294,0.6436087661114287,102.94036186292288,15854240295.476105,0.0014478033546575
3.474024653428609,0.0940345541556758,8.942392704988421,0.0145434534546614,0.7673863099765369,5.590839839782978,0.4957338321918084,109.84681692392246,19951245972.75049,0.0
2.9433469670636736,0.038288013210758,2.5807727278146992,0.004544669087585,5.114544069013565,6.494517671842927,0.5992853418973377,102.28178449377909,16917678259.797558,0.0
2.141476697436062,0.0988461100633912,5.558506369116429,0.0988110076955693,4.812226248621577,5.53246529123597,0.4437921834113524,66.4546217902309,18838846585.92096,0.0006022026575115
3.5075573385513983,0.0443911030024364,3.825057423313919,0.0499103896113795,2.0948108252098376,3.330126744046812,0.7289965453318399,84.64797317823155,17195430863.71279,0.0009431108822473
3.1832427807908146,0.0979690626361891,6.015741363028275,0.05189410792107,2.688175334115071,7.157140118860823,0.3738389159764929,110.4938646829658,11689734429.979765,0.0005883915113758
1.602895520806759,0.0477007463167316,2.0098495772957645,0.0092431099520734,6.949736513246604,3.630184880010873,0.5211640787636873,124.16700700194431,14283121980.047531,0.0
4.989697188043283,0.0687993221394742,5.096519541725945,0.0782133574906536,0.6103321870196717,3.4550045260312,0.6730377838980061,80.81145612753451,12237354200.79334,0.0011121605478175
2.069992148463741,0.0836992526708413,7.704928730621403,0.0080025127237009,3.7702794285095695,4.338135304064677,0.6447680362163138,103.51675402948952,14209057045.014397,0.0
1.187139158663017,0.0356534763114922,2.279554850351336,0.0145412553991826,3.5477330706871038,4.924821701053529,0.6183547643279461,119.54351772949994,18445142076.90044,0.0
1.708908169027655,0.0883986627058534,3.254156338080968,0.0054440667566315,7.565495500428561,5.836691196253316,0.8263361393528801,125.71528618351846,12594830702.205496,0.0
1.081125659602704,0.0831297238825346,6.312182117643824,0.004226723969978,4.072121490580266,4.7632976260180016,0.8118544492787491,103.68303187463678,14820919631.22272,0.0
3.5487930121121414,0.0973608771419962,5.074648326718388,0.0035843204831269,2.387378436928744,6.093154832191681,0.8405594620700143,121.32774754157556,19968604126.1185,0.0
3.4635429731625225,0.0700663496204583,6.536123629902463,0.0653526380759132,2.3008237335303776,3.778907550302237,0.5762482489808405,88.82425469137316,15280551450.628183,0.0011342216968494
0.6947267818608526,0.0113796586982964,6.162138790134584,0.0298485399786581,9.69835226695318,1.116462172415396,0.6689311283572063,107.33836226584296,17771153512.397682,0.0012046548745202
3.122395649864475,0.09111212595332,2.045039316458196,0.0606089027784351,5.4524153871523735,4.762608308003469,0.1595212649143579,75.28598906687209,15519425014.024378,0.0006706279534693
3.0076709609189622,0.0454205126255003,4.013930892195465,0.026848187230614,2.4671114147753146,2.337079628611776,0.4369105399774598,98.11923342681096,15114577379.738577,0.0008782276387948
0.3328344337393293,0.0212367147063895,3.677245918009228,0.0027842501285177,9.446929665487808,5.5103622654406905,0.5315184580027204,122.72564988320906,18582124678.49533,0.0
3.2411174541597187,0.0736155638193973,1.0165654262447608,0.0271387590690593,1.872149959344873,5.645447585408183,0.7567748870182586,105.9382022812394,15407112006.569834,0.0010296651956902
3.9664139602375306,0.0529909263543895,0.558514975867301,0.094316767379758,9.171289436625743,9.017243392514322,0.0411924400966575,129.21982148613458,9951206248.130615,0.0010532057623484
1.4591013985506804,0.0436014010471154,3.3528591339374434,0.0273211371672214,5.789895907437848,2.949066595922908,0.6932407463333915,93.77220444624687,14486779623.449673,0.000942033229471
1.2398310738161769,0.0256813527940565,3.070417477577476,0.0142951593202452,9.532740162892669,4.834418114754261,0.3678918121325459,120.04039233042536,18922360972.70045,0.0
0.9029921351114234,0.0949257738214071,7.363519104943755,0.0198057139684526,6.565324699341333,3.813588980925785,0.1242598959349178,105.45100394078554,12030767794.703089,0.0007076243920032
2.074797722391639,0.0276766976403981,3.2023510421651933,0.0116120169579727,1.3144996173807313,2.5850708232764656,0.5065470344074501,71.19684781637686,13472140460.717028,0.0
1.3139247485801744,0.0749195843293116,1.3965628015463312,0.0184705790563257,4.640943963332972,6.66231516813673,0.6536864169457147,113.30854883898166,13739806715.3037,0.0
0.9870269873531132,0.0670978168538904,5.234639417826193,0.0024891422654233,9.920517524483698,4.851724914191707,0.8242037238834181,118.84780627028738,17223425590.275986,0.0
2.7003223357968853,0.086732009923357,3.367111879798542,0.0148210507807128,5.54988017876558,2.8166476603946347,0.4585502131033419,99.96820807285744,17993404288.110123,0.0
3.2612291654296484,0.0839077170599793,1.4651770401117028,0.0031545259938963,2.033873918457366,10.429465119745872,0.832701000513227,104.620245918128,15983587275.231192,0.0
1.5044275043771236,0.0139549563090992,8.582557753159922,0.0403680875231365,3.203385789707983,4.05080979293145,0.7873771355790589,106.98666827901393,19688358073.25065,0.0012076137711689
3.453713953001765,0.0939814483058221,1.0416228739609534,0.0218223235066679,4.7611507845346415,1.7983713097693372,0.8078870005796418,115.9420301484116,10532230329.420752,0.0006722797008531
3.366123415896705,0.084067101348006,6.067460901558812,0.0069066778589051,0.7419710409353385,3.933395533918956,0.5349065428205643,96.5705360142486,13817503711.585217,0.0
1.236198683225722,0.0282171430173145,3.0806891104682896,0.0216400210593655,8.328450068183932,3.610179531633012,0.6472270062180856,95.13184487656552,16039298940.73882,0.0012718882138991
2.47843194589771,0.0851113517048404,3.456823990103516,0.0342682493311642,3.4658368070351364,5.410727926723128,0.8360725776312788,122.81168482205516,12810168920.882214,0.0011050858523279
0.4618246116062167,0.0748942876363918,5.388465350596244,0.0063702834135669,5.1744903984084365,4.648656468929971,0.4409808035025632,105.5366168309226,13881006274.360512,0.0
2.9329189466163625,0.0810329237387584,5.018235122038806,0.027725848544587,2.089080531806464,5.225074427229823,0.6871710165605152,114.41002795309832,11860062224.436195,0.0005719447553477
0.7313100512962553,0.0565909925526973,4.385810775606934,0.008563957345448,8.10149722143755,3.916316964047764,0.5186902277077243,112.96495739218004,13519894493.18246,0.0
1.4895611728628642,0.049903665155861,0.4008197669133401,0.0252672532954773,5.115401349386643,1.101499400910573,0.5191365172438309,111.8516225647007,9046199069.871777,0.000978015441898
4.986673375265965,0.0683113294093178,5.228964068522205,0.0799752426299372,0.5803529923254906,3.25961633560825,0.6708407119235865,80.85371877724515,12295658581.174192,0.001114766116719
3.8485908788892553,0.0659486310350238,9.29308479433007,0.0514164900303652,0.67905718304435,2.70593361141834,0.5667467763748834,116.50582729484093,13605195714.338726,0.0010373597734895
2.92993953973932,0.0730960661327014,2.900123840817338,0.0086714279378487,5.397972781884241,4.415377747151,0.5973894400101264,115.64295864944378,15399579452.104408,0.0
4.185216939501973,0.0725537113852087,2.061643191406923,0.0124876368208398,2.396180733843029,7.505019375551752,0.8284711839568526,113.5808784404458,14067894440.423073,0.0
1.2796461075699357,0.0260430602185588,6.197790522272608,0.0379191505419998,1.9256069943928675,3.899956720207904,0.442426616555725,91.91430244863216,15350836405.982103,0.0005809155614311
2.0846549418747795,0.0842096178967602,7.712568345798926,0.0083197823049236,3.843421940533288,4.4874910132443855,0.6357508398392453,103.08525520874475,14337131181.66554,0.0
2.1984030096169875,0.0530649063069154,3.443124457147328,0.0130229452922835,7.386880822341969,1.594965574086153,0.2777941255010984,81.05111930232466,19281840095.14397,0.0
0.9798709098306512,0.0172516446898316,2.702270029035902,0.0110269556391422,5.619304939745351,7.717424679240436,0.729864219400573,116.4748036840702,17998075272.017605,0.0
1.1423492957286392,0.0427290637203167,5.520772399312125,0.0195017304937982,4.307495068308263,6.665836241420215,0.785660578198752,103.3437731858644,10311988742.702154,0.0008391086340997
3.3795500933360816,0.0375956435865366,3.096968611239398,0.0039227771761023,6.852251972203526,3.602379939259137,0.6670798506846374,109.33380482148075,18145599751.64153,0.0
1.155164256660616,0.0134132937120667,4.793525221417059,0.0114515896800757,7.554220976556005,1.5745816054022157,0.5210415439973918,129.37736866213072,17618234689.540154,0.0
0.1370365073598453,0.0443496163021617,4.219327932079293,0.0017475870031358,6.935472730345632,6.0649433522827865,0.6355222831868076,114.51786089798983,18496292347.638702,0.0
0.6422650578390895,0.0106243366743254,3.6962207965676135,0.0045663106581182,9.707284717956876,2.0630595092691717,0.5959863594658118,129.89473207519612,17393244944.588894,0.0
4.127118824794726,0.0659484724414127,0.2676895331902504,0.0623855842527986,1.5227726293596775,5.552906041910588,0.8044385256929387,112.1783300324079,17540253546.3895,0.0013830954953666
4.267904061253064,0.0847079943459504,6.2654382165180165,0.0188054743093176,4.746102040012574,4.026730250951651,0.6108655618065374,117.3384353271521,18415073557.544075,0.0005006699927435
4.653241721870635,0.0816694982865647,5.889594141818344,0.0032940706036368,2.0161698132362944,10.548778932796536,0.6015412061495409,126.0817796898902,17906707410.650005,0.0
0.595495354484305,0.0816072211072718,5.998341974108049,0.0204177187961204,3.1141422820690705,1.6575392072329294,0.6692988113158237,107.38382426151624,13908152249.03337,0.000811006444423
1.959816065181457,0.0207269286147342,7.59002327043715,0.0100571570435633,5.593304498490093,7.325056779124587,0.7216389848813923,65.58348518765025,14756405591.007278,0.0
3.994110264383288,0.0935549335653387,4.205351708240233,0.0489551497276336,8.783995574204356,10.893500311531108,0.6315885175233377,122.58805662513112,16510370058.25946,0.0008108771353025
0.1784350575539987,0.0240514169050534,1.848837674476704,0.0041518442003332,1.2494018400058156,1.9525428728987908,0.713370037676123,72.80832499537539,13002480129.040316,0.0
0.4668418950403923,0.0222926786366423,2.3847176169094597,0.0330275047424822,8.229854022147011,3.58742459331546,0.8107050265292584,99.9368569500634,13779152743.935896,0.0009035314165919
2.572904273248405,0.0396466331874267,5.319428787848911,0.0031565547295006,8.03067638411442,4.725674048534838,0.5235093459931431,120.59792158816224,15960674470.554012,0.0
3.4216231212003856,0.0440399932043685,9.738384772270129,0.0426098401909598,9.358462376999912,15.369313428592662,0.7191478627633473,95.314465218288,18184968438.74437,0.0010624344026523
4.950573379227642,0.0724156504979213,8.169498205994142,0.0150841383561394,2.3259054518511952,2.713686167693827,0.8145630006495779,121.85065408447306,9154353110.324322,0.0
4.4687868964839055,0.0320997056872088,2.7574107077878582,0.0492871052235622,9.062170952723386,14.942900939341474,0.3838201889880939,71.55007512174092,15119542399.013657,0.0010800084256914
0.5530274027460415,0.0265506684827816,3.840249351222559,0.0193961700449455,7.139267426047608,2.976946485301248,0.5807809533080003,95.93018228074416,18285513865.22521,0.0014732535680458
3.5702259543314354,0.0538435457790027,2.1640284781969203,0.0139365697841992,4.571905863780166,2.923981860402237,0.7723209143553355,110.42330126856064,12925688087.054676,0.0
3.229638342734148,0.0788953873336356,4.000677464355599,0.034120542398471,2.2433652771677943,6.452175117284847,0.7861933254386294,124.63981140485168,13013083563.760206,0.0008945702455284
3.0167444575629263,0.0576710485449516,4.209659870262524,0.0265405690707835,4.996431168529718,4.5091191885050295,0.556409589993456,96.99910143831066,16534850799.69768,0.0007068509569593
1.1379279993783693,0.0195820740530729,2.7132084402130947,0.0155714703340965,6.7402113119737415,2.0524259065451687,0.6255206726949557,83.46835549557498,19960109452.39619,0.0
3.0779778833683533,0.0753528219255267,5.00129630354308,0.0231751354887097,2.4350226926343144,4.850081681912008,0.6895027267383034,115.17294896107742,12691293501.02076,0.0005809291221078
0.9029921351114234,0.0949257738214071,7.363519104943755,0.0198057139684526,6.565324699341333,3.813588980925785,0.1242598959349178,105.45100394078554,12030767794.703089,0.0007076243920032
2.7845201728551663,0.0610264286657487,4.420815171672516,0.0307879347460768,4.038312174543874,2.3760841029080058,0.4959644575708935,79.59004435109581,15461808812.88077,0.0008894977991513
0.2054856481381071,0.0728874963209875,4.145819134780619,0.0148840063676488,5.943153428051711,2.7401098764012546,0.3558012148524607,101.88688949391025,14068163286.87639,0.0
2.510019739734785,0.0592044178024992,1.4026876330775848,0.0190325871252092,4.367987579581266,6.1788971246364754,0.324063247934119,103.30185652780092,11219408962.06774,0.0005335386994696
3.152176460262909,0.0648896467641649,8.512523083012578,0.0736609467511792,7.733524561933876,1.7478649000120967,0.5610202063260452,65.13863126467396,14422238653.3418,0.0011720858813382
4.241926947464571,0.0822851089731683,4.364162807411812,0.0154773078175411,1.04658241691029,3.784254645932821,0.800497340467896,89.19442681798714,9327724208.899174,0.0
3.018461483517259,0.0580139186101919,4.235240078272702,0.0264854733598166,5.003074612794334,4.409029827297471,0.5532721302532521,96.7699586432066,16506746272.632635,0.0007069946350885
1.4222455700087433,0.0907738003282827,0.3698664847979459,0.023835499919899,0.4870743757167295,3.0754455130910694,0.5694200309139713,128.61250063771027,9613136773.754747,0.0007274439303765
1.3279318998640597,0.0251901056635823,3.121171848115312,0.0165005185789703,9.470191193465483,5.673915911451523,0.3563728450614334,122.05278343846794,18817525253.487274,0.0
4.031313782421162,0.0698139323599431,7.154269123289407,0.007149820789516,4.45055536375129,18.106398546737363,0.6635627116365442,71.4649673648957,9710339244.14364,0.0
2.4624839893312997,0.0693437000800514,6.030207866113525,0.0080891886097884,5.597002259440378,10.785230907947843,0.5142705156438101,129.69469946963437,18615215847.75857,0.0
2.8531332567600574,0.0516154403102511,3.9678695941143736,0.0050687789502969,8.79422686582631,4.075137203902113,0.1292616953651154,110.051013179435,16473850652.704288,0.0
2.0300090991699835,0.0521699364519934,5.68767544719333,0.0054665923515051,5.801083425968662,7.319801268366159,0.6623600889442925,128.70785442888354,18552301091.888817,0.0
4.395697921297852,0.0559184440125333,9.39884172623916,0.055159641752371,5.536482835720188,1.2555373218193489,0.8242989577867739,127.18104042967128,16439484700.262531,0.0012815260803868
2.069992148463741,0.0836992526708413,7.704928730621403,0.0080025127237009,3.7702794285095695,4.338135304064677,0.6447680362163138,103.51675402948952,14209057045.014397,0.0
3.567975779465216,0.0981820238363095,5.389661381761448,0.002439959121107,2.773104772629329,6.495596506797472,0.8416458006868834,123.08310940427208,19950578720.63551,0.0
1.040303228341613,0.0671486789607432,5.366500265600301,0.0020152867380261,9.90620042445974,4.754123364101516,0.8188474574034929,119.58189450744553,16832895989.754322,0.0
2.00152798082904,0.0605443572435165,6.210280196300318,0.013612768228524,8.092324268143408,4.695278676251672,0.5559346178972947,114.20423691626776,15636372465.629131,0.0
2.9349745556308258,0.0805575534523479,4.906463569714844,0.025842207681152,2.093643859498852,5.506012606458126,0.6882780025718422,116.2346709970504,11491739001.208387,0.0005877526151035
2.107864111052931,0.0835461714009963,2.7717894722170477,0.0075428614030435,1.6021039789734886,4.673991171160309,0.7366523338863604,116.4365197295512,16923968498.688486,0.0
1.3973285008246432,0.0287321272300942,0.9886142200276536,0.0071520175175444,3.943938863612672,7.989753054136388,0.8263270993615481,115.6520812168117,19238317159.892178,0.0
1.8782434938341324,0.0621000712718993,3.203025955081034,0.0064723146727273,2.26670340057708,1.3986091750033012,0.2860425438689418,81.41213409428245,13220614095.35629,0.0
2.4951083228917024,0.0231675157813722,2.75156991884636,0.0243409626711265,3.3154926500890745,4.520691409503745,0.828638967407558,114.51273361653722,14120554973.289013,0.0012989167172136
2.7919195877873126,0.0714941743125095,6.991817853434579,0.0491003593732048,0.2461703362153744,1.799794041016213,0.7801273226543888,83.06477372186046,18041094356.62838,0.0012674452163092
1.8901674776844344,0.0890488630104161,7.868064839156797,0.0243975713773508,5.977231086681605,9.411383838188325,0.2348040383783882,98.55356144769048,19351953478.59608,0.0006011979112568
1.4022064710023905,0.0250685124967379,4.276523207017821,0.0101674509261524,7.089575612813168,5.000415978101919,0.8341962808802155,120.4326844098315,13845203600.142435,0.0
3.1459362305527856,0.0812436611887405,5.199764129150458,0.0071742935570487,5.065625762709645,8.263425984420264,0.7994912277968397,118.06651895309152,18210263766.16551,0.0
0.6950273620487841,0.0568144279432812,4.4565852555846215,0.0083243858754239,8.216768694259834,4.03024032703284,0.5210557915794074,114.45704212185964,13497148245.807407,0.0
2.5871334982223515,0.0576796967744495,1.5935127348618212,0.0214379009968147,0.4781588417619481,3.069843263013375,0.7965826229035881,86.31583130820306,15906104366.041231,0.0006356827635811
3.2022910313955486,0.0872174733483197,4.220769226053571,0.0022292096245057,2.928095960988249,8.88015629527205,0.2479886571578652,108.69465492867458,11701672348.708614,0.0
0.7563298494407719,0.0187704011504927,2.708767040391381,0.0044161760274881,7.405973293971484,1.6733518086199848,0.6334990440504398,124.5653119590025,17161965755.87513,0.0
1.4431717788839091,0.0275447081117884,0.891096431367537,0.0087474463019557,3.874806013998468,7.917436149336886,0.8213160382190775,115.35474025109836,19415218880.45212,0.0
0.333367955536492,0.0415955431212178,2.502201957932061,0.020407349085384,3.339661721024899,2.4447906009253586,0.8280592810039538,94.50591185934915,13569738421.80288,0.0011164329668148
1.1326121820765276,0.0463312511202159,4.364407488545686,0.0045995226740555,5.439395261412994,3.6260490062927406,0.7643054392585579,113.72066821026364,15002541004.305428,0.0
3.310587638752363,0.0500315736712158,3.474776604906844,0.0017038505005514,3.9440065441682,6.6114760877129735,0.4143777755748818,115.90961653902072,14761631382.62014,0.0
0.6694895350820474,0.0118338335458801,2.866042478164186,0.0037839592473996,9.87867424853127,1.1337951468751015,0.6039106388593668,117.89554021354444,18434700675.992493,0.0
3.0315177885188027,0.0577491336594724,1.1820881537076422,0.016094824047834,5.300616953818279,6.0839234222584375,0.7963080080526004,104.94820384818756,13288341519.576605,0.0
3.718018539918851,0.021452980216944,5.252216065556141,0.0298885707383791,2.801852475831536,5.382506155086044,0.821675935568571,82.10446789295757,16665027481.988651,0.0005732924286321
0.9618340028983102,0.0867228826535741,5.251604314632379,0.0367924028460863,9.782164519578693,4.909925418770353,0.6785381194495119,125.31557874361854,16422096337.112864,0.0005855503116534
0.9870269873531132,0.0670978168538904,5.234639417826193,0.0024891422654233,9.920517524483698,4.851724914191707,0.8242037238834181,118.84780627028738,17223425590.275986,0.0
3.81526125447592,0.0442700383246592,9.517475631149749,0.047036590130534,1.6094603927773588,12.677565176135758,0.6685380338470971,101.75332864755946,19633900531.910164,0.0013319190186576
3.124180412875653,0.0610436478590905,1.2034637127888457,0.0224728595564915,4.2965343894854,1.4493277676456298,0.6574849835077756,123.35466497157068,9218891114.794989,0.0010483017495123
1.3511218150946596,0.0115507403182858,3.069878699493606,0.0041994843096158,8.61693785380757,1.2056865723135215,0.6284635956948712,106.38577327058648,19734080761.81443,0.0
1.3658667739340773,0.0109640505556764,3.2766761850220454,0.0022209622868667,8.468537296020168,1.2995493307764003,0.6280165430547766,107.33281636603728,19585049358.465466,0.0
3.863664717752467,0.0924256230923529,3.7445279411812633,0.010152130565799,3.2941815193730903,7.206023641626731,0.5844870865570783,127.28290148235747,18920867011.07899,0.0
3.487959627027052,0.056952720179484,4.942418774941555,0.0060564574919594,9.203589228841729,3.474788931375905,0.4363109465932158,118.57464231117582,12839148455.66995,0.0
1.6930227688072332,0.0516925636238898,1.1804541441038314,0.0066417240528519,3.7946623414387615,9.006128901929305,0.4208518299467196,120.08028010689463,12806626126.813583,0.0
4.478959981056403,0.0861953173922751,1.1747678094755545,0.0456484822840882,7.065732696063078,2.6921117071201266,0.6074269856692437,122.54223286833404,9882431111.15615,0.0012944031446605
2.4476931345569284,0.0397147926328195,4.681844042044403,0.0452525971178095,7.176880716677697,7.685377414323755,0.45694625448346,71.34753163559046,18028993163.61591,0.0009790447609687
3.4191888164919657,0.0989544890028252,5.090993126782986,0.0246866003842498,1.665326686199046,4.121914986162459,0.7047600679585704,111.06267874839818,13335992191.391544,0.0006617719299252
0.707813997180885,0.0803703726692735,6.030673820605524,0.0144974228965,4.834463102146283,2.880805899708726,0.4232419399147596,103.64058145180704,16321405325.086658,0.0
3.2026061048864447,0.0490981229565603,5.937973448970242,0.0178686519328538,0.9155540800141204,3.226505582046449,0.0242422986116217,90.17883945900068,16970283188.405994,0.0
3.434148024935877,0.0966445714761589,4.990523063674307,0.0261681037183499,1.5456621612908883,4.627319815145862,0.7420180275614287,111.1772295281307,13152550976.743502,0.0006399198683596
2.0509743492006227,0.0696825437497182,6.473045155957588,0.0221912230267212,4.893920849366511,5.701500569219842,0.7015652300723724,106.63857255434309,15297858548.493538,0.0006258825209368
3.982659870693966,0.0924547482181237,5.091159667673192,0.005529388761308,4.0967807834713135,11.129121919966316,0.6365510185344166,125.17263537101412,19191478052.304813,0.0
2.6106540425590605,0.0551503182184745,1.2671564332327163,0.0195910714225023,5.728195620502966,4.965400818744699,0.6905161260125137,105.86816816572724,13139127182.007343,0.0009800114257506
4.786295544490065,0.0757131691955286,2.3156684061325894,0.020558472709944,1.47095817452121,6.760781260827316,0.6974286887931214,102.6876405957176,9909700746.201176,0.000631670873253
1.6443873703543448,0.0340120135174192,1.4434409069837135,0.0045862168279559,4.909311646089268,3.711169289981552,0.6181812728604313,118.50207278932936,18400869949.81466,0.0
2.3792849128562823,0.0507116886912291,9.724358950646922,0.0153758044084109,9.144267907096634,8.583321567103994,0.4841825769939638,122.02032597181686,10984920681.376204,0.0
2.3728689296904024,0.0803013033859012,6.581768967630503,0.0317451377472478,2.390990112502793,2.4644213990286032,0.725519802017169,98.0519154102259,16118112191.857336,0.001031210151887
4.678252861873424,0.0844639195804922,0.464247180270372,0.0855981272637297,8.232039866014404,13.41060559872141,0.2060045299534542,107.28981641814988,12242529327.6967,0.0011774553226029
2.2840317591817745,0.0594364092896601,1.8532987723168504,0.0195177111706281,4.368766624087294,5.950757242016982,0.3488490293623263,104.21895963581174,11392412621.57582,0.000520598271257
4.945223782274016,0.0952647059774266,4.414682780077013,0.0040884441532488,2.121934986367019,8.133155276347392,0.8369432353630939,119.2610870322756,18985349710.82112,0.0
3.380962430781005,0.0372573180796218,3.745016818700084,0.0238004283184761,6.601954138521281,4.943327502187294,0.6436087661114287,102.94036186292288,15854240295.476105,0.0014478033546575
0.8860850894789987,0.0188825994680384,2.0555088948331144,0.0429605602557352,9.438862911290192,6.3243675891165925,0.5722138855376946,70.90786021398695,9182219796.759323,0.0009572066939235
2.076304045731248,0.0377690687957938,7.494731152190774,0.0686955322123129,3.190131303933351,3.3435932618308235,0.221437117940956,96.69314139244388,18787231656.356888,0.0010032313035673
3.012041751429217,0.0452834342420405,3.9808102977927455,0.0273102759607851,2.473983233812704,2.3140250520278194,0.4395226013173017,98.0605499055919,15100092475.557806,0.0008788067171975
1.5764733530322066,0.020762708539515,2.50063487544433,0.0044316938367496,6.8976665405106194,3.715550352660827,0.5283753377521097,124.19149119604792,19018869105.408543,0.0
0.4805524080610972,0.0241708093860201,7.109262842919513,0.0027309994937834,8.987918301408696,5.311393877478427,0.6614291385688233,104.10606648810928,16696645007.31107,0.0
1.269992688037069,0.0586094986131999,0.1237280904791035,0.0085094468546306,5.179053676995429,3.439271261489336,0.7413153925458303,100.04258385032746,17429404388.65441,0.0012418210050047
1.794023433311634,0.0296540357848045,4.760287290008993,0.0418490480167101,4.0499991905503405,6.016212450499214,0.5875498102544913,80.58150835086965,16258777681.8701,0.0006087540714593
3.08828535220575,0.0698782825663197,2.7324308159795145,0.0616251810182163,1.5867898665246558,1.1795942406972344,0.6376464634688966,91.42631958421454,17076944114.414003,0.001337413439768
0.1784350575539987,0.0240514169050534,1.848837674476704,0.0041518442003332,1.2494018400058156,1.9525428728987908,0.713370037676123,72.80832499537539,13002480129.040316,0.0
0.2187425982705144,0.0201705394438917,0.5340102905782218,0.0260095582542291,9.604497239277883,1.4003101990393156,0.4097269984541046,114.42545164837722,10862770545.807346,0.0014571740949794
1.3903520758569925,0.058572042670171,4.268838801530632,0.0196982707155141,1.072095631484253,2.3822079571561687,0.7402192339645206,100.48110129848529,12035543459.845928,0.0007537758662407
4.02287964368964,0.0673707948739754,2.0810696141240155,0.074325506410444,1.175069853498853,4.213019203486899,0.5914384820033886,89.72333529114134,12130422308.59348,0.0005102701531777
1.3343264311219711,0.0283635734662809,2.099230843965845,0.0293839222492481,8.48702761791937,4.35414780379716,0.7787045298284911,99.85090554976782,14472219343.848352,0.0011937733785726
2.274267388318107,0.0633617777345522,0.9520879205406568,0.0077584772659581,2.501294126361293,3.9039675838086607,0.7203123704258126,117.1134145864658,16942254481.686964,0.0
0.7132926459279734,0.0252378419521589,3.27214667420552,0.0107867615521074,5.2197239431168345,2.321495734584877,0.5062014713913858,73.09573074126615,13663263767.078909,0.0
1.6119848157279602,0.0541590546106634,1.1623040202988986,0.0061154244674323,3.6845766045800663,8.943702624045153,0.4371598159305304,120.40979969793722,12686415368.137224,0.0
4.679435154200931,0.0844894740056635,0.477015570817439,0.0855725738782851,8.226278075623828,13.400936398679187,0.2051959169460748,107.45186201817626,12237433841.174513,0.0011789941901563
2.725238550652337,0.0428271784908148,9.713809329260076,0.013651147069189,9.641690907545696,7.072362619854738,0.379504967177695,97.3087779033104,12878490056.90656,0.0
3.960901290441772,0.0525917012095034,0.5939711943463504,0.0762606959693089,6.2875784634497895,11.373752228374393,0.1127159471667252,126.62135947066628,10817854079.185677,0.0010162256443318
1.3511218150946596,0.0115507403182858,3.069878699493606,0.0041994843096158,8.61693785380757,1.2056865723135215,0.6284635956948712,106.38577327058648,19734080761.81443,0.0
1.8038796279778977,0.056334881425577,6.323706016028495,0.0318032201245676,1.2706557160536414,3.230780946858855,0.2278850258664062,96.23095806817,12102638895.1226,0.0009160382701699
2.0208619950631994,0.083531689394087,7.651453652708501,0.0083562964685074,3.956254898586676,4.705136710907096,0.6214389619970073,103.10321523231848,14195881367.13748,0.0
3.899774310979245,0.0449600915541702,1.7091939777841123,0.0386031953152598,6.877792581619386,2.157739633874328,0.5044059013897001,81.11335655740653,16227723086.59244,0.000855292144857
2.0437749984219207,0.0833473411362426,7.657941530687976,0.0080148441373054,3.71478316731219,4.346628887942599,0.6443957741157084,103.59156837934718,14234492527.714788,0.0
1.7610520853137777,0.0558240486294504,0.4036011477745533,0.0612775361996985,7.449072245408326,8.866336001331963,0.186376863566571,111.06780420726156,9452675139.641806,0.0010982898527535
1.4229903552961436,0.0366460727411653,1.5030061220031044,0.0051535951829626,3.700979579344085,4.113874587495672,0.6467049623226104,121.75237122493633,17940618362.646564,0.0
2.108445796794728,0.0842379796937482,2.7168993998244853,0.0087804926669977,1.4137619474084329,4.855085964876153,0.7204299981737392,115.96032606954071,16936330197.336956,0.0
0.2054438800781092,0.0398839288947753,1.900466637832522,0.0215787163320459,4.390634413322171,2.4165703913345253,0.7977830415763167,91.33976230598378,13694353493.629711,0.0011576193167684
4.027681598080089,0.0233867825287423,3.9400741463884743,0.0111154032458557,8.362080698199374,7.9336243435778515,0.7581049867249195,118.33205383453756,18145980626.73933,0.0
2.349180052599136,0.0867730333179579,2.504950793138693,0.0053131005328199,2.004767296853327,11.183946524069873,0.8099101310926923,117.50585519293398,13431075275.6582,0.0
4.34656163626104,0.0619150258738122,4.786927271864382,0.0056997233687202,8.369383200166236,7.768223438205557,0.6995873705929493,110.57595328344736,10934047905.442308,0.0
4.690365660861902,0.0925848158159962,0.811173587337953,0.0761170456784837,2.1943320601847445,9.568701909355283,0.3606485144222907,111.80026593692072,16624539538.499563,0.0009713059208442
2.4582085509080005,0.0987487699824218,1.3950646553368835,0.0567463404540432,1.7240690083007502,13.30034206310674,0.7905805455918145,110.403842662394,14902114734.19958,0.0007570174540416
1.210337487717814,0.0255909169072839,4.280747488884093,0.0075827816511087,7.816940313840141,3.65516884265596,0.8165033640109083,119.3483429744152,17181548524.036423,0.0
3.773434870538293,0.0802506372649099,6.411944134235324,0.0817084833661662,0.6770567793433108,5.228566973211573,0.644113983418113,90.96527743691787,12329622518.01513,0.0010387230341478
0.9077234633807874,0.0839657531031063,6.891623883074569,0.028216884198904,3.840488665621797,1.6943693357562968,0.5506960427505078,120.22659422563812,9942651852.99661,0.0009054549395116
0.6949821837984744,0.0680081538977984,0.7165973351891591,0.0490381631126801,6.747556764627684,3.348310792357294,0.5300803771988327,90.63715561724416,11214368156.829245,0.0011690372617258
3.1713201849652144,0.0683962056799272,0.3186665569610536,0.0068904794115118,0.6128588828145752,9.701082412001266,0.5685216466780356,105.65650455887726,19079111877.981117,0.0
4.417077651512822,0.0935293113928858,1.657309450368698,0.0265726540787007,0.2710156394772361,6.297620308520238,0.1647225380877107,107.55030200636094,18221955637.18558,0.0005051932375006
1.3243328532554746,0.0119051485191205,3.12678038039394,0.0034536393921737,8.720084680328524,1.2310865333138394,0.6153906947540445,106.00306262836769,19833379770.76453,0.0
3.4362216909087966,0.04993911566504,5.647880362285386,0.0250456372251103,2.444296145030729,1.5041878036628755,0.4369955366731623,88.75304583386756,15721540543.963802,0.0007533229725809
2.7482062284528324,0.0674771115536173,0.9441937834807164,0.0161412557236753,0.281828561456424,6.505877291976805,0.5871205215556452,114.39061337321289,15580692738.145777,0.0
1.7828496636108115,0.0607369600830123,5.044331297685191,0.0155584278493311,3.6104754155433465,4.941493788514933,0.4120890269421845,101.4443104022537,9033688243.756037,0.0
3.001769904089072,0.0955771354281549,5.110022870556254,0.0038618845820872,1.5348094946881023,6.437223733155886,0.8078876579354022,122.60705776851978,18329664610.745163,0.0
1.728068663671866,0.0353290244878315,2.8687396742963256,0.0053764067432167,8.15688252537689,3.4766143779272407,0.7603697120482026,112.61548706321344,15506893802.27144,0.0
0.5842763366258944,0.0060136656114214,2.764890621946636,0.0357606096985112,9.586869535624787,5.412174449319025,0.53976447112129,113.59141977585308,18372685480.0804,0.0014715042924896
2.6570712602949493,0.0455365473665644,6.978085950177213,0.0396285461936514,1.2176111780361984,7.657299609767903,0.4511656995656619,103.84299754815297,11260651019.390043,0.0007137899239815
3.389524686896391,0.0538449812193496,6.785018898575754,0.00456071057764,9.58997588887888,5.671674757122234,0.3435540961725615,95.67213555622244,15014230802.096554,0.0
2.074925980655613,0.0492641405533629,6.447660362897021,0.0362623188608465,1.8192907859652965,10.119436872261437,0.3252879593102694,86.73724229557578,11868193342.605312,0.0007268658938119
2.3283056728983804,0.0588581520444319,5.09947043494367,0.0107352397150984,8.354992262028995,8.447448570717885,0.5580554464708386,106.68167348327069,13457422426.836678,0.0
2.4103195012540186,0.0480721510586761,1.252735159520571,0.017745632175991,0.7986477617971655,5.0041730924852805,0.5115336225601923,96.74111273541833,14746813380.403156,0.0
1.481965247109336,0.0365102642056675,3.429589834263906,0.0188054002902227,1.3696672522173288,3.10555327207868,0.8443697669328554,123.3774619160809,19247443877.93022,0.0014155263262142
1.431277107924212,0.0931909844485721,5.2509446186100055,0.0512889817151009,1.9807398500729196,2.573243424226347,0.8045830573324357,126.23070096869222,18958408325.14049,0.0006746292836347
1.176610720303098,0.0966094851918025,9.011814049818566,0.0150995461128082,6.525867417037293,5.302576081194545,0.2391009417359936,128.3722243788686,9414953407.860483,0.0
1.191936116394814,0.0356439074452572,2.273551056208626,0.0143832412603972,3.597987586902604,4.662028109795814,0.622624830109765,119.45426283218842,18502941547.845543,0.0
3.049820793486851,0.0625393820997904,1.5113949170218917,0.0342471802024677,0.596607124744114,4.684560029920472,0.447689703909928,85.15295299104862,17128268193.126356,0.0011269964108132
0.8124873949771776,0.0624045073164287,9.68401531169873,0.0267293056977837,0.3868368708286724,7.023071255415453,0.514274410545056,118.66308619251458,9658190646.642124,0.0005610190420637
2.846345402764152,0.0930376630955465,2.205681060011465,0.0217262759038774,0.4862840953142195,5.417480948522646,0.6183014249951002,102.170823202494,13390487669.768768,0.0009303999035522
1.7854913431703627,0.0641346848027288,3.0131112596023484,0.0071448701522319,6.117599689320803,4.8125165268777605,0.7534958394016672,125.29485154433614,14339355631.93837,0.0
3.012103080897844,0.045939553246612,3.952850405255723,0.027276806038228,2.465225374087917,2.28914673416484,0.4381383436059576,97.68980556329812,15135317569.828478,0.0008788447199988
2.1539688673363533,0.0719580376616626,3.183956124473706,0.0190544267580534,2.0094801539196165,3.7226513863409383,0.3984437809503603,102.30519080178698,11830655129.664566,0.0
3.604188922488964,0.0982041760264401,5.193821894643813,0.0031336876756036,2.5045091474320924,6.417311703291795,0.8490878147587476,122.2351162731333,19849417794.29434,0.0
3.23931108351071,0.0632655154178259,8.088234163540205,0.0289099317717246,1.4273870814121137,4.5711344631907,0.566240631389702,95.31436510432847,10794621173.383526,0.0005801698852076
3.66973884555096,0.0921989619755697,7.91394882610665,0.0187440192413127,4.664682213762428,7.262044199290038,0.7216536481606736,123.54986561322832,14952513827.037807,0.0
3.369529768571656,0.0340596898455639,9.115502803196318,0.0116820817619468,9.292428669124464,6.368308201325413,0.0271209831287049,124.07399696003463,11697308867.050789,0.0
1.7841327274080785,0.0272375922485151,2.078356101896839,0.0036855876498013,5.247198841754301,2.137987980905573,0.5657452098604231,116.54435032825025,18415634450.55707,0.0
1.18597350691349,0.0446692460879305,4.306890338922786,0.0056488772166354,5.483343529659499,3.139081884697929,0.7713102607211213,114.30471979473562,15024192345.83653,0.0
3.098739339122391,0.0800256229027324,1.3984782436246577,0.0038764112943108,1.5452910905405868,11.126714554083676,0.8438954401897703,106.03268393186006,15895754671.114246,0.0
2.0703867419808555,0.0570921595634436,2.5351288106169734,0.0401071336481269,3.439889081796576,3.4852310920909275,0.6470925398881255,115.91336692057833,12627916019.645874,0.0013828303214777
1.8782434938341324,0.0621000712718993,3.203025955081034,0.0064723146727273,2.26670340057708,1.3986091750033012,0.2860425438689418,81.41213409428245,13220614095.35629,0.0
3.54822737160271,0.0979146675666595,5.136867035697987,0.0017998203513858,2.3540375102021827,6.740761207773283,0.8472301105437019,123.11216518811334,19866958923.27967,0.0
4.945223782274016,0.0952647059774266,4.414682780077013,0.0040884441532488,2.121934986367019,8.133155276347392,0.8369432353630939,119.2610870322756,18985349710.82112,0.0
3.646346917386634,0.0873743989403176,1.572920820251975,0.0021090557865705,6.700467116287463,8.37051305784501,0.5390837070803683,105.7491811615152,17259193745.528015,0.0
2.04793880432925,0.0592337838674256,6.596650086597084,0.0093336198939278,7.800051663080044,3.639800507773925,0.0473460351587512,117.88904758716652,13898332632.945488,0.0
4.365649464358631,0.0512621174159067,0.2591644222128749,0.0968261852856344,6.948119427612616,8.537120030210856,0.6268717513878193,71.57850361917238,9024588663.263325,0.0010157202698334
2.2433169780057454,0.0758728715283411,3.521873636438273,0.0145474434372877,7.123833997014276,6.58009020981646,0.4492057882403887,123.05846025209244,12769228488.11215,0.0
4.690365660861902,0.0925848158159962,0.811173587337953,0.0761170456784837,2.1943320601847445,9.568701909355283,0.3606485144222907,111.80026593692072,16624539538.499563,0.0009713059208442
4.382903174262158,0.0743806102794666,6.731294051472054,0.0418936864663007,1.2248430405249184,11.046438425384766,0.6922062188159346,128.13163847020635,14820096222.224913,0.0006310359240019
1.7509401036674623,0.0155784321295669,3.4056188750806755,0.0067469733752697,2.159399371841765,4.720817724043024,0.1594471330261458,81.57587282482544,13216989968.717651,0.0
0.4668418950403923,0.0222926786366423,2.3847176169094597,0.0330275047424822,8.229854022147011,3.58742459331546,0.8107050265292584,99.9368569500634,13779152743.935896,0.0009035314165919
0.9606624298493076,0.0547037538485603,3.166829106313585,0.0058428402335352,4.951557223787811,2.8950578505194,0.7099748840647733,102.67770385886918,11555367296.440594,0.0
1.081125659602704,0.0831297238825346,6.312182117643824,0.004226723969978,4.072121490580266,4.7632976260180016,0.8118544492787491,103.68303187463678,14820919631.22272,0.0
1.372921074404328,0.0287470848282494,2.9327607236545488,0.0176310840532181,9.159743642591172,2.4000418971969424,0.8126537088878031,124.40481631422136,13447463046.296633,0.0
0.1514687212077108,0.0261673007269633,2.8147584156806587,0.0071629312251829,6.248881982385611,2.0656237068829606,0.6973920601052765,72.49815999340854,13139077328.70453,0.0
1.3019452892858736,0.0851043158920839,1.742513574044373,0.0054744735754651,4.709667158862821,8.220377068440646,0.4344565335642893,98.45803995197696,11015169096.087082,0.0
4.185216939501973,0.0725537113852087,2.061643191406923,0.0124876368208398,2.396180733843029,7.505019375551752,0.8284711839568526,113.5808784404458,14067894440.423073,0.0
1.3050514545073997,0.037213606662193,4.929214086324202,0.0140791088237317,8.475802978547872,6.432594044850921,0.7739362789382869,128.12802738143364,11156764328.44304,0.0
2.868093108822174,0.0607201858767764,2.8982971076978314,0.0071923785504917,2.9440975008577315,6.075737085977959,0.5781862067278566,95.43220514751393,17646771706.974026,0.0
3.076639894101122,0.0822332709768616,4.997631474675435,0.0045181665573478,4.899579911322141,8.328132677515418,0.8098660184969426,119.75210740526786,17997119762.358734,0.0
2.0226279559017666,0.050737401756301,2.9517963504367466,0.0038721027234031,5.58292564943378,6.312579305340248,0.4071762816629118,113.8210227315058,13397476136.135372,0.0
1.3512918123531794,0.0114622075266091,3.063043377871232,0.0042619676511502,8.64069439268763,1.1953073618139052,0.6287207971048775,106.45744146899908,19734385988.068974,0.0
3.0915973345461536,0.0697009732940417,1.2680659193131754,0.0200522043685624,4.583402998956542,9.51222712241497,0.8054228219678895,117.03846458061066,14125746162.072504,0.000891411034644
1.791955645310123,0.0601935979874926,5.101832689261678,0.0155966685934269,3.60904752757078,5.22309286976719,0.4133656141626948,102.40427457874468,9118638677.433935,0.0
2.3974360994065065,0.0787038855806014,2.1495522317943063,0.032911662397321,1.1516961224266344,2.812128229226435,0.8109328597760148,116.0700338266216,9542703958.801222,0.0005493026149924
3.3495973118858595,0.0237533161966678,2.565315013295999,0.0032874458289761,7.322873993318821,2.6135819860519574,0.7302873787579324,71.97302026212122,13313567314.733051,0.0
2.3283056728983804,0.0588581520444319,5.09947043494367,0.0107352397150984,8.354992262028995,8.447448570717885,0.5580554464708386,106.68167348327069,13457422426.836678,0.0
3.2481977569124494,0.0726721860850508,1.2424235286642764,0.0100162760183744,3.048319345606816,8.992538541891678,0.8241771200900136,107.30355714141116,15113285665.246004,0.0
2.9023399508485137,0.056147173899213,1.1901439757957442,0.0284425132908354,3.048807566317568,1.850464696807307,0.2678903091599834,84.79666726445402,15340086557.530336,0.0006518217450284
1.1326121820765276,0.0463312511202159,4.364407488545686,0.0045995226740555,5.439395261412994,3.6260490062927406,0.7643054392585579,113.72066821026364,15002541004.305428,0.0
2.948531669830209,0.0223599694865932,9.426108310376682,0.0359639504764276,8.887801719855572,7.716892724026694,0.2565134641139276,127.42813271505584,13501308742.17934,0.0009875685387246
3.0320018347795457,0.0582600686285503,4.264667744579652,0.0263960763140288,4.964800807056001,4.416317621797929,0.5519424376087091,96.75907858833696,16504305443.404509,0.0007038672488466
1.6839963365077553,0.0147466163587554,3.2678858521428547,0.0059730126016259,2.28485599692522,4.140605619865971,0.15129467016842,82.2942940156002,13204816097.097002,0.0
1.99075660264156,0.0177949606660425,2.576719754085861,0.0120886551530993,6.848965419489419,1.3899206645766269,0.525608813859048,116.35916830550448,17827437328.491703,0.0
4.333422826264667,0.0050978639161801,6.575006524647236,0.0123919262518931,8.11289290193189,7.908031027010667,0.5886287788859242,64.0650591965869,17270076900.51394,0.0
2.1238250849910334,0.022635182373355,5.860896538529802,0.0132879442108434,5.378215072884579,3.605032022471519,0.8104304784532066,127.426248521782,9863169214.047766,0.0
1.1326121820765276,0.0463312511202159,4.364407488545686,0.0045995226740555,5.439395261412994,3.6260490062927406,0.7643054392585579,113.72066821026364,15002541004.305428,0.0
2.51947829715775,0.0546351006813937,1.2607070532802185,0.0193545075650571,5.74344816293196,4.928142784938107,0.6921790041730553,105.6247065371742,13110802050.397942,0.0009712304542343
3.024937418058185,0.0473664721910221,6.650378513603126,0.0366360839387764,2.650689364884866,3.1703849718115507,0.0574894384641618,103.49730761571864,9238894281.745497,0.000639951642551
3.369529768571656,0.0340596898455639,9.115502803196318,0.0116820817619468,9.292428669124464,6.368308201325413,0.0271209831287049,124.07399696003463,11697308867.050789,0.0
2.8567458660260434,0.0342567426244277,3.710244591057463,0.0221780632255135,1.2777786864770817,5.8905010042974695,0.4695416375955794,98.70279015142115,13835831403.572865,0.0007786122786063
1.2574616563590522,0.0269206931118719,3.0674196949017523,0.0219969369180179,8.096358925962802,3.633420068507102,0.6546448639932595,95.29921019559929,16125039961.379095,0.0012673564531506
2.999955490269144,0.0689518252218819,1.202117912099927,0.019285816615029,4.598700108991017,10.263840244346852,0.8172480080238955,117.96402859019744,14128832194.589537,0.0009098429870374
4.024691357317687,0.0891753714249364,1.0622224370583078,0.0304520101922267,0.3889305221335618,8.245602987014552,0.2040371550954778,98.85367812258116,11780990940.505888,0.0011706801955402
3.08828535220575,0.0698782825663197,2.7324308159795145,0.0616251810182163,1.5867898665246558,1.1795942406972344,0.6376464634688966,91.42631958421454,17076944114.414003,0.001337413439768
1.1411317136543555,0.0195228000823695,2.738705189571718,0.0156255031348378,6.73817463431971,2.1219624352385527,0.6259219582557146,83.46120792094692,19950318128.835945,0.0
4.692476986488494,0.0625028005433768,1.2060854464580069,0.0200698793577328,2.2584768560251463,4.933156068155644,0.5646909322618672,128.0471061655306,11234483371.398962,0.0008101980571195
2.3891714204238275,0.0787690997628599,1.2150315271399443,0.0080037509841439,2.566403297012121,3.281629038582672,0.7635939750778182,94.8202003926307,10835905803.882635,0.0
1.7841327274080785,0.0272375922485151,2.078356101896839,0.0036855876498013,5.247198841754301,2.137987980905573,0.5657452098604231,116.54435032825025,18415634450.55707,0.0
4.089614080567708,0.0667706651325533,5.535948530572401,0.050025780134386,9.18574803509324,7.232358275128758,0.7032952364621975,107.7048532070285,16025686805.77493,0.0009088451420519
1.1703498480991326,0.0812597704450434,5.939999292570709,0.0037016316780003,3.888352076260606,5.686091429606258,0.6108166578088107,118.0076368953939,18301919393.354584,0.0
4.484360603154224,0.0810684767875481,1.5621304285544828,0.0123073783146652,0.6733402884001286,11.778702326957092,0.6838961184371153,106.80773486138172,9272482279.57658,0.0
2.0703867419808555,0.0570921595634436,2.5351288106169734,0.0401071336481269,3.439889081796576,3.4852310920909275,0.6470925398881255,115.91336692057833,12627916019.645874,0.0013828303214777
4.6255891319277165,0.0544893825227517,1.0922375195791951,0.0293891404683256,2.377339136582289,6.293175300877711,0.6737609212527146,124.73674120909608,13676872901.277988,0.0014834432869982
0.9343792318533332,0.087438832286113,5.318998270788377,0.0368112343251768,9.7824776324302,4.785634027765354,0.6767625481306321,125.3617614500092,16417097271.211466,0.0005868880988709
0.9115305859720628,0.0428737903797836,1.806253788347556,0.0078847904546355,3.8315394811488086,6.580413822449684,0.7941574369995773,84.33513353904465,14689259687.64162,0.0
0.4805524080610972,0.0241708093860201,7.109262842919513,0.0027309994937834,8.987918301408696,5.311393877478427,0.6614291385688233,104.10606648810928,16696645007.31107,0.0
4.296275993433512,0.0873188070455588,5.9115760881951385,0.0334849834573294,4.179511764112188,4.244228266481211,0.3404142164265268,109.11371679615296,10577807617.371048,0.0007247034280653
0.3516083310597513,0.0609161010165194,1.2864361063974838,0.013280443307126,8.084537019612293,2.32084735022821,0.6659587060476915,118.22392867337408,14218813639.137417,0.0011918028047839
0.6507563212609725,0.0165434703521541,2.1360436686209363,0.0440302613471802,9.343237261496558,19.996244995305933,0.5512760072497089,69.0916183152001,14292013729.456926,0.0012373692862723
0.7387628318718384,0.0573806518747732,4.45848225465144,0.0088847917154611,8.106395376534126,3.742357765076964,0.4990989714516339,111.73097163783667,13744106934.130436,0.0
3.288617595248,0.0290585264553672,0.7633290651261435,0.0521207576187486,7.260466152440214,10.316088434398717,0.7727797600091008,63.2905369055291,9246709640.13554,0.000835113083082
1.1177039872824497,0.0361160296589878,2.3228871236604545,0.0156427980306826,3.730790690790921,4.9522558040841735,0.626504800992543,118.8218864874662,18260500145.92934,0.0
1.0186710798362242,0.0353476463061558,0.3743612446455594,0.0967272923510887,4.256888739187979,6.621423482397517,0.7895755463814406,104.4727030236043,14119168894.71912,0.0006525254921969
1.1902760961059011,0.0438354446456558,0.1752630483469504,0.0428909792813297,3.884636028907839,2.079699741291797,0.7570341529570659,61.50046429889652,16264346168.871475,0.0008514625874785
3.7428413400115006,0.0754161808795368,5.928802128361943,0.0374442734076866,0.5654595429215483,4.120360555096104,0.8046886156616563,123.60769773848442,19557809629.84492,0.0006592301024263
0.945867355705386,0.056114658670724,1.2978794325304872,0.0106421529242977,7.140335196899904,6.725736517497276,0.5067260410075113,123.7522311926302,13657675066.145529,0.0011459998254614
4.045098760193086,0.0967990954568552,3.992771961827864,0.0213140224057917,9.010942761847083,13.202267263291631,0.6960753796609013,119.07343162452057,9430369614.157494,0.0006685352482738
3.6324426831118,0.0827506410176802,2.832417442059465,0.0890189088516623,6.784887043239912,4.433372722702121,0.4082225234302643,102.91558379927824,13483679052.520174,0.0011702974020297
2.074925980655613,0.0492641405533629,6.447660362897021,0.0362623188608465,1.8192907859652965,10.119436872261437,0.3252879593102694,86.73724229557578,11868193342.605312,0.0007268658938119
1.4283646691695404,0.0816794856159208,2.6873267407287678,0.0137547538476837,9.166326835082405,8.625204094310227,0.7136743530416492,84.24174457956066,15587072167.186943,0.0
1.3019452892858736,0.0851043158920839,1.742513574044373,0.0054744735754651,4.709667158862821,8.220377068440646,0.4344565335642893,98.45803995197696,11015169096.087082,0.0
2.585722057248576,0.0152698065566653,6.55278437237127,0.0056950222721424,8.099018874357354,3.2549403499081557,0.3723275823396991,119.14539719408916,17378641283.47448,0.0
1.324806653080885,0.0518585878131926,1.6189402713384464,0.0022823496705012,3.694862402931361,7.740263566993407,0.4069425779572191,116.34047615841202,12840304649.130924,0.0
3.2481977569124494,0.0726721860850508,1.2424235286642764,0.0100162760183744,3.048319345606816,8.992538541891678,0.8241771200900136,107.30355714141116,15113285665.246004,0.0
3.517338288555924,0.0259351749833995,3.948155454603111,0.0969445902209332,0.5464070961040534,5.573158613050983,0.5038207903352659,80.32056717567829,13627769742.923622,0.0009631908370259
3.10112040711598,0.0691257549847716,7.423261379400658,0.0053344364604738,4.284946221707736,4.064235898967743,0.7216759993246005,124.32154656845164,14378791105.99704,0.0
0.7291509171603168,0.0487603052597211,5.97899169151659,0.0148669233468673,4.190091569902951,2.913705527879748,0.5127288361220389,89.86755922937398,12160246508.353027,0.0
4.185216939501973,0.0725537113852087,2.061643191406923,0.0124876368208398,2.396180733843029,7.505019375551752,0.8284711839568526,113.5808784404458,14067894440.423073,0.0
1.244419837911361,0.0091889916867845,3.127830771737932,0.0026646928375647,8.459569146444261,1.28781685969062,0.6280653434959479,104.27638108929298,19613536088.885548,0.0
2.521566338385673,0.0856446296618296,4.3561937860926205,0.0016007182291496,9.2292545878853,8.009344742738264,0.5266778029124363,129.90843432646878,12852844155.392525,0.0
2.920730014786232,0.0767734164998431,0.5076203136212193,0.0188601623291233,0.2849772401818827,8.362256004030993,0.694844382871604,102.4512803861666,9759074977.510471,0.0005136138105789
0.4618246116062167,0.0748942876363918,5.388465350596244,0.0063702834135669,5.1744903984084365,4.648656468929971,0.4409808035025632,105.5366168309226,13881006274.360512,0.0
3.5075573385513983,0.0443911030024364,3.825057423313919,0.0499103896113795,2.0948108252098376,3.330126744046812,0.7289965453318399,84.64797317823155,17195430863.71279,0.0009431108822473
2.8297971506758017,0.0715228218424221,8.121720881835428,0.0084124651000358,7.046888524420056,4.625875281199503,0.7566855631057219,115.50120127863384,16224790513.06018,0.0
0.5936737886973578,0.0085518080678846,3.464365793265625,0.0048292250579617,9.723393763778388,1.2951629010575032,0.5808231091790257,129.84495229188468,17037994708.79384,0.0
1.3989777789274953,0.0287116075601012,0.9846600477209424,0.007151281244441,3.959352835040488,8.005430679525563,0.8263708148368468,115.76013104321882,19240671207.35607,0.0
1.7494823334445753,0.0502285199892357,1.4969044535605012,0.0204806821646078,5.954906406850032,1.856781738504816,0.5687906139612767,123.22218470347866,12317972578.135569,0.0010655322972195
2.999955490269144,0.0689518252218819,1.202117912099927,0.019285816615029,4.598700108991017,10.263840244346852,0.8172480080238955,117.96402859019744,14128832194.589537,0.0009098429870374
3.229655647344813,0.061538055875631,9.329959433646964,0.0119038224971527,7.717812190004766,9.526910257109526,0.4493781890539678,116.52558949918694,9234334507.598415,0.0
2.1768317351678403,0.0305390668123022,4.038398533499427,0.0418451930936244,7.492967943850644,4.968759158145759,0.3265012448309169,67.78519274572605,12708513270.282818,0.0013112687932354
4.34656163626104,0.0619150258738122,4.786927271864382,0.0056997233687202,8.369383200166236,7.768223438205557,0.6995873705929493,110.57595328344736,10934047905.442308,0.0
3.1195587778650458,0.081359509091361,5.177915070110944,0.0072229327062456,5.102812725364242,8.10159470079736,0.7939634998623233,118.7652657282779,18233984537.089508,0.0
2.476149894126006,0.0790161835148695,6.245450491643803,0.026824432140324,5.080015314782515,8.37688979912776,0.3756330339516178,115.7765545076618,13389961674.625029,0.0010618570555466
0.6932858542200183,0.078623643692171,6.132054878102334,0.0204622813060211,2.961574878519583,1.711109558543405,0.675761981335209,106.97436339031216,13923311287.033674,0.000817119872382
3.018653984411021,0.0579949398177116,4.23675091930861,0.0264887031004265,5.004185875643603,4.407738660271598,0.5533044159205682,96.7918961316209,16505677794.550304,0.0007066587562706
0.9471274418775044,0.028677739392127,4.202759600576073,0.0112929031330375,8.899088249033559,2.644464304752809,0.3357116115100295,115.17723948552734,17887935495.12002,0.0
1.219791295412659,0.0267885239699667,3.089437629129124,0.0207377139460419,8.09632784664699,3.5717507763308567,0.6585989420404273,94.43172704351868,15980361277.726015,0.0012628371027234
2.2697664731196974,0.0640159557102666,0.9133706921152864,0.0078488540304178,2.488134697258477,3.942741293576192,0.7172793237893167,117.3415663018258,16913121715.694073,0.0
3.119659343844239,0.0480777879127538,4.039620765888117,0.0268719626008274,2.282676741819356,2.480120927646288,0.4527762554585669,98.33075066194168,15261805287.44349,0.0008121166497164
4.296275993433512,0.0873188070455588,5.9115760881951385,0.0334849834573294,4.179511764112188,4.244228266481211,0.3404142164265268,109.11371679615296,10577807617.371048,0.0007247034280653
0.8298038785018372,0.0682642792978011,7.391590964828504,0.0722680009905109,4.364495080077093,1.986213738685069,0.431703695362918,127.3477432527065,14902374983.269451,0.0010346530830144
3.5798730126315106,0.0540890555570906,1.0720185421712871,0.083507043378552,2.400387672772647,2.8659149800378123,0.5960064949589357,97.92936135527955,18535847230.431004,0.0005798912501117
3.0315177885188027,0.0577491336594724,1.1820881537076422,0.016094824047834,5.300616953818279,6.0839234222584375,0.7963080080526004,104.94820384818756,13288341519.576605,0.0
3.917196994250288,0.0704302458611949,3.5737031473822087,0.0211042463166475,2.132446728659356,3.4964860393503843,0.6251612996605019,113.370852424359,17763018771.548725,0.0005807151049024
1.049493393684642,0.0170666886366795,2.1682140901065834,0.0098050637896179,9.321899029594237,3.551391889082251,0.8070541428045,111.39981078094218,14728899031.883804,0.0
3.792480833166578,0.0320614835734812,7.966638117023436,0.0663072369586905,4.152620056792075,19.79537464950702,0.5451272202803822,106.25257393105493,17618032648.896942,0.0006363595391647
3.4950451685212,0.0928473728869058,1.3669407921014547,0.0199977086608368,0.5358157982532553,3.5672137236513266,0.7176260748524798,92.25578423612052,17692556856.711185,0.0008473313143742
3.582167204587986,0.0946017309963875,3.835839377615706,0.0431547442551952,3.9463074548875943,1.4230787980712876,0.8139764271505939,114.10851128924976,10219460730.898985,0.0011550411554696
3.7891592386267687,0.0213245061456251,5.411539107237741,0.0287069366203832,2.6827270808912616,5.349919286693089,0.8144702138000544,82.22537834156277,16520338791.546392,0.0005647033751487
4.945564316276938,0.0406519050690677,5.816299247251167,0.0202880486846591,2.96293633488008,3.7314634373774656,0.7779388418056422,113.82223390563786,12637780349.26796,0.0006581739828082
0.5891316654148874,0.0108859364930325,3.524635195260616,0.0042291353278118,9.780525027776536,1.4578728926380575,0.5984590509979338,129.8309107070382,17240821748.26318,0.0
1.5064979189978187,0.0280794151097903,3.013731911342349,0.0161545615803971,7.161310623579763,4.378830110540287,0.7424810358658703,108.02181178533236,13931192418.658665,0.0
1.3512918123531794,0.0114622075266091,3.063043377871232,0.0042619676511502,8.64069439268763,1.1953073618139052,0.6287207971048775,106.45744146899908,19734385988.068974,0.0
0.2540134433563107,0.0764102116550443,7.598700826119383,0.0487557406248162,8.483889387979133,4.543091409749638,0.0489863081685941,80.64357133731312,9638528955.082932,0.0014299841087138
0.9894557614874372,0.0255118121606641,6.421247517234521,0.0153161296110525,6.842372364633031,7.194078165227219,0.4336653202271797,108.63429512738534,19324649792.09321,0.0
3.018653984411021,0.0579949398177116,4.23675091930861,0.0264887031004265,5.004185875643603,4.407738660271598,0.5533044159205682,96.7918961316209,16505677794.550304,0.0007066587562706
1.1947808277483287,0.0250627586974201,3.5988342064128185,0.0070842635958457,7.724745377509406,3.6474773689664497,0.8147488983710229,119.09803481452954,16944510667.852243,0.0
1.3544093045352947,0.0471640279896706,3.228841756624035,0.006882036013561,7.46793403190387,7.929350835483682,0.7098720338542698,87.71145671701032,13800218319.05743,0.0
0.6754161158314544,0.063232500573443,2.088075072985534,0.0152469294940642,6.135142399555229,3.32471499837596,0.3605352332267814,107.0742050104876,16202749037.424238,0.0
2.3876227136337573,0.0836997720189316,6.629677150324326,0.0047919897450486,7.807931732921968,6.34923190276611,0.6820575647315154,116.48072604809546,19462404183.99165,0.0
1.3019452892858736,0.0851043158920839,1.742513574044373,0.0054744735754651,4.709667158862821,8.220377068440646,0.4344565335642893,98.45803995197696,11015169096.087082,0.0
1.2003569112873995,0.0250984375523371,3.587375651073901,0.007222091212569,7.713537822791713,3.670046372185086,0.8143826485224489,119.31807304762164,16946155763.928043,0.0
0.5044019987818751,0.0195382689778725,2.8180964631963987,0.0089649364277605,6.008301893732463,5.234500937219201,0.8195216560504961,128.69616566000013,19357157139.509884,0.0
1.6142965808448373,0.0296524727759385,1.9767251899658256,0.0056792818448434,4.641577202520096,4.151296648004281,0.5965587187432781,108.98029987334792,18092459932.725166,0.0
4.398501989156531,0.0424353814789245,0.5240707566527888,0.0688460850450843,6.899358430867943,5.749564497610605,0.2179790288977186,85.68207056886743,9678130008.51076,0.0013918610205048
0.158911653300487,0.0097145625501509,0.9572558914924504,0.0203903057488951,7.0694825821802265,1.8677550974559645,0.7349715999151859,95.9535890400184,10575750747.569328,0.0007376329691617
0.9801258420935464,0.0668663574856052,5.280389699470843,0.002474972166517,9.898870300684411,4.922941313848429,0.8231010991095866,118.46437697036797,17237986305.08549,0.0
1.2187000402802357,0.0250492610716462,3.763808184113397,0.0076701538955752,7.822657126141332,3.48596552713873,0.8236177851051735,119.02345629390312,16713810578.181849,0.0
2.034999099379926,0.0702019440344828,6.922962222967289,0.0052967365835996,5.694069622791687,5.1525242960211015,0.6798565150133444,107.81314748157445,12732980571.552616,0.0
3.430582312709028,0.0939872721624292,8.623474139979807,0.0067895617767574,4.647428939497284,11.251135547736215,0.6793779412696361,124.55999338375742,14793178885.00061,0.0
3.938569768407693,0.0150634359022649,6.37909835827271,0.0912999893179791,8.552255631659284,8.107873975761617,0.8014868787733911,61.54139792349746,10972365428.663069,0.0012533336782572
3.226246229097427,0.0483625117203971,3.070511102597335,0.0152569812129969,7.58425479088679,8.521275731555349,0.8476750073136098,120.88497172960116,13736500352.539324,0.0
3.288617595248,0.0290585264553672,0.7633290651261435,0.0521207576187486,7.260466152440214,10.316088434398717,0.7727797600091008,63.2905369055291,9246709640.13554,0.000835113083082
3.1336313766198143,0.0994492933737538,0.6083386806871814,0.0272444118500535,0.4018865928330772,1.1451041641045308,0.6552411095807141,123.74226991355616,9302290112.433662,0.000697330948192
3.993056429391416,0.0840244731850227,0.5958999840596788,0.019813223181319,1.9591884565704012,7.723908494584584,0.7203458791420315,110.64613452982792,12467433920.998936,0.0013887358126655
3.2560068728004032,0.0092659492977084,7.237481788674045,0.034868548662624,1.853469430720454,9.91758908643383,0.6644348399253854,74.95277659072511,13491314133.574516,0.00142156110196
1.345770342051178,0.0994267400310583,7.266648768919064,0.0254736134407765,2.474137899950797,1.5581490862022918,0.6305628153659367,111.066814640151,12164501259.777475,0.0007547245946507
3.819187977090878,0.0500561984356763,3.707427490759733,0.026294295716306,8.671188206761375,2.561766114421963,0.5865383849775022,70.59007163327146,14105565360.81113,0.0011338526987297
2.4325693517332945,0.0995647443095676,1.3724509689211604,0.0541534186470249,1.4092474901134382,13.438876296382803,0.787699787379943,109.894934302176,14846224346.174335,0.0007564587892982
2.3051327871841414,0.0590543386623525,1.885172805844261,0.0192525479633348,4.340717018731284,5.933674361018669,0.3481212345178436,103.84111483704592,11368880546.81548,0.0005222264118965
3.7288016681236176,0.0973584345882231,4.2644007732884734,0.048502072843229,9.783148767801537,14.111147090155864,0.7722191966474885,100.31608956870276,10363953876.212244,0.0006413019978928
0.8948051226496034,0.0087590686984498,3.893864834373888,0.0109748142193271,8.399996002635364,1.9385057379610895,0.4402553070567129,125.01646097765205,18967884281.297485,0.0
0.6085462684553392,0.0851356766563746,0.2971359419833242,0.0468354327352725,7.471119609346005,8.541068373129217,0.7003565095183578,97.56262619653162,9657700744.692652,0.0009430018306049
0.6280696652860278,0.027813766727839,4.6993645715048,0.0044846587735876,6.084401333764011,13.03574044264098,0.1240279852520201,80.05939946864892,12184933721.619637,0.0
0.7313100512962553,0.0565909925526973,4.385810775606934,0.008563957345448,8.10149722143755,3.916316964047764,0.5186902277077243,112.96495739218004,13519894493.18246,0.0
1.1408404211733276,0.0998941446567983,5.692597816429964,0.0249624333503259,9.083082452165234,9.925321023575442,0.6918998466630214,114.5469820280608,9130912251.734444,0.0006094820149601
4.372880283158487,0.0926496497245403,5.4676505957048045,0.0030877134221585,5.061927260085841,8.898560836086482,0.2153287319450062,108.41346517562758,13752589052.792116,0.0
1.2487048566878023,0.0497882118201192,2.062935138667344,0.003723787792721,5.52833420958696,4.4229017212946005,0.4506899072511157,115.91926158354592,13634371974.23485,0.0
3.1513252593679275,0.0396325592181395,2.5228602069258903,0.0535600438126519,3.031183856174241,3.2400062078397776,0.361766655958038,80.12554359137391,13507663772.124443,0.0014944139147645
0.9512073529359202,0.0316622062514365,3.055842981227938,0.014839603306042,5.204043897683941,4.245816196687024,0.509417181645432,83.70282483030856,13426198784.839785,0.0
4.372880283158487,0.0926496497245403,5.4676505957048045,0.0030877134221585,5.061927260085841,8.898560836086482,0.2153287319450062,108.41346517562758,13752589052.792116,0.0
3.12822085784183,0.0812979066692616,5.162770307792557,0.0070449614450541,5.099966478016861,8.112822447068558,0.7921487695674756,118.8354972263424,18244133198.560856,0.0
1.749705139641604,0.0477549788100193,2.7286027125095984,0.0081330273635583,9.394530192375727,3.568569921034448,0.7092250911257308,98.49037333023917,13064290854.471125,0.0
3.203984606186413,0.0735937292453096,1.161390216716424,0.0079950154386634,2.906426320712962,9.498403006530966,0.8273537326148126,106.96884590509832,15088013935.611784,0.0
1.167791227338634,0.0640318165479856,4.059686884339872,0.0131154248784858,9.97374601293401,7.23864058029003,0.5162765978695221,112.22412305231668,13553571867.208698,0.0
3.084041937862024,0.0996037107397893,0.49647971605573,0.0258931883072864,0.2523041622177669,1.350656797877914,0.646171184344027,123.53562772254516,9195948585.572603,0.0006918934331914
1.372921074404328,0.0287470848282494,2.9327607236545488,0.0176310840532181,9.159743642591172,2.4000418971969424,0.8126537088878031,124.40481631422136,13447463046.296633,0.0
3.08828535220575,0.0698782825663197,2.7324308159795145,0.0616251810182163,1.5867898665246558,1.1795942406972344,0.6376464634688966,91.42631958421454,17076944114.414003,0.001337413439768
1.4283646691695404,0.0816794856159208,2.6873267407287678,0.0137547538476837,9.166326835082405,8.625204094310227,0.7136743530416492,84.24174457956066,15587072167.186943,0.0
0.4777186938365079,0.072743298192703,5.35276692295092,0.0057473115521367,5.221245688877865,4.796389806315357,0.4454245879681089,106.03455506891416,13779158487.114702,0.0
2.3160984147749155,0.0108350084524897,1.04594723647639,0.0080912377685522,4.722306643771954,6.523547202188206,0.8410373318949139,117.19711159055782,17558710248.305748,0.0
2.096855588566485,0.0948330284893133,4.247117740536485,0.0085672304747649,5.0872808024149725,4.556720187052472,0.6184528297682695,109.3802718493769,18513052046.63789,0.0
1.7373013517699378,0.0291283142614357,5.410679896951252,0.0107990959284176,6.437650959598366,3.2093211863811946,0.6201478240559765,94.32275264954126,12010122966.088833,0.0
3.12822085784183,0.0812979066692616,5.162770307792557,0.0070449614450541,5.099966478016861,8.112822447068558,0.7921487695674756,118.8354972263424,18244133198.560856,0.0
2.398520877195652,0.0592400372910088,1.8500835661718047,0.0385506294092002,2.967767048903521,6.93187335347036,0.6587944591856947,76.84933893028955,9149004832.382378,0.0008459790384073
2.096855588566485,0.0948330284893133,4.247117740536485,0.0085672304747649,5.0872808024149725,4.556720187052472,0.6184528297682695,109.3802718493769,18513052046.63789,0.0
0.158911653300487,0.0097145625501509,0.9572558914924504,0.0203903057488951,7.0694825821802265,1.8677550974559645,0.7349715999151859,95.9535890400184,10575750747.569328,0.0007376329691617
3.7428413400115006,0.0754161808795368,5.928802128361943,0.0374442734076866,0.5654595429215483,4.120360555096104,0.8046886156616563,123.60769773848442,19557809629.84492,0.0006592301024263
1.1371159696432902,0.0662393423025919,7.351368417725354,0.0354107185574139,2.908305871448395,3.2913288017861806,0.2860636379610134,123.9241399889741,10849777181.996525,0.0005006691571309
1.191936116394814,0.0356439074452572,2.273551056208626,0.0143832412603972,3.597987586902604,4.662028109795814,0.622624830109765,119.45426283218842,18502941547.845543,0.0
3.7428413400115006,0.0754161808795368,5.928802128361943,0.0374442734076866,0.5654595429215483,4.120360555096104,0.8046886156616563,123.60769773848442,19557809629.84492,0.0006592301024263
2.4745912694340784,0.0706428962834903,4.791680895140722,0.0194895699476097,3.6813179379463232,1.6974811275348642,0.7537517193150605,100.98186636418832,13708768583.351357,0.0006051492608685
2.3792849128562823,0.0507116886912291,9.724358950646922,0.0153758044084109,9.144267907096634,8.583321567103994,0.4841825769939638,122.02032597181686,10984920681.376204,0.0
2.6164512435160727,0.0380315105056046,2.516216929957666,0.0221365996381577,8.10700028981835,4.048589114040922,0.6452289832069624,103.12678163895754,14664545690.572166,0.0008574128520478
2.349191728764986,0.0867351014059976,2.504270205373479,0.0053067540930889,1.994453578829708,11.168453196304068,0.8104511623674856,117.50501902707724,13432785555.501928,0.0
2.9842177870703503,0.0593382862944755,4.007129771759096,0.0869642726785733,0.8551791264548775,8.15687891242215,0.8283029703269306,65.43311930202702,14539075143.49906,0.0014362080841243
1.191936116394814,0.0356439074452572,2.273551056208626,0.0143832412603972,3.597987586902604,4.662028109795814,0.622624830109765,119.45426283218842,18502941547.845543,0.0
1.5864369410942916,0.0807272426087849,4.848354315988685,0.0139145535620538,1.8261052223891276,2.7892994885465754,0.7613513911569931,99.49160410560452,14538132553.824469,0.0
4.830598845421892,0.0312721444815063,9.77518369913944,0.0899358901174242,5.350899808326282,13.270855766983514,0.1888045054327919,85.39554471632617,18134841453.428875,0.0005523688018242
0.6014437843605184,0.0274257141879269,1.747860047716241,0.0290196939877049,7.199272542623413,3.6770938899437393,0.7856325358694864,91.28118735220238,13989534569.2149,0.0008467167414894
1.6672918958013745,0.0859188661645399,6.547736637567694,0.0172586796803855,1.5168990563362914,3.9113510365461353,0.601917405040915,117.7173680814884,18381580795.057693,0.0
4.663104424474015,0.067264309881779,0.545630455105936,0.0296583472874073,2.1362850718617645,7.400876558360642,0.8274527613946382,123.75214099953764,12625649396.949677,0.0012427701202494
3.5702259543314354,0.0538435457790027,2.1640284781969203,0.0139365697841992,4.571905863780166,2.923981860402237,0.7723209143553355,110.42330126856064,12925688087.054676,0.0
3.16586173382873,0.0530479516128066,1.9702657861653896,0.0023036372114808,3.810686766029578,7.710966941154416,0.5037849178122646,118.81013097562004,13084772603.62658,0.0
1.8724849185319328,0.0532673532465139,5.762054487417223,0.007102414313641,6.006319035190674,7.484935987893269,0.6629514521213187,127.56183313073836,18875893654.031147,0.0
2.287270391708753,0.0373965235721803,2.743694742362681,0.03013953171553,1.932967982712986,1.1685697721977562,0.0848318888790745,88.23684693725633,14188845955.481949,0.0007051565904644
2.8297971506758017,0.0715228218424221,8.121720881835428,0.0084124651000358,7.046888524420056,4.625875281199503,0.7566855631057219,115.50120127863384,16224790513.06018,0.0
1.6119848157279602,0.0541590546106634,1.1623040202988986,0.0061154244674323,3.6845766045800663,8.943702624045153,0.4371598159305304,120.40979969793722,12686415368.137224,0.0
2.2060935340615107,0.0232283580873236,2.395331138151799,0.0085544300621052,3.3417873649015437,6.389942648932781,0.5578453393874055,121.03416999097384,16525391389.692331,0.0
2.001627775237217,0.0823133796050615,7.722330091566094,0.0051860208363948,3.6834772533362248,4.331688860120314,0.6616257509043512,103.64340941386897,14366853434.610258,0.0
4.100160159152505,0.0369898366087729,5.789156304411351,0.0390221514984465,3.352734843730027,5.70749170093275,0.7522623626337838,114.66976272158908,13436869505.57301,0.001328357161386
1.2320120138262334,0.0249707185616266,3.77154694550504,0.0077494473468733,7.817737492440822,3.49332758453776,0.8236069614825839,118.94520431240636,16713258589.285269,0.0
1.6873121021325006,0.0629858255748972,0.5631265182053778,0.0075055541735413,5.612012481478992,3.827108761453931,0.713167833144645,99.6684740476072,17666448695.338623,0.0009997179485076
2.215816660651408,0.0290767414611737,6.108515159344836,0.0218560573041519,1.900289892369355,4.095650117439663,0.4294760053617112,88.84436715735907,15484070924.95577,0.0008951499293922
0.8434144565903728,0.0314235692326137,1.7467953595471537,0.0099890690281713,6.472165688913608,3.606431076756063,0.8409696968914963,124.4398698995033,13827403176.961391,0.0
3.786184994780221,0.0300520432752599,9.73115069022827,0.0291766533358429,9.449646315562797,14.34602472959008,0.6002501845969345,83.68894940608527,18844343791.90616,0.0013137118478799
3.431470812894745,0.062788896988246,3.5902904798656574,0.0158446094779156,3.2782371728835136,3.978856440530061,0.2440196557524233,97.88775341808189,11704298162.897526,0.0
4.182006271406011,0.0748401115905944,6.681607558474342,0.020365731730539,0.2761918114763276,4.1317122841091765,0.7827891607745128,124.7222439774421,19439524364.60416,0.0008620236079635
1.5084928532505757,0.0403851743809759,4.969276525164159,0.0524925098068017,3.750294144221329,6.647950274027422,0.1898957797101219,71.19098784339873,14858272305.006733,0.0008726860385348
3.0899928708842115,0.099909282187319,0.3803171382562502,0.0270587785413186,0.358449305321441,1.6649741072592996,0.6328664991978173,125.09471446101227,9040529054.30351,0.0007096924173016
3.4361723260712536,0.0435890003941219,2.1908687641344904,0.0229127109260162,7.0037755164434055,2.861656947303626,0.8459219391035255,90.13949355109315,15264424524.199804,0.0009348412250441
0.9778461173845554,0.0546216896715432,3.187958153498959,0.005934207432636,4.799190189809213,2.5824300873936874,0.703742053132726,102.2965643784344,11711300381.88864,0.0
4.406280235044625,0.093313047584148,4.166319800858126,0.0032225563646103,2.234697369325978,9.702595934974918,0.4784628054736969,104.6275651905114,13971207742.708862,0.0
3.663378347418293,0.0685978300521308,8.606270429486054,0.0068656491180882,6.505024393806349,5.497691023264071,0.7340285432027163,94.49190160287417,16943402491.15664,0.0
0.6829127278626647,0.0155887388456599,4.126826195064259,0.0181102530837298,8.759734365035513,3.275603191260359,0.5001545768063275,115.34598057786128,19545986062.69676,0.0
0.9618340028983102,0.0867228826535741,5.251604314632379,0.0367924028460863,9.782164519578693,4.909925418770353,0.6785381194495119,125.31557874361854,16422096337.112864,0.0005855503116534
0.6694895350820474,0.0118338335458801,2.866042478164186,0.0037839592473996,9.87867424853127,1.1337951468751015,0.6039106388593668,117.89554021354444,18434700675.992493,0.0
1.1638527977479065,0.0642799757788877,4.062254606233382,0.0133062100550313,9.95688904078529,7.276491595743702,0.5166968794318683,112.09798165118583,13582368569.182133,0.0
2.788176739147477,0.030410465797302,8.039169401989508,0.0590537760038566,1.8649430757542675,15.83638250468627,0.390687021815495,79.90037783233905,16942940312.806011,0.001090178981201
4.54477355417687,0.0776022544180024,0.4374215899535002,0.0127072813499542,1.228375219266446,5.134041743596131,0.6678643095926755,127.46526163539838,10313838041.834389,0.0
1.2678115413922972,0.0531379271773813,8.255597048743674,0.0321520472870933,1.0165652646574337,5.23609260798656,0.3828223467094624,107.5583696180733,10799379350.016514,0.0006816770737896
4.919731583623353,0.0606087572483701,3.4567275055221955,0.0041967331501904,6.405854939235061,8.23900453395332,0.7224626054669526,107.9511839010112,11340878444.838505,0.0
1.2239646894181533,0.0906981077142809,4.979554300596961,0.0227804085030248,3.9077229528908193,5.24501549696146,0.8184744457831039,122.12755977626053,19684551229.3148,0.0007808912748163
0.2448006781398743,0.0141806495272341,1.180678039865128,0.0057971118882607,4.355650847405594,1.6626036947309089,0.6934074651687882,119.96731129845313,17222412822.95633,0.0
4.80008962935486,0.0973188058579613,4.757049655120368,0.0033978479997564,2.2781531893147995,6.450572246587276,0.5403890464293777,97.71492563715049,10342477629.26332,0.0
4.265571047841288,0.0294300202467534,7.066446752292551,0.0566564064944482,9.595802741855206,19.72922372959736,0.2952562614859434,61.40469110052462,19665763137.67278,0.0013602777899087
1.3065984897601255,0.0399943601284948,8.507803906620142,0.0070721417369084,2.281486342454303,4.8469626816452855,0.3353371833678083,74.14737160459211,14438986162.965197,0.0
3.993056429391416,0.0840244731850227,0.5958999840596788,0.019813223181319,1.9591884565704012,7.723908494584584,0.7203458791420315,110.64613452982792,12467433920.998936,0.0013887358126655
0.5936737886973578,0.0085518080678846,3.464365793265625,0.0048292250579617,9.723393763778388,1.2951629010575032,0.5808231091790257,129.84495229188468,17037994708.79384,0.0
4.484360603154224,0.0810684767875481,1.5621304285544828,0.0123073783146652,0.6733402884001286,11.778702326957092,0.6838961184371153,106.80773486138172,9272482279.57658,0.0
4.030413931639298,0.0329112793650751,5.571124413716967,0.0232396880266519,3.7535704273910113,7.888172813666258,0.7171069240328665,126.79737844807858,11251840102.182129,0.0010671523080705
3.8503739769155176,0.0439095668742203,1.4639368101801638,0.0379144592660621,6.833998589218953,2.1927278304267546,0.5207233000106583,82.1848633462719,16287597246.392937,0.0008693213383112
2.6975141406945053,0.0497798438391934,2.161975482488339,0.0243063976117097,6.741198375560572,2.630166010690993,0.350976002560494,83.82916281576203,13472203263.240654,0.0007944602515182
1.4030487632815782,0.0250671480717593,4.276581158976128,0.0101832360507992,7.089749016060412,4.997102367234995,0.8341216623040099,120.43285086792665,13844063889.746628,0.0
1.2697016172387483,0.0121918917689218,3.330883743882191,0.0136310720138596,8.843278611126681,1.6299987623032948,0.6439162920613771,88.86724973759709,18151209869.89399,0.0
0.8434144565903728,0.0314235692326137,1.7467953595471537,0.0099890690281713,6.472165688913608,3.606431076756063,0.8409696968914963,124.4398698995033,13827403176.961391,0.0
0.3506254651953732,0.0182880689170353,2.7575624609176645,0.0376400014020243,9.92259853812786,3.158375225213718,0.7979097050588831,86.02021559742062,18654748714.35909,0.0011707401756991
4.7431253098878186,0.0921757974650511,3.2819658741093654,0.0305198058073631,1.4297398443262357,1.5411427807802838,0.5368484187017186,120.95322019604605,10237989278.750809,0.0007534429510213
4.398501989156531,0.0424353814789245,0.5240707566527888,0.0688460850450843,6.899358430867943,5.749564497610605,0.2179790288977186,85.68207056886743,9678130008.51076,0.0013918610205048
2.349180052599136,0.0867730333179579,2.504950793138693,0.0053131005328199,2.004767296853327,11.183946524069873,0.8099101310926923,117.50585519293398,13431075275.6582,0.0
0.7313100512962553,0.0565909925526973,4.385810775606934,0.008563957345448,8.10149722143755,3.916316964047764,0.5186902277077243,112.96495739218004,13519894493.18246,0.0
1.7561510089257966,0.0854687032764856,0.1997060087637413,0.0262629780286968,7.076608090055819,5.95504920483152,0.7354445405457113,92.31600752280708,9715722763.67088,0.0008174208318471
4.262427024579623,0.0623379173583237,3.530637980298157,0.0369051779914347,6.912519526258955,5.187710661177022,0.5688779460349448,86.03930477394304,12082945050.822887,0.0011676480516018
4.661664839444501,0.0884831519129361,0.814608413241,0.0696024338141034,0.3132153980461092,8.893632381361517,0.3746428523735409,120.67119387387731,16537504577.799553,0.0009885058983335
4.282392166398945,0.0717095777541554,2.1179653723973124,0.0104826871844772,2.505247189715782,7.565417423001463,0.817709240950933,115.57477093006732,14353039742.56821,0.0
4.2340668487025015,0.0991239643417033,7.843646760500499,0.0283533336289425,3.846630140747005,4.239118881198693,0.7798827370867962,127.30522404319868,19261400670.978214,0.0005437324233112
3.894915481954851,0.0811248235097414,0.4607895688864886,0.0767339419268597,7.097891237906168,8.412080536137594,0.6161701304022271,61.20792492457598,12506706257.035507,0.0012207791156886
1.511160248700462,0.0228474190096805,6.0451906271963605,0.0042321388106836,0.6420458723119044,2.257659108621077,0.547845754742245,76.02608237484549,14142022056.492737,0.0
4.140844115772359,0.0456030066577972,3.0100170518345,0.0144606397239999,2.982945740065712,4.367076992003628,0.7023931406336261,124.3631154986071,18355063561.985157,0.0
0.3488307584558026,0.0613228430994124,1.2666863721860546,0.0131736208250234,8.086384868341902,2.3188239446566103,0.66595702003288,118.21490258388096,14226508309.391798,0.0011936944655021
2.7482062284528324,0.0674771115536173,0.9441937834807164,0.0161412557236753,0.281828561456424,6.505877291976805,0.5871205215556452,114.39061337321289,15580692738.145777,0.0
0.3519442853829735,0.0504244171765466,4.142102269365196,0.0232727538004595,8.696152345528459,5.414749952845868,0.604562739741521,105.9996502804772,11363463300.06194,0.0007235344177812
2.074973483426306,0.0967246802672874,0.9426435975625932,0.0150785141660456,6.97577785397531,10.923273217542508,0.8137921206914062,105.14808571433484,10782887711.008163,0.0007030543485945
0.6737886785605791,0.0588301213723305,4.390746713600306,0.0085165139080192,8.06801258030989,3.707958708923871,0.5036765569831922,111.98459241766534,13870434427.95988,0.0
2.785662435850803,0.0166797499307901,1.8612536525628895,0.0074833800618643,6.973919773407549,1.913080154632416,0.2410252887798569,66.99229622454602,12320539514.851118,0.0
1.5076172335000386,0.0441173571447534,2.296824427319532,0.0311489810825166,0.4343441791268482,1.212498562142862,0.8310277945391966,96.40698546078796,9926982429.208754,0.0006828535755521
0.4776443571747649,0.0737485914402269,5.415970467651226,0.0082409410690829,5.440186520251888,4.580089942397179,0.4474043198433866,106.19946023491131,13849941035.016474,0.0
1.685844842795876,0.0584361939184887,5.467988150951043,0.0222820951990983,5.553785439987998,13.961528659294592,0.7118861242476173,74.18066806074057,19127484884.312862,0.0009830811253994
0.3119604612805145,0.0156063110448667,3.8569993198907184,0.0072087000618821,9.01133639126979,9.730878614736817,0.8321410576213575,129.8360008203028,19649168628.987823,0.0
0.1378719988295584,0.0051711464614752,7.830559884769447,0.0350462821295121,6.745175641500606,2.2065245240510465,0.133070309558534,104.88527399876249,15822235663.914314,0.0007925230050659
4.079403575931022,0.0775319446012923,1.0761413990339077,0.085401635310224,2.61017150082306,1.185247592578859,0.6514366122252139,117.8095254386676,11001803687.728014,0.0006859922398789
3.663378347418293,0.0685978300521308,8.606270429486054,0.0068656491180882,6.505024393806349,5.497691023264071,0.7340285432027163,94.49190160287417,16943402491.15664,0.0
0.5860692185435471,0.0434133063215402,3.2456405755993933,0.0045073696057531,9.400374079344912,3.8522011982179727,0.7991179751243148,127.79391804214492,15224237798.629875,0.0
0.1514687212077108,0.0261673007269633,2.8147584156806587,0.0071629312251829,6.248881982385611,2.0656237068829606,0.6973920601052765,72.49815999340854,13139077328.70453,0.0
2.4707833871796345,0.0246745445444548,5.947250448420522,0.0201304341355679,3.868597289945933,7.193025900328173,0.7540267846095219,80.47094584573144,16536933488.720234,0.000749057840937
4.015741489098489,0.0818591158401227,1.2855949355399472,0.02635267284493,1.8372053494928795,6.582502624316973,0.740639303168626,91.32858088763976,11612927753.195494,0.000556681276434
1.2320120138262334,0.0249707185616266,3.77154694550504,0.0077494473468733,7.817737492440822,3.49332758453776,0.8236069614825839,118.94520431240636,16713258589.285269,0.0
0.1188224740197795,0.0126954301094369,6.795476791418385,0.0040461682088908,6.519669010565823,1.553414933359276,0.7341798486436527,71.12029529240776,12829089739.820168,0.0
1.005754315594578,0.0857288924609408,9.772950513501431,0.0191488882127036,6.258232926096785,3.1186700839423858,0.1091968984288757,93.82075973589096,9875585181.495396,0.0005976986685905
2.5618032008051617,0.0077039293886832,4.807728414642317,0.038507557818802,2.1844691038942625,6.005310552825241,0.5866683868153177,81.66414198354894,17904172615.967045,0.0
1.799283002686558,0.0317161710549902,5.974247926203376,0.024033676844268,2.2351308391844813,5.016587966311023,0.766641106267457,126.95280250939284,14675816490.32252,0.0013357605472641
1.094279417432869,0.0295983309851274,2.1836532402839848,0.0098694455029407,4.253348752797704,6.302713855951694,0.8161936166643512,120.33631160846616,13542465039.518082,0.0
0.6053711913583386,0.011872798884065,2.925215511456432,0.0032732061758468,9.90009086944518,1.544050098678944,0.5934422868536228,118.9178246673834,18407352521.71151,0.0
1.1996396879920417,0.0264315606994543,3.100162984480711,0.0205676127510274,8.062738613798647,3.60695526425541,0.6609852316909332,94.41190288019068,16033306247.271648,0.0012645736429258
0.1884951006552132,0.0531598047807648,2.869805715781564,0.0475017890872129,2.2241187832310327,3.2988356151008555,0.5027081409254209,125.20982109003104,9148141169.035587,0.0009040197163289
4.15374436194189,0.0365101747140781,5.494054146556592,0.002055514957459,1.7533327982561475,11.268231305886978,0.3427127504772224,95.39728560209252,10293565238.104967,0.0
2.25161741456441,0.0774676765256278,2.621889237884896,0.0048932208232733,3.588562422692457,4.721880020484306,0.5905213184071741,117.42709792956374,15958205904.844484,0.0
3.526433749565708,0.0908058218752968,5.075697174190141,0.0527857936767601,2.75692916364139,4.943427601053956,0.6890111266758324,84.31265741644985,13605474194.702663,0.0009345396006309
3.086464765703662,0.0991058414920931,0.5214348478666889,0.0262298288042386,0.307782590889383,1.352677845008213,0.6460778848495454,123.2995859063953,9192231176.634275,0.0006990222240655
3.4736901594335974,0.0938929542210326,8.95295325181637,0.0144667320368885,0.7553635857503401,5.616027612072358,0.4955826183077894,109.63572172536028,19963893369.323376,0.0
1.7021763596460096,0.0100330456115925,6.8722489701560185,0.0086199077612824,8.44017240904785,2.212331169060568,0.2602189552272976,119.52846489509182,15370087504.903055,0.0
0.813556522071114,0.0067426710787041,0.2691105451378511,0.0411919524820954,4.738946576193226,4.294635746860102,0.5904278663526559,115.07293482302106,15404080454.369535,0.0010582771039257
3.487959627027052,0.056952720179484,4.942418774941555,0.0060564574919594,9.203589228841729,3.474788931375905,0.4363109465932158,118.57464231117582,12839148455.66995,0.0
4.891979913629887,0.0653506221047885,1.9408672065580848,0.0850976237012944,7.276681744079471,2.6670034122005646,0.4081652673393436,119.06813329072224,18493557617.056137,0.0005182069208486
4.824382480465921,0.059160996706318,6.182110924941815,0.0722950921579944,0.5530135007107725,5.021314398805872,0.6295523375644335,112.67742156584382,10516681788.314192,0.0006177641146491
3.250506859715978,0.0736209137924942,3.4657299741199576,0.0108145007261036,4.208630179431835,4.943103175146367,0.5812549311398827,115.61929962939006,16107084808.588615,0.0
3.240735397466667,0.083203628621224,4.711236730565501,0.0084384980079428,4.922339941168866,8.575928242431992,0.7826529914393839,119.9972394195701,17388951509.3913,0.0
3.19752813408659,0.0982611242262463,5.439413619715884,0.0253983664761608,2.457271524276172,2.7537371021811428,0.7170271459612828,104.63303973527698,14163924235.195415,0.0007310856404351
1.6839963365077553,0.0147466163587554,3.2678858521428547,0.0059730126016259,2.28485599692522,4.140605619865971,0.15129467016842,82.2942940156002,13204816097.097002,0.0
1.0007388150290135,0.0652257370944945,5.226472137644675,0.0346663614674032,4.895293474679147,7.080450490920676,0.4419803242101389,105.47077031425114,14669172570.118416,0.0007449156603174
4.398501989156531,0.0424353814789245,0.5240707566527888,0.0688460850450843,6.899358430867943,5.749564497610605,0.2179790288977186,85.68207056886743,9678130008.51076,0.0013918610205048
2.824041464567851,0.0610917771396903,2.776147458649323,0.0093124918512346,2.980983543133615,6.212903172092205,0.5775446350945276,94.81821071024405,17674851767.141777,0.0
3.075010379221012,0.0753338335614428,5.007394366545413,0.023101786576609,2.440987176142812,4.838070815462384,0.6896976378469305,115.0558480928112,12690418006.91687,0.0005822082534122
1.2487048566878023,0.0497882118201192,2.062935138667344,0.003723787792721,5.52833420958696,4.4229017212946005,0.4506899072511157,115.91926158354592,13634371974.23485,0.0
0.9014444859892364,0.0358510672865395,8.452308616324737,0.0891261182170279,7.485761762447789,3.2465129328190736,0.3449494037032287,97.91472315309228,14300879821.92539,0.0010720719131139
2.174337705348988,0.0297684597681713,6.141720313742967,0.0205888539428237,1.8629212812054512,3.846290446763464,0.4297114885631732,89.23595234503784,15374111095.976627,0.000893755085196
2.521566338385673,0.0856446296618296,4.3561937860926205,0.0016007182291496,9.2292545878853,8.009344742738264,0.5266778029124363,129.90843432646878,12852844155.392525,0.0
1.6478852244369937,0.0334855303525772,1.3496354684234322,0.0050021831992386,4.908960232794989,3.2797744895595025,0.6370877304067638,117.40570804990617,18244770027.75995,0.0
2.7962918353665955,0.0929262736032272,0.6545032630674367,0.0071816189196812,0.3213320099430653,11.771048225951894,0.3000986272987477,112.83764812376816,10728406249.905762,0.0
2.5972157944916114,0.0833579910067679,1.4521593839728704,0.0193232789514382,0.6901181726630107,6.183801136012978,0.2990977853980929,91.01401321800094,13486393400.038595,0.0010717226890831
3.380962430781005,0.0372573180796218,3.745016818700084,0.0238004283184761,6.601954138521281,4.943327502187294,0.6436087661114287,102.94036186292288,15854240295.476105,0.0014478033546575
3.148412823035,0.0400360692727124,4.803330521452066,0.0369646312171697,9.045321785140631,13.048952078195192,0.2906646701287891,65.14806635385821,15541426086.233822,0.0007537016161855
1.258914448511906,0.0105957463581128,3.601851307618308,0.0035912746597868,7.12755537499344,2.2384721779105234,0.609196943299863,128.6799832103489,17688444937.477753,0.0
3.018653984411021,0.0579949398177116,4.23675091930861,0.0264887031004265,5.004185875643603,4.407738660271598,0.5533044159205682,96.7918961316209,16505677794.550304,0.0007066587562706
3.038328507867071,0.045847627895668,4.184260597941592,0.0261017557077419,2.477160181228077,1.8850550472801948,0.4503708122747963,98.27531769167022,15170781031.372932,0.0008813843323605
3.08828535220575,0.0698782825663197,2.7324308159795145,0.0616251810182163,1.5867898665246558,1.1795942406972344,0.6376464634688966,91.42631958421454,17076944114.414003,0.001337413439768
1.341434459786214,0.0127743563883692,2.875777408657948,0.0056338116176272,8.318276315279428,1.037104728690078,0.6147923932707043,104.7941421697704,19985197398.069576,0.0
0.2801059635842159,0.0119588927395024,1.1553649572127491,0.0064036857171301,4.301243853607716,1.6608444925376609,0.6936487644971654,120.10485244567391,17349297609.460155,0.0
1.2540711061212837,0.0384880162734801,2.479498160200216,0.0161849969332299,3.770607617896473,4.555454684491157,0.6250010374131296,119.64958525268476,18644890130.46324,0.0
3.430582312709028,0.0939872721624292,8.623474139979807,0.0067895617767574,4.647428939497284,11.251135547736215,0.6793779412696361,124.55999338375742,14793178885.00061,0.0
0.6951737830070398,0.0680423084366783,0.7229915581157007,0.0488913995312677,6.743614680526243,3.3427472375645277,0.5297856067019513,90.63348077926938,11206502202.06303,0.0011693214712327
4.1076304291268935,0.0651990281192355,0.1159938909506607,0.0610081196041377,1.4656027749398166,5.70966087219094,0.8021336498028059,113.64718114599602,17640888486.524685,0.0013852657117917
3.968744014345549,0.0517262369240321,3.5092849761088765,0.0062143539624005,8.401945538701288,6.213258957614734,0.4506227546357556,128.14039051057264,12261407674.65661,0.0
1.2578407382479764,0.0393066787139106,3.2356624080405885,0.0144491103550445,5.074122277793335,2.214960477580327,0.0460742615416378,93.40368013842732,18834359611.30526,0.0
0.1514687212077108,0.0261673007269633,2.8147584156806587,0.0071629312251829,6.248881982385611,2.0656237068829606,0.6973920601052765,72.49815999340854,13139077328.70453,0.0
3.3651036148618583,0.0982688363581751,6.323293606471695,0.0060899070742529,2.1116741930042786,9.617361657318108,0.6872810096917509,129.72485250686267,19438670430.24705,0.0
1.6873121021325006,0.0629858255748972,0.5631265182053778,0.0075055541735413,5.612012481478992,3.827108761453931,0.713167833144645,99.6684740476072,17666448695.338623,0.0009997179485076
4.699035862101485,0.0362772525044903,8.94512049141482,0.0336234774123557,5.552959800050962,18.93681017907229,0.6970484708853623,100.33194764716174,18300714020.31694,0.0013298266599366
4.65607304096176,0.0423476515224157,6.018365230801751,0.0527986850890992,8.665031857490067,8.59088743011002,0.7138841206081331,107.92242200941024,15956402545.769594,0.0011004220254426
1.4229903552961436,0.0366460727411653,1.5030061220031044,0.0051535951829626,3.700979579344085,4.113874587495672,0.6467049623226104,121.75237122493633,17940618362.646564,0.0
1.6142965808448373,0.0296524727759385,1.9767251899658256,0.0056792818448434,4.641577202520096,4.151296648004281,0.5965587187432781,108.98029987334792,18092459932.725166,0.0
0.4618246116062167,0.0748942876363918,5.388465350596244,0.0063702834135669,5.1744903984084365,4.648656468929971,0.4409808035025632,105.5366168309226,13881006274.360512,0.0
2.3792849128562823,0.0507116886912291,9.724358950646922,0.0153758044084109,9.144267907096634,8.583321567103994,0.4841825769939638,122.02032597181686,10984920681.376204,0.0
0.4668418950403923,0.0222926786366423,2.3847176169094597,0.0330275047424822,8.229854022147011,3.58742459331546,0.8107050265292584,99.9368569500634,13779152743.935896,0.0009035314165919
1.7828496636108115,0.0607369600830123,5.044331297685191,0.0155584278493311,3.6104754155433465,4.941493788514933,0.4120890269421845,101.4443104022537,9033688243.756037,0.0
2.174337705348988,0.0297684597681713,6.141720313742967,0.0205888539428237,1.8629212812054512,3.846290446763464,0.4297114885631732,89.23595234503784,15374111095.976627,0.000893755085196
2.538295354867308,0.0238216870381843,3.4609264307955008,0.0209517709888737,6.380334723240146,2.271828406914594,0.5702231597154318,82.59674517282535,18505263964.11084,0.0013513888283617
1.514542617189463,0.048969268562895,0.3845360073095909,0.0270500920255484,5.044261732999259,1.6081695072202795,0.5295136198960487,111.18290133274384,9195761321.466898,0.0009523659888621
2.3876227136337573,0.0836997720189316,6.629677150324326,0.0047919897450486,7.807931732921968,6.34923190276611,0.6820575647315154,116.48072604809546,19462404183.99165,0.0
0.8434144565903728,0.0314235692326137,1.7467953595471537,0.0099890690281713,6.472165688913608,3.606431076756063,0.8409696968914963,124.4398698995033,13827403176.961391,0.0
1.3735939817561482,0.0659840524223307,6.122637763122487,0.0033396416947027,0.146597025331586,3.085554867520843,0.8104476383919369,127.67060787897825,13691867256.665203,0.0
3.0183881512999857,0.0579797900355612,4.237854655232852,0.026481735022538,5.004674254853718,4.405643592005413,0.5533796555533267,96.7875919422982,16505360868.159452,0.0007066362974957
3.4216231212003856,0.0440399932043685,9.738384772270129,0.0426098401909598,9.358462376999912,15.369313428592662,0.7191478627633473,95.314465218288,18184968438.74437,0.0010624344026523
1.8749869513920507,0.0856493133341769,1.130881961385319,0.0186757325230826,7.388242480168348,9.084400727168468,0.7601070719895885,121.42685419613431,18455982102.12512,0.0011778763575981
1.0808328950413997,0.0272210111338468,1.916034290573121,0.007885899476315,4.381494680020606,6.236583004424847,0.8069660531502868,120.01170092189098,13599521097.945564,0.0
3.767900114127158,0.080973515601162,3.836058590668638,0.0055824541726368,4.344985102747332,5.164266077383728,0.80701354484288,121.5067689691134,17276336003.14232,0.0
3.209030130587092,0.0804400816671095,1.4310126573661022,0.0046394988186422,1.916504822267917,10.687741218227451,0.8284833362668478,106.4478118851608,15912519679.322935,0.0
2.578979846078067,0.0756727810139015,7.415130094910999,0.0179451224359691,1.0637125751419243,4.927185371768657,0.6244575812354216,90.24708070701288,11710823219.552292,0.0
2.355395415469319,0.0429100611135895,5.711867984437133,0.0174946217697862,2.5058148427785465,5.323646055110974,0.6968851389619616,122.37329193663996,18355013612.62764,0.0
1.842920818695453,0.0518878729962937,2.56478509198186,0.0014541036882868,9.72624880442083,9.285736810433557,0.7136437301695465,83.45342557298875,15410383413.54322,0.0
1.013783098045857,0.0703280950020855,5.572097071662892,0.0096982281999251,1.1587208459524103,2.185797662086946,0.4309860371436479,118.43057539140074,12311210491.729733,0.0
1.7062420248708277,0.0513299173591276,8.434721493894472,0.0028452262052862,6.518753090193973,4.352796813338501,0.4376266396269337,100.43500720332148,12203956573.264011,0.0
4.083960321221643,0.0536920515848379,0.6362487299145927,0.0946602829621678,9.22073682654182,8.916058112686661,0.0412886562534928,128.43779659367084,9802083641.420755,0.0010468842719283
4.057010325129358,0.0940435157012983,4.616142275694158,0.0051585103968348,2.362183533546488,7.681831479455719,0.5416979712170138,111.05283860295032,18910576674.244656,0.0
1.3949807240313832,0.0806116572325117,3.182189801901738,0.0251552546750245,1.968433815663149,2.9257570611815447,0.4625052031460341,126.4757350993146,10338835044.715227,0.0005247307211919
0.9944604273124944,0.065227130050984,3.888747742327632,0.0094519285406402,5.202789420264638,2.702560622301712,0.5300638090218349,107.17232993696808,16720141837.678123,0.0
1.9260785986746505,0.0600247078494047,9.04288833534439,0.0139000760118885,0.2253392718169669,4.0467605360557295,0.2354298403695484,82.7616438001435,9645337654.052065,0.0
3.6048307500683134,0.0981784593507377,5.192979071187621,0.003132949914361,2.5029218353232503,6.418142159168855,0.8489822728554713,122.22731471447774,19849604753.28268,0.0
3.16586173382873,0.0530479516128066,1.9702657861653896,0.0023036372114808,3.810686766029578,7.710966941154416,0.5037849178122646,118.81013097562004,13084772603.62658,0.0
3.6048307500683134,0.0981784593507377,5.192979071187621,0.003132949914361,2.5029218353232503,6.418142159168855,0.8489822728554713,122.22731471447774,19849604753.28268,0.0
4.02828668326996,0.0921004802996581,2.6455855787503872,0.041371539586886,1.3226244252217834,7.503880535281355,0.7243145289174792,116.97436619444755,11169047979.35352,0.0006553965639773
3.1203329960915864,0.0995576023515839,0.5713433007563872,0.0261826024684602,0.3527217271658313,1.351686599219331,0.6518825346048118,123.71912600781616,9191988116.53656,0.0006985597029852
2.835593004230371,0.0683296054101603,5.1951522138209,0.0045838388713947,3.173730559548091,8.654768172726653,0.7524917737003958,128.53510511237982,17272630481.483788,0.0
2.6219450039163443,0.0649382726837464,3.127469081275163,0.0198796151036552,2.819466537659629,6.507197209839207,0.4987046938692725,123.335470583525,12295661350.432793,0.0006307843775796
1.1518081811302374,0.0663508676207323,0.7416808499218805,0.023597231781739,0.1254516645763002,1.3846958378287484,0.6158261502772158,121.5968778440498,12198292882.059015,0.0011887053060217
4.957919333536008,0.0379038675121342,5.716965586850185,0.0205888478506343,2.918844543239441,3.652453502400941,0.8006112499407326,112.5517906586876,12663724906.829063,0.0006416792631892
1.7854913431703627,0.0641346848027288,3.0131112596023484,0.0071448701522319,6.117599689320803,4.8125165268777605,0.7534958394016672,125.29485154433614,14339355631.93837,0.0
2.8490971913458667,0.0512617790606509,1.6984818677953144,0.0088452404029333,3.1122701282674026,7.559881183870047,0.5671995633739559,92.97448411582076,17772654787.411312,0.0
1.23279787436778,0.0249623370582607,3.771514871561101,0.007755507700033,7.819619666614366,3.4936559010723225,0.8237302104446802,118.9582824662055,16711218900.599464,0.0
4.805068074602825,0.0572057252433768,4.788270567275293,0.0495493956152211,1.35260926428728,8.390158118009904,0.8313066956481322,116.3036958815993,11770904026.039606,0.0006109824289846
1.2083591335501738,0.0259334956675044,3.9135951384139007,0.0075691106158237,7.781025638064364,3.52381966226905,0.8197059387187535,119.46153265547156,17057674226.089552,0.0
2.9459882822136154,0.0689884503275188,2.4132154574343625,0.0225836782590483,2.5043840565325617,1.1455541122706947,0.3498698967717282,103.8451819693821,13364589758.698296,0.0006172122981695
2.86159264308662,0.0579238235377555,1.1092736490608808,0.0158758494546452,5.316626856974057,5.983813146594493,0.7987431257703063,106.3622358406497,13399414857.204334,0.0010815619939384
1.5525877892670814,0.0363079779332736,7.59984550714444,0.0331615329120848,9.243911368943785,5.554308155281886,0.6376259103684047,62.59878934792815,15520130344.3276,0.0012292899250211
0.2930131695957527,0.0627724144454799,2.605510383678207,0.0031465140218333,9.194619610025274,6.293111595150698,0.5789536431588005,106.09658588666387,17364771210.85887,0.0
1.1010327564957685,0.0207495017861748,2.754667782809896,0.0138783635550849,6.762850149842552,2.294733666372048,0.6201317926859368,83.76956541886094,19875103945.804005,0.0
3.848728549594936,0.0722341983788309,0.5842529262582585,0.05482837093979,2.245414224195664,7.817495917636375,0.1580980592314365,95.32196699159402,12735912926.360493,0.0006311034006024
1.6930227688072332,0.0516925636238898,1.1804541441038314,0.0066417240528519,3.7946623414387615,9.006128901929305,0.4208518299467196,120.08028010689463,12806626126.813583,0.0
1.6722465801964808,0.0948887166594054,6.394034989675268,0.0194904400429069,1.7226311429482188,6.096718766381192,0.8415280495617972,114.81676950667266,18688603027.71773,0.0005989409343621
0.3516083310597513,0.0609161010165194,1.2864361063974838,0.013280443307126,8.084537019612293,2.32084735022821,0.6659587060476915,118.22392867337408,14218813639.137417,0.0011918028047839
1.623953204519455,0.0348592081436116,4.9491443113197855,0.0344480712117881,6.71948241084919,3.916233004098932,0.6965006192940326,115.70049532239833,9266999485.965157,0.0007806736169358
0.187926075679654,0.0743602372933132,7.175794328534601,0.0234701554948917,4.067586592666365,9.684515607408423,0.2397315940181154,125.51335806587328,12646461128.980907,0.0007419201882925
2.1739543938622967,0.0399987242575634,3.5990078489820685,0.0321677651954899,5.437739730140689,6.105354473361364,0.6520045055294058,73.88778652282716,11322861316.063576,0.0006470451861705
2.2931775703255104,0.0326437508419726,8.488462443683316,0.0179600800547824,5.810855985329233,7.403030688833388,0.4353764158894498,71.58711254657929,11267052992.421844,0.0
2.8297971506758017,0.0715228218424221,8.121720881835428,0.0084124651000358,7.046888524420056,4.625875281199503,0.7566855631057219,115.50120127863384,16224790513.06018,0.0
3.9760432606226663,0.0554646733757925,3.0117771796555988,0.0912704803746505,0.2673596875226621,6.1792983484951804,0.7641172695349213,61.20870585707023,10154325688.204647,0.0011487660249336
1.3885114489245305,0.0292312081941522,2.799978564589501,0.0192562172650674,8.844288822693034,2.9014936668608717,0.80929335483231,123.97023437545532,13597650556.623043,0.0013822558521502
3.16681332817974,0.07125184504097,2.441708252912135,0.0147977225314512,1.179214522352504,6.647162768597996,0.6222012216697566,103.72644622572304,18744781832.82694,0.0
4.489585367307352,0.0970728600470071,0.7368363029840622,0.0020731877902212,0.5170480666424367,14.495430616947544,0.3738860450144928,118.01329982325888,17700851851.3789,0.0
1.3706015890657446,0.0417409770770309,3.199678651711949,0.0168042270468787,2.49590186810591,1.825381970425544,0.7482269339506433,84.33721997282528,17514014530.73478,0.0
3.097271644743787,0.0410584323890186,5.981020365967308,0.0630240791036728,8.498788546087054,9.076263644732736,0.3613978832052081,61.32002165871172,18340621942.45702,0.0010052186247162
2.572904273248405,0.0396466331874267,5.319428787848911,0.0031565547295006,8.03067638411442,4.725674048534838,0.5235093459931431,120.59792158816224,15960674470.554012,0.0
1.213740204388696,0.0582287895373048,4.721091395547614,0.0108757019827785,7.178573525955038,10.145214735327098,0.4257505119319329,110.73153744911936,17876564301.698486,0.0
1.6930227688072332,0.0516925636238898,1.1804541441038314,0.0066417240528519,3.7946623414387615,9.006128901929305,0.4208518299467196,120.08028010689463,12806626126.813583,0.0
2.5830554908301737,0.0200629048580888,8.032937506163693,0.0171847368830384,8.996624383606449,8.078500366782334,0.2601924896609704,127.76899661308956,11742391048.278288,0.0
2.074797722391639,0.0276766976403981,3.2023510421651933,0.0116120169579727,1.3144996173807313,2.5850708232764656,0.5065470344074501,71.19684781637686,13472140460.717028,0.0
2.778003497727332,0.097814682030345,2.032875084906646,0.0084772033043291,3.051075498683563,9.25241277666008,0.8382590172890063,125.37015488961696,11893309178.808949,0.0
4.360016642288057,0.0334802807822856,1.5120889386002927,0.0592814062721881,7.336414906233869,2.822062346771698,0.5295409173791921,68.80621007395918,12434462213.740145,0.0008431216082912
1.736686554983249,0.010910942791856,0.6093457843643101,0.0470139935413057,3.682225256800598,3.244022245510197,0.4874725098884525,105.14265631999972,12092597146.71714,0.0011410912691268
0.7428774642075855,0.0120480100474346,2.9184004232808487,0.0027562022572555,9.945065467111991,1.303367231417837,0.6093107940964088,118.00937823013088,18551865002.61301,0.0
2.846345402764152,0.0930376630955465,2.205681060011465,0.0217262759038774,0.4862840953142195,5.417480948522646,0.6183014249951002,102.170823202494,13390487669.768768,0.0009303999035522
1.3501649019649724,0.0115299023716882,3.0707495231926294,0.0041964111093365,8.618231579788793,1.204058854215192,0.6282461762010587,106.39380228282396,19735857019.444584,0.0
1.7509401036674623,0.0155784321295669,3.4056188750806755,0.0067469733752697,2.159399371841765,4.720817724043024,0.1594471330261458,81.57587282482544,13216989968.717651,0.0
0.2869986717256638,0.0051530876708619,7.412511279972137,0.0336702506604453,8.74659379801159,9.69391183745637,0.1930462754617695,117.05708321237312,9098500319.156578,0.0005817284340356
4.342114979325923,0.0779739422593808,8.959542550013367,0.05386194177086,0.1789507316918312,7.147278851550946,0.7622672200805174,128.9372240993861,15979531948.581385,0.0005042994928442
3.98632220032562,0.0854806795652274,0.6610510931038632,0.0200196811659958,2.039378902925176,7.8550480161231855,0.7108713688934674,110.71736037405395,12510403959.204628,0.0013703654240268
1.1807754988577217,0.0084839878022001,3.807690212636256,0.0081617550155398,6.778124231822359,3.413242166235377,0.8183153113882474,116.29727076924527,18180532416.89841,0.0
0.9870269873531132,0.0670978168538904,5.234639417826193,0.0024891422654233,9.920517524483698,4.851724914191707,0.8242037238834181,118.84780627028738,17223425590.275986,0.0
4.448741190959955,0.0675003381498142,3.2898886635075706,0.0449376270539515,5.25646973950941,2.8461828441948085,0.7503870863996969,129.6168389836548,13043096056.398884,0.001231188926121
0.595495354484305,0.0816072211072718,5.998341974108049,0.0204177187961204,3.1141422820690705,1.6575392072329294,0.6692988113158237,107.38382426151624,13908152249.03337,0.000811006444423
2.6106540425590605,0.0551503182184745,1.2671564332327163,0.0195910714225023,5.728195620502966,4.965400818744699,0.6905161260125137,105.86816816572724,13139127182.007343,0.0009800114257506
1.3511218150946596,0.0115507403182858,3.069878699493606,0.0041994843096158,8.61693785380757,1.2056865723135215,0.6284635956948712,106.38577327058648,19734080761.81443,0.0
0.4069823077240269,0.0474209618339503,8.255910917730187,0.0020902060905602,5.148241963665472,7.651335818144451,0.225308800009455,128.7381273328118,17058270784.164936,0.0
3.83535127593785,0.0815289654993949,6.3619694268641656,0.0215010212278559,0.6079594885169989,5.825531084300903,0.7284743085210329,118.887268460187,17201038944.237885,0.0007153524033611
1.191936116394814,0.0356439074452572,2.273551056208626,0.0143832412603972,3.597987586902604,4.662028109795814,0.622624830109765,119.45426283218842,18502941547.845543,0.0
3.8503739769155176,0.0439095668742203,1.4639368101801638,0.0379144592660621,6.833998589218953,2.1927278304267546,0.5207233000106583,82.1848633462719,16287597246.392937,0.0008693213383112
1.219791295412659,0.0267885239699667,3.089437629129124,0.0207377139460419,8.09632784664699,3.5717507763308567,0.6585989420404273,94.43172704351868,15980361277.726015,0.0012628371027234
2.7700804781053785,0.0423930671861253,3.955509971214386,0.0108053440130077,9.457045086970322,8.15641786417175,0.1560580043859253,113.9344372743531,10538050495.70737,0.0
3.4892673281066253,0.0997418788228755,2.5484476617844942,0.0062566323035868,1.6495815872384505,4.878662187840755,0.7788397394001241,113.87967498421392,11584124836.864704,0.0
1.3957177400859089,0.0821125513080254,1.9301452842358136,0.0151960046080151,7.70926103322082,4.900311446487372,0.7996595634773227,95.6663350990478,17110654604.894669,0.0
2.850967722273584,0.0823882262471279,4.91075288284122,0.0173943537655832,4.100771825227005,5.976288599118533,0.6453570206243001,105.13791350747276,17731129692.235104,0.0
2.5107249979108874,0.0761790129423024,0.90877140173178,0.013004180742522,2.787540561290525,12.410548655711828,0.3644311790021173,110.7521674526598,17547188088.79332,0.0
4.430461696650849,0.0589708511091843,2.760153068216638,0.0752075151985322,3.746794854073894,2.300150426481094,0.7006112303273774,72.97295919304037,13182160173.814854,0.0009452065128597
3.151828267265286,0.084106474567935,3.8291817397959615,0.0112637652437529,3.727402952808065,4.577316290905777,0.5477863173583392,112.4886215716554,16401661866.288584,0.0
4.824382480465921,0.059160996706318,6.182110924941815,0.0722950921579944,0.5530135007107725,5.021314398805872,0.6295523375644335,112.67742156584382,10516681788.314192,0.0006177641146491
4.140844115772359,0.0456030066577972,3.0100170518345,0.0144606397239999,2.982945740065712,4.367076992003628,0.7023931406336261,124.3631154986071,18355063561.985157,0.0
2.635410140533481,0.0581431642429592,1.5588037585902934,0.0193325279675314,5.586764894373236,5.245456818572306,0.6813772000702691,107.09955263545912,13008830400.44262,0.0009713626156002
0.8683283552737077,0.0333185993320428,4.736885057427992,0.0434855257344356,3.532736130966389,3.40159677998731,0.3603708190315564,121.25319954229494,9542685699.219309,0.0009116667673536
2.521566338385673,0.0856446296618296,4.3561937860926205,0.0016007182291496,9.2292545878853,8.009344742738264,0.5266778029124363,129.90843432646878,12852844155.392525,0.0
3.392162847092162,0.0798996501716207,0.8759742805051793,0.0128683224513125,4.338911952600641,5.189033027664531,0.6585456491936161,109.08766197884484,9012171370.162031,0.0005938081188484
4.030413931639298,0.0329112793650751,5.571124413716967,0.0232396880266519,3.7535704273910113,7.888172813666258,0.7171069240328665,126.79737844807858,11251840102.182129,0.0010671523080705
3.5590971413318178,0.066501883112548,0.3625659013141646,0.0335557306232926,1.9742818495501275,3.9345106470635502,0.4020772318668731,107.58199269382864,13883993080.323229,0.000657485882601
4.689549834255216,0.0855335003753854,1.5033888280106775,0.025002789879314,2.30576953301398,4.215836247819202,0.1517596350512768,90.7482615984834,16325738663.850248,0.0005469582593493
1.6367288120962782,0.0522804436894848,4.598587249604509,0.0039830963713318,2.464662598250792,4.995798630707431,0.1958982018086078,109.44735445619142,15376869459.16724,0.0
3.4635429731625225,0.0700663496204583,6.536123629902463,0.0653526380759132,2.3008237335303776,3.778907550302237,0.5762482489808405,88.82425469137316,15280551450.628183,0.0011342216968494
1.6908248576503917,0.0273618574724932,4.8898342554957726,0.0192485209650121,0.685687426319414,4.101152235970442,0.0428688653076501,96.49608810321934,12748920710.145008,0.0006306613407769
0.8434144565903728,0.0314235692326137,1.7467953595471537,0.0099890690281713,6.472165688913608,3.606431076756063,0.8409696968914963,124.4398698995033,13827403176.961391,0.0
3.5882653703233145,0.0489653018227109,6.305535242516936,0.0250277361009208,6.604213901501259,12.018401259198578,0.4158481611965045,90.82201396507102,13913314106.011436,0.0008926011801463
1.219791295412659,0.0267885239699667,3.089437629129124,0.0207377139460419,8.09632784664699,3.5717507763308567,0.6585989420404273,94.43172704351868,15980361277.726015,0.0012628371027234
3.767900114127158,0.080973515601162,3.836058590668638,0.0055824541726368,4.344985102747332,5.164266077383728,0.80701354484288,121.5067689691134,17276336003.14232,0.0
4.457675918722668,0.0657107758383819,3.20874175983977,0.0480670093058007,4.999137896034467,3.0440484028876487,0.7589221427784645,129.67903263979144,12853753972.339567,0.0012347948066622
1.167791227338634,0.0640318165479856,4.059686884339872,0.0131154248784858,9.97374601293401,7.23864058029003,0.5162765978695221,112.22412305231668,13553571867.208698,0.0
0.1370365073598453,0.0443496163021617,4.219327932079293,0.0017475870031358,6.935472730345632,6.0649433522827865,0.6355222831868076,114.51786089798983,18496292347.638702,0.0
1.697145379142899,0.0334904662163898,1.2606640629089008,0.0038541187085007,4.988448736049691,1.4059184094615662,0.5886467842101861,113.64742654703755,17752990942.90743,0.0
3.6048307500683134,0.0981784593507377,5.192979071187621,0.003132949914361,2.5029218353232503,6.418142159168855,0.8489822728554713,122.22731471447774,19849604753.28268,0.0
0.6125415066556567,0.0099957606422079,2.889551247294952,0.0367296559549562,9.866788184085047,4.026216413053311,0.7306925190114292,103.9768880473454,17783583678.85164,0.0011625082378175
2.0275116355159395,0.0856329021244922,4.881955068710147,0.0383654017761649,3.240688948129612,3.435986551200991,0.3664444911667701,115.580097882268,12937528814.337915,0.0008128465098456
4.723938752979325,0.0558165386332767,5.271971435711864,0.042127030079365,0.5066606864571085,7.217751989303676,0.6492024575449697,109.66984488331435,13570772451.164804,0.0006824346789699
1.7931942659558664,0.0306214035517753,6.240182186179773,0.0045666753305604,9.923103627265997,3.870166707739051,0.5319327303358671,110.6110644542139,18006880886.064438,0.0
3.003255822949952,0.046724551461151,4.141249014128038,0.0270686789456918,2.134241021556879,2.4165013943446576,0.4104081225801263,98.92687775937652,14892258082.875256,0.0008922277824043
1.6844222351084044,0.0542767997558652,2.3878964752012246,0.0043531078299581,7.172667940720435,1.0417520918386114,0.5703084167243556,128.47475664951992,16416676301.869396,0.0
1.5083344009660444,0.0403462973943447,4.9702435648337655,0.0525031089945436,3.750701133422512,6.643548441468633,0.1899895848870317,71.18056564585338,14860965170.5684,0.0008726402576429
3.43173985930683,0.0499828846756288,5.637079864838464,0.0249695139176474,2.4319183633614725,1.5280048868394311,0.4365457627839757,88.74202899864616,15771187412.998924,0.0007521569609276
0.1641140116470548,0.0847051563243104,1.1217250735470492,0.0164189687936535,2.198657397564201,1.5955358981417078,0.7949664556046299,86.88477474032582,19984658199.669285,0.0
3.663378347418293,0.0685978300521308,8.606270429486054,0.0068656491180882,6.505024393806349,5.497691023264071,0.7340285432027163,94.49190160287417,16943402491.15664,0.0
0.675482816408367,0.0124259427434769,3.664941648820208,0.0052674595039471,9.760474037236056,1.8164012958576317,0.6046899501640897,129.4184862422455,17413247529.7837,0.0
3.3641370182835586,0.0709303440937607,4.263620336048102,0.0106374846501305,9.289098713282208,4.890384250617514,0.137267698887875,109.37964517770966,13740758732.793867,0.0
0.595495354484305,0.0816072211072718,5.998341974108049,0.0204177187961204,3.1141422820690705,1.6575392072329294,0.6692988113158237,107.38382426151624,13908152249.03337,0.000811006444423
4.934828969425947,0.0509953769782067,9.907129092205771,0.0638795884753291,1.143539107630836,6.84175315781035,0.1667485918526783,96.89521669339264,13633970718.360306,0.0011665514440385
1.3560256924595475,0.0593884303991182,3.624518005730604,0.0035686354709849,5.9778194207080135,5.592988271993804,0.7773986444893375,120.48534183303744,16565127586.169758,0.0
4.478959981056403,0.0861953173922751,1.1747678094755545,0.0456484822840882,7.065732696063078,2.6921117071201266,0.6074269856692437,122.54223286833404,9882431111.15615,0.0012944031446605
0.699373179131624,0.0103205665197272,3.65811279354248,0.0034546888098893,9.81304955809668,1.502073614166183,0.6123368927636517,129.2335787493607,17194855621.80544,0.0
1.3384749186685538,0.05560124512391,2.9264052436175567,0.0417271544990027,1.583837170511627,5.164905201116973,0.772479617608864,112.34065091786404,19284178244.276543,0.0013569248984397
4.34656163626104,0.0619150258738122,4.786927271864382,0.0056997233687202,8.369383200166236,7.768223438205557,0.6995873705929493,110.57595328344736,10934047905.442308,0.0
0.3486932603571177,0.0613391441127617,1.2686783172636489,0.0131659200741691,8.08718432829903,2.320785649752593,0.6659531517469,118.22034394206491,14225602335.486591,0.0011937917175091
1.2635594736805502,0.0299728452328741,0.5235278869673449,0.025072619076837,7.000132467205969,2.3199722123637927,0.4135003214151094,116.89828938734776,12462318014.725977,0.0012373371679706
3.037335439947664,0.0825374874788789,1.3265396845422843,0.0405452168553871,4.103924285356776,3.628628428990414,0.2837595283292266,99.33052057296504,15795815532.249706,0.000638553038531
1.0469203277627686,0.0684639276304485,0.7047955789886454,0.0288049521084714,0.9248903896311036,6.373315731774584,0.313512318820964,75.34135307942138,9711045455.5948,0.000613524628497
1.3171272911959957,0.0600400270801327,4.5248921759301135,0.0224722848402135,1.1287829894559986,2.373818373237709,0.7436885027048649,101.47021990617375,12099596105.671698,0.0007375616552575
1.584553608585496,0.0191216254490626,9.723059766610469,0.003064113530128,0.7074779374807072,6.22063477810134,0.4216910269640145,71.85822131034786,14359071784.504156,0.0
1.155164256660616,0.0134132937120667,4.793525221417059,0.0114515896800757,7.554220976556005,1.5745816054022157,0.5210415439973918,129.37736866213072,17618234689.540154,0.0
3.050009516858029,0.0409485432102053,5.898585299979111,0.0039242578613248,3.2017284235362644,8.420922335148154,0.4763868312194566,119.52774868440952,17660030820.875244,0.0
1.193747731837553,0.0692881100508384,5.88602397935401,0.0064124368704817,8.99513681213582,8.295407623309746,0.2877482249037557,106.61394951017508,15833742697.55759,0.0
3.5590971413318178,0.066501883112548,0.3625659013141646,0.0335557306232926,1.9742818495501275,3.9345106470635502,0.4020772318668731,107.58199269382864,13883993080.323229,0.000657485882601
0.8757991285160387,0.0316216655162296,1.5093514106311572,0.0095841246813314,5.560946388850984,1.80971261499621,0.6985758444252752,126.32146333862484,17193707439.982292,0.0
1.57642019016108,0.0207819427048015,2.5014298448305263,0.0044319225501485,6.896411489308346,3.719725501401119,0.5283192966952422,124.19862670158412,19021004125.75152,0.0
2.88157376057971,0.059141837112283,2.7021239988029464,0.0100702573945581,2.9627026486815566,6.040137383053367,0.5879336418209289,94.86121807798072,17664722459.744392,0.0
1.6908248576503917,0.0273618574724932,4.8898342554957726,0.0192485209650121,0.685687426319414,4.101152235970442,0.0428688653076501,96.49608810321934,12748920710.145008,0.0006306613407769
3.514946124140475,0.054823656548008,5.05575016968476,0.0053482830651232,9.180984317714012,3.355513658657164,0.4367149958457383,118.70670096555727,12750033600.878216,0.0
3.3477418508869263,0.0990865216532203,6.403706568606903,0.0058356019609049,2.1927194999407176,9.052565450186364,0.7170481075298192,128.99306308429925,19338424064.01621,0.0
2.3695422855214967,0.0998012008073602,5.783566343352298,0.0984527344074029,4.863407064674584,5.4718326239211255,0.4485866570085263,67.03114963579979,18836157346.86389,0.0010387038328011
4.448741190959955,0.0675003381498142,3.2898886635075706,0.0449376270539515,5.25646973950941,2.8461828441948085,0.7503870863996969,129.6168389836548,13043096056.398884,0.001231188926121
1.2270175155584784,0.0222150265388397,3.8596185020620415,0.0059357828255089,7.7859523460183935,3.2894032407068243,0.8179093030925201,118.95733504499184,16539827935.770573,0.0
0.7176521039142422,0.0120271400577011,2.831197107992006,0.0350943261592822,9.94271504506758,3.733027528041258,0.7242278234726155,104.4300493736658,18072754722.524723,0.0011872275761899
2.8381526390690746,0.0223102069775443,9.30027535697016,0.0351055375431901,9.04202547787362,7.614215615781774,0.2539819173216242,128.110361321159,13498128355.007914,0.0009694493791519
2.9023399508485137,0.056147173899213,1.1901439757957442,0.0284425132908354,3.048807566317568,1.850464696807307,0.2678903091599834,84.79666726445402,15340086557.530336,0.0006518217450284
3.665685250626855,0.0249994108318779,6.566555373463687,0.0443864195412314,8.018095351256529,18.686685165961887,0.3432004517625466,75.04621787736927,18266604542.908146,0.0011883115873449
4.398501989156531,0.0424353814789245,0.5240707566527888,0.0688460850450843,6.899358430867943,5.749564497610605,0.2179790288977186,85.68207056886743,9678130008.51076,0.0013918610205048
1.8782434938341324,0.0621000712718993,3.203025955081034,0.0064723146727273,2.26670340057708,1.3986091750033012,0.2860425438689418,81.41213409428245,13220614095.35629,0.0
3.556616181642254,0.0621420961174022,0.3652888697824507,0.065736194630881,1.4982165428781038,2.079749361316378,0.5676638978556163,72.9216550951175,18368732125.047955,0.0010966396873907
0.8231933716581117,0.081337687326227,7.482220638641968,0.0534876053614971,1.543248233119487,6.178619180628388,0.2952030487623817,106.26865760978193,10331352530.530825,0.0008789232855722
3.098739339122391,0.0800256229027324,1.3984782436246577,0.0038764112943108,1.5452910905405868,11.126714554083676,0.8438954401897703,106.03268393186006,15895754671.114246,0.0
3.894915481954851,0.0811248235097414,0.4607895688864886,0.0767339419268597,7.097891237906168,8.412080536137594,0.6161701304022271,61.20792492457598,12506706257.035507,0.0012207791156886
0.3486932603571177,0.0613391441127617,1.2686783172636489,0.0131659200741691,8.08718432829903,2.320785649752593,0.6659531517469,118.22034394206491,14225602335.486591,0.0011937917175091
4.663104424474015,0.067264309881779,0.545630455105936,0.0296583472874073,2.1362850718617645,7.400876558360642,0.8274527613946382,123.75214099953764,12625649396.949677,0.0012427701202494
1.2003569112873995,0.0250984375523371,3.587375651073901,0.007222091212569,7.713537822791713,3.670046372185086,0.8143826485224489,119.31807304762164,16946155763.928043,0.0
2.868093108822174,0.0607201858767764,2.8982971076978314,0.0071923785504917,2.9440975008577315,6.075737085977959,0.5781862067278566,95.43220514751393,17646771706.974026,0.0
1.4779797104951968,0.070807797358322,6.728814933571329,0.040471241512372,6.052348391247476,3.712041284313298,0.5781912867387152,127.7255895731744,9483673366.575253,0.0009827136008192
4.196025419789061,0.0251106759631188,5.105354134181013,0.0382430882044484,4.927097290799495,2.6613890501287623,0.313450407759442,97.4070969258944,19847532603.314392,0.0005104141948202
1.2083591335501738,0.0259334956675044,3.9135951384139007,0.0075691106158237,7.781025638064364,3.52381966226905,0.8197059387187535,119.46153265547156,17057674226.089552,0.0
2.013266552595484,0.0987951768362296,1.69959952713458,0.0215975005002377,2.9439489872066944,3.225177498379193,0.2143737699136358,92.49239982746772,10698433535.163216,0.0010794141018225
2.689042512293613,0.0550827376333075,1.3485392957870297,0.0193335491884999,5.633958951961219,5.461250657410579,0.6882401485023631,105.38571017751354,13079946154.113422,0.0009853426655638
3.0514402354180343,0.0914145087980438,7.496133554530929,0.040498354881784,5.086367289726153,7.638084743582651,0.6535934425467026,128.35220108764068,11359979491.477913,0.0007200693025464
0.9807038505589332,0.0865214156345788,5.183224336912675,0.0263148836514737,1.7810054970815854,3.117130785741402,0.8189105872855986,99.34043711010423,10622012531.115292,0.0006900582014883
3.8449518407202743,0.0586977572801115,4.002968242506169,0.0550209262396135,4.734613632846715,10.222663741607322,0.5716570818308758,74.58086952872273,14123758165.775698,0.001096895489866
3.81526125447592,0.0442700383246592,9.517475631149749,0.047036590130534,1.6094603927773588,12.677565176135758,0.6685380338470971,101.75332864755946,19633900531.910164,0.0013319190186576
2.5810400954003963,0.0880798378365447,2.519369114708271,0.0102834305656406,2.958732270766582,6.772824767009254,0.7724788482414138,118.19094015158988,16371309503.892738,0.0
3.2644527873565026,0.0464715239539822,6.034902612999618,0.0352299294670706,0.6083053169582028,3.99910271243926,0.7445244045844924,73.98259559682222,16909993481.447186,0.0007353689252295
1.4022064710023905,0.0250685124967379,4.276523207017821,0.0101674509261524,7.089575612813168,5.000415978101919,0.8341962808802155,120.4326844098315,13845203600.142435,0.0
3.15923264013579,0.0689993125207836,7.416636559078458,0.0062031682046566,4.309852736596022,4.339534454422083,0.6953383299360377,124.0458492077512,14115805524.6503,0.0
0.3486932603571177,0.0613391441127617,1.2686783172636489,0.0131659200741691,8.08718432829903,2.320785649752593,0.6659531517469,118.22034394206491,14225602335.486591,0.0011937917175091
0.5720286839078385,0.068358317081176,3.927012186375249,0.0494821153010782,6.488599629611885,3.497591627617092,0.5381285991746637,89.78727420024273,16121495212.149834,0.0007044696943539
3.5446548795523287,0.0396759372614287,7.312318681646015,0.0684004886073522,8.620695892046733,12.128181808209249,0.6057323615459308,82.82156669816277,18780802584.353462,0.0010162924261886
0.1514687212077108,0.0261673007269633,2.8147584156806587,0.0071629312251829,6.248881982385611,2.0656237068829606,0.6973920601052765,72.49815999340854,13139077328.70453,0.0
1.4718053299437663,0.0431390772083113,3.325102057572403,0.015457716405723,2.639524962851205,1.1447947932591167,0.7508146663944215,84.54133374945334,17461037632.327087,0.0
1.6857520940446855,0.0161003767937012,3.332434597325763,0.0064343947357752,2.276855508357055,4.197873445662159,0.1549060209662655,82.10532265663508,13237753870.722277,0.0
0.5696199021129484,0.0400225777013059,8.184279853233974,0.034761945264902,7.259369770490655,3.713894306825509,0.622072055717759,109.82348863505791,13907951595.088345,0.0010917365521765
4.359253561186869,0.0926950454661842,7.157176256735737,0.0622533238962305,6.453997603534308,12.530847430115776,0.5855393752474779,113.9789845528122,15480155811.152672,0.0006656638912009
0.951354356876032,0.0316445627561863,3.056360518528678,0.0148455496993843,5.204494244870858,4.245352016145645,0.5091405861419346,83.71231576590145,13426538270.23637,0.0
3.7060800924755153,0.0601446502386703,5.797821462155396,0.0064950310288262,6.694595269965745,2.388459784410362,0.3280824947531073,88.11254604280519,14244095354.20712,0.0
3.750573370564774,0.0947557039882375,3.3183956475602203,0.0828267438791115,1.0227002801783585,1.7378150915368655,0.5231623927749346,84.22463736608192,13412401888.16624,0.0013350599486485
4.848196833781281,0.0698494926374827,5.530796312877411,0.0405963809989304,0.5177024659279,7.746435416715978,0.7135419804160884,120.1153834945356,12932264540.836143,0.000535097874542
2.2019245716941693,0.0430948046361084,5.974004344312985,0.024094950800446,5.823187605471718,8.487634741010824,0.838804622162532,128.88077581573108,9933062784.172527,0.0009693085367167
1.4431717788839091,0.0275447081117884,0.891096431367537,0.0087474463019557,3.874806013998468,7.917436149336886,0.8213160382190775,115.35474025109836,19415218880.45212,0.0
1.863554603800272,0.0435543853586297,2.943025265428135,0.0170739309396461,7.201990327700899,1.5841673663784306,0.6334235191782331,95.18788100475707,18225397855.746807,0.0
3.0899928708842115,0.099909282187319,0.3803171382562502,0.0270587785413186,0.358449305321441,1.6649741072592996,0.6328664991978173,125.09471446101227,9040529054.30351,0.0007096924173016
1.552927433925902,0.049087049708691,4.000146502647063,0.020972065130692,5.473404192026603,2.363746082628253,0.3697959557333564,97.08864534773453,14812378938.118307,0.0008629791689371
3.342154477848188,0.0885349286488157,4.958823363626267,0.012255887592093,3.947225978479716,4.063060611366396,0.6984210797004164,108.9229136457241,11734765504.087454,0.0
4.489585367307352,0.0970728600470071,0.7368363029840622,0.0020731877902212,0.5170480666424367,14.495430616947544,0.3738860450144928,118.01329982325888,17700851851.3789,0.0
3.2905921377659464,0.0462992457001662,2.9988920123982776,0.0027331080078012,2.9261212338282334,10.250100024612337,0.5859119827668471,91.1248730344331,14381412074.625883,0.0
3.635051417798884,0.0755081880652121,1.7163870725830814,0.0086320802311512,1.5261491057495034,7.045524153795591,0.6109280732507009,100.89884538708417,16096360920.632664,0.0
0.4974310633978296,0.0615063759843107,4.735417954237958,0.0117342411286034,9.324284946878802,8.85387872845996,0.4583320498765886,109.58939959795498,17312709444.0969,0.0
0.1652652055215919,0.0245206896301114,2.6567968450703856,0.0040749672962489,6.344032437425997,1.8499568518342795,0.7166463266804727,72.50310971587635,12988560614.116762,0.0
3.1654309186816176,0.0360505271687424,1.1917982479897822,0.079412486041396,1.9939908274103035,2.830343061863367,0.8384171716171948,110.1136208852405,10226446604.412348,0.0013035729098459
3.5129804527627635,0.0968125442567968,6.404691930521452,0.0045909436741699,4.487804997437978,6.86681595026637,0.7617791511582418,118.5738920575648,16828987711.994663,0.0
0.9943350576276924,0.0548080594925224,3.099850091798844,0.0075436458552367,4.920621263122375,2.483043834392545,0.7230192715523122,105.45093173058164,11465990188.069752,0.0
0.6023838436331601,0.0291497282794049,4.642826798947515,0.0056686287242333,5.975843067048225,13.10259861033471,0.1374927084111179,80.48092478458166,12043023344.20387,0.0
3.389524686896391,0.0538449812193496,6.785018898575754,0.00456071057764,9.58997588887888,5.671674757122234,0.3435540961725615,95.67213555622244,15014230802.096554,0.0
0.7787998169815006,0.0577834912357524,4.620251520966319,0.009948381075681,8.118953424116443,3.91381463202949,0.4886369613933661,111.32088340042556,13647127725.37268,0.0
2.61728367885675,0.0380656185533017,2.6578639615250723,0.0223656206432362,8.072109715472527,4.1375663810647625,0.6704637136732933,102.1222707975501,14657601617.084827,0.0008764109711102
3.894915481954851,0.0811248235097414,0.4607895688864886,0.0767339419268597,7.097891237906168,8.412080536137594,0.6161701304022271,61.20792492457598,12506706257.035507,0.0012207791156886
3.451629657422917,0.0496727351613124,4.070257807225061,0.0217776980608217,1.383526104845667,4.875401280881209,0.3817897152579375,119.06702730995444,12122586790.115583,0.0010592027510031
3.3716168320734163,0.0942666764155175,2.9719218081767123,0.0026139401698888,2.421100865586551,7.132946241759334,0.6295515705080871,90.999812983543,19273503318.38308,0.0
0.9334396404458448,0.0557393362680614,4.603485249349079,0.0040940734183311,4.980190950594832,5.495814302995175,0.245501060255168,93.25493075690189,9401034616.81094,0.0
1.0824534048517995,0.0272351243068532,1.9143743801777384,0.0078931779914038,4.383374408268319,6.233216334673309,0.8063127876733143,120.02147519582944,13599039857.387926,0.0
3.588221378151813,0.0395260209049441,8.329432428276892,0.0241578956074311,6.664110095658843,6.999855347260508,0.83415705993541,67.08872381592286,15893155745.696764,0.0011777453784476
4.848196833781281,0.0698494926374827,5.530796312877411,0.0405963809989304,0.5177024659279,7.746435416715978,0.7135419804160884,120.1153834945356,12932264540.836143,0.000535097874542
2.0275116355159395,0.0856329021244922,4.881955068710147,0.0383654017761649,3.240688948129612,3.435986551200991,0.3664444911667701,115.580097882268,12937528814.337915,0.0008128465098456
2.4103195012540186,0.0480721510586761,1.252735159520571,0.017745632175991,0.7986477617971655,5.0041730924852805,0.5115336225601923,96.74111273541833,14746813380.403156,0.0
3.229638342734148,0.0788953873336356,4.000677464355599,0.034120542398471,2.2433652771677943,6.452175117284847,0.7861933254386294,124.63981140485168,13013083563.760206,0.0008945702455284
1.352348570787056,0.0122065412988121,3.126610979340668,0.0042228719231219,8.599577861822592,1.2028789071402646,0.6282077378530518,106.39074779706914,19740627140.86805,0.0
4.679435154200931,0.0844894740056635,0.477015570817439,0.0855725738782851,8.226278075623828,13.400936398679187,0.2051959169460748,107.45186201817626,12237433841.174513,0.0011789941901563
4.311377519244274,0.0392539196654881,4.212419755775628,0.0228864038323747,7.102640518400312,17.106419639750097,0.6162388856307137,86.58901401126458,17392155487.64677,0.0008848076446688
3.1344956978522567,0.0586058173006479,1.5439729138526184,0.0225896156447221,4.367051666790608,1.308328318021484,0.6572676039019671,124.58045586295424,9339494746.171064,0.0010734382939854
4.380020033057563,0.0939883967370918,1.476255045632699,0.0329930203401001,3.4253955005956183,8.004766702298863,0.6192678782089778,115.8980203053245,9818161383.599943,0.0011910196788795
2.3283056728983804,0.0588581520444319,5.09947043494367,0.0107352397150984,8.354992262028995,8.447448570717885,0.5580554464708386,106.68167348327069,13457422426.836678,0.0
1.3511218150946596,0.0115507403182858,3.069878699493606,0.0041994843096158,8.61693785380757,1.2056865723135215,0.6284635956948712,106.38577327058648,19734080761.81443,0.0
3.1713201849652144,0.0683962056799272,0.3186665569610536,0.0068904794115118,0.6128588828145752,9.701082412001266,0.5685216466780356,105.65650455887726,19079111877.981117,0.0
2.840749369634936,0.0378418067856635,5.695207349670568,0.056688091091171,8.782302854935404,13.133150148024614,0.2702841181658729,60.62798512648693,17122984916.08796,0.0010809672188893
3.3641370182835586,0.0709303440937607,4.263620336048102,0.0106374846501305,9.289098713282208,4.890384250617514,0.137267698887875,109.37964517770966,13740758732.793867,0.0
2.1539688673363533,0.0719580376616626,3.183956124473706,0.0190544267580534,2.0094801539196165,3.7226513863409383,0.3984437809503603,102.30519080178698,11830655129.664566,0.0
1.6119848157279602,0.0541590546106634,1.1623040202988986,0.0061154244674323,3.6845766045800663,8.943702624045153,0.4371598159305304,120.40979969793722,12686415368.137224,0.0
1.6908248576503917,0.0273618574724932,4.8898342554957726,0.0192485209650121,0.685687426319414,4.101152235970442,0.0428688653076501,96.49608810321934,12748920710.145008,0.0006306613407769
2.621140143154471,0.0381827244547488,5.187776482164442,0.0062533273894377,6.393293754973747,5.255619909128751,0.3308703391696255,112.03027061600136,19226505489.11001,0.0
2.9947894162029858,0.0464190657507247,1.2682153603975228,0.0039522729710509,6.211600910448366,2.029119370543332,0.7316185349480996,97.8955413111208,18117103220.441925,0.0011164237502943
3.166615819977461,0.0530627393422783,1.9675564272855084,0.002321420426781,3.814041985456742,7.708881026745883,0.5038951933301792,118.8167538008324,13086572623.201536,0.0
0.2393606422365531,0.0344125975798207,7.062957344425116,0.0141918159348261,9.929985329031288,3.725131285830585,0.8401885459049298,118.64506380898378,18515343582.74199,0.0
3.086464765703662,0.0991058414920931,0.5214348478666889,0.0262298288042386,0.307782590889383,1.352677845008213,0.6460778848495454,123.2995859063953,9192231176.634275,0.0006990222240655
4.736616803430726,0.0851875436602122,1.583237412442705,0.0230897757259838,2.39070591397606,4.258325713262618,0.1560108845938075,90.53289815298848,16521890392.339249,0.0005297158294748
3.2411174541597187,0.0736155638193973,1.0165654262447608,0.0271387590690593,1.872149959344873,5.645447585408183,0.7567748870182586,105.9382022812394,15407112006.569834,0.0010296651956902
4.945223782274016,0.0952647059774266,4.414682780077013,0.0040884441532488,2.121934986367019,8.133155276347392,0.8369432353630939,119.2610870322756,18985349710.82112,0.0
4.569868528230989,0.0921890947726267,2.982681258950039,0.079913755225249,9.463191919477673,16.864845064288346,0.4167062532659299,97.22409631015086,9922355313.024054,0.0011311754500661
3.369529768571656,0.0340596898455639,9.115502803196318,0.0116820817619468,9.292428669124464,6.368308201325413,0.0271209831287049,124.07399696003463,11697308867.050789,0.0
3.049820793486851,0.0625393820997904,1.5113949170218917,0.0342471802024677,0.596607124744114,4.684560029920472,0.447689703909928,85.15295299104862,17128268193.126356,0.0011269964108132
1.2187000402802357,0.0250492610716462,3.763808184113397,0.0076701538955752,7.822657126141332,3.48596552713873,0.8236177851051735,119.02345629390312,16713810578.181849,0.0
3.4216231212003856,0.0440399932043685,9.738384772270129,0.0426098401909598,9.358462376999912,15.369313428592662,0.7191478627633473,95.314465218288,18184968438.74437,0.0010624344026523
1.728068663671866,0.0353290244878315,2.8687396742963256,0.0053764067432167,8.15688252537689,3.4766143779272407,0.7603697120482026,112.61548706321344,15506893802.27144,0.0
4.185216939501973,0.0725537113852087,2.061643191406923,0.0124876368208398,2.396180733843029,7.505019375551752,0.8284711839568526,113.5808784404458,14067894440.423073,0.0
3.0695289286061818,0.0957132759427969,2.574501406432191,0.0198303159460254,0.4910086350500828,5.16316273763291,0.3194928115310868,87.42281888882005,12156378558.00134,0.0007181551601883
3.1245451199248566,0.096106262738074,5.588946056839971,0.060411840101927,0.819182063473812,3.908214005301952,0.7447662334626096,92.22069577050078,16463520507.106794,0.0012070275488745
3.002745549075095,0.0449594572258297,3.994401954603628,0.0269636203832014,2.465820495787709,2.286978355815478,0.4392309309764462,98.161103918596,15099798112.147057,0.0008770707481932
3.6625175983550746,0.0182265472370956,5.053597009060267,0.0294921280576429,2.7309038413838205,5.883101928238658,0.8207385517152254,80.49148866480897,16672907971.568476,0.0005896593051948
1.8901505549023108,0.0806793620160715,3.67447220953466,0.0219805639628818,4.112619719517887,4.574875040976743,0.5073157869370482,86.8902478290316,13751529698.08189,0.0007730295843487
0.6113974094673199,0.0851155900851567,0.2933727725758334,0.0467895307722251,7.483163081269921,8.550188024254307,0.7015480023619282,97.57297212585368,9654951907.772757,0.0009430529374117
3.604844412379123,0.0983456361566742,5.205522674785732,0.0031261546237828,2.518063926118824,6.409183686039398,0.8478653254982371,122.17251644709074,19844047984.267506,0.0
1.99075660264156,0.0177949606660425,2.576719754085861,0.0120886551530993,6.848965419489419,1.3899206645766269,0.525608813859048,116.35916830550448,17827437328.491703,0.0
0.5869772657633335,0.009001403287261,3.4728406308780397,0.0031294447320725,9.649088697335026,1.2232664396981632,0.6039529150467405,129.70270035408328,17021260993.17678,0.0
0.9205142581157708,0.0866043065875691,4.715593685396259,0.0206617906624378,4.546944412930568,7.317124458408785,0.5927215966192949,96.96860824758072,13141181658.402514,0.0010421630647345
1.1703498480991326,0.0812597704450434,5.939999292570709,0.0037016316780003,3.888352076260606,5.686091429606258,0.6108166578088107,118.0076368953939,18301919393.354584,0.0
2.5852447814475736,0.063968564155401,0.8301288277560548,0.0179458230575592,1.7725173454598917,4.712841033632577,0.7446334158382548,102.10569070756912,16357661337.921856,0.0
3.776527175960088,0.0394229390771681,9.205481944855244,0.0742815368520699,4.618560777754489,6.342312586692892,0.1100047840137178,63.70931512258332,14684337414.940975,0.0014269008767763
1.013783098045857,0.0703280950020855,5.572097071662892,0.0096982281999251,1.1587208459524103,2.185797662086946,0.4309860371436479,118.43057539140074,12311210491.729733,0.0
4.076978999536725,0.0965906986447775,0.3927955828145887,0.0338963012697211,2.144297052819297,2.8781523491861867,0.4566091743563654,129.15943870415072,9151477863.501486,0.0008595384749576
2.4103195012540186,0.0480721510586761,1.252735159520571,0.017745632175991,0.7986477617971655,5.0041730924852805,0.5115336225601923,96.74111273541833,14746813380.403156,0.0
0.668856467715048,0.012443707578965,3.654282642939697,0.0055841338308164,9.761032192571369,1.8176250470942783,0.6037828093212224,129.41719820378677,17411068991.245182,0.0
4.714019774664647,0.0854076293266294,1.6502788635295849,0.0252965010811196,2.171862990931462,4.37788571519504,0.1469741914141624,88.35241874901904,16562564123.80745,0.0005202639270335
2.0437749984219207,0.0833473411362426,7.657941530687976,0.0080148441373054,3.71478316731219,4.346628887942599,0.6443957741157084,103.59156837934718,14234492527.714788,0.0
3.478971914679733,0.0375092531433107,5.880222961106075,0.0189313590781108,6.614123559260945,9.025433557411796,0.7520472547164381,85.17861083862657,18457016296.31552,0.0006284908251267
2.158224991816645,0.0398389567384897,6.220576021921997,0.0200415854750622,1.23055945099507,1.8138370855944013,0.589183507507846,87.552484684736,15520815314.83553,0.0008848309932755
1.3609677558901492,0.0711029870183636,3.0553163109002264,0.0275716238640226,4.911172535702799,1.287776765664589,0.8215611487588439,87.53002663416083,11176695801.348751,0.0008277774503288
3.005696147389904,0.0901393447174005,1.8919606993027405,0.0216868638436412,0.5349575898172128,6.131148284680538,0.6384599782102238,101.97399126181138,13638849020.102734,0.0009370034995695
1.0636514316488823,0.0235271881230019,2.1153500349455228,0.0033613831663402,6.352784643888152,5.174126249728201,0.6510148868394334,125.48137873349296,16501760781.708818,0.0
0.909321538961666,0.0163530754016399,3.973519020278834,0.0068401970638909,8.52466162626118,1.1204659475484415,0.6066372742721063,90.73692208099614,18777258380.09073,0.0
1.1411317136543555,0.0195228000823695,2.738705189571718,0.0156255031348378,6.73817463431971,2.1219624352385527,0.6259219582557146,83.46120792094692,19950318128.835945,0.0
1.660800398980813,0.0863376726903485,2.8750290606579574,0.0059662293839464,7.31608421981512,5.86655997170659,0.8101720491656053,125.38707405590864,12410264967.429169,0.0
2.4021946972927504,0.0829490592552958,6.615875777718651,0.0048681595671732,7.782785252071492,6.126774111072775,0.6856474867879117,116.32199179520894,19534597485.86793,0.0
4.497226506288445,0.0600732943787056,1.3827916875565007,0.0110310037924399,2.332746894813319,5.651089762497507,0.3358056317183659,75.57154880044776,16190235343.843822,0.0
3.42355288929968,0.0983780289505507,0.6441746700465041,0.0175885179667185,1.5660806806879302,7.861424313299708,0.7159290517332354,113.89703377025208,9022552300.000431,0.0
3.7271654149875073,0.098995888558666,5.188018573008777,0.0061459532942711,2.462915123670642,6.396811400012398,0.8482891956697722,121.865508602308,19903185022.00406,0.0
2.4344008688115446,0.0895838183780374,4.930408197349562,0.0609989141028249,0.4876934180979532,10.93569608095912,0.5508803946778992,104.47379581629194,11761980509.534533,0.0005068187356256
2.349191728764986,0.0867351014059976,2.504270205373479,0.0053067540930889,1.994453578829708,11.168453196304068,0.8104511623674856,117.50501902707724,13432785555.501928,0.0
2.2673177913458638,0.0708203926933403,7.068342580853305,0.0015153657588046,8.67280587758747,9.06264963465866,0.7440962997829793,115.83720005988862,18589375940.97845,0.0
4.021068365133669,0.090316718006034,4.57904420905558,0.0292178035662527,2.3534817542552364,4.550067219107757,0.3396909657054442,88.08936185546119,15197237744.68222,0.0005584240165627
1.473171833459893,0.0220398656805483,3.0878767775774745,0.002246106660754,9.337174398237243,12.14751895353662,0.4719531102453969,124.5353670184519,17448131792.575184,0.0
1.7854913431703627,0.0641346848027288,3.0131112596023484,0.0071448701522319,6.117599689320803,4.8125165268777605,0.7534958394016672,125.29485154433614,14339355631.93837,0.0
4.884419012990374,0.0516200871045741,9.77862278749701,0.0313674449452185,0.8953846953087871,1.5283936548958297,0.68798943134933,113.04291286216773,9690314407.555164,0.0005029471863812
0.5842763366258944,0.0060136656114214,2.764890621946636,0.0357606096985112,9.586869535624787,5.412174449319025,0.53976447112129,113.59141977585308,18372685480.0804,0.0014715042924896
3.274738900509123,0.0840393459036478,3.6725160571299353,0.0142704030138579,4.891284847800494,8.951694282145315,0.7784084977256883,124.50538085118174,9792112406.274872,0.0
2.5843428653133054,0.0757717742480942,7.397352637254366,0.0176863133249882,0.9504322116015772,5.19046896680019,0.6233894979118009,90.57523628327584,11841923898.819326,0.0
2.7289335915587825,0.0378532605160589,7.207460266323713,0.0329106079292443,1.765697615478493,5.897670746365449,0.6019049365579034,61.84655488459464,16323956998.514313,0.0005208932593563
1.791955645310123,0.0601935979874926,5.101832689261678,0.0155966685934269,3.60904752757078,5.22309286976719,0.4133656141626948,102.40427457874468,9118638677.433935,0.0
3.771573648931896,0.0377952199599511,9.10014309313419,0.0735274605612965,4.58118470311334,6.388367536216076,0.1054277916217384,65.18208099020308,14751212824.076778,0.0014410720510111
4.185216939501973,0.0725537113852087,2.061643191406923,0.0124876368208398,2.396180733843029,7.505019375551752,0.8284711839568526,113.5808784404458,14067894440.423073,0.0
2.8226650143989707,0.0611903843935456,2.7828140278039326,0.0093367450162074,3.0109739178877017,6.200359337151994,0.5769173738369552,94.98315307599182,17665683866.360497,0.0
0.2666574469500594,0.0861076982581554,8.479596443815419,0.0141731853595201,7.091561836073744,3.947541296565501,0.1581638993310827,86.47492943995073,11515555209.416683,0.0
0.1652652055215919,0.0245206896301114,2.6567968450703856,0.0040749672962489,6.344032437425997,1.8499568518342795,0.7166463266804727,72.50310971587635,12988560614.116762,0.0
3.867755267718445,0.0228607733500074,6.129047875072938,0.0500596261035227,8.075430555557583,17.125428938443893,0.2288299248780146,66.51945306656775,18088024182.086605,0.0009163642863169
1.0595391096067015,0.0175510117674086,3.865556788460092,0.0146246282520486,9.55955431194448,2.167763746286268,0.7915811084189817,66.82116994399166,12833649452.501797,0.0
2.006473744653794,0.0477242569881173,6.364101461111709,0.0356402690879863,1.6364262208381637,9.88474075763332,0.3145942317491635,87.08110328904816,12024410950.702898,0.0006846321615068
2.0089868803807844,0.0991220276758702,5.104519017281976,0.042037908551761,2.0173620002774766,4.851024871832176,0.4796003519927382,129.88361644462313,11245287020.479963,0.0005036961964729
2.593435472379915,0.023219726514211,3.546216079307394,0.0208416464622423,6.306501045957235,2.2999598466341835,0.5679723729546945,80.92517789776575,18706296945.81156,0.0013249764417244
2.8588921148446724,0.0529363495894365,3.942224410677736,0.0063230929572966,8.743988925854987,3.70835387465921,0.1213077547966639,110.21938195711276,16519936856.497122,0.0
3.12822085784183,0.0812979066692616,5.162770307792557,0.0070449614450541,5.099966478016861,8.112822447068558,0.7921487695674756,118.8354972263424,18244133198.560856,0.0
0.9471274418775044,0.028677739392127,4.202759600576073,0.0112929031330375,8.899088249033559,2.644464304752809,0.3357116115100295,115.17723948552734,17887935495.12002,0.0
0.6737886785605791,0.0588301213723305,4.390746713600306,0.0085165139080192,8.06801258030989,3.707958708923871,0.5036765569831922,111.98459241766534,13870434427.95988,0.0
0.8995160297587442,0.0255022154657749,4.666026789928273,0.0161906765581406,4.57849743146971,17.926030790114392,0.3500698736982194,82.86613668867169,16061252434.28034,0.0
2.938537227646989,0.0508389689255834,6.466720220252691,0.0036009442264286,5.312343286447495,5.817755045526819,0.4099547392025787,121.404415772701,13822811313.874376,0.0
1.4214369053441431,0.0303990733435754,3.4912857536860167,0.0566446484831263,4.564706263710819,2.953830078347173,0.8061967472227554,96.88486095728145,9955439606.476343,0.000998705015237
1.9793465412949305,0.0789300360559772,5.864505966001197,0.044239806602507,5.392175530452376,4.92232735847306,0.6954170204442175,125.09400809616218,18987486471.32157,0.0008964562512223
0.6952377150783248,0.0681227026736038,0.8299189441888417,0.0480628366165239,6.718302417690576,8.223795044752334,0.7621703130317655,90.25101417092684,10944662600.760422,0.0011707459850971
2.4951083228917024,0.0231675157813722,2.75156991884636,0.0243409626711265,3.3154926500890745,4.520691409503745,0.828638967407558,114.51273361653722,14120554973.289013,0.0012989167172136
4.652670774250413,0.040700245924393,0.6483766794906136,0.0385896113071066,3.726610389710475,3.1462835554305117,0.4769247838292129,100.48374047964845,11061813679.661304,0.0005906473925507
3.988046952151056,0.0941168849472513,4.607627027826035,0.0038490331281432,2.3470443456817183,7.6586761324333406,0.5510024637481137,110.28599096045244,18680070105.50497,0.0
4.394236045974852,0.0674198572799749,2.290573026180715,0.004435192374714,3.517738105924059,7.072266253442863,0.8191987374254419,127.81300259208864,14238124073.591097,0.0
1.751965103143841,0.0694526780748866,6.931634902749843,0.0072820897665457,1.7562480879987454,3.633786307554114,0.7930611415623803,100.5347820772966,13121666113.513107,0.0
0.6932858542200183,0.078623643692171,6.132054878102334,0.0204622813060211,2.961574878519583,1.711109558543405,0.675761981335209,106.97436339031216,13923311287.033674,0.000817119872382
1.0498863115356158,0.0671096733476935,5.339560075792822,0.0022082054392505,9.885874034165107,4.7376385318320855,0.8230539617150842,119.93537577420476,16845194627.08725,0.0
1.3966788752608856,0.0165005857898059,4.019581593202595,0.0083400585829944,7.3947574417456945,7.701336864379814,0.6010436854102443,82.34106684269855,18981015389.683598,0.0
4.162612996191268,0.0860445231485164,1.416925810720216,0.0121045800585349,1.5173155227340636,6.994995510822503,0.7621510582812262,109.59791123120756,11192102479.198893,0.0
2.538295354867308,0.0238216870381843,3.4609264307955008,0.0209517709888737,6.380334723240146,2.271828406914594,0.5702231597154318,82.59674517282535,18505263964.11084,0.0013513888283617
1.059157711823151,0.052547634713134,1.4488052195589003,0.0429364217503709,5.219828755016613,3.6993329231688055,0.5898556654739973,120.034094913508,18791161187.499107,0.0013056305301704
2.633159809290919,0.0380121207400349,2.435018121891465,0.0244842687920489,8.258378028158015,4.016867659052328,0.648507017606036,101.8635300201534,14767929602.07624,0.0008577747296156
2.899557361533303,0.0391091923098106,5.631596638118615,0.0551620292070509,8.696736555205172,13.224680593307747,0.2839761166910045,61.70602942969319,17274667532.696957,0.0010668180070696
4.083960321221643,0.0536920515848379,0.6362487299145927,0.0946602829621678,9.22073682654182,8.916058112686661,0.0412886562534928,128.43779659367084,9802083641.420755,0.0010468842719283
1.728068663671866,0.0353290244878315,2.8687396742963256,0.0053764067432167,8.15688252537689,3.4766143779272407,0.7603697120482026,112.61548706321344,15506893802.27144,0.0
1.0808328950413997,0.0272210111338468,1.916034290573121,0.007885899476315,4.381494680020606,6.236583004424847,0.8069660531502868,120.01170092189098,13599521097.945564,0.0
4.2734776334499935,0.0601922643072777,4.495957502659745,0.0330349507318186,8.264928536454772,5.614980797522618,0.6059380807703875,85.47060653652306,13161876334.549362,0.0012601011418829
3.767900114127158,0.080973515601162,3.836058590668638,0.0055824541726368,4.344985102747332,5.164266077383728,0.80701354484288,121.5067689691134,17276336003.14232,0.0
1.7494823334445753,0.0502285199892357,1.4969044535605012,0.0204806821646078,5.954906406850032,1.856781738504816,0.5687906139612767,123.22218470347866,12317972578.135569,0.0010655322972195
3.645291295922212,0.0881968302902878,2.688193714997836,0.0844895465376533,5.169022851995439,3.91866981820621,0.1665357026547504,95.7770294228009,13859746084.896166,0.0012027739994995
1.3407199064974586,0.0502157511352933,6.017015173950245,0.0042905276879156,1.7227798888862695,1.223874022689374,0.4369953701724294,81.06727597903418,16007546326.060848,0.0
1.3302687905961317,0.0187044345189907,7.386812509852476,0.0018945373448186,6.05472224270738,6.7454956308334815,0.4174091559426755,96.28307439108744,14717602350.682362,0.0
0.8793925376263287,0.0591909268893492,2.3612145113552345,0.0099868136759214,5.778995523215233,2.8197985261625718,0.591122161332398,126.90329327933848,9288644039.250277,0.0
4.294871093672003,0.0873633152150383,5.90798111528369,0.0335657215396288,4.178405444162188,4.281073634441381,0.3405361363793846,109.11320365678884,10564477214.230576,0.00072327078303
0.2801059635842159,0.0119588927395024,1.1553649572127491,0.0064036857171301,4.301243853607716,1.6608444925376609,0.6936487644971654,120.10485244567391,17349297609.460155,0.0
3.422024386144312,0.0902287524041086,0.3532662332514993,0.0186927536810561,2.3151149322559035,4.076892245652052,0.4010797702620111,87.26823250915552,17452944162.221867,0.0006590598527228
3.0621976423993007,0.0992884039506714,0.3072848914723496,0.02486647249948,0.3673210661864924,1.143605009607147,0.6377275493295539,125.23913603222928,9390561134.16953,0.0006944106471974
1.823689540759032,0.0407165606985524,6.338482476679377,0.0422746462525546,2.0865289633808457,7.911419672764939,0.079590863483389,98.6115066456063,14311993081.388206,0.00118182159388
2.24599308304531,0.0311420616257118,5.044624982756345,0.0659986852095952,8.647273341130255,8.384374397763949,0.8479675141170052,98.82135291425352,14555863159.571234,0.0006712872590726
3.2905921377659464,0.0462992457001662,2.9988920123982776,0.0027331080078012,2.9261212338282334,10.250100024612337,0.5859119827668471,91.1248730344331,14381412074.625883,0.0
3.1195587778650458,0.081359509091361,5.177915070110944,0.0072229327062456,5.102812725364242,8.10159470079736,0.7939634998623233,118.7652657282779,18233984537.089508,0.0
0.5837589452353251,0.0905630087760559,6.125807120253472,0.0178870799575535,0.3383248880105833,1.409494137955562,0.7909033076264402,106.72921835938662,19434954159.67821,0.0
4.484360603154224,0.0810684767875481,1.5621304285544828,0.0123073783146652,0.6733402884001286,11.778702326957092,0.6838961184371153,106.80773486138172,9272482279.57658,0.0
1.3404503082075565,0.0500529969927826,8.690706024623847,0.0066535145334124,8.990126804972956,7.860244497586352,0.7133544143061524,87.85695657776952,13819448508.10024,0.0
2.3974360994065065,0.0787038855806014,2.1495522317943063,0.032911662397321,1.1516961224266344,2.812128229226435,0.8109328597760148,116.0700338266216,9542703958.801222,0.0005493026149924
1.243488850525328,0.0461028770213996,1.9281288018498857,0.0191440451208507,7.868373421437496,3.0774667132920546,0.7000995742769338,118.8697342962242,12139962745.02002,0.0014040106122463
2.013266552595484,0.0987951768362296,1.69959952713458,0.0215975005002377,2.9439489872066944,3.225177498379193,0.2143737699136358,92.49239982746772,10698433535.163216,0.0010794141018225
1.146317740157491,0.0278910204268527,1.7542051304210582,0.0204962027865679,3.5964584286019785,1.023984637386556,0.8191051282854819,122.83422430289257,14728830128.197289,0.0014141011183882
1.2491028628623797,0.0660775006261119,3.5878303610923425,0.0721588388942814,0.1146528304105402,16.074147650340365,0.5366990824764158,94.09278991087294,11857799524.255575,0.0008457506932876
0.6113974094673199,0.0851155900851567,0.2933727725758334,0.0467895307722251,7.483163081269921,8.550188024254307,0.7015480023619282,97.57297212585368,9654951907.772757,0.0009430529374117
2.3974360994065065,0.0787038855806014,2.1495522317943063,0.032911662397321,1.1516961224266344,2.812128229226435,0.8109328597760148,116.0700338266216,9542703958.801222,0.0005493026149924
1.880091935729868,0.0637531138801907,6.19468356205253,0.0103268148899082,5.333250757806771,5.287502395287583,0.8091831284529303,102.12432795713306,12341519323.020306,0.0
1.2398310738161769,0.0256813527940565,3.070417477577476,0.0142951593202452,9.532740162892669,4.834418114754261,0.3678918121325459,120.04039233042536,18922360972.70045,0.0
3.0262898200877317,0.0917576376283651,7.384867915935577,0.0558571661073507,6.568945755080004,12.20710281222052,0.7338224946396087,102.16064915326712,19416004437.46373,0.0014580437867449
1.1027688470657435,0.0615380170589256,7.935901239453926,0.0311089591873956,5.465659348484952,7.371711060057068,0.5317611731721062,102.85351913790302,15581510314.127958,0.0012555084751791
3.6048307500683134,0.0981784593507377,5.192979071187621,0.003132949914361,2.5029218353232503,6.418142159168855,0.8489822728554713,122.22731471447774,19849604753.28268,0.0
1.3407199064974586,0.0502157511352933,6.017015173950245,0.0042905276879156,1.7227798888862695,1.223874022689374,0.4369953701724294,81.06727597903418,16007546326.060848,0.0
1.8693215701833377,0.04707308661321,7.747708236984337,0.0023797202662997,2.623386712290229,6.120676191515135,0.3944857825948953,80.57941092210905,9574890194.971617,0.0
0.2666574469500594,0.0861076982581554,8.479596443815419,0.0141731853595201,7.091561836073744,3.947541296565501,0.1581638993310827,86.47492943995073,11515555209.416683,0.0
4.989697188043283,0.0687993221394742,5.096519541725945,0.0782133574906536,0.6103321870196717,3.4550045260312,0.6730377838980061,80.81145612753451,12237354200.79334,0.0011121605478175
3.0579294898142098,0.0656102848273778,4.2145476196085445,0.0554290181287711,4.268846899984027,7.61829473319815,0.5874088221112785,109.05569720696086,9094949622.779411,0.0006177647938799
0.6951737830070398,0.0680423084366783,0.7229915581157007,0.0488913995312677,6.743614680526243,3.3427472375645277,0.5297856067019513,90.63348077926938,11206502202.06303,0.0011693214712327
3.2559149432723817,0.0725134234311489,1.231177552072408,0.0100440676213741,3.044776487900392,8.98061210711898,0.8236412391971306,107.22843672523864,15126626311.265688,0.0
1.1010327564957685,0.0207495017861748,2.754667782809896,0.0138783635550849,6.762850149842552,2.294733666372048,0.6201317926859368,83.76956541886094,19875103945.804005,0.0
0.6949821837984744,0.0680081538977984,0.7165973351891591,0.0490381631126801,6.747556764627684,3.348310792357294,0.5300803771988327,90.63715561724416,11214368156.829245,0.0011690372617258
4.818105121335064,0.0308385629965347,9.287175649142512,0.093396139729212,5.237502712350574,13.127508338805631,0.1847472103534557,84.15130140505039,18163630327.260983,0.0005508522356743
1.8097981992262893,0.0582925310902628,6.580154503900918,0.0294855499784592,1.0474052254037778,3.672278232051085,0.2104724070845967,97.7690778440554,12216320003.369713,0.0009183963891922
3.4950451685212,0.0928473728869058,1.3669407921014547,0.0199977086608368,0.5358157982532553,3.5672137236513266,0.7176260748524798,92.25578423612052,17692556856.711185,0.0008473313143742
1.5113360146136985,0.0835782334846254,6.373874781124529,0.0178127144082965,1.6339128044727516,4.230422751652327,0.5878044738955274,117.5793910380868,18274571904.90193,0.0
4.805068074602825,0.0572057252433768,4.788270567275293,0.0495493956152211,1.35260926428728,8.390158118009904,0.8313066956481322,116.3036958815993,11770904026.039606,0.0006109824289846
4.690365660861902,0.0925848158159962,0.811173587337953,0.0761170456784837,2.1943320601847445,9.568701909355283,0.3606485144222907,111.80026593692072,16624539538.499563,0.0009713059208442
4.950573379227642,0.0724156504979213,8.169498205994142,0.0150841383561394,2.3259054518511952,2.713686167693827,0.8145630006495779,121.85065408447306,9154353110.324322,0.0
3.369529768571656,0.0340596898455639,9.115502803196318,0.0116820817619468,9.292428669124464,6.368308201325413,0.0271209831287049,124.07399696003463,11697308867.050789,0.0
2.239224876110368,0.0400866761233113,4.681561867403695,0.0781405868202207,1.3914556210847404,6.322469477232528,0.7528689059331078,62.25247763518854,15552355672.634151,0.0013614471407885
2.805283856742028,0.0645849689748172,3.644638702906756,0.0149666895523373,1.514214671114283,6.447456054991573,0.8493233694882446,125.37155957809628,17745950619.83804,0.0
4.824382480465921,0.059160996706318,6.182110924941815,0.0722950921579944,0.5530135007107725,5.021314398805872,0.6295523375644335,112.67742156584382,10516681788.314192,0.0006177641146491
0.3519442853829735,0.0504244171765466,4.142102269365196,0.0232727538004595,8.696152345528459,5.414749952845868,0.604562739741521,105.9996502804772,11363463300.06194,0.0007235344177812
4.087090464294124,0.0962477724669336,3.76990271081158,0.0243273820268154,9.026822065674018,6.998934214050378,0.5000410104021679,118.959474813149,9428797652.80326,0.0006366597664193
4.377051873582319,0.0378702253905155,4.134551181013758,0.0248921631104283,7.001168981584796,17.155445641861114,0.6221913176280575,84.63045658123681,17733065093.331474,0.0008938835950101
4.178454992639048,0.0775691484734112,0.8835265959869801,0.085156666443256,2.4589052709823838,1.2960558059631424,0.6506921590932082,118.74336877975024,10773846363.931623,0.000670494178541
1.216975535615063,0.0856029780889801,6.00529790724498,0.0058708761292603,4.127108117888083,14.97180106096758,0.1492303440375889,121.93982941137337,15142407165.818892,0.0
2.194070598645596,0.0435687728506809,6.689181363957015,0.0230453630051561,5.076445286870026,7.802810840898285,0.4299097359382113,127.24314996790083,13605453428.817616,0.0013424747211606
1.5663401049416523,0.0698095618458974,3.1369640793625893,0.0368896777889423,2.5207885203627978,3.5597132756555245,0.3740206773069638,123.75178184004376,10050290284.631187,0.0007466801504803
2.4021946972927504,0.0829490592552958,6.615875777718651,0.0048681595671732,7.782785252071492,6.126774111072775,0.6856474867879117,116.32199179520894,19534597485.86793,0.0
0.5696199021129484,0.0400225777013059,8.184279853233974,0.034761945264902,7.259369770490655,3.713894306825509,0.622072055717759,109.82348863505791,13907951595.088345,0.0010917365521765
4.185216939501973,0.0725537113852087,2.061643191406923,0.0124876368208398,2.396180733843029,7.505019375551752,0.8284711839568526,113.5808784404458,14067894440.423073,0.0
1.911719625942688,0.0328328704130469,2.920486782174488,0.0024727955541047,4.802860284632816,4.57801504399897,0.6206368453599554,114.93876889777378,19337625230.82134,0.0
1.244701435740263,0.03861689420397,9.342526920314148,0.0106902896679309,6.984562307207622,16.374690373625537,0.6806223789833438,92.48235757648946,17863334136.870934,0.0
3.0053465644576915,0.0458117888307378,3.94681129327012,0.0274745446017913,2.4887076355764344,2.27877854233389,0.4379154537282449,97.83387625642482,15086724730.317724,0.0008799090582613
1.552927433925902,0.049087049708691,4.000146502647063,0.020972065130692,5.473404192026603,2.363746082628253,0.3697959557333564,97.08864534773453,14812378938.118307,0.0008629791689371
0.4776443571747649,0.0737485914402269,5.415970467651226,0.0082409410690829,5.440186520251888,4.580089942397179,0.4474043198433866,106.19946023491131,13849941035.016474,0.0
1.6304306369732176,0.0062387978243336,5.667399265764532,0.0233094045069554,1.7548807790909948,6.648565873434217,0.3301665718984339,61.95276784669712,13159176898.428938,0.0
3.0835736563902807,0.0446070070283025,3.977229436783333,0.0262803749583902,2.3006976259544705,2.3549734734717944,0.4420181830907954,98.17223254384692,15094469639.397663,0.0008789380604445
3.366123415896705,0.084067101348006,6.067460901558812,0.0069066778589051,0.7419710409353385,3.933395533918956,0.5349065428205643,96.5705360142486,13817503711.585217,0.0
4.012797196074341,0.0885184698989305,9.309328924230975,0.0991213475559465,3.661025631568963,8.01267919350055,0.6362754838564282,102.43948727510852,12054174797.397348,0.0012772472945525
4.905351267968316,0.0980675542491499,4.518233031851032,0.0060122127026993,2.7354533305411786,7.597235923283399,0.74541169540245,119.36060618286304,14554589357.020365,0.0
3.16586173382873,0.0530479516128066,1.9702657861653896,0.0023036372114808,3.810686766029578,7.710966941154416,0.5037849178122646,118.81013097562004,13084772603.62658,0.0
0.5891316654148874,0.0108859364930325,3.524635195260616,0.0042291353278118,9.780525027776536,1.4578728926380575,0.5984590509979338,129.8309107070382,17240821748.26318,0.0
2.7962918353665955,0.0929262736032272,0.6545032630674367,0.0071816189196812,0.3213320099430653,11.771048225951894,0.3000986272987477,112.83764812376816,10728406249.905762,0.0
3.151828267265286,0.084106474567935,3.8291817397959615,0.0112637652437529,3.727402952808065,4.577316290905777,0.5477863173583392,112.4886215716554,16401661866.288584,0.0
1.6119848157279602,0.0541590546106634,1.1623040202988986,0.0061154244674323,3.6845766045800663,8.943702624045153,0.4371598159305304,120.40979969793722,12686415368.137224,0.0
1.7062420248708277,0.0513299173591276,8.434721493894472,0.0028452262052862,6.518753090193973,4.352796813338501,0.4376266396269337,100.43500720332148,12203956573.264011,0.0
1.9757669265162756,0.0220983932029596,9.498755487378055,0.0324988469587511,4.555346191997735,7.877704401799799,0.0446820057560053,88.01642052600693,12270546300.872164,0.0010927285092505
0.9943350576276924,0.0548080594925224,3.099850091798844,0.0075436458552367,4.920621263122375,2.483043834392545,0.7230192715523122,105.45093173058164,11465990188.069752,0.0
1.4285314626667291,0.0417196472205675,3.337136584092732,0.0165261521182265,2.6666764084067345,1.1883570854372278,0.7379184276828678,81.58937604447118,17612833898.03757,0.0
1.0976872560716362,0.0447432620806064,3.110836936428222,0.0219893973496451,8.325807718969706,10.069799857205837,0.7236145264695245,116.26712321681026,16925355392.27652,0.0014942353171007
1.3511218150946596,0.0115507403182858,3.069878699493606,0.0041994843096158,8.61693785380757,1.2056865723135215,0.6284635956948712,106.38577327058648,19734080761.81443,0.0
4.824382480465921,0.059160996706318,6.182110924941815,0.0722950921579944,0.5530135007107725,5.021314398805872,0.6295523375644335,112.67742156584382,10516681788.314192,0.0006177641146491
3.786184994780221,0.0300520432752599,9.73115069022827,0.0291766533358429,9.449646315562797,14.34602472959008,0.6002501845969345,83.68894940608527,18844343791.90616,0.0013137118478799
3.9070327854604776,0.0646706937347841,1.3938998573806165,0.0063716024312963,1.985901207447432,7.998209800215964,0.8260089329905462,123.14129002847191,14141002943.482458,0.0
0.5936737886973578,0.0085518080678846,3.464365793265625,0.0048292250579617,9.723393763778388,1.2951629010575032,0.5808231091790257,129.84495229188468,17037994708.79384,0.0
0.1942010447620151,0.0729239249122644,4.149170470299765,0.014927794934015,5.93026646052496,2.865366819288856,0.352842103894416,101.25957767762512,14094401388.472794,0.0
3.321567434916713,0.051816950686413,4.82841116796932,0.020264275477565,4.917584606006415,4.679067602421239,0.6725313133803565,100.23874679794686,17093913269.7501,0.0006279511783386
2.0932577323598,0.07026416996202,6.468287968454565,0.0225749234533849,4.914196234250921,5.697573866048418,0.6938582512147242,106.87413341552728,15259790983.012484,0.000627702141008
4.830598845421892,0.0312721444815063,9.77518369913944,0.0899358901174242,5.350899808326282,13.270855766983514,0.1888045054327919,85.39554471632617,18134841453.428875,0.0005523688018242
4.282392166398945,0.0717095777541554,2.1179653723973124,0.0104826871844772,2.505247189715782,7.565417423001463,0.817709240950933,115.57477093006732,14353039742.56821,0.0
1.911719625942688,0.0328328704130469,2.920486782174488,0.0024727955541047,4.802860284632816,4.57801504399897,0.6206368453599554,114.93876889777378,19337625230.82134,0.0
3.3795500933360816,0.0375956435865366,3.096968611239398,0.0039227771761023,6.852251972203526,3.602379939259137,0.6670798506846374,109.33380482148075,18145599751.64153,0.0
1.3325128027639586,0.0135612133268862,3.1001090494683208,0.005659428902508,8.709587891308507,1.1187543330394896,0.6392138103047535,106.99904509396558,19616916220.28803,0.0
1.258914448511906,0.0105957463581128,3.601851307618308,0.0035912746597868,7.12755537499344,2.2384721779105234,0.609196943299863,128.6799832103489,17688444937.477753,0.0
0.6487217489910626,0.0358190187881178,5.959446781253484,0.0065300286985114,9.4313120421518,2.6533374752453622,0.8207219124885143,112.55797977870456,17653485479.44674,0.0
1.660800398980813,0.0863376726903485,2.8750290606579574,0.0059662293839464,7.31608421981512,5.86655997170659,0.8101720491656053,125.38707405590864,12410264967.429169,0.0
4.690560962288825,0.092576745785709,0.8127891997939993,0.0761304694068967,2.196073670688888,9.566028107117692,0.3605365776672153,111.80965863017266,16624311001.78106,0.0009710580358118
4.008740011670937,0.0458913964998488,3.0027890289331,0.0139758628756882,2.9141159802688272,4.286658350612943,0.7112961568563659,124.96648629833734,18357482493.66904,0.0
0.4618246116062167,0.0748942876363918,5.388465350596244,0.0063702834135669,5.1744903984084365,4.648656468929971,0.4409808035025632,105.5366168309226,13881006274.360512,0.0
3.325894837313532,0.0655563533406811,1.2182925561249702,0.0329038119219355,1.6584431429991533,6.295092966688481,0.3925095810266533,100.57673181798144,10469382959.847094,0.0006008270208292
1.6229957063129303,0.0863362562679992,1.8291299656052744,0.0145801680456116,9.74740071320557,13.821253379250765,0.7838412966415317,111.62802733390326,13578307382.658943,0.0011360645299072
4.344436264142935,0.0552209385143664,6.488533535850473,0.0080647250609254,2.5471968544597927,10.671432205875536,0.4151291232677819,82.88680597314708,12512710861.529415,0.0
1.2487048566878023,0.0497882118201192,2.062935138667344,0.003723787792721,5.52833420958696,4.4229017212946005,0.4506899072511157,115.91926158354592,13634371974.23485,0.0
4.587485422865349,0.0766033635593854,2.509346862453053,0.0223586491961822,8.673203628880048,6.724695746641217,0.6431020216034388,124.25199419431594,11528865535.16785,0.0013086224915153
1.7828496636108115,0.0607369600830123,5.044331297685191,0.0155584278493311,3.6104754155433465,4.941493788514933,0.4120890269421845,101.4443104022537,9033688243.756037,0.0
2.522699487348638,0.0734697370351353,4.910750775031856,0.0563526743415376,2.298760927945461,1.326748395882999,0.4155968972824903,126.5763813410854,18380735330.60248,0.0012861057615801
3.7288016681236176,0.0973584345882231,4.2644007732884734,0.048502072843229,9.783148767801537,14.111147090155864,0.7722191966474885,100.31608956870276,10363953876.212244,0.0006413019978928
4.333422826264667,0.0050978639161801,6.575006524647236,0.0123919262518931,8.11289290193189,7.908031027010667,0.5886287788859242,64.0650591965869,17270076900.51394,0.0
2.5510151852142204,0.0599149177602955,4.987675967090256,0.0226083479399267,3.1534606801649345,6.37587017570659,0.8031569771641469,117.45764661966258,14474225336.7718,0.001111194671778
3.10112040711598,0.0691257549847716,7.423261379400658,0.0053344364604738,4.284946221707736,4.064235898967743,0.7216759993246005,124.32154656845164,14378791105.99704,0.0
3.024391152202859,0.0430150665759073,6.028153394848318,0.0636285145441427,8.588758050841975,9.353213722123552,0.3434837923420656,61.83574300809166,18357910725.75757,0.0010255143361102
2.3876227136337573,0.0836997720189316,6.629677150324326,0.0047919897450486,7.807931732921968,6.34923190276611,0.6820575647315154,116.48072604809546,19462404183.99165,0.0
4.786295544490065,0.0757131691955286,2.3156684061325894,0.020558472709944,1.47095817452121,6.760781260827316,0.6974286887931214,102.6876405957176,9909700746.201176,0.000631670873253
3.372528451149396,0.0541719794668683,4.892824363526073,0.0221586305948449,4.8507329575014095,4.5084415695787445,0.6636532178684276,99.21970867778356,17108007414.813772,0.0006379970054065
2.121271987292433,0.0659361456036086,9.352901402734714,0.0556695543203115,6.999186182896697,4.875720243737149,0.0684493709452631,74.01448880683988,9979424315.248993,0.001229609453221
3.0183881512999857,0.0579797900355612,4.237854655232852,0.026481735022538,5.004674254853718,4.405643592005413,0.5533796555533267,96.7875919422982,16505360868.159452,0.0007066362974957
2.9703137878307344,0.0935932234715062,0.2218473556368895,0.0625799064451482,0.7581654318324451,5.181374513605502,0.6183955842086997,73.14868622590141,18600932361.51161,0.0010678486077774
1.0649155340454244,0.0072488637077253,3.4657808269376797,0.0162401059479124,8.946213744750816,2.0846999900683585,0.8027156721634813,117.89418628924584,18125895065.663857,0.0
0.3970769721669038,0.0641794389517687,2.754074484847992,0.0040135619127457,9.449689945023568,5.884306940402704,0.5878306208833346,107.58470958552292,17748449739.4952,0.0
1.005754315594578,0.0857288924609408,9.772950513501431,0.0191488882127036,6.258232926096785,3.1186700839423858,0.1091968984288757,93.82075973589096,9875585181.495396,0.0005976986685905
3.012103080897844,0.045939553246612,3.952850405255723,0.027276806038228,2.465225374087917,2.28914673416484,0.4381383436059576,97.68980556329812,15135317569.828478,0.0008788447199988
1.276842357083082,0.0497342053488174,2.060331397309098,0.0036667673576433,5.37394295861196,4.8792712133486855,0.4603271689873943,118.51536755386924,13626072382.056906,0.0
2.349191728764986,0.0867351014059976,2.504270205373479,0.0053067540930889,1.994453578829708,11.168453196304068,0.8104511623674856,117.50501902707724,13432785555.501928,0.0
0.996158120565335,0.0528287903888701,3.134587682628363,0.0041986559093745,6.563503933145183,7.066969935650825,0.4149925794285022,114.32788096499029,16675224756.015394,0.0
1.99075660264156,0.0177949606660425,2.576719754085861,0.0120886551530993,6.848965419489419,1.3899206645766269,0.525608813859048,116.35916830550448,17827437328.491703,0.0
3.1459362305527856,0.0812436611887405,5.199764129150458,0.0071742935570487,5.065625762709645,8.263425984420264,0.7994912277968397,118.06651895309152,18210263766.16551,0.0
0.9870269873531132,0.0670978168538904,5.234639417826193,0.0024891422654233,9.920517524483698,4.851724914191707,0.8242037238834181,118.84780627028738,17223425590.275986,0.0
3.6327561662079706,0.0961831662687313,7.836892172272261,0.0177959249845856,0.9339775087240304,1.994869755374384,0.813550574263531,121.95521802677324,19444666593.168827,0.0
1.1411317136543555,0.0195228000823695,2.738705189571718,0.0156255031348378,6.73817463431971,2.1219624352385527,0.6259219582557146,83.46120792094692,19950318128.835945,0.0
4.335111741335462,0.056456920786273,0.4069899325956768,0.032161571105057,5.299527256134866,4.65702680553727,0.7841337083421427,83.36657789617841,15009123166.549046,0.0010501932856472
2.311886625727902,0.0351896480369724,5.539685560948186,0.0111953675604932,1.470940086589607,1.9667957175577024,0.1631235341267241,66.22313941647319,11785907202.764172,0.0
0.879526586043104,0.023753389431375,4.549202403753776,0.0166276384971613,4.601671153621442,17.699704397273774,0.35983098359435,82.16565172063918,16259173738.740206,0.0
3.963711569394288,0.0669604147849461,5.475969700796882,0.0085806435878074,1.8179694209340824,7.284536253397271,0.5999800980437289,119.61783221730872,19481543740.717064,0.0
3.638967706353789,0.0954543105173637,4.569801612119625,0.0252572761844182,3.0974637765608803,6.093883020690841,0.737767362439725,122.9810362013831,16695965065.359652,0.0009049033338159
3.5136861134805377,0.0611477924645256,2.090999607362487,0.0044197951745056,4.233082978779335,4.6175682106046105,0.8402758509979886,125.17205839676708,11918563196.156391,0.0
0.3486932603571177,0.0613391441127617,1.2686783172636489,0.0131659200741691,8.08718432829903,2.320785649752593,0.6659531517469,118.22034394206491,14225602335.486591,0.0011937917175091
0.6185894924073522,0.0811861432111265,3.2833679611225866,0.0272682854715275,1.582345716364884,4.201894841994359,0.1561840069782593,86.26120608718648,9289688287.59818,0.000818343453754
0.5355993381782106,0.0061390408357778,5.03729904378483,0.0020847843616098,8.347074212417484,2.95416681899557,0.5992710976949541,124.9010888112047,18010749459.30741,0.0
1.489692601885668,0.0208730979041243,8.796985124009987,0.0055833250849849,0.4531754063549598,9.565983811167168,0.5811424473103853,97.38148595755298,15664459132.16487,0.0
3.679533906570987,0.0181943203905186,5.0606428436662325,0.0297039958323479,2.696197624757718,5.842457363821819,0.8236985591631213,80.37583170582245,16624162233.427488,0.0005874820272006
4.195216309370816,0.0179758440238636,1.492878912561198,0.0496491181070465,7.647282865741594,2.1026424346797654,0.3808582973417733,64.3885715328399,12676072703.06545,0.0005952376207276
2.9433469670636736,0.038288013210758,2.5807727278146992,0.004544669087585,5.114544069013565,6.494517671842927,0.5992853418973377,102.28178449377909,16917678259.797558,0.0
3.646346917386634,0.0873743989403176,1.572920820251975,0.0021090557865705,6.700467116287463,8.37051305784501,0.5390837070803683,105.7491811615152,17259193745.528015,0.0
3.6247133861023015,0.0415526659184011,7.238308723075661,0.0120947578555159,9.996694970855174,17.16792917473411,0.7132368587160136,89.54028275438543,19716987850.127754,0.0
1.2170507809134468,0.0591899567319284,1.1164953704224652,0.0872056737549366,4.178463949536295,2.316790378459472,0.6803954769038585,107.2100648897846,12306690213.122755,0.0009141027206985
1.0595391096067015,0.0175510117674086,3.865556788460092,0.0146246282520486,9.55955431194448,2.167763746286268,0.7915811084189817,66.82116994399166,12833649452.501797,0.0
3.250506859715978,0.0736209137924942,3.4657299741199576,0.0108145007261036,4.208630179431835,4.943103175146367,0.5812549311398827,115.61929962939006,16107084808.588615,0.0
0.6125415066556567,0.0099957606422079,2.889551247294952,0.0367296559549562,9.866788184085047,4.026216413053311,0.7306925190114292,103.9768880473454,17783583678.85164,0.0011625082378175
0.7059494153092118,0.0118605954083979,2.840835874571095,0.0349357877247202,9.958668722267197,3.900538613319736,0.7364868974324159,103.49564906304552,17860906213.876522,0.0011789113648239
3.8295576000547578,0.0801092783007915,6.306359332580533,0.0855638805680105,0.560995004313633,5.692212413466352,0.6687676481572314,91.63994539084972,12313834435.249184,0.0010417531048972
1.5262265607312604,0.0265999634323431,6.334583548177355,0.0392625702092649,6.122057018036006,1.3540430930482426,0.7011946977489519,73.73652932218853,13810967153.141825,0.0007775702974229
1.6142965808448373,0.0296524727759385,1.9767251899658256,0.0056792818448434,4.641577202520096,4.151296648004281,0.5965587187432781,108.98029987334792,18092459932.725166,0.0
4.957919333536008,0.0379038675121342,5.716965586850185,0.0205888478506343,2.918844543239441,3.652453502400941,0.8006112499407326,112.5517906586876,12663724906.829063,0.0006416792631892
1.210337487717814,0.0255909169072839,4.280747488884093,0.0075827816511087,7.816940313840141,3.65516884265596,0.8165033640109083,119.3483429744152,17181548524.036423,0.0
3.587636605993664,0.0982398236044032,5.172634449839801,0.003108624631294,2.518528074890429,6.407338413201296,0.8497653781601902,122.16078809698648,19854269979.307667,0.0
3.1718672565771846,0.0413065025001511,4.947772647149783,0.0853149798100752,3.887249577551946,1.9857228217509524,0.4109056672008574,92.64576194836071,12718871346.821146,0.0007952090668499
3.5563581130635527,0.0638623559978278,4.412409009674351,0.0105745242995963,3.409690183944372,13.769636693015642,0.6696578418318885,122.76912479152271,15874299124.869318,0.0
3.257504335768426,0.0528396694887557,6.588557232073349,0.05258085690476,3.5741611288049344,9.802019494771256,0.3641370765746478,110.71275837486468,17644605006.657055,0.0013732231061297
1.5076172335000386,0.0441173571447534,2.296824427319532,0.0311489810825166,0.4343441791268482,1.212498562142862,0.8310277945391966,96.40698546078796,9926982429.208754,0.0006828535755521
3.45055207610708,0.0340572239684894,9.299026554669943,0.0118500611235588,9.31534651761386,6.161794060461805,0.0136115662334674,125.97532203226608,11635481147.55478,0.0
3.496546236824857,0.0488626070899112,5.492858886025223,0.0272588824788133,1.9097356907295135,3.568229161467781,0.4691872333175237,108.6697715487074,13539507760.92316,0.0008379570681668
4.372880283158487,0.0926496497245403,5.4676505957048045,0.0030877134221585,5.061927260085841,8.898560836086482,0.2153287319450062,108.41346517562758,13752589052.792116,0.0
0.7623379613800888,0.0432584243015169,2.4773280394208865,0.0029927475836331,9.3482258100282,2.066137037755103,0.397730481172062,121.14969533459052,13927386404.962317,0.0
4.420678953164201,0.0840080733903734,1.608746132197166,0.02430292941357,1.3424644663591985,8.431528074827847,0.724304793757336,113.25861585687642,11111991479.094513,0.0007201982823984
0.3488307584558026,0.0613228430994124,1.2666863721860546,0.0131736208250234,8.086384868341902,2.3188239446566103,0.66595702003288,118.21490258388096,14226508309.391798,0.0011936944655021
0.892264776199832,0.0076709231912332,3.919376793728413,0.013113290788919,8.763397792159484,1.765892989329268,0.4544256456791845,124.16426391305608,18939035630.48793,0.0
3.635051417798884,0.0755081880652121,1.7163870725830814,0.0086320802311512,1.5261491057495034,7.045524153795591,0.6109280732507009,100.89884538708417,16096360920.632664,0.0
1.3390059142256738,0.0103073716851408,3.003301749436232,0.0054914962012058,8.668574676189818,1.15562163636939,0.6239558393151745,106.82734725181147,19684254393.863583,0.0
3.152036947296489,0.0816168412744139,5.129496903517434,0.0072988365545742,5.035146748875808,8.113795255672017,0.7915460118899913,118.75442001896326,18271102476.70764,0.0
0.2850845646295353,0.0138936683616319,1.303196856075273,0.0068050280637513,4.155648200568331,1.552248559149252,0.6930399568093104,120.58928546777447,17426438802.33795,0.0
0.4618510537514024,0.0748440878269576,5.356966801038783,0.0064296571019071,5.178779181434412,4.637619583776036,0.4412600460691691,105.53459779800164,13872722240.364153,0.0
2.4021946972927504,0.0829490592552958,6.615875777718651,0.0048681595671732,7.782785252071492,6.126774111072775,0.6856474867879117,116.32199179520894,19534597485.86793,0.0
3.98632220032562,0.0854806795652274,0.6610510931038632,0.0200196811659958,2.039378902925176,7.8550480161231855,0.7108713688934674,110.71736037405395,12510403959.204628,0.0013703654240268
2.001060540245532,0.0476920192133171,6.394754462830564,0.0358181820800246,1.675528681812245,9.882532066431803,0.3234591703689865,86.9080337429726,12009890204.440594,0.0006861038531877
4.53117016791596,0.050086377963793,4.925383599405993,0.0444539019809995,0.8922433575179362,3.735995500660637,0.7344392268509955,121.3917718572746,9898212050.14853,0.000783287800672
3.604844412379123,0.0983456361566742,5.205522674785732,0.0031261546237828,2.518063926118824,6.409183686039398,0.8478653254982371,122.17251644709074,19844047984.267506,0.0
1.7502816889907782,0.0155787044542697,3.406829497622675,0.0067643235516548,2.158848111957005,4.717970675716462,0.1594133343950497,81.55717362302624,13218115627.636316,0.0
2.0839336433679265,0.0561227608845916,8.709900842540332,0.0127613346636592,1.2244058985814836,5.363495432780292,0.3962081059456939,82.93751387907541,10644063426.89545,0.0
0.1784350575539987,0.0240514169050534,2.6162079883669134,0.0041518442003332,6.360580514687392,1.9525428728987908,0.713370037676123,72.80832499537539,13002480129.040316,0.0
0.4587043002235015,0.0168188867928944,7.694762864031423,0.0170176491682848,9.11796957010677,2.9045881802873823,0.7929603119668986,118.74740373598708,18329253602.7167,0.0
2.3051327871841414,0.0590543386623525,1.885172805844261,0.0192525479633348,4.340717018731284,5.933674361018669,0.3481212345178436,103.84111483704592,11368880546.81548,0.0005222264118965
1.203086697417838,0.0822998925875181,6.2780865880557055,0.0041309542850147,4.272186176286263,4.625390291354477,0.8123049789001467,104.99203242687685,14943836698.482508,0.0
3.1203329960915864,0.0995576023515839,0.5713433007563872,0.0261826024684602,0.3527217271658313,1.351686599219331,0.6518825346048118,123.71912600781616,9191988116.53656,0.0006985597029852
3.3477418508869263,0.0990865216532203,6.403706568606903,0.0058356019609049,2.1927194999407176,9.052565450186364,0.7170481075298192,128.99306308429925,19338424064.01621,0.0
1.4431717788839091,0.0275447081117884,0.891096431367537,0.0087474463019557,3.874806013998468,7.917436149336886,0.8213160382190775,115.35474025109836,19415218880.45212,0.0
2.59783177604803,0.0393339027500037,3.866323913255202,0.0578414153078245,5.778715259763414,5.148727781202634,0.7025638029187045,94.53072640301234,14896983348.945885,0.0012537400261896
3.597314919124682,0.04232355242702,4.372525400232864,0.0768601624133369,6.919674330261271,8.562485990261317,0.8062910695777546,115.11554065312632,14936751009.913555,0.0006043443525867
3.1353837939478035,0.0995665736147436,0.6022470894971906,0.0272542018029199,0.398624427291779,1.1848751689449086,0.6554643209979661,123.77575191209633,9299399553.22445,0.000696729401627
2.999955490269144,0.0689518252218819,1.202117912099927,0.019285816615029,4.598700108991017,10.263840244346852,0.8172480080238955,117.96402859019744,14128832194.589537,0.0009098429870374
0.9304482445551568,0.0673112129479676,2.759723261660028,0.0044298593017021,5.68892853913082,5.809422966285676,0.2381244268903751,89.67866666396444,10440619520.066422,0.0
0.3017761793548922,0.0645900003803461,2.533174450778673,0.0028088146309496,9.41702252841463,6.71126336387348,0.5810209356416463,107.11502949059718,17362370742.93644,0.0
1.504199999385362,0.0957111531963766,4.3797435739431165,0.0281323622000868,6.669767102818809,7.472493158122005,0.6668775985165366,105.15976762343888,13359831288.570232,0.001079096212135
1.2270175155584784,0.0222150265388397,3.8596185020620415,0.0059357828255089,7.7859523460183935,3.2894032407068243,0.8179093030925201,118.95733504499184,16539827935.770573,0.0
4.387997197231539,0.0807727355983313,1.5257569681140046,0.0120580033165014,0.6677179134289979,11.67982890218224,0.6874500805212121,106.50717853503517,9276911831.679235,0.0
4.489585367307352,0.0970728600470071,0.7368363029840622,0.0020731877902212,0.5170480666424367,14.495430616947544,0.3738860450144928,118.01329982325888,17700851851.3789,0.0
1.9842672137765236,0.086787048173575,0.934637887924878,0.0193045413451183,0.88332982011433,5.75640036122668,0.6285542549139425,125.68561032447631,10451461170.552437,0.0005633533008919
3.005120065640108,0.0470181563987739,4.149944456964619,0.0269368548448569,2.1219672552474087,2.3918150563694747,0.410562996115464,99.11362589922808,14883954921.792488,0.0008918440941994
0.5060684251251012,0.0175227612175257,7.622599608903628,0.0218244866342654,9.262073313372335,3.1384559673769017,0.7802712348741272,119.05995938833256,18426093108.33917,0.0012266189896395
1.902923397902776,0.0327171506107824,2.904895748453444,0.0021471479813878,4.668428835255698,4.075079947588922,0.6331252546079774,113.70794529458966,19456985271.40314,0.0
3.12822085784183,0.0812979066692616,5.162770307792557,0.0070449614450541,5.099966478016861,8.112822447068558,0.7921487695674756,118.8354972263424,18244133198.560856,0.0
1.800774660772288,0.0953211629162473,6.541082585900188,0.0214594241937696,1.929239188459681,6.324624960232084,0.8483904523871498,116.15016122509708,18768441054.55841,0.0005983701144572
1.6443873703543448,0.0340120135174192,1.4434409069837135,0.0045862168279559,4.909311646089268,3.711169289981552,0.6181812728604313,118.50207278932936,18400869949.81466,0.0
1.9449482769377189,0.046212171989104,3.6910546296069047,0.026973820170424,2.256013318492063,3.766152457507212,0.1037575888533176,92.05485421379171,11082881028.920189,0.0006769873448739
4.649392625352451,0.0846677292001285,1.7089480439591842,0.0223705969069669,2.269977647560569,4.212709624584123,0.1566170449963312,90.31506155080524,16356296450.093267,0.0005499660259902
1.9253607797641887,0.0379102193157988,3.427807116525657,0.0222590933525109,3.9926686126615487,3.0917361906447347,0.4757675768884222,90.86512267270848,14242420273.758308,0.0008349565800534
1.794023433311634,0.0296540357848045,4.760287290008993,0.0418490480167101,4.0499991905503405,6.016212450499214,0.5875498102544913,80.58150835086965,16258777681.8701,0.0006087540714593
1.0808328950413997,0.0272210111338468,1.916034290573121,0.007885899476315,4.381494680020606,6.236583004424847,0.8069660531502868,120.01170092189098,13599521097.945564,0.0
3.663378347418293,0.0685978300521308,8.606270429486054,0.0068656491180882,6.505024393806349,5.497691023264071,0.7340285432027163,94.49190160287417,16943402491.15664,0.0
0.1652652055215919,0.0245206896301114,2.6567968450703856,0.0040749672962489,6.344032437425997,1.8499568518342795,0.7166463266804727,72.50310971587635,12988560614.116762,0.0
0.4623929965300746,0.0601376602167903,1.26568022955175,0.017279754724547,7.614199900472006,2.873116844575668,0.6509244213355334,118.05476493598,13993318067.731308,0.0012010025889605
3.7271654149875073,0.098995888558666,5.188018573008777,0.0061459532942711,2.462915123670642,6.396811400012398,0.8482891956697722,121.865508602308,19903185022.00406,0.0
1.842920818695453,0.0518878729962937,2.56478509198186,0.0014541036882868,9.72624880442083,9.285736810433557,0.7136437301695465,83.45342557298875,15410383413.54322,0.0
0.5277758587701221,0.0856814852436444,6.1309016529640585,0.0123093173230914,4.987004049176511,4.936576845412928,0.251987219103609,100.47953834310395,13962006778.884626,0.0
3.3651036148618583,0.0982688363581751,6.323293606471695,0.0060899070742529,2.1116741930042786,9.617361657318108,0.6872810096917509,129.72485250686267,19438670430.24705,0.0
0.4570637092383776,0.0732801741845623,9.305053561586702,0.0460599857178143,1.4757027818337147,18.53007383476922,0.4809884553770601,98.9229812001062,14221255336.064638,0.0013063685875569
4.031313782421162,0.0698139323599431,7.154269123289407,0.007149820789516,4.45055536375129,18.106398546737363,0.6635627116365442,71.4649673648957,9710339244.14364,0.0
3.5182656476156526,0.0857971265176498,2.615935189856691,0.0850301662449779,5.093706403438803,3.608361769671669,0.1670129621428722,95.78262152444437,13920998048.44491,0.0011846760203578
1.2587104503093205,0.0952942788059236,1.456248090662857,0.0151836202446964,3.1097026321298604,8.792721529084037,0.7113560803697294,122.25539820208662,11549105643.15449,0.0
1.210102796142175,0.0269156014895985,9.331941122757325,0.0025340856632962,2.894006079859192,5.474282405260859,0.5832919249938623,87.7004560180267,11032172006.691418,0.0
4.986673375265965,0.0683113294093178,5.228964068522205,0.0799752426299372,0.5803529923254906,3.25961633560825,0.6708407119235865,80.85371877724515,12295658581.174192,0.001114766116719
4.9263088373057045,0.0939697166179611,5.153261038639998,0.002554810742478,2.565657286464322,8.669866233749875,0.811589369883314,126.48727562364692,18718516908.3912,0.0
4.402882351369523,0.0799191034679391,1.3417336282421943,0.0113440323948683,0.6171666799682557,11.753749951276609,0.6932863591453523,106.50341522373994,9162919074.451414,0.0
1.372921074404328,0.0287470848282494,2.9327607236545488,0.0176310840532181,9.159743642591172,2.4000418971969424,0.8126537088878031,124.40481631422136,13447463046.296633,0.0
1.276842357083082,0.0497342053488174,2.060331397309098,0.0036667673576433,5.37394295861196,4.8792712133486855,0.4603271689873943,118.51536755386924,13626072382.056906,0.0
3.613741158042943,0.0594821407689414,4.719938332375482,0.0848878178883319,2.763667707122461,5.091333526944859,0.6824312265282294,109.87209180033642,13920618481.44873,0.0006834395050288
1.1638527977479065,0.0642799757788877,4.062254606233382,0.0133062100550313,9.95688904078529,7.276491595743702,0.5166968794318683,112.09798165118583,13582368569.182133,0.0
4.030413931639298,0.0329112793650751,5.571124413716967,0.0232396880266519,3.7535704273910113,7.888172813666258,0.7171069240328665,126.79737844807858,11251840102.182129,0.0010671523080705
1.219791295412659,0.0267885239699667,3.089437629129124,0.0207377139460419,8.09632784664699,3.5717507763308567,0.6585989420404273,94.43172704351868,15980361277.726015,0.0012628371027234
4.326983899829383,0.0991027850871045,7.721392626563647,0.0270453514315291,3.6241597980626894,4.044021983598864,0.7731026503285316,125.91719699687086,19472936537.28686,0.0005428492175605
3.54582278302844,0.0694786201998524,6.384555547519263,0.032267697637928,0.9081486350218466,10.07656758210499,0.5654802917407147,110.27385954100522,12495012500.4663,0.0011765319524798
1.5759445893812452,0.0207585487461542,2.500522057934243,0.0044396699657608,6.898771546893862,3.71884082020582,0.5284159173641629,124.19889673412624,19018865919.95685,0.0
4.891979913629887,0.0653506221047885,1.9408672065580848,0.0850976237012944,7.276681744079471,2.6670034122005646,0.4081652673393436,119.06813329072224,18493557617.056137,0.0005182069208486
1.6002283860855866,0.0975148510243729,6.724718057472591,0.0015560432383713,9.92689242607386,6.482819938938423,0.7425564353016377,117.21907817739692,18684679527.45456,0.0
4.402882351369523,0.0799191034679391,1.3417336282421943,0.0113440323948683,0.6171666799682557,11.753749951276609,0.6932863591453523,106.50341522373994,9162919074.451414,0.0
4.661103928169939,0.0843947767018289,0.4798535638385872,0.086036192718599,8.235329318196614,13.421385732726472,0.2065702721872993,107.56435645290736,12233763799.75255,0.001180284787951
1.6119848157279602,0.0541590546106634,1.1623040202988986,0.0061154244674323,3.6845766045800663,8.943702624045153,0.4371598159305304,120.40979969793722,12686415368.137224,0.0
1.5084928532505757,0.0403851743809759,4.969276525164159,0.0524925098068017,3.750294144221329,6.647950274027422,0.1898957797101219,71.19098784339873,14858272305.006733,0.0008726860385348
3.250506859715978,0.0736209137924942,3.4657299741199576,0.0108145007261036,4.208630179431835,4.943103175146367,0.5812549311398827,115.61929962939006,16107084808.588615,0.0
0.6730245486036875,0.0632514533635394,2.087350025741549,0.0152671019126601,6.133237863471933,3.318679396387375,0.3606825953888284,107.07230173925822,16201809387.565825,0.0
1.475114520467855,0.0147543359555549,8.081955566148764,0.0134728696537573,1.2363473448997195,6.098279008446138,0.420149266793458,79.29803131762031,15819450521.66183,0.0
3.135844243461036,0.0824003404195812,5.072190550672126,0.0077077362887541,4.919061791597084,8.495674939171403,0.7998883868326239,117.7480377391532,18108732638.64888,0.0
1.4895611728628642,0.049903665155861,0.4008197669133401,0.0252672532954773,5.115401349386643,1.101499400910573,0.5191365172438309,111.8516225647007,9046199069.871777,0.000978015441898
3.963711569394288,0.0669604147849461,5.475969700796882,0.0085806435878074,1.8179694209340824,7.284536253397271,0.5999800980437289,119.61783221730872,19481543740.717064,0.0
1.2487048566878023,0.0497882118201192,2.062935138667344,0.003723787792721,5.52833420958696,4.4229017212946005,0.4506899072511157,115.91926158354592,13634371974.23485,0.0
3.487959627027052,0.056952720179484,4.942418774941555,0.0060564574919594,9.203589228841729,3.474788931375905,0.4363109465932158,118.57464231117582,12839148455.66995,0.0
3.152036947296489,0.0816168412744139,5.129496903517434,0.0072988365545742,5.035146748875808,8.113795255672017,0.7915460118899913,118.75442001896326,18271102476.70764,0.0
2.9459882822136154,0.0689884503275188,2.4132154574343625,0.0225836782590483,2.5043840565325617,1.1455541122706947,0.3498698967717282,103.8451819693821,13364589758.698296,0.0006172122981695
1.2270175155584784,0.0222150265388397,3.8596185020620415,0.0059357828255089,7.7859523460183935,3.2894032407068243,0.8179093030925201,118.95733504499184,16539827935.770573,0.0
2.8490971913458667,0.0512617790606509,1.6984818677953144,0.0088452404029333,3.1122701282674026,7.559881183870047,0.5671995633739559,92.97448411582076,17772654787.411312,0.0
2.574841515186808,0.0494549668794601,5.94177485571095,0.0081264241846377,6.330647624916992,6.480102282617817,0.5534334172170607,116.8691134672642,16862552073.281063,0.0
1.1947808277483287,0.0250627586974201,3.5988342064128185,0.0070842635958457,7.724745377509406,3.6474773689664497,0.8147488983710229,119.09803481452954,16944510667.852243,0.0
1.1996396879920417,0.0264315606994543,3.100162984480711,0.0205676127510274,8.062738613798647,3.60695526425541,0.6609852316909332,94.41190288019068,16033306247.271648,0.0012645736429258
2.3891714204238275,0.0787690997628599,1.2150315271399443,0.0080037509841439,2.566403297012121,3.281629038582672,0.7635939750778182,94.8202003926307,10835905803.882635,0.0
2.540798387858324,0.0927287302822667,5.761009698015685,0.0513468919052738,3.5439279102300025,4.934264452679232,0.4456104860036916,117.47277890025504,10378356280.885223,0.0005545526657601
3.0695289286061818,0.0957132759427969,2.574501406432191,0.0198303159460254,0.4910086350500828,5.16316273763291,0.3194928115310868,87.42281888882005,12156378558.00134,0.0007181551601883
3.380962430781005,0.0372573180796218,3.745016818700084,0.0238004283184761,6.601954138521281,4.943327502187294,0.6436087661114287,102.94036186292288,15854240295.476105,0.0014478033546575
2.5618032008051617,0.0077039293886832,4.807728414642317,0.038507557818802,2.1844691038942625,6.005310552825241,0.5866683868153177,81.66414198354894,17904172615.967045,0.0
1.7854913431703627,0.0641346848027288,3.0131112596023484,0.0071448701522319,6.117599689320803,4.8125165268777605,0.7534958394016672,125.29485154433614,14339355631.93837,0.0
0.4424824394209034,0.0222788192544372,2.370110592249083,0.0314343260302927,8.231417987335082,3.364984451342709,0.8114504184530934,99.76157760934376,13818843637.227272,0.0009042784891263
3.0779778833683533,0.0753528219255267,5.00129630354308,0.0231751354887097,2.4350226926343144,4.850081681912008,0.6895027267383034,115.17294896107742,12691293501.02076,0.0005809291221078
1.7561510089257966,0.0854687032764856,0.1997060087637413,0.0262629780286968,7.076608090055819,5.95504920483152,0.7354445405457113,92.31600752280708,9715722763.67088,0.0008174208318471
3.2905921377659464,0.0462992457001662,2.9988920123982776,0.0027331080078012,2.9261212338282334,10.250100024612337,0.5859119827668471,91.1248730344331,14381412074.625883,0.0
1.9615464088183616,0.0254799572986688,3.3612675063005963,0.008299835525494,1.2754980322763831,2.8865997629085727,0.5170691254434863,72.1173265202052,13912718799.332949,0.0
2.096179324467119,0.029766192389033,6.241024404790656,0.0215490237603558,1.889273605330352,3.9935251848441538,0.428079605817985,88.3516136062453,15272269329.249386,0.0008887180565957
1.6930227688072332,0.0516925636238898,1.1804541441038314,0.0066417240528519,3.7946623414387615,9.006128901929305,0.4208518299467196,120.08028010689463,12806626126.813583,0.0
2.3977864501923247,0.0317920659723149,8.443644123336147,0.0151483521221232,5.667768463185956,7.74610248419316,0.4366543167817369,71.77114794079911,10850111888.73026,0.0
4.079403575931022,0.0775319446012923,1.0761413990339077,0.085401635310224,2.61017150082306,1.185247592578859,0.6514366122252139,117.8095254386676,11001803687.728014,0.0006859922398789
1.489692601885668,0.0208730979041243,8.796985124009987,0.0055833250849849,0.4531754063549598,9.565983811167168,0.5811424473103853,97.38148595755298,15664459132.16487,0.0
0.8547207532163817,0.0261484968215115,7.976575676874819,0.0545250759717459,8.169696427641536,8.206723993699336,0.5720059070879508,61.56319719304339,17010678564.12907,0.0013022860958297
1.2320120138262334,0.0249707185616266,3.77154694550504,0.0077494473468733,7.817737492440822,3.49332758453776,0.8236069614825839,118.94520431240636,16713258589.285269,0.0
2.343825904012329,0.0193888891008384,4.7493186542455605,0.0105781317025811,9.60751514448136,5.909390413767694,0.7137228677736398,61.919131630748176,10049106367.117184,0.0
1.9260785986746505,0.0600247078494047,9.04288833534439,0.0139000760118885,0.2253392718169669,4.0467605360557295,0.2354298403695484,82.7616438001435,9645337654.052065,0.0
4.902897199152472,0.0667827064499343,6.046996357558838,0.0569364308062046,0.4906067745385337,11.31146178421276,0.497217697928741,62.5611045835318,12314573671.47624,0.0011601345382142
1.6930227688072332,0.0516925636238898,1.1804541441038314,0.0066417240528519,3.7946623414387615,9.006128901929305,0.4208518299467196,120.08028010689463,12806626126.813583,0.0
3.421534837454911,0.06116199544061,3.084602564075985,0.0408780021924641,7.407320103240849,3.782728251479215,0.7803917458102281,99.44048417065709,17398560108.093086,0.0009065360678286
3.0937742850048666,0.0652768877877108,0.4342069726049384,0.0051595010694492,2.8823094499199664,2.766618621408426,0.3078819660875045,76.18024186480267,19570681162.176857,0.00096820778385
4.54477355417687,0.0776022544180024,0.4374215899535002,0.0127072813499542,1.228375219266446,5.134041743596131,0.6678643095926755,127.46526163539838,10313838041.834389,0.0
0.6694895350820474,0.0118338335458801,2.866042478164186,0.0037839592473996,9.87867424853127,1.1337951468751015,0.6039106388593668,117.89554021354444,18434700675.992493,0.0
1.8936642715500616,0.0711397711860725,3.8449213038813457,0.0290600641910445,6.164853088050579,8.862819843543688,0.7855961981387164,126.31583400501216,11772805322.146404,0.001240047227228
2.9433469670636736,0.038288013210758,2.5807727278146992,0.004544669087585,5.114544069013565,6.494517671842927,0.5992853418973377,102.28178449377909,16917678259.797558,0.0
0.9512073529359202,0.0316622062514365,3.055842981227938,0.014839603306042,5.204043897683941,4.245816196687024,0.509417181645432,83.70282483030856,13426198784.839785,0.0
2.7361451963824304,0.0756051070816769,4.500139377078425,0.0399398992021553,5.161481692063219,4.357533221626497,0.776852887406355,103.19038347942076,17833203133.013588,0.0008541424885869
0.2588802714010135,0.014685978438251,5.019349012258311,0.0337965814833232,9.615946399886065,16.762230441342584,0.6969382232379568,93.2622550942856,13747491498.254332,0.0011629588888896
1.7018738883432196,0.0940158866921101,2.5581547998915064,0.0093392111202623,5.348520120353316,6.504462773214847,0.7220132024189473,125.83526427658042,13392567501.974731,0.0
4.689414462877564,0.0844697552821783,1.4951188382115783,0.0237979012025797,2.349320350782457,4.264383891465258,0.1532302212766814,90.15504394630308,16372537570.171152,0.0005521063682396
3.012103080897844,0.045939553246612,3.952850405255723,0.027276806038228,2.465225374087917,2.28914673416484,0.4381383436059576,97.68980556329812,15135317569.828478,0.0008788447199988
1.2103036865714456,0.0255791440308774,4.2880943984818165,0.0071868315604084,7.816958695567664,3.6154330348549055,0.8170427244427749,119.52560772821666,17168379290.646454,0.0
0.6106867334719212,0.0349546748281508,5.139667937280425,0.0091175524635201,3.0339273061864174,5.704608713415382,0.6996980946756881,98.58748931905532,9944595353.11204,0.0
3.005120065640108,0.0470181563987739,4.149944456964619,0.0269368548448569,2.1219672552474087,2.3918150563694747,0.410562996115464,99.11362589922808,14883954921.792488,0.0008918440941994
2.205422418308899,0.028918748563212,6.134630257967922,0.0216822933004096,1.8965028418790275,4.057486368315939,0.4297325641710776,88.68072448687322,15496237351.738256,0.0008939038726948
1.213740204388696,0.0582287895373048,4.721091395547614,0.0108757019827785,7.178573525955038,10.145214735327098,0.4257505119319329,110.73153744911936,17876564301.698486,0.0
3.43173985930683,0.0499828846756288,5.637079864838464,0.0249695139176474,2.4319183633614725,1.5280048868394311,0.4365457627839757,88.74202899864616,15771187412.998924,0.0007521569609276
1.778458821032385,0.0478595948486123,4.588957883406574,0.0304964618922962,0.3937890954181767,3.7612638733585486,0.7284543093903413,82.06089765989306,15548818621.17302,0.0010731918623516
1.7388362424021084,0.0341072602290894,1.3522213460231505,0.0042572791276284,4.98153214204856,3.471779927426603,0.6192472902413656,119.71179068284825,18237297548.98338,0.0
2.61728367885675,0.0380656185533017,2.6578639615250723,0.0223656206432362,8.072109715472527,4.1375663810647625,0.6704637136732933,102.1222707975501,14657601617.084827,0.0008764109711102
2.713412552357932,0.0249156970720998,9.907011390229002,0.0373692963440955,8.838693771913203,7.671539656030831,0.2448978413777515,119.10006169726908,12992103008.852608,0.0008216436532181
2.685592565335908,0.0707520411038769,9.98517863819036,0.0158501273246291,1.7047861571225729,4.39549056461764,0.4125868418319897,89.3562942870377,13852169196.309828,0.0
0.6951737830070398,0.0680423084366783,0.7229915581157007,0.0488913995312677,6.743614680526243,3.3427472375645277,0.5297856067019513,90.63348077926938,11206502202.06303,0.0011693214712327
3.070745807865561,0.0627974339757211,1.806604512498223,0.0159287808613807,2.328541152546898,4.038877160026668,0.4448440700025224,107.4971975421438,15180516591.2035,0.0
2.778910651693048,0.0517713919254011,8.770920433119352,0.0401227664739117,2.326215729196709,5.249649677772937,0.4554648363039398,110.27863789487668,14536595253.53865,0.0007994376640385
1.3390059142256738,0.0103073716851408,3.003301749436232,0.0054914962012058,8.668574676189818,1.15562163636939,0.6239558393151745,106.82734725181147,19684254393.863583,0.0
1.3511218150946596,0.0115507403182858,3.069878699493606,0.0041994843096158,8.61693785380757,1.2056865723135215,0.6284635956948712,106.38577327058648,19734080761.81443,0.0
1.222382867739061,0.0135453015073568,2.093650875601296,0.0077339290241252,7.250493502926127,2.494669379839384,0.6212721867648273,126.13968194631272,19645958515.39025,0.0
1.708908169027655,0.0883986627058534,3.254156338080968,0.0054440667566315,7.565495500428561,5.836691196253316,0.8263361393528801,125.71528618351846,12594830702.205496,0.0
1.566057380627196,0.0646118154113065,7.013887558563624,0.0021599025574193,3.99102628459972,5.533816832757273,0.563090605499805,99.24987299722336,10450574974.900171,0.0
3.321567434916713,0.051816950686413,4.82841116796932,0.020264275477565,4.917584606006415,4.679067602421239,0.6725313133803565,100.23874679794686,17093913269.7501,0.0006279511783386
3.0886944121658537,0.0421383877224118,5.925583848515451,0.0631187218709222,8.647850593907974,9.321029736091864,0.3586416652598458,61.252666129049416,18337206022.046368,0.001011327775145
1.1371159696432902,0.0662393423025919,7.351368417725354,0.0354107185574139,2.908305871448395,3.2913288017861806,0.2860636379610134,123.9241399889741,10849777181.996525,0.0005006691571309
4.6255891319277165,0.0544893825227517,1.0922375195791951,0.0293891404683256,2.377339136582289,6.293175300877711,0.6737609212527146,124.73674120909608,13676872901.277988,0.0014834432869982
4.938482113130701,0.0197861165833487,5.785839144545768,0.038675679002894,0.4651756372045442,6.188930972061654,0.8150188345763096,61.787184787375296,17866235009.87875,0.0008983673206698
2.569576378488825,0.0755248298600794,7.383509334570127,0.0176997004224113,1.0424000312442585,4.902709498138294,0.6287292152752176,90.1976360377633,11726282338.899755,0.0
0.9026913707285892,0.0373120045241298,2.2714881412872625,0.0083886998141641,7.945358350957616,1.439733776887181,0.1016933615288195,73.38230825299279,15544483061.285467,0.0
4.690365660861902,0.0925848158159962,0.811173587337953,0.0761170456784837,2.1943320601847445,9.568701909355283,0.3606485144222907,111.80026593692072,16624539538.499563,0.0009713059208442
0.8860850894789987,0.0188825994680384,2.0555088948331144,0.0429605602557352,9.438862911290192,6.3243675891165925,0.5722138855376946,70.90786021398695,9182219796.759323,0.0009572066939235
1.6930227688072332,0.0516925636238898,1.1804541441038314,0.0066417240528519,3.7946623414387615,9.006128901929305,0.4208518299467196,120.08028010689463,12806626126.813583,0.0
1.0824534048517995,0.0272351243068532,1.9143743801777384,0.0078931779914038,4.383374408268319,6.233216334673309,0.8063127876733143,120.02147519582944,13599039857.387926,0.0
2.828371408913727,0.0379251468614933,5.695043071988724,0.0567499514974863,8.7797842884163,13.101209374920996,0.2702536386068839,60.61435452014607,17115418542.122929,0.001081148830153
1.7841327274080785,0.0272375922485151,2.078356101896839,0.0036855876498013,5.247198841754301,2.137987980905573,0.5657452098604231,116.54435032825025,18415634450.55707,0.0
0.6694895350820474,0.0118338335458801,2.866042478164186,0.0037839592473996,9.87867424853127,1.1337951468751015,0.6039106388593668,117.89554021354444,18434700675.992493,0.0
1.3511218150946596,0.0115507403182858,3.069878699493606,0.0041994843096158,8.61693785380757,1.2056865723135215,0.6284635956948712,106.38577327058648,19734080761.81443,0.0
3.151828267265286,0.084106474567935,3.8291817397959615,0.0112637652437529,3.727402952808065,4.577316290905777,0.5477863173583392,112.4886215716554,16401661866.288584,0.0
1.8213296329365345,0.0358698793849791,3.98753730096932,0.039254423284381,0.7777427661195315,12.538593532917655,0.1437177941905408,98.42943505545443,14533867546.307146,0.0010515632170979
3.578473194020414,0.0916082567291392,1.6773991711062046,0.0141654024669728,0.3082626620265992,1.869541648140884,0.7683534765336082,129.42179805330974,9266006063.072544,0.0
1.5864369410942916,0.0807272426087849,4.848354315988685,0.0139145535620538,1.8261052223891276,2.7892994885465754,0.7613513911569931,99.49160410560452,14538132553.824469,0.0
1.99075660264156,0.0177949606660425,2.576719754085861,0.0120886551530993,6.848965419489419,1.3899206645766269,0.525608813859048,116.35916830550448,17827437328.491703,0.0
4.448741190959955,0.0675003381498142,3.2898886635075706,0.0449376270539515,5.25646973950941,2.8461828441948085,0.7503870863996969,129.6168389836548,13043096056.398884,0.001231188926121
1.191936116394814,0.0356439074452572,2.273551056208626,0.0143832412603972,3.597987586902604,4.662028109795814,0.622624830109765,119.45426283218842,18502941547.845543,0.0
2.444682741396853,0.0475955730557073,3.654846812423551,0.034803386084744,8.450261590705116,1.6007817309104868,0.6599152961806878,79.75432540772626,15329127445.18969,0.0010274862083978
4.2340668487025015,0.0991239643417033,7.843646760500499,0.0283533336289425,3.846630140747005,4.239118881198693,0.7798827370867962,127.30522404319868,19261400670.978214,0.0005437324233112
3.0886944121658537,0.0421383877224118,5.925583848515451,0.0631187218709222,8.647850593907974,9.321029736091864,0.3586416652598458,61.252666129049416,18337206022.046368,0.001011327775145
3.209030130587092,0.0804400816671095,1.4310126573661022,0.0046394988186422,1.916504822267917,10.687741218227451,0.8284833362668478,106.4478118851608,15912519679.322935,0.0
3.161801295182155,0.0686236837580439,3.0646409821980667,0.0075148850685677,6.37634804310586,5.311554845196124,0.0777558487677241,105.46463904409156,14568648316.327911,0.0
1.8236288737481412,0.0270621681525103,2.181927656346156,0.0042446203556411,5.144493344163971,2.26091192346206,0.567387060391647,117.33577324627804,18617986523.781395,0.0
4.945223782274016,0.0952647059774266,4.414682780077013,0.0040884441532488,2.121934986367019,8.133155276347392,0.8369432353630939,119.2610870322756,18985349710.82112,0.0
3.5580564634023792,0.0868062611315172,5.243428215592573,0.0108173820080643,1.5519764527071822,6.24465124185089,0.8360535107225388,119.88063236247088,19350921726.59584,0.0
3.891272810589905,0.0305971629295756,7.980129103063507,0.0680581037494889,6.598858398776061,4.164167141945586,0.1090613672899602,68.68833586212989,16670743145.275192,0.0012662139927519
2.0300090991699835,0.0521699364519934,5.68767544719333,0.0054665923515051,5.801083425968662,7.319801268366159,0.6623600889442925,128.70785442888354,18552301091.888817,0.0
0.5696199021129484,0.0400225777013059,8.184279853233974,0.034761945264902,7.259369770490655,3.713894306825509,0.622072055717759,109.82348863505791,13907951595.088345,0.0010917365521765
1.6180720019622468,0.027623305769609,2.061098603817357,0.0232757014661354,6.619856426376953,1.6084368745690825,0.4562023789093968,112.53106972837722,13040542199.8388,0.0011808724083819
3.595860251451612,0.0983492650244684,5.217842156277857,0.0028743558800634,2.5243699701815325,6.411643227766588,0.8479936175700443,122.16644167691292,19843200826.810413,0.0
0.3253168783524245,0.0197755149750879,6.270484414088218,0.0400231240498074,5.628175283687197,11.32472778546382,0.8454865516908489,69.14152923647809,14809446428.651842,0.0012110791072894
0.9026913707285892,0.0373120045241298,2.2714881412872625,0.0083886998141641,7.945358350957616,1.439733776887181,0.1016933615288195,73.38230825299279,15544483061.285467,0.0
3.9344973379379446,0.0661351408491555,8.679374973362394,0.057640841333732,1.2510093959077646,2.3260179129190464,0.4858556721937738,115.59552823643078,15081963309.423334,0.0010322475884914
0.5994952639220175,0.0187984702289722,2.4497224142289777,0.0082123935016167,7.4223123979172465,6.245592278364543,0.7998160400936201,117.6130768767931,13812699472.768423,0.0
1.99075660264156,0.0177949606660425,2.576719754085861,0.0120886551530993,6.848965419489419,1.3899206645766269,0.525608813859048,116.35916830550448,17827437328.491703,0.0
0.8757991285160387,0.0316216655162296,1.5093514106311572,0.0095841246813314,5.560946388850984,1.80971261499621,0.6985758444252752,126.32146333862484,17193707439.982292,0.0
2.6219450039163443,0.0649382726837464,3.127469081275163,0.0198796151036552,2.819466537659629,6.507197209839207,0.4987046938692725,123.335470583525,12295661350.432793,0.0006307843775796
1.3966788752608856,0.0165005857898059,4.019581593202595,0.0083400585829944,7.3947574417456945,7.701336864379814,0.6010436854102443,82.34106684269855,18981015389.683598,0.0
0.3488307584558026,0.0613228430994124,1.2666863721860546,0.0131736208250234,8.086384868341902,2.3188239446566103,0.66595702003288,118.21490258388096,14226508309.391798,0.0011936944655021
0.6023838436331601,0.0291497282794049,4.642826798947515,0.0056686287242333,5.975843067048225,13.10259861033471,0.1374927084111179,80.48092478458166,12043023344.20387,0.0
1.3560256924595475,0.0593884303991182,3.624518005730604,0.0035686354709849,5.9778194207080135,5.592988271993804,0.7773986444893375,120.48534183303744,16565127586.169758,0.0
3.380962430781005,0.0372573180796218,3.745016818700084,0.0238004283184761,6.601954138521281,4.943327502187294,0.6436087661114287,102.94036186292288,15854240295.476105,0.0014478033546575
3.1585783881043787,0.0358078859953861,1.20319696423717,0.0795222042227765,2.023187427523375,2.8709991482528494,0.841791242929368,110.08334626056298,16782981229.843975,0.00090168892535
3.990582668489212,0.0335519841065619,5.636273895519444,0.023664817272454,3.8638726160050223,7.642393809729815,0.7039882085304632,125.33518263706718,10833746129.600948,0.0010950949449552
3.4595704184558507,0.0630273488891737,8.041049903064165,0.0016521956322808,1.287617268102463,10.227946001792017,0.2895975037677341,112.67352816533764,17078464931.549854,0.0
0.6023838436331601,0.0291497282794049,4.642826798947515,0.0056686287242333,5.975843067048225,13.10259861033471,0.1374927084111179,80.48092478458166,12043023344.20387,0.0
2.61728367885675,0.0380656185533017,2.6578639615250723,0.0223656206432362,8.072109715472527,4.1375663810647625,0.6704637136732933,102.1222707975501,14657601617.084827,0.0008764109711102
0.3328344337393293,0.0212367147063895,3.677245918009228,0.0027842501285177,9.446929665487808,5.5103622654406905,0.5315184580027204,122.72564988320906,18582124678.49533,0.0
3.947603174745193,0.0637155432737929,1.9620564929996056,0.0123671443282665,1.586594835676591,5.6259845536908495,0.7330142354859032,120.49145896870516,15482271664.377628,0.0
1.0808328950413997,0.0272210111338468,1.916034290573121,0.007885899476315,4.381494680020606,6.236583004424847,0.8069660531502868,120.01170092189098,13599521097.945564,0.0
2.733748480427833,0.0467707315139671,0.2334169823135056,0.0343867457016866,5.086432439216058,5.40285241956206,0.5389531487883592,68.19395004797705,16055149629.03804,0.000926638955574
1.167791227338634,0.0640318165479856,4.059686884339872,0.0131154248784858,9.97374601293401,7.23864058029003,0.5162765978695221,112.22412305231668,13553571867.208698,0.0
4.848196833781281,0.0698494926374827,5.530796312877411,0.0405963809989304,0.5177024659279,7.746435416715978,0.7135419804160884,120.1153834945356,12932264540.836143,0.000535097874542
2.895210585862509,0.0892605809616012,0.3794427041099424,0.0281103099135102,1.49072231774259,2.99794386704884,0.6749229661648957,96.84963215031745,15295893877.472063,0.0007971712905697
1.3390059142256738,0.0103073716851408,3.003301749436232,0.0054914962012058,8.668574676189818,1.15562163636939,0.6239558393151745,106.82734725181147,19684254393.863583,0.0
1.8097981992262893,0.0582925310902628,6.580154503900918,0.0294855499784592,1.0474052254037778,3.672278232051085,0.2104724070845967,97.7690778440554,12216320003.369713,0.0009183963891922
1.2656169750241877,0.0267967773396396,3.6917152384629177,0.0062963436477534,7.668855490879269,3.4580929921948687,0.8211202033441922,120.09569091935244,16543343491.051046,0.0
3.910586741527119,0.0481119325560723,3.8445777807673327,0.042280107305005,6.480922686403254,7.252315641957504,0.6241524314659108,100.9583831719246,12558825725.651302,0.0008536698865413
0.6106867334719212,0.0349546748281508,5.139667937280425,0.0091175524635201,3.0339273061864174,5.704608713415382,0.6996980946756881,98.58748931905532,9944595353.11204,0.0
2.5810400954003963,0.0880798378365447,2.519369114708271,0.0102834305656406,2.958732270766582,6.772824767009254,0.7724788482414138,118.19094015158988,16371309503.892738,0.0
3.0048480050230597,0.0901395640868535,1.894037713130719,0.0216767978984153,0.5348739605330841,6.131153810680631,0.6381556584422521,101.97569220109445,13636869717.95295,0.0009370797649831
3.580322566193669,0.0764486974951621,3.6426588984354265,0.088730690966759,2.1362667660377057,3.168407759927417,0.5175560061835783,120.89057403557128,10910123314.277395,0.0007155849726342
0.9591682912996412,0.0348909555021413,5.405641753339656,0.0080093213331333,7.361317302559684,2.943632506042296,0.8362481363022779,121.6303690249986,13844457728.127296,0.0
2.358623712905314,0.0330650883477608,8.485374008309345,0.019563160655868,5.788720302959795,7.392120750985541,0.4349514026888754,71.39041319025733,11295667060.338558,0.0009178178627478
0.7470028296508959,0.0161903258567689,6.421783883656582,0.0162417912197963,8.351979116204927,3.3174479924231504,0.6795461355780376,82.88814845943324,15434870884.837317,0.0
1.005754315594578,0.0857288924609408,9.772950513501431,0.0191488882127036,6.258232926096785,3.1186700839423858,0.1091968984288757,93.82075973589096,9875585181.495396,0.0005976986685905
1.3019452892858736,0.0851043158920839,1.742513574044373,0.0054744735754651,4.709667158862821,8.220377068440646,0.4344565335642893,98.45803995197696,11015169096.087082,0.0
2.7361451963824304,0.0756051070816769,4.500139377078425,0.0399398992021553,5.161481692063219,4.357533221626497,0.776852887406355,103.19038347942076,17833203133.013588,0.0008541424885869
3.0965790930973416,0.0410809735204325,5.983609495059809,0.0630085319607323,8.50361010868811,9.068138411234338,0.3616459912508508,61.32158846232532,18339006851.991287,0.0010051935924879
1.1177039872824497,0.0361160296589878,2.3228871236604545,0.0156427980306826,3.730790690790921,4.9522558040841735,0.626504800992543,118.8218864874662,18260500145.92934,0.0
3.3795500933360816,0.0375956435865366,3.096968611239398,0.0039227771761023,6.852251972203526,3.602379939259137,0.6670798506846374,109.33380482148075,18145599751.64153,0.0
1.2083591335501738,0.0259334956675044,3.9135951384139007,0.0075691106158237,7.781025638064364,3.52381966226905,0.8197059387187535,119.46153265547156,17057674226.089552,0.0
1.911719625942688,0.0328328704130469,2.920486782174488,0.0024727955541047,4.802860284632816,4.57801504399897,0.6206368453599554,114.93876889777378,19337625230.82134,0.0
3.9057894429178712,0.0579040078182836,1.101412732734243,0.086733181499625,1.4849487302448017,2.58420627378202,0.6775603214752989,107.98206269775268,12542843775.091078,0.0008814218317227
0.4805524080610972,0.0241708093860201,7.109262842919513,0.0027309994937834,8.987918301408696,5.311393877478427,0.6614291385688233,104.10606648810928,16696645007.31107,0.0
0.5451762109949674,0.0215269095968075,1.1855327102226685,0.0340734791599587,1.6793853113100488,1.929725317887464,0.5785468341890009,97.67014263058527,15126650749.046978,0.0008119102355205
1.7870270541697677,0.0528857426946259,2.571185584341504,0.0030335435991454,9.981426251840176,9.659984515498822,0.7093224732860822,82.37767559033715,15777390123.010204,0.0
2.2433169780057454,0.0758728715283411,3.521873636438273,0.0145474434372877,7.123833997014276,6.58009020981646,0.4492057882403887,123.05846025209244,12769228488.11215,0.0
0.7346534372282632,0.0573719255093671,4.455784767277978,0.0089056671566823,8.10446694067037,3.73931489840872,0.4992398470356834,111.7347102178992,13744294556.726864,0.0
2.173143543533279,0.0789303172605962,3.91592054857898,0.0604339586197494,1.891212104756732,3.954986020771408,0.7376725397119617,118.78279840343784,16632723849.69434,0.0013072948943541
1.749705139641604,0.0477549788100193,2.7286027125095984,0.0081330273635583,9.394530192375727,3.568569921034448,0.7092250911257308,98.49037333023917,13064290854.471125,0.0
2.3283056728983804,0.0588581520444319,5.09947043494367,0.0107352397150984,8.354992262028995,8.447448570717885,0.5580554464708386,106.68167348327069,13457422426.836678,0.0
1.9335004660210915,0.0251551545019113,8.714900602175275,0.0163972459571081,9.481821393872796,5.531197440062812,0.0895396508538196,121.18367001187482,11797003795.851313,0.0
0.4623929965300746,0.0601376602167903,1.26568022955175,0.017279754724547,7.614199900472006,2.873116844575668,0.6509244213355334,118.05476493598,13993318067.731308,0.0012010025889605
2.3112194516706657,0.0431405652041797,8.987296122497627,0.0113941158701018,3.3014884349679683,5.332141294245559,0.3724581006514099,89.1484957485691,10014187649.695122,0.0
4.127118824794726,0.0659484724414127,0.2676895331902504,0.0623855842527986,1.5227726293596775,5.552906041910588,0.8044385256929387,112.1783300324079,17540253546.3895,0.0013830954953666
2.862321566175142,0.0620341455835985,0.8515657219295467,0.0550536409048741,9.586312704000743,1.6732544176781392,0.4154907805665734,106.6351579633823,10918658273.636871,0.0006295522400161
3.513187351975135,0.0615668323547721,5.075521057428292,0.0029661278881432,1.1346581226506314,2.717653816516509,0.5463505777159434,108.34881574939187,9021590356.618732,0.0
2.4372150207181478,0.0461949255471404,6.907541062562248,0.0016912830326065,6.648916446609686,7.46883724403316,0.7007076328451944,107.56116955308036,18094344720.834637,0.0
1.341434459786214,0.0127743563883692,2.875777408657948,0.0056338116176272,8.318276315279428,1.037104728690078,0.6147923932707043,104.7941421697704,19985197398.069576,0.0
1.2329598374509907,0.0262762418383282,3.9320291438474766,0.0087093997733075,7.732473609425891,3.516797038696495,0.828501214569966,119.06349401582804,16674870449.079014,0.0
1.2595575250704458,0.0104041512858701,3.592548800658069,0.0034562246369855,7.116923820970396,2.247840831620023,0.6091304361454848,128.65596184533211,17681553250.150764,0.0
3.4361723260712536,0.0435890003941219,2.1908687641344904,0.0229127109260162,7.0037755164434055,2.861656947303626,0.8459219391035255,90.13949355109315,15264424524.199804,0.0009348412250441
2.524689319088503,0.0704627798028028,5.509616037323749,0.0555160152521331,2.2358019329978926,1.2578442517149586,0.4407329006708217,124.33728337664876,18324988074.5264,0.0012882856792167
1.345770342051178,0.0994267400310583,7.266648768919064,0.0254736134407765,2.474137899950797,1.5581490862022918,0.6305628153659367,111.066814640151,12164501259.777475,0.0007547245946507
4.989697188043283,0.0687993221394742,5.096519541725945,0.0782133574906536,0.6103321870196717,3.4550045260312,0.6730377838980061,80.81145612753451,12237354200.79334,0.0011121605478175
1.1335326194034838,0.0603846926171472,1.0538437215604537,0.0486080309628132,3.881997710840232,1.2736416014565022,0.7607068620033071,91.16526226562674,16476763112.07356,0.000985529714648
4.13141489845795,0.0058285547134811,4.845595872814018,0.0132613952299839,7.306461377354967,7.340912348460632,0.5086446632723801,66.94500001185192,14753141110.364294,0.0
1.234744189043031,0.0273682120375417,1.469576110068345,0.0105598814492878,0.419704564351646,6.552756610198138,0.2751760312004424,85.4714575096018,15536361899.64199,0.0
3.342154477848188,0.0885349286488157,4.958823363626267,0.012255887592093,3.947225978479716,4.063060611366396,0.6984210797004164,108.9229136457241,11734765504.087454,0.0
2.33571799641515,0.0498179310302113,1.9318892636799945,0.0443782588401289,4.47245301025602,1.3324896977535332,0.6816275342555619,96.8462534902122,12024754514.74126,0.0007819511352385
3.0915973345461536,0.0697009732940417,1.2680659193131754,0.0200522043685624,4.583402998956542,9.51222712241497,0.8054228219678895,117.03846458061066,14125746162.072504,0.000891411034644
3.4704018545560027,0.0719554436452089,1.9096017341112548,0.0081690035368172,1.4032037761514933,11.971658352633746,0.6188876007800026,105.09457848315024,17744196406.461243,0.0
1.167791227338634,0.0640318165479856,4.059686884339872,0.0131154248784858,9.97374601293401,7.23864058029003,0.5162765978695221,112.22412305231668,13553571867.208698,0.0
3.19752813408659,0.0982611242262463,5.439413619715884,0.0253983664761608,2.457271524276172,2.7537371021811428,0.7170271459612828,104.63303973527698,14163924235.195415,0.0007310856404351
4.333422826264667,0.0050978639161801,6.575006524647236,0.0123919262518931,8.11289290193189,7.908031027010667,0.5886287788859242,64.0650591965869,17270076900.51394,0.0
1.3050514545073997,0.037213606662193,4.929214086324202,0.0140791088237317,8.475802978547872,6.432594044850921,0.7739362789382869,128.12802738143364,11156764328.44304,0.0
1.914768712568304,0.0600183338988904,9.02163046398779,0.0140034649704246,0.23101142106928,4.084594938078384,0.2319853535476335,82.75819446726064,9624831548.726566,0.0
3.0695289286061818,0.0957132759427969,2.574501406432191,0.0198303159460254,0.4910086350500828,5.16316273763291,0.3194928115310868,87.42281888882005,12156378558.00134,0.0007181551601883
0.9334396404458448,0.0557393362680614,4.603485249349079,0.0040940734183311,4.980190950594832,5.495814302995175,0.245501060255168,93.25493075690189,9401034616.81094,0.0
2.822331271442879,0.0611884937415527,2.783976795612804,0.009353925561707,3.0134013055997304,6.200563333178218,0.576891975552374,94.982022485613,17666298909.330658,0.0
1.3279318998640597,0.0251901056635823,3.121171848115312,0.0165005185789703,9.470191193465483,5.673915911451523,0.3563728450614334,122.05278343846794,18817525253.487274,0.0
2.024696490262239,0.082781116005365,7.803341628667469,0.0084343052081385,3.9504776287083834,4.602558107553939,0.6286095838537897,102.85353314589756,14223666199.976124,0.0
0.9618340028983102,0.0867228826535741,5.251604314632379,0.0367924028460863,9.782164519578693,4.909925418770353,0.6785381194495119,125.31557874361854,16422096337.112864,0.0005855503116534
1.3390059142256738,0.0103073716851408,3.003301749436232,0.0054914962012058,8.668574676189818,1.15562163636939,0.6239558393151745,106.82734725181147,19684254393.863583,0.0
2.167204597413954,0.0436719892007592,8.396774197830752,0.0158745919464683,2.7626411319453625,9.370598003377069,0.0856447857186843,94.43335251628012,16398749403.473167,0.0
0.8419939422676411,0.0238124158223507,1.8424876099831629,0.006445103890406,8.039261990757598,3.922045313202075,0.6984326621073724,125.45541018703152,13973909854.116972,0.0
1.8782434938341324,0.0621000712718993,3.203025955081034,0.0064723146727273,2.26670340057708,1.3986091750033012,0.2860425438689418,81.41213409428245,13220614095.35629,0.0
2.069992148463741,0.0836992526708413,7.704928730621403,0.0080025127237009,3.7702794285095695,4.338135304064677,0.6447680362163138,103.51675402948952,14209057045.014397,0.0
2.275606151231819,0.0708121211630707,7.042165427113931,0.0017976126074543,8.664774574391748,9.1132533536521,0.7444156838414053,115.9035582655489,18592553293.2616,0.0
3.266773755236508,0.072841199155397,1.8791249884767125,0.0545337034035521,1.4451206493619038,3.494949404528425,0.6521662896265776,85.65194872546714,17795293258.234756,0.0010834498788658
1.4283646691695404,0.0816794856159208,2.6873267407287678,0.0137547538476837,9.166326835082405,8.625204094310227,0.7136743530416492,84.24174457956066,15587072167.186943,0.0
1.1703498480991326,0.0812597704450434,5.939999292570709,0.0037016316780003,3.888352076260606,5.686091429606258,0.6108166578088107,118.0076368953939,18301919393.354584,0.0
0.1393323245102174,0.0224714465574563,5.860559221229474,0.0601751545928332,4.442831222732729,1.4199342221610252,0.0405341609086393,114.0862463428934,13742072700.684143,0.0008382549879615
3.0514402354180343,0.0914145087980438,7.496133554530929,0.040498354881784,5.086367289726153,7.638084743582651,0.6535934425467026,128.35220108764068,11359979491.477913,0.0007200693025464
2.25161741456441,0.0774676765256278,2.621889237884896,0.0048932208232733,3.588562422692457,4.721880020484306,0.5905213184071741,117.42709792956374,15958205904.844484,0.0
2.4004606868424045,0.0421553685173367,6.55517672597231,0.0399444655124887,2.9065846940733224,1.7837546202434709,0.8099560534446043,75.0353158258285,11077682786.85173,0.0013633208493604
2.696038296851797,0.0555401989440752,1.3453335784719909,0.0208634517209248,5.771609340532231,5.296240153383327,0.7013324324274276,106.2902913743807,12941864138.704329,0.0009728702314252
3.155464727306133,0.0690145734372006,7.418828724479203,0.0062550648441965,4.311774576416177,4.339072555130471,0.6954864567257355,124.03935198358388,14117962037.566422,0.0
3.387254529058759,0.0941897957997486,4.575585266182952,0.0401975805119547,3.776225469779828,1.7739922788259743,0.5077686526852809,118.90898863600056,16085658214.498068,0.0005906964397234
3.2644527873565026,0.0464715239539822,6.034902612999618,0.0352299294670706,0.6083053169582028,3.99910271243926,0.7445244045844924,73.98259559682222,16909993481.447186,0.0007353689252295
0.7346534372282632,0.0573719255093671,4.455784767277978,0.0089056671566823,8.10446694067037,3.73931489840872,0.4992398470356834,111.7347102178992,13744294556.726864,0.0
1.2270175155584784,0.0222150265388397,3.8596185020620415,0.0059357828255089,7.7859523460183935,3.2894032407068243,0.8179093030925201,118.95733504499184,16539827935.770573,0.0
4.80008962935486,0.0973188058579613,4.757049655120368,0.0033978479997564,2.2781531893147995,6.450572246587276,0.5403890464293777,97.71492563715049,10342477629.26332,0.0
0.563573961421998,0.0087479750464457,3.5812347433337206,0.0030005575311755,9.736853789944234,1.082557080965477,0.611690314940497,129.86409749311167,16975353542.665607,0.0
3.656628621464341,0.0960971328852626,5.224330593473385,0.0053426957178881,2.297273227625129,6.021395551104506,0.8409346595510645,121.17391916420118,19913542718.40556,0.0
1.6458776127401218,0.0135694205227045,3.945519345424916,0.016274536016722,5.405532364521624,1.4269126265055674,0.7300738223180276,114.78638647338175,18096704576.31473,0.0
3.1459362305527856,0.0812436611887405,5.199764129150458,0.0071742935570487,5.065625762709645,8.263425984420264,0.7994912277968397,118.06651895309152,18210263766.16551,0.0
3.510420912355213,0.0907939175649182,5.069166849875863,0.0527842877225215,2.698229162903553,4.904278690864321,0.6905426379956898,84.34482799367909,13586581921.32461,0.0009339181177846
1.463078990672379,0.0835253456242693,2.7795364104607563,0.0131786758110639,9.063851195114683,8.730954474887456,0.7109223132754839,83.78911723450842,15669762839.515944,0.0
4.692476986488494,0.0625028005433768,1.2060854464580069,0.0200698793577328,2.2584768560251463,4.933156068155644,0.5646909322618672,128.0471061655306,11234483371.398962,0.0008101980571195
0.996158120565335,0.0528287903888701,3.134587682628363,0.0041986559093745,6.563503933145183,7.066969935650825,0.4149925794285022,114.32788096499029,16675224756.015394,0.0
1.5663401049416523,0.0698095618458974,3.1369640793625893,0.0368896777889423,2.5207885203627978,3.5597132756555245,0.3740206773069638,123.75178184004376,10050290284.631187,0.0007466801504803
2.135153646056124,0.0327176011796501,7.607881881346175,0.0104302881791948,5.998396678188714,7.390195858564964,0.7332353881931148,65.32669258484431,14783827973.15356,0.0
2.0271194505215555,0.0934714032937001,7.1153240497522505,0.0662106873846346,5.825115737252705,9.595923209537723,0.4431297197271315,102.31970809824683,14003664549.139343,0.0009667207630245
2.2710614961420537,0.0585658060416972,4.478496542668389,0.0153701069405212,6.263214108414797,2.899449500467008,0.5779933546210184,99.1107519854691,15319557720.616585,0.0
2.999955490269144,0.0689518252218819,1.202117912099927,0.019285816615029,4.598700108991017,10.263840244346852,0.8172480080238955,117.96402859019744,14128832194.589537,0.0009098429870374
1.7509401036674623,0.0155784321295669,3.4056188750806755,0.0067469733752697,2.159399371841765,4.720817724043024,0.1594471330261458,81.57587282482544,13216989968.717651,0.0
1.3536818160441737,0.037102640990941,4.053216771573424,0.0047286846156723,7.474516688678571,4.048118517850805,0.7659256576278523,116.92253624669176,16461514365.88943,0.0
1.324806653080885,0.0518585878131926,1.6189402713384464,0.0022823496705012,3.694862402931361,7.740263566993407,0.4069425779572191,116.34047615841202,12840304649.130924,0.0
1.191936116394814,0.0356439074452572,2.273551056208626,0.0143832412603972,3.597987586902604,4.662028109795814,0.622624830109765,119.45426283218842,18502941547.845543,0.0
3.16586173382873,0.0530479516128066,1.9702657861653896,0.0023036372114808,3.810686766029578,7.710966941154416,0.5037849178122646,118.81013097562004,13084772603.62658,0.0
2.511408110971522,0.0497288599079003,4.541784645324879,0.0670384628388217,8.255800109937182,12.25596664065289,0.7738216137211213,105.35893621413943,12577730600.512745,0.0012453235928391
0.4023181750570545,0.055139746181568,1.8354429262787024,0.017873751866732,3.8054067962806704,2.648453165753798,0.8002585302978991,86.52509337096318,15329457898.096905,0.0
3.659422451267428,0.0824923200024399,9.84819594402411,0.027633895899893,5.62802916943278,4.916551041948512,0.5766267440421047,96.89479050874544,18613720359.6448,0.0008551585384901
2.640526828419677,0.0770415966852175,5.091289472773285,0.0368503557841954,2.710937574550324,2.802045279675556,0.632158963595704,96.61110227088112,15849838944.6711,0.001067857069353
1.194947054499942,0.0461647762880977,6.461618610639354,0.0281147730954166,6.162066318804211,1.6078627332696454,0.5725569151483832,62.70314680122891,16955408307.689129,0.0007206891567744
2.5466557986342084,0.0583888480358471,7.360708973594191,0.0140942396391829,1.921418499290912,3.30285520034431,0.5074179130378331,87.08568494514265,13748601953.434746,0.0
2.6029354544636094,0.09455460734659,5.343185709618581,0.0029939461978022,3.995966378067925,6.490443565578823,0.7954304229345864,129.581435972521,19398849546.99131,0.0
1.4759382366362546,0.0158714300966867,8.212736753588263,0.0125846660204368,1.370212270323032,5.755173834462761,0.4073736579349088,78.59652023339687,15570760582.80058,0.0
3.10112040711598,0.0691257549847716,7.423261379400658,0.0053344364604738,4.284946221707736,4.064235898967743,0.7216759993246005,124.32154656845164,14378791105.99704,0.0
1.5891827279008968,0.0587683789530549,5.249423225324669,0.0124861259056914,7.234047787510168,5.482534597488387,0.7890140264125087,112.47771670362022,18365798083.15036,0.0
0.7291509171603168,0.0487603052597211,5.97899169151659,0.0148669233468673,4.190091569902951,2.913705527879748,0.5127288361220389,89.86755922937398,12160246508.353027,0.0
0.3519442853829735,0.0504244171765466,4.142102269365196,0.0232727538004595,8.696152345528459,5.414749952845868,0.604562739741521,105.9996502804772,11363463300.06194,0.0007235344177812
0.6694895350820474,0.0118338335458801,2.866042478164186,0.0037839592473996,9.87867424853127,1.1337951468751015,0.6039106388593668,117.89554021354444,18434700675.992493,0.0
1.670465080614752,0.0669880843776274,2.932387436345289,0.0065857345461906,6.103872936383487,4.741608615913111,0.7499180409629498,125.69242935196878,14386054700.60188,0.0
4.387997197231539,0.0807727355983313,1.5257569681140046,0.0120580033165014,0.6677179134289979,11.67982890218224,0.6874500805212121,106.50717853503517,9276911831.679235,0.0
1.2550310666416236,0.0271470894357967,3.0508982982989776,0.0219775084504056,8.09274284916043,3.6076688238165504,0.6568695996930627,95.54698156091727,16105826854.641888,0.0012652723478243
1.8012328319988982,0.0347537332335135,2.0592668993698893,0.0076919001715248,8.363444427068712,4.057877603191526,0.6701920018020163,125.03261992845653,14158387599.052565,0.0
3.0937742850048666,0.0652768877877108,0.4342069726049384,0.0051595010694492,2.8823094499199664,2.766618621408426,0.3078819660875045,76.18024186480267,19570681162.176857,0.00096820778385
3.12822085784183,0.0812979066692616,5.162770307792557,0.0070449614450541,5.099966478016861,8.112822447068558,0.7921487695674756,118.8354972263424,18244133198.560856,0.0
2.88157376057971,0.059141837112283,2.7021239988029464,0.0100702573945581,2.9627026486815566,6.040137383053367,0.5879336418209289,94.86121807798072,17664722459.744392,0.0
3.963711569394288,0.0669604147849461,5.475969700796882,0.0085806435878074,1.8179694209340824,7.284536253397271,0.5999800980437289,119.61783221730872,19481543740.717064,0.0
1.1010154258212488,0.0668456860672675,4.13754983836226,0.0209302330050925,4.95095631443546,4.89529527221308,0.6298957555438058,86.19595321176803,18006409114.48059,0.0007210444485474
2.6029354544636094,0.09455460734659,5.343185709618581,0.0029939461978022,3.995966378067925,6.490443565578823,0.7954304229345864,129.581435972521,19398849546.99131,0.0
2.897199849262202,0.0756931253601056,6.671249945380581,0.0083237602435189,1.7285488185306224,4.6198093917870775,0.7646581981765035,100.68830709847671,16029379092.83952,0.0
2.187974537776628,0.0837197574618209,7.691055174576476,0.008044277817791,3.6497765342249777,5.222967522386238,0.6457839309330117,102.9560388475719,14224648736.307417,0.0
1.2003569112873995,0.0250984375523371,3.587375651073901,0.007222091212569,7.713537822791713,3.670046372185086,0.8143826485224489,119.31807304762164,16946155763.928043,0.0
2.977153846770661,0.0917680557653377,2.0038601197033223,0.0216863223979343,0.5098416588296085,6.016306216018694,0.6348076255119216,102.88607110311138,13601002341.14672,0.0009295618898484
2.3326557969179924,0.0418041285229167,8.836747663110568,0.0113654018581989,3.4855342828413614,5.190198321143286,0.3710349944030076,89.02148636789589,9918314887.723696,0.0
2.8463502407570003,0.0896239663954658,0.3772187090120089,0.0288012698408081,1.7572113418498794,2.946900857598432,0.6814905954948158,96.63648223295748,15029294032.119184,0.0007896727699521
4.62017894757445,0.0468015444380058,0.1959278701447623,0.0938927254426622,7.521197128363493,2.631242058162073,0.265567369773458,97.28804185430124,11656224138.051702,0.0007227642341021
2.86159264308662,0.0579238235377555,1.1092736490608808,0.0158758494546452,5.316626856974057,5.983813146594493,0.7987431257703063,106.3622358406497,13399414857.204334,0.0010815619939384
2.1458615849443947,0.0833151150020439,7.654047411280645,0.0094908960927451,3.697439171593748,4.120444819772553,0.6332324939643541,104.55416826897842,14336405846.704248,0.0
1.167791227338634,0.0640318165479856,4.059686884339872,0.0131154248784858,9.97374601293401,7.23864058029003,0.5162765978695221,112.22412305231668,13553571867.208698,0.0
3.08828535220575,0.0698782825663197,2.7324308159795145,0.0616251810182163,1.5867898665246558,1.1795942406972344,0.6376464634688966,91.42631958421454,17076944114.414003,0.001337413439768
3.0053465644576915,0.0458117888307378,3.94681129327012,0.0274745446017913,2.4887076355764344,2.27877854233389,0.4379154537282449,97.83387625642482,15086724730.317724,0.0008799090582613
1.6458776127401218,0.0135694205227045,3.945519345424916,0.016274536016722,5.405532364521624,1.4269126265055674,0.7300738223180276,114.78638647338175,18096704576.31473,0.0
1.402399736303659,0.092704947247688,6.300309458915114,0.0447625438131366,1.082718200087578,13.754733362855465,0.7298667418337602,115.25498343482094,9746252077.48999,0.0013293243525837
1.2320120138262334,0.0249707185616266,3.77154694550504,0.0077494473468733,7.817737492440822,3.49332758453776,0.8236069614825839,118.94520431240636,16713258589.285269,0.0
3.162645259758554,0.0682483803102634,0.3241251195469428,0.0069363742354062,0.6143877487038395,9.715162412966894,0.5683560230953196,105.58640427874938,19072123411.105293,0.0
1.842920818695453,0.0518878729962937,2.56478509198186,0.0014541036882868,9.72624880442083,9.285736810433557,0.7136437301695465,83.45342557298875,15410383413.54322,0.0
0.2054856481381071,0.0728874963209875,4.145819134780619,0.0148840063676488,5.943153428051711,2.7401098764012546,0.3558012148524607,101.88688949391025,14068163286.87639,0.0
3.166615819977461,0.0530627393422783,1.9675564272855084,0.002321420426781,3.814041985456742,7.708881026745883,0.5038951933301792,118.8167538008324,13086572623.201536,0.0
0.9590320565769432,0.03277810610995,5.733902043384903,0.0959866123205045,1.575301783318352,18.87195428374293,0.119128111254974,61.37000128584987,14973736619.549229,0.0010584601973836
1.2074719036504542,0.0257158748859339,3.916667472874762,0.0075888433715117,7.779867030528276,3.558225723086748,0.8197948175556399,119.58062817909688,17075269567.880957,0.0
2.8864268723805395,0.0696252946615527,0.7279641528542734,0.0483078316602527,1.4387140361227293,7.562213071029197,0.5013260567417652,113.33333261670111,9400941701.170689,0.0007454399325689
2.9134739005931576,0.0665359652698765,1.048133217403717,0.0577166835325327,0.6352498211876524,3.939697981474441,0.4933116278542912,114.02137220906695,10789456739.199278,0.0009302841899203
1.6960482559225682,0.0146517803667268,3.279268933369323,0.0053585687851543,2.633542790292261,4.216028085991786,0.1230213784622946,82.33630001932335,16848670372.998102,0.0
3.012041751429217,0.0452834342420405,3.9808102977927455,0.0273102759607851,2.473983233812704,2.3140250520278194,0.4395226013173017,98.0605499055919,15100092475.557806,0.0008788067171975
3.228868864936675,0.0580738964380305,4.4840752313379815,0.027908820753809,4.735470769883961,4.613670328922709,0.5581379027207211,95.4528622449762,16507677633.666668,0.0007418167328521
0.4618510537514024,0.0748440878269576,5.356966801038783,0.0064296571019071,5.178779181434412,4.637619583776036,0.4412600460691691,105.53459779800164,13872722240.364153,0.0
1.4895611728628642,0.049903665155861,0.4008197669133401,0.0252672532954773,5.115401349386643,1.101499400910573,0.5191365172438309,111.8516225647007,9046199069.871777,0.000978015441898
4.3092712568544975,0.030340737536959,0.3874727422073846,0.0214943789480929,7.503519888974997,1.752061141700601,0.3384846093245188,87.71247987144125,10877004684.70713,0.000659222839003
3.3162550454306507,0.0886125108460901,4.926388445771536,0.0103919805180277,4.0597973362765565,4.159703576261601,0.7050854013773201,107.86969186082136,11462588178.607271,0.0
1.219791295412659,0.0267885239699667,3.089437629129124,0.0207377139460419,8.09632784664699,3.5717507763308567,0.6585989420404273,94.43172704351868,15980361277.726015,0.0012628371027234
0.9778461173845554,0.0546216896715432,3.187958153498959,0.005934207432636,4.799190189809213,2.5824300873936874,0.703742053132726,102.2965643784344,11711300381.88864,0.0
2.6029354544636094,0.09455460734659,5.343185709618581,0.0029939461978022,3.995966378067925,6.490443565578823,0.7954304229345864,129.581435972521,19398849546.99131,0.0
3.604188922488964,0.0982041760264401,5.193821894643813,0.0031336876756036,2.5045091474320924,6.417311703291795,0.8490878147587476,122.2351162731333,19849417794.29434,0.0
1.2320120138262334,0.0249707185616266,3.77154694550504,0.0077494473468733,7.817737492440822,3.49332758453776,0.8236069614825839,118.94520431240636,16713258589.285269,0.0
2.8746012467458413,0.0718024043439811,7.154652105741432,0.0158623622215824,0.7721764787456662,16.292306625841704,0.0896224396429431,92.08897362729869,17997850167.40121,0.0
4.417077651512822,0.0935293113928858,1.657309450368698,0.0265726540787007,0.2710156394772361,6.297620308520238,0.1647225380877107,107.55030200636094,18221955637.18558,0.0005051932375006
1.6839963365077553,0.0125020694781358,3.2678858521428547,0.0059730126016259,2.6108191538921077,4.140605619865971,0.137022135162444,82.2942940156002,16869999656.15755,0.0
0.1633914612658603,0.0115918586575985,8.691184725791858,0.0087257273119616,3.1464420603963204,1.4588559855785042,0.4956924175412094,100.15562218483907,14465853826.739754,0.0
4.663104424474015,0.067264309881779,0.545630455105936,0.0296583472874073,2.1362850718617645,7.400876558360642,0.8274527613946382,123.75214099953764,12625649396.949677,0.0012427701202494
4.14817364749629,0.0686298979295099,7.024957605840191,0.0804177954897237,5.142609797404248,5.392518055071793,0.7887436330256737,111.95886995983528,13927244071.500244,0.0012818198566841
2.426923923205752,0.0482723886824577,1.263783168130244,0.0176626038394173,0.7367347399676719,5.035432076789081,0.5130264276668862,96.43553123966448,14761817923.185368,0.0
1.637324458618527,0.0662686110482203,1.3874522163846776,0.0048235737314025,7.139516608826132,4.218523699473212,0.4750779274402371,113.25710812587496,16235014620.751068,0.0010947662375791
0.4974310633978296,0.0615063759843107,4.735417954237958,0.0117342411286034,9.324284946878802,8.85387872845996,0.4583320498765886,109.58939959795498,17312709444.0969,0.0
1.0007388150290135,0.0652257370944945,5.226472137644675,0.0346663614674032,4.895293474679147,7.080450490920676,0.4419803242101389,105.47077031425114,14669172570.118416,0.0007449156603174
3.005696147389904,0.0901393447174005,1.8919606993027405,0.0216868638436412,0.5349575898172128,6.131148284680538,0.6384599782102238,101.97399126181138,13638849020.102734,0.0009370034995695
1.8901505549023108,0.0806793620160715,3.67447220953466,0.0219805639628818,4.112619719517887,4.574875040976743,0.5073157869370482,86.8902478290316,13751529698.08189,0.0007730295843487
2.9848393255088643,0.0053098167414983,2.5223783801106925,0.0275571623298327,3.6390457766228654,3.4287725403562668,0.0756272478707603,97.0120262144785,9658146093.64681,0.0007086582441795
4.824382480465921,0.059160996706318,6.182110924941815,0.0722950921579944,0.5530135007107725,5.021314398805872,0.6295523375644335,112.67742156584382,10516681788.314192,0.0006177641146491
1.446804267141767,0.0093787981915422,3.9559532484538407,0.0046574655972099,6.76959840281167,16.50391010147078,0.4616659879603384,64.15746733516778,18329729299.053654,0.0
0.7137751753478145,0.0354468495803692,5.707121035060066,0.0073240984209831,9.39070305100595,2.880779606936183,0.8335525685398293,112.39211715952096,17964153729.29163,0.0
1.640131785868142,0.0138638723350824,3.2781159796712576,0.0059674672154146,2.439575601717028,4.130155167901122,0.139505998930508,81.63836345993553,13129013046.986628,0.0
3.604844412379123,0.0983456361566742,5.205522674785732,0.0031261546237828,2.518063926118824,6.409183686039398,0.8478653254982371,122.17251644709074,19844047984.267506,0.0
1.3903520758569925,0.058572042670171,4.268838801530632,0.0196982707155141,1.072095631484253,2.3822079571561687,0.7402192339645206,100.48110129848529,12035543459.845928,0.0007537758662407
2.628975735683977,0.0950610071675247,5.613282768940098,0.0036717902329985,4.017836493426747,6.512177062364006,0.8138276984420095,129.5523694958234,19526582623.48021,0.0
1.341434459786214,0.0127743563883692,2.875777408657948,0.0056338116176272,8.318276315279428,1.037104728690078,0.6147923932707043,104.7941421697704,19985197398.069576,0.0
2.840749369634936,0.0378418067856635,5.695207349670568,0.056688091091171,8.782302854935404,13.133150148024614,0.2702841181658729,60.62798512648693,17122984916.08796,0.0010809672188893
3.0899928708842115,0.099909282187319,0.3803171382562502,0.0270587785413186,0.358449305321441,1.6649741072592996,0.6328664991978173,125.09471446101227,9040529054.30351,0.0007096924173016
1.191936116394814,0.0356439074452572,2.273551056208626,0.0143832412603972,3.597987586902604,4.662028109795814,0.622624830109765,119.45426283218842,18502941547.845543,0.0
1.2398310738161769,0.0256813527940565,3.070417477577476,0.0142951593202452,9.532740162892669,4.834418114754261,0.3678918121325459,120.04039233042536,18922360972.70045,0.0
1.784747270821873,0.0607382188487615,5.043927349106599,0.0155934671956169,3.609124724508205,4.944152993446504,0.4119883580906095,101.464208475924,9029695856.047323,0.0
1.2320120138262334,0.0249707185616266,3.77154694550504,0.0077494473468733,7.817737492440822,3.49332758453776,0.8236069614825839,118.94520431240636,16713258589.285269,0.0
3.0183881512999857,0.0579797900355612,4.237854655232852,0.026481735022538,5.004674254853718,4.405643592005413,0.5533796555533267,96.7875919422982,16505360868.159452,0.0007066362974957
0.8770157650220606,0.0211713573753959,2.111290569328256,0.0399604598468882,9.643916362985465,5.9916088079721685,0.5652562361399317,71.65402495883899,9055954668.37838,0.0009700638439992
3.556616181642254,0.0621420961174022,0.3652888697824507,0.065736194630881,1.4982165428781038,2.079749361316378,0.5676638978556163,72.9216550951175,18368732125.047955,0.0010966396873907
4.663104424474015,0.067264309881779,0.545630455105936,0.0296583472874073,2.1362850718617645,7.400876558360642,0.8274527613946382,123.75214099953764,12625649396.949677,0.0012427701202494
1.0498863115356158,0.0671096733476935,5.339560075792822,0.0022082054392505,9.885874034165107,4.7376385318320855,0.8230539617150842,119.93537577420476,16845194627.08725,0.0
0.437293735296787,0.0748805526511045,5.421063796333039,0.0063627266588233,5.190863390752234,4.650166924885479,0.4393625293324778,105.70635124680403,13934995940.534792,0.0
1.6465530406966176,0.0937561827964024,2.538245534093668,0.0115492642980854,5.377748891987869,6.860692061152192,0.7224453373637809,126.71718852829288,13318267970.709522,0.0
1.9161594324800293,0.05998762596681,9.03923942000429,0.0141170749596724,0.2301461330709044,4.071129917443759,0.2336872998730519,82.82973401648367,9631840180.15193,0.0
3.0077607601773004,0.090162012897156,1.889705391905963,0.0217055281292439,0.5342960007208883,6.130472519314597,0.6384011655032339,101.94309498163828,13639342097.670233,0.0009370296001914
0.2801059635842159,0.0119588927395024,1.1553649572127491,0.0064036857171301,4.301243853607716,1.6608444925376609,0.6936487644971654,120.10485244567391,17349297609.460155,0.0
0.4776443571747649,0.0737485914402269,5.415970467651226,0.0082409410690829,5.440186520251888,4.580089942397179,0.4474043198433866,106.19946023491131,13849941035.016474,0.0
0.6487217489910626,0.0358190187881178,5.959446781253484,0.0065300286985114,9.4313120421518,2.6533374752453622,0.8207219124885143,112.55797977870456,17653485479.44674,0.0
0.7313100512962553,0.0565909925526973,4.385810775606934,0.008563957345448,8.10149722143755,3.916316964047764,0.5186902277077243,112.96495739218004,13519894493.18246,0.0
2.0846549418747795,0.0842096178967602,7.712568345798926,0.0083197823049236,3.843421940533288,4.4874910132443855,0.6357508398392453,103.08525520874475,14337131181.66554,0.0
4.652670774250413,0.040700245924393,0.6483766794906136,0.0385896113071066,3.726610389710475,3.1462835554305117,0.4769247838292129,100.48374047964845,11061813679.661304,0.0005906473925507
3.846396910910293,0.0937693250813421,4.366213614119391,0.0255732076496716,1.876731687525414,6.036283062068168,0.7832543719759238,85.67523980618148,10615052998.69172,0.0007399803337862
2.1126567266987863,0.0328215307000985,2.026739860252713,0.0126443435501134,5.938736502567453,7.5694756361354045,0.6699872986256263,105.50325903759791,15067467482.04821,0.0
2.3160984147749155,0.0108350084524897,1.04594723647639,0.0080912377685522,4.722306643771954,6.523547202188206,0.8410373318949139,117.19711159055782,17558710248.305748,0.0
0.6857414576810251,0.0871086174515369,9.369682289618243,0.067321711852027,5.431968918080362,9.603310446931628,0.7156911411462336,62.71973645676904,14769507050.653788,0.0013529966095831
0.2837553867467044,0.0142616483494454,0.2262426324224151,0.0222345394565829,3.77351756002405,2.202216378726781,0.196301405181816,72.96434932005143,13960864365.792574,0.0009331314609168
4.030413931639298,0.0329112793650751,5.571124413716967,0.0232396880266519,3.7535704273910113,7.888172813666258,0.7171069240328665,126.79737844807858,11251840102.182129,0.0010671523080705
0.909321538961666,0.0163530754016399,3.973519020278834,0.0068401970638909,8.52466162626118,1.1204659475484415,0.6066372742721063,90.73692208099614,18777258380.09073,0.0
1.2074719036504542,0.0257158748859339,3.916667472874762,0.0075888433715117,7.779867030528276,3.558225723086748,0.8197948175556399,119.58062817909688,17075269567.880957,0.0
1.4315234385269364,0.0550648804459718,0.4467851096947965,0.0170293587113319,3.016332982525056,2.1363802918139854,0.721628983995431,102.5181304610306,13936958958.927343,0.0009252741178073
1.4101802123356175,0.030903849160817,1.7905471132292896,0.0169755026650228,2.9691837724854264,5.485308847105538,0.6202913841955786,102.29732371604588,18747354185.32925,0.0
2.3792849128562823,0.0507116886912291,9.724358950646922,0.0153758044084109,9.144267907096634,8.583321567103994,0.4841825769939638,122.02032597181686,10984920681.376204,0.0
2.4074856743511157,0.078960601067423,2.170445866591784,0.0328146432041719,1.131660994246817,2.7829550951257325,0.8117117523830968,116.0731660996773,9556702180.000196,0.0005485368907065
1.3531923739334426,0.010918301678939,4.287927050684438,0.0415458383721469,8.147430015421508,3.7234750934331977,0.5843198531563635,94.3716907695739,15429236413.66647,0.0013592751591109
3.026193048827528,0.0463286938856269,4.156018484272,0.0262487838787013,2.5280226066403326,2.250423601830972,0.4654875045539741,97.43105918659153,15339970167.83002,0.0008515756324734
2.3891714204238275,0.0787690997628599,1.2150315271399443,0.0080037509841439,2.566403297012121,3.281629038582672,0.7635939750778182,94.8202003926307,10835905803.882635,0.0
4.9263088373057045,0.0939697166179611,5.153261038639998,0.002554810742478,2.565657286464322,8.669866233749875,0.811589369883314,126.48727562364692,18718516908.3912,0.0
0.5355993381782106,0.0061390408357778,5.03729904378483,0.0020847843616098,8.347074212417484,2.95416681899557,0.5992710976949541,124.9010888112047,18010749459.30741,0.0
1.3511218150946596,0.0115507403182858,3.069878699493606,0.0041994843096158,8.61693785380757,1.2056865723135215,0.6284635956948712,106.38577327058648,19734080761.81443,0.0
3.259127998417003,0.0365363142488843,9.208560938555202,0.0018475225799857,8.186362328935557,7.361395353013815,0.3026954373887706,71.70716288047984,10780860595.513092,0.0
2.00152798082904,0.0605443572435165,6.210280196300318,0.013612768228524,8.092324268143408,4.695278676251672,0.5559346178972947,114.20423691626776,15636372465.629131,0.0
0.6754161158314544,0.063232500573443,2.088075072985534,0.0152469294940642,6.135142399555229,3.32471499837596,0.3605352332267814,107.0742050104876,16202749037.424238,0.0
3.0779778833683533,0.0753528219255267,5.00129630354308,0.0231751354887097,2.4350226926343144,4.850081681912008,0.6895027267383034,115.17294896107742,12691293501.02076,0.0005809291221078
3.645291295922212,0.0881968302902878,2.688193714997836,0.0844895465376533,5.169022851995439,3.91866981820621,0.1665357026547504,95.7770294228009,13859746084.896166,0.0012027739994995
3.5854257171144592,0.0505996280000756,6.30416745239492,0.0271780249843457,6.345578892281852,11.980570867644548,0.4166985107214637,89.78294147609209,14520652207.823397,0.0008749942444995
1.7062420248708277,0.0513299173591276,8.434721493894472,0.0028452262052862,6.518753090193973,4.352796813338501,0.4376266396269337,100.43500720332148,12203956573.264011,0.0
0.1217616251179624,0.0475739778057903,6.332869827941362,0.0245396806238641,0.1615353190657828,1.875002126276708,0.6561967466467912,103.86573247857176,12124816937.344707,0.0008561861832714
3.695091649259386,0.0577609839499575,9.193656238985906,0.0399547673492573,9.21798137998738,14.879409313936344,0.7221322835993524,98.64967651124796,17789326821.85929,0.0008801981208761
0.437293735296787,0.0748805526511045,5.421063796333039,0.0063627266588233,5.190863390752234,4.650166924885479,0.4393625293324778,105.70635124680403,13934995940.534792,0.0
3.070794828754168,0.062792030438256,1.7571691998134358,0.0137833651710323,2.6757170282716136,4.409716455528494,0.4551324579597203,107.48943522629642,15418449483.535908,0.0
3.019974185916781,0.0775726192998697,6.986864205303236,0.012617931328287,6.725060100551914,5.583490859038704,0.2698883347146631,92.42786104321353,14593923688.2823,0.0
2.2840317591817745,0.0594364092896601,1.8532987723168504,0.0195177111706281,4.368766624087294,5.950757242016982,0.3488490293623263,104.21895963581174,11392412621.57582,0.000520598271257
2.8514313064262717,0.0516116258582322,3.950180995906012,0.0048055465581917,8.813516962653908,4.074815372056951,0.1286908749171723,110.03818986487062,16464053621.082989,0.0
1.8721645351181757,0.0156418939755569,3.1285674503688075,0.006379677750149,2.000682909369125,4.126223433794936,0.1381158763472624,81.44116616126986,13148216748.015968,0.0
1.99075660264156,0.0177949606660425,2.576719754085861,0.0120886551530993,6.848965419489419,1.3899206645766269,0.525608813859048,116.35916830550448,17827437328.491703,0.0
2.049557387291377,0.0695202555953703,6.52185069377627,0.0227574809109963,4.879924914172346,5.713952446258088,0.6952803711383723,106.62513494339096,15286267482.53228,0.0006295411233267
3.9785766473799513,0.0939642379501911,4.463071137059744,0.0050344535876961,2.4101940811672637,7.898182694812847,0.5562516392093825,109.80951241154034,18677981261.077152,0.0
0.6932858542200183,0.078623643692171,6.132054878102334,0.0204622813060211,2.961574878519583,1.711109558543405,0.675761981335209,106.97436339031216,13923311287.033674,0.000817119872382
3.369529768571656,0.0340596898455639,9.115502803196318,0.0116820817619468,9.292428669124464,6.368308201325413,0.0271209831287049,124.07399696003463,11697308867.050789,0.0
0.5936737886973578,0.0085518080678846,3.464365793265625,0.0048292250579617,9.723393763778388,1.2951629010575032,0.5808231091790257,129.84495229188468,17037994708.79384,0.0
1.5083344009660444,0.0403462973943447,4.9702435648337655,0.0525031089945436,3.750701133422512,6.643548441468633,0.1899895848870317,71.18056564585338,14860965170.5684,0.0008726402576429
1.709487936187616,0.0883799668391508,3.255452473911283,0.0055166572230372,7.567744326780997,5.835191332075067,0.8261519054939666,125.72629058354748,12594191325.375765,0.0
2.61728367885675,0.0380656185533017,2.6578639615250723,0.0223656206432362,8.072109715472527,4.1375663810647625,0.6704637136732933,102.1222707975501,14657601617.084827,0.0008764109711102
1.514542617189463,0.048969268562895,0.3845360073095909,0.0270500920255484,5.044261732999259,1.6081695072202795,0.5295136198960487,111.18290133274384,9195761321.466898,0.0009523659888621
3.0197632882902083,0.0326988064092635,5.858085597835392,0.0129293441560605,0.3125321455028945,8.067655640409665,0.4098464649306707,123.8841352297672,10446863423.975954,0.0
2.2060935340615107,0.0232283580873236,2.395331138151799,0.0085544300621052,3.3417873649015437,6.389942648932781,0.5578453393874055,121.03416999097384,16525391389.692331,0.0
4.824382480465921,0.059160996706318,6.182110924941815,0.0722950921579944,0.5530135007107725,5.021314398805872,0.6295523375644335,112.67742156584382,10516681788.314192,0.0006177641146491
1.685844842795876,0.0584361939184887,5.467988150951043,0.0222820951990983,5.553785439987998,13.961528659294592,0.7118861242476173,74.18066806074057,19127484884.312862,0.0009830811253994
4.097684460013891,0.0352327203830008,5.43942332459225,0.0224441407218459,3.697563412898308,8.134829593092764,0.7176702287964295,127.1752367365836,11118217444.276308,0.0010614667186108
1.7373013517699378,0.0291283142614357,5.410679896951252,0.0107990959284176,6.437650959598366,3.2093211863811946,0.6201478240559765,94.32275264954126,12010122966.088833,0.0
0.3328344337393293,0.0212367147063895,3.677245918009228,0.0027842501285177,9.446929665487808,5.5103622654406905,0.5315184580027204,122.72564988320906,18582124678.49533,0.0
3.05169251652212,0.0884293262237788,1.446343436860222,0.0224038580438557,0.6773010236518109,6.248988673423586,0.6390943222985419,101.43227004184864,13780853777.188383,0.0009456694634536
2.0657309204796075,0.0824414138362081,7.819558672072446,0.0078146914914703,3.493304468601492,3.92284879441438,0.6715929490913075,103.77504318204716,14297201616.449047,0.0
3.12822085784183,0.0812979066692616,5.162770307792557,0.0070449614450541,5.099966478016861,8.112822447068558,0.7921487695674756,118.8354972263424,18244133198.560856,0.0
0.2930131695957527,0.0627724144454799,2.605510383678207,0.0031465140218333,9.194619610025274,6.293111595150698,0.5789536431588005,106.09658588666387,17364771210.85887,0.0
1.2383970167178269,0.0262430854464748,3.914715762128048,0.0087919904366279,7.751517546200541,3.5262958880456954,0.8289160674965945,119.10049728333414,16683421993.366331,0.0
2.2739065917138106,0.0100820556247861,8.970161771177896,0.0295048451753363,1.720672746803404,2.304139974906652,0.6667634825903769,89.49513401687177,16236030949.011185,0.0012413122186934
1.57642019016108,0.0207819427048015,2.5014298448305263,0.0044319225501485,6.896411489308346,3.719725501401119,0.5283192966952422,124.19862670158412,19021004125.75152,0.0
0.6085462684553392,0.0851356766563746,0.2971359419833242,0.0468354327352725,7.471119609346005,8.541068373129217,0.7003565095183578,97.56262619653162,9657700744.692652,0.0009430018306049
1.243488850525328,0.0461028770213996,1.9281288018498857,0.0191440451208507,7.868373421437496,3.0774667132920546,0.7000995742769338,118.8697342962242,12139962745.02002,0.0014040106122463
3.08828535220575,0.0698782825663197,2.7324308159795145,0.0616251810182163,1.5867898665246558,1.1795942406972344,0.6376464634688966,91.42631958421454,17076944114.414003,0.001337413439768
3.0048480050230597,0.0901395640868535,1.894037713130719,0.0216767978984153,0.5348739605330841,6.131153810680631,0.6381556584422521,101.97569220109445,13636869717.95295,0.0009370797649831
2.6946929085634834,0.0423611030651821,1.441745639347282,0.0038846680395638,3.628835881040174,6.420429672641611,0.8346518457839279,118.81916764575774,17726808715.017937,0.0
0.9870269873531132,0.0670978168538904,5.234639417826193,0.0024891422654233,9.920517524483698,4.851724914191707,0.8242037238834181,118.84780627028738,17223425590.275986,0.0
3.982659870693966,0.0924547482181237,5.091159667673192,0.005529388761308,4.0967807834713135,11.129121919966316,0.6365510185344166,125.17263537101412,19191478052.304813,0.0
4.398501989156531,0.0424353814789245,0.5240707566527888,0.0688460850450843,6.899358430867943,5.749564497610605,0.2179790288977186,85.68207056886743,9678130008.51076,0.0013918610205048
2.4951083228917024,0.0231675157813722,2.75156991884636,0.0243409626711265,3.3154926500890745,4.520691409503745,0.828638967407558,114.51273361653722,14120554973.289013,0.0012989167172136
2.107864111052931,0.0835461714009963,2.7717894722170477,0.0075428614030435,1.6021039789734886,4.673991171160309,0.7366523338863604,116.4365197295512,16923968498.688486,0.0
1.6771083656012566,0.0113599425655709,3.862223024616144,0.0147172285136225,9.770212421360508,1.816147907652642,0.525980494819788,125.316251065374,18477436111.053734,0.0
4.557770577607783,0.0676611628029378,5.549559830947431,0.0347357394915537,0.7602878829510795,5.912082185639039,0.7143879097825173,98.48403398479888,12491124099.24948,0.0006081111129898
0.9606624298493076,0.0547037538485603,3.166829106313585,0.0058428402335352,4.951557223787811,2.8950578505194,0.7099748840647733,102.67770385886918,11555367296.440594,0.0
0.941721287693184,0.0452970061470672,4.947741842577732,0.0250023214949461,8.768907561087152,3.246011991231021,0.8153542840876044,110.02784265040265,18907230138.921192,0.0013774562913881
3.27637240966414,0.0323262679190629,4.643919680875321,0.0985069210848568,6.663777141059839,10.968398768552092,0.5442861122284702,67.59872575970145,18117542805.51448,0.0010424934944573
1.258914448511906,0.0105957463581128,3.601851307618308,0.0035912746597868,7.12755537499344,2.2384721779105234,0.609196943299863,128.6799832103489,17688444937.477753,0.0
3.595860251451612,0.0983492650244684,5.217842156277857,0.0028743558800634,2.5243699701815325,6.411643227766588,0.8479936175700443,122.16644167691292,19843200826.810413,0.0
3.592105553868685,0.0990943501125746,5.318151389726904,0.0035730550102084,2.578900515233675,5.84344575482487,0.8414128000187742,121.40642845889782,19654560888.717167,0.0
1.5441322746734665,0.0726848416030918,4.51515678782021,0.0534157874573106,4.736327426561196,2.000601049918981,0.0891961317817563,121.94414261854592,9748861396.161888,0.000925222722863
3.019974185916781,0.0775726192998697,6.986864205303236,0.012617931328287,6.725060100551914,5.583490859038704,0.2698883347146631,92.42786104321353,14593923688.2823,0.0
3.421534837454911,0.06116199544061,3.084602564075985,0.0408780021924641,7.407320103240849,3.782728251479215,0.7803917458102281,99.44048417065709,17398560108.093086,0.0009065360678286
4.406280235044625,0.093313047584148,4.166319800858126,0.0032225563646103,2.234697369325978,9.702595934974918,0.4784628054736969,104.6275651905114,13971207742.708862,0.0
2.013266552595484,0.0987951768362296,1.69959952713458,0.0215975005002377,2.9439489872066944,3.225177498379193,0.2143737699136358,92.49239982746772,10698433535.163216,0.0010794141018225
3.0621976423993007,0.0992884039506714,0.3072848914723496,0.02486647249948,0.3673210661864924,1.143605009607147,0.6377275493295539,125.23913603222928,9390561134.16953,0.0006944106471974
0.951354356876032,0.0316445627561863,3.056360518528678,0.0148455496993843,5.204494244870858,4.245352016145645,0.5091405861419346,83.71231576590145,13426538270.23637,0.0
3.2022910313955486,0.0872174733483197,4.220769226053571,0.0022292096245057,2.928095960988249,8.88015629527205,0.2479886571578652,108.69465492867458,11701672348.708614,0.0
0.7313100512962553,0.0565909925526973,4.385810775606934,0.008563957345448,8.10149722143755,3.916316964047764,0.5186902277077243,112.96495739218004,13519894493.18246,0.0
2.187974537776628,0.0837197574618209,7.691055174576476,0.008044277817791,3.6497765342249777,5.222967522386238,0.6457839309330117,102.9560388475719,14224648736.307417,0.0
3.915577008659669,0.0525237028676273,4.8697412424678985,0.0044280487993134,0.3739424502216181,11.906889880326398,0.5229875317241663,114.9139476474746,16356257285.882183,0.0
1.165778952565972,0.0778195227993548,0.7608992977897788,0.0418341841521269,8.985877848920444,5.730493008610141,0.6890186251210177,112.815689382137,11318993585.23741,0.0009457180241726
1.6839963365077553,0.0147466163587554,3.2678858521428547,0.0059730126016259,2.28485599692522,4.140605619865971,0.15129467016842,82.2942940156002,13204816097.097002,0.0
2.3695422855214967,0.0998012008073602,5.783566343352298,0.0984527344074029,4.863407064674584,5.4718326239211255,0.4485866570085263,67.03114963579979,18836157346.86389,0.0010387038328011
4.649392625352451,0.0846677292001285,1.7089480439591842,0.0223705969069669,2.269977647560569,4.212709624584123,0.1566170449963312,90.31506155080524,16356296450.093267,0.0005499660259902
2.358623712905314,0.0330650883477608,8.485374008309345,0.019563160655868,5.788720302959795,7.392120750985541,0.4349514026888754,71.39041319025733,11295667060.338558,0.0009178178627478
1.584553608585496,0.0191216254490626,9.723059766610469,0.003064113530128,0.7074779374807072,6.22063477810134,0.4216910269640145,71.85822131034786,14359071784.504156,0.0
3.117665415568313,0.0850538183610568,3.7444284101414542,0.0146104514218759,1.5091138550536107,7.995509959948288,0.8407749558992016,128.48229244461913,19200807940.788246,0.0
1.2398310738161769,0.0256813527940565,3.070417477577476,0.0142951593202452,9.532740162892669,4.834418114754261,0.3678918121325459,120.04039233042536,18922360972.70045,0.0
4.944011759505181,0.0293520049539375,0.3318352460204014,0.0636640139033877,3.388733880192467,4.790800471391483,0.5235968662334215,100.24777996572828,14347271880.635088,0.0005231759018981
4.331882072663307,0.0935338927547521,0.6277984700552132,0.0184310518660354,1.38864364207805,11.007633792312388,0.605633345472795,103.75745031897767,10076756108.27416,0.0
3.463381600777492,0.0854764651242337,2.600567244178461,0.085021252623824,4.911887671799487,3.748783023978079,0.1668458664350109,94.54836904629266,13959770086.478325,0.0011763033931632
3.024391152202859,0.0430150665759073,6.028153394848318,0.0636285145441427,8.588758050841975,9.353213722123552,0.3434837923420656,61.83574300809166,18357910725.75757,0.0010255143361102
1.174940654283663,0.0932831440753529,6.446063786957341,0.0099649966341117,3.3636011333065388,3.077461055884513,0.7885612842997981,123.12971252806976,13889316229.700045,0.0
1.6465530406966176,0.0937561827964024,2.538245534093668,0.0115492642980854,5.377748891987869,6.860692061152192,0.7224453373637809,126.71718852829288,13318267970.709522,0.0
0.5842763366258944,0.0060136656114214,2.764890621946636,0.0357606096985112,9.586869535624787,5.412174449319025,0.53976447112129,113.59141977585308,18372685480.0804,0.0014715042924896
0.2393606422365531,0.0344125975798207,7.062957344425116,0.0141918159348261,9.929985329031288,3.725131285830585,0.8401885459049298,118.64506380898378,18515343582.74199,0.0
3.9070327854604776,0.0646706937347841,1.3938998573806165,0.0063716024312963,1.985901207447432,7.998209800215964,0.8260089329905462,123.14129002847191,14141002943.482458,0.0
0.1804323885018263,0.0723423591847935,0.4087072624143861,0.0070880792384293,3.8984236410113065,6.918580946478094,0.5721952971712579,110.84039767828388,10370158289.56802,0.0010049038131026
1.1013761950907566,0.0252216446132736,2.269615884839924,0.0075495311765995,7.477131883055669,2.089387997933596,0.5550802609717127,97.87673343670896,19015181655.46333,0.0
1.7509401036674623,0.0155784321295669,3.4056188750806755,0.0067469733752697,2.159399371841765,4.720817724043024,0.1594471330261458,81.57587282482544,13216989968.717651,0.0
1.2077719562037803,0.0257339516438253,3.9152364009303415,0.0075913214225603,7.779212320115031,3.561353460334173,0.8199271032421629,119.58216505961909,17074024623.812773,0.0
2.158224991816645,0.0398389567384897,6.220576021921997,0.0200415854750622,1.23055945099507,1.8138370855944013,0.589183507507846,87.552484684736,15520815314.83553,0.0008848309932755
3.337002813362828,0.0265111256615203,8.101593793228934,0.0110754027536852,5.045116376693287,8.033942355700514,0.3142710080582636,74.01860218153561,9952604111.45145,0.0
3.604188922488964,0.0982041760264401,5.193821894643813,0.0031336876756036,2.5045091474320924,6.417311703291795,0.8490878147587476,122.2351162731333,19849417794.29434,0.0
1.3023408150855649,0.0469278308999556,1.8569231502299857,0.0122827240946621,6.5760629835112825,2.8750456226214376,0.8418998312701833,118.96888917499903,17199347650.76642,0.0
3.5798730126315106,0.0540890555570906,1.0720185421712871,0.083507043378552,2.400387672772647,2.8659149800378123,0.5960064949589357,97.92936135527955,18535847230.431004,0.0005798912501117
3.122395649864475,0.09111212595332,2.045039316458196,0.0606089027784351,5.4524153871523735,4.762608308003469,0.1595212649143579,75.28598906687209,15519425014.024378,0.0006706279534693
1.7949221317098607,0.0540508565561998,2.2932470539641794,0.0067744936955723,9.974376846435865,9.238150533339482,0.69499740683336,81.72906518068352,15850890609.291904,0.0
1.6478852244369937,0.0334855303525772,1.3496354684234322,0.0050021831992386,4.908960232794989,3.2797744895595025,0.6370877304067638,117.40570804990617,18244770027.75995,0.0
0.4623929965300746,0.0601376602167903,1.26568022955175,0.017279754724547,7.614199900472006,2.873116844575668,0.6509244213355334,118.05476493598,13993318067.731308,0.0012010025889605
1.3139247485801744,0.0749195843293116,1.3965628015463312,0.0184705790563257,4.640943963332972,6.66231516813673,0.6536864169457147,113.30854883898166,13739806715.3037,0.0
1.5764733530322066,0.020762708539515,2.50063487544433,0.0044316938367496,6.8976665405106194,3.715550352660827,0.5283753377521097,124.19149119604792,19018869105.408543,0.0
2.778910651693048,0.0517713919254011,8.770920433119352,0.0401227664739117,2.326215729196709,5.249649677772937,0.4554648363039398,110.27863789487668,14536595253.53865,0.0007994376640385
0.2850845646295353,0.0138936683616319,1.303196856075273,0.0068050280637513,4.155648200568331,1.552248559149252,0.6930399568093104,120.58928546777447,17426438802.33795,0.0
1.3511218150946596,0.0115507403182858,3.069878699493606,0.0041994843096158,8.61693785380757,1.2056865723135215,0.6284635956948712,106.38577327058648,19734080761.81443,0.0
2.3051327871841414,0.0590543386623525,1.885172805844261,0.0192525479633348,4.340717018731284,5.933674361018669,0.3481212345178436,103.84111483704592,11368880546.81548,0.0005222264118965
2.8710281939789235,0.0815412833175906,2.247035796270924,0.0459985398910201,0.3118864648350538,5.596296796805691,0.8366670992767121,106.14277232811985,11920965570.927189,0.0011356409048304
2.778003497727332,0.097814682030345,2.032875084906646,0.0084772033043291,3.051075498683563,9.25241277666008,0.8382590172890063,125.37015488961696,11893309178.808949,0.0
1.0269749922375235,0.0854148397659011,4.667785453300631,0.0219366184016325,4.639145617844818,7.080144846237724,0.5987269447696225,96.4789419383224,12999238270.052826,0.0010122172439633
4.219374913211161,0.0910672447843544,4.274729174569808,0.02576111706667,3.0951969013189977,8.148160348834791,0.8372009178321606,117.1544323115904,18264831634.619705,0.0005984623710108
1.6821180706381191,0.0865853461146637,3.129257322305942,0.0054141568813149,7.299471397380987,5.854952566754314,0.8126841230436919,126.66090589704176,12586046069.319485,0.0
4.591123199307997,0.0860350411761289,6.999335201052404,0.0847144736807059,0.8614935563100935,7.270266920857538,0.7446252758559344,76.97369801889153,10097898940.894855,0.0008690796541352
0.1454716200847525,0.0698449574105033,6.948315547846425,0.0074014724599939,5.593841027557004,5.425970778622048,0.4387980443127019,84.23588836580866,12333779692.031233,0.0
1.1348516825035642,0.0364569208139409,5.605434375395531,0.0059262043204025,8.146557552342,4.886437590000384,0.3765832317483021,118.7215646696617,15652232804.566746,0.0
1.4779797104951968,0.070807797358322,6.728814933571329,0.040471241512372,6.052348391247476,3.712041284313298,0.5781912867387152,127.7255895731744,9483673366.575253,0.0009827136008192
0.6730245486036875,0.0632514533635394,2.087350025741549,0.0152671019126601,6.133237863471933,3.318679396387375,0.3606825953888284,107.07230173925822,16201809387.565825,0.0
1.6465530406966176,0.0937561827964024,2.538245534093668,0.0115492642980854,5.377748891987869,6.860692061152192,0.7224453373637809,126.71718852829288,13318267970.709522,0.0
1.0838175768637903,0.0531273851733923,2.9978660159344552,0.0077730285054234,5.14008774827759,2.4820348050513523,0.702828329862853,105.90716033951652,11381734994.956545,0.0
1.3885114489245305,0.0292312081941522,2.799978564589501,0.0192562172650674,8.844288822693034,2.9014936668608717,0.80929335483231,123.97023437545532,13597650556.623043,0.0013822558521502
1.0595391096067015,0.0175510117674086,3.865556788460092,0.0146246282520486,9.55955431194448,2.167763746286268,0.7915811084189817,66.82116994399166,12833649452.501797,0.0
1.0248864023022788,0.0507559572148067,8.498320007879643,0.0026133414653637,1.8928246355255756,5.824132814761817,0.4740973270727496,86.56733200665079,10982738508.807346,0.0
3.582167204587986,0.0946017309963875,3.835839377615706,0.0431547442551952,3.9463074548875943,1.4230787980712876,0.8139764271505939,114.10851128924976,10219460730.898985,0.0011550411554696
1.6478852244369937,0.0334855303525772,1.3496354684234322,0.0050021831992386,4.908960232794989,3.2797744895595025,0.6370877304067638,117.40570804990617,18244770027.75995,0.0
2.899557361533303,0.0391091923098106,5.631596638118615,0.0551620292070509,8.696736555205172,13.224680593307747,0.2839761166910045,61.70602942969319,17274667532.696957,0.0010668180070696
2.174337705348988,0.0297684597681713,6.141720313742967,0.0205888539428237,1.8629212812054512,3.846290446763464,0.4297114885631732,89.23595234503784,15374111095.976627,0.000893755085196
3.990582668489212,0.0335519841065619,5.636273895519444,0.023664817272454,3.8638726160050223,7.642393809729815,0.7039882085304632,125.33518263706718,10833746129.600948,0.0010950949449552
0.6694895350820474,0.0118338335458801,2.866042478164186,0.0037839592473996,9.87867424853127,1.1337951468751015,0.6039106388593668,117.89554021354444,18434700675.992493,0.0
3.6247133861023015,0.0415526659184011,7.238308723075661,0.0120947578555159,9.996694970855174,17.16792917473411,0.7132368587160136,89.54028275438543,19716987850.127754,0.0
1.4285314626667291,0.0417196472205675,3.337136584092732,0.0165261521182265,2.6666764084067345,1.1883570854372278,0.7379184276828678,81.58937604447118,17612833898.03757,0.0
4.824382480465921,0.059160996706318,6.182110924941815,0.0722950921579944,0.5530135007107725,5.021314398805872,0.6295523375644335,112.67742156584382,10516681788.314192,0.0006177641146491
1.5525877892670814,0.0363079779332736,7.59984550714444,0.0331615329120848,9.243911368943785,5.554308155281886,0.6376259103684047,62.59878934792815,15520130344.3276,0.0012292899250211
0.6106867334719212,0.0349546748281508,5.139667937280425,0.0091175524635201,3.0339273061864174,5.704608713415382,0.6996980946756881,98.58748931905532,9944595353.11204,0.0
3.2560068728004032,0.0092659492977084,7.237481788674045,0.034868548662624,1.853469430720454,9.91758908643383,0.6644348399253854,74.95277659072511,13491314133.574516,0.00142156110196
2.3160984147749155,0.0108350084524897,1.04594723647639,0.0080912377685522,4.722306643771954,6.523547202188206,0.8410373318949139,117.19711159055782,17558710248.305748,0.0
2.3876227136337573,0.0836997720189316,6.629677150324326,0.0047919897450486,7.807931732921968,6.34923190276611,0.6820575647315154,116.48072604809546,19462404183.99165,0.0
3.646346917386634,0.0873743989403176,1.572920820251975,0.0021090557865705,6.700467116287463,8.37051305784501,0.5390837070803683,105.7491811615152,17259193745.528015,0.0
0.3506254651953732,0.0182880689170353,2.7575624609176645,0.0376400014020243,9.92259853812786,3.158375225213718,0.7979097050588831,86.02021559742062,18654748714.35909,0.0011707401756991
3.152036947296489,0.0816168412744139,5.129496903517434,0.0072988365545742,5.035146748875808,8.113795255672017,0.7915460118899913,118.75442001896326,18271102476.70764,0.0
1.914768712568304,0.0600183338988904,9.02163046398779,0.0140034649704246,0.23101142106928,4.084594938078384,0.2319853535476335,82.75819446726064,9624831548.726566,0.0
0.691872706478247,0.0415822505908431,2.627111196224087,0.0161841372828073,7.87311440771799,2.3818419988768103,0.8478138436828347,119.04418099506968,15318537147.245522,0.0
1.751965103143841,0.0694526780748866,6.931634902749843,0.0072820897665457,1.7562480879987454,3.633786307554114,0.7930611415623803,100.5347820772966,13121666113.513107,0.0
0.3148140784113816,0.0639688498947296,2.7068779787510397,0.0033754444397319,9.314281645738578,6.51652064118622,0.5795249921371545,107.2294754547624,17528793857.36283,0.0
1.640131785868142,0.0138638723350824,3.2781159796712576,0.0059674672154146,2.439575601717028,4.130155167901122,0.139505998930508,81.63836345993553,13129013046.986628,0.0
1.6946194013338391,0.0128076768745025,3.4580840165188858,0.0066081035964076,2.2126014242604306,4.473085902766398,0.1597617406754201,82.13551062122038,13154563151.632015,0.0
2.0892878774745958,0.0336324366710541,5.3187834902906586,0.0265698543598945,2.9060533294374857,5.537372157811206,0.6654631661848455,89.7759168981187,16875862247.47326,0.0012428710964959
1.5891827279008968,0.0587683789530549,5.249423225324669,0.0124861259056914,7.234047787510168,5.482534597488387,0.7890140264125087,112.47771670362022,18365798083.15036,0.0
1.0469203277627686,0.0684639276304485,0.7047955789886454,0.0288049521084714,0.9248903896311036,6.373315731774584,0.313512318820964,75.34135307942138,9711045455.5948,0.000613524628497
3.4892673281066253,0.0997418788228755,2.5484476617844942,0.0062566323035868,1.6495815872384505,4.878662187840755,0.7788397394001241,113.87967498421392,11584124836.864704,0.0
3.993056429391416,0.0840244731850227,0.5958999840596788,0.019813223181319,1.9591884565704012,7.723908494584584,0.7203458791420315,110.64613452982792,12467433920.998936,0.0013887358126655
0.5289543069518817,0.0412552655754788,2.435780017239519,0.0066866249328633,8.12891201063721,3.3468343653638715,0.5038600221201538,124.55437736131054,13178202170.567944,0.0
4.360016642288057,0.0334802807822856,1.5120889386002927,0.0592814062721881,7.336414906233869,2.822062346771698,0.5295409173791921,68.80621007395918,12434462213.740145,0.0008431216082912
0.4402999808072468,0.0364194636895652,4.498812342982185,0.012081977406101,7.40595420931013,1.9882536315565875,0.6615423396759641,107.73036003853254,17185299315.516094,0.0
2.9433469670636736,0.038288013210758,2.5807727278146992,0.004544669087585,5.114544069013565,6.494517671842927,0.5992853418973377,102.28178449377909,16917678259.797558,0.0
1.081125659602704,0.0831297238825346,6.312182117643824,0.004226723969978,4.072121490580266,4.7632976260180016,0.8118544492787491,103.68303187463678,14820919631.22272,0.0
2.034999099379926,0.0702019440344828,6.922962222967289,0.0052967365835996,5.694069622791687,5.1525242960211015,0.6798565150133444,107.81314748157445,12732980571.552616,0.0
4.891979913629887,0.0653506221047885,1.9408672065580848,0.0850976237012944,7.276681744079471,2.6670034122005646,0.4081652673393436,119.06813329072224,18493557617.056137,0.0005182069208486
2.119227418996104,0.0409015258237163,8.948268672670757,0.0200657403266792,2.742894666979967,4.60815674421515,0.3696446524358286,95.89714311126546,9349954104.8848,0.0006904850799778
0.7787998169815006,0.0577834912357524,4.620251520966319,0.009948381075681,8.118953424116443,3.91381463202949,0.4886369613933661,111.32088340042556,13647127725.37268,0.0
2.840749369634936,0.0378418067856635,5.695207349670568,0.056688091091171,8.782302854935404,13.133150148024614,0.2702841181658729,60.62798512648693,17122984916.08796,0.0010809672188893
1.0186710798362242,0.0353476463061558,0.3743612446455594,0.0967272923510887,4.256888739187979,6.621423482397517,0.7895755463814406,104.4727030236043,14119168894.71912,0.0006525254921969
1.3511218150946596,0.0115507403182858,3.069878699493606,0.0041994843096158,8.61693785380757,1.2056865723135215,0.6284635956948712,106.38577327058648,19734080761.81443,0.0
0.8718602676176251,0.0853630322428445,7.56898321482413,0.0660417526983078,6.071835764722633,8.466506401576055,0.1390275897226038,74.60030312317801,18911866566.53473,0.0010306786734931
0.2187425982705144,0.0201705394438917,0.5340102905782218,0.0260095582542291,9.604497239277883,1.4003101990393156,0.4097269984541046,114.42545164837722,10862770545.807346,0.0014571740949794
1.281083388144829,0.0421617065382884,4.6613469644663335,0.0129126876191947,7.830196859866866,5.558296012737741,0.3723017850717334,109.065437330524,18383021165.35799,0.0
0.4668418950403923,0.0222926786366423,2.3847176169094597,0.0330275047424822,8.229854022147011,3.58742459331546,0.8107050265292584,99.9368569500634,13779152743.935896,0.0009035314165919
1.8782434938341324,0.0621000712718993,3.203025955081034,0.0064723146727273,2.26670340057708,1.3986091750033012,0.2860425438689418,81.41213409428245,13220614095.35629,0.0
1.2239646894181533,0.0906981077142809,4.979554300596961,0.0227804085030248,3.9077229528908193,5.24501549696146,0.8184744457831039,122.12755977626053,19684551229.3148,0.0007808912748163
4.824382480465921,0.059160996706318,6.182110924941815,0.0722950921579944,0.5530135007107725,5.021314398805872,0.6295523375644335,112.67742156584382,10516681788.314192,0.0006177641146491
4.478959981056403,0.0861953173922751,1.1747678094755545,0.0456484822840882,7.065732696063078,2.6921117071201266,0.6074269856692437,122.54223286833404,9882431111.15615,0.0012944031446605
2.947961306073936,0.0648214000393593,1.040304449207043,0.0557835929020332,0.7198633571301559,3.5364411236796096,0.4868896096404079,114.86520874521185,10541694147.658436,0.0009357308717648
0.6023838436331601,0.0291497282794049,4.642826798947515,0.0056686287242333,5.975843067048225,13.10259861033471,0.1374927084111179,80.48092478458166,12043023344.20387,0.0
0.9459276744915738,0.0841216527879482,1.9051366162697063,0.0187921379362972,1.0580516507416844,6.4905340544219055,0.5308002933554348,108.5265574728978,9974318436.178415,0.0005442395050582
2.2840317591817745,0.0594364092896601,1.8532987723168504,0.0195177111706281,4.368766624087294,5.950757242016982,0.3488490293623263,104.21895963581174,11392412621.57582,0.000520598271257
0.7346534372282632,0.0573719255093671,4.455784767277978,0.0089056671566823,8.10446694067037,3.73931489840872,0.4992398470356834,111.7347102178992,13744294556.726864,0.0
1.7062420248708277,0.0513299173591276,8.434721493894472,0.0028452262052862,6.518753090193973,4.352796813338501,0.4376266396269337,100.43500720332148,12203956573.264011,0.0
4.085021228321899,0.0782193227122992,3.137168696057817,0.0362708869892549,0.321816627377624,7.733851076108612,0.680181750013112,110.920140238932,9701835721.08846,0.0005493939850605
0.8345210158848544,0.0874840673736136,4.100035603362422,0.0149323084564843,2.249757893183873,1.3414761839900575,0.8234225099125269,101.3086219424216,12462887417.730503,0.0
1.7502816889907782,0.0155787044542697,3.406829497622675,0.0067643235516548,2.158848111957005,4.717970675716462,0.1594133343950497,81.55717362302624,13218115627.636316,0.0
1.897542331251283,0.0103965844782466,1.2832298374978608,0.0070223290436158,3.436504972610563,4.211685744355775,0.0162654050114271,99.85894712523768,12341217005.408253,0.0
3.3052864178372263,0.036648593056324,1.761781487087527,0.0468626380674343,7.046136817285664,2.653538930154067,0.4803715895857259,99.14364967239936,13199596029.07127,0.00074600418308
1.210337487717814,0.0255909169072839,4.280747488884093,0.0075827816511087,7.816940313840141,3.65516884265596,0.8165033640109083,119.3483429744152,17181548524.036423,0.0
2.5810400954003963,0.0880798378365447,2.519369114708271,0.0102834305656406,2.958732270766582,6.772824767009254,0.7724788482414138,118.19094015158988,16371309503.892738,0.0
1.6852518632677915,0.0161429465970318,3.336808092081963,0.0064578937846818,2.2779513394882347,4.202977485060538,0.1552091536437848,82.07299971628248,13236275487.525686,0.0
3.070794828754168,0.062792030438256,1.7571691998134358,0.0137833651710323,2.6757170282716136,4.409716455528494,0.4551324579597203,107.48943522629642,15418449483.535908,0.0
3.6048307500683134,0.0981784593507377,5.192979071187621,0.003132949914361,2.5029218353232503,6.418142159168855,0.8489822728554713,122.22731471447774,19849604753.28268,0.0
3.963932477809547,0.0881576784113869,4.584256825438558,0.0451079612386341,8.39894868169016,9.339959386004653,0.7824114895716936,119.65958312014584,15785452839.849337,0.000692864772051
1.809985800870716,0.0888447317308012,0.9054682835740092,0.002354304347927,6.434856128750202,5.4138923048739205,0.3741264489211708,113.49578147678928,12458896296.940956,0.0005576024509365
3.3729778650064524,0.0876253144116803,2.651539013474046,0.0098983083697351,3.659715236536352,5.832247084255062,0.5767108771395961,95.63312324499582,16656200693.432589,0.0
1.9330218104690895,0.0656018321029764,1.183655403862382,0.0183270012425116,4.331467421712393,2.261924513862401,0.6883934338082945,126.988168104889,13333310992.7533,0.0
0.3017761793548922,0.0645900003803461,2.533174450778673,0.0028088146309496,9.41702252841463,6.71126336387348,0.5810209356416463,107.11502949059718,17362370742.93644,0.0
2.7003223357968853,0.086732009923357,3.367111879798542,0.0148210507807128,5.54988017876558,2.8166476603946347,0.4585502131033419,99.96820807285744,17993404288.110123,0.0
2.2967136124611702,0.0987384512983578,1.540436852994561,0.0112418545432184,3.5476865859486577,6.687243584654941,0.6448860042671459,113.40778218177395,11371739119.36644,0.0
2.0300090991699835,0.0521699364519934,5.68767544719333,0.0054665923515051,5.801083425968662,7.319801268366159,0.6623600889442925,128.70785442888354,18552301091.888817,0.0
1.57642019016108,0.0207819427048015,2.5014298448305263,0.0044319225501485,6.896411489308346,3.719725501401119,0.5283192966952422,124.19862670158412,19021004125.75152,0.0
4.813515774517068,0.0180019605929148,0.8244684921359514,0.0463554445194488,4.744076483913588,1.460995828214152,0.3810355058824268,67.52357169309843,10162403613.107023,0.0009542188330185
2.778003497727332,0.097814682030345,2.032875084906646,0.0084772033043291,3.051075498683563,9.25241277666008,0.8382590172890063,125.37015488961696,11893309178.808949,0.0
4.087090464294124,0.0962477724669336,3.76990271081158,0.0243273820268154,9.026822065674018,6.998934214050378,0.5000410104021679,118.959474813149,9428797652.80326,0.0006366597664193
1.4431717788839091,0.0275447081117884,0.891096431367537,0.0087474463019557,3.874806013998468,7.917436149336886,0.8213160382190775,115.35474025109836,19415218880.45212,0.0
3.0197632882902083,0.0326988064092635,5.858085597835392,0.0129293441560605,0.3125321455028945,8.067655640409665,0.4098464649306707,123.8841352297672,10446863423.975954,0.0
2.625613363864989,0.0947230665703995,1.7889771947906905,0.0576890089282129,3.620413152467771,13.149628567006925,0.8456338776495955,104.31967309144572,12469102178.912497,0.0005294584906725
2.4103195012540186,0.0480721510586761,1.252735159520571,0.017745632175991,0.7986477617971655,5.0041730924852805,0.5115336225601923,96.74111273541833,14746813380.403156,0.0
1.1153358139491918,0.0147208491596884,4.144299008711341,0.0213124783844752,9.030339888254415,1.8829705855549328,0.5477198529987023,85.57812706623325,19784616334.402527,0.0010126343728571
1.2320120138262334,0.0249707185616266,3.77154694550504,0.0077494473468733,7.817737492440822,3.49332758453776,0.8236069614825839,118.94520431240636,16713258589.285269,0.0
2.0271194505215555,0.0934714032937001,7.1153240497522505,0.0662106873846346,5.825115737252705,9.595923209537723,0.4431297197271315,102.31970809824683,14003664549.139343,0.0009667207630245
0.6408288080855089,0.0539543790075539,7.385298648137548,0.0031288147508216,6.174724469268828,3.093837076630672,0.0862092377425879,92.59282188880698,11667922894.959042,0.0
3.4950451685212,0.0928473728869058,1.3669407921014547,0.0199977086608368,0.5358157982532553,3.5672137236513266,0.7176260748524798,92.25578423612052,17692556856.711185,0.0008473313143742
4.813515774517068,0.0180019605929148,0.8244684921359514,0.0463554445194488,4.744076483913588,1.460995828214152,0.3810355058824268,67.52357169309843,10162403613.107023,0.0009542188330185
3.42355288929968,0.0983780289505507,0.6441746700465041,0.0175885179667185,1.5660806806879302,7.861424313299708,0.7159290517332354,113.89703377025208,9022552300.000431,0.0
2.0846549418747795,0.0842096178967602,7.712568345798926,0.0083197823049236,3.843421940533288,4.4874910132443855,0.6357508398392453,103.08525520874475,14337131181.66554,0.0
0.9029921351114234,0.0949257738214071,7.363519104943755,0.0198057139684526,6.565324699341333,3.813588980925785,0.1242598959349178,105.45100394078554,12030767794.703089,0.0007076243920032
1.187139158663017,0.0356534763114922,2.279554850351336,0.0145412553991826,3.5477330706871038,4.924821701053529,0.6183547643279461,119.54351772949994,18445142076.90044,0.0
1.2726359066244044,0.0851220056519461,1.714428631566427,0.0542251831425925,4.982904835367034,8.374622218407259,0.6049529988546527,86.76963361396434,15864808782.076618,0.0010277856825995
2.524689319088503,0.0704627798028028,5.509616037323749,0.0555160152521331,2.2358019329978926,1.2578442517149586,0.4407329006708217,124.33728337664876,18324988074.5264,0.0012882856792167
4.59538601668042,0.0762549311707357,0.3482349528167165,0.0116532492863543,1.0325696815171983,5.156314198198936,0.6742708345650172,127.98641919567292,10455217595.260344,0.0
4.3726526330331685,0.0862596150843384,1.6332048054648092,0.0321055412336564,2.133609294938639,5.261016925298012,0.8439155454641072,88.21763689074345,11796966151.250196,0.0006530355137408
2.5852447814475736,0.063968564155401,0.8301288277560548,0.0179458230575592,1.7725173454598917,4.712841033632577,0.7446334158382548,102.10569070756912,16357661337.921856,0.0
0.7137751753478145,0.0354468495803692,5.707121035060066,0.0073240984209831,9.39070305100595,2.880779606936183,0.8335525685398293,112.39211715952096,17964153729.29163,0.0
3.151828267265286,0.084106474567935,3.8291817397959615,0.0112637652437529,3.727402952808065,4.577316290905777,0.5477863173583392,112.4886215716554,16401661866.288584,0.0
2.9961087637736408,0.0901403143390254,1.903595544772928,0.0217432190904229,0.5311388342402923,6.007960805414587,0.6384641503387727,101.97594588541286,13640025267.421268,0.0009361055855349
4.994567419491003,0.0909919233240676,5.439368465923997,0.0763191554955464,0.3186046105683914,5.469205201086364,0.7804682615299908,69.08147736043028,13640964188.87444,0.0008781561496011
3.152036947296489,0.0816168412744139,5.129496903517434,0.0072988365545742,5.035146748875808,8.113795255672017,0.7915460118899913,118.75442001896326,18271102476.70764,0.0
1.5083344009660444,0.0403462973943447,4.9702435648337655,0.0525031089945436,3.750701133422512,6.643548441468633,0.1899895848870317,71.18056564585338,14860965170.5684,0.0008726402576429
1.7018738883432196,0.0940158866921101,2.5581547998915064,0.0093392111202623,5.348520120353316,6.504462773214847,0.7220132024189473,125.83526427658042,13392567501.974731,0.0
3.4892673281066253,0.0997418788228755,2.5484476617844942,0.0062566323035868,1.6495815872384505,4.878662187840755,0.7788397394001241,113.87967498421392,11584124836.864704,0.0
2.8297971506758017,0.0715228218424221,8.121720881835428,0.0084124651000358,7.046888524420056,4.625875281199503,0.7566855631057219,115.50120127863384,16224790513.06018,0.0
4.428753431982829,0.0509344481917829,1.4699543289951849,0.099398930250033,9.19848227210072,8.441063765862422,0.3182740704726325,116.97387017534722,9171448690.478151,0.0008690283983829
3.604844412379123,0.0983456361566742,5.205522674785732,0.0031261546237828,2.518063926118824,6.409183686039398,0.8478653254982371,122.17251644709074,19844047984.267506,0.0
2.628975735683977,0.0950610071675247,5.613282768940098,0.0036717902329985,4.017836493426747,6.512177062364006,0.8138276984420095,129.5523694958234,19526582623.48021,0.0
4.332973567392809,0.0954949460830779,1.8147241456946543,0.0360162162758044,2.058269752105765,8.04814165747083,0.7198057069231204,91.3772545334213,10612577374.893364,0.0005112396795669
4.372880283158487,0.0926496497245403,5.4676505957048045,0.0030877134221585,5.061927260085841,8.898560836086482,0.2153287319450062,108.41346517562758,13752589052.792116,0.0
3.3477418508869263,0.0990865216532203,6.403706568606903,0.0058356019609049,2.1927194999407176,9.052565450186364,0.7170481075298192,128.99306308429925,19338424064.01621,0.0
3.430582312709028,0.0939872721624292,8.623474139979807,0.0067895617767574,4.647428939497284,11.251135547736215,0.6793779412696361,124.55999338375742,14793178885.00061,0.0
0.158911653300487,0.0097145625501509,0.9572558914924504,0.0203903057488951,7.0694825821802265,1.8677550974559645,0.7349715999151859,95.9535890400184,10575750747.569328,0.0007376329691617
4.59538601668042,0.0762549311707357,0.3482349528167165,0.0116532492863543,1.0325696815171983,5.156314198198936,0.6742708345650172,127.98641919567292,10455217595.260344,0.0
0.6125415066556567,0.0099957606422079,2.889551247294952,0.0367296559549562,9.866788184085047,4.026216413053311,0.7306925190114292,103.9768880473454,17783583678.85164,0.0011625082378175
2.4598094932638883,0.0238449061376476,5.796158819264385,0.0203076471409241,3.9430195793130647,7.180079788743523,0.729651841157205,83.81614187698297,16805797804.47902,0.0007477276261903
1.4895611728628642,0.049903665155861,0.4008197669133401,0.0252672532954773,5.115401349386643,1.101499400910573,0.5191365172438309,111.8516225647007,9046199069.871777,0.000978015441898
1.1315197022689496,0.0462110145674185,4.372608755200687,0.0045917516855875,5.412704549588385,3.605812488977955,0.7644660920580897,113.67299248628234,15000656168.047758,0.0
0.2414173934737193,0.0219840254671168,4.561690193790127,0.0047180730391888,7.122888756592886,3.9293193375151247,0.7091909383073788,123.33738959006692,19454908844.107246,0.0
1.233122737535937,0.0378535673940156,4.05863011889667,0.0070149154700512,7.623062407260677,3.895734291219469,0.7665423780851341,116.69652065442207,16542714706.387177,0.0
0.6027007527587949,0.0292618116572709,4.656070017135887,0.0057952814788542,5.975475606803542,13.097717949999636,0.1376081241692274,80.49962258800159,12033890131.318209,0.0
2.412881834705635,0.0795851544467359,7.118084301974306,0.0359930813056192,4.2151868933533,2.166275737172646,0.0850415558564054,109.03482178585818,9971718395.3497,0.000729078652658
1.4022064710023905,0.0250685124967379,4.276523207017821,0.0101674509261524,7.089575612813168,5.000415978101919,0.8341962808802155,120.4326844098315,13845203600.142435,0.0
0.6361775244536926,0.0622181317162908,4.331898185314841,0.0363915829767722,4.43662326610328,3.6504445431707135,0.4310640483342264,77.34816824950828,13720625830.231552,0.001156231386356
4.497226506288445,0.0600732943787056,1.3827916875565007,0.0110310037924399,2.332746894813319,5.651089762497507,0.3358056317183659,75.57154880044776,16190235343.843822,0.0
2.0473978638722747,0.0460260071439942,6.223939008482469,0.0375161221861246,1.7803447073344032,9.930835176417595,0.3085314549833787,87.91852800894017,11972543444.127537,0.0007006399601539
1.7018738883432196,0.0940158866921101,2.5581547998915064,0.0093392111202623,5.348520120353316,6.504462773214847,0.7220132024189473,125.83526427658042,13392567501.974731,0.0
3.1203329960915864,0.0995576023515839,0.5713433007563872,0.0261826024684602,0.3527217271658313,1.351686599219331,0.6518825346048118,123.71912600781616,9191988116.53656,0.0006985597029852
3.3422385053706534,0.0992885727502461,5.595510116143626,0.0042077245568917,1.4141405155289934,5.583556148213247,0.4371149021032525,115.11414570348782,17199684010.85686,0.0
2.826830894080745,0.0222106420113883,9.306096517275178,0.0348950817355286,9.033810049823304,7.640129099579261,0.2528780424073809,128.09238754267218,13510280580.852827,0.0009683203420049
3.9664139602375306,0.0529909263543895,0.558514975867301,0.094316767379758,9.171289436625743,9.017243392514322,0.0411924400966575,129.21982148613458,9951206248.130615,0.0010532057623484
2.0509743492006227,0.0696825437497182,6.473045155957588,0.0221912230267212,4.893920849366511,5.701500569219842,0.7015652300723724,106.63857255434309,15297858548.493538,0.0006258825209368
2.96838163805763,0.0715952474718513,3.9715214900378752,0.010879883773543,2.724773352785577,3.308539642947058,0.1825531740928944,109.47824767906006,14172500035.575447,0.0
0.9497401849860756,0.0877114318623021,5.256126665100019,0.0369401247549085,9.713943649354643,5.349295354279124,0.707381635185292,124.66890752692964,16537182544.172577,0.0005902993861784
2.2840317591817745,0.0594364092896601,1.8532987723168504,0.0195177111706281,4.368766624087294,5.950757242016982,0.3488490293623263,104.21895963581174,11392412621.57582,0.000520598271257
4.989697188043283,0.0687993221394742,5.096519541725945,0.0782133574906536,0.6103321870196717,3.4550045260312,0.6730377838980061,80.81145612753451,12237354200.79334,0.0011121605478175
1.4718053299437663,0.0431390772083113,3.325102057572403,0.015457716405723,2.639524962851205,1.1447947932591167,0.7508146663944215,84.54133374945334,17461037632.327087,0.0
2.069992148463741,0.0836992526708413,7.704928730621403,0.0080025127237009,3.7702794285095695,4.338135304064677,0.6447680362163138,103.51675402948952,14209057045.014397,0.0
1.4718053299437663,0.0431390772083113,3.325102057572403,0.015457716405723,2.639524962851205,1.1447947932591167,0.7508146663944215,84.54133374945334,17461037632.327087,0.0
3.759831453241443,0.0867946102036411,4.403395121703642,0.0276969685606114,1.7609673126440888,8.457802127428167,0.7611747702828352,121.85431372951348,18474688887.32247,0.0005756476940984
1.013783098045857,0.0703280950020855,5.572097071662892,0.0096982281999251,1.1587208459524103,2.185797662086946,0.4309860371436479,118.43057539140074,12311210491.729733,0.0
3.451629657422917,0.0496727351613124,4.070257807225061,0.0217776980608217,1.383526104845667,4.875401280881209,0.3817897152579375,119.06702730995444,12122586790.115583,0.0010592027510031
1.0809574141488525,0.0725832103119242,8.347048410824744,0.049622328987461,2.658584059591472,4.987102309618015,0.2313490366818415,103.43497969467336,9072362094.686182,0.0009176699658989
3.9334070209506895,0.0788254776516585,5.871497314545128,0.0420850358015937,0.6579743317739982,9.489908356664126,0.7700019233373092,125.34923041959748,13414297848.640854,0.0005910389337457
0.9618340028983102,0.0867228826535741,5.251604314632379,0.0367924028460863,9.782164519578693,4.909925418770353,0.6785381194495119,125.31557874361854,16422096337.112864,0.0005855503116534
1.2697016172387483,0.0121918917689218,3.330883743882191,0.0136310720138596,8.843278611126681,1.6299987623032948,0.6439162920613771,88.86724973759709,18151209869.89399,0.0
4.7778826428693,0.0591557609425923,4.692102181604999,0.0470432028054003,1.531302567949247,8.913420429499881,0.8150561096582399,113.12816867184203,11569825435.6923,0.000569157671334
2.61728367885675,0.0380656185533017,2.6578639615250723,0.0223656206432362,8.072109715472527,4.1375663810647625,0.6704637136732933,102.1222707975501,14657601617.084827,0.0008764109711102
3.0077607601773004,0.090162012897156,1.889705391905963,0.0217055281292439,0.5342960007208883,6.130472519314597,0.6384011655032339,101.94309498163828,13639342097.670233,0.0009370296001914
2.7842240233870057,0.0810402075000037,5.7110510322757255,0.0380081178978594,0.6225422095736335,2.008986208116164,0.7602644386722008,111.77470454770337,9315686151.77133,0.000572709602212
0.2950928451796266,0.0114899254045538,1.8928958270572256,0.0037335967338538,4.28220090065696,1.676711269671293,0.6680842824606166,121.03095857723928,16970383043.81124,0.0
0.6359210133081401,0.0091876141480432,3.530638306335225,0.0026184629439286,9.917420180449373,1.1693195379340842,0.6384662458243858,129.6309226155244,17115453477.0131,0.0
2.06295773285319,0.0474799430203386,7.528640625879371,0.0051189574717422,8.103992487984828,5.19820275891376,0.3969888365815897,108.582434307221,15027953767.121317,0.0
2.578979846078067,0.0756727810139015,7.415130094910999,0.0179451224359691,1.0637125751419243,4.927185371768657,0.6244575812354216,90.24708070701288,11710823219.552292,0.0
2.205422418308899,0.028918748563212,6.134630257967922,0.0216822933004096,1.8965028418790275,4.057486368315939,0.4297325641710776,88.68072448687322,15496237351.738256,0.0008939038726948
1.3325128027639586,0.0135612133268862,3.1001090494683208,0.005659428902508,8.709587891308507,1.1187543330394896,0.6392138103047535,106.99904509396558,19616916220.28803,0.0
3.436269674307343,0.0675663015206386,6.1424409370053565,0.0795148505934074,3.751378418265708,5.986315361765506,0.6916807941300144,73.35667994878946,13588708820.32208,0.0012389185721833
1.3070763996421828,0.0182385902840351,5.338334370715271,0.0122797640436684,7.767230352814816,6.777967346495388,0.820493544257336,125.9963112500922,11652287511.760193,0.0
2.3326557969179924,0.0418041285229167,8.836747663110568,0.0113654018581989,3.4855342828413614,5.190198321143286,0.3710349944030076,89.02148636789589,9918314887.723696,0.0
4.341691863501212,0.0799883992325014,4.586481081037004,0.0354006838103766,5.669750368469053,6.378650367753775,0.6549026164323788,94.13734361225316,13956644905.277027,0.0012579997789736
1.98979821880698,0.0177741662558977,2.5777214544093585,0.0120945887683798,6.85023696490536,1.390509586256789,0.5256648171758509,116.36533663684952,17827719695.867104,0.0
0.8314906611003984,0.0210024878149809,2.551763865736833,0.0413474589817429,9.615184762722192,12.402585365448925,0.1879005979750968,71.71586359061051,9045589815.680862,0.0009681438962015
1.244419837911361,0.0091889916867845,3.127830771737932,0.0026646928375647,8.459569146444261,1.28781685969062,0.6280653434959479,104.27638108929298,19613536088.885548,0.0
0.5473060611366788,0.0709296232138124,8.998450094417494,0.0510374749439619,4.245881616174627,19.736158684872034,0.1247587066102201,105.22938115497402,14959764151.639936,0.0008384469813347
1.3903520758569925,0.058572042670171,4.268838801530632,0.0196982707155141,1.072095631484253,2.3822079571561687,0.7402192339645206,100.48110129848529,12035543459.845928,0.0007537758662407
4.916310126029116,0.0847738779650605,7.712177799436647,0.0144551561092212,0.3678279605416547,3.879111301568486,0.8268869596620537,125.63436802237732,19444577992.58112,0.0
1.4895611728628642,0.049903665155861,0.4008197669133401,0.0252672532954773,5.115401349386643,1.101499400910573,0.5191365172438309,111.8516225647007,9046199069.871777,0.000978015441898
4.829735460337671,0.0845335478956665,5.826273361629549,0.0050796884402782,6.580210199775109,8.148679608141068,0.1133001762221972,104.26795060730744,12505574676.058956,0.0
3.003255822949952,0.046724551461151,4.141249014128038,0.0270686789456918,2.134241021556879,2.4165013943446576,0.4104081225801263,98.92687775937652,14892258082.875256,0.0008922277824043
2.594917427301392,0.049378566631529,3.807906456274796,0.0179618543110673,5.032374881389835,2.623111014725952,0.289024897426005,108.96524125464468,14273187235.887962,0.0
2.538295354867308,0.0238216870381843,3.4609264307955008,0.0209517709888737,6.380334723240146,2.271828406914594,0.5702231597154318,82.59674517282535,18505263964.11084,0.0013513888283617
1.535680921560851,0.0683595873382208,7.139964820544384,0.0326333337537147,5.732683594745696,3.920778207736656,0.5643320512588843,126.79211977306409,10412495094.017551,0.0010062885841734
3.013064876413017,0.0900489862649757,1.90088230532504,0.0217667495224814,0.537977059979867,6.145780242815731,0.6395617627557809,101.96088349847729,13651375502.254068,0.0009371626099318
0.5994952639220175,0.0187984702289722,2.4497224142289777,0.0082123935016167,7.4223123979172465,6.245592278364543,0.7998160400936201,117.6130768767931,13812699472.768423,0.0
1.4022064710023905,0.0250685124967379,4.276523207017821,0.0101674509261524,7.089575612813168,5.000415978101919,0.8341962808802155,120.4326844098315,13845203600.142435,0.0
2.893964348247913,0.0999298688280317,3.5836050565248443,0.0192077197498568,1.451442545993951,4.610037541384164,0.7699844138244935,129.72438236713012,9858683919.12472,0.0007700019031024
3.9664139602375306,0.0529909263543895,0.558514975867301,0.094316767379758,9.171289436625743,9.017243392514322,0.0411924400966575,129.21982148613458,9951206248.130615,0.0010532057623484
0.7028155270232886,0.0801161698783237,7.581354276809963,0.0307969408213435,8.018025982321609,3.7006187797419807,0.1044583773893187,117.98565345751491,9486938609.404327,0.0012377755288495
3.577757512601312,0.0954388345108553,8.109542307642915,0.018122872274352,1.444054466542271,2.1734055047923864,0.8322155478624429,121.6249065893054,19369204861.11045,0.0
2.9723217274396774,0.0861862079704883,4.247058825282522,0.0311475112774708,6.679185972702698,6.347782005190673,0.499919166170256,69.60392675441544,12455319549.11611,0.0006348159768573
3.4191888164919657,0.0989544890028252,5.090993126782986,0.0246866003842498,1.665326686199046,4.121914986162459,0.7047600679585704,111.06267874839818,13335992191.391544,0.0006617719299252
3.166615819977461,0.0530627393422783,1.9675564272855084,0.002321420426781,3.814041985456742,7.708881026745883,0.5038951933301792,118.8167538008324,13086572623.201536,0.0
4.736616803430726,0.0851875436602122,1.583237412442705,0.0230897757259838,2.39070591397606,4.258325713262618,0.1560108845938075,90.53289815298848,16521890392.339249,0.0005297158294748
4.457675918722668,0.0657107758383819,3.20874175983977,0.0480670093058007,4.999137896034467,3.0440484028876487,0.7589221427784645,129.67903263979144,12853753972.339567,0.0012347948066622
2.899557361533303,0.0391091923098106,5.631596638118615,0.0551620292070509,8.696736555205172,13.224680593307747,0.2839761166910045,61.70602942969319,17274667532.696957,0.0010668180070696
1.3949807240313832,0.0806116572325117,3.182189801901738,0.0251552546750245,1.968433815663149,2.9257570611815447,0.4625052031460341,126.4757350993146,10338835044.715227,0.0005247307211919
1.4315234385269364,0.0550648804459718,0.4467851096947965,0.0170293587113319,3.016332982525056,2.1363802918139854,0.721628983995431,102.5181304610306,13936958958.927343,0.0009252741178073
4.178454992639048,0.0775691484734112,0.8835265959869801,0.085156666443256,2.4589052709823838,1.2960558059631424,0.6506921590932082,118.74336877975024,10773846363.931623,0.000670494178541
2.0300090991699835,0.0521699364519934,5.68767544719333,0.0054665923515051,5.801083425968662,7.319801268366159,0.6623600889442925,128.70785442888354,18552301091.888817,0.0
3.759831453241443,0.0867946102036411,4.403395121703642,0.0276969685606114,1.7609673126440888,8.457802127428167,0.7611747702828352,121.85431372951348,18474688887.32247,0.0005756476940984
1.1947808277483287,0.0250627586974201,3.5988342064128185,0.0070842635958457,7.724745377509406,3.6474773689664497,0.8147488983710229,119.09803481452954,16944510667.852243,0.0
4.690365660861902,0.0925848158159962,0.811173587337953,0.0761170456784837,2.1943320601847445,9.568701909355283,0.3606485144222907,111.80026593692072,16624539538.499563,0.0009713059208442
3.422151935746761,0.0439939443415901,9.735644511742327,0.0425816168792721,9.357704500368614,15.374385743032892,0.7191941722981426,95.38086329252198,18190574843.34618,0.001062303232421
3.380652010987937,0.037259069465479,3.745194672730757,0.0237979160196419,6.602387331644156,4.942307154350689,0.6435872496232484,102.9401001933327,15854629698.028051,0.0014478447813468
0.3486932603571177,0.0613391441127617,1.2686783172636489,0.0131659200741691,8.08718432829903,2.320785649752593,0.6659531517469,118.22034394206491,14225602335.486591,0.0011937917175091
4.679435154200931,0.0844894740056635,0.477015570817439,0.0855725738782851,8.226278075623828,13.400936398679187,0.2051959169460748,107.45186201817626,12237433841.174513,0.0011789941901563
0.7273949363058204,0.0560149639313316,4.414562409403263,0.0064557180549983,7.927359483495808,4.290962224919918,0.5268382126467783,114.17988320336792,13446885157.276217,0.0
2.049557387291377,0.0695202555953703,6.52185069377627,0.0227574809109963,4.879924914172346,5.713952446258088,0.6952803711383723,106.62513494339096,15286267482.53228,0.0006295411233267
2.2114041734648926,0.0803356628569243,5.438970596294886,0.0753675776882955,8.598283794541823,3.3993669049193427,0.7675404065089546,111.54044219223243,17683868567.53514,0.0007219241121431
1.5685209387235626,0.0683390623485398,4.564134935185253,0.0526207573160644,4.685417851092748,1.986133171752108,0.0677465074263897,120.02231042220848,9770783693.319214,0.0009207099102028
2.4951083228917024,0.0231675157813722,2.75156991884636,0.0243409626711265,3.3154926500890745,4.520691409503745,0.828638967407558,114.51273361653722,14120554973.289013,0.0012989167172136
4.448741190959955,0.0675003381498142,3.2898886635075706,0.0449376270539515,5.25646973950941,2.8461828441948085,0.7503870863996969,129.6168389836548,13043096056.398884,0.001231188926121
2.0846549418747795,0.0842096178967602,7.712568345798926,0.0083197823049236,3.843421940533288,4.4874910132443855,0.6357508398392453,103.08525520874475,14337131181.66554,0.0
3.611066915743175,0.0605501685386945,4.7051806911892005,0.0850830814128898,2.875890418169262,5.118273584913544,0.6895356886549737,109.80579355625704,13888154942.775402,0.0006812613649847
3.78023994839018,0.0794956099698898,4.460071218397888,0.0083223131254634,4.898518200190209,8.399604062999018,0.5289841071592514,89.71363714834685,10369133987.177675,0.0
2.451869729763936,0.0986912859731125,1.3876690798741853,0.0567966890846824,1.728191722782355,13.345332355843466,0.7911437448733777,110.3764546560608,14919128134.330296,0.0007572330014809
0.8387477755542309,0.0411095493562757,3.1627043346043755,0.0141409422249155,6.675405804153648,1.7200370837573271,0.4147680174568551,120.81671275492684,19529540948.536125,0.0
4.786295544490065,0.0757131691955286,2.3156684061325894,0.020558472709944,1.47095817452121,6.760781260827316,0.6974286887931214,102.6876405957176,9909700746.201176,0.000631670873253
0.5289543069518817,0.0412552655754788,2.435780017239519,0.0066866249328633,8.12891201063721,3.3468343653638715,0.5038600221201538,124.55437736131054,13178202170.567944,0.0
2.1216016385557013,0.0442858640669685,4.148610563695349,0.0420471062766779,6.838191649852917,3.3102828795518477,0.742835349021,77.05242340727897,15227348189.250843,0.0009726719410294
0.9343792318533332,0.087438832286113,5.318998270788377,0.0368112343251768,9.7824776324302,4.785634027765354,0.6767625481306321,125.3617614500092,16417097271.211466,0.0005868880988709
0.6149179534672888,0.0417419389770984,6.6750634556870585,0.0361583912965436,5.3217523860063976,4.22494038152563,0.0589793409622427,104.95513411061856,16063964593.634674,0.0010608451656206
1.3063937454545915,0.048368899254759,2.349047610533688,0.0025380253894327,5.537760793297149,4.854979999620521,0.4611138423074036,118.68530635009276,13821074110.47402,0.0
1.3657949388942343,0.0756144113193475,2.3442322394560176,0.0253070665300132,5.227051302937195,6.749958160429475,0.8206690064993474,122.09145558973457,15012606569.107038,0.0012519653877663
1.6317036598032684,0.0221741040236942,7.600955781775435,0.0334546659526769,9.104540687257163,5.97586923209491,0.6150051562672788,61.32574159212224,15493992351.253292,0.0012382746277204
1.9161594324800293,0.05998762596681,9.03923942000429,0.0141170749596724,0.2301461330709044,4.071129917443759,0.2336872998730519,82.82973401648367,9631840180.15193,0.0
0.9441357947041672,0.0076377135972505,3.855439633999096,0.0113756067383424,8.571786550191533,2.008534668397913,0.4713912629123301,124.967558612332,18810622433.036987,0.0
3.7891592386267687,0.0213245061456251,5.411539107237741,0.0287069366203832,2.6827270808912616,5.349919286693089,0.8144702138000544,82.22537834156277,16520338791.546392,0.0005647033751487
0.9591682912996412,0.0348909555021413,5.405641753339656,0.0080093213331333,7.361317302559684,2.943632506042296,0.8362481363022779,121.6303690249986,13844457728.127296,0.0
0.2516568091006167,0.0641144542507048,1.76636071826217,0.0212614493497506,4.552288551565861,5.85824398961092,0.1467499274956806,68.03430761041157,11341555035.59438,0.0009846549909305
2.578979846078067,0.0756727810139015,7.415130094910999,0.0179451224359691,1.0637125751419243,4.927185371768657,0.6244575812354216,90.24708070701288,11710823219.552292,0.0
4.611276648016633,0.0547337463950472,1.2062335493378913,0.0100864382291618,0.9270024762017484,1.242436626540826,0.8203771409002175,122.53683731566954,11248723281.646242,0.0
2.004872652410864,0.0758226109729989,1.2038073899522703,0.0295643180326107,2.356627456393173,5.270937501978346,0.4088391966587568,86.32816021916659,15968921005.4872,0.0005926750390963
3.679533906570987,0.0181943203905186,5.0606428436662325,0.0297039958323479,2.696197624757718,5.842457363821819,0.8236985591631213,80.37583170582245,16624162233.427488,0.0005874820272006
0.6694895350820474,0.0118338335458801,2.866042478164186,0.0037839592473996,9.87867424853127,1.1337951468751015,0.6039106388593668,117.89554021354444,18434700675.992493,0.0
3.288617595248,0.0290585264553672,0.7633290651261435,0.0521207576187486,7.260466152440214,10.316088434398717,0.7727797600091008,63.2905369055291,9246709640.13554,0.000835113083082
4.628197793919596,0.0482095987871988,7.843320669285113,0.0637724672044443,9.700411271383697,14.796868667582586,0.5877098748342963,98.55412735526458,16426637792.419373,0.0013800763405361
1.2329598374509907,0.0262762418383282,3.9320291438474766,0.0087093997733075,7.732473609425891,3.516797038696495,0.828501214569966,119.06349401582804,16674870449.079014,0.0
3.184987372722361,0.0361300105601764,9.053439109316342,0.0019961466226166,8.087989629843289,7.254614478470619,0.2918715174389792,72.4043612469699,10732179950.67407,0.0
4.514099317614643,0.026107331185523,4.853906341317587,0.0383067326154645,4.785697610365298,2.352078766128182,0.3118683588570031,98.6858401784261,19574013585.16431,0.0005050807433573
0.6408288080855089,0.0539543790075539,7.385298648137548,0.0031288147508216,6.174724469268828,3.093837076630672,0.0862092377425879,92.59282188880698,11667922894.959042,0.0
4.180269888281013,0.0206848935234771,5.188415394925899,0.0390079716400036,5.262454104035391,2.926533280879026,0.3155188395941067,98.48721910127222,19798326940.01738,0.000513405229988
2.121271987292433,0.0659361456036086,9.352901402734714,0.0556695543203115,6.999186182896697,4.875720243737149,0.0684493709452631,74.01448880683988,9979424315.248993,0.001229609453221
4.406027573576082,0.0933243275036342,4.169638039272039,0.0031876162374208,2.231822602342501,9.70925199552858,0.4778334705065506,104.61038596989664,13966227866.14453,0.0
0.7470028296508959,0.0161903258567689,6.421783883656582,0.0162417912197963,8.351979116204927,3.3174479924231504,0.6795461355780376,82.88814845943324,15434870884.837317,0.0
3.334951135725796,0.0489927508808137,7.183122179392811,0.011402997278639,6.6703515759623775,5.945519064866621,0.1317955254829311,68.29028883758365,11540101798.054958,0.0
0.1584889459458268,0.0240425222281379,2.599776418778473,0.005502932013262,6.384734413567231,1.9171998551204628,0.7131007899728993,72.80225172658997,12984773617.439491,0.0
2.7522189598201363,0.0357795882454295,9.257909930547344,0.0085070021410402,7.576221143919215,6.558229761964132,0.3248841493952181,96.67704813531954,13859142634.965967,0.0
1.5083344009660444,0.0403462973943447,4.9702435648337655,0.0525031089945436,3.750701133422512,6.643548441468633,0.1899895848870317,71.18056564585338,14860965170.5684,0.0008726402576429
2.041773292434792,0.0735859707288944,3.147544060780988,0.0188274143405993,2.0165010041438656,3.93328224595517,0.403035397176731,101.18712961002196,11806530284.224289,0.0
2.687345524347196,0.0423593676152126,1.432419928454425,0.0038725692559132,3.616387022628257,6.341081737158901,0.8330913568158655,119.02835874638764,17735638257.42504,0.0
1.191936116394814,0.0356439074452572,2.273551056208626,0.0143832412603972,3.597987586902604,4.662028109795814,0.622624830109765,119.45426283218842,18502941547.845543,0.0
3.604188922488964,0.0982041760264401,5.193821894643813,0.0031336876756036,2.5045091474320924,6.417311703291795,0.8490878147587476,122.2351162731333,19849417794.29434,0.0
1.602895520806759,0.0477007463167316,2.0098495772957645,0.0092431099520734,6.949736513246604,3.630184880010873,0.5211640787636873,124.16700700194431,14283121980.047531,0.0
4.445555478153912,0.0754443808245377,2.4966388479394,0.0275601695830599,3.160574246920447,2.962851109505092,0.7557922901171883,66.68470595113781,16606438016.559502,0.0009086674016161
1.785684527854066,0.0132418028385729,3.3162778342662027,0.0033213590234547,2.331618316148612,4.151631764957537,0.1577027004343086,81.06939863495533,13182934009.37859,0.0
3.15923264013579,0.0689993125207836,7.416636559078458,0.0062031682046566,4.309852736596022,4.339534454422083,0.6953383299360377,124.0458492077512,14115805524.6503,0.0
3.880305822264617,0.0681694441403965,3.3722403010856574,0.046520540020384,4.763605381800192,2.797730856221427,0.4644029639504804,125.32243505183538,13646959481.53117,0.0012280533604126
2.3153211781466343,0.0525110329424552,7.406009037459005,0.0126556658421188,3.3905529736096267,6.319288553602327,0.5173779024287443,84.37412405156763,13525779140.545164,0.0
1.5113360146136985,0.0835782334846254,6.373874781124529,0.0178127144082965,1.6339128044727516,4.230422751652327,0.5878044738955274,117.5793910380868,18274571904.90193,0.0
2.5504106102281074,0.0622442942082002,1.6979802761145864,0.0099350347565141,2.3513383976268694,3.871731788733757,0.4908015798567622,109.58193735550137,14497947546.986856,0.0
1.2559714330923335,0.037905065418765,2.284087545939384,0.0034163165530875,7.132480977396562,6.896406115395378,0.8055737768423981,116.11171221840216,15776056611.406103,0.0
1.897542331251283,0.0103965844782466,1.2832298374978608,0.0070223290436158,3.436504972610563,4.211685744355775,0.0162654050114271,99.85894712523768,12341217005.408253,0.0
0.9591682912996412,0.0348909555021413,5.405641753339656,0.0080093213331333,7.361317302559684,2.943632506042296,0.8362481363022779,121.6303690249986,13844457728.127296,0.0
3.4051726931807256,0.0731816346098635,6.173507556202609,0.0536390421645436,4.833307883331871,16.31937391430435,0.6367228726940483,117.88386129708992,16723469347.418425,0.0006806062610949
0.158911653300487,0.0097145625501509,0.9572558914924504,0.0203903057488951,7.0694825821802265,1.8677550974559645,0.7349715999151859,95.9535890400184,10575750747.569328,0.0007376329691617
4.763213941116633,0.0852717639815509,1.566281357202388,0.023229321229528,2.4199663819631847,3.9316665599086456,0.1366633631702927,89.10573961531833,16364290228.41521,0.0005368156109714
1.9954193218610463,0.0915944011009933,3.3170304765583816,0.0086138684540156,7.808217449045786,5.917669864336654,0.3935351715312069,104.32643772954752,16086926703.410656,0.0
0.5178473172818909,0.0187380775458729,5.238715916277084,0.0019927946571401,6.575755633040064,2.6428244161725143,0.8218734487167018,82.6754896148168,14760240675.36541,0.0
4.215316436342596,0.0760063200470151,7.244817499013759,0.0331654918075524,1.821154663414994,4.590561922435808,0.7309177949223694,97.69541508018646,10620723557.080286,0.0007268140646819
3.526433749565708,0.0908058218752968,5.075697174190141,0.0527857936767601,2.75692916364139,4.943427601053956,0.6890111266758324,84.31265741644985,13605474194.702663,0.0009345396006309
2.167204597413954,0.0436719892007592,8.396774197830752,0.0158745919464683,2.7626411319453625,9.370598003377069,0.0856447857186843,94.43335251628012,16398749403.473167,0.0
1.6237438441631296,0.0336831468525527,1.371290526071802,0.0046018157230094,4.906196070000295,3.35291713640549,0.6399078047072765,117.62346273388168,18268507826.56105,0.0
1.9253607797641887,0.0379102193157988,3.427807116525657,0.0222590933525109,3.9926686126615487,3.0917361906447347,0.4757675768884222,90.86512267270848,14242420273.758308,0.0008349565800534
0.4668418950403923,0.0222926786366423,2.3847176169094597,0.0330275047424822,8.229854022147011,3.58742459331546,0.8107050265292584,99.9368569500634,13779152743.935896,0.0009035314165919
4.3783864122501965,0.0920607496842985,5.345073918685411,0.0017311959951759,5.129733341818295,8.505631120096695,0.2229836015379275,108.04560358612132,13613528164.320051,0.0
0.8093004289649417,0.0507121685027808,6.682064237772827,0.0309177875259278,1.598764155056133,2.109904783477149,0.3803882019430823,73.26023112314076,13409635429.96461,0.0005392870718277
0.9304482445551568,0.0673112129479676,2.759723261660028,0.0044298593017021,5.68892853913082,5.809422966285676,0.2381244268903751,89.67866666396444,10440619520.066422,0.0
1.06864712772296,0.0295898110200667,2.7795334338929507,0.0867484784308074,1.1891170305158234,6.284059287415389,0.796784926876529,88.92500963829339,15021367240.930351,0.0005756516279377
0.909321538961666,0.0163530754016399,3.973519020278834,0.0068401970638909,8.52466162626118,1.1204659475484415,0.6066372742721063,90.73692208099614,18777258380.09073,0.0
4.663104424474015,0.067264309881779,0.545630455105936,0.0296583472874073,2.1362850718617645,7.400876558360642,0.8274527613946382,123.75214099953764,12625649396.949677,0.0012427701202494
1.880091935729868,0.0637531138801907,6.19468356205253,0.0103268148899082,5.333250757806771,5.287502395287583,0.8091831284529303,102.12432795713306,12341519323.020306,0.0
2.835593004230371,0.0683296054101603,5.1951522138209,0.0045838388713947,3.173730559548091,8.654768172726653,0.7524917737003958,128.53510511237982,17272630481.483788,0.0
1.146317740157491,0.0278910204268527,1.7542051304210582,0.0204962027865679,3.5964584286019785,1.023984637386556,0.8191051282854819,122.83422430289257,14728830128.197289,0.0014141011183882
3.1513252593679275,0.0396325592181395,2.5228602069258903,0.0535600438126519,3.031183856174241,3.2400062078397776,0.361766655958038,80.12554359137391,13507663772.124443,0.0014944139147645
0.158911653300487,0.0097145625501509,0.9572558914924504,0.0203903057488951,7.0694825821802265,1.8677550974559645,0.7349715999151859,95.9535890400184,10575750747.569328,0.0007376329691617
4.027681598080089,0.0233867825287423,3.9400741463884743,0.0111154032458557,8.362080698199374,7.9336243435778515,0.7581049867249195,118.33205383453756,18145980626.73933,0.0
3.00520019995372,0.0575065339607997,4.208664005583347,0.0264623865328273,5.021115672402259,4.525848718374739,0.5579524608663725,97.1794043538991,16545484644.021908,0.0007068446388887
1.749705139641604,0.0477549788100193,2.7286027125095984,0.0081330273635583,9.394530192375727,3.568569921034448,0.7092250911257308,98.49037333023917,13064290854.471125,0.0
2.3876227136337573,0.0836997720189316,6.629677150324326,0.0047919897450486,7.807931732921968,6.34923190276611,0.6820575647315154,116.48072604809546,19462404183.99165,0.0
1.213740204388696,0.0582287895373048,4.721091395547614,0.0108757019827785,7.178573525955038,10.145214735327098,0.4257505119319329,110.73153744911936,17876564301.698486,0.0
1.8012328319988982,0.0347537332335135,2.0592668993698893,0.0076919001715248,8.363444427068712,4.057877603191526,0.6701920018020163,125.03261992845653,14158387599.052565,0.0
4.031313782421162,0.0698139323599431,7.154269123289407,0.007149820789516,4.45055536375129,18.106398546737363,0.6635627116365442,71.4649673648957,9710339244.14364,0.0
3.828598312658133,0.0447661337215104,5.863656418593594,0.0178730835904394,4.951649341930264,4.561705463051521,0.8254950488429192,129.3597130999903,9394460401.618748,0.0
2.200916655275696,0.0466854797493651,4.553964116550185,0.0513789592106999,8.046505232391718,4.943821062294789,0.8056957004748758,71.15203799025616,11853007618.888288,0.001056435562136
2.2019245716941693,0.0430948046361084,5.974004344312985,0.024094950800446,5.823187605471718,8.487634741010824,0.838804622162532,128.88077581573108,9933062784.172527,0.0009693085367167
4.497226506288445,0.0600732943787056,1.3827916875565007,0.0110310037924399,2.332746894813319,5.651089762497507,0.3358056317183659,75.57154880044776,16190235343.843822,0.0
4.957919333536008,0.0379038675121342,5.716965586850185,0.0205888478506343,2.918844543239441,3.652453502400941,0.8006112499407326,112.5517906586876,12663724906.829063,0.0006416792631892
3.002745549075095,0.0449594572258297,3.994401954603628,0.0269636203832014,2.465820495787709,2.286978355815478,0.4392309309764462,98.161103918596,15099798112.147057,0.0008770707481932
2.8531332567600574,0.0516154403102511,3.9678695941143736,0.0050687789502969,8.79422686582631,4.075137203902113,0.1292616953651154,110.051013179435,16473850652.704288,0.0
2.9138627487258284,0.0589876344170304,2.741826507294176,0.0102419394859812,2.6763975659586383,5.452694585689071,0.5762218532540764,94.1450384214618,17957728324.452892,0.0
2.619827152967718,0.0793295317834299,5.334216948318961,0.0529930199833013,1.6416521918027869,1.6029500346174967,0.7456452135910798,92.83959237429951,17656595439.380646,0.0012472699110903
0.5891316654148874,0.0108859364930325,3.524635195260616,0.0042291353278118,9.780525027776536,1.4578728926380575,0.5984590509979338,129.8309107070382,17240821748.26318,0.0
3.8503739769155176,0.0439095668742203,1.4639368101801638,0.0379144592660621,6.833998589218953,2.1927278304267546,0.5207233000106583,82.1848633462719,16287597246.392937,0.0008693213383112
1.138060418795079,0.0194392379261467,3.714980973413506,0.0041358225311335,9.417254829712498,7.168456970385567,0.6842163892509605,84.03674503013391,19857796926.93554,0.0
4.009306542869896,0.0824457516695562,2.4193384505412814,0.0230105555460213,0.9701232731929628,8.660065376207285,0.6301419761284469,100.31429567710504,14757649379.14838,0.0008290086531304
0.707813997180885,0.0803703726692735,6.030673820605524,0.0144974228965,4.834463102146283,2.880805899708726,0.4232419399147596,103.64058145180704,16321405325.086658,0.0
4.030413931639298,0.0329112793650751,5.571124413716967,0.0232396880266519,3.7535704273910113,7.888172813666258,0.7171069240328665,126.79737844807858,11251840102.182129,0.0010671523080705
3.014867278275009,0.0459394265944389,3.94063330721246,0.0276138352449512,2.4651291908866817,2.273836212153957,0.4368861310895517,98.05463618761291,15111026832.762686,0.0008812292360533
1.2077719562037803,0.0257339516438253,3.9152364009303415,0.0075913214225603,7.779212320115031,3.561353460334173,0.8199271032421629,119.58216505961909,17074024623.812773,0.0
3.603214878019127,0.0716556385405574,6.809392535444887,0.0425271247993215,2.3878626658124227,3.7299012868199832,0.687863574663554,116.2652620575534,13538262442.25534,0.000741946907167
3.250506859715978,0.0736209137924942,3.4657299741199576,0.0108145007261036,4.208630179431835,4.943103175146367,0.5812549311398827,115.61929962939006,16107084808.588615,0.0
1.5002799348938318,0.0179324336116947,9.805855194583216,0.0328283412293195,5.8870995355638085,10.35385819807726,0.6974634519177177,65.07302894431166,16898675335.634377,0.0013815441111844
3.0214612900767244,0.0579803914839265,4.247628983996263,0.0262958218743063,5.025264724722636,4.420735040784358,0.5533810004017912,96.7348030361435,16501701531.221224,0.0007077711798625
1.7703894046211446,0.067233041292894,1.8456496603517312,0.0048349984116138,2.2005155322319574,9.10935935329202,0.3547039178848872,113.47919765097264,11097997135.808147,0.0
4.185216939501973,0.0725537113852087,2.061643191406923,0.0124876368208398,2.396180733843029,7.505019375551752,0.8284711839568526,113.5808784404458,14067894440.423073,0.0
2.215816660651408,0.0290767414611737,6.108515159344836,0.0218560573041519,1.900289892369355,4.095650117439663,0.4294760053617112,88.84436715735907,15484070924.95577,0.0008951499293922
4.02287964368964,0.0673707948739754,2.0810696141240155,0.074325506410444,1.175069853498853,4.213019203486899,0.5914384820033886,89.72333529114134,12130422308.59348,0.0005102701531777
1.4431717788839091,0.0275447081117884,0.891096431367537,0.0087474463019557,3.874806013998468,7.917436149336886,0.8213160382190775,115.35474025109836,19415218880.45212,0.0
0.7615438551532495,0.012475360144446,7.464200888510821,0.012467351834259,8.526959341731343,5.735232164368325,0.2786722536448164,125.55421373609934,18614222116.766747,0.0
2.3019967643034294,0.0219044294736466,5.4756528994292015,0.0133061214116794,5.486345918953363,4.387669074358756,0.799228327926287,129.1943191395815,9997568337.124125,0.0
1.324806653080885,0.0518585878131926,1.6189402713384464,0.0022823496705012,3.694862402931361,7.740263566993407,0.4069425779572191,116.34047615841202,12840304649.130924,0.0
3.151828267265286,0.084106474567935,3.8291817397959615,0.0112637652437529,3.727402952808065,4.577316290905777,0.5477863173583392,112.4886215716554,16401661866.288584,0.0
2.101221891717884,0.0436311192558272,4.54000576373984,0.0107245203791988,4.32029961965248,3.2533309982273444,0.7009465279316497,63.35354379525029,11671303569.61096,0.0
4.140844115772359,0.0456030066577972,3.0100170518345,0.0144606397239999,2.982945740065712,4.367076992003628,0.7023931406336261,124.3631154986071,18355063561.985157,0.0
1.0808328950413997,0.0272210111338468,1.916034290573121,0.007885899476315,4.381494680020606,6.236583004424847,0.8069660531502868,120.01170092189098,13599521097.945564,0.0
3.4595704184558507,0.0630273488891737,8.041049903064165,0.0016521956322808,1.287617268102463,10.227946001792017,0.2895975037677341,112.67352816533764,17078464931.549854,0.0
4.593839868415126,0.0921323331478,2.4773389627308497,0.0057578757155707,2.431547123578948,12.356122104018768,0.1461040212155228,105.728636362958,16126971530.308905,0.0
3.613741158042943,0.0594821407689414,4.719938332375482,0.0848878178883319,2.763667707122461,5.091333526944859,0.6824312265282294,109.87209180033642,13920618481.44873,0.0006834395050288
1.3536818160441737,0.037102640990941,4.053216771573424,0.0047286846156723,7.474516688678571,4.048118517850805,0.7659256576278523,116.92253624669176,16461514365.88943,0.0
1.989105445849676,0.0177041560836308,2.56444698036451,0.0121358422224943,6.852877744412582,1.3764510014476417,0.5257973264368869,116.44942257740016,17818083370.670876,0.0
4.030413931639298,0.0329112793650751,5.571124413716967,0.0232396880266519,3.7535704273910113,7.888172813666258,0.7171069240328665,126.79737844807858,11251840102.182129,0.0010671523080705
3.043683231167348,0.0330535877015677,5.912174956702561,0.0128044964574215,0.1001168880998986,7.846546108506144,0.4207438143783181,124.47976134445474,10468832787.565382,0.0
1.2320120138262334,0.0249707185616266,3.77154694550504,0.0077494473468733,7.817737492440822,3.49332758453776,0.8236069614825839,118.94520431240636,16713258589.285269,0.0
1.6857520940446855,0.0161003767937012,3.332434597325763,0.0064343947357752,2.276855508357055,4.197873445662159,0.1549060209662655,82.10532265663508,13237753870.722277,0.0
4.333749344357811,0.0335970775108446,1.3339654307455169,0.0572115700940022,7.217925428382243,2.807878139711376,0.5285831883798433,68.69989752090937,12495106778.759254,0.0008443656721036
2.8835406228630083,0.0443326786202978,0.7474291043450831,0.0504321746746554,2.5180417465880747,3.650722762825095,0.6498606394148526,91.52223096964693,15739270745.801975,0.00082399792564
3.496546236824857,0.0488626070899112,5.492858886025223,0.0272588824788133,1.9097356907295135,3.568229161467781,0.4691872333175237,108.6697715487074,13539507760.92316,0.0008379570681668
1.3544093045352947,0.0471640279896706,3.228841756624035,0.006882036013561,7.46793403190387,7.929350835483682,0.7098720338542698,87.71145671701032,13800218319.05743,0.0
3.2905921377659464,0.0462992457001662,2.9988920123982776,0.0027331080078012,2.9261212338282334,10.250100024612337,0.5859119827668471,91.1248730344331,14381412074.625883,0.0
2.9400832413145426,0.038425678226553,2.535677184977478,0.0045439426952779,5.1359090987816565,6.476008716572851,0.6014843551430339,102.2141563246474,16919786320.580282,0.0
3.5580564634023792,0.0868062611315172,5.243428215592573,0.0108173820080643,1.5519764527071822,6.24465124185089,0.8360535107225388,119.88063236247088,19350921726.59584,0.0
3.4361723260712536,0.0435890003941219,2.1908687641344904,0.0229127109260162,7.0037755164434055,2.861656947303626,0.8459219391035255,90.13949355109315,15264424524.199804,0.0009348412250441
1.7956600643420175,0.0541577457497738,2.313739265981533,0.00658820544709,9.953857859522694,9.282236081668504,0.6999979397054947,81.49069518062024,15863196520.486507,0.0
2.6106540425590605,0.0551503182184745,1.2671564332327163,0.0195910714225023,5.728195620502966,4.965400818744699,0.6905161260125137,105.86816816572724,13139127182.007343,0.0009800114257506
4.946587102767759,0.0767885859095417,3.147189587046117,0.0214700551750465,1.0917561886183995,3.9587374238051294,0.6850915533137724,127.02047801657602,17030907584.027548,0.0007418835795605
2.053587296960452,0.0698757156028947,6.389914457643108,0.0221472839034778,4.8427739504566105,5.444964643791081,0.7022716216665087,106.58246546573768,15280723923.990746,0.0006291176547086
1.5891827279008968,0.0587683789530549,5.249423225324669,0.0124861259056914,7.234047787510168,5.482534597488387,0.7890140264125087,112.47771670362022,18365798083.15036,0.0
1.3531923739334426,0.010918301678939,4.287927050684438,0.0415458383721469,8.147430015421508,3.7234750934331977,0.5843198531563635,94.3716907695739,15429236413.66647,0.0013592751591109
0.160963847940903,0.0252827588271725,3.9864673539380098,0.0491062008243202,1.4868782489684993,4.132153431948668,0.6879382531012347,119.31462857833564,14183969211.701458,0.0007136797781069
1.5083344009660444,0.0403462973943447,4.9702435648337655,0.0525031089945436,3.750701133422512,6.643548441468633,0.1899895848870317,71.18056564585338,14860965170.5684,0.0008726402576429
4.34656163626104,0.0619150258738122,4.786927271864382,0.0056997233687202,8.369383200166236,7.768223438205557,0.6995873705929493,110.57595328344736,10934047905.442308,0.0
0.5994952639220175,0.0187984702289722,2.4497224142289777,0.0082123935016167,7.4223123979172465,6.245592278364543,0.7998160400936201,117.6130768767931,13812699472.768423,0.0
1.4431717788839091,0.0275447081117884,0.891096431367537,0.0087474463019557,3.874806013998468,7.917436149336886,0.8213160382190775,115.35474025109836,19415218880.45212,0.0
3.627114027004041,0.0985207442571878,5.222433628900929,0.0026985411698132,2.509323041869251,6.410711348159609,0.849063374906464,122.18792165070856,19822476524.05297,0.0
3.16586173382873,0.0530479516128066,1.9702657861653896,0.0023036372114808,3.810686766029578,7.710966941154416,0.5037849178122646,118.81013097562004,13084772603.62658,0.0
2.096855588566485,0.0948330284893133,4.247117740536485,0.0085672304747649,5.0872808024149725,4.556720187052472,0.6184528297682695,109.3802718493769,18513052046.63789,0.0
4.689549834255216,0.0855335003753854,1.5033888280106775,0.025002789879314,2.30576953301398,4.215836247819202,0.1517596350512768,90.7482615984834,16325738663.850248,0.0005469582593493
1.2329598374509907,0.0262762418383282,3.9320291438474766,0.0087093997733075,7.732473609425891,3.516797038696495,0.828501214569966,119.06349401582804,16674870449.079014,0.0
0.7313100512962553,0.0565909925526973,4.385810775606934,0.008563957345448,8.10149722143755,3.916316964047764,0.5186902277077243,112.96495739218004,13519894493.18246,0.0
2.4746610072924518,0.0998236315445978,2.1265858092681778,0.0215489535694602,1.9046882584904967,7.681801281016735,0.745191777891731,114.21611282375096,14531385583.994854,0.0007171710344912
3.766762535786609,0.0713016163119536,6.427622723025621,0.0465999460228172,5.73338468688516,2.6707686633428978,0.4269800536423708,69.59405689060138,11834762596.560246,0.0005836600842634
3.87480540000032,0.0987344419460435,3.049161412076518,0.0017476961833113,1.666047495788558,9.112934661759386,0.7872724383561707,116.23955487788776,14838587142.688732,0.0
4.178454992639048,0.0775691484734112,0.8835265959869801,0.085156666443256,2.4589052709823838,1.2960558059631424,0.6506921590932082,118.74336877975024,10773846363.931623,0.000670494178541
0.3506254651953732,0.0182880689170353,2.7575624609176645,0.0376400014020243,9.92259853812786,3.158375225213718,0.7979097050588831,86.02021559742062,18654748714.35909,0.0011707401756991
1.6822251228725085,0.0546461926745796,1.0320904485805988,0.0068100371656525,3.7254336942885655,9.131321839884588,0.4318405888758017,119.57514253345624,12701085764.387815,0.0
1.094279417432869,0.0295983309851274,2.1836532402839848,0.0098694455029407,4.253348752797704,6.302713855951694,0.8161936166643512,120.33631160846616,13542465039.518082,0.0
3.653653889532536,0.0181386229297439,4.994642313494775,0.0296804724766615,2.8365334058791776,5.7789717234333065,0.8248049238604033,80.75757498809904,16759558519.713938,0.0005876577846769
2.4699720916113037,0.0174526528157463,5.394688498506231,0.033779856545937,7.99279217994729,18.040486823823624,0.828393989524995,72.58289398165758,16728868128.597189,0.0008080489969318
1.0186710798362242,0.0353476463061558,0.3743612446455594,0.0967272923510887,4.256888739187979,6.621423482397517,0.7895755463814406,104.4727030236043,14119168894.71912,0.0006525254921969
3.0197632882902083,0.0326988064092635,5.858085597835392,0.0129293441560605,0.3125321455028945,8.067655640409665,0.4098464649306707,123.8841352297672,10446863423.975954,0.0
1.7509401036674623,0.0155784321295669,3.4056188750806755,0.0067469733752697,2.159399371841765,4.720817724043024,0.1594471330261458,81.57587282482544,13216989968.717651,0.0
1.2187000402802357,0.0250492610716462,3.763808184113397,0.0076701538955752,7.822657126141332,3.48596552713873,0.8236177851051735,119.02345629390312,16713810578.181849,0.0
1.3065984897601255,0.0399943601284948,8.507803906620142,0.0070721417369084,2.281486342454303,4.8469626816452855,0.3353371833678083,74.14737160459211,14438986162.965197,0.0
1.8054788430248985,0.0424265340588123,6.1640474670871495,0.0217722189153645,3.481895725536816,5.564185082222138,0.8178253419733954,122.460512713081,19146243474.721703,0.0011337294763419
1.8936642715500616,0.0711397711860725,3.8449213038813457,0.0290600641910445,6.164853088050579,8.862819843543688,0.7855961981387164,126.31583400501216,11772805322.146404,0.001240047227228
3.209030130587092,0.0804400816671095,1.4310126573661022,0.0046394988186422,1.916504822267917,10.687741218227451,0.8284833362668478,106.4478118851608,15912519679.322935,0.0
3.005120065640108,0.0470181563987739,4.149944456964619,0.0269368548448569,2.1219672552474087,2.3918150563694747,0.410562996115464,99.11362589922808,14883954921.792488,0.0008918440941994
0.3488307584558026,0.0613228430994124,1.2666863721860546,0.0131736208250234,8.086384868341902,2.3188239446566103,0.66595702003288,118.21490258388096,14226508309.391798,0.0011936944655021
4.690365660861902,0.0925848158159962,0.811173587337953,0.0761170456784837,2.1943320601847445,9.568701909355283,0.3606485144222907,111.80026593692072,16624539538.499563,0.0009713059208442
2.6029354544636094,0.09455460734659,5.343185709618581,0.0029939461978022,3.995966378067925,6.490443565578823,0.7954304229345864,129.581435972521,19398849546.99131,0.0
0.8943352679184096,0.0261682117894546,8.491397877377585,0.021196527098922,6.403058742888263,4.894588287586217,0.7014095724925448,60.01721495136813,14873131161.404572,0.0008240910941809
2.2840317591817745,0.0594364092896601,1.8532987723168504,0.0195177111706281,4.368766624087294,5.950757242016982,0.3488490293623263,104.21895963581174,11392412621.57582,0.000520598271257
2.6570712602949493,0.0455365473665644,6.978085950177213,0.0396285461936514,1.2176111780361984,7.657299609767903,0.4511656995656619,103.84299754815297,11260651019.390043,0.0007137899239815
4.344436264142935,0.0552209385143664,6.488533535850473,0.0080647250609254,2.5471968544597927,10.671432205875536,0.4151291232677819,82.88680597314708,12512710861.529415,0.0
0.8314906611003984,0.0210024878149809,2.551763865736833,0.0413474589817429,9.615184762722192,12.402585365448925,0.1879005979750968,71.71586359061051,9045589815.680862,0.0009681438962015
1.9287091901309208,0.0787276237102133,0.9443376129452944,0.0146808695803568,7.277359964372485,7.985828841880748,0.8329510363669812,117.56940699776288,12303323189.0429,0.0013932844451426
2.886106588411431,0.0250518260334309,4.041020561718532,0.0451062044458384,2.4828981694448915,6.267123168951528,0.7176368930935259,117.98854273170016,10386490091.35377,0.0006337527326216
1.3657949388942343,0.0756144113193475,2.3442322394560176,0.0253070665300132,5.227051302937195,6.749958160429475,0.8206690064993474,122.09145558973457,15012606569.107038,0.0012519653877663
4.594635034998073,0.0391814872681721,4.95120999275494,0.038610748876118,2.399611308154443,5.516193179545936,0.3105606712081408,89.2044211687285,19039758441.972416,0.0005211940152071
3.854063514700717,0.0873988975866265,4.403024198183402,0.0454208404038685,8.321415886883416,8.90676759838987,0.7671576297867818,121.1855402417596,15857407500.731176,0.0006698717547529
3.556616181642254,0.0621420961174022,0.3652888697824507,0.065736194630881,1.4982165428781038,2.079749361316378,0.5676638978556163,72.9216550951175,18368732125.047955,0.0010966396873907
1.778458821032385,0.0478595948486123,4.588957883406574,0.0304964618922962,0.3937890954181767,3.7612638733585486,0.7284543093903413,82.06089765989306,15548818621.17302,0.0010731918623516
0.4805524080610972,0.0241708093860201,7.109262842919513,0.0027309994937834,8.987918301408696,5.311393877478427,0.6614291385688233,104.10606648810928,16696645007.31107,0.0
1.1379279993783693,0.0195820740530729,2.7132084402130947,0.0155714703340965,6.7402113119737415,2.0524259065451687,0.6255206726949557,83.46835549557498,19960109452.39619,0.0
2.948531669830209,0.0223599694865932,9.426108310376682,0.0359639504764276,8.887801719855572,7.716892724026694,0.2565134641139276,127.42813271505584,13501308742.17934,0.0009875685387246
4.879852000648555,0.0790225227501326,8.082008561521064,0.0606632308984377,0.5984968938798526,3.585154456125297,0.7811890549713109,95.4252229793428,15071734065.640083,0.0012682582459236
3.3651036148618583,0.0982688363581751,6.323293606471695,0.0060899070742529,2.1116741930042786,9.617361657318108,0.6872810096917509,129.72485250686267,19438670430.24705,0.0
0.5696199021129484,0.0400225777013059,8.184279853233974,0.034761945264902,7.259369770490655,3.713894306825509,0.622072055717759,109.82348863505791,13907951595.088345,0.0010917365521765
3.12822085784183,0.0812979066692616,5.162770307792557,0.0070449614450541,5.099966478016861,8.112822447068558,0.7921487695674756,118.8354972263424,18244133198.560856,0.0
0.9970985609350193,0.0255769202276337,3.96245625933424,0.0068610941176201,9.231443610990308,1.4262429019477758,0.5704277776295558,128.9684499643995,15954804184.1958,0.0
1.3655006226555677,0.0286978585066887,5.305200626421,0.0086775920589087,7.155260527955604,4.265681194696739,0.7240160029936208,104.56043687433244,16520963306.491938,0.0
0.6970620926731196,0.0148294014638884,3.69564607669265,0.0215826795083318,8.802465289113275,2.1041480699849657,0.8123641393648197,109.68155915535868,17240240535.370853,0.0013029386862723
4.014792359511879,0.0928172859128094,2.59294528434061,0.0420535149018739,1.4023326782419383,7.541841145473143,0.7323672654683661,116.79357058287572,11125960775.889977,0.0006287250077585
1.3953972947927304,0.0106378488143672,2.903697006101197,0.0036417077419433,8.468476038504843,1.1367917046479068,0.6316124091776657,107.14106462126756,19756743300.405018,0.0
1.3408979798626144,0.0469042047432931,3.276554863173524,0.0067129028931959,7.454426482464445,7.853861232288721,0.7138560558631242,87.82695143554155,13808170942.43684,0.0
3.209030130587092,0.0804400816671095,1.4310126573661022,0.0046394988186422,1.916504822267917,10.687741218227451,0.8284833362668478,106.4478118851608,15912519679.322935,0.0
3.117665415568313,0.0850538183610568,3.7444284101414542,0.0146104514218759,1.5091138550536107,7.995509959948288,0.8407749558992016,128.48229244461913,19200807940.788246,0.0
0.9798709098306512,0.0172516446898316,2.702270029035902,0.0110269556391422,5.619304939745351,7.717424679240436,0.729864219400573,116.4748036840702,17998075272.017605,0.0
2.574427254849997,0.0825984548808489,0.1246484850373628,0.0428802515733471,0.9407978268663828,6.901703859111916,0.8033821879759457,91.98373095960714,13272413496.175158,0.0006994913920337
0.3519442853829735,0.0504244171765466,4.142102269365196,0.0232727538004595,8.696152345528459,5.414749952845868,0.604562739741521,105.9996502804772,11363463300.06194,0.0007235344177812
3.4191888164919657,0.0989544890028252,5.090993126782986,0.0246866003842498,1.665326686199046,4.121914986162459,0.7047600679585704,111.06267874839818,13335992191.391544,0.0006617719299252
4.317739230760346,0.0759726070784527,4.221465415246363,0.0450756920836855,1.83326655842446,2.753177650079958,0.8074142234596472,122.09131227654728,14072511178.49673,0.0012207911948111
0.697935194891891,0.0315780834312109,5.952497549373335,0.0239879098287345,8.172152523041365,1.6797179831389604,0.633818536613882,112.52335705730684,15725780337.325302,0.0011454538998134
2.9400832413145426,0.038425678226553,2.535677184977478,0.0045439426952779,5.1359090987816565,6.476008716572851,0.6014843551430339,102.2141563246474,16919786320.580282,0.0
2.107864111052931,0.0835461714009963,2.7717894722170477,0.0075428614030435,1.6021039789734886,4.673991171160309,0.7366523338863604,116.4365197295512,16923968498.688486,0.0
2.6769362243399226,0.0901622589606826,3.815515727499923,0.0023187106582449,6.759488543600411,4.4083940522295935,0.6816469537166414,121.99906164735977,15338528883.854055,0.0
3.78822030841182,0.0300746111945782,9.755078755895006,0.029143281835404,9.453999113682052,14.360041030158584,0.5990371318066433,83.59313866525848,18836940876.515457,0.0013143247807335
2.3695422855214967,0.0998012008073602,5.783566343352298,0.0984527344074029,4.863407064674584,5.4718326239211255,0.4485866570085263,67.03114963579979,18836157346.86389,0.0010387038328011
1.98979821880698,0.0177741662558977,2.5777214544093585,0.0120945887683798,6.85023696490536,1.390509586256789,0.5256648171758509,116.36533663684952,17827719695.867104,0.0
1.6119848157279602,0.0541590546106634,1.1623040202988986,0.0061154244674323,3.6845766045800663,8.943702624045153,0.4371598159305304,120.40979969793722,12686415368.137224,0.0
2.4692349397871567,0.0690566808260493,3.074847944281095,0.0385683760884253,5.217544112446661,4.431295126585471,0.3413785376929072,89.83999223072215,15173732162.347431,0.0008514819835651
3.4595704184558507,0.0630273488891737,8.041049903064165,0.0016521956322808,1.287617268102463,10.227946001792017,0.2895975037677341,112.67352816533764,17078464931.549854,0.0
2.521566338385673,0.0856446296618296,4.3561937860926205,0.0016007182291496,9.2292545878853,8.009344742738264,0.5266778029124363,129.90843432646878,12852844155.392525,0.0
1.2656169750241877,0.0267967773396396,3.6917152384629177,0.0062963436477534,7.668855490879269,3.4580929921948687,0.8211202033441922,120.09569091935244,16543343491.051046,0.0
0.7288423529038918,0.0223142259764356,2.402427327144088,0.0154945933629097,6.246872352274233,5.876176216102869,0.3836248198571255,73.57600879166004,10422136720.007792,0.0
4.497226506288445,0.0600732943787056,1.3827916875565007,0.0110310037924399,2.332746894813319,5.651089762497507,0.3358056317183659,75.57154880044776,16190235343.843822,0.0
3.3422385053706534,0.0992885727502461,5.595510116143626,0.0042077245568917,1.4141405155289934,5.583556148213247,0.4371149021032525,115.11414570348782,17199684010.85686,0.0
3.4083334605432167,0.0735393570553296,1.025145802686379,0.0022075944537001,2.4789276266320104,11.148106656307618,0.7112143031062825,125.28887546973814,9125366408.921667,0.0
0.9441357947041672,0.0076377135972505,3.855439633999096,0.0113756067383424,8.571786550191533,2.008534668397913,0.4713912629123301,124.967558612332,18810622433.036987,0.0
2.785662435850803,0.0166797499307901,1.8612536525628895,0.0074833800618643,6.973919773407549,1.913080154632416,0.2410252887798569,66.99229622454602,12320539514.851118,0.0
0.5994952639220175,0.0187984702289722,2.4497224142289777,0.0082123935016167,7.4223123979172465,6.245592278364543,0.7998160400936201,117.6130768767931,13812699472.768423,0.0
2.1281508500634034,0.0359065766742446,4.768948268868071,0.023128831222793,5.961582103037421,10.447298167027158,0.1324781383708161,95.76351369169628,10399613092.092566,0.0007474078126313
1.6034026133185346,0.0356047770447391,1.5234655436297326,0.003859714524226,4.992135285378052,3.820737122219527,0.592296507993133,119.08755875638433,18471699588.668217,0.0
2.020228762868932,0.0854037437825728,0.2565203325676721,0.0396002637749438,7.334033958011509,5.411451363534344,0.7015040726132421,102.59192218300718,10613788686.468468,0.0010522961696296
1.3706015890657446,0.0417409770770309,3.199678651711949,0.0168042270468787,2.49590186810591,1.825381970425544,0.7482269339506433,84.33721997282528,17514014530.73478,0.0
1.7854913431703627,0.0641346848027288,3.0131112596023484,0.0071448701522319,6.117599689320803,4.8125165268777605,0.7534958394016672,125.29485154433614,14339355631.93837,0.0
3.0915973345461536,0.0697009732940417,1.2680659193131754,0.0200522043685624,4.583402998956542,9.51222712241497,0.8054228219678895,117.03846458061066,14125746162.072504,0.000891411034644
1.2320120138262334,0.0249707185616266,3.77154694550504,0.0077494473468733,7.817737492440822,3.49332758453776,0.8236069614825839,118.94520431240636,16713258589.285269,0.0
2.014024316254956,0.0531245983059826,6.065476998469135,0.0067618612014106,5.824121987020939,7.235168208729391,0.6619791530352157,128.53490974324194,18710163772.430805,0.0
3.5044583042203805,0.0854959109350654,2.865756926125105,0.0092271901289299,0.4152388322537228,5.848708432074786,0.6811073040704253,116.74514180562144,12359892077.363638,0.0
4.372880283158487,0.0926496497245403,5.4676505957048045,0.0030877134221585,5.061927260085841,8.898560836086482,0.2153287319450062,108.41346517562758,13752589052.792116,0.0
1.3511218150946596,0.0115507403182858,3.069878699493606,0.0041994843096158,8.61693785380757,1.2056865723135215,0.6284635956948712,106.38577327058648,19734080761.81443,0.0
3.083473883639906,0.0991447396554588,0.5226677288126601,0.0262699537821115,0.3051991695481983,1.362523165004065,0.6458331320567698,123.2942594030265,9186331396.66975,0.0006990887208511
3.539973979325877,0.0713107664277161,1.0918219031540013,0.0100786320009577,0.7413520958991441,3.7375738985425246,0.3796605502935506,123.44381749604644,11478679550.562183,0.0
2.435383143626916,0.0834130991580881,3.786389533364771,0.0426393393686786,7.476807412799434,15.601766900936443,0.4388969169090789,101.50001740307673,18438214942.4324,0.0013578530960977
1.7673807343378098,0.050293523019825,7.860340396181272,0.0412982870339682,1.909809856994899,5.617086005913935,0.7352689072088671,110.31446874882197,17729144838.648674,0.0007845093906518
4.818105121335064,0.0308385629965347,9.287175649142512,0.093396139729212,5.237502712350574,13.127508338805631,0.1847472103534557,84.15130140505039,18163630327.260983,0.0005508522356743
1.3957177400859089,0.0821125513080254,1.9301452842358136,0.0151960046080151,7.70926103322082,4.900311446487372,0.7996595634773227,95.6663350990478,17110654604.894669,0.0
3.337386202362965,0.087864888072149,6.667741858314179,0.0146508087032745,2.7403152235686847,9.616091113427112,0.7953759375948909,117.31106068660831,16732230898.9937,0.0
4.902897199152472,0.0667827064499343,6.046996357558838,0.0569364308062046,0.4906067745385337,11.31146178421276,0.497217697928741,62.5611045835318,12314573671.47624,0.0011601345382142
1.4229903552961436,0.0366460727411653,1.5030061220031044,0.0051535951829626,3.700979579344085,4.113874587495672,0.6467049623226104,121.75237122493633,17940618362.646564,0.0
3.5182656476156526,0.0857971265176498,2.615935189856691,0.0850301662449779,5.093706403438803,3.608361769671669,0.1670129621428722,95.78262152444437,13920998048.44491,0.0011846760203578
2.433415967473318,0.0272913768862487,8.834701424379146,0.0185988212620505,3.856271115645899,15.97773752946691,0.8297602886508224,125.73109406211222,9307255456.346453,0.0
1.2656169750241877,0.0267967773396396,3.6917152384629177,0.0062963436477534,7.668855490879269,3.4580929921948687,0.8211202033441922,120.09569091935244,16543343491.051046,0.0
1.3609677558901492,0.0711029870183636,3.0553163109002264,0.0275716238640226,4.911172535702799,1.287776765664589,0.8215611487588439,87.53002663416083,11176695801.348751,0.0008277774503288
1.1379279993783693,0.0195820740530729,2.7132084402130947,0.0155714703340965,6.7402113119737415,2.0524259065451687,0.6255206726949557,83.46835549557498,19960109452.39619,0.0
1.146317740157491,0.0278910204268527,1.7542051304210582,0.0204962027865679,3.5964584286019785,1.023984637386556,0.8191051282854819,122.83422430289257,14728830128.197289,0.0014141011183882
1.276842357083082,0.0497342053488174,2.060331397309098,0.0036667673576433,5.37394295861196,4.8792712133486855,0.4603271689873943,118.51536755386924,13626072382.056906,0.0
2.1281508500634034,0.0359065766742446,4.768948268868071,0.023128831222793,5.961582103037421,10.447298167027158,0.1324781383708161,95.76351369169628,10399613092.092566,0.0007474078126313
1.259452581775154,0.0475304845009596,3.2704395146287646,0.0064258676320303,7.483349952199285,7.4919353671213695,0.7149120386820861,87.53181704316655,13745363861.311869,0.0
2.9349745556308258,0.0805575534523479,4.906463569714844,0.025842207681152,2.093643859498852,5.506012606458126,0.6882780025718422,116.2346709970504,11491739001.208387,0.0005877526151035
1.3989777789274953,0.0287116075601012,0.9846600477209424,0.007151281244441,3.959352835040488,8.005430679525563,0.8263708148368468,115.76013104321882,19240671207.35607,0.0
1.2304879530685426,0.0704294463679881,6.355650741958271,0.0060844845327634,2.9113139825827243,6.250438635366924,0.5111916437987946,111.3385145550414,9481867565.535828,0.0
1.2270175155584784,0.0222150265388397,3.8596185020620415,0.0059357828255089,7.7859523460183935,3.2894032407068243,0.8179093030925201,118.95733504499184,16539827935.770573,0.0
1.2578407382479764,0.0393066787139106,3.2356624080405885,0.0144491103550445,5.074122277793335,2.214960477580327,0.0460742615416378,93.40368013842732,18834359611.30526,0.0
1.1305580976228549,0.0726861326092876,3.917884163634182,0.0091845700172422,4.798642314024823,4.522460809603508,0.5318165712536953,75.0738889528849,9558114187.353613,0.0
4.690365660861902,0.0925848158159962,0.811173587337953,0.0761170456784837,2.1943320601847445,9.568701909355283,0.3606485144222907,111.80026593692072,16624539538.499563,0.0009713059208442
0.6053711913583386,0.011872798884065,2.925215511456432,0.0032732061758468,9.90009086944518,1.544050098678944,0.5934422868536228,118.9178246673834,18407352521.71151,0.0
4.183553628798964,0.0749163746240092,6.677098781679209,0.0203438914421441,0.2846938966389659,4.104219388916571,0.7843801852420821,124.6579569305493,19421730190.705456,0.0008639239090893
4.833518697370714,0.0926588052968852,2.6240928437483597,0.0208204703943583,7.150046560057718,8.453279209141625,0.6714057274765368,108.11915318350653,11241257997.720102,0.0012813255206392
3.7220854277050255,0.0432189452857249,9.042100779440776,0.0458291117969939,1.5288110456404271,12.817146773198122,0.6376796356863356,102.18655371799694,19498628393.300148,0.001270948400352
4.030413931639298,0.0329112793650751,5.571124413716967,0.0232396880266519,3.7535704273910113,7.888172813666258,0.7171069240328665,126.79737844807858,11251840102.182129,0.0010671523080705
2.88157376057971,0.059141837112283,2.7021239988029464,0.0100702573945581,2.9627026486815566,6.040137383053367,0.5879336418209289,94.86121807798072,17664722459.744392,0.0
1.1703498480991326,0.0812597704450434,5.939999292570709,0.0037016316780003,3.888352076260606,5.686091429606258,0.6108166578088107,118.0076368953939,18301919393.354584,0.0
2.8214534632559176,0.0611654684220453,2.783861327665722,0.0093523232283407,3.011456661604446,6.200871766314072,0.5769068620835044,94.97182603726208,17666800045.02147,0.0
0.3014015777224074,0.0585122131166533,2.6946175648163706,0.0019872485886505,8.208933774017146,6.044427421569995,0.41875294343324,104.01201664306652,11522970509.711493,0.0
1.3658667739340773,0.0109640505556764,3.2766761850220454,0.0022209622868667,8.468537296020168,1.2995493307764003,0.6280165430547766,107.33281636603728,19585049358.465466,0.0
4.661103928169939,0.0843947767018289,0.4798535638385872,0.086036192718599,8.235329318196614,13.421385732726472,0.2065702721872993,107.56435645290736,12233763799.75255,0.001180284787951
0.6694895350820474,0.0118338335458801,2.866042478164186,0.0037839592473996,9.87867424853127,1.1337951468751015,0.6039106388593668,117.89554021354444,18434700675.992493,0.0
3.867755267718445,0.0228607733500074,6.129047875072938,0.0500596261035227,8.075430555557583,17.125428938443893,0.2288299248780146,66.51945306656775,18088024182.086605,0.0009163642863169
3.162885274357188,0.0228283156551178,9.00598633605992,0.0289738767855778,9.33465252942955,13.546616051044811,0.7285212513126716,120.43716982071984,16746467562.376917,0.0009992900693232
4.690560962288825,0.092576745785709,0.8127891997939993,0.0761304694068967,2.196073670688888,9.566028107117692,0.3605365776672153,111.80965863017266,16624311001.78106,0.0009710580358118
3.0041150602151223,0.0289030096066452,1.638329934055466,0.0237653036768762,3.316347079696253,4.962806765875378,0.7873082585048138,95.2580336934144,14010972923.870596,0.0012919471214318
1.9260785986746505,0.0600247078494047,9.04288833534439,0.0139000760118885,0.2253392718169669,4.0467605360557295,0.2354298403695484,82.7616438001435,9645337654.052065,0.0
3.5559948674498294,0.0592222603407468,4.860607941505997,0.0068246168748928,6.697758091994517,5.060219261987753,0.3636816625599398,89.824990095602,15126791997.641186,0.0
2.001627775237217,0.0823133796050615,7.722330091566094,0.0051860208363948,3.6834772533362248,4.331688860120314,0.6616257509043512,103.64340941386897,14366853434.610258,0.0
1.2077719562037803,0.0257339516438253,3.9152364009303415,0.0075913214225603,7.779212320115031,3.561353460334173,0.8199271032421629,119.58216505961909,17074024623.812773,0.0
2.322784712091579,0.0513475458792613,4.430653812913906,0.0346725002994089,5.192765491305578,1.1404086919341905,0.164399444690446,119.825845656414,9264629655.506536,0.0006920338428148
1.324806653080885,0.0518585878131926,1.6189402713384464,0.0022823496705012,3.694862402931361,7.740263566993407,0.4069425779572191,116.34047615841202,12840304649.130924,0.0
1.2224232758125682,0.0358002433858526,2.455506497732868,0.0149754634703945,3.879824125990514,4.6131555786510425,0.6194879214576083,119.43305633497312,18652242466.33181,0.0
1.3019452892858736,0.0851043158920839,1.742513574044373,0.0054744735754651,4.709667158862821,8.220377068440646,0.4344565335642893,98.45803995197696,11015169096.087082,0.0
3.938569768407693,0.0150634359022649,6.37909835827271,0.0912999893179791,8.552255631659284,8.107873975761617,0.8014868787733911,61.54139792349746,10972365428.663069,0.0012533336782572
3.91340794261453,0.0966675568056339,0.2575636852750723,0.0090837798992241,1.1247759785319666,12.570362270565951,0.4212210316004547,108.81350584506298,10576748216.380312,0.0013520121417172
4.548775366935048,0.0581451990556756,8.59274869170607,0.0844085211119209,3.419446279948521,5.898823641900085,0.6707494669831381,118.69409495824073,12974571677.749613,0.0014894042827805
1.335675371421439,0.0135878820873899,3.1156375855315828,0.0055220733658142,8.710310322394317,1.0687417628923102,0.638226518688068,106.99566002337536,19606771470.510925,0.0
0.3544205489662698,0.0455842782347656,2.3713498347969173,0.0138380013454233,4.529755574610106,5.961492882665453,0.4717567412339885,102.21071374195368,12697501806.132725,0.0
4.185216939501973,0.0725537113852087,2.061643191406923,0.0124876368208398,2.396180733843029,7.505019375551752,0.8284711839568526,113.5808784404458,14067894440.423073,0.0
2.2875581958406337,0.0132116606778349,2.7784570625610945,0.014778973252776,1.2061037196679247,1.924505705503671,0.2475849714262564,86.72156272763068,14607666434.22734,0.0
4.158197237179035,0.028881792555252,6.116258268941353,0.0077890429870469,7.477707284644024,7.017227731050905,0.1961581619607774,101.70323663129832,12741623470.59657,0.0
3.12822085784183,0.0812979066692616,5.162770307792557,0.0070449614450541,5.099966478016861,8.112822447068558,0.7921487695674756,118.8354972263424,18244133198.560856,0.0
0.158911653300487,0.0097145625501509,0.9572558914924504,0.0203903057488951,7.0694825821802265,1.8677550974559645,0.7349715999151859,95.9535890400184,10575750747.569328,0.0007376329691617
1.06864712772296,0.0295898110200667,2.7795334338929507,0.0867484784308074,1.1891170305158234,6.284059287415389,0.796784926876529,88.92500963829339,15021367240.930351,0.0005756516279377
2.3082427239348133,0.0219708327013154,5.472571707269157,0.0132913276808845,5.483421427413343,4.392450688137446,0.79901632222676,129.19294971217334,9999937444.439589,0.0
3.23931108351071,0.0632655154178259,8.088234163540205,0.0289099317717246,1.4273870814121137,4.5711344631907,0.566240631389702,95.31436510432847,10794621173.383526,0.0005801698852076
2.0964452903058097,0.0261619915886981,3.936711328217453,0.009725404500406,5.8426648907977805,4.090999572921837,0.7196078607531,115.0196501390592,17790299351.440838,0.0
1.3903520758569925,0.058572042670171,4.268838801530632,0.0196982707155141,1.072095631484253,2.3822079571561687,0.7402192339645206,100.48110129848529,12035543459.845928,0.0007537758662407
1.3356603696497993,0.0554536648654947,2.9280881947586264,0.0417117905412472,1.595464531214955,5.152417326288226,0.7720273461882885,112.36679061916962,19293553909.52473,0.0013566342769477
2.036817467549303,0.0732499523271556,6.49083044795979,0.0219535707692025,5.180669833834565,5.342511766369137,0.6982788217496302,106.42587803686509,15227536931.841429,0.0006321314711717
2.510019739734785,0.0592044178024992,1.4026876330775848,0.0190325871252092,4.367987579581266,6.1788971246364754,0.324063247934119,103.30185652780092,11219408962.06774,0.0005335386994696
3.938569768407693,0.0150634359022649,6.37909835827271,0.0912999893179791,8.552255631659284,8.107873975761617,0.8014868787733911,61.54139792349746,10972365428.663069,0.0012533336782572
3.604844412379123,0.0983456361566742,5.205522674785732,0.0031261546237828,2.518063926118824,6.409183686039398,0.8478653254982371,122.17251644709074,19844047984.267506,0.0
3.3571725011754987,0.0236744971857832,2.548843209755143,0.0028463884630466,7.319153617441107,2.632986206062578,0.729786546626832,72.15274924455056,13298526573.18026,0.0
0.1784350575539987,0.0240514169050534,2.6162079883669134,0.0041518442003332,6.360580514687392,1.9525428728987908,0.713370037676123,72.80832499537539,13002480129.040316,0.0
3.1832427807908146,0.0979690626361891,6.015741363028275,0.05189410792107,2.688175334115071,7.157140118860823,0.3738389159764929,110.4938646829658,11689734429.979765,0.0005883915113758
0.5891316654148874,0.0108859364930325,3.524635195260616,0.0042291353278118,9.780525027776536,1.4578728926380575,0.5984590509979338,129.8309107070382,17240821748.26318,0.0
2.349191728764986,0.0867351014059976,2.504270205373479,0.0053067540930889,1.994453578829708,11.168453196304068,0.8104511623674856,117.50501902707724,13432785555.501928,0.0
1.645145603459774,0.0338224977624793,4.709935399896667,0.0284622053560679,6.206190970513996,6.110189677469234,0.7002591752612687,127.99139519118924,12698648803.66666,0.0010860889274618
1.4022064710023905,0.0250685124967379,4.276523207017821,0.0101674509261524,7.089575612813168,5.000415978101919,0.8341962808802155,120.4326844098315,13845203600.142435,0.0
4.190565738667977,0.019326966008122,5.225690422617197,0.0389914873884173,5.297358599938543,2.925534883452864,0.3128076744738752,98.03745521842444,19592995551.345085,0.0005083883807904
0.3506254651953732,0.0182880689170353,2.7575624609176645,0.0376400014020243,9.92259853812786,3.158375225213718,0.7979097050588831,86.02021559742062,18654748714.35909,0.0011707401756991
1.9181923297013328,0.0323258633752486,8.862183821158062,0.0224900198870012,4.208989540489258,4.210297109463074,0.0951805174081932,86.73252385624062,12895284496.888092,0.0008539690048497
2.870136517218748,0.0669402535185769,3.629733452418708,0.0047464098467528,5.14342040076466,1.8167458205813023,0.7577195631827153,107.72755997107237,9113515769.942509,0.0
0.1784350575539987,0.0240514169050534,2.6162079883669134,0.0041518442003332,6.360580514687392,1.9525428728987908,0.713370037676123,72.80832499537539,13002480129.040316,0.0
1.0186710798362242,0.0353476463061558,0.3743612446455594,0.0967272923510887,4.256888739187979,6.621423482397517,0.7895755463814406,104.4727030236043,14119168894.71912,0.0006525254921969
2.2019245716941693,0.0430948046361084,5.974004344312985,0.024094950800446,5.823187605471718,8.487634741010824,0.838804622162532,128.88077581573108,9933062784.172527,0.0009693085367167
1.3885114489245305,0.0292312081941522,2.799978564589501,0.0192562172650674,8.844288822693034,2.9014936668608717,0.80929335483231,123.97023437545532,13597650556.623043,0.0013822558521502
1.4596219077859545,0.0333181595630862,6.502295929826779,0.0172468819760187,6.358890098224849,5.099842712097359,0.8412529905668664,127.47406347424844,15059199452.626184,0.0
1.8901505549023108,0.0806793620160715,3.67447220953466,0.0219805639628818,4.112619719517887,4.574875040976743,0.5073157869370482,86.8902478290316,13751529698.08189,0.0007730295843487
0.9304482445551568,0.0673112129479676,2.759723261660028,0.0044298593017021,5.68892853913082,5.809422966285676,0.2381244268903751,89.67866666396444,10440619520.066422,0.0
4.988064742641212,0.0643301040522746,3.654803349217195,0.098909605892114,2.4832853323870343,2.227357502602942,0.7940688027169643,78.63673104041956,10466805462.854095,0.0009969439950019
3.3641370182835586,0.0709303440937607,4.263620336048102,0.0106374846501305,9.289098713282208,4.890384250617514,0.137267698887875,109.37964517770966,13740758732.793867,0.0
3.513187351975135,0.0615668323547721,5.075521057428292,0.0029661278881432,1.1346581226506314,2.717653816516509,0.5463505777159434,108.34881574939187,9021590356.618732,0.0
3.0183881512999857,0.0579797900355612,4.237854655232852,0.026481735022538,5.004674254853718,4.405643592005413,0.5533796555533267,96.7875919422982,16505360868.159452,0.0007066362974957
1.3356603696497993,0.0554536648654947,2.9280881947586264,0.0417117905412472,1.595464531214955,5.152417326288226,0.7720273461882885,112.36679061916962,19293553909.52473,0.0013566342769477
1.7502816889907782,0.0155787044542697,3.406829497622675,0.0067643235516548,2.158848111957005,4.717970675716462,0.1594133343950497,81.55717362302624,13218115627.636316,0.0
2.5466557986342084,0.0583888480358471,7.360708973594191,0.0140942396391829,1.921418499290912,3.30285520034431,0.5074179130378331,87.08568494514265,13748601953.434746,0.0
0.158442516533411,0.0098083344109025,0.9559545868342552,0.0204312614527545,7.072023819240693,1.8754951906644308,0.7353587212386219,95.94717552318812,10569204035.514507,0.0007373354206186
4.231253803235439,0.0866060444225081,1.7007644313409307,0.0322277462967643,2.6860089373390936,5.104601473246636,0.8488060768252798,87.89371644813744,11884980765.491957,0.0006594516402662
4.6255891319277165,0.0544893825227517,1.0922375195791951,0.0293891404683256,2.377339136582289,6.293175300877711,0.6737609212527146,124.73674120909608,13676872901.277988,0.0014834432869982
2.001627775237217,0.0823133796050615,7.722330091566094,0.0051860208363948,3.6834772533362248,4.331688860120314,0.6616257509043512,103.64340941386897,14366853434.610258,0.0
1.191936116394814,0.0356439074452572,2.273551056208626,0.0143832412603972,3.597987586902604,4.662028109795814,0.622624830109765,119.45426283218842,18502941547.845543,0.0
2.4103195012540186,0.0480721510586761,1.252735159520571,0.017745632175991,0.7986477617971655,5.0041730924852805,0.5115336225601923,96.74111273541833,14746813380.403156,0.0
1.8693215701833377,0.04707308661321,7.747708236984337,0.0023797202662997,2.623386712290229,6.120676191515135,0.3944857825948953,80.57941092210905,9574890194.971617,0.0
1.5744443355006243,0.0596350355365543,5.307868972316957,0.0124911936363868,7.220725991505847,5.421414525919955,0.7872322556513441,112.9622059513494,18346710032.68459,0.0
3.0779778833683533,0.0753528219255267,5.00129630354308,0.0231751354887097,2.4350226926343144,4.850081681912008,0.6895027267383034,115.17294896107742,12691293501.02076,0.0005809291221078
2.8514313064262717,0.0516116258582322,3.950180995906012,0.0048055465581917,8.813516962653908,4.074815372056951,0.1286908749171723,110.03818986487062,16464053621.082989,0.0
1.2149974906397754,0.0264874146511298,3.1189272393768923,0.0210224723641073,8.125273720617935,3.5659003961208047,0.6541059830905436,94.4328131742723,16014312648.100851,0.0012631440792985
2.917289706057926,0.0688065163221646,6.918624107309168,0.0071112743573569,0.1440932731212839,16.59569690681604,0.7924686114996391,122.46380661091624,12739374953.533949,0.0
0.1370365073598453,0.0443496163021617,4.219327932079293,0.0017475870031358,6.935472730345632,6.0649433522827865,0.6355222831868076,114.51786089798983,18496292347.638702,0.0
1.4895611728628642,0.049903665155861,0.4008197669133401,0.0252672532954773,5.115401349386643,1.101499400910573,0.5191365172438309,111.8516225647007,9046199069.871777,0.000978015441898
3.54822737160271,0.0979146675666595,5.136867035697987,0.0017998203513858,2.3540375102021827,6.740761207773283,0.8472301105437019,123.11216518811334,19866958923.27967,0.0
4.661103928169939,0.0843947767018289,0.4798535638385872,0.086036192718599,8.235329318196614,13.421385732726472,0.2065702721872993,107.56435645290736,12233763799.75255,0.001180284787951
3.9760432606226663,0.0554646733757925,3.0117771796555988,0.0912704803746505,0.2673596875226621,6.1792983484951804,0.7641172695349213,61.20870585707023,10154325688.204647,0.0011487660249336
3.5511682685415598,0.0190920452259553,9.716671518880204,0.0362048361019527,5.877331996797055,10.81264527779456,0.6811827063617897,64.5534136227729,17018551860.397532,0.0006880077887861
2.177533312068915,0.0674842484669413,0.5078300167812124,0.0288169179322911,2.748573240415994,9.86739789881141,0.3986523559648404,100.5489783597438,12925116324.50086,0.0010608592849639
4.589320299029491,0.0659388038479753,4.687935369811084,0.0299187039988617,2.025741598631049,2.510358014720457,0.648453369331866,126.98593192217082,16811125708.558111,0.0008555701217595
1.728068663671866,0.0353290244878315,2.8687396742963256,0.0053764067432167,8.15688252537689,3.4766143779272407,0.7603697120482026,112.61548706321344,15506893802.27144,0.0
2.758580997380599,0.0188863685167009,7.586564004382691,0.0160462363244908,8.146844828363589,18.893757820312597,0.3095113392674658,72.92530921720594,12448073756.412788,0.0
3.018653984411021,0.0579949398177116,4.23675091930861,0.0264887031004265,5.004185875643603,4.407738660271598,0.5533044159205682,96.7918961316209,16505677794.550304,0.0007066587562706
3.717856755906167,0.0962227355697635,4.249642869154226,0.0500133831036719,9.913053116251104,13.976124976822282,0.7715127676792292,100.43435766791612,10413590375.933764,0.0006466414282592
1.481965247109336,0.0365102642056675,3.429589834263906,0.0188054002902227,1.3696672522173288,3.10555327207868,0.8443697669328554,123.3774619160809,19247443877.93022,0.0014155263262142
1.1371159696432902,0.0662393423025919,7.351368417725354,0.0354107185574139,2.908305871448395,3.2913288017861806,0.2860636379610134,123.9241399889741,10849777181.996525,0.0005006691571309
0.3519442853829735,0.0504244171765466,4.142102269365196,0.0232727538004595,8.696152345528459,5.414749952845868,0.604562739741521,105.9996502804772,11363463300.06194,0.0007235344177812
4.663104424474015,0.067264309881779,0.545630455105936,0.0296583472874073,2.1362850718617645,7.400876558360642,0.8274527613946382,123.75214099953764,12625649396.949677,0.0012427701202494
4.182006271406011,0.0748401115905944,6.681607558474342,0.020365731730539,0.2761918114763276,4.1317122841091765,0.7827891607745128,124.7222439774421,19439524364.60416,0.0008620236079635
2.7003223357968853,0.086732009923357,3.367111879798542,0.0148210507807128,5.54988017876558,2.8166476603946347,0.4585502131033419,99.96820807285744,17993404288.110123,0.0
1.9323761927782903,0.0600786998262524,8.959653454609,0.0141017929866477,0.185308866026202,4.274483853545144,0.2147297199850679,83.74433090616553,9589625293.18273,0.0
1.6834554383428175,0.0422788797887135,2.8978002102767637,0.0450606367202484,2.536399585120977,1.742599898533692,0.5038142469774071,104.96322919319844,10636738724.152887,0.0008187773645989
2.4103195012540186,0.0480721510586761,1.252735159520571,0.017745632175991,0.7986477617971655,5.0041730924852805,0.5115336225601923,96.74111273541833,14746813380.403156,0.0
0.2850845646295353,0.0138936683616319,1.303196856075273,0.0068050280637513,4.155648200568331,1.552248559149252,0.6930399568093104,120.58928546777447,17426438802.33795,0.0
0.9109981708961232,0.018670038182114,4.135019725595639,0.0196289752027827,7.926053477271886,1.8574053503286607,0.8118009149603687,123.20910854345132,16427331066.98217,0.0014550243674109
2.778003497727332,0.097814682030345,2.032875084906646,0.0084772033043291,3.051075498683563,9.25241277666008,0.8382590172890063,125.37015488961696,11893309178.808949,0.0
1.207451475585054,0.0257263011601921,3.915432108248096,0.0076028755670904,7.779384115494659,3.562775810660193,0.8199983684978186,119.5820574840027,17071765371.950188,0.0
4.663104424474015,0.067264309881779,0.545630455105936,0.0296583472874073,2.1362850718617645,7.400876558360642,0.8274527613946382,123.75214099953764,12625649396.949677,0.0012427701202494
3.3495973118858595,0.0237533161966678,2.565315013295999,0.0032874458289761,7.322873993318821,2.6135819860519574,0.7302873787579324,71.97302026212122,13313567314.733051,0.0
2.2114041734648926,0.0803356628569243,5.438970596294886,0.0753675776882955,8.598283794541823,3.3993669049193427,0.7675404065089546,111.54044219223243,17683868567.53514,0.0007219241121431
3.2481977569124494,0.0726721860850508,1.2424235286642764,0.0100162760183744,3.048319345606816,8.992538541891678,0.8241771200900136,107.30355714141116,15113285665.246004,0.0
0.8419939422676411,0.0238124158223507,1.8424876099831629,0.006445103890406,8.039261990757598,3.922045313202075,0.6984326621073724,125.45541018703152,13973909854.116972,0.0
3.002745549075095,0.0449594572258297,3.994401954603628,0.0269636203832014,2.465820495787709,2.286978355815478,0.4392309309764462,98.161103918596,15099798112.147057,0.0008770707481932
1.6505381265825552,0.0220921328962048,7.65253833626539,0.0338802819595086,9.10353984009422,5.90591859611197,0.6202258571383926,61.51913168936552,15476829742.324348,0.0012349922806288
3.6610365198494583,0.0110047261181809,5.708860786290706,0.0475885162973721,8.151408585820715,1.967854236210293,0.1463918536694271,102.35440037086944,19037158149.897823,0.0
4.692476986488494,0.0625028005433768,1.2060854464580069,0.0200698793577328,2.2584768560251463,4.933156068155644,0.5646909322618672,128.0471061655306,11234483371.398962,0.0008101980571195
1.5441322746734665,0.0726848416030918,4.51515678782021,0.0534157874573106,4.736327426561196,2.000601049918981,0.0891961317817563,121.94414261854592,9748861396.161888,0.000925222722863
0.7288423529038918,0.0223142259764356,2.402427327144088,0.0154945933629097,6.246872352274233,5.876176216102869,0.3836248198571255,73.57600879166004,10422136720.007792,0.0
0.4805524080610972,0.0241708093860201,7.109262842919513,0.0027309994937834,8.987918301408696,5.311393877478427,0.6614291385688233,104.10606648810928,16696645007.31107,0.0
0.9807011771146652,0.0386380316680174,1.4128011331960415,0.0252117393973377,7.789147733746724,2.624536836200746,0.695749765600299,106.6463244236743,15045830344.776287,0.0011264666111156
2.074973483426306,0.0967246802672874,0.9426435975625932,0.0150785141660456,6.97577785397531,10.923273217542508,0.8137921206914062,105.14808571433484,10782887711.008163,0.0007030543485945
0.6113974094673199,0.0851155900851567,0.2933727725758334,0.0467895307722251,7.483163081269921,8.550188024254307,0.7015480023619282,97.57297212585368,9654951907.772757,0.0009430529374117
2.070418445735968,0.0318360232771861,2.506369109253192,0.0040127659014248,6.375509920127618,5.246217265729496,0.663003030847408,117.40152067747024,18861461588.897667,0.0
4.3024749926183405,0.062406479257082,4.5356494596494645,0.0055193413417524,8.36594553746792,7.890359268089453,0.7033278635277941,110.0685696657146,10786448515.923063,0.0
4.158197237179035,0.028881792555252,6.116258268941353,0.0077890429870469,7.477707284644024,7.017227731050905,0.1961581619607774,101.70323663129832,12741623470.59657,0.0
1.2119380581238834,0.0167830552442106,7.118998583784657,0.0151386066273576,2.332314408590361,6.951663626524981,0.7228375546252639,117.3692340828224,17907376284.058624,0.0
2.322784712091579,0.0513475458792613,4.430653812913906,0.0346725002994089,5.192765491305578,1.1404086919341905,0.164399444690446,119.825845656414,9264629655.506536,0.0006920338428148
2.3031458025496576,0.0219384245909606,5.476588943657699,0.013312265728032,5.485520907367271,4.38178258970515,0.7995722821012611,129.20155157315747,9998154642.293018,0.0
1.2447004961334245,0.0386568685371686,9.319753914735175,0.0104733176066135,6.994382098457113,16.45633636924448,0.6811536998377072,92.53961504797624,17817237355.331142,0.0
1.5891827279008968,0.0587683789530549,5.249423225324669,0.0124861259056914,7.234047787510168,5.482534597488387,0.7890140264125087,112.47771670362022,18365798083.15036,0.0
2.615301641599424,0.0297060854613197,9.05913788674731,0.0388343369123364,6.242532486103239,10.019024556466812,0.5407506670670669,66.48277194385244,12638650652.823591,0.0011881000438487
1.7388362424021084,0.0341072602290894,1.3522213460231505,0.0042572791276284,4.98153214204856,3.471779927426603,0.6192472902413656,119.71179068284825,18237297548.98338,0.0
4.211730391921057,0.0632903659221606,7.910132959391455,0.0725398940195918,2.861543026649818,10.75335124196878,0.5144469554949467,115.80266019570104,16379978967.980455,0.0006492296978018
1.511160248700462,0.0228474190096805,6.0451906271963605,0.0042321388106836,0.6420458723119044,2.257659108621077,0.547845754742245,76.02608237484549,14142022056.492737,0.0
4.816327179857513,0.0487001603233054,2.545574070772753,0.0294722874106964,3.8676363234282345,3.613461389732093,0.57322357294321,64.80531053818675,19952020954.42935,0.0006659852034634
1.7062420248708277,0.0513299173591276,8.434721493894472,0.0028452262052862,6.518753090193973,4.352796813338501,0.4376266396269337,100.43500720332148,12203956573.264011,0.0
4.638102468607849,0.0902770277751419,4.6533137273018745,0.0092011444860157,5.036011089955305,11.065895195930718,0.3965591577252818,108.26491209951789,12073057841.575474,0.0
3.1336313766198143,0.0994492933737538,0.6083386806871814,0.0272444118500535,0.4018865928330772,1.1451041641045308,0.6552411095807141,123.74226991355616,9302290112.433662,0.000697330948192
1.6844222351084044,0.0542767997558652,2.3878964752012246,0.0043531078299581,7.172667940720435,1.0417520918386114,0.5703084167243556,128.47475664951992,16416676301.869396,0.0
3.1713201849652144,0.0683962056799272,0.3186665569610536,0.0068904794115118,0.6128588828145752,9.701082412001266,0.5685216466780356,105.65650455887726,19079111877.981117,0.0
4.891979913629887,0.0653506221047885,1.9408672065580848,0.0850976237012944,7.276681744079471,2.6670034122005646,0.4081652673393436,119.06813329072224,18493557617.056137,0.0005182069208486
3.024391152202859,0.0430150665759073,6.028153394848318,0.0636285145441427,8.588758050841975,9.353213722123552,0.3434837923420656,61.83574300809166,18357910725.75757,0.0010255143361102
2.8297971506758017,0.0715228218424221,8.121720881835428,0.0084124651000358,7.046888524420056,4.625875281199503,0.7566855631057219,115.50120127863384,16224790513.06018,0.0
0.6932858542200183,0.078623643692171,6.132054878102334,0.0204622813060211,2.961574878519583,1.711109558543405,0.675761981335209,106.97436339031216,13923311287.033674,0.000817119872382
4.833518697370714,0.0926588052968852,2.6240928437483597,0.0208204703943583,7.150046560057718,8.453279209141625,0.6714057274765368,108.11915318350653,11241257997.720102,0.0012813255206392
3.17007275194124,0.0771943935316626,4.558411243621318,0.0277926780225656,2.269457014783199,4.804510976199821,0.5279736460217008,95.66883306996924,16812148658.621864,0.0006771641112311
1.2487048566878023,0.0497882118201192,2.062935138667344,0.003723787792721,5.52833420958696,4.4229017212946005,0.4506899072511157,115.91926158354592,13634371974.23485,0.0
1.602895520806759,0.0477007463167316,2.0098495772957645,0.0092431099520734,6.949736513246604,3.630184880010873,0.5211640787636873,124.16700700194431,14283121980.047531,0.0
2.747070184205996,0.0976582694363095,2.0927095465235244,0.0095855473724825,3.1299554323252514,9.04886138369791,0.8340401949647097,125.87371165603489,11760722577.051758,0.0
2.187974537776628,0.0837197574618209,7.691055174576476,0.008044277817791,3.6497765342249777,5.222967522386238,0.6457839309330117,102.9560388475719,14224648736.307417,0.0
1.7027098052367031,0.0516921803625456,8.436443016938318,0.0026823256936588,6.536435704828288,4.348403027703273,0.4383711619421167,100.58410922383828,12219482054.261225,0.0
0.5891316654148874,0.0108859364930325,3.524635195260616,0.0042291353278118,9.780525027776536,1.4578728926380575,0.5984590509979338,129.8309107070382,17240821748.26318,0.0
1.902824178273972,0.0322809997030454,2.987196939560871,0.0191277879919324,4.305973040025014,4.678236471794346,0.2454459218507308,107.9377824513691,13340945072.65269,0.0007740848514323
1.0808328950413997,0.0272210111338468,1.916034290573121,0.007885899476315,4.381494680020606,6.236583004424847,0.8069660531502868,120.01170092189098,13599521097.945564,0.0
1.1177039872824497,0.0361160296589878,2.3228871236604545,0.0156427980306826,3.730790690790921,4.9522558040841735,0.626504800992543,118.8218864874662,18260500145.92934,0.0
1.216975535615063,0.0856029780889801,6.00529790724498,0.0058708761292603,4.127108117888083,14.97180106096758,0.1492303440375889,121.93982941137337,15142407165.818892,0.0
4.021068365133669,0.090316718006034,4.57904420905558,0.0292178035662527,2.3534817542552364,4.550067219107757,0.3396909657054442,88.08936185546119,15197237744.68222,0.0005584240165627
2.096855588566485,0.0948330284893133,4.247117740536485,0.0085672304747649,5.0872808024149725,4.556720187052472,0.6184528297682695,109.3802718493769,18513052046.63789,0.0
0.5994952639220175,0.0187984702289722,2.4497224142289777,0.0082123935016167,7.4223123979172465,6.245592278364543,0.7998160400936201,117.6130768767931,13812699472.768423,0.0
0.8526084740679976,0.0381389611305039,1.9457730445848365,0.0037869932660108,6.591264913973035,4.49692076652171,0.7758965618008632,123.95012861997468,15298106330.172878,0.0
4.14817364749629,0.0686298979295099,7.024957605840191,0.0804177954897237,5.142609797404248,5.392518055071793,0.7887436330256737,111.95886995983528,13927244071.500244,0.0012818198566841
3.6048307500683134,0.0981784593507377,5.192979071187621,0.003132949914361,2.5029218353232503,6.418142159168855,0.8489822728554713,122.22731471447774,19849604753.28268,0.0
2.9023399508485137,0.056147173899213,1.1901439757957442,0.0284425132908354,3.048807566317568,1.850464696807307,0.2678903091599834,84.79666726445402,15340086557.530336,0.0006518217450284
0.7735644618337871,0.0464922556726331,4.792829385128092,0.0646412702151269,7.629189760480779,7.673531974196207,0.731492577980062,91.99003505444654,13819949839.62436,0.0008188934303146
1.9385128480681888,0.0871542415683222,1.1410769914299763,0.0476646567930772,0.8191958552593461,3.451262416724697,0.5426789766753323,64.80171289092652,18675838729.690838,0.0011236530568391
2.013266552595484,0.0987951768362296,1.69959952713458,0.0215975005002377,2.9439489872066944,3.225177498379193,0.2143737699136358,92.49239982746772,10698433535.163216,0.0010794141018225
0.6113974094673199,0.0851155900851567,0.2933727725758334,0.0467895307722251,7.483163081269921,8.550188024254307,0.7015480023619282,97.57297212585368,9654951907.772757,0.0009430529374117
2.301941576466368,0.0366549421015372,5.903481736665079,0.0559313857499731,0.3403981438199486,8.383899987625174,0.776544407380178,127.75402445408731,14759741539.75286,0.00058003980252
4.3783864122501965,0.0920607496842985,5.345073918685411,0.0017311959951759,5.129733341818295,8.505631120096695,0.2229836015379275,108.04560358612132,13613528164.320051,0.0
2.7855534143593608,0.0808651384396855,5.707494320139626,0.0381682297600975,0.6132449375310592,1.9565023784725533,0.7601841685872968,111.8192172631952,9316638618.381908,0.0005741188774429
0.6754161158314544,0.063232500573443,2.088075072985534,0.0152469294940642,6.135142399555229,3.32471499837596,0.3605352332267814,107.0742050104876,16202749037.424238,0.0
3.0320018347795457,0.0582600686285503,4.264667744579652,0.0263960763140288,4.964800807056001,4.416317621797929,0.5519424376087091,96.75907858833696,16504305443.404509,0.0007038672488466
2.3695422855214967,0.0998012008073602,5.783566343352298,0.0984527344074029,4.863407064674584,5.4718326239211255,0.4485866570085263,67.03114963579979,18836157346.86389,0.0010387038328011
2.578979846078067,0.0756727810139015,7.415130094910999,0.0179451224359691,1.0637125751419243,4.927185371768657,0.6244575812354216,90.24708070701288,11710823219.552292,0.0
1.989105445849676,0.0177041560836308,2.56444698036451,0.0121358422224943,6.852877744412582,1.3764510014476417,0.5257973264368869,116.44942257740016,17818083370.670876,0.0
4.986673375265965,0.0683113294093178,5.228964068522205,0.0799752426299372,0.5803529923254906,3.25961633560825,0.6708407119235865,80.85371877724515,12295658581.174192,0.001114766116719
4.663104424474015,0.067264309881779,0.545630455105936,0.0296583472874073,2.1362850718617645,7.400876558360642,0.8274527613946382,123.75214099953764,12625649396.949677,0.0012427701202494
4.888524469090541,0.0993361340224301,4.921327471420784,0.0039287409284518,2.893156083590388,8.17266286168043,0.751225182944635,122.80550582966724,14284226083.833046,0.0
2.8226650143989707,0.0611903843935456,2.7828140278039326,0.0093367450162074,3.0109739178877017,6.200359337151994,0.5769173738369552,94.98315307599182,17665683866.360497,0.0
0.1514687212077108,0.0261673007269633,2.8147584156806587,0.0071629312251829,6.248881982385611,2.0656237068829606,0.6973920601052765,72.49815999340854,13139077328.70453,0.0
0.6737886785605791,0.0588301213723305,4.390746713600306,0.0085165139080192,8.06801258030989,3.707958708923871,0.5036765569831922,111.98459241766534,13870434427.95988,0.0
2.9961087637736408,0.0901403143390254,1.903595544772928,0.0217432190904229,0.5311388342402923,6.007960805414587,0.6384641503387727,101.97594588541286,13640025267.421268,0.0009361055855349
4.478959981056403,0.0861953173922751,1.1747678094755545,0.0456484822840882,7.065732696063078,2.6921117071201266,0.6074269856692437,122.54223286833404,9882431111.15615,0.0012944031446605
1.4431717788839091,0.0275447081117884,0.891096431367537,0.0087474463019557,3.874806013998468,7.917436149336886,0.8213160382190775,115.35474025109836,19415218880.45212,0.0
1.7062420248708277,0.0513299173591276,8.434721493894472,0.0028452262052862,6.518753090193973,4.352796813338501,0.4376266396269337,100.43500720332148,12203956573.264011,0.0
3.453713953001765,0.0939814483058221,1.0416228739609534,0.0218223235066679,4.7611507845346415,1.7983713097693372,0.8078870005796418,115.9420301484116,10532230329.420752,0.0006722797008531
2.9039546866942683,0.0388411514541426,1.944309618237523,0.0258989005791044,1.3356338655721358,3.9424684483170527,0.475085278424632,113.38690027130028,15613825041.697405,0.0010345161467554
1.9954193218610463,0.0915944011009933,3.3170304765583816,0.0086138684540156,7.808217449045786,5.917669864336654,0.3935351715312069,104.32643772954752,16086926703.410656,0.0
1.081125659602704,0.0831297238825346,6.312182117643824,0.004226723969978,4.072121490580266,4.7632976260180016,0.8118544492787491,103.68303187463678,14820919631.22272,0.0
0.333367955536492,0.0415955431212178,2.502201957932061,0.020407349085384,3.339661721024899,2.4447906009253586,0.8280592810039538,94.50591185934915,13569738421.80288,0.0011164329668148
1.2083591335501738,0.0259334956675044,3.9135951384139007,0.0075691106158237,7.781025638064364,3.52381966226905,0.8197059387187535,119.46153265547156,17057674226.089552,0.0
2.860343097274252,0.0818118617401618,5.109796534316371,0.0189302200968788,3.776412504344722,6.081779646894765,0.6616020803353484,105.50080040268962,17678395939.635258,0.0005532040111939
0.9870269873531132,0.0670978168538904,5.234639417826193,0.0024891422654233,9.920517524483698,4.851724914191707,0.8242037238834181,118.84780627028738,17223425590.275986,0.0
0.9304482445551568,0.0673112129479676,2.759723261660028,0.0044298593017021,5.68892853913082,5.809422966285676,0.2381244268903751,89.67866666396444,10440619520.066422,0.0
2.999955490269144,0.0689518252218819,1.202117912099927,0.019285816615029,4.598700108991017,10.263840244346852,0.8172480080238955,117.96402859019744,14128832194.589537,0.0009098429870374
2.715849077952729,0.0662548241431559,7.159745793260008,0.0382841103839053,0.6967919297189965,5.975828189179906,0.8143429413543165,98.7667093283269,9831559966.342075,0.0008041777464659
1.5195212496375246,0.0171579581227078,8.275953957135354,0.0125918832456271,1.263778811191597,5.786383350749115,0.4176757962994667,79.02637726060973,15666808627.166494,0.0
1.5034964698550002,0.0477552015900722,2.903687919780995,0.0521366914286226,0.3388642071283806,1.7105436790823378,0.5679964329539093,92.1142557009221,12374601397.267933,0.000592081202803
2.6130270986714264,0.0358623286037182,3.835233055600109,0.0380197893357023,5.253584947352607,10.753626921696965,0.1633506777788766,98.02451819538716,18874314696.66479,0.0012274244339073
3.0183881512999857,0.0579797900355612,4.237854655232852,0.026481735022538,5.004674254853718,4.405643592005413,0.5533796555533267,96.7875919422982,16505360868.159452,0.0007066362974957
4.406280235044625,0.093313047584148,4.166319800858126,0.0032225563646103,2.234697369325978,9.702595934974918,0.4784628054736969,104.6275651905114,13971207742.708862,0.0
0.7428774642075855,0.0120480100474346,2.9184004232808487,0.0027562022572555,9.945065467111991,1.303367231417837,0.6093107940964088,118.00937823013088,18551865002.61301,0.0
1.3512918123531794,0.0114622075266091,3.063043377871232,0.0042619676511502,8.64069439268763,1.1953073618139052,0.6287207971048775,106.45744146899908,19734385988.068974,0.0
0.7313100512962553,0.0565909925526973,4.385810775606934,0.008563957345448,8.10149722143755,3.916316964047764,0.5186902277077243,112.96495739218004,13519894493.18246,0.0
1.7827808256445508,0.0339111884276743,5.961897552426756,0.0240016786941781,2.2418556443201,5.001946079490549,0.7670586701562233,126.29215800833488,14690119958.216688,0.0013431235330006
2.1539688673363533,0.0719580376616626,3.183956124473706,0.0190544267580534,2.0094801539196165,3.7226513863409383,0.3984437809503603,102.30519080178698,11830655129.664566,0.0
0.4618246116062167,0.0748942876363918,5.388465350596244,0.0063702834135669,5.1744903984084365,4.648656468929971,0.4409808035025632,105.5366168309226,13881006274.360512,0.0
0.3253168783524245,0.0197755149750879,6.270484414088218,0.0400231240498074,5.628175283687197,11.32472778546382,0.8454865516908489,69.14152923647809,14809446428.651842,0.0012110791072894
1.7858962246041254,0.0360632244447931,5.217361568347364,0.0079544647533403,1.0054484347444907,7.965835452213456,0.1865800470648825,99.7091361485789,12849951763.997375,0.0
1.3657949388942343,0.0756144113193475,2.3442322394560176,0.0253070665300132,5.227051302937195,6.749958160429475,0.8206690064993474,122.09145558973457,15012606569.107038,0.0012519653877663
1.3966788752608856,0.0165005857898059,4.019581593202595,0.0083400585829944,7.3947574417456945,7.701336864379814,0.6010436854102443,82.34106684269855,18981015389.683598,0.0
0.3544205489662698,0.0455842782347656,2.3713498347969173,0.0138380013454233,4.529755574610106,5.961492882665453,0.4717567412339885,102.21071374195368,12697501806.132725,0.0
0.4618510537514024,0.0748440878269576,5.356966801038783,0.0064296571019071,5.178779181434412,4.637619583776036,0.4412600460691691,105.53459779800164,13872722240.364153,0.0
1.914768712568304,0.0600183338988904,9.02163046398779,0.0140034649704246,0.23101142106928,4.084594938078384,0.2319853535476335,82.75819446726064,9624831548.726566,0.0
2.4745912694340784,0.0706428962834903,4.791680895140722,0.0194895699476097,3.6813179379463232,1.6974811275348642,0.7537517193150605,100.98186636418832,13708768583.351357,0.0006051492608685
4.689414462877564,0.0844697552821783,1.4951188382115783,0.0237979012025797,2.349320350782457,4.264383891465258,0.1532302212766814,90.15504394630308,16372537570.171152,0.0005521063682396
3.4736901594335974,0.0938929542210326,8.95295325181637,0.0144667320368885,0.7553635857503401,5.616027612072358,0.4955826183077894,109.63572172536028,19963893369.323376,0.0
2.8297971506758017,0.0715228218424221,8.121720881835428,0.0084124651000358,7.046888524420056,4.625875281199503,0.7566855631057219,115.50120127863384,16224790513.06018,0.0
3.166615819977461,0.0530627393422783,1.9675564272855084,0.002321420426781,3.814041985456742,7.708881026745883,0.5038951933301792,118.8167538008324,13086572623.201536,0.0
1.6671439460875368,0.0543597596185053,1.1720133082780213,0.0061740890970753,3.797801149155012,8.948992268002229,0.440709238766105,120.14299145697272,12494904061.75586,0.0
3.08828535220575,0.0698782825663197,2.7324308159795145,0.0616251810182163,1.5867898665246558,1.1795942406972344,0.6376464634688966,91.42631958421454,17076944114.414003,0.001337413439768
1.243488850525328,0.0461028770213996,1.9281288018498857,0.0191440451208507,7.868373421437496,3.0774667132920546,0.7000995742769338,118.8697342962242,12139962745.02002,0.0014040106122463
2.9459882822136154,0.0689884503275188,2.4132154574343625,0.0225836782590483,2.5043840565325617,1.1455541122706947,0.3498698967717282,103.8451819693821,13364589758.698296,0.0006172122981695
2.572904273248405,0.0396466331874267,5.319428787848911,0.0031565547295006,8.03067638411442,4.725674048534838,0.5235093459931431,120.59792158816224,15960674470.554012,0.0
4.484360603154224,0.0810684767875481,1.5621304285544828,0.0123073783146652,0.6733402884001286,11.778702326957092,0.6838961184371153,106.80773486138172,9272482279.57658,0.0
0.2448006781398743,0.0141806495272341,1.180678039865128,0.0057971118882607,4.355650847405594,1.6626036947309089,0.6934074651687882,119.96731129845313,17222412822.95633,0.0
3.0053465644576915,0.0458117888307378,3.94681129327012,0.0274745446017913,2.4887076355764344,2.27877854233389,0.4379154537282449,97.83387625642482,15086724730.317724,0.0008799090582613
1.2270175155584784,0.0222150265388397,3.8596185020620415,0.0059357828255089,7.7859523460183935,3.2894032407068243,0.8179093030925201,118.95733504499184,16539827935.770573,0.0
1.0636514316488823,0.0235271881230019,2.1153500349455228,0.0033613831663402,6.352784643888152,5.174126249728201,0.6510148868394334,125.48137873349296,16501760781.708818,0.0
3.993056429391416,0.0840244731850227,0.5958999840596788,0.019813223181319,1.9591884565704012,7.723908494584584,0.7203458791420315,110.64613452982792,12467433920.998936,0.0013887358126655
3.588221378151813,0.0395260209049441,8.329432428276892,0.0241578956074311,6.664110095658843,6.999855347260508,0.83415705993541,67.08872381592286,15893155745.696764,0.0011777453784476
3.665685250626855,0.0249994108318779,6.566555373463687,0.0443864195412314,8.018095351256529,18.686685165961887,0.3432004517625466,75.04621787736927,18266604542.908146,0.0011883115873449
1.9385128480681888,0.0871542415683222,1.1410769914299763,0.0476646567930772,0.8191958552593461,3.451262416724697,0.5426789766753323,64.80171289092652,18675838729.690838,0.0011236530568391
2.6191173520936677,0.0605955731568523,7.208578348006819,0.0062552925592118,7.470060973855945,8.182643459537156,0.7165169957248789,117.96739965614654,19337889221.17644,0.0
4.182006271406011,0.0748401115905944,6.681607558474342,0.020365731730539,0.2761918114763276,4.1317122841091765,0.7827891607745128,124.7222439774421,19439524364.60416,0.0008620236079635
0.9343792318533332,0.087438832286113,5.318998270788377,0.0368112343251768,9.7824776324302,4.785634027765354,0.6767625481306321,125.3617614500092,16417097271.211466,0.0005868880988709
3.029517614767631,0.0250091151392561,2.6677616089071905,0.0103333934829893,5.989173183785215,3.4644973858268986,0.8411838107664412,104.96244910640692,13758529813.658564,0.0
4.087090464294124,0.0962477724669336,3.76990271081158,0.0243273820268154,9.026822065674018,6.998934214050378,0.5000410104021679,118.959474813149,9428797652.80326,0.0006366597664193
0.5936737886973578,0.0085518080678846,3.464365793265625,0.0048292250579617,9.723393763778388,1.2951629010575032,0.5808231091790257,129.84495229188468,17037994708.79384,0.0
1.4973927363882578,0.0786271329064349,2.822987151070843,0.0319672040349572,3.759775140338415,1.6022714997064844,0.5514786413042476,87.1414077434246,17472192584.66213,0.0006361345059463
4.692476986488494,0.0625028005433768,1.2060854464580069,0.0200698793577328,2.2584768560251463,4.933156068155644,0.5646909322618672,128.0471061655306,11234483371.398962,0.0008101980571195
1.219791295412659,0.0267885239699667,3.089437629129124,0.0207377139460419,8.09632784664699,3.5717507763308567,0.6585989420404273,94.43172704351868,15980361277.726015,0.0012628371027234
2.3160984147749155,0.0108350084524897,1.04594723647639,0.0080912377685522,4.722306643771954,6.523547202188206,0.8410373318949139,117.19711159055782,17558710248.305748,0.0
0.3014015777224074,0.0585122131166533,2.6946175648163706,0.0019872485886505,8.208933774017146,6.044427421569995,0.41875294343324,104.01201664306652,11522970509.711493,0.0
4.494464619554006,0.0460179059688636,1.441192962659213,0.0294604993052488,3.544713550063104,3.1982319360712697,0.5070602678399531,101.97495561335792,15381344283.093967,0.0009459794907001
0.5044019987818751,0.0195382689778725,2.8180964631963987,0.0089649364277605,6.008301893732463,5.234500937219201,0.8195216560504961,128.69616566000013,19357157139.509884,0.0
4.59538601668042,0.0762549311707357,0.3482349528167165,0.0116532492863543,1.0325696815171983,5.156314198198936,0.6742708345650172,127.98641919567292,10455217595.260344,0.0
0.9618340028983102,0.0867228826535741,5.251604314632379,0.0367924028460863,9.782164519578693,4.909925418770353,0.6785381194495119,125.31557874361854,16422096337.112864,0.0005855503116534
3.771573648931896,0.0377952199599511,9.10014309313419,0.0735274605612965,4.58118470311334,6.388367536216076,0.1054277916217384,65.18208099020308,14751212824.076778,0.0014410720510111
2.9433469670636736,0.038288013210758,2.5807727278146992,0.004544669087585,5.114544069013565,6.494517671842927,0.5992853418973377,102.28178449377909,16917678259.797558,0.0
3.396182817839393,0.0412947115797048,3.205912484543599,0.0123937561358929,4.675520438229792,9.303302174955414,0.324860385925217,82.3259305970105,10865054566.100164,0.0
0.3148140784113816,0.0639688498947296,2.7068779787510397,0.0033754444397319,9.314281645738578,6.51652064118622,0.5795249921371545,107.2294754547624,17528793857.36283,0.0
4.195216309370816,0.0179758440238636,1.492878912561198,0.0496491181070465,7.647282865741594,2.1026424346797654,0.3808582973417733,64.3885715328399,12676072703.06545,0.0005952376207276
1.3966788752608856,0.0165005857898059,4.019581593202595,0.0083400585829944,7.3947574417456945,7.701336864379814,0.6010436854102443,82.34106684269855,18981015389.683598,0.0
0.9894557614874372,0.0255118121606641,6.421247517234521,0.0153161296110525,6.842372364633031,7.194078165227219,0.4336653202271797,108.63429512738534,19324649792.09321,0.0
1.3885114489245305,0.0292312081941522,2.799978564589501,0.0192562172650674,8.844288822693034,2.9014936668608717,0.80929335483231,123.97023437545532,13597650556.623043,0.0013822558521502
3.5511682685415598,0.0190920452259553,9.716671518880204,0.0362048361019527,5.877331996797055,10.81264527779456,0.6811827063617897,64.5534136227729,17018551860.397532,0.0006880077887861
0.6913198939835372,0.0227586577674049,8.499977253692567,0.0267836591421125,8.871916457706774,2.8050895243708145,0.7243964315693215,118.1911837453542,19620158460.625538,0.0014657451340316
4.620289788606863,0.0483440471499089,8.495351097058304,0.0053184525885084,0.1529367815064532,14.912662172351888,0.3689865712873579,106.13202892842946,9282403456.616764,0.0
2.4624839893312997,0.0693437000800514,6.030207866113525,0.0080891886097884,5.597002259440378,10.785230907947843,0.5142705156438101,129.69469946963437,18615215847.75857,0.0
1.4283646691695404,0.0816794856159208,2.6873267407287678,0.0137547538476837,9.166326835082405,8.625204094310227,0.7136743530416492,84.24174457956066,15587072167.186943,0.0
1.7931942659558664,0.0306214035517753,6.240182186179773,0.0045666753305604,9.923103627265997,3.870166707739051,0.5319327303358671,110.6110644542139,18006880886.064438,0.0
1.959816065181457,0.0207269286147342,7.59002327043715,0.0100571570435633,5.593304498490093,7.325056779124587,0.7216389848813923,65.58348518765025,14756405591.007278,0.0
0.9591682912996412,0.0348909555021413,5.405641753339656,0.0080093213331333,7.361317302559684,2.943632506042296,0.8362481363022779,121.6303690249986,13844457728.127296,0.0
1.5182855481783486,0.0573115966336145,2.206500448295372,0.0190592514010248,8.312586293475865,4.864502797221894,0.6601505500918697,85.1531735528674,14583053353.862265,0.001012667621975
0.6113974094673199,0.0851155900851567,0.2933727725758334,0.0467895307722251,7.483163081269921,8.550188024254307,0.7015480023619282,97.57297212585368,9654951907.772757,0.0009430529374117
4.211679452185951,0.0612574733668775,5.1447925405632455,0.0151443924258169,0.377243324896567,4.570599096821993,0.3051805549235105,127.6256752720618,16783733190.380648,0.0
1.2114334389093775,0.0246350815953052,3.973126385380428,0.0080260261696919,7.658557347193099,3.339785544148953,0.7992714936372067,120.74446847279825,17374878691.090984,0.0
2.824041464567851,0.0610917771396903,2.776147458649323,0.0093124918512346,2.980983543133615,6.212903172092205,0.5775446350945276,94.81821071024405,17674851767.141777,0.0
4.689414462877564,0.0844697552821783,1.4951188382115783,0.0237979012025797,2.349320350782457,4.264383891465258,0.1532302212766814,90.15504394630308,16372537570.171152,0.0005521063682396
1.6844222351084044,0.0542767997558652,2.3878964752012246,0.0043531078299581,7.172667940720435,1.0417520918386114,0.5703084167243556,128.47475664951992,16416676301.869396,0.0
3.635051417798884,0.0755081880652121,1.7163870725830814,0.0086320802311512,1.5261491057495034,7.045524153795591,0.6109280732507009,100.89884538708417,16096360920.632664,0.0
2.6874285495378167,0.0268933516675517,3.971465320608031,0.0179862317441193,9.429042387276883,2.5820334341040523,0.7739577995328261,95.72836982715684,17779406048.601223,0.0
1.1366360871053482,0.0834610367796953,9.77865375207991,0.0140663540874091,3.0101212755921822,6.475896117413662,0.7897825240385935,113.27464829499996,19517989943.1962,0.0
3.5854257171144592,0.0505996280000756,6.30416745239492,0.0271780249843457,6.345578892281852,11.980570867644548,0.4166985107214637,89.78294147609209,14520652207.823397,0.0008749942444995
2.427552211258577,0.0447712819838288,8.032231066667418,0.0304757733938267,2.108045158313063,6.612690033269836,0.5720776373615741,62.28357649925465,16316752021.47669,0.0005471448388333
0.4618246116062167,0.0748942876363918,5.388465350596244,0.0063702834135669,5.1744903984084365,4.648656468929971,0.4409808035025632,105.5366168309226,13881006274.360512,0.0
1.911719625942688,0.0328328704130469,2.920486782174488,0.0024727955541047,4.802860284632816,4.57801504399897,0.6206368453599554,114.93876889777378,19337625230.82134,0.0
4.795378375805655,0.0295207681370077,9.496730586089363,0.091251966059779,5.397933784013032,13.193663748094767,0.173680708753176,85.78190538351673,18164220260.5659,0.0005695666467694
3.2905921377659464,0.0462992457001662,2.9988920123982776,0.0027331080078012,2.9261212338282334,10.250100024612337,0.5859119827668471,91.1248730344331,14381412074.625883,0.0
1.7828496636108115,0.0607369600830123,5.044331297685191,0.0155584278493311,3.6104754155433465,4.941493788514933,0.4120890269421845,101.4443104022537,9033688243.756037,0.0
1.145611300742588,0.0881604594359905,4.592149094592772,0.0123331219282965,2.5546295190689183,4.944672205451044,0.4732379468865927,69.9014758367518,12285759728.826492,0.0
1.6821180706381191,0.0865853461146637,3.129257322305942,0.0054141568813149,7.299471397380987,5.854952566754314,0.8126841230436919,126.66090589704176,12586046069.319485,0.0
4.833518697370714,0.0926588052968852,2.6240928437483597,0.0208204703943583,7.150046560057718,8.453279209141625,0.6714057274765368,108.11915318350653,11241257997.720102,0.0012813255206392
3.209030130587092,0.0804400816671095,1.4310126573661022,0.0046394988186422,1.916504822267917,10.687741218227451,0.8284833362668478,106.4478118851608,15912519679.322935,0.0
0.6694895350820474,0.0118338335458801,2.866042478164186,0.0037839592473996,9.87867424853127,1.1337951468751015,0.6039106388593668,117.89554021354444,18434700675.992493,0.0
4.497226506288445,0.0600732943787056,1.3827916875565007,0.0110310037924399,2.332746894813319,5.651089762497507,0.3358056317183659,75.57154880044776,16190235343.843822,0.0
0.9944604273124944,0.065227130050984,3.888747742327632,0.0094519285406402,5.202789420264638,2.702560622301712,0.5300638090218349,107.17232993696808,16720141837.678123,0.0
0.6754161158314544,0.063232500573443,2.088075072985534,0.0152469294940642,6.135142399555229,3.32471499837596,0.3605352332267814,107.0742050104876,16202749037.424238,0.0
0.4273395265497997,0.0356284995094559,1.7540221596769774,0.0267457422119397,6.958194246264388,2.4664651546869694,0.5658250862750621,119.8075334407819,12567774017.084436,0.0012126554454862
2.96838163805763,0.0715952474718513,3.9715214900378752,0.010879883773543,2.724773352785577,3.308539642947058,0.1825531740928944,109.47824767906006,14172500035.575447,0.0
0.8199354549453505,0.018971676531205,2.0889317896133712,0.0419524184525345,9.669915297951798,6.108952695725023,0.5587503561121159,71.5337678860001,9102688644.423897,0.0009490015682495
0.5720286839078385,0.068358317081176,3.927012186375249,0.0494821153010782,6.488599629611885,3.497591627617092,0.5381285991746637,89.78727420024273,16121495212.149834,0.0007044696943539
0.699373179131624,0.0103205665197272,3.65811279354248,0.0034546888098893,9.81304955809668,1.502073614166183,0.6123368927636517,129.2335787493607,17194855621.80544,0.0
0.3208967318144399,0.0613234357831502,3.5363341624639184,0.0232180339700028,4.3072444429561765,3.3271111593135467,0.8110611478199593,114.87784445647809,19240976326.27661,0.0012573381088438
1.602895520806759,0.0477007463167316,2.0098495772957645,0.0092431099520734,6.949736513246604,3.630184880010873,0.5211640787636873,124.16700700194431,14283121980.047531,0.0
0.5891316654148874,0.0108859364930325,3.524635195260616,0.0042291353278118,9.780525027776536,1.4578728926380575,0.5984590509979338,129.8309107070382,17240821748.26318,0.0
1.57642019016108,0.0207819427048015,2.5014298448305263,0.0044319225501485,6.896411489308346,3.719725501401119,0.5283192966952422,124.19862670158412,19021004125.75152,0.0
2.522699487348638,0.0734697370351353,4.910750775031856,0.0563526743415376,2.298760927945461,1.326748395882999,0.4155968972824903,126.5763813410854,18380735330.60248,0.0012861057615801
4.1550203928423,0.0487013012316266,1.9426182463987176,0.01974898714343,4.767784314567928,5.741421595232067,0.6340614546605445,72.01644720299714,16553920365.489569,0.0006798626286761
3.10112040711598,0.0691257549847716,7.423261379400658,0.0053344364604738,4.284946221707736,4.064235898967743,0.7216759993246005,124.32154656845164,14378791105.99704,0.0
3.001769904089072,0.0955771354281549,5.110022870556254,0.0038618845820872,1.5348094946881023,6.437223733155886,0.8078876579354022,122.60705776851978,18329664610.745163,0.0
4.406280235044625,0.093313047584148,4.166319800858126,0.0032225563646103,2.234697369325978,9.702595934974918,0.4784628054736969,104.6275651905114,13971207742.708862,0.0
0.727173102728692,0.0567334943189553,4.376398022584009,0.0086017811457863,8.110757409885592,3.9142191643922697,0.5195374208905122,112.95993842398698,13520334402.19846,0.0
2.200916655275696,0.0466854797493651,4.553964116550185,0.0513789592106999,8.046505232391718,4.943821062294789,0.8056957004748758,71.15203799025616,11853007618.888288,0.001056435562136
0.7059494153092118,0.0118605954083979,2.840835874571095,0.0349357877247202,9.958668722267197,3.900538613319736,0.7364868974324159,103.49564906304552,17860906213.876522,0.0011789113648239
3.029517614767631,0.0250091151392561,2.6677616089071905,0.0103333934829893,5.989173183785215,3.4644973858268986,0.8411838107664412,104.96244910640692,13758529813.658564,0.0
3.086464765703662,0.0991058414920931,0.5214348478666889,0.0262298288042386,0.307782590889383,1.352677845008213,0.6460778848495454,123.2995859063953,9192231176.634275,0.0006990222240655
0.9517730521695748,0.0652183816391955,3.8920740453095566,0.0087446367013965,5.153151981261429,2.584911487740282,0.5296034836518239,107.15952093065373,16759805582.4782,0.0
4.211730391921057,0.0632903659221606,7.910132959391455,0.0725398940195918,2.861543026649818,10.75335124196878,0.5144469554949467,115.80266019570104,16379978967.980455,0.0006492296978018
3.097271644743787,0.0410584323890186,5.981020365967308,0.0630240791036728,8.498788546087054,9.076263644732736,0.3613978832052081,61.32002165871172,18340621942.45702,0.0010052186247162
3.621841784068169,0.0726528550725644,7.4556904867329665,0.0554570457900844,0.3416306747247697,3.0470459584841496,0.4619814228013534,98.55714959557363,14541906701.800468,0.000656495280108
1.4101802123356175,0.030903849160817,1.7905471132292896,0.0169755026650228,2.9691837724854264,5.485308847105538,0.6202913841955786,102.29732371604588,18747354185.32925,0.0
2.907329559727521,0.0158186905358095,3.909614706321123,0.0015462976278679,7.227860828474888,4.647734445939227,0.2484312885950794,120.2806304379206,19699291857.65246,0.0
4.02828668326996,0.0921004802996581,2.6455855787503872,0.041371539586886,1.3226244252217834,7.503880535281355,0.7243145289174792,116.97436619444755,11169047979.35352,0.0006553965639773
2.04269987041318,0.0833509050437072,7.660084106297264,0.0080265452142876,3.7129545734455887,4.343406167679336,0.6443140282529418,103.59362829460174,14235015752.354437,0.0
1.8721645351181757,0.0156418939755569,3.1285674503688075,0.006379677750149,2.000682909369125,4.126223433794936,0.1381158763472624,81.44116616126986,13148216748.015968,0.0
3.070745807865561,0.0627974339757211,1.806604512498223,0.0159287808613807,2.328541152546898,4.038877160026668,0.4448440700025224,107.4971975421438,15180516591.2035,0.0
3.4895228341901365,0.0742799222110903,5.6032290368332776,0.0264325557617789,3.808939937172688,3.6816751248483017,0.6055416023871925,118.68059946512702,13240291323.89839,0.0006969459645096
4.372880283158487,0.0926496497245403,5.4676505957048045,0.0030877134221585,5.061927260085841,8.898560836086482,0.2153287319450062,108.41346517562758,13752589052.792116,0.0
4.653241721870635,0.0816694982865647,5.889594141818344,0.0032940706036368,2.0161698132362944,10.548778932796536,0.6015412061495409,126.0817796898902,17906707410.650005,0.0
3.8633117001538646,0.0396031958416218,3.145408085229408,0.0352315764581468,1.1293826328573346,5.284892306016005,0.7293345949211975,100.67265639725235,13791069834.312689,0.0005403564668128
0.7346534372282632,0.0573719255093671,4.455784767277978,0.0089056671566823,8.10446694067037,3.73931489840872,0.4992398470356834,111.7347102178992,13744294556.726864,0.0
1.7914466310656665,0.0796609675020641,1.464352871785924,0.0213232348409744,3.429745991990003,4.047572798806894,0.1760755283401056,111.3110526845997,12892478429.375675,0.0005976866628249
1.5663715113168388,0.0515223777202842,5.661823674616675,0.0503874224697519,4.503975178077348,1.9568244389266949,0.0375277300527351,93.0824768973313,9363721918.939371,0.0008436599299311
2.0892878774745958,0.0336324366710541,5.3187834902906586,0.0265698543598945,2.9060533294374857,5.537372157811206,0.6654631661848455,89.7759168981187,16875862247.47326,0.0012428710964959
3.019974185916781,0.0775726192998697,6.986864205303236,0.012617931328287,6.725060100551914,5.583490859038704,0.2698883347146631,92.42786104321353,14593923688.2823,0.0
0.8424356036779105,0.0098515345574355,3.9079442775253206,0.0201627154608999,8.67762621360977,1.5354935950017357,0.6744350153938676,99.39627438764866,19629581551.468613,0.0013827625702465
3.0041150602151223,0.0289030096066452,1.638329934055466,0.0237653036768762,3.316347079696253,4.962806765875378,0.7873082585048138,95.2580336934144,14010972923.870596,0.0012919471214318
1.588726779595982,0.0524697865382135,2.74644417027425,0.0586912179691406,7.222660644645815,3.4258865686564217,0.6143395770272606,106.985828178631,12948605285.938944,0.0013845198128625
1.6142965808448373,0.0296524727759385,1.9767251899658256,0.0056792818448434,4.641577202520096,4.151296648004281,0.5965587187432781,108.98029987334792,18092459932.725166,0.0
1.2270175155584784,0.0222150265388397,3.8596185020620415,0.0059357828255089,7.7859523460183935,3.2894032407068243,0.8179093030925201,118.95733504499184,16539827935.770573,0.0
4.690365660861902,0.0925848158159962,0.811173587337953,0.0761170456784837,2.1943320601847445,9.568701909355283,0.3606485144222907,111.80026593692072,16624539538.499563,0.0009713059208442
4.3024749926183405,0.062406479257082,4.5356494596494645,0.0055193413417524,8.36594553746792,7.890359268089453,0.7033278635277941,110.0685696657146,10786448515.923063,0.0
1.174940654283663,0.0932831440753529,6.446063786957341,0.0099649966341117,3.3636011333065388,3.077461055884513,0.7885612842997981,123.12971252806976,13889316229.700045,0.0
1.4222455700087433,0.0907738003282827,0.3698664847979459,0.023835499919899,0.4870743757167295,3.0754455130910694,0.5694200309139713,128.61250063771027,9613136773.754747,0.0007274439303765
1.8901505549023108,0.0806793620160715,3.67447220953466,0.0219805639628818,4.112619719517887,4.574875040976743,0.5073157869370482,86.8902478290316,13751529698.08189,0.0007730295843487
0.2850845646295353,0.0138936683616319,1.303196856075273,0.0068050280637513,4.155648200568331,1.552248559149252,0.6930399568093104,120.58928546777447,17426438802.33795,0.0
1.5076172335000386,0.0441173571447534,2.296824427319532,0.0311489810825166,0.4343441791268482,1.212498562142862,0.8310277945391966,96.40698546078796,9926982429.208754,0.0006828535755521
2.86159264308662,0.0579238235377555,1.1092736490608808,0.0158758494546452,5.316626856974057,5.983813146594493,0.7987431257703063,106.3622358406497,13399414857.204334,0.0010815619939384
3.78822030841182,0.0300746111945782,9.755078755895006,0.029143281835404,9.453999113682052,14.360041030158584,0.5990371318066433,83.59313866525848,18836940876.515457,0.0013143247807335
3.162645259758554,0.0682483803102634,0.3241251195469428,0.0069363742354062,0.6143877487038395,9.715162412966894,0.5683560230953196,105.58640427874938,19072123411.105293,0.0
1.4022064710023905,0.0250685124967379,4.276523207017821,0.0101674509261524,7.089575612813168,5.000415978101919,0.8341962808802155,120.4326844098315,13845203600.142435,0.0
1.4285314626667291,0.0417196472205675,3.337136584092732,0.0165261521182265,2.6666764084067345,1.1883570854372278,0.7379184276828678,81.58937604447118,17612833898.03757,0.0
3.436269674307343,0.0675663015206386,6.1424409370053565,0.0795148505934074,3.751378418265708,5.986315361765506,0.6916807941300144,73.35667994878946,13588708820.32208,0.0012389185721833
4.830199012859269,0.0985212961630743,4.738567719132798,0.0031172015090479,2.33402423259194,6.588251207862637,0.5281614280285555,97.11835970066852,10482796195.741129,0.0
4.039677938112401,0.0484119215066994,4.319099778238082,0.030261106235317,2.7470398634817457,6.143611747643856,0.5274756828102639,97.58265548124028,18543714229.817085,0.0008233729242425
2.5504106102281074,0.0622442942082002,1.6979802761145864,0.0099350347565141,2.3513383976268694,3.871731788733757,0.4908015798567622,109.58193735550137,14497947546.986856,0.0
3.135844243461036,0.0824003404195812,5.072190550672126,0.0077077362887541,4.919061791597084,8.495674939171403,0.7998883868326239,117.7480377391532,18108732638.64888,0.0
0.951354356876032,0.0316445627561863,3.056360518528678,0.0148455496993843,5.204494244870858,4.245352016145645,0.5091405861419346,83.71231576590145,13426538270.23637,0.0
0.7065958545719299,0.0711294348346969,3.868796952622074,0.0104334534965514,5.906888741178773,1.5001681594148408,0.7178864410775971,113.40926737053177,9510079030.09822,0.0
0.4805524080610972,0.0241708093860201,7.109262842919513,0.0027309994937834,8.987918301408696,5.311393877478427,0.6614291385688233,104.10606648810928,16696645007.31107,0.0
0.3519442853829735,0.0504244171765466,4.142102269365196,0.0232727538004595,8.696152345528459,5.414749952845868,0.604562739741521,105.9996502804772,11363463300.06194,0.0007235344177812
4.185216939501973,0.0725537113852087,2.061643191406923,0.0124876368208398,2.396180733843029,7.505019375551752,0.8284711839568526,113.5808784404458,14067894440.423073,0.0
1.352348570787056,0.0122065412988121,3.126610979340668,0.0042228719231219,8.599577861822592,1.2028789071402646,0.6282077378530518,106.39074779706914,19740627140.86805,0.0
2.3051327871841414,0.0590543386623525,1.885172805844261,0.0192525479633348,4.340717018731284,5.933674361018669,0.3481212345178436,103.84111483704592,11368880546.81548,0.0005222264118965
4.030413931639298,0.0329112793650751,5.571124413716967,0.0232396880266519,3.7535704273910113,7.888172813666258,0.7171069240328665,126.79737844807858,11251840102.182129,0.0010671523080705
1.6119848157279602,0.0541590546106634,1.1623040202988986,0.0061154244674323,3.6845766045800663,8.943702624045153,0.4371598159305304,120.40979969793722,12686415368.137224,0.0
2.0089868803807844,0.0991220276758702,5.104519017281976,0.042037908551761,2.0173620002774766,4.851024871832176,0.4796003519927382,129.88361644462313,11245287020.479963,0.0005036961964729
1.0547094300591184,0.0174961952479827,3.8704752859101,0.0145848388645232,9.558065106488495,2.164697545036674,0.7920294884901602,66.8584435907577,12832490792.932549,0.0
1.2391534447469814,0.0266344027610307,3.2912573909574743,0.0137802871029515,9.402992711834289,4.9752861621166335,0.3645572691981086,119.23995570908691,18942937699.32541,0.0
1.4163878581012137,0.0607367811697038,6.389137135335301,0.0099861113482425,4.321816302860233,1.7817361880283402,0.4892022882436872,107.61939908136029,10031890139.574549,0.0
1.7018738883432196,0.0940158866921101,2.5581547998915064,0.0093392111202623,5.348520120353316,6.504462773214847,0.7220132024189473,125.83526427658042,13392567501.974731,0.0
2.6138560771937422,0.0913919827410698,3.868079302819388,0.0242327505137822,2.286883244254441,5.14504424369517,0.4147333863711569,123.79716141428092,10179219502.03522,0.0008098535270873
3.604188922488964,0.0982041760264401,5.193821894643813,0.0031336876756036,2.5045091474320924,6.417311703291795,0.8490878147587476,122.2351162731333,19849417794.29434,0.0
4.497226506288445,0.0600732943787056,1.3827916875565007,0.0110310037924399,2.332746894813319,5.651089762497507,0.3358056317183659,75.57154880044776,16190235343.843822,0.0
1.7388362424021084,0.0341072602290894,1.3522213460231505,0.0042572791276284,4.98153214204856,3.471779927426603,0.6192472902413656,119.71179068284825,18237297548.98338,0.0
1.0248864023022788,0.0507559572148067,8.498320007879643,0.0026133414653637,1.8928246355255756,5.824132814761817,0.4740973270727496,86.56733200665079,10982738508.807346,0.0
3.259127998417003,0.0365363142488843,9.208560938555202,0.0018475225799857,8.186362328935557,7.361395353013815,0.3026954373887706,71.70716288047984,10780860595.513092,0.0
3.0167444575629263,0.0576710485449516,4.209659870262524,0.0265405690707835,4.996431168529718,4.5091191885050295,0.556409589993456,96.99910143831066,16534850799.69768,0.0007068509569593
0.6113974094673199,0.0851155900851567,0.2933727725758334,0.0467895307722251,7.483163081269921,8.550188024254307,0.7015480023619282,97.57297212585368,9654951907.772757,0.0009430529374117
3.915577008659669,0.0525237028676273,4.8697412424678985,0.0044280487993134,0.3739424502216181,11.906889880326398,0.5229875317241663,114.9139476474746,16356257285.882183,0.0
1.3655006226555677,0.0286978585066887,5.305200626421,0.0086775920589087,7.155260527955604,4.265681194696739,0.7240160029936208,104.56043687433244,16520963306.491938,0.0
1.4761223189176902,0.0311975341296553,1.734813317950174,0.0138625527631211,3.1866748239141525,5.739387224217711,0.6243653591614097,101.58707684879371,18876277376.744057,0.0
1.2635594736805502,0.0299728452328741,0.5235278869673449,0.025072619076837,7.000132467205969,2.3199722123637927,0.4135003214151094,116.89828938734776,12462318014.725977,0.0012373371679706
1.511160248700462,0.0228474190096805,6.0451906271963605,0.0042321388106836,0.6420458723119044,2.257659108621077,0.547845754742245,76.02608237484549,14142022056.492737,0.0
4.5411898680310605,0.0931294632035982,2.236125507214501,0.0028694505752909,1.0866169281199047,16.700528648356894,0.7797946857836068,114.60164999635056,13285964350.403738,0.0
3.533720205887261,0.0766885554884047,0.3058783740968941,0.0969866196362885,2.410171704610742,9.92279566710716,0.3050415816756758,117.02887763195092,16991974178.007132,0.0008709953120112
3.434148024935877,0.0966445714761589,4.990523063674307,0.0261681037183499,1.5456621612908883,4.627319815145862,0.7420180275614287,111.1772295281307,13152550976.743502,0.0006399198683596
2.8699987320699023,0.0426937604967474,3.375776613837213,0.017141765495663,4.545923898676369,2.3716458935348825,0.4371569622074558,127.29881864992356,16433531793.506529,0.0
3.086464765703662,0.0991058414920931,0.5214348478666889,0.0262298288042386,0.307782590889383,1.352677845008213,0.6460778848495454,123.2995859063953,9192231176.634275,0.0006990222240655
2.6874285495378167,0.0268933516675517,3.971465320608031,0.0179862317441193,9.429042387276883,2.5820334341040523,0.7739577995328261,95.72836982715684,17779406048.601223,0.0
4.824382480465921,0.059160996706318,6.182110924941815,0.0722950921579944,0.5530135007107725,5.021314398805872,0.6295523375644335,112.67742156584382,10516681788.314192,0.0006177641146491
3.4736901594335974,0.0938929542210326,8.95295325181637,0.0144667320368885,0.7553635857503401,5.616027612072358,0.4955826183077894,109.63572172536028,19963893369.323376,0.0
2.434720654568681,0.0790639067125534,0.1398221956960505,0.0061447375825178,0.1809158644225363,10.386385049305412,0.3831476253555257,110.59313076053505,11178681840.962126,0.0
1.6180720019622468,0.027623305769609,2.061098603817357,0.0232757014661354,6.619856426376953,1.6084368745690825,0.4562023789093968,112.53106972837722,13040542199.8388,0.0011808724083819
3.384272314783209,0.0469273372388296,5.990213960555338,0.0323189384919988,6.735843151213702,3.965957101802404,0.2435353737716759,96.35430878255276,18396832272.92679,0.0007035881372616
1.697145379142899,0.0334904662163898,1.2606640629089008,0.0038541187085007,4.988448736049691,1.4059184094615662,0.5886467842101861,113.64742654703755,17752990942.90743,0.0
2.9349745556308258,0.0805575534523479,4.906463569714844,0.025842207681152,2.093643859498852,5.506012606458126,0.6882780025718422,116.2346709970504,11491739001.208387,0.0005877526151035
3.4561135387377395,0.097649523392846,6.533263797161821,0.0062264268225823,2.036419048382997,9.010049762430612,0.7189286132969994,128.03376376595398,19229530009.955715,0.0
3.380652010987937,0.037259069465479,3.745194672730757,0.0237979160196419,6.602387331644156,4.942307154350689,0.6435872496232484,102.9401001933327,15854629698.028051,0.0014478447813468
0.6263618447652483,0.0486079097818397,0.7094890833268055,0.0561660621758123,1.0756140507771852,2.306206622134013,0.6777490331580427,61.07394101475629,13853178784.515228,0.0006995926990964
3.571547385678037,0.0961652916847246,0.8522104163785261,0.0212929241677686,3.2982731853553537,5.674105462373116,0.7767159275160417,118.06218965988684,9790396856.188986,0.0012467438634959
1.1638527977479065,0.0642799757788877,4.062254606233382,0.0133062100550313,9.95688904078529,7.276491595743702,0.5166968794318683,112.09798165118583,13582368569.182133,0.0
2.778003497727332,0.097814682030345,2.032875084906646,0.0084772033043291,3.051075498683563,9.25241277666008,0.8382590172890063,125.37015488961696,11893309178.808949,0.0
3.6048307500683134,0.0981784593507377,5.192979071187621,0.003132949914361,2.5029218353232503,6.418142159168855,0.8489822728554713,122.22731471447774,19849604753.28268,0.0
3.453713953001765,0.0939814483058221,1.0416228739609534,0.0218223235066679,4.7611507845346415,1.7983713097693372,0.8078870005796418,115.9420301484116,10532230329.420752,0.0006722797008531
3.0183881512999857,0.0579797900355612,4.237854655232852,0.026481735022538,5.004674254853718,4.405643592005413,0.5533796555533267,96.7875919422982,16505360868.159452,0.0007066362974957
2.835593004230371,0.0683296054101603,5.1951522138209,0.0045838388713947,3.173730559548091,8.654768172726653,0.7524917737003958,128.53510511237982,17272630481.483788,0.0
1.4718053299437663,0.0431390772083113,3.325102057572403,0.015457716405723,2.639524962851205,1.1447947932591167,0.7508146663944215,84.54133374945334,17461037632.327087,0.0
4.957919333536008,0.0379038675121342,5.716965586850185,0.0205888478506343,2.918844543239441,3.652453502400941,0.8006112499407326,112.5517906586876,12663724906.829063,0.0006416792631892
1.3019452892858736,0.0851043158920839,1.742513574044373,0.0054744735754651,4.709667158862821,8.220377068440646,0.4344565335642893,98.45803995197696,11015169096.087082,0.0
3.7891592386267687,0.0213245061456251,5.411539107237741,0.0287069366203832,2.6827270808912616,5.349919286693089,0.8144702138000544,82.22537834156277,16520338791.546392,0.0005647033751487
1.6695641273922577,0.0599453364927579,3.326290559698148,0.0045650597907145,4.487978348524677,5.785091327419489,0.823324082723604,121.21519988280002,15506716248.230742,0.0
2.813658462072072,0.0380962154982132,5.555935800375377,0.0574022330537895,8.68291848937631,13.164836851665278,0.2684961634247306,60.4322684061923,17117435023.510933,0.0010684111449195
1.7828496636108115,0.0607369600830123,5.044331297685191,0.0155584278493311,3.6104754155433465,4.941493788514933,0.4120890269421845,101.4443104022537,9033688243.756037,0.0
1.5764733530322066,0.020762708539515,2.50063487544433,0.0044316938367496,6.8976665405106194,3.715550352660827,0.5283753377521097,124.19149119604792,19018869105.408543,0.0
3.075010379221012,0.0753338335614428,5.007394366545413,0.023101786576609,2.440987176142812,4.838070815462384,0.6896976378469305,115.0558480928112,12690418006.91687,0.0005822082534122
4.85915463184232,0.0521086723594302,9.911205778678694,0.0632986843632522,1.037090915966695,6.72040215988016,0.1655527581941744,97.55771232401442,13617794283.868824,0.0011566176814295
2.013266552595484,0.0987951768362296,1.69959952713458,0.0215975005002377,2.9439489872066944,3.225177498379193,0.2143737699136358,92.49239982746772,10698433535.163216,0.0010794141018225
1.3050514545073997,0.037213606662193,4.929214086324202,0.0140791088237317,8.475802978547872,6.432594044850921,0.7739362789382869,128.12802738143364,11156764328.44304,0.0
0.6359210133081401,0.0091876141480432,3.530638306335225,0.0026184629439286,9.917420180449373,1.1693195379340842,0.6384662458243858,129.6309226155244,17115453477.0131,0.0
3.776527175960088,0.0394229390771681,9.205481944855244,0.0742815368520699,4.618560777754489,6.342312586692892,0.1100047840137178,63.70931512258332,14684337414.940975,0.0014269008767763
3.8503739769155176,0.0439095668742203,1.4639368101801638,0.0379144592660621,6.833998589218953,2.1927278304267546,0.5207233000106583,82.1848633462719,16287597246.392937,0.0008693213383112
1.2077719562037803,0.0257339516438253,3.9152364009303415,0.0075913214225603,7.779212320115031,3.561353460334173,0.8199271032421629,119.58216505961909,17074024623.812773,0.0
1.4283646691695404,0.0816794856159208,2.6873267407287678,0.0137547538476837,9.166326835082405,8.625204094310227,0.7136743530416492,84.24174457956066,15587072167.186943,0.0
4.478959981056403,0.0861953173922751,1.1747678094755545,0.0456484822840882,7.065732696063078,2.6921117071201266,0.6074269856692437,122.54223286833404,9882431111.15615,0.0012944031446605
3.4561135387377395,0.097649523392846,6.533263797161821,0.0062264268225823,2.036419048382997,9.010049762430612,0.7189286132969994,128.03376376595398,19229530009.955715,0.0
0.691872706478247,0.0415822505908431,2.627111196224087,0.0161841372828073,7.87311440771799,2.3818419988768103,0.8478138436828347,119.04418099506968,15318537147.245522,0.0
4.211840384968094,0.0808593670129832,2.060484738868799,0.0196563439543208,1.4156959753758886,8.854244138217293,0.8020793178642792,123.08623929024944,14127811416.228426,0.0012710422600731
4.80008962935486,0.0973188058579613,4.757049655120368,0.0033978479997564,2.2781531893147995,6.450572246587276,0.5403890464293777,97.71492563715049,10342477629.26332,0.0
1.9260785986746505,0.0600247078494047,9.04288833534439,0.0139000760118885,0.2253392718169669,4.0467605360557295,0.2354298403695484,82.7616438001435,9645337654.052065,0.0
2.747070184205996,0.0976582694363095,2.0927095465235244,0.0095855473724825,3.1299554323252514,9.04886138369791,0.8340401949647097,125.87371165603489,11760722577.051758,0.0
1.5718699423825369,0.0315721928002489,2.498075561281948,0.011757399935151,7.780520074950154,4.713381097818865,0.8422400007169774,95.56924608716712,16620603105.773766,0.0
3.604188922488964,0.0982041760264401,5.193821894643813,0.0031336876756036,2.5045091474320924,6.417311703291795,0.8490878147587476,122.2351162731333,19849417794.29434,0.0
4.051178560567541,0.0288794954677415,7.385006825549194,0.0159673433488653,6.294812848659929,8.691034216846013,0.7867447228672722,125.7287667532749,13279204550.470793,0.0
3.005120065640108,0.0470181563987739,4.149944456964619,0.0269368548448569,2.1219672552474087,2.3918150563694747,0.410562996115464,99.11362589922808,14883954921.792488,0.0008918440941994
0.4618246116062167,0.0748942876363918,5.388465350596244,0.0063702834135669,5.1744903984084365,4.648656468929971,0.4409808035025632,105.5366168309226,13881006274.360512,0.0
1.3512918123531794,0.0114622075266091,3.063043377871232,0.0042619676511502,8.64069439268763,1.1953073618139052,0.6287207971048775,106.45744146899908,19734385988.068974,0.0
1.660800398980813,0.0863376726903485,2.8750290606579574,0.0059662293839464,7.31608421981512,5.86655997170659,0.8101720491656053,125.38707405590864,12410264967.429169,0.0
4.690365660861902,0.0925848158159962,0.811173587337953,0.0761170456784837,2.1943320601847445,9.568701909355283,0.3606485144222907,111.80026593692072,16624539538.499563,0.0009713059208442
3.001769904089072,0.0955771354281549,5.110022870556254,0.0038618845820872,1.5348094946881023,6.437223733155886,0.8078876579354022,122.60705776851978,18329664610.745163,0.0
4.295707456436035,0.087316630249173,5.91393059836971,0.0334814438121962,4.180374389917063,4.2446701087551215,0.3404931276970952,109.11636841028064,10577878899.45782,0.0007246601246255
1.269992688037069,0.0586094986131999,0.1237280904791035,0.0085094468546306,5.179053676995429,3.439271261489336,0.7413153925458303,100.04258385032746,17429404388.65441,0.0012418210050047
4.02287964368964,0.0673707948739754,2.0810696141240155,0.074325506410444,1.175069853498853,4.213019203486899,0.5914384820033886,89.72333529114134,12130422308.59348,0.0005102701531777
4.824382480465921,0.059160996706318,6.182110924941815,0.0722950921579944,0.5530135007107725,5.021314398805872,0.6295523375644335,112.67742156584382,10516681788.314192,0.0006177641146491
0.3519442853829735,0.0504244171765466,4.142102269365196,0.0232727538004595,8.696152345528459,5.414749952845868,0.604562739741521,105.9996502804772,11363463300.06194,0.0007235344177812
0.408975051176457,0.0062842008884449,2.2212770271992457,0.001994123497266,9.964374539570914,4.483150806445709,0.8481533550880526,126.50345182869232,16172914679.869623,0.0
2.3876227136337573,0.0836997720189316,6.629677150324326,0.0047919897450486,7.807931732921968,6.34923190276611,0.6820575647315154,116.48072604809546,19462404183.99165,0.0
0.3506254651953732,0.0182880689170353,2.7575624609176645,0.0376400014020243,9.92259853812786,3.158375225213718,0.7979097050588831,86.02021559742062,18654748714.35909,0.0011707401756991
3.805465619500057,0.0614281541846958,8.152552426265048,0.0320666169105672,4.955212164174059,1.8102944108318264,0.0734053387711233,116.75960979273694,11800696980.11295,0.0008007665416935
0.8434144565903728,0.0314235692326137,1.7467953595471537,0.0099890690281713,6.472165688913608,3.606431076756063,0.8409696968914963,124.4398698995033,13827403176.961391,0.0
0.2428374062545305,0.0810008801144149,6.875499269770093,0.0101411384927968,4.9724112070809925,7.412868250018873,0.7520144636830773,90.9225521774733,14556861882.075146,0.0
1.9615464088183616,0.0254799572986688,3.3612675063005963,0.008299835525494,1.2754980322763831,2.8865997629085727,0.5170691254434863,72.1173265202052,13912718799.332949,0.0
1.029334255270236,0.0391986314657213,6.760837832770547,0.0059938920584475,7.086283715750739,1.355809494757079,0.4367956036054566,88.86109650876712,18601335175.37039,0.0
1.511160248700462,0.0228474190096805,6.0451906271963605,0.0042321388106836,0.6420458723119044,2.257659108621077,0.547845754742245,76.02608237484549,14142022056.492737,0.0
3.947603174745193,0.0637155432737929,1.9620564929996056,0.0123671443282665,1.586594835676591,5.6259845536908495,0.7330142354859032,120.49145896870516,15482271664.377628,0.0
1.672577689733196,0.0427102926506886,2.867648993467796,0.0444946876008288,2.6087308207840967,1.8703149569367912,0.5122614430177553,104.48059512708603,10586405681.42363,0.0008162397378235
1.7931942659558664,0.0306214035517753,6.240182186179773,0.0045666753305604,9.923103627265997,3.870166707739051,0.5319327303358671,110.6110644542139,18006880886.064438,0.0
3.23931108351071,0.0632655154178259,8.088234163540205,0.0289099317717246,1.4273870814121137,4.5711344631907,0.566240631389702,95.31436510432847,10794621173.383526,0.0005801698852076
2.0040621738290407,0.0072808609696693,0.4490314112460939,0.0065858819207205,2.8136806065504096,3.924603936167617,0.5373271195777408,94.45391599996516,17665994918.794914,0.0013016726157284
0.6829127278626647,0.0155887388456599,4.126826195064259,0.0181102530837298,8.759734365035513,3.275603191260359,0.5001545768063275,115.34598057786128,19545986062.69676,0.0
2.8297971506758017,0.0715228218424221,8.121720881835428,0.0084124651000358,7.046888524420056,4.625875281199503,0.7566855631057219,115.50120127863384,16224790513.06018,0.0
2.9433469670636736,0.038288013210758,2.5807727278146992,0.004544669087585,5.114544069013565,6.494517671842927,0.5992853418973377,102.28178449377909,16917678259.797558,0.0
1.4022064710023905,0.0250685124967379,4.276523207017821,0.0101674509261524,7.089575612813168,5.000415978101919,0.8341962808802155,120.4326844098315,13845203600.142435,0.0
0.4023181750570545,0.055139746181568,1.8354429262787024,0.017873751866732,3.8054067962806704,2.648453165753798,0.8002585302978991,86.52509337096318,15329457898.096905,0.0
2.86214469760119,0.0527763831981048,3.927669204411577,0.0061660426575981,8.718297236160433,3.658409038546797,0.1215878721831007,110.13097983055265,16516337851.879696,0.0
2.174337705348988,0.0297684597681713,6.141720313742967,0.0205888539428237,1.8629212812054512,3.846290446763464,0.4297114885631732,89.23595234503784,15374111095.976627,0.000893755085196
1.6930227688072332,0.0516925636238898,1.1804541441038314,0.0066417240528519,3.7946623414387615,9.006128901929305,0.4208518299467196,120.08028010689463,12806626126.813583,0.0
3.10112040711598,0.0691257549847716,7.423261379400658,0.0053344364604738,4.284946221707736,4.064235898967743,0.7216759993246005,124.32154656845164,14378791105.99704,0.0
3.2481977569124494,0.0726721860850508,1.2424235286642764,0.0100162760183744,3.048319345606816,8.992538541891678,0.8241771200900136,107.30355714141116,15113285665.246004,0.0
3.2301071275010758,0.051292892694676,7.905916106978085,0.0261538242610232,0.3981747782874784,3.586210015937501,0.5351694758466845,112.41419593852952,11803186412.319036,0.0010313333022666
3.604188922488964,0.0982041760264401,5.193821894643813,0.0031336876756036,2.5045091474320924,6.417311703291795,0.8490878147587476,122.2351162731333,19849417794.29434,0.0
4.185216939501973,0.0725537113852087,2.061643191406923,0.0124876368208398,2.396180733843029,7.505019375551752,0.8284711839568526,113.5808784404458,14067894440.423073,0.0
2.999955490269144,0.0689518252218819,1.202117912099927,0.019285816615029,4.598700108991017,10.263840244346852,0.8172480080238955,117.96402859019744,14128832194.589537,0.0009098429870374
4.251932668300968,0.083245984870823,2.621918875805953,0.0346301630488977,3.0392264750357647,3.774263939970742,0.7001542412723422,80.56788993201155,15384105532.41125,0.0005043394032289
1.3019452892858736,0.0851043158920839,1.742513574044373,0.0054744735754651,4.709667158862821,8.220377068440646,0.4344565335642893,98.45803995197696,11015169096.087082,0.0
0.804867033039406,0.0253234935523019,2.385814275890132,0.0039880120118767,9.072530536877611,4.512064606208351,0.6572508066985401,122.5882121784028,16607048553.785534,0.0
1.6437533588024968,0.099910677283939,4.55568327030422,0.0063734879441573,7.358559504687464,5.762397767843031,0.6505532731834268,104.43515433732335,16178392218.803793,0.0
0.1784350575539987,0.0240514169050534,2.6162079883669134,0.0041518442003332,6.360580514687392,1.9525428728987908,0.713370037676123,72.80832499537539,13002480129.040316,0.0
4.810778576051618,0.0303519956184086,9.270114126969595,0.0934849380974704,5.232008814117186,13.032876820003793,0.1868865981756275,84.19224772602055,18180298107.796528,0.0005513351088752
3.938569768407693,0.0150634359022649,6.37909835827271,0.0912999893179791,8.552255631659284,8.107873975761617,0.8014868787733911,61.54139792349746,10972365428.663069,0.0012533336782572
3.786184994780221,0.0300520432752599,9.73115069022827,0.0291766533358429,9.449646315562797,14.34602472959008,0.6002501845969345,83.68894940608527,18844343791.90616,0.0013137118478799
2.6130270986714264,0.0358623286037182,3.835233055600109,0.0380197893357023,5.253584947352607,10.753626921696965,0.1633506777788766,98.02451819538716,18874314696.66479,0.0012274244339073
1.994881992928368,0.0251825653041301,3.2518408270834205,0.0110549409231068,1.283048283304661,2.373131138075213,0.5084341323624081,73.45285827457442,13681761422.138828,0.0
2.826830894080745,0.0222106420113883,9.306096517275178,0.0348950817355286,9.033810049823304,7.640129099579261,0.2528780424073809,128.09238754267218,13510280580.852827,0.0009683203420049
4.014792359511879,0.0928172859128094,2.59294528434061,0.0420535149018739,1.4023326782419383,7.541841145473143,0.7323672654683661,116.79357058287572,11125960775.889977,0.0006287250077585
1.320155367026104,0.0266323615794835,3.3496100362667405,0.0060829135844323,7.822593500593984,3.571064106372011,0.8107853965792059,120.86599402678988,16398538010.950533,0.0
1.174940654283663,0.0932831440753529,6.446063786957341,0.0099649966341117,3.3636011333065388,3.077461055884513,0.7885612842997981,123.12971252806976,13889316229.700045,0.0
0.8298038785018372,0.0682642792978011,7.391590964828504,0.0722680009905109,4.364495080077093,1.986213738685069,0.431703695362918,127.3477432527065,14902374983.269451,0.0010346530830144
3.273290227889732,0.0207065801488905,8.096030446101256,0.0334132383939958,7.045581155678821,3.596604471234265,0.3929959938638494,99.36820005212437,19182242264.810257,0.0005812970514738
2.9400832413145426,0.038425678226553,2.535677184977478,0.0045439426952779,5.1359090987816565,6.476008716572851,0.6014843551430339,102.2141563246474,16919786320.580282,0.0
0.180920146270798,0.0240853882684073,2.6222128570745573,0.004124965908376,6.356975955236734,1.945100819571378,0.7134548931952541,72.81115767519088,12995681744.288813,0.0
1.2635594736805502,0.0299728452328741,0.5235278869673449,0.025072619076837,7.000132467205969,2.3199722123637927,0.4135003214151094,116.89828938734776,12462318014.725977,0.0012373371679706
3.203984606186413,0.0735937292453096,1.161390216716424,0.0079950154386634,2.906426320712962,9.498403006530966,0.8273537326148126,106.96884590509832,15088013935.611784,0.0
1.341696482857936,0.0469084166579182,3.2760735630156748,0.0066789735807514,7.455217586344736,7.845165394632084,0.7139913252793467,87.83136748072262,13808527889.918722,0.0
3.0077607601773004,0.090162012897156,1.889705391905963,0.0217055281292439,0.5342960007208883,6.130472519314597,0.6384011655032339,101.94309498163828,13639342097.670233,0.0009370296001914
1.7018738883432196,0.0940158866921101,2.5581547998915064,0.0093392111202623,5.348520120353316,6.504462773214847,0.7220132024189473,125.83526427658042,13392567501.974731,0.0
0.5936737886973578,0.0085518080678846,3.464365793265625,0.0048292250579617,9.723393763778388,1.2951629010575032,0.5808231091790257,129.84495229188468,17037994708.79384,0.0
3.899176617129157,0.0898950475269718,4.846699532180409,0.0297528304371484,2.2004512616355005,4.485562546555276,0.3138976821910059,87.9296560673024,14857926573.904358,0.000539217782798
4.3783864122501965,0.0920607496842985,5.345073918685411,0.0017311959951759,5.129733341818295,8.505631120096695,0.2229836015379275,108.04560358612132,13613528164.320051,0.0
0.9322694000132732,0.0560747302754887,4.595857278875354,0.0040810296874488,4.987362947618197,5.497669248239467,0.2459167059307184,93.25278769687806,9397291364.459553,0.0
0.6694895350820474,0.0118338335458801,2.866042478164186,0.0037839592473996,9.87867424853127,1.1337951468751015,0.6039106388593668,117.89554021354444,18434700675.992493,0.0
2.4707833871796345,0.0246745445444548,5.947250448420522,0.0201304341355679,3.868597289945933,7.193025900328173,0.7540267846095219,80.47094584573144,16536933488.720234,0.000749057840937
3.250506859715978,0.0736209137924942,3.4657299741199576,0.0108145007261036,4.208630179431835,4.943103175146367,0.5812549311398827,115.61929962939006,16107084808.588615,0.0
0.1650273157439408,0.0502378470541874,2.5586828314019456,0.0044604006994514,6.886802086768065,1.6987923098051716,0.7565042747858607,75.30379792405408,12976433866.12614,0.0
4.347448088966317,0.0780296767930297,8.779337067241448,0.0525987254957003,0.2018318353001817,7.206402304896357,0.7702350395789375,129.38794955425683,16008921729.63474,0.0005056361472891
0.5250342164324774,0.0579992073075076,7.459122222503776,0.0122003736769963,2.1332053296500457,2.8899733222099075,0.4454589010433329,125.32008598255504,9621144089.705769,0.0
0.7563298494407719,0.0187704011504927,2.708767040391381,0.0044161760274881,7.405973293971484,1.6733518086199848,0.6334990440504398,124.5653119590025,17161965755.87513,0.0
1.210337487717814,0.0255909169072839,4.280747488884093,0.0075827816511087,7.816940313840141,3.65516884265596,0.8165033640109083,119.3483429744152,17181548524.036423,0.0
0.6106867334719212,0.0349546748281508,5.139667937280425,0.0091175524635201,3.0339273061864174,5.704608713415382,0.6996980946756881,98.58748931905532,9944595353.11204,0.0
2.049451905927546,0.0494670315960538,6.645715096875829,0.031286934806877,5.113655226866976,4.558832830852737,0.2769872044716123,94.08630613259784,10461435981.450068,0.0009364189619726
1.3735939817561482,0.0659840524223307,6.122637763122487,0.0033396416947027,0.146597025331586,3.085554867520843,0.8104476383919369,127.67060787897825,13691867256.665203,0.0
1.1411317136543555,0.0195228000823695,2.738705189571718,0.0156255031348378,6.73817463431971,2.1219624352385527,0.6259219582557146,83.46120792094692,19950318128.835945,0.0
1.7914466310656665,0.0796609675020641,1.464352871785924,0.0213232348409744,3.429745991990003,4.047572798806894,0.1760755283401056,111.3110526845997,12892478429.375675,0.0005976866628249
4.945564316276938,0.0406519050690677,5.816299247251167,0.0202880486846591,2.96293633488008,3.7314634373774656,0.7779388418056422,113.82223390563786,12637780349.26796,0.0006581739828082
2.1590674426073777,0.0680694921038512,7.386594322752752,0.0254639216929143,2.1985982069711394,13.49532986466722,0.7197699561567558,117.27236277954114,13759762955.923904,0.0008312363542447
0.6951737830070398,0.0680423084366783,0.7229915581157007,0.0488913995312677,6.743614680526243,3.3427472375645277,0.5297856067019513,90.63348077926938,11206502202.06303,0.0011693214712327
3.899774310979245,0.0449600915541702,1.7091939777841123,0.0386031953152598,6.877792581619386,2.157739633874328,0.5044059013897001,81.11335655740653,16227723086.59244,0.000855292144857
4.548169904575709,0.0914449489310958,0.8110572954256968,0.081033837762722,3.931731301859976,6.362377974521995,0.3136665805269071,118.94335789999865,15188048388.798126,0.0008154791561198
2.3019967643034294,0.0219044294736466,5.4756528994292015,0.0133061214116794,5.486345918953363,4.387669074358756,0.799228327926287,129.1943191395815,9997568337.124125,0.0
1.3511218150946596,0.0115507403182858,3.069878699493606,0.0041994843096158,8.61693785380757,1.2056865723135215,0.6284635956948712,106.38577327058648,19734080761.81443,0.0
1.2150410670924154,0.026553239727,3.112800982355,0.020548868197439,8.06574677283251,3.5950326391168548,0.6593007640226574,94.40722507427375,16017772297.780224,0.0012637401094341
1.9161594324800293,0.05998762596681,9.03923942000429,0.0141170749596724,0.2301461330709044,4.071129917443759,0.2336872998730519,82.82973401648367,9631840180.15193,0.0
0.9441357947041672,0.0076377135972505,3.855439633999096,0.0113756067383424,8.571786550191533,2.008534668397913,0.4713912629123301,124.967558612332,18810622433.036987,0.0
1.4148765196520263,0.0546109062940747,1.8908234521614735,0.0141823115947557,6.740450330907163,5.721249889696808,0.761548696751729,119.02932287930996,10610672427.300789,0.0
3.3601301659437386,0.023855324944927,2.552084263384174,0.003059431873415,7.336990113697042,2.6025088810642165,0.7297403260614158,72.06564811718823,13316482602.379978,0.0
1.085955418711251,0.088861980025744,2.9827326815230766,0.0123407539020121,8.041635686647611,8.240521917883594,0.4925094575037101,90.3827272178156,13064362423.318356,0.0
4.70150862691657,0.0693231647538226,0.5035807462785487,0.0348032654607463,1.243735664159603,10.32477561845962,0.8370717502408663,96.97436501041804,14028811440.282324,0.0009336924399967
3.431470812894745,0.062788896988246,3.5902904798656574,0.0158446094779156,3.2782371728835136,3.978856440530061,0.2440196557524233,97.88775341808189,11704298162.897526,0.0
0.5696199021129484,0.0400225777013059,8.184279853233974,0.034761945264902,7.259369770490655,3.713894306825509,0.622072055717759,109.82348863505791,13907951595.088345,0.0010917365521765
1.3325128027639586,0.0135612133268862,3.1001090494683208,0.005659428902508,8.709587891308507,1.1187543330394896,0.6392138103047535,106.99904509396558,19616916220.28803,0.0
3.9664139602375306,0.0529909263543895,0.558514975867301,0.094316767379758,9.171289436625743,9.017243392514322,0.0411924400966575,129.21982148613458,9951206248.130615,0.0010532057623484
2.363721079671618,0.030692091928615,5.186068072225044,0.0661060893422839,8.805805335235398,8.280355955309444,0.8486312242656922,99.18822158678532,14402317135.125237,0.000669252680936
4.334987369803005,0.0462110456746429,1.702330090248549,0.023598791737469,1.0617334515472117,2.456415539442641,0.7632473249098914,128.4146788201322,15551977229.44067,0.0008919159103817
4.805068074602825,0.0572057252433768,4.788270567275293,0.0495493956152211,1.35260926428728,8.390158118009904,0.8313066956481322,116.3036958815993,11770904026.039606,0.0006109824289846
0.6118635022653355,0.0851152469641471,0.2939399816905287,0.046915927635301,7.484971707531537,8.541680388844483,0.7016386158742236,97.59320991258528,9656704154.958456,0.0009430237311579
3.2862650154157738,0.0585089741705878,3.916149090133973,0.0235813252675241,7.484759156344598,3.2493431732193376,0.4708171170309462,119.35276697095452,11094109260.499763,0.001284805103246
3.32868204813442,0.0931385114288697,7.786952617293247,0.0111560807519482,2.2028402736052985,8.200781134779035,0.6502004012639344,117.23448251400958,14727969360.816353,0.0
1.431277107924212,0.0931909844485721,5.2509446186100055,0.0512889817151009,1.9807398500729196,2.573243424226347,0.8045830573324357,126.23070096869222,18958408325.14049,0.0006746292836347
1.2320120138262334,0.0249707185616266,3.77154694550504,0.0077494473468733,7.817737492440822,3.49332758453776,0.8236069614825839,118.94520431240636,16713258589.285269,0.0
2.034999099379926,0.0702019440344828,6.922962222967289,0.0052967365835996,5.694069622791687,5.1525242960211015,0.6798565150133444,107.81314748157445,12732980571.552616,0.0
3.32868204813442,0.0931385114288697,7.786952617293247,0.0111560807519482,2.2028402736052985,8.200781134779035,0.6502004012639344,117.23448251400958,14727969360.816353,0.0
1.2320120138262334,0.0249707185616266,3.77154694550504,0.0077494473468733,7.817737492440822,3.49332758453776,0.8236069614825839,118.94520431240636,16713258589.285269,0.0
0.8610825215127348,0.0079856474234842,3.6892822417403672,0.0107214246338458,8.675615694861333,2.1591472727112686,0.4445887667936826,125.84966158482533,18860112123.412785,0.0
2.0427203672465994,0.0290798890934165,7.612121208294783,0.0107333268278544,6.081194095205118,7.5460565263289,0.7230380679195039,64.37934402936173,14698952161.502892,0.0
2.0049810980967315,0.0940576352985527,5.386549019463762,0.0190751625448922,4.366693836560042,3.1703298585649407,0.7709808864575189,113.1233514986827,18807413174.613712,0.0010678452615019
1.5764733530322066,0.020762708539515,2.50063487544433,0.0044316938367496,6.8976665405106194,3.715550352660827,0.5283753377521097,124.19149119604792,19018869105.408543,0.0
4.800167113277551,0.0834490937360495,3.2881240157399185,0.043231594764252,6.844447284462254,4.974909257637339,0.0457248881682578,108.59251065762928,14984930116.54172,0.0006204798527805
0.8434144565903728,0.0314235692326137,1.7467953595471537,0.0099890690281713,6.472165688913608,3.606431076756063,0.8409696968914963,124.4398698995033,13827403176.961391,0.0
1.2391534447469814,0.0266344027610307,3.2912573909574743,0.0137802871029515,9.402992711834289,4.9752861621166335,0.3645572691981086,119.23995570908691,18942937699.32541,0.0
4.314103396627891,0.0363690384090701,5.880499177928089,0.0293744214776466,4.102175187738211,2.8004986916042123,0.5873007510834999,122.61150921271631,19573452030.680668,0.0009523646373901
3.604188922488964,0.0982041760264401,5.193821894643813,0.0031336876756036,2.5045091474320924,6.417311703291795,0.8490878147587476,122.2351162731333,19849417794.29434,0.0
4.678252861873424,0.0844639195804922,0.464247180270372,0.0855981272637297,8.232039866014404,13.41060559872141,0.2060045299534542,107.28981641814988,12242529327.6967,0.0011774553226029
1.2187000402802357,0.0250492610716462,3.763808184113397,0.0076701538955752,7.822657126141332,3.48596552713873,0.8236177851051735,119.02345629390312,16713810578.181849,0.0
4.087090464294124,0.0962477724669336,3.76990271081158,0.0243273820268154,9.026822065674018,6.998934214050378,0.5000410104021679,118.959474813149,9428797652.80326,0.0006366597664193
1.0176801211568358,0.0950579106855891,8.537175573127781,0.0119723441058477,1.5777284298349252,2.131010063491193,0.6572117184802139,118.48473417493682,15524871239.65263,0.0
2.9349745556308258,0.0805575534523479,4.906463569714844,0.025842207681152,2.093643859498852,5.506012606458126,0.6882780025718422,116.2346709970504,11491739001.208387,0.0005877526151035
2.2673177913458638,0.0708203926933403,7.068342580853305,0.0015153657588046,8.67280587758747,9.06264963465866,0.7440962997829793,115.83720005988862,18589375940.97845,0.0
1.804398837209184,0.0573781914408075,6.588957867436213,0.0319553480070274,1.14048038875312,3.4047453849368368,0.212782406149138,97.10152332235732,12273441029.76542,0.0009117342688078
1.2083591335501738,0.0259334956675044,3.9135951384139007,0.0075691106158237,7.781025638064364,3.52381966226905,0.8197059387187535,119.46153265547156,17057674226.089552,0.0
4.205939517160372,0.0816245888438759,1.661579795242746,0.0219804114065985,1.5101590600566708,5.35211371903226,0.1979986022579832,98.33935608946302,18165927928.869022,0.0005682452123574
0.6913198939835372,0.0227586577674049,8.499977253692567,0.0267836591421125,8.871916457706774,2.8050895243708145,0.7243964315693215,118.1911837453542,19620158460.625538,0.0014657451340316
4.537146428907919,0.0714801630563661,1.2136181837990816,0.073593370557839,3.914634553749508,3.014921103627101,0.5921655134173607,63.23355468944352,10422693386.418114,0.0012031402674961
1.1913345192947469,0.0680364151342451,7.352366043531597,0.0362442963285905,1.952556354996976,1.1848102731296175,0.5642389860944376,116.48961223503068,12673038833.90356,0.0010534122508113
3.7891592386267687,0.0213245061456251,5.411539107237741,0.0287069366203832,2.6827270808912616,5.349919286693089,0.8144702138000544,82.22537834156277,16520338791.546392,0.0005647033751487
1.4436386265240864,0.0459132602280568,2.643793450254665,0.011666169498875,9.662965440536215,4.266256419469464,0.5726397342779701,126.29367244189204,19590613711.21448,0.0
3.161801295182155,0.0686236837580439,3.0646409821980667,0.0075148850685677,6.37634804310586,5.311554845196124,0.0777558487677241,105.46463904409156,14568648316.327911,0.0
3.6048307500683134,0.0981784593507377,5.192979071187621,0.003132949914361,2.5029218353232503,6.418142159168855,0.8489822728554713,122.22731471447774,19849604753.28268,0.0
2.5871334982223515,0.0576796967744495,1.5935127348618212,0.0214379009968147,0.4781588417619481,3.069843263013375,0.7965826229035881,86.31583130820306,15906104366.041231,0.0006356827635811
1.4431717788839091,0.0275447081117884,0.891096431367537,0.0087474463019557,3.874806013998468,7.917436149336886,0.8213160382190775,115.35474025109836,19415218880.45212,0.0
4.012797196074341,0.0885184698989305,9.309328924230975,0.0991213475559465,3.661025631568963,8.01267919350055,0.6362754838564282,102.43948727510852,12054174797.397348,0.0012772472945525
1.3241320174115363,0.0521280725166285,1.66093692806407,0.0019067787676842,3.684620364040838,7.991451052440484,0.4069181933467485,116.30310153719223,12802973533.51246,0.0
1.4163878581012137,0.0607367811697038,6.389137135335301,0.0099861113482425,4.321816302860233,1.7817361880283402,0.4892022882436872,107.61939908136029,10031890139.574549,0.0
1.7870270541697677,0.0528857426946259,2.571185584341504,0.0030335435991454,9.981426251840176,9.659984515498822,0.7093224732860822,82.37767559033715,15777390123.010204,0.0
4.1076304291268935,0.0651990281192355,0.1159938909506607,0.0610081196041377,1.4656027749398166,5.70966087219094,0.8021336498028059,113.64718114599602,17640888486.524685,0.0013852657117917
0.8610825215127348,0.0079856474234842,3.6892822417403672,0.0107214246338458,8.675615694861333,2.1591472727112686,0.4445887667936826,125.84966158482533,18860112123.412785,0.0
1.0838175768637903,0.0531273851733923,2.9978660159344552,0.0077730285054234,5.14008774827759,2.4820348050513523,0.702828329862853,105.90716033951652,11381734994.956545,0.0
2.977153846770661,0.0917680557653377,2.0038601197033223,0.0216863223979343,0.5098416588296085,6.016306216018694,0.6348076255119216,102.88607110311138,13601002341.14672,0.0009295618898484
0.563573961421998,0.0087479750464457,3.5812347433337206,0.0030005575311755,9.736853789944234,1.082557080965477,0.611690314940497,129.86409749311167,16975353542.665607,0.0
0.6817684589043551,0.0869920434601271,9.390093492367305,0.0674406092525202,5.348561833493356,9.661400336737838,0.7191851748313344,62.33493586635812,14819337777.35861,0.0013536332554367
0.5837589452353251,0.0905630087760559,6.125807120253472,0.0178870799575535,0.3383248880105833,1.409494137955562,0.7909033076264402,106.72921835938662,19434954159.67821,0.0
1.5084928532505757,0.0403851743809759,4.969276525164159,0.0524925098068017,3.750294144221329,6.647950274027422,0.1898957797101219,71.19098784339873,14858272305.006733,0.0008726860385348
3.23931108351071,0.0632655154178259,8.088234163540205,0.0289099317717246,1.4273870814121137,4.5711344631907,0.566240631389702,95.31436510432847,10794621173.383526,0.0005801698852076
3.014867278275009,0.0459394265944389,3.94063330721246,0.0276138352449512,2.4651291908866817,2.273836212153957,0.4368861310895517,98.05463618761291,15111026832.762686,0.0008812292360533
2.3891714204238275,0.0787690997628599,1.2150315271399443,0.0080037509841439,2.566403297012121,3.281629038582672,0.7635939750778182,94.8202003926307,10835905803.882635,0.0
4.986673375265965,0.0683113294093178,5.228964068522205,0.0799752426299372,0.5803529923254906,3.25961633560825,0.6708407119235865,80.85371877724515,12295658581.174192,0.001114766116719
3.0886944121658537,0.0421383877224118,5.925583848515451,0.0631187218709222,8.647850593907974,9.321029736091864,0.3586416652598458,61.252666129049416,18337206022.046368,0.001011327775145
3.635051417798884,0.0755081880652121,1.7163870725830814,0.0086320802311512,1.5261491057495034,7.045524153795591,0.6109280732507009,100.89884538708417,16096360920.632664,0.0
3.786184994780221,0.0300520432752599,9.73115069022827,0.0291766533358429,9.449646315562797,14.34602472959008,0.6002501845969345,83.68894940608527,18844343791.90616,0.0013137118478799
2.4021946972927504,0.0829490592552958,6.615875777718651,0.0048681595671732,7.782785252071492,6.126774111072775,0.6856474867879117,116.32199179520894,19534597485.86793,0.0
2.242890135832372,0.056111157356626,7.024463455546405,0.0137643974819243,1.6054621322551872,2.816602019614891,0.4876307922157197,87.5623364562995,13551807273.577854,0.0
1.9936477579778424,0.0704955104206555,6.532060292994011,0.0197497898060953,4.82876490912992,5.776631195173708,0.7147701737177448,105.32599572680218,15714258278.030792,0.0006151821921277
2.25161741456441,0.0774676765256278,2.621889237884896,0.0048932208232733,3.588562422692457,4.721880020484306,0.5905213184071741,117.42709792956374,15958205904.844484,0.0
0.437293735296787,0.0748805526511045,5.421063796333039,0.0063627266588233,5.190863390752234,4.650166924885479,0.4393625293324778,105.70635124680403,13934995940.534792,0.0
2.878971365806435,0.074977744788388,8.717742302090844,0.0749410834884422,6.8686111840650685,4.992267475174328,0.7540053579835486,87.09182609845706,16393959904.611488,0.0013784250872219
1.6465530406966176,0.0937561827964024,2.538245534093668,0.0115492642980854,5.377748891987869,6.860692061152192,0.7224453373637809,126.71718852829288,13318267970.709522,0.0
0.1514687212077108,0.0261673007269633,2.8147584156806587,0.0071629312251829,6.248881982385611,2.0656237068829606,0.6973920601052765,72.49815999340854,13139077328.70453,0.0
4.2340668487025015,0.0991239643417033,7.843646760500499,0.0283533336289425,3.846630140747005,4.239118881198693,0.7798827370867962,127.30522404319868,19261400670.978214,0.0005437324233112
4.786295544490065,0.0757131691955286,2.3156684061325894,0.020558472709944,1.47095817452121,6.760781260827316,0.6974286887931214,102.6876405957176,9909700746.201176,0.000631670873253
0.6951737830070398,0.0680423084366783,0.7229915581157007,0.0488913995312677,6.743614680526243,3.3427472375645277,0.5297856067019513,90.63348077926938,11206502202.06303,0.0011693214712327
4.107837586166283,0.0939408650607416,3.1989687693579034,0.0258643698694825,2.603000718890974,10.082500972943189,0.4040694014354103,101.3747611234224,16816610886.152328,0.0006555577573091
2.04269987041318,0.0833509050437072,7.660084106297264,0.0080265452142876,3.7129545734455887,4.343406167679336,0.6443140282529418,103.59362829460174,14235015752.354437,0.0
0.2054856481381071,0.0728874963209875,4.145819134780619,0.0148840063676488,5.943153428051711,2.7401098764012546,0.3558012148524607,101.88688949391025,14068163286.87639,0.0
2.0846549418747795,0.0842096178967602,7.712568345798926,0.0083197823049236,3.843421940533288,4.4874910132443855,0.6357508398392453,103.08525520874475,14337131181.66554,0.0
1.584553608585496,0.0191216254490626,9.723059766610469,0.003064113530128,0.7074779374807072,6.22063477810134,0.4216910269640145,71.85822131034786,14359071784.504156,0.0
3.2559149432723817,0.0725134234311489,1.231177552072408,0.0100440676213741,3.044776487900392,8.98061210711898,0.8236412391971306,107.22843672523864,15126626311.265688,0.0
0.7132926459279734,0.0252378419521589,3.27214667420552,0.0107867615521074,5.2197239431168345,2.321495734584877,0.5062014713913858,73.09573074126615,13663263767.078909,0.0
3.0076709609189622,0.0454205126255003,4.013930892195465,0.026848187230614,2.4671114147753146,2.337079628611776,0.4369105399774598,98.11923342681096,15114577379.738577,0.0008782276387948
4.3024749926183405,0.062406479257082,4.5356494596494645,0.0055193413417524,8.36594553746792,7.890359268089453,0.7033278635277941,110.0685696657146,10786448515.923063,0.0
4.7431253098878186,0.0921757974650511,3.2819658741093654,0.0305198058073631,1.4297398443262357,1.5411427807802838,0.5368484187017186,120.95322019604605,10237989278.750809,0.0007534429510213
2.6106540425590605,0.0551503182184745,1.2671564332327163,0.0195910714225023,5.728195620502966,4.965400818744699,0.6905161260125137,105.86816816572724,13139127182.007343,0.0009800114257506
2.2840317591817745,0.0594364092896601,1.8532987723168504,0.0195177111706281,4.368766624087294,5.950757242016982,0.3488490293623263,104.21895963581174,11392412621.57582,0.000520598271257
0.4618246116062167,0.0748942876363918,5.388465350596244,0.0063702834135669,5.1744903984084365,4.648656468929971,0.4409808035025632,105.5366168309226,13881006274.360512,0.0
3.430582312709028,0.0939872721624292,8.623474139979807,0.0067895617767574,4.647428939497284,11.251135547736215,0.6793779412696361,124.55999338375742,14793178885.00061,0.0
0.6694895350820474,0.0118338335458801,2.866042478164186,0.0037839592473996,9.87867424853127,1.1337951468751015,0.6039106388593668,117.89554021354444,18434700675.992493,0.0
3.7220854277050255,0.0432189452857249,9.042100779440776,0.0458291117969939,1.5288110456404271,12.817146773198122,0.6376796356863356,102.18655371799694,19498628393.300148,0.001270948400352
4.70150862691657,0.0693231647538226,0.5035807462785487,0.0348032654607463,1.243735664159603,10.32477561845962,0.8370717502408663,96.97436501041804,14028811440.282324,0.0009336924399967
3.126720754927869,0.0454072564349159,4.122567141504359,0.0276612367579168,2.1604260055233198,1.89456442146388,0.4367697607229644,99.32362986013922,15541559514.837189,0.000852551564915
1.4761223189176902,0.0311975341296553,1.734813317950174,0.0138625527631211,3.1866748239141525,5.739387224217711,0.6243653591614097,101.58707684879371,18876277376.744057,0.0
2.88157376057971,0.059141837112283,2.7021239988029464,0.0100702573945581,2.9627026486815566,6.040137383053367,0.5879336418209289,94.86121807798072,17664722459.744392,0.0
3.366123415896705,0.084067101348006,6.067460901558812,0.0069066778589051,0.7419710409353385,3.933395533918956,0.5349065428205643,96.5705360142486,13817503711.585217,0.0
2.920730014786232,0.0767734164998431,0.5076203136212193,0.0188601623291233,0.2849772401818827,8.362256004030993,0.694844382871604,102.4512803861666,9759074977.510471,0.0005136138105789
1.514542617189463,0.048969268562895,0.3845360073095909,0.0270500920255484,5.044261732999259,1.6081695072202795,0.5295136198960487,111.18290133274384,9195761321.466898,0.0009523659888621
2.621140143154471,0.0381827244547488,5.187776482164442,0.0062533273894377,6.393293754973747,5.255619909128751,0.3308703391696255,112.03027061600136,19226505489.11001,0.0
0.9026913707285892,0.0373120045241298,2.2714881412872625,0.0083886998141641,7.945358350957616,1.439733776887181,0.1016933615288195,73.38230825299279,15544483061.285467,0.0
0.7787998169815006,0.0577834912357524,4.620251520966319,0.009948381075681,8.118953424116443,3.91381463202949,0.4886369613933661,111.32088340042556,13647127725.37268,0.0
1.800774660772288,0.0953211629162473,6.541082585900188,0.0214594241937696,1.929239188459681,6.324624960232084,0.8483904523871498,116.15016122509708,18768441054.55841,0.0005983701144572
1.4431717788839091,0.0275447081117884,0.891096431367537,0.0087474463019557,3.874806013998468,7.917436149336886,0.8213160382190775,115.35474025109836,19415218880.45212,0.0
3.1639358109153246,0.052680230057005,2.2371938642376623,0.0017975390432612,3.823522091441428,7.678843112432912,0.4988708489651383,118.0963504119254,13113691624.514929,0.0
2.846345402764152,0.0930376630955465,2.205681060011465,0.0217262759038774,0.4862840953142195,5.417480948522646,0.6183014249951002,102.170823202494,13390487669.768768,0.0009303999035522
1.191936116394814,0.0356439074452572,2.273551056208626,0.0143832412603972,3.597987586902604,4.662028109795814,0.622624830109765,119.45426283218842,18502941547.845543,0.0
2.1692036897117206,0.0396022685716909,4.462760949377321,0.0283190501710106,3.070357891814121,3.2244328519777845,0.5322917918941091,76.2325683744778,13204684278.034603,0.0010548682299976
3.0214612900767244,0.0579803914839265,4.247628983996263,0.0262958218743063,5.025264724722636,4.420735040784358,0.5533810004017912,96.7348030361435,16501701531.221224,0.0007077711798625
1.3512918123531794,0.0114622075266091,3.063043377871232,0.0042619676511502,8.64069439268763,1.1953073618139052,0.6287207971048775,106.45744146899908,19734385988.068974,0.0
1.4895611728628642,0.049903665155861,0.4008197669133401,0.0252672532954773,5.115401349386643,1.101499400910573,0.5191365172438309,111.8516225647007,9046199069.871777,0.000978015441898
3.78822030841182,0.0300746111945782,9.755078755895006,0.029143281835404,9.453999113682052,14.360041030158584,0.5990371318066433,83.59313866525848,18836940876.515457,0.0013143247807335
2.070418445735968,0.0318360232771861,2.506369109253192,0.0040127659014248,6.375509920127618,5.246217265729496,0.663003030847408,117.40152067747024,18861461588.897667,0.0
0.4618246116062167,0.0748942876363918,5.388465350596244,0.0063702834135669,5.1744903984084365,4.648656468929971,0.4409808035025632,105.5366168309226,13881006274.360512,0.0
3.9344973379379446,0.0661351408491555,8.679374973362394,0.057640841333732,1.2510093959077646,2.3260179129190464,0.4858556721937738,115.59552823643078,15081963309.423334,0.0010322475884914
2.4951083228917024,0.0231675157813722,2.75156991884636,0.0243409626711265,3.3154926500890745,4.520691409503745,0.828638967407558,114.51273361653722,14120554973.289013,0.0012989167172136
4.448741190959955,0.0675003381498142,3.2898886635075706,0.0449376270539515,5.25646973950941,2.8461828441948085,0.7503870863996969,129.6168389836548,13043096056.398884,0.001231188926121
4.079403575931022,0.0775319446012923,1.0761413990339077,0.085401635310224,2.61017150082306,1.185247592578859,0.6514366122252139,117.8095254386676,11001803687.728014,0.0006859922398789
3.10112040711598,0.0691257549847716,7.423261379400658,0.0053344364604738,4.284946221707736,4.064235898967743,0.7216759993246005,124.32154656845164,14378791105.99704,0.0
1.7062420248708277,0.0513299173591276,8.434721493894472,0.0028452262052862,6.518753090193973,4.352796813338501,0.4376266396269337,100.43500720332148,12203956573.264011,0.0
3.4635429731625225,0.0700663496204583,6.536123629902463,0.0653526380759132,2.3008237335303776,3.778907550302237,0.5762482489808405,88.82425469137316,15280551450.628183,0.0011342216968494
4.185216939501973,0.0725537113852087,2.061643191406923,0.0124876368208398,2.396180733843029,7.505019375551752,0.8284711839568526,113.5808784404458,14067894440.423073,0.0
3.148412823035,0.0400360692727124,4.803330521452066,0.0369646312171697,9.045321785140631,13.048952078195192,0.2906646701287891,65.14806635385821,15541426086.233822,0.0007537016161855
2.782803814619596,0.0620102802157478,2.6790926723477213,0.011360433283927,2.918748752723308,6.241311939593179,0.5749132288561201,95.28621759557156,17712991718.826714,0.0
3.246867868031449,0.0903629319504539,5.875027453594851,0.0249975175245322,3.582903316689713,5.765108984866584,0.5882859441191133,100.3865936878268,12768183493.317604,0.0008549682708743
2.860343097274252,0.0818118617401618,5.109796534316371,0.0189302200968788,3.776412504344722,6.081779646894765,0.6616020803353484,105.50080040268962,17678395939.635258,0.0005532040111939
1.7956600643420175,0.0541577457497738,2.313739265981533,0.00658820544709,9.953857859522694,9.282236081668504,0.6999979397054947,81.49069518062024,15863196520.486507,0.0
2.594917427301392,0.049378566631529,3.807906456274796,0.0179618543110673,5.032374881389835,2.623111014725952,0.289024897426005,108.96524125464468,14273187235.887962,0.0
0.2759150672023664,0.0139999205107328,6.635083424415604,0.0136961435446551,5.763294855155812,4.21866935261442,0.0224619101558588,100.4548512289011,16250382531.451828,0.0
2.870136517218748,0.0669402535185769,3.629733452418708,0.0047464098467528,5.14342040076466,1.8167458205813023,0.7577195631827153,107.72755997107237,9113515769.942509,0.0
2.053587296960452,0.0698757156028947,6.389914457643108,0.0221472839034778,4.8427739504566105,5.444964643791081,0.7022716216665087,106.58246546573768,15280723923.990746,0.0006291176547086
0.7291509171603168,0.0487603052597211,5.97899169151659,0.0148669233468673,4.190091569902951,2.913705527879748,0.5127288361220389,89.86755922937398,12160246508.353027,0.0
3.604844412379123,0.0983456361566742,5.205522674785732,0.0031261546237828,2.518063926118824,6.409183686039398,0.8478653254982371,122.17251644709074,19844047984.267506,0.0
3.993056429391416,0.0840244731850227,0.5958999840596788,0.019813223181319,1.9591884565704012,7.723908494584584,0.7203458791420315,110.64613452982792,12467433920.998936,0.0013887358126655
1.9330218104690895,0.0656018321029764,1.183655403862382,0.0183270012425116,4.331467421712393,2.261924513862401,0.6883934338082945,126.988168104889,13333310992.7533,0.0
2.32198420959627,0.0523678421235805,7.449012862591608,0.0126108111965785,3.3689288935341475,6.339296736199799,0.5172775143138462,84.55255168786965,13547006016.559511,0.0
1.4315234385269364,0.0550648804459718,0.4467851096947965,0.0170293587113319,3.016332982525056,2.1363802918139854,0.721628983995431,102.5181304610306,13936958958.927343,0.0009252741178073
4.402882351369523,0.0799191034679391,1.3417336282421943,0.0113440323948683,0.6171666799682557,11.753749951276609,0.6932863591453523,106.50341522373994,9162919074.451414,0.0
4.178454992639048,0.0775691484734112,0.8835265959869801,0.085156666443256,2.4589052709823838,1.2960558059631424,0.6506921590932082,118.74336877975024,10773846363.931623,0.000670494178541
4.365649464358631,0.0512621174159067,0.2591644222128749,0.0968261852856344,6.948119427612616,8.537120030210856,0.6268717513878193,71.57850361917238,9024588663.263325,0.0010157202698334
0.6487217489910626,0.0358190187881178,5.959446781253484,0.0065300286985114,9.4313120421518,2.6533374752453622,0.8207219124885143,112.55797977870456,17653485479.44674,0.0
4.661103928169939,0.0843947767018289,0.4798535638385872,0.086036192718599,8.235329318196614,13.421385732726472,0.2065702721872993,107.56435645290736,12233763799.75255,0.001180284787951
4.96685984208423,0.0395096460344242,5.657442859787188,0.0229782064955829,2.9891658666004703,3.444824309336356,0.7742085504898484,114.44692423277368,12328857061.838743,0.0006732565539239
3.836676418973863,0.0408509096053722,2.200864824135636,0.0371947054650505,3.244362676373452,6.715722681210799,0.6042999067584769,111.93219883946416,15129176023.865145,0.001117166730748
4.7431253098878186,0.0921757974650511,3.2819658741093654,0.0305198058073631,1.4297398443262357,1.5411427807802838,0.5368484187017186,120.95322019604605,10237989278.750809,0.0007534429510213
1.2119380581238834,0.0167830552442106,7.118998583784657,0.0151386066273576,2.332314408590361,6.951663626524981,0.7228375546252639,117.3692340828224,17907376284.058624,0.0
4.016402252194939,0.077018953846649,3.2735344317382857,0.0094988342642672,1.3050424756619692,4.330753251564325,0.2583211716776303,105.72323921191908,15931413722.376991,0.0
1.660800398980813,0.0863376726903485,2.8750290606579574,0.0059662293839464,7.31608421981512,5.86655997170659,0.8101720491656053,125.38707405590864,12410264967.429169,0.0
1.6930227688072332,0.0516925636238898,1.1804541441038314,0.0066417240528519,3.7946623414387615,9.006128901929305,0.4208518299467196,120.08028010689463,12806626126.813583,0.0
2.287270391708753,0.0373965235721803,2.743694742362681,0.03013953171553,1.932967982712986,1.1685697721977562,0.0848318888790745,88.23684693725633,14188845955.481949,0.0007051565904644
3.98632220032562,0.0854806795652274,0.6610510931038632,0.0200196811659958,2.039378902925176,7.8550480161231855,0.7108713688934674,110.71736037405395,12510403959.204628,0.0013703654240268
1.3343264311219711,0.0283635734662809,2.099230843965845,0.0293839222492481,8.48702761791937,4.35414780379716,0.7787045298284911,99.85090554976782,14472219343.848352,0.0011937733785726
1.6839963365077553,0.0147466163587554,3.2678858521428547,0.0059730126016259,2.28485599692522,4.140605619865971,0.15129467016842,82.2942940156002,13204816097.097002,0.0
4.030413931639298,0.0329112793650751,5.571124413716967,0.0232396880266519,3.7535704273910113,7.888172813666258,0.7171069240328665,126.79737844807858,11251840102.182129,0.0010671523080705
1.3706015890657446,0.0417409770770309,3.199678651711949,0.0168042270468787,2.49590186810591,1.825381970425544,0.7482269339506433,84.33721997282528,17514014530.73478,0.0
1.6191236098941737,0.0291749715647876,3.3163499729296566,0.0954028339135675,4.286954850552913,1.2324611310124969,0.5608556544745207,90.16695602267308,13420193021.400824,0.0009758773555872
1.7828496636108115,0.0607369600830123,5.044331297685191,0.0155584278493311,3.6104754155433465,4.941493788514933,0.4120890269421845,101.4443104022537,9033688243.756037,0.0
0.9334396404458448,0.0557393362680614,4.603485249349079,0.0040940734183311,4.980190950594832,5.495814302995175,0.245501060255168,93.25493075690189,9401034616.81094,0.0
2.4021946972927504,0.0829490592552958,6.615875777718651,0.0048681595671732,7.782785252071492,6.126774111072775,0.6856474867879117,116.32199179520894,19534597485.86793,0.0
1.7502816889907782,0.0155787044542697,3.406829497622675,0.0067643235516548,2.158848111957005,4.717970675716462,0.1594133343950497,81.55717362302624,13218115627.636316,0.0
4.643843392095765,0.0122801457584184,2.351462504472369,0.0702563411629352,7.785437011731421,17.40639402149738,0.0725997686189809,105.95304129712513,9763808661.438606,0.0013732727066178
2.870136517218748,0.0669402535185769,3.629733452418708,0.0047464098467528,5.14342040076466,1.8167458205813023,0.7577195631827153,107.72755997107237,9113515769.942509,0.0
4.267904061253064,0.0847079943459504,6.2654382165180165,0.0188054743093176,4.746102040012574,4.026730250951651,0.6108655618065374,117.3384353271521,18415073557.544075,0.0005006699927435
1.3019452892858736,0.0851043158920839,1.742513574044373,0.0054744735754651,4.709667158862821,8.220377068440646,0.4344565335642893,98.45803995197696,11015169096.087082,0.0
0.2801059635842159,0.0119588927395024,1.1553649572127491,0.0064036857171301,4.301243853607716,1.6608444925376609,0.6936487644971654,120.10485244567391,17349297609.460155,0.0
3.604844412379123,0.0983456361566742,5.205522674785732,0.0031261546237828,2.518063926118824,6.409183686039398,0.8478653254982371,122.17251644709074,19844047984.267506,0.0
1.914768712568304,0.0600183338988904,9.02163046398779,0.0140034649704246,0.23101142106928,4.084594938078384,0.2319853535476335,82.75819446726064,9624831548.726566,0.0
0.5869772657633335,0.009001403287261,3.4728406308780397,0.0031294447320725,9.649088697335026,1.2232664396981632,0.6039529150467405,129.70270035408328,17021260993.17678,0.0
1.511160248700462,0.0228474190096805,6.0451906271963605,0.0042321388106836,0.6420458723119044,2.257659108621077,0.547845754742245,76.02608237484549,14142022056.492737,0.0
0.7428774642075855,0.0120480100474346,2.9184004232808487,0.0027562022572555,9.945065467111991,1.303367231417837,0.6093107940964088,118.00937823013088,18551865002.61301,0.0
3.649812888647966,0.0580835069517918,1.7898560082356068,0.0081087023656306,1.6530346526787174,1.8387763981590977,0.8300647560289331,94.93831440718093,13757993167.030542,0.0
3.3548644992822108,0.039995661089181,2.701150054717301,0.0232052617474044,2.307359266831384,4.64258137347753,0.4742359881937449,106.8622403967796,19270867760.13572,0.0007908570846189
1.799283002686558,0.0317161710549902,5.974247926203376,0.024033676844268,2.2351308391844813,5.016587966311023,0.766641106267457,126.95280250939284,14675816490.32252,0.0013357605472641
4.975007200007655,0.0983811473343573,4.028998511364695,0.0044349281213889,2.004879129738993,13.038911087743706,0.5457759735212367,102.0824514121748,15065678480.892515,0.0
3.971866883206971,0.0916734077545836,4.50657766087508,0.0309285126060327,1.6271700098195545,8.369186376112367,0.8230921200165441,108.6679776700403,13884996300.693075,0.0006585367662884
1.3966788752608856,0.0165005857898059,4.019581593202595,0.0083400585829944,7.3947574417456945,7.701336864379814,0.6010436854102443,82.34106684269855,18981015389.683598,0.0
3.556616181642254,0.0621420961174022,0.3652888697824507,0.065736194630881,1.4982165428781038,2.079749361316378,0.5676638978556163,72.9216550951175,18368732125.047955,0.0010966396873907
3.259127998417003,0.0365363142488843,9.208560938555202,0.0018475225799857,8.186362328935557,7.361395353013815,0.3026954373887706,71.70716288047984,10780860595.513092,0.0
1.855050525048462,0.059698194525704,7.901087762522498,0.0500649351543349,6.303506679543807,11.394688915686134,0.8028462829630132,94.90461598052572,12029086668.733238,0.0006040723379277
2.8514313064262717,0.0516116258582322,3.950180995906012,0.0048055465581917,8.813516962653908,4.074815372056951,0.1286908749171723,110.03818986487062,16464053621.082989,0.0
1.0498863115356158,0.0671096733476935,5.339560075792822,0.0022082054392505,9.885874034165107,4.7376385318320855,0.8230539617150842,119.93537577420476,16845194627.08725,0.0
3.421534837454911,0.06116199544061,3.084602564075985,0.0408780021924641,7.407320103240849,3.782728251479215,0.7803917458102281,99.44048417065709,17398560108.093086,0.0009065360678286
1.276842357083082,0.0497342053488174,2.060331397309098,0.0036667673576433,5.37394295861196,4.8792712133486855,0.4603271689873943,118.51536755386924,13626072382.056906,0.0
1.3973285008246432,0.0287321272300942,0.9886142200276536,0.0071520175175444,3.943938863612672,7.989753054136388,0.8263270993615481,115.6520812168117,19238317159.892178,0.0
0.2139277016178709,0.065560817976454,2.0696465364145613,0.0436429576349743,5.027023457686921,5.841490888507757,0.1366005864270373,62.66906344982895,11350845916.534264,0.0011462340858156
1.6367288120962782,0.0522804436894848,4.598587249604509,0.0039830963713318,2.464662598250792,4.995798630707431,0.1958982018086078,109.44735445619142,15376869459.16724,0.0
3.12822085784183,0.0812979066692616,5.162770307792557,0.0070449614450541,5.099966478016861,8.112822447068558,0.7921487695674756,118.8354972263424,18244133198.560856,0.0
1.7858962246041254,0.0360632244447931,5.217361568347364,0.0079544647533403,1.0054484347444907,7.965835452213456,0.1865800470648825,99.7091361485789,12849951763.997375,0.0
1.174940654283663,0.0932831440753529,6.446063786957341,0.0099649966341117,3.3636011333065388,3.077461055884513,0.7885612842997981,123.12971252806976,13889316229.700045,0.0
3.434148024935877,0.0966445714761589,4.990523063674307,0.0261681037183499,1.5456621612908883,4.627319815145862,0.7420180275614287,111.1772295281307,13152550976.743502,0.0006399198683596
3.749572753354952,0.0494957576860677,1.390288329219493,0.0191710961087237,6.042709324446085,2.646145334213615,0.675240857689169,66.74272144150106,13267407338.256384,0.0009377999052182
4.372880283158487,0.0926496497245403,5.4676505957048045,0.0030877134221585,5.061927260085841,8.898560836086482,0.2153287319450062,108.41346517562758,13752589052.792116,0.0
1.4761223189176902,0.0311975341296553,1.734813317950174,0.0138625527631211,3.1866748239141525,5.739387224217711,0.6243653591614097,101.58707684879371,18876277376.744057,0.0
0.2187425982705144,0.0201705394438917,0.5340102905782218,0.0260095582542291,9.604497239277883,1.4003101990393156,0.4097269984541046,114.42545164837722,10862770545.807346,0.0014571740949794
2.4372150207181478,0.0461949255471404,6.907541062562248,0.0016912830326065,6.648916446609686,7.46883724403316,0.7007076328451944,107.56116955308036,18094344720.834637,0.0
4.008740011670937,0.0458913964998488,3.0027890289331,0.0139758628756882,2.9141159802688272,4.286658350612943,0.7112961568563659,124.96648629833734,18357482493.66904,0.0
4.296275993433512,0.0873188070455588,5.9115760881951385,0.0334849834573294,4.179511764112188,4.244228266481211,0.3404142164265268,109.11371679615296,10577807617.371048,0.0007247034280653
1.244701435740263,0.03861689420397,9.342526920314148,0.0106902896679309,6.984562307207622,16.374690373625537,0.6806223789833438,92.48235757648946,17863334136.870934,0.0
1.1012914703014611,0.0255854702277253,4.1111484001739385,0.0076085713545264,7.46984698064701,3.663624373783342,0.824992833761404,119.4661434094764,16809298919.16454,0.0
4.428753431982829,0.0509344481917829,1.4699543289951849,0.099398930250033,9.19848227210072,8.441063765862422,0.3182740704726325,116.97387017534722,9171448690.478151,0.0008690283983829
3.463381600777492,0.0854764651242337,2.600567244178461,0.085021252623824,4.911887671799487,3.748783023978079,0.1668458664350109,94.54836904629266,13959770086.478325,0.0011763033931632
3.070745807865561,0.0627974339757211,1.806604512498223,0.0159287808613807,2.328541152546898,4.038877160026668,0.4448440700025224,107.4971975421438,15180516591.2035,0.0
3.014867278275009,0.0459394265944389,3.94063330721246,0.0276138352449512,2.4651291908866817,2.273836212153957,0.4368861310895517,98.05463618761291,15111026832.762686,0.0008812292360533
2.7003223357968853,0.086732009923357,3.367111879798542,0.0148210507807128,5.54988017876558,2.8166476603946347,0.4585502131033419,99.96820807285744,17993404288.110123,0.0
1.9793465412949305,0.0789300360559772,5.864505966001197,0.044239806602507,5.392175530452376,4.92232735847306,0.6954170204442175,125.09400809616218,18987486471.32157,0.0008964562512223
2.0437749984219207,0.0833473411362426,7.657941530687976,0.0080148441373054,3.71478316731219,4.346628887942599,0.6443957741157084,103.59156837934718,14234492527.714788,0.0
1.3063937454545915,0.048368899254759,2.349047610533688,0.0025380253894327,5.537760793297149,4.854979999620521,0.4611138423074036,118.68530635009276,13821074110.47402,0.0
2.0509743492006227,0.0696825437497182,6.473045155957588,0.0221912230267212,4.893920849366511,5.701500569219842,0.7015652300723724,106.63857255434309,15297858548.493538,0.0006258825209368
3.3651036148618583,0.0982688363581751,6.323293606471695,0.0060899070742529,2.1116741930042786,9.617361657318108,0.6872810096917509,129.72485250686267,19438670430.24705,0.0
1.258914448511906,0.0105957463581128,3.601851307618308,0.0035912746597868,7.12755537499344,2.2384721779105234,0.609196943299863,128.6799832103489,17688444937.477753,0.0
1.3070763996421828,0.0182385902840351,5.338334370715271,0.0122797640436684,7.767230352814816,6.777967346495388,0.820493544257336,125.9963112500922,11652287511.760193,0.0
1.794023433311634,0.0296540357848045,4.760287290008993,0.0418490480167101,4.0499991905503405,6.016212450499214,0.5875498102544913,80.58150835086965,16258777681.8701,0.0006087540714593
1.2656169750241877,0.0267967773396396,3.6917152384629177,0.0062963436477534,7.668855490879269,3.4580929921948687,0.8211202033441922,120.09569091935244,16543343491.051046,0.0
1.3903520758569925,0.058572042670171,4.268838801530632,0.0196982707155141,1.072095631484253,2.3822079571561687,0.7402192339645206,100.48110129848529,12035543459.845928,0.0007537758662407
3.095417265217073,0.0714917283738892,4.928370062650616,0.0370697349530731,2.482750096957924,3.507864159790731,0.7319997045319764,106.13145419473612,12937344325.683708,0.0007591984758706
2.776985414807559,0.0771237224736103,6.974709012127152,0.0384595881604898,3.118280731635451,4.294887598325056,0.5933287080355157,95.79873166482764,14797870316.645285,0.0009734401550323
3.4362216909087966,0.04993911566504,5.647880362285386,0.0250456372251103,2.444296145030729,1.5041878036628755,0.4369955366731623,88.75304583386756,15721540543.963802,0.0007533229725809
4.872879040361997,0.0987247952197476,6.475853872681565,0.0883781384495653,4.993384327608495,6.392420827339753,0.1579747144937724,102.77687104246576,13517739862.69907,0.0013685666114849
0.6816809258969524,0.044470363431067,1.4121335024313628,0.0710381395259387,3.2110916940089678,8.160871014380339,0.5872820768612438,103.21581912276082,11679549830.51752,0.0007316036519395
3.013064876413017,0.0900489862649757,1.90088230532504,0.0217667495224814,0.537977059979867,6.145780242815731,0.6395617627557809,101.96088349847729,13651375502.254068,0.0009371626099318
1.2083591335501738,0.0259334956675044,3.9135951384139007,0.0075691106158237,7.781025638064364,3.52381966226905,0.8197059387187535,119.46153265547156,17057674226.089552,0.0
1.1027754827514122,0.0684727752445776,2.8044081404963843,0.0229969440704939,4.299445426961846,3.7318489178140415,0.7571574301257681,115.61905292390593,15001886870.256529,0.0011839129819758
4.372880283158487,0.0926496497245403,5.4676505957048045,0.0030877134221585,5.061927260085841,8.898560836086482,0.2153287319450062,108.41346517562758,13752589052.792116,0.0
3.613741158042943,0.0594821407689414,4.719938332375482,0.0848878178883319,2.763667707122461,5.091333526944859,0.6824312265282294,109.87209180033642,13920618481.44873,0.0006834395050288
1.6180720019622468,0.027623305769609,2.061098603817357,0.0232757014661354,6.619856426376953,1.6084368745690825,0.4562023789093968,112.53106972837722,13040542199.8388,0.0011808724083819
3.2612291654296484,0.0839077170599793,1.4651770401117028,0.0031545259938963,2.033873918457366,10.429465119745872,0.832701000513227,104.620245918128,15983587275.231192,0.0
1.4285314626667291,0.0417196472205675,3.337136584092732,0.0165261521182265,2.6666764084067345,1.1883570854372278,0.7379184276828678,81.58937604447118,17612833898.03757,0.0
2.3695422855214967,0.0998012008073602,5.783566343352298,0.0984527344074029,4.863407064674584,5.4718326239211255,0.4485866570085263,67.03114963579979,18836157346.86389,0.0010387038328011
3.867755267718445,0.0228607733500074,6.129047875072938,0.0500596261035227,8.075430555557583,17.125428938443893,0.2288299248780146,66.51945306656775,18088024182.086605,0.0009163642863169
3.1993006881364554,0.0802841511747667,3.2342576571539574,0.0113149912089721,1.5082855119264544,4.090035303124543,0.6994485511304811,96.63050705431073,10306832172.54137,0.0
2.2433169780057454,0.0758728715283411,3.521873636438273,0.0145474434372877,7.123833997014276,6.58009020981646,0.4492057882403887,123.05846025209244,12769228488.11215,0.0
1.3885114489245305,0.0292312081941522,2.799978564589501,0.0192562172650674,8.844288822693034,2.9014936668608717,0.80929335483231,123.97023437545532,13597650556.623043,0.0013822558521502
0.3486932603571177,0.0613391441127617,1.2686783172636489,0.0131659200741691,8.08718432829903,2.320785649752593,0.6659531517469,118.22034394206491,14225602335.486591,0.0011937917175091
4.185216939501973,0.0725537113852087,2.061643191406923,0.0124876368208398,2.396180733843029,7.505019375551752,0.8284711839568526,113.5808784404458,14067894440.423073,0.0
1.269992688037069,0.0586094986131999,0.1237280904791035,0.0085094468546306,5.179053676995429,3.439271261489336,0.7413153925458303,100.04258385032746,17429404388.65441,0.0012418210050047
3.453713953001765,0.0939814483058221,1.0416228739609534,0.0218223235066679,4.7611507845346415,1.7983713097693372,0.8078870005796418,115.9420301484116,10532230329.420752,0.0006722797008531
0.5936737886973578,0.0085518080678846,3.464365793265625,0.0048292250579617,9.723393763778388,1.2951629010575032,0.5808231091790257,129.84495229188468,17037994708.79384,0.0
0.6730245486036875,0.0632514533635394,2.087350025741549,0.0152671019126601,6.133237863471933,3.318679396387375,0.3606825953888284,107.07230173925822,16201809387.565825,0.0
3.685393592283959,0.0116837293028401,4.76735258869354,0.0188042425581202,9.881744926147094,3.514927184189124,0.6408734330652833,100.28107066724058,12469691727.079687,0.001013637354112
2.2967136124611702,0.0987384512983578,1.540436852994561,0.0112418545432184,3.5476865859486577,6.687243584654941,0.6448860042671459,113.40778218177395,11371739119.36644,0.0
1.697145379142899,0.0334904662163898,1.2606640629089008,0.0038541187085007,4.988448736049691,1.4059184094615662,0.5886467842101861,113.64742654703755,17752990942.90743,0.0
3.0886944121658537,0.0421383877224118,5.925583848515451,0.0631187218709222,8.647850593907974,9.321029736091864,0.3586416652598458,61.252666129049416,18337206022.046368,0.001011327775145
3.604188922488964,0.0982041760264401,5.193821894643813,0.0031336876756036,2.5045091474320924,6.417311703291795,0.8490878147587476,122.2351162731333,19849417794.29434,0.0
3.005696147389904,0.0901393447174005,1.8919606993027405,0.0216868638436412,0.5349575898172128,6.131148284680538,0.6384599782102238,101.97399126181138,13638849020.102734,0.0009370034995695
1.4895611728628642,0.049903665155861,0.4008197669133401,0.0252672532954773,5.115401349386643,1.101499400910573,0.5191365172438309,111.8516225647007,9046199069.871777,0.000978015441898
4.462698931627079,0.0936468869819649,5.861324355982759,0.0020538365710038,4.760994499454099,8.493051890684198,0.2219339904663763,107.6207917341129,13496605344.809856,0.0
2.572904273248405,0.0396466331874267,5.319428787848911,0.0031565547295006,8.03067638411442,4.725674048534838,0.5235093459931431,120.59792158816224,15960674470.554012,0.0
0.6359210133081401,0.0091876141480432,3.530638306335225,0.0026184629439286,9.917420180449373,1.1693195379340842,0.6384662458243858,129.6309226155244,17115453477.0131,0.0
4.701482784637617,0.0792179257443098,3.603609382388968,0.0263465205081885,1.7395152865726566,3.737898809181051,0.6768777666791249,107.82154958200832,16753532033.3666,0.0005504089352249
3.372528451149396,0.0541719794668683,4.892824363526073,0.0221586305948449,4.8507329575014095,4.5084415695787445,0.6636532178684276,99.21970867778356,17108007414.813772,0.0006379970054065
1.2187000402802357,0.0250492610716462,3.763808184113397,0.0076701538955752,7.822657126141332,3.48596552713873,0.8236177851051735,119.02345629390312,16713810578.181849,0.0
2.824041464567851,0.0610917771396903,2.776147458649323,0.0093124918512346,2.980983543133615,6.212903172092205,0.5775446350945276,94.81821071024405,17674851767.141777,0.0
2.1386820372237105,0.0998283878976981,5.458947930435593,0.0971086389971403,4.765176767850056,5.7899592731705045,0.4419192364707529,66.11233452752774,18770470518.49039,0.0006052127775957
1.0838175768637903,0.0531273851733923,2.9978660159344552,0.0077730285054234,5.14008774827759,2.4820348050513523,0.702828329862853,105.90716033951652,11381734994.956545,0.0
0.6754161158314544,0.063232500573443,2.088075072985534,0.0152469294940642,6.135142399555229,3.32471499837596,0.3605352332267814,107.0742050104876,16202749037.424238,0.0
2.3063696549520625,0.0453537983499848,4.853298961840402,0.0442852738450628,0.4699734995936329,10.467218740020286,0.8021234344550698,104.73385639783169,10022664464.395023,0.0005314867604476
1.3560256924595475,0.0593884303991182,3.624518005730604,0.0035686354709849,5.9778194207080135,5.592988271993804,0.7773986444893375,120.48534183303744,16565127586.169758,0.0
1.2119380581238834,0.0167830552442106,7.118998583784657,0.0151386066273576,2.332314408590361,6.951663626524981,0.7228375546252639,117.3692340828224,17907376284.058624,0.0
4.187853607921536,0.0893430349062845,7.511130375380836,0.0225798662847832,1.4099207591885825,10.25411293609364,0.7661005810143723,117.80786095220036,11907092866.29094,0.0006054052869416
1.2383970167178269,0.0262430854464748,3.914715762128048,0.0087919904366279,7.751517546200541,3.5262958880456954,0.8289160674965945,119.10049728333414,16683421993.366331,0.0
1.8901674776844344,0.0890488630104161,7.868064839156797,0.0243975713773508,5.977231086681605,9.411383838188325,0.2348040383783882,98.55356144769048,19351953478.59608,0.0006011979112568
1.7956600643420175,0.0541577457497738,2.313739265981533,0.00658820544709,9.953857859522694,9.282236081668504,0.6999979397054947,81.49069518062024,15863196520.486507,0.0
3.611066915743175,0.0605501685386945,4.7051806911892005,0.0850830814128898,2.875890418169262,5.118273584913544,0.6895356886549737,109.80579355625704,13888154942.775402,0.0006812613649847
2.4692349397871567,0.0690566808260493,3.074847944281095,0.0385683760884253,5.217544112446661,4.431295126585471,0.3413785376929072,89.83999223072215,15173732162.347431,0.0008514819835651
3.582167204587986,0.0946017309963875,3.835839377615706,0.0431547442551952,3.9463074548875943,1.4230787980712876,0.8139764271505939,114.10851128924976,10219460730.898985,0.0011550411554696
2.628975735683977,0.0950610071675247,5.613282768940098,0.0036717902329985,4.017836493426747,6.512177062364006,0.8138276984420095,129.5523694958234,19526582623.48021,0.0
4.591123199307997,0.0860350411761289,6.999335201052404,0.0847144736807059,0.8614935563100935,7.270266920857538,0.7446252758559344,76.97369801889153,10097898940.894855,0.0008690796541352
2.187974537776628,0.0837197574618209,7.691055174576476,0.008044277817791,3.6497765342249777,5.222967522386238,0.6457839309330117,102.9560388475719,14224648736.307417,0.0
3.4164073154729144,0.0677906236310108,6.165229016425897,0.0796340878709406,3.724338806764751,5.89071305253246,0.695340882272106,73.63591046320789,13556800971.128096,0.001239426314237
3.0048480050230597,0.0901395640868535,1.894037713130719,0.0216767978984153,0.5348739605330841,6.131153810680631,0.6381556584422521,101.97569220109445,13636869717.95295,0.0009370797649831
4.365649464358631,0.0512621174159067,0.2591644222128749,0.0968261852856344,6.948119427612616,8.537120030210856,0.6268717513878193,71.57850361917238,9024588663.263325,0.0010157202698334
1.210337487717814,0.0255909169072839,4.280747488884093,0.0075827816511087,7.816940313840141,3.65516884265596,0.8165033640109083,119.3483429744152,17181548524.036423,0.0
1.640131785868142,0.0138638723350824,3.2781159796712576,0.0059674672154146,2.439575601717028,4.130155167901122,0.139505998930508,81.63836345993553,13129013046.986628,0.0
1.3531923739334426,0.010918301678939,4.287927050684438,0.0415458383721469,8.147430015421508,3.7234750934331977,0.5843198531563635,94.3716907695739,15429236413.66647,0.0013592751591109
2.108445796794728,0.0842379796937482,2.7168993998244853,0.0087804926669977,1.4137619474084329,4.855085964876153,0.7204299981737392,115.96032606954071,16936330197.336956,0.0
2.540798387858324,0.0927287302822667,5.761009698015685,0.0513468919052738,3.5439279102300025,4.934264452679232,0.4456104860036916,117.47277890025504,10378356280.885223,0.0005545526657601
4.824382480465921,0.059160996706318,6.182110924941815,0.0722950921579944,0.5530135007107725,5.021314398805872,0.6295523375644335,112.67742156584382,10516681788.314192,0.0006177641146491
0.145160316663628,0.014012049216125,9.26714205231819,0.0332862544770013,9.274649267110174,1.337257607924674,0.6377145100959635,104.32461618957426,19685599934.454647,0.0010746991768189
2.0300090991699835,0.0521699364519934,5.68767544719333,0.0054665923515051,5.801083425968662,7.319801268366159,0.6623600889442925,128.70785442888354,18552301091.888817,0.0
4.00607551848721,0.0796065503073429,2.074325008315534,0.0832134684580089,3.289385083884143,7.133793986673098,0.7350173162068595,66.2074150700443,16459868130.779562,0.0009857299517609
4.945223782274016,0.0952647059774266,4.414682780077013,0.0040884441532488,2.121934986367019,8.133155276347392,0.8369432353630939,119.2610870322756,18985349710.82112,0.0
3.387113287563608,0.0844312888397463,1.916910713159017,0.0081384694369947,2.620209923249535,6.378721429946324,0.7711029857410079,110.55185810769628,12278095693.164772,0.0
2.870136517218748,0.0669402535185769,3.629733452418708,0.0047464098467528,5.14342040076466,1.8167458205813023,0.7577195631827153,107.72755997107237,9113515769.942509,0.0
2.538295354867308,0.0238216870381843,3.4609264307955008,0.0209517709888737,6.380334723240146,2.271828406914594,0.5702231597154318,82.59674517282535,18505263964.11084,0.0013513888283617
3.773434870538293,0.0802506372649099,6.411944134235324,0.0817084833661662,0.6770567793433108,5.228566973211573,0.644113983418113,90.96527743691787,12329622518.01513,0.0010387230341478
4.478959981056403,0.0861953173922751,1.1747678094755545,0.0456484822840882,7.065732696063078,2.6921117071201266,0.6074269856692437,122.54223286833404,9882431111.15615,0.0012944031446605
2.9400832413145426,0.038425678226553,2.535677184977478,0.0045439426952779,5.1359090987816565,6.476008716572851,0.6014843551430339,102.2141563246474,16919786320.580282,0.0
0.9115305859720628,0.0428737903797836,1.806253788347556,0.0078847904546355,3.8315394811488086,6.580413822449684,0.7941574369995773,84.33513353904465,14689259687.64162,0.0
2.3051327871841414,0.0590543386623525,1.885172805844261,0.0192525479633348,4.340717018731284,5.933674361018669,0.3481212345178436,103.84111483704592,11368880546.81548,0.0005222264118965
0.4618246116062167,0.0748942876363918,5.388465350596244,0.0063702834135669,5.1744903984084365,4.648656468929971,0.4409808035025632,105.5366168309226,13881006274.360512,0.0
2.6029354544636094,0.09455460734659,5.343185709618581,0.0029939461978022,3.995966378067925,6.490443565578823,0.7954304229345864,129.581435972521,19398849546.99131,0.0
1.244701435740263,0.03861689420397,9.342526920314148,0.0106902896679309,6.984562307207622,16.374690373625537,0.6806223789833438,92.48235757648946,17863334136.870934,0.0
1.7561510089257966,0.0854687032764856,0.1997060087637413,0.0262629780286968,7.076608090055819,5.95504920483152,0.7354445405457113,92.31600752280708,9715722763.67088,0.0008174208318471
0.4881948015332911,0.0910250033298965,6.252477009881498,0.0191671575837321,0.3362122689191792,1.0415411409190047,0.7831270340819712,106.79635241843332,19489642004.356014,0.0007097218806326
2.9848393255088643,0.0053098167414983,2.5223783801106925,0.0275571623298327,3.6390457766228654,3.4287725403562668,0.0756272478707603,97.0120262144785,9658146093.64681,0.0007086582441795
2.9039546866942683,0.0388411514541426,1.944309618237523,0.0258989005791044,1.3356338655721358,3.9424684483170527,0.475085278424632,113.38690027130028,15613825041.697405,0.0010345161467554
3.0077607601773004,0.090162012897156,1.889705391905963,0.0217055281292439,0.5342960007208883,6.130472519314597,0.6384011655032339,101.94309498163828,13639342097.670233,0.0009370296001914
1.5083344009660444,0.0403462973943447,4.9702435648337655,0.0525031089945436,3.750701133422512,6.643548441468633,0.1899895848870317,71.18056564585338,14860965170.5684,0.0008726402576429
1.38556992610438,0.0731629376890775,4.315335442702352,0.0526572300442644,5.282643014041042,1.1947765531497831,0.4977337041912303,126.33582670640064,12498626899.12761,0.0009418232454666
2.3031458025496576,0.0219384245909606,5.476588943657699,0.013312265728032,5.485520907367271,4.38178258970515,0.7995722821012611,129.20155157315747,9998154642.293018,0.0
1.138060418795079,0.0194392379261467,3.714980973413506,0.0041358225311335,9.417254829712498,7.168456970385567,0.6842163892509605,84.03674503013391,19857796926.93554,0.0
1.175734245087273,0.0365977951498255,9.256903647540137,0.0114278405958305,6.868526050917418,16.39483017856284,0.6909121233334056,92.36076614400962,17785725141.833626,0.0
3.556616181642254,0.0621420961174022,0.3652888697824507,0.065736194630881,1.4982165428781038,2.079749361316378,0.5676638978556163,72.9216550951175,18368732125.047955,0.0010966396873907
3.611066915743175,0.0605501685386945,4.7051806911892005,0.0850830814128898,2.875890418169262,5.118273584913544,0.6895356886549737,109.80579355625704,13888154942.775402,0.0006812613649847
4.335111741335462,0.056456920786273,0.4069899325956768,0.032161571105057,5.299527256134866,4.65702680553727,0.7841337083421427,83.36657789617841,15009123166.549046,0.0010501932856472
1.8693215701833377,0.04707308661321,7.747708236984337,0.0023797202662997,2.623386712290229,6.120676191515135,0.3944857825948953,80.57941092210905,9574890194.971617,0.0
3.0602924741534294,0.0213517962425671,9.500847888795622,0.0354767580379799,8.87249194422698,7.677749668742491,0.2514060661591098,127.57626535851526,13740395357.277027,0.0009831530155028
0.4668418950403923,0.0222926786366423,2.3847176169094597,0.0330275047424822,8.229854022147011,3.58742459331546,0.8107050265292584,99.9368569500634,13779152743.935896,0.0009035314165919
1.815425680835256,0.0811881928040821,3.704149465025359,0.021116196455329,3.830047173293536,4.9480631228001615,0.5062041012760765,87.64636312095004,13840649032.062769,0.0007665994835631
0.6023838436331601,0.0291497282794049,4.642826798947515,0.0056686287242333,5.975843067048225,13.10259861033471,0.1374927084111179,80.48092478458166,12043023344.20387,0.0
4.989697188043283,0.0687993221394742,5.096519541725945,0.0782133574906536,0.6103321870196717,3.4550045260312,0.6730377838980061,80.81145612753451,12237354200.79334,0.0011121605478175
3.786184994780221,0.0300520432752599,9.73115069022827,0.0291766533358429,9.449646315562797,14.34602472959008,0.6002501845969345,83.68894940608527,18844343791.90616,0.0013137118478799
3.389524686896391,0.0538449812193496,6.785018898575754,0.00456071057764,9.58997588887888,5.671674757122234,0.3435540961725615,95.67213555622244,15014230802.096554,0.0
2.9234416854466105,0.0149569272056416,6.379860788402413,0.0184614873026696,7.866976223692,19.404526043196373,0.2256702521428696,83.08126475940516,15646522190.437231,0.0
3.915577008659669,0.0525237028676273,4.8697412424678985,0.0044280487993134,0.3739424502216181,11.906889880326398,0.5229875317241663,114.9139476474746,16356257285.882183,0.0
1.9954193218610463,0.0915944011009933,3.3170304765583816,0.0086138684540156,7.808217449045786,5.917669864336654,0.3935351715312069,104.32643772954752,16086926703.410656,0.0
2.0226279559017666,0.050737401756301,2.9517963504367466,0.0038721027234031,5.58292564943378,6.312579305340248,0.4071762816629118,113.8210227315058,13397476136.135372,0.0
1.7561510089257966,0.0854687032764856,0.1997060087637413,0.0262629780286968,7.076608090055819,5.95504920483152,0.7354445405457113,92.31600752280708,9715722763.67088,0.0008174208318471
3.193851066198068,0.0810723799739342,6.79931151212925,0.0475903707504435,9.959337913070735,11.932990617489844,0.679340542107107,100.9951393802668,19957154319.39215,0.0013359309898913
2.00152798082904,0.0605443572435165,6.210280196300318,0.013612768228524,8.092324268143408,4.695278676251672,0.5559346178972947,114.20423691626776,15636372465.629131,0.0
0.437293735296787,0.0748805526511045,5.421063796333039,0.0063627266588233,5.190863390752234,4.650166924885479,0.4393625293324778,105.70635124680403,13934995940.534792,0.0
0.9894557614874372,0.0255118121606641,6.421247517234521,0.0153161296110525,6.842372364633031,7.194078165227219,0.4336653202271797,108.63429512738534,19324649792.09321,0.0
2.88157376057971,0.059141837112283,2.7021239988029464,0.0100702573945581,2.9627026486815566,6.040137383053367,0.5879336418209289,94.86121807798072,17664722459.744392,0.0
4.989697188043283,0.0687993221394742,5.096519541725945,0.0782133574906536,0.6103321870196717,3.4550045260312,0.6730377838980061,80.81145612753451,12237354200.79334,0.0011121605478175
3.3795500933360816,0.0375956435865366,3.096968611239398,0.0039227771761023,6.852251972203526,3.602379939259137,0.6670798506846374,109.33380482148075,18145599751.64153,0.0
3.12822085784183,0.0812979066692616,5.162770307792557,0.0070449614450541,5.099966478016861,8.112822447068558,0.7921487695674756,118.8354972263424,18244133198.560856,0.0
3.19752813408659,0.0982611242262463,5.439413619715884,0.0253983664761608,2.457271524276172,2.7537371021811428,0.7170271459612828,104.63303973527698,14163924235.195415,0.0007310856404351
1.4431717788839091,0.0275447081117884,0.891096431367537,0.0087474463019557,3.874806013998468,7.917436149336886,0.8213160382190775,115.35474025109836,19415218880.45212,0.0
2.174337705348988,0.0297684597681713,6.141720313742967,0.0205888539428237,1.8629212812054512,3.846290446763464,0.4297114885631732,89.23595234503784,15374111095.976627,0.000893755085196
4.057010325129358,0.0940435157012983,4.616142275694158,0.0051585103968348,2.362183533546488,7.681831479455719,0.5416979712170138,111.05283860295032,18910576674.244656,0.0
1.7828496636108115,0.0607369600830123,5.044331297685191,0.0155584278493311,3.6104754155433465,4.941493788514933,0.4120890269421845,101.4443104022537,9033688243.756037,0.0
1.1724207194280292,0.0761694720694925,8.587220225485998,0.0063284443518012,4.513555764143601,4.331063945455217,0.6082510714584465,107.54980140436852,14215798948.650175,0.0
0.7132926459279734,0.0252378419521589,3.27214667420552,0.0107867615521074,5.2197239431168345,2.321495734584877,0.5062014713913858,73.09573074126615,13663263767.078909,0.0
1.4895611728628642,0.049903665155861,0.4008197669133401,0.0252672532954773,5.115401349386643,1.101499400910573,0.5191365172438309,111.8516225647007,9046199069.871777,0.000978015441898
1.2391534447469814,0.0266344027610307,3.2912573909574743,0.0137802871029515,9.402992711834289,4.9752861621166335,0.3645572691981086,119.23995570908691,18942937699.32541,0.0
3.018653984411021,0.0579949398177116,4.23675091930861,0.0264887031004265,5.004185875643603,4.407738660271598,0.5533044159205682,96.7918961316209,16505677794.550304,0.0007066587562706
2.88157376057971,0.059141837112283,2.7021239988029464,0.0100702573945581,2.9627026486815566,6.040137383053367,0.5879336418209289,94.86121807798072,17664722459.744392,0.0
0.1784350575539987,0.0240514169050534,1.848837674476704,0.0041518442003332,1.2494018400058156,1.9525428728987908,0.713370037676123,72.80832499537539,13002480129.040316,0.0
1.137678462886763,0.0374290436951842,0.3238972653233659,0.0045882795301091,3.4115487435877987,1.8178627925822115,0.7920061997289278,101.2781778149912,16889350542.08476,0.0010774780955389
3.389524686896391,0.0538449812193496,6.785018898575754,0.00456071057764,9.58997588887888,5.671674757122234,0.3435540961725615,95.67213555622244,15014230802.096554,0.0
2.96838163805763,0.0715952474718513,3.9715214900378752,0.010879883773543,2.724773352785577,3.308539642947058,0.1825531740928944,109.47824767906006,14172500035.575447,0.0
1.728068663671866,0.0353290244878315,2.8687396742963256,0.0053764067432167,8.15688252537689,3.4766143779272407,0.7603697120482026,112.61548706321344,15506893802.27144,0.0
4.587485422865349,0.0766033635593854,2.509346862453053,0.0223586491961822,8.673203628880048,6.724695746641217,0.6431020216034388,124.25199419431594,11528865535.16785,0.0013086224915153
3.81526125447592,0.0442700383246592,9.517475631149749,0.047036590130534,1.6094603927773588,12.677565176135758,0.6685380338470971,101.75332864755946,19633900531.910164,0.0013319190186576
1.2150410670924154,0.026553239727,3.112800982355,0.020548868197439,8.06574677283251,3.5950326391168548,0.6593007640226574,94.40722507427375,16017772297.780224,0.0012637401094341
2.2673177913458638,0.0708203926933403,7.068342580853305,0.0015153657588046,8.67280587758747,9.06264963465866,0.7440962997829793,115.83720005988862,18589375940.97845,0.0
4.030413931639298,0.0329112793650751,5.571124413716967,0.0232396880266519,3.7535704273910113,7.888172813666258,0.7171069240328665,126.79737844807858,11251840102.182129,0.0010671523080705
4.85125121820253,0.0267764731221642,9.077906078475444,0.0894614176908797,5.279847860848602,13.032816131503484,0.1764390166482465,84.26498789638808,18116826101.35614,0.0005797424248495
4.755936717281615,0.0695191309651003,8.988098704005084,0.0136893933179749,0.5234002402339776,17.46442524069468,0.2784792453683466,76.70737757831495,12499981252.834345,0.0
1.6367288120962782,0.0522804436894848,4.598587249604509,0.0039830963713318,2.464662598250792,4.995798630707431,0.1958982018086078,109.44735445619142,15376869459.16724,0.0
1.8995053466806964,0.0530162885769465,5.967391489260142,0.007462467975018,6.025878673165115,7.095799522347221,0.6682412360798695,127.87991553669104,18870442620.46522,0.0
0.6694895350820474,0.0118338335458801,2.866042478164186,0.0037839592473996,9.87867424853127,1.1337951468751015,0.6039106388593668,117.89554021354444,18434700675.992493,0.0
0.6230266525917694,0.0083143258530127,3.465631305757262,0.0037943932355501,9.675140654702435,1.2935600675654315,0.5789448835280925,129.67086904780805,16952887946.275429,0.0
2.3160984147749155,0.0108350084524897,1.04594723647639,0.0080912377685522,4.722306643771954,6.523547202188206,0.8410373318949139,117.19711159055782,17558710248.305748,0.0
0.2187425982705144,0.0201705394438917,0.5340102905782218,0.0260095582542291,9.604497239277883,1.4003101990393156,0.4097269984541046,114.42545164837722,10862770545.807346,0.0014571740949794
1.3536818160441737,0.037102640990941,4.053216771573424,0.0047286846156723,7.474516688678571,4.048118517850805,0.7659256576278523,116.92253624669176,16461514365.88943,0.0
3.117665415568313,0.0850538183610568,3.7444284101414542,0.0146104514218759,1.5091138550536107,7.995509959948288,0.8407749558992016,128.48229244461913,19200807940.788246,0.0
2.069992148463741,0.0836992526708413,7.704928730621403,0.0080025127237009,3.7702794285095695,4.338135304064677,0.6447680362163138,103.51675402948952,14209057045.014397,0.0
3.1445603228367744,0.0812170296463592,5.198553940154677,0.0072019923124976,5.062374726292727,8.259968775867483,0.7996803649773516,118.09572956456056,18208930729.6492,0.0
2.174337705348988,0.0297684597681713,6.141720313742967,0.0205888539428237,1.8629212812054512,3.846290446763464,0.4297114885631732,89.23595234503784,15374111095.976627,0.000893755085196
1.7944991000682982,0.0704929601371966,3.0357277432082714,0.0372931876338599,3.780799988972676,1.694529616329728,0.5400022130610196,114.7919599461444,12233403869.326742,0.0006295211689672
0.6754161158314544,0.063232500573443,2.088075072985534,0.0152469294940642,6.135142399555229,3.32471499837596,0.3605352332267814,107.0742050104876,16202749037.424238,0.0
0.6694895350820474,0.0118338335458801,2.866042478164186,0.0037839592473996,9.87867424853127,1.1337951468751015,0.6039106388593668,117.89554021354444,18434700675.992493,0.0
4.406027573576082,0.0933243275036342,4.169638039272039,0.0031876162374208,2.231822602342501,9.70925199552858,0.4778334705065506,104.61038596989664,13966227866.14453,0.0
1.1315197022689496,0.0462110145674185,4.372608755200687,0.0045917516855875,5.412704549588385,3.605812488977955,0.7644660920580897,113.67299248628234,15000656168.047758,0.0
3.259127998417003,0.0365363142488843,9.208560938555202,0.0018475225799857,8.186362328935557,7.361395353013815,0.3026954373887706,71.70716288047984,10780860595.513092,0.0
1.3505385211697496,0.0115540312775953,3.070212895761349,0.0041947642042358,8.617751842622294,1.2037692907123831,0.6284231650913515,106.38528158146666,19734812468.18146,0.0
4.663104424474015,0.067264309881779,0.545630455105936,0.0296583472874073,2.1362850718617645,7.400876558360642,0.8274527613946382,123.75214099953764,12625649396.949677,0.0012427701202494
2.8514313064262717,0.0516116258582322,3.950180995906012,0.0048055465581917,8.813516962653908,4.074815372056951,0.1286908749171723,110.03818986487062,16464053621.082989,0.0
3.9785766473799513,0.0939642379501911,4.463071137059744,0.0050344535876961,2.4101940811672637,7.898182694812847,0.5562516392093825,109.80951241154034,18677981261.077152,0.0
3.005696147389904,0.0901393447174005,1.8919606993027405,0.0216868638436412,0.5349575898172128,6.131148284680538,0.6384599782102238,101.97399126181138,13638849020.102734,0.0009370034995695
1.6834554383428175,0.0422788797887135,2.8978002102767637,0.0450606367202484,2.536399585120977,1.742599898533692,0.5038142469774071,104.96322919319844,10636738724.152887,0.0008187773645989
1.2149974906397754,0.0264874146511298,3.1189272393768923,0.0210224723641073,8.125273720617935,3.5659003961208047,0.6541059830905436,94.4328131742723,16014312648.100851,0.0012631440792985
1.6443873703543448,0.0340120135174192,1.4434409069837135,0.0045862168279559,4.909311646089268,3.711169289981552,0.6181812728604313,118.50207278932936,18400869949.81466,0.0
0.4175123489880606,0.0574661926793538,4.573126545773588,0.0051738642496479,7.795597314319254,2.24128525584934,0.5279788457997501,100.40214214135824,17064974872.16308,0.0
2.9854727896042115,0.058950523438129,4.156246905763477,0.0263113476734726,4.900105895575805,4.289533534124317,0.566306379965173,96.67877394988388,16459266500.55755,0.0007133797089807
1.9751989742796827,0.078972288701366,5.816680890191976,0.0439948723658301,5.3423183411505,4.891214826825824,0.695455693984462,124.7988241583971,19003839235.22847,0.0008982037179902
2.4746610072924518,0.0998236315445978,2.1265858092681778,0.0215489535694602,1.9046882584904967,7.681801281016735,0.745191777891731,114.21611282375096,14531385583.994854,0.0007171710344912
1.328951141397318,0.0656770430230643,4.995971676510184,0.0085780906873737,8.687734215064406,8.656717312093924,0.426313478688933,109.02435955558876,15148793985.128475,0.0
1.7827808256445508,0.0339111884276743,5.961897552426756,0.0240016786941781,2.2418556443201,5.001946079490549,0.7670586701562233,126.29215800833488,14690119958.216688,0.0013431235330006
1.1027688470657435,0.0611968863444197,8.413963789305647,0.0311089591873956,5.491105252676959,6.887188097549755,0.5317611731721062,102.85351913790302,15581510314.127958,0.0012555084751791
1.2019342955368812,0.0078911160845922,4.087579661134135,0.0066035470056334,2.4905992692653776,6.344991409767043,0.2726019434634724,77.00442644524936,14077091205.195925,0.0
0.6951737830070398,0.0680423084366783,0.7229915581157007,0.0488913995312677,6.743614680526243,3.3427472375645277,0.5297856067019513,90.63348077926938,11206502202.06303,0.0011693214712327
1.3390059142256738,0.0103073716851408,3.003301749436232,0.0054914962012058,8.668574676189818,1.15562163636939,0.6239558393151745,106.82734725181147,19684254393.863583,0.0
0.8770157650220606,0.0211713573753959,2.111290569328256,0.0399604598468882,9.643916362985465,5.9916088079721685,0.5652562361399317,71.65402495883899,9055954668.37838,0.0009700638439992
3.5582806476194597,0.0502760858382133,2.921158082455096,0.0051856998649538,3.7664635395453208,5.434270485609646,0.7872872555349817,113.13886522495044,17726338882.20437,0.0
0.9109981708961232,0.018670038182114,4.135019725595639,0.0196289752027827,7.926053477271886,1.8574053503286607,0.8118009149603687,123.20910854345132,16427331066.98217,0.0014550243674109
3.002745549075095,0.0449594572258297,3.994401954603628,0.0269636203832014,2.465820495787709,2.286978355815478,0.4392309309764462,98.161103918596,15099798112.147057,0.0008770707481932
0.9109981708961232,0.018670038182114,4.135019725595639,0.0196289752027827,7.926053477271886,1.8574053503286607,0.8118009149603687,123.20910854345132,16427331066.98217,0.0014550243674109
1.174940654283663,0.0932831440753529,6.446063786957341,0.0099649966341117,3.3636011333065388,3.077461055884513,0.7885612842997981,123.12971252806976,13889316229.700045,0.0
1.276842357083082,0.0497342053488174,2.060331397309098,0.0036667673576433,5.37394295861196,4.8792712133486855,0.4603271689873943,118.51536755386924,13626072382.056906,0.0
1.855050525048462,0.059698194525704,7.901087762522498,0.0500649351543349,6.303506679543807,11.394688915686134,0.8028462829630132,94.90461598052572,12029086668.733238,0.0006040723379277
1.2403069277191383,0.0482525360724396,1.7110950092813262,0.0168675553835634,7.902768471080536,3.1927334133040866,0.7086924334003482,118.84331926140528,12213684734.102924,0.0
3.718018539918851,0.021452980216944,5.252216065556141,0.0298885707383791,2.801852475831536,5.382506155086044,0.821675935568571,82.10446789295757,16665027481.988651,0.0005732924286321
3.4950451685212,0.0928473728869058,1.3669407921014547,0.0199977086608368,0.5358157982532553,3.5672137236513266,0.7176260748524798,92.25578423612052,17692556856.711185,0.0008473313143742
2.868093108822174,0.0607201858767764,2.8982971076978314,0.0071923785504917,2.9440975008577315,6.075737085977959,0.5781862067278566,95.43220514751393,17646771706.974026,0.0
2.778003497727332,0.097814682030345,2.032875084906646,0.0084772033043291,3.051075498683563,9.25241277666008,0.8382590172890063,125.37015488961696,11893309178.808949,0.0
4.140844115772359,0.0456030066577972,3.0100170518345,0.0144606397239999,2.982945740065712,4.367076992003628,0.7023931406336261,124.3631154986071,18355063561.985157,0.0
1.187139158663017,0.0356534763114922,2.279554850351336,0.0145412553991826,3.5477330706871038,4.924821701053529,0.6183547643279461,119.54351772949994,18445142076.90044,0.0
1.2224232758125682,0.0358002433858526,2.455506497732868,0.0149754634703945,3.879824125990514,4.6131555786510425,0.6194879214576083,119.43305633497312,18652242466.33181,0.0
0.9798709098306512,0.0172516446898316,2.702270029035902,0.0110269556391422,5.619304939745351,7.717424679240436,0.729864219400573,116.4748036840702,17998075272.017605,0.0
1.5891827279008968,0.0587683789530549,5.249423225324669,0.0124861259056914,7.234047787510168,5.482534597488387,0.7890140264125087,112.47771670362022,18365798083.15036,0.0
4.015741489098489,0.0818591158401227,1.2855949355399472,0.02635267284493,1.8372053494928795,6.582502624316973,0.740639303168626,91.32858088763976,11612927753.195494,0.000556681276434
1.880091935729868,0.0637531138801907,6.19468356205253,0.0103268148899082,5.333250757806771,5.287502395287583,0.8091831284529303,102.12432795713306,12341519323.020306,0.0
3.4736901594335974,0.0938929542210326,8.95295325181637,0.0144667320368885,0.7553635857503401,5.616027612072358,0.4955826183077894,109.63572172536028,19963893369.323376,0.0
2.1458615849443947,0.0833151150020439,7.654047411280645,0.0094908960927451,3.697439171593748,4.120444819772553,0.6332324939643541,104.55416826897842,14336405846.704248,0.0
4.938482113130701,0.0197861165833487,5.785839144545768,0.038675679002894,0.4651756372045442,6.188930972061654,0.8150188345763096,61.787184787375296,17866235009.87875,0.0008983673206698
1.0636514316488823,0.0235271881230019,2.1153500349455228,0.0033613831663402,6.352784643888152,5.174126249728201,0.6510148868394334,125.48137873349296,16501760781.708818,0.0
3.0320018347795457,0.0582600686285503,4.264667744579652,0.0263960763140288,4.964800807056001,4.416317621797929,0.5519424376087091,96.75907858833696,16504305443.404509,0.0007038672488466
3.026193048827528,0.0463286938856269,4.156018484272,0.0262487838787013,2.5280226066403326,2.250423601830972,0.4654875045539741,97.43105918659153,15339970167.83002,0.0008515756324734
2.5858913752848345,0.0681385294841688,2.577930053579472,0.0566863016046135,2.2128891997163453,1.5777502915161534,0.6451961117391087,86.78381287054607,16565879979.436378,0.0013385255724352
1.6930227688072332,0.0516925636238898,1.1804541441038314,0.0066417240528519,3.7946623414387615,9.006128901929305,0.4208518299467196,120.08028010689463,12806626126.813583,0.0
4.989697188043283,0.0687993221394742,5.096519541725945,0.0782133574906536,0.6103321870196717,3.4550045260312,0.6730377838980061,80.81145612753451,12237354200.79334,0.0011121605478175
2.444682741396853,0.0475955730557073,3.654846812423551,0.034803386084744,8.450261590705116,1.6007817309104868,0.6599152961806878,79.75432540772626,15329127445.18969,0.0010274862083978
0.7346534372282632,0.0573719255093671,4.455784767277978,0.0089056671566823,8.10446694067037,3.73931489840872,0.4992398470356834,111.7347102178992,13744294556.726864,0.0
3.4736901594335974,0.0938929542210326,8.95295325181637,0.0144667320368885,0.7553635857503401,5.616027612072358,0.4955826183077894,109.63572172536028,19963893369.323376,0.0
3.604188922488964,0.0982041760264401,5.193821894643813,0.0031336876756036,2.5045091474320924,6.417311703291795,0.8490878147587476,122.2351162731333,19849417794.29434,0.0
4.372880283158487,0.0926496497245403,5.4676505957048045,0.0030877134221585,5.061927260085841,8.898560836086482,0.2153287319450062,108.41346517562758,13752589052.792116,0.0
2.208149434712109,0.0509743694973745,7.278138221238251,0.0279464442778615,5.438939268666017,11.97689287268544,0.3590890212807799,108.8622088004402,18225456796.42664,0.0013027748966872
4.045098760193086,0.0967990954568552,3.992771961827864,0.0213140224057917,9.010942761847083,13.202267263291631,0.6960753796609013,119.07343162452057,9430369614.157494,0.0006685352482738
1.2080242253122462,0.0871277399052949,1.1256047689262745,0.018387099429644,6.487580382902905,8.513634428540312,0.733628409647212,119.66338625089529,16210183754.815449,0.0008859995419101
0.1942010447620151,0.0729239249122644,4.149170470299765,0.014927794934015,5.93026646052496,2.865366819288856,0.352842103894416,101.25957767762512,14094401388.472794,0.0
3.1459362305527856,0.0812436611887405,5.199764129150458,0.0071742935570487,5.065625762709645,8.263425984420264,0.7994912277968397,118.06651895309152,18210263766.16551,0.0
2.135153646056124,0.0327176011796501,7.607881881346175,0.0104302881791948,5.998396678188714,7.390195858564964,0.7332353881931148,65.32669258484431,14783827973.15356,0.0
0.158442516533411,0.0098083344109025,0.9559545868342552,0.0204312614527545,7.072023819240693,1.8754951906644308,0.7353587212386219,95.94717552318812,10569204035.514507,0.0007373354206186
3.4635429731625225,0.0700663496204583,6.536123629902463,0.0653526380759132,2.3008237335303776,3.778907550302237,0.5762482489808405,88.82425469137316,15280551450.628183,0.0011342216968494
3.2559149432723817,0.0725134234311489,1.231177552072408,0.0100440676213741,3.044776487900392,8.98061210711898,0.8236412391971306,107.22843672523864,15126626311.265688,0.0
0.6359210133081401,0.0091876141480432,3.530638306335225,0.0026184629439286,9.917420180449373,1.1693195379340842,0.6384662458243858,129.6309226155244,17115453477.0131,0.0
1.542083804539476,0.0171919993208054,8.24548259740156,0.0124563039955379,1.26824150643585,5.802123155928726,0.418378504430129,78.84254774048318,15641813312.297884,0.0
0.3486932603571177,0.0613391441127617,1.2686783172636489,0.0131659200741691,8.08718432829903,2.320785649752593,0.6659531517469,118.22034394206491,14225602335.486591,0.0011937917175091
3.9785766473799513,0.0939642379501911,4.463071137059744,0.0050344535876961,2.4101940811672637,7.898182694812847,0.5562516392093825,109.80951241154034,18677981261.077152,0.0
1.1379279993783693,0.0195820740530729,2.7132084402130947,0.0155714703340965,6.7402113119737415,2.0524259065451687,0.6255206726949557,83.46835549557498,19960109452.39619,0.0
1.0808328950413997,0.0272210111338468,1.916034290573121,0.007885899476315,4.381494680020606,6.236583004424847,0.8069660531502868,120.01170092189098,13599521097.945564,0.0
1.146317740157491,0.0278910204268527,1.7542051304210582,0.0204962027865679,3.5964584286019785,1.023984637386556,0.8191051282854819,122.83422430289257,14728830128.197289,0.0014141011183882
3.237540009897782,0.0737660554431384,1.024351257573791,0.0271569186998276,1.874616284867716,5.63855283886953,0.7580777604363624,105.90914978021436,15403990993.38086,0.0010296663399582
1.328951141397318,0.0656770430230643,4.995971676510184,0.0085780906873737,8.687734215064406,8.656717312093924,0.426313478688933,109.02435955558876,15148793985.128475,0.0
3.604188922488964,0.0982041760264401,5.193821894643813,0.0031336876756036,2.5045091474320924,6.417311703291795,0.8490878147587476,122.2351162731333,19849417794.29434,0.0
4.891979913629887,0.0653506221047885,1.9408672065580848,0.0850976237012944,7.276681744079471,2.6670034122005646,0.4081652673393436,119.06813329072224,18493557617.056137,0.0005182069208486
3.718018539918851,0.021452980216944,5.252216065556141,0.0298885707383791,2.801852475831536,5.382506155086044,0.821675935568571,82.10446789295757,16665027481.988651,0.0005732924286321
0.3208967318144399,0.0613234357831502,3.5363341624639184,0.0232180339700028,4.3072444429561765,3.3271111593135467,0.8110611478199593,114.87784445647809,19240976326.27661,0.0012573381088438
2.904109598191824,0.0596252280120197,2.803925401781146,0.0091469828689326,3.1346376556207063,6.352427582590661,0.5796831734988274,94.06314411604048,17585902268.74446,0.0
2.5810400954003963,0.0880798378365447,2.519369114708271,0.0102834305656406,2.958732270766582,6.772824767009254,0.7724788482414138,118.19094015158988,16371309503.892738,0.0
3.549940814846301,0.0787992476461263,3.029264597521046,0.0695252444418254,4.618148271669696,9.44551726361539,0.7591354590218585,129.97493526080504,12319891097.14147,0.0005315682607472
3.325894837313532,0.0655563533406811,1.2182925561249702,0.0329038119219355,1.6584431429991533,6.295092966688481,0.3925095810266533,100.57673181798144,10469382959.847094,0.0006008270208292
2.628975735683977,0.0950610071675247,5.613282768940098,0.0036717902329985,4.017836493426747,6.512177062364006,0.8138276984420095,129.5523694958234,19526582623.48021,0.0
4.919731583623353,0.0606087572483701,3.4567275055221955,0.0041967331501904,6.405854939235061,8.23900453395332,0.7224626054669526,107.9511839010112,11340878444.838505,0.0
4.917205558539175,0.051034542805236,9.912576562001725,0.0638859535899375,1.1251679225970137,6.802017943063141,0.1641365406623461,96.74512339329878,13652450980.668772,0.0011667213571822
4.158197237179035,0.028881792555252,6.116258268941353,0.0077890429870469,7.477707284644024,7.017227731050905,0.1961581619607774,101.70323663129832,12741623470.59657,0.0
4.030413931639298,0.0329112793650751,5.571124413716967,0.0232396880266519,3.7535704273910113,7.888172813666258,0.7171069240328665,126.79737844807858,11251840102.182129,0.0010671523080705
0.6935042646863075,0.0814984230218224,7.797226047553548,0.0124425277189394,5.797543728892313,5.0484527756976165,0.5943189164538978,94.8332401359359,16169928854.904823,0.0
0.7563298494407719,0.0187704011504927,2.708767040391381,0.0044161760274881,7.405973293971484,1.6733518086199848,0.6334990440504398,124.5653119590025,17161965755.87513,0.0
1.0809574141488525,0.0725832103119242,8.347048410824744,0.049622328987461,2.658584059591472,4.987102309618015,0.2313490366818415,103.43497969467336,9072362094.686182,0.0009176699658989
0.8093004289649417,0.0507121685027808,6.682064237772827,0.0309177875259278,1.598764155056133,2.109904783477149,0.3803882019430823,73.26023112314076,13409635429.96461,0.0005392870718277
4.320720245979149,0.0854084644155278,0.5719974066075258,0.0304306435583737,2.533947443089224,4.810566736161077,0.6457216493937581,124.62324065583626,9851415607.298712,0.0005852555411813
2.1914787871982946,0.0719504351506099,2.3699617044732944,0.019071084487877,2.9958140296930997,4.696846785405025,0.761842474144582,115.02132610262902,13014377085.540195,0.0
2.840749369634936,0.0378418067856635,5.695207349670568,0.056688091091171,8.782302854935404,13.133150148024614,0.2702841181658729,60.62798512648693,17122984916.08796,0.0010809672188893
1.9253607797641887,0.0379102193157988,3.427807116525657,0.0222590933525109,3.9926686126615487,3.0917361906447347,0.4757675768884222,90.86512267270848,14242420273.758308,0.0008349565800534
2.88157376057971,0.059141837112283,2.7021239988029464,0.0100702573945581,2.9627026486815566,6.040137383053367,0.5879336418209289,94.86121807798072,17664722459.744392,0.0
0.9517730521695748,0.0652183816391955,3.8920740453095566,0.0087446367013965,5.153151981261429,2.584911487740282,0.5296034836518239,107.15952093065373,16759805582.4782,0.0
1.2796461075699357,0.0260430602185588,6.197790522272608,0.0379191505419998,1.9256069943928675,3.899956720207904,0.442426616555725,91.91430244863216,15350836405.982103,0.0005809155614311
3.387113287563608,0.0844312888397463,1.916910713159017,0.0081384694369947,2.620209923249535,6.378721429946324,0.7711029857410079,110.55185810769628,12278095693.164772,0.0
3.0835736563902807,0.0446070070283025,3.977229436783333,0.0262803749583902,2.3006976259544705,2.3549734734717944,0.4420181830907954,98.17223254384692,15094469639.397663,0.0008789380604445
4.945223782274016,0.0952647059774266,4.414682780077013,0.0040884441532488,2.121934986367019,8.133155276347392,0.8369432353630939,119.2610870322756,18985349710.82112,0.0
1.244701435740263,0.03861689420397,9.342526920314148,0.0106902896679309,6.984562307207622,16.374690373625537,0.6806223789833438,92.48235757648946,17863334136.870934,0.0
1.341434459786214,0.0127743563883692,2.875777408657948,0.0056338116176272,8.318276315279428,1.037104728690078,0.6147923932707043,104.7941421697704,19985197398.069576,0.0
4.989697188043283,0.0687993221394742,5.096519541725945,0.0782133574906536,0.6103321870196717,3.4550045260312,0.6730377838980061,80.81145612753451,12237354200.79334,0.0011121605478175
1.7018738883432196,0.0940158866921101,2.5581547998915064,0.0093392111202623,5.348520120353316,6.504462773214847,0.7220132024189473,125.83526427658042,13392567501.974731,0.0
1.210337487717814,0.0255909169072839,4.280747488884093,0.0075827816511087,7.816940313840141,3.65516884265596,0.8165033640109083,119.3483429744152,17181548524.036423,0.0
2.322784712091579,0.0513475458792613,4.430653812913906,0.0346725002994089,5.192765491305578,1.1404086919341905,0.164399444690446,119.825845656414,9264629655.506536,0.0006920338428148
3.0183881512999857,0.0579797900355612,4.237854655232852,0.026481735022538,5.004674254853718,4.405643592005413,0.5533796555533267,96.7875919422982,16505360868.159452,0.0007066362974957
3.2022910313955486,0.0872174733483197,4.220769226053571,0.0022292096245057,2.928095960988249,8.88015629527205,0.2479886571578652,108.69465492867458,11701672348.708614,0.0
2.349180052599136,0.0867730333179579,2.504950793138693,0.0053131005328199,2.004767296853327,11.183946524069873,0.8099101310926923,117.50585519293398,13431075275.6582,0.0
0.6085462684553392,0.0851356766563746,0.2971359419833242,0.0468354327352725,7.471119609346005,8.541068373129217,0.7003565095183578,97.56262619653162,9657700744.692652,0.0009430018306049
0.6149179534672888,0.0417419389770984,6.6750634556870585,0.0361583912965436,5.3217523860063976,4.22494038152563,0.0589793409622427,104.95513411061856,16063964593.634674,0.0010608451656206
2.4123419466847933,0.0865162392746422,3.712939407820728,0.0338517097441458,3.549336519175173,5.630711383437304,0.841026132300123,123.83726900193948,12508816759.455809,0.0010937161265123
1.0469203277627686,0.0684639276304485,0.7047955789886454,0.0288049521084714,0.9248903896311036,6.373315731774584,0.313512318820964,75.34135307942138,9711045455.5948,0.000613524628497
1.263899527751666,0.026724956378945,3.6865823254959302,0.0063112749098847,7.674318292285981,3.45927172182857,0.8217283121793989,120.13980082998258,16539843347.744505,0.0
1.029334255270236,0.0391986314657213,6.760837832770547,0.0059938920584475,7.086283715750739,1.355809494757079,0.4367956036054566,88.86109650876712,18601335175.37039,0.0
2.0892878774745958,0.0336324366710541,5.3187834902906586,0.0265698543598945,2.9060533294374857,5.537372157811206,0.6654631661848455,89.7759168981187,16875862247.47326,0.0012428710964959
1.1335326194034838,0.0603846926171472,1.0538437215604537,0.0486080309628132,3.881997710840232,1.2736416014565022,0.7607068620033071,91.16526226562674,16476763112.07356,0.000985529714648
4.282392166398945,0.0717095777541554,2.1179653723973124,0.0104826871844772,2.505247189715782,7.565417423001463,0.817709240950933,115.57477093006732,14353039742.56821,0.0
3.005120065640108,0.0470181563987739,4.149944456964619,0.0269368548448569,2.1219672552474087,2.3918150563694747,0.410562996115464,99.11362589922808,14883954921.792488,0.0008918440941994
3.337386202362965,0.087864888072149,6.667741858314179,0.0146508087032745,2.7403152235686847,9.616091113427112,0.7953759375948909,117.31106068660831,16732230898.9937,0.0
4.679435154200931,0.0844894740056635,0.477015570817439,0.0855725738782851,8.226278075623828,13.400936398679187,0.2051959169460748,107.45186201817626,12237433841.174513,0.0011789941901563
0.6754161158314544,0.063232500573443,2.088075072985534,0.0152469294940642,6.135142399555229,3.32471499837596,0.3605352332267814,107.0742050104876,16202749037.424238,0.0
1.2168146405698592,0.0272106207430585,3.195401158125428,0.0196611817169747,8.08173712875517,3.4669072125485147,0.6679670346230471,93.95747493852488,16160134209.07037,0.0012447255456968
3.1459362305527856,0.0812436611887405,5.199764129150458,0.0071742935570487,5.065625762709645,8.263425984420264,0.7994912277968397,118.06651895309152,18210263766.16551,0.0
0.4618246116062167,0.0748942876363918,5.388465350596244,0.0063702834135669,5.1744903984084365,4.648656468929971,0.4409808035025632,105.5366168309226,13881006274.360512,0.0
4.428753431982829,0.0509344481917829,1.4699543289951849,0.099398930250033,9.19848227210072,8.441063765862422,0.3182740704726325,116.97387017534722,9171448690.478151,0.0008690283983829
1.174940654283663,0.0932831440753529,6.446063786957341,0.0099649966341117,3.3636011333065388,3.077461055884513,0.7885612842997981,123.12971252806976,13889316229.700045,0.0
2.0703867419808555,0.0570921595634436,2.5351288106169734,0.0401071336481269,3.439889081796576,3.4852310920909275,0.6470925398881255,115.91336692057833,12627916019.645874,0.0013828303214777
3.6768623454041385,0.0929574970692401,3.783718154533059,0.0470473796315072,3.115835151372938,5.504354517373513,0.6555420612820171,122.2952474150209,13583549201.766975,0.0009311552803158
3.3641370182835586,0.0709303440937607,4.263620336048102,0.0106374846501305,9.289098713282208,4.890384250617514,0.137267698887875,109.37964517770966,13740758732.793867,0.0
2.06295773285319,0.0474799430203386,7.528640625879371,0.0051189574717422,8.103992487984828,5.19820275891376,0.3969888365815897,108.582434307221,15027953767.121317,0.0
1.6443873703543448,0.0340120135174192,1.4434409069837135,0.0045862168279559,4.909311646089268,3.711169289981552,0.6181812728604313,118.50207278932936,18400869949.81466,0.0
4.489585367307352,0.0970728600470071,0.7368363029840622,0.0020731877902212,0.5170480666424367,14.495430616947544,0.3738860450144928,118.01329982325888,17700851851.3789,0.0
1.566057380627196,0.0646118154113065,7.013887558563624,0.0021599025574193,3.99102628459972,5.533816832757273,0.563090605499805,99.24987299722336,10450574974.900171,0.0
3.773434870538293,0.0802506372649099,6.411944134235324,0.0817084833661662,0.6770567793433108,5.228566973211573,0.644113983418113,90.96527743691787,12329622518.01513,0.0010387230341478
2.069992148463741,0.0836992526708413,7.704928730621403,0.0080025127237009,3.7702794285095695,4.338135304064677,0.6447680362163138,103.51675402948952,14209057045.014397,0.0
3.27637240966414,0.0323262679190629,4.643919680875321,0.0985069210848568,6.663777141059839,10.968398768552092,0.5442861122284702,67.59872575970145,18117542805.51448,0.0010424934944573
3.968744014345549,0.0517262369240321,3.5092849761088765,0.0062143539624005,8.401945538701288,6.213258957614734,0.4506227546357556,128.14039051057264,12261407674.65661,0.0
3.117665415568313,0.0850538183610568,3.7444284101414542,0.0146104514218759,1.5091138550536107,7.995509959948288,0.8407749558992016,128.48229244461913,19200807940.788246,0.0
2.8444829336490924,0.0378995739060294,5.686370088596163,0.0567073179282318,8.780886790660649,13.128531778054702,0.2708390055721497,60.63174734059158,17128835253.991398,0.0010804562595044
1.7673807343378098,0.050293523019825,7.860340396181272,0.0412982870339682,1.909809856994899,5.617086005913935,0.7352689072088671,110.31446874882197,17729144838.648674,0.0007845093906518
4.15374436194189,0.0365101747140781,5.494054146556592,0.002055514957459,1.7533327982561475,11.268231305886978,0.3427127504772224,95.39728560209252,10293565238.104967,0.0
0.3282950100929239,0.0712211312834353,8.266829621064879,0.0199855312667392,3.3292975958433257,4.797842461482365,0.3122375664403938,129.62882376283952,13543183393.682524,0.0007582994785277
1.2224232758125682,0.0358002433858526,2.455506497732868,0.0149754634703945,3.879824125990514,4.6131555786510425,0.6194879214576083,119.43305633497312,18652242466.33181,0.0
1.1703498480991326,0.0812597704450434,5.939999292570709,0.0037016316780003,3.888352076260606,5.686091429606258,0.6108166578088107,118.0076368953939,18301919393.354584,0.0
2.870136517218748,0.0669402535185769,3.629733452418708,0.0047464098467528,5.14342040076466,1.8167458205813023,0.7577195631827153,107.72755997107237,9113515769.942509,0.0
4.653241721870635,0.0816694982865647,5.889594141818344,0.0032940706036368,2.0161698132362944,10.548778932796536,0.6015412061495409,126.0817796898902,17906707410.650005,0.0
0.8199354549453505,0.018971676531205,2.0889317896133712,0.0419524184525345,9.669915297951798,6.108952695725023,0.5587503561121159,71.5337678860001,9102688644.423897,0.0009490015682495
1.4718053299437663,0.0431390772083113,3.325102057572403,0.015457716405723,2.639524962851205,1.1447947932591167,0.7508146663944215,84.54133374945334,17461037632.327087,0.0
4.14817364749629,0.0686298979295099,7.024957605840191,0.0804177954897237,5.142609797404248,5.392518055071793,0.7887436330256737,111.95886995983528,13927244071.500244,0.0012818198566841
0.6730245486036875,0.0632514533635394,2.087350025741549,0.0152671019126601,6.133237863471933,3.318679396387375,0.3606825953888284,107.07230173925822,16201809387.565825,0.0
4.490319509987943,0.0198731317952541,7.473403577801477,0.0436899124467437,0.3938832605287906,7.319675759066746,0.8020624138087163,118.82339920339048,10347164753.583124,0.0008146475840745
2.824041464567851,0.0610917771396903,2.776147458649323,0.0093124918512346,2.980983543133615,6.212903172092205,0.5775446350945276,94.81821071024405,17674851767.141777,0.0
2.5843428653133054,0.0757717742480942,7.397352637254366,0.0176863133249882,0.9504322116015772,5.19046896680019,0.6233894979118009,90.57523628327584,11841923898.819326,0.0
3.15923264013579,0.0689993125207836,7.416636559078458,0.0062031682046566,4.309852736596022,4.339534454422083,0.6953383299360377,124.0458492077512,14115805524.6503,0.0
1.3658667739340773,0.0109640505556764,3.2766761850220454,0.0022209622868667,8.468537296020168,1.2995493307764003,0.6280165430547766,107.33281636603728,19585049358.465466,0.0
1.3903520758569925,0.058572042670171,4.268838801530632,0.0196982707155141,1.072095631484253,2.3822079571561687,0.7402192339645206,100.48110129848529,12035543459.845928,0.0007537758662407
1.9449482769377189,0.046212171989104,3.6910546296069047,0.026973820170424,2.256013318492063,3.766152457507212,0.1037575888533176,92.05485421379171,11082881028.920189,0.0006769873448739
3.942691989885684,0.072263185135074,6.200223525173365,0.0326082626276001,5.122626718753894,10.373703790011549,0.7688837798922527,125.3863464069056,16865982952.490265,0.0011463733506584
2.9023399508485137,0.056147173899213,1.1901439757957442,0.0284425132908354,3.048807566317568,1.850464696807307,0.2678903091599834,84.79666726445402,15340086557.530336,0.0006518217450284
3.0197632882902083,0.0326988064092635,5.858085597835392,0.0129293441560605,0.3125321455028945,8.067655640409665,0.4098464649306707,123.8841352297672,10446863423.975954,0.0
1.8134552412924811,0.0820547790035931,3.684661540091666,0.0225506535474108,4.153452023907302,4.245530816519139,0.4822756899368857,86.77200368688248,14027600559.428736,0.0007593143115741
1.897542331251283,0.0103965844782466,1.2832298374978608,0.0070223290436158,3.436504972610563,4.211685744355775,0.0162654050114271,99.85894712523768,12341217005.408253,0.0
1.1010154258212488,0.0668456860672675,4.13754983836226,0.0209302330050925,4.95095631443546,4.89529527221308,0.6298957555438058,86.19595321176803,18006409114.48059,0.0007210444485474
1.013783098045857,0.0703280950020855,5.572097071662892,0.0096982281999251,1.1587208459524103,2.185797662086946,0.4309860371436479,118.43057539140074,12311210491.729733,0.0
1.602895520806759,0.0477007463167316,2.0098495772957645,0.0092431099520734,6.949736513246604,3.630184880010873,0.5211640787636873,124.16700700194431,14283121980.047531,0.0
1.3511218150946596,0.0115507403182858,3.069878699493606,0.0041994843096158,8.61693785380757,1.2056865723135215,0.6284635956948712,106.38577327058648,19734080761.81443,0.0
1.219791295412659,0.0267885239699667,3.089437629129124,0.0207377139460419,8.09632784664699,3.5717507763308567,0.6585989420404273,94.43172704351868,15980361277.726015,0.0012628371027234
0.6694895350820474,0.0118338335458801,2.866042478164186,0.0037839592473996,9.87867424853127,1.1337951468751015,0.6039106388593668,117.89554021354444,18434700675.992493,0.0
4.332973567392809,0.0954949460830779,1.8147241456946543,0.0360162162758044,2.058269752105765,8.04814165747083,0.7198057069231204,91.3772545334213,10612577374.893364,0.0005112396795669
3.992894129502087,0.0560438702246651,8.623313961744794,0.0637474548800122,5.496733345227473,1.330551481296288,0.8321977285324705,125.890681183095,12496882342.542034,0.0012868412646092
0.6730245486036875,0.0632514533635394,2.087350025741549,0.0152671019126601,6.133237863471933,3.318679396387375,0.3606825953888284,107.07230173925822,16201809387.565825,0.0
0.1188224740197795,0.0126954301094369,6.795476791418385,0.0040461682088908,6.519669010565823,1.553414933359276,0.7341798486436527,71.12029529240776,12829089739.820168,0.0
0.6113974094673199,0.0851155900851567,0.2933727725758334,0.0467895307722251,7.483163081269921,8.550188024254307,0.7015480023619282,97.57297212585368,9654951907.772757,0.0009430529374117
0.7291509171603168,0.0487603052597211,5.97899169151659,0.0148669233468673,4.190091569902951,2.913705527879748,0.5127288361220389,89.86755922937398,12160246508.353027,0.0
3.5559948674498294,0.0592222603407468,4.860607941505997,0.0068246168748928,6.697758091994517,5.060219261987753,0.3636816625599398,89.824990095602,15126791997.641186,0.0
2.5871334982223515,0.0576796967744495,1.5935127348618212,0.0214379009968147,0.4781588417619481,3.069843263013375,0.7965826229035881,86.31583130820306,15906104366.041231,0.0006356827635811
4.282392166398945,0.0717095777541554,2.1179653723973124,0.0104826871844772,2.505247189715782,7.565417423001463,0.817709240950933,115.57477093006732,14353039742.56821,0.0
0.950184975822838,0.0603984316642652,2.344967730488728,0.007210126010093,4.392243895633184,3.0691742549636394,0.3211516503727214,75.26007505720497,19322663007.143566,0.0
2.034999099379926,0.0702019440344828,6.922962222967289,0.0052967365835996,5.694069622791687,5.1525242960211015,0.6798565150133444,107.81314748157445,12732980571.552616,0.0
3.9784206571209793,0.097543144053346,3.6384694046935455,0.0194884266168824,2.62795216294866,7.760543475617462,0.6699622976477183,99.02845760876032,16157412135.762943,0.0010119235708959
0.3380820544522916,0.0267721639091295,3.068286737700873,0.0532618046448014,3.600861832974537,1.0021317006154709,0.7399799743611386,111.53965610316028,12369166432.194893,0.0008138960980977
1.2150410670924154,0.026553239727,3.112800982355,0.020548868197439,8.06574677283251,3.5950326391168548,0.6593007640226574,94.40722507427375,16017772297.780224,0.0012637401094341
1.9954193218610463,0.0915944011009933,3.3170304765583816,0.0086138684540156,7.808217449045786,5.917669864336654,0.3935351715312069,104.32643772954752,16086926703.410656,0.0
0.6913198939835372,0.0227586577674049,8.499977253692567,0.0267836591421125,8.871916457706774,2.8050895243708145,0.7243964315693215,118.1911837453542,19620158460.625538,0.0014657451340316
4.489585367307352,0.0970728600470071,0.7368363029840622,0.0020731877902212,0.5170480666424367,14.495430616947544,0.3738860450144928,118.01329982325888,17700851851.3789,0.0
2.633159809290919,0.0380121207400349,2.435018121891465,0.0244842687920489,8.258378028158015,4.016867659052328,0.648507017606036,101.8635300201534,14767929602.07624,0.0008577747296156
1.1305580976228549,0.0726861326092876,3.917884163634182,0.0091845700172422,4.798642314024823,4.522460809603508,0.5318165712536953,75.0738889528849,9558114187.353613,0.0
1.3019452892858736,0.0851043158920839,1.742513574044373,0.0054744735754651,4.709667158862821,8.220377068440646,0.4344565335642893,98.45803995197696,11015169096.087082,0.0
4.196025419789061,0.0251106759631188,5.105354134181013,0.0382430882044484,4.927097290799495,2.6613890501287623,0.313450407759442,97.4070969258944,19847532603.314392,0.0005104141948202
0.187926075679654,0.0743602372933132,7.175794328534601,0.0234701554948917,4.067586592666365,9.684515607408423,0.2397315940181154,125.51335806587328,12646461128.980907,0.0007419201882925
3.12822085784183,0.0812979066692616,5.162770307792557,0.0070449614450541,5.099966478016861,8.112822447068558,0.7921487695674756,118.8354972263424,18244133198.560856,0.0
2.1692036897117206,0.0396022685716909,4.462760949377321,0.0283190501710106,3.070357891814121,3.2244328519777845,0.5322917918941091,76.2325683744778,13204684278.034603,0.0010548682299976
1.3511218150946596,0.0115507403182858,3.069878699493606,0.0041994843096158,8.61693785380757,1.2056865723135215,0.6284635956948712,106.38577327058648,19734080761.81443,0.0
2.2060935340615107,0.0232283580873236,2.395331138151799,0.0085544300621052,3.3417873649015437,6.389942648932781,0.5578453393874055,121.03416999097384,16525391389.692331,0.0
0.2051768840065549,0.0686066544518406,6.741112652028947,0.0082668395929148,6.554545899756075,4.0532140560657615,0.3578526594921771,102.31056722989732,12639162771.429031,0.0
0.7428774642075855,0.0120480100474346,2.9184004232808487,0.0027562022572555,9.945065467111991,1.303367231417837,0.6093107940964088,118.00937823013088,18551865002.61301,0.0
0.9618340028983102,0.0867228826535741,5.251604314632379,0.0367924028460863,9.782164519578693,4.909925418770353,0.6785381194495119,125.31557874361854,16422096337.112864,0.0005855503116534
3.5579399995901686,0.09149772019043,5.538659989111433,0.0323018643400974,0.1060277899442518,3.870609794024296,0.4846415661601132,122.85271245362428,15771813380.375431,0.0005728421574117
4.649392625352451,0.0846677292001285,1.7089480439591842,0.0223705969069669,2.269977647560569,4.212709624584123,0.1566170449963312,90.31506155080524,16356296450.093267,0.0005499660259902
1.3390059142256738,0.0103073716851408,3.003301749436232,0.0054914962012058,8.668574676189818,1.15562163636939,0.6239558393151745,106.82734725181147,19684254393.863583,0.0
4.979306448845926,0.0686380368245447,5.210919932791831,0.0794568494072818,0.5652312608547296,3.232485743861978,0.6690979295153185,80.76382824245226,12301826105.355127,0.0011150583910559
2.287270391708753,0.0373965235721803,2.743694742362681,0.03013953171553,1.932967982712986,1.1685697721977562,0.0848318888790745,88.23684693725633,14188845955.481949,0.0007051565904644
3.7891592386267687,0.0213245061456251,5.411539107237741,0.0287069366203832,2.6827270808912616,5.349919286693089,0.8144702138000544,82.22537834156277,16520338791.546392,0.0005647033751487
1.566057380627196,0.0646118154113065,7.013887558563624,0.0021599025574193,3.99102628459972,5.533816832757273,0.563090605499805,99.24987299722336,10450574974.900171,0.0
1.2270175155584784,0.0222150265388397,3.8596185020620415,0.0059357828255089,7.7859523460183935,3.2894032407068243,0.8179093030925201,118.95733504499184,16539827935.770573,0.0
1.7673807343378098,0.050293523019825,7.860340396181272,0.0412982870339682,1.909809856994899,5.617086005913935,0.7352689072088671,110.31446874882197,17729144838.648674,0.0007845093906518
2.682431254708542,0.0812287083299394,5.886707621011595,0.0366504517895802,0.6425259827948718,3.2845995350108854,0.7098076241640434,119.51954153687032,10479671631.993517,0.0005723964659321
2.628975735683977,0.0950610071675247,5.613282768940098,0.0036717902329985,4.017836493426747,6.512177062364006,0.8138276984420095,129.5523694958234,19526582623.48021,0.0
1.6930227688072332,0.0516925636238898,1.1804541441038314,0.0066417240528519,3.7946623414387615,9.006128901929305,0.4208518299467196,120.08028010689463,12806626126.813583,0.0
0.4587043002235015,0.0168188867928944,7.694762864031423,0.0170176491682848,9.11796957010677,2.9045881802873823,0.7929603119668986,118.74740373598708,18329253602.7167,0.0
1.749705139641604,0.0477549788100193,2.7286027125095984,0.0081330273635583,9.394530192375727,3.568569921034448,0.7092250911257308,98.49037333023917,13064290854.471125,0.0
2.174337705348988,0.0297684597681713,6.141720313742967,0.0205888539428237,1.8629212812054512,3.846290446763464,0.4297114885631732,89.23595234503784,15374111095.976627,0.000893755085196
2.173143543533279,0.0789303172605962,3.91592054857898,0.0604339586197494,1.891212104756732,3.954986020771408,0.7376725397119617,118.78279840343784,16632723849.69434,0.0013072948943541
4.196204414230482,0.0458525851373145,3.8980571216163815,0.005429841040229,5.262775893855255,3.631776545265824,0.3270923729245961,102.53494076104522,12974255619.172094,0.0
2.0226279559017666,0.050737401756301,2.9517963504367466,0.0038721027234031,5.58292564943378,6.312579305340248,0.4071762816629118,113.8210227315058,13397476136.135372,0.0
4.689818429173557,0.0931362399664956,5.840948466935413,0.0479807483846801,2.025930188072017,7.063252775435338,0.376209186466946,113.59839058829748,11563494622.77018,0.0005692162172654
1.911719625942688,0.0328328704130469,2.920486782174488,0.0024727955541047,4.802860284632816,4.57801504399897,0.6206368453599554,114.93876889777378,19337625230.82134,0.0
2.2032333435130287,0.013738712527519,7.227721456327602,0.0195986649854367,9.861725561731474,4.166109274869186,0.6539381155759473,72.1552363726324,12292251841.778427,0.001024725609029
4.786295544490065,0.0757131691955286,2.3156684061325894,0.020558472709944,1.47095817452121,6.760781260827316,0.6974286887931214,102.6876405957176,9909700746.201176,0.000631670873253
3.259127998417003,0.0365363142488843,9.208560938555202,0.0018475225799857,8.186362328935557,7.361395353013815,0.3026954373887706,71.70716288047984,10780860595.513092,0.0
0.9618340028983102,0.0867228826535741,5.251604314632379,0.0367924028460863,9.782164519578693,4.909925418770353,0.6785381194495119,125.31557874361854,16422096337.112864,0.0005855503116534
1.3279318998640597,0.0251901056635823,3.121171848115312,0.0165005185789703,9.470191193465483,5.673915911451523,0.3563728450614334,122.05278343846794,18817525253.487274,0.0
1.6852518632677915,0.0161429465970318,3.336808092081963,0.0064578937846818,2.2779513394882347,4.202977485060538,0.1552091536437848,82.07299971628248,13236275487.525686,0.0
0.3148140784113816,0.0639688498947296,2.7068779787510397,0.0033754444397319,9.314281645738578,6.51652064118622,0.5795249921371545,107.2294754547624,17528793857.36283,0.0
1.1724207194280292,0.0761694720694925,8.587220225485998,0.0063284443518012,4.513555764143601,4.331063945455217,0.6082510714584465,107.54980140436852,14215798948.650175,0.0
0.1454716200847525,0.0698449574105033,6.948315547846425,0.0074014724599939,5.593841027557004,5.425970778622048,0.4387980443127019,84.23588836580866,12333779692.031233,0.0
3.78023994839018,0.0794956099698898,4.460071218397888,0.0083223131254634,4.898518200190209,8.399604062999018,0.5289841071592514,89.71363714834685,10369133987.177675,0.0
1.3957177400859089,0.0821125513080254,1.9301452842358136,0.0151960046080151,7.70926103322082,4.900311446487372,0.7996595634773227,95.6663350990478,17110654604.894669,0.0
4.359253561186869,0.0926950454661842,7.157176256735737,0.0622533238962305,6.453997603534308,12.530847430115776,0.5855393752474779,113.9789845528122,15480155811.152672,0.0006656638912009
1.0498863115356158,0.0671096733476935,5.339560075792822,0.0022082054392505,9.885874034165107,4.7376385318320855,0.8230539617150842,119.93537577420476,16845194627.08725,0.0
0.4618246116062167,0.0748942876363918,5.388465350596244,0.0063702834135669,5.1744903984084365,4.648656468929971,0.4409808035025632,105.5366168309226,13881006274.360512,0.0
0.160963847940903,0.0252827588271725,3.9864673539380098,0.0491062008243202,1.4868782489684993,4.132153431948668,0.6879382531012347,119.31462857833564,14183969211.701458,0.0007136797781069
3.917196994250288,0.0704302458611949,3.5737031473822087,0.0211042463166475,2.132446728659356,3.4964860393503843,0.6251612996605019,113.370852424359,17763018771.548725,0.0005807151049024
4.34656163626104,0.0619150258738122,4.786927271864382,0.0056997233687202,8.369383200166236,7.768223438205557,0.6995873705929493,110.57595328344736,10934047905.442308,0.0
3.043683231167348,0.0330535877015677,5.912174956702561,0.0128044964574215,0.1001168880998986,7.846546108506144,0.4207438143783181,124.47976134445474,10468832787.565382,0.0
2.0437749984219207,0.0833473411362426,7.657941530687976,0.0080148441373054,3.71478316731219,4.346628887942599,0.6443957741157084,103.59156837934718,14234492527.714788,0.0
3.1832427807908146,0.0979690626361891,6.015741363028275,0.05189410792107,2.688175334115071,7.157140118860823,0.3738389159764929,110.4938646829658,11689734429.979765,0.0005883915113758
3.250506859715978,0.0736209137924942,3.4657299741199576,0.0108145007261036,4.208630179431835,4.943103175146367,0.5812549311398827,115.61929962939006,16107084808.588615,0.0
1.6437533588024968,0.099910677283939,4.55568327030422,0.0063734879441573,7.358559504687464,5.762397767843031,0.6505532731834268,104.43515433732335,16178392218.803793,0.0
2.999955490269144,0.0689518252218819,1.202117912099927,0.019285816615029,4.598700108991017,10.263840244346852,0.8172480080238955,117.96402859019744,14128832194.589537,0.0009098429870374
2.682431254708542,0.0812287083299394,5.886707621011595,0.0366504517895802,0.6425259827948718,3.2845995350108854,0.7098076241640434,119.51954153687032,10479671631.993517,0.0005723964659321
0.6740514832627639,0.0458788476418002,4.055690975549523,0.012438094376691,1.4492956472040943,16.923071428765883,0.1112075099116975,89.69334337035777,13652068725.798008,0.0
4.6255891319277165,0.0544893825227517,1.0922375195791951,0.0293891404683256,2.377339136582289,6.293175300877711,0.6737609212527146,124.73674120909608,13676872901.277988,0.0014834432869982
1.566057380627196,0.0646118154113065,7.013887558563624,0.0021599025574193,3.99102628459972,5.533816832757273,0.563090605499805,99.24987299722336,10450574974.900171,0.0
4.262427024579623,0.0623379173583237,3.530637980298157,0.0369051779914347,6.912519526258955,5.187710661177022,0.5688779460349448,86.03930477394304,12082945050.822887,0.0011676480516018
4.26223688139517,0.0608933902072781,3.869232737724292,0.0344744692186625,6.937374632559965,5.050749098444187,0.5712579483485606,85.57834460525316,12097541945.916529,0.0011711846014138
3.431470812894745,0.062788896988246,3.5902904798656574,0.0158446094779156,3.2782371728835136,3.978856440530061,0.2440196557524233,97.88775341808189,11704298162.897526,0.0
2.069992148463741,0.0836992526708413,7.704928730621403,0.0080025127237009,3.7702794285095695,4.338135304064677,0.6447680362163138,103.51675402948952,14209057045.014397,0.0
1.324806653080885,0.0518585878131926,1.6189402713384464,0.0022823496705012,3.694862402931361,7.740263566993407,0.4069425779572191,116.34047615841202,12840304649.130924,0.0
4.689414462877564,0.0844697552821783,1.4951188382115783,0.0237979012025797,2.349320350782457,4.264383891465258,0.1532302212766814,90.15504394630308,16372537570.171152,0.0005521063682396
3.084041937862024,0.0996037107397893,0.49647971605573,0.0258931883072864,0.2523041622177669,1.350656797877914,0.646171184344027,123.53562772254516,9195948585.572603,0.0006918934331914
2.88157376057971,0.059141837112283,2.7021239988029464,0.0100702573945581,2.9627026486815566,6.040137383053367,0.5879336418209289,94.86121807798072,17664722459.744392,0.0
0.4805524080610972,0.0241708093860201,7.109262842919513,0.0027309994937834,8.987918301408696,5.311393877478427,0.6614291385688233,104.10606648810928,16696645007.31107,0.0
3.4950451685212,0.0928473728869058,1.3669407921014547,0.0199977086608368,0.5358157982532553,3.5672137236513266,0.7176260748524798,92.25578423612052,17692556856.711185,0.0008473313143742
2.822331271442879,0.0611884937415527,2.783976795612804,0.009353925561707,3.0134013055997304,6.200563333178218,0.576891975552374,94.982022485613,17666298909.330658,0.0
3.348706864343751,0.097044090305467,5.05034716434937,0.0265293181752194,1.7420769958733455,4.051292584568352,0.7375158544328425,111.06075593077472,13219008671.383698,0.0006352573024491
1.7494823334445753,0.0502285199892357,1.4969044535605012,0.0204806821646078,5.954906406850032,1.856781738504816,0.5687906139612767,123.22218470347866,12317972578.135569,0.0010655322972195
0.4668418950403923,0.0222926786366423,2.3847176169094597,0.0330275047424822,8.229854022147011,3.58742459331546,0.8107050265292584,99.9368569500634,13779152743.935896,0.0009035314165919
4.723938752979325,0.0558165386332767,5.271971435711864,0.042127030079365,0.5066606864571085,7.217751989303676,0.6492024575449697,109.66984488331435,13570772451.164804,0.0006824346789699
3.162885274357188,0.0228283156551178,9.00598633605992,0.0289738767855778,9.33465252942955,13.546616051044811,0.7285212513126716,120.43716982071984,16746467562.376917,0.0009992900693232
2.8567458660260434,0.0342567426244277,3.710244591057463,0.0221780632255135,1.2777786864770817,5.8905010042974695,0.4695416375955794,98.70279015142115,13835831403.572865,0.0007786122786063
2.572904273248405,0.0396466331874267,5.319428787848911,0.0031565547295006,8.03067638411442,4.725674048534838,0.5235093459931431,120.59792158816224,15960674470.554012,0.0
2.0275116355159395,0.0856329021244922,4.881955068710147,0.0383654017761649,3.240688948129612,3.435986551200991,0.3664444911667701,115.580097882268,12937528814.337915,0.0008128465098456
4.690365660861902,0.0925848158159962,0.811173587337953,0.0761170456784837,2.1943320601847445,9.568701909355283,0.3606485144222907,111.80026593692072,16624539538.499563,0.0009713059208442
2.628975735683977,0.0950610071675247,5.613282768940098,0.0036717902329985,4.017836493426747,6.512177062364006,0.8138276984420095,129.5523694958234,19526582623.48021,0.0
0.6816809258969524,0.044470363431067,1.4121335024313628,0.0710381395259387,3.2110916940089678,8.160871014380339,0.5872820768612438,103.21581912276082,11679549830.51752,0.0007316036519395
0.8000624357423047,0.0133705181067623,1.760294785098935,0.0311595924650605,6.508123536278967,3.188124909649562,0.6642741929117094,84.44526654457036,16600722930.668177,0.0009838578148075
4.428753431982829,0.0509344481917829,1.4699543289951849,0.099398930250033,9.19848227210072,8.441063765862422,0.3182740704726325,116.97387017534722,9171448690.478151,0.0008690283983829
4.561164394532509,0.0836149321439062,2.430417672613418,0.006126715527776,4.01593082774981,8.540773569933457,0.0259153354614224,112.46913439704343,17431434910.262527,0.0
1.4431717788839091,0.0275447081117884,0.891096431367537,0.0087474463019557,3.874806013998468,7.917436149336886,0.8213160382190775,115.35474025109836,19415218880.45212,0.0
0.4069823077240269,0.0474209618339503,8.255910917730187,0.0020902060905602,5.148241963665472,7.651335818144451,0.225308800009455,128.7381273328118,17058270784.164936,0.0
0.6439269800192204,0.0182488634687307,0.1431126057933411,0.0075008658189153,2.9524163904166576,8.450262102112294,0.7778795463157891,118.31767049637858,19640436491.004795,0.0010021526692402
3.1336313766198143,0.0994492933737538,0.6083386806871814,0.0272444118500535,0.4018865928330772,1.1451041641045308,0.6552411095807141,123.74226991355616,9302290112.433662,0.000697330948192
1.5113360146136985,0.0835782334846254,6.373874781124529,0.0178127144082965,1.6339128044727516,4.230422751652327,0.5878044738955274,117.5793910380868,18274571904.90193,0.0
0.4069823077240269,0.0474209618339503,8.255910917730187,0.0020902060905602,5.148241963665472,7.651335818144451,0.225308800009455,128.7381273328118,17058270784.164936,0.0
1.672577689733196,0.0427102926506886,2.867648993467796,0.0444946876008288,2.6087308207840967,1.8703149569367912,0.5122614430177553,104.48059512708603,10586405681.42363,0.0008162397378235
2.349180052599136,0.0867730333179579,2.504950793138693,0.0053131005328199,2.004767296853327,11.183946524069873,0.8099101310926923,117.50585519293398,13431075275.6582,0.0
4.484176216158743,0.0592865164983956,3.230460333913758,0.0660115577485505,1.2697515156213202,2.9513241803847725,0.789130974895843,69.41948734677959,11449744928.735878,0.001177222827738
2.4951083228917024,0.0231675157813722,2.75156991884636,0.0243409626711265,3.3154926500890745,4.520691409503745,0.828638967407558,114.51273361653722,14120554973.289013,0.0012989167172136
3.0167444575629263,0.0576710485449516,4.209659870262524,0.0265405690707835,4.996431168529718,4.5091191885050295,0.556409589993456,96.99910143831066,16534850799.69768,0.0007068509569593
0.7428774642075855,0.0120480100474346,2.9184004232808487,0.0027562022572555,9.945065467111991,1.303367231417837,0.6093107940964088,118.00937823013088,18551865002.61301,0.0
2.2506281256591305,0.0472915055795378,1.0467570627407483,0.0173297770631705,7.822701054869245,7.605272557559234,0.7231832977323878,84.42790701557713,13856417591.4288,0.0006131243028803
3.749028457643087,0.0440936713479431,4.500353604008936,0.0115839958850748,7.635135206086096,6.178980169736651,0.4917102688253653,108.74755836553476,12739620912.158588,0.0
3.4635429731625225,0.0700663496204583,6.536123629902463,0.0653526380759132,2.3008237335303776,3.778907550302237,0.5762482489808405,88.82425469137316,15280551450.628183,0.0011342216968494
1.652217361553936,0.0402919982275099,3.0460969970642573,0.0360406580359276,6.525268238714414,6.295223813708383,0.7390797105484139,88.13954145334657,12089396890.596312,0.0008744354025478
1.0838175768637903,0.0531273851733923,2.9978660159344552,0.0077730285054234,5.14008774827759,2.4820348050513523,0.702828329862853,105.90716033951652,11381734994.956545,0.0
3.229655647344813,0.061538055875631,9.329959433646964,0.0119038224971527,7.717812190004766,9.526910257109526,0.4493781890539678,116.52558949918694,9234334507.598415,0.0
4.14817364749629,0.0686298979295099,7.024957605840191,0.0804177954897237,5.142609797404248,5.392518055071793,0.7887436330256737,111.95886995983528,13927244071.500244,0.0012818198566841
0.5001095297722965,0.0236011681149544,2.042733816304261,0.0031286917384939,8.229077643220215,4.583163222399082,0.4105815045630664,112.60829546468008,18418426010.037018,0.0
0.5001095297722965,0.0236011681149544,2.042733816304261,0.0031286917384939,8.229077643220215,4.583163222399082,0.4105815045630664,112.60829546468008,18418426010.037018,0.0
4.1076304291268935,0.0651990281192355,0.1159938909506607,0.0610081196041377,1.4656027749398166,5.70966087219094,0.8021336498028059,113.64718114599602,17640888486.524685,0.0013852657117917
1.6237438441631296,0.0336831468525527,1.371290526071802,0.0046018157230094,4.906196070000295,3.35291713640549,0.6399078047072765,117.62346273388168,18268507826.56105,0.0
2.870136517218748,0.0669402535185769,3.629733452418708,0.0047464098467528,5.14342040076466,1.8167458205813023,0.7577195631827153,107.72755997107237,9113515769.942509,0.0
1.3505385211697496,0.0115540312775953,3.070212895761349,0.0041947642042358,8.617751842622294,1.2037692907123831,0.6284231650913515,106.38528158146666,19734812468.18146,0.0
1.5744443355006243,0.0596350355365543,5.307868972316957,0.0124911936363868,7.220725991505847,5.421414525919955,0.7872322556513441,112.9622059513494,18346710032.68459,0.0
2.0892878774745958,0.0336324366710541,5.3187834902906586,0.0265698543598945,2.9060533294374857,5.537372157811206,0.6654631661848455,89.7759168981187,16875862247.47326,0.0012428710964959
4.185216939501973,0.0725537113852087,2.061643191406923,0.0124876368208398,2.396180733843029,7.505019375551752,0.8284711839568526,113.5808784404458,14067894440.423073,0.0
2.931115795463888,0.0969142905315587,3.9400526237161255,0.0022578951640988,2.5857539858783825,6.830714591073539,0.8209098754354833,118.25973488856374,19727180849.92213,0.0
1.1423492957286392,0.0427290637203167,5.520772399312125,0.0195017304937982,4.307495068308263,6.665836241420215,0.785660578198752,103.3437731858644,10311988742.702154,0.0008391086340997
3.604188922488964,0.0982041760264401,5.193821894643813,0.0031336876756036,2.5045091474320924,6.417311703291795,0.8490878147587476,122.2351162731333,19849417794.29434,0.0
3.1459362305527856,0.0812436611887405,5.199764129150458,0.0071742935570487,5.065625762709645,8.263425984420264,0.7994912277968397,118.06651895309152,18210263766.16551,0.0
4.295707456436035,0.087316630249173,5.91393059836971,0.0334814438121962,4.180374389917063,4.2446701087551215,0.3404931276970952,109.11636841028064,10577878899.45782,0.0007246601246255
3.2559149432723817,0.0725134234311489,1.231177552072408,0.0100440676213741,3.044776487900392,8.98061210711898,0.8236412391971306,107.22843672523864,15126626311.265688,0.0
1.1012914703014611,0.0255854702277253,4.1111484001739385,0.0076085713545264,7.46984698064701,3.663624373783342,0.824992833761404,119.4661434094764,16809298919.16454,0.0
2.999955490269144,0.0689518252218819,1.202117912099927,0.019285816615029,4.598700108991017,10.263840244346852,0.8172480080238955,117.96402859019744,14128832194.589537,0.0009098429870374
2.06295773285319,0.0474799430203386,7.528640625879371,0.0051189574717422,8.103992487984828,5.19820275891376,0.3969888365815897,108.582434307221,15027953767.121317,0.0
3.0779778833683533,0.0753528219255267,5.00129630354308,0.0231751354887097,2.4350226926343144,4.850081681912008,0.6895027267383034,115.17294896107742,12691293501.02076,0.0005809291221078
1.8213296329365345,0.0358698793849791,3.98753730096932,0.039254423284381,0.7777427661195315,12.538593532917655,0.1437177941905408,98.42943505545443,14533867546.307146,0.0010515632170979
1.3068310729376094,0.0352498019025144,6.8625664466932825,0.0366421733628769,3.1023114589423906,6.012497224343437,0.8148885260707674,97.71311035678426,11405809955.127312,0.001135370984404
0.1784350575539987,0.0240514169050534,1.848837674476704,0.0041518442003332,1.2494018400058156,1.9525428728987908,0.713370037676123,72.80832499537539,13002480129.040316,0.0
2.96838163805763,0.0715952474718513,3.9715214900378752,0.010879883773543,2.724773352785577,3.308539642947058,0.1825531740928944,109.47824767906006,14172500035.575447,0.0
1.3560256924595475,0.0593884303991182,3.624518005730604,0.0035686354709849,5.9778194207080135,5.592988271993804,0.7773986444893375,120.48534183303744,16565127586.169758,0.0
0.1584889459458268,0.0240425222281379,2.599776418778473,0.005502932013262,6.384734413567231,1.9171998551204628,0.7131007899728993,72.80225172658997,12984773617.439491,0.0
1.040303228341613,0.0671486789607432,5.366500265600301,0.0020152867380261,9.90620042445974,4.754123364101516,0.8188474574034929,119.58189450744553,16832895989.754322,0.0
3.2958910328679534,0.0777847440775346,0.545604841941324,0.0422940277136379,0.3431466881541953,6.024975126313352,0.6332509279092634,127.8882574311024,10187199265.70339,0.0007305138462114
3.8503739769155176,0.0439095668742203,1.4639368101801638,0.0379144592660621,6.833998589218953,2.1927278304267546,0.5207233000106583,82.1848633462719,16287597246.392937,0.0008693213383112
3.6034096904133777,0.0982072916375386,5.192610966368238,0.0031357011762429,2.49960076867568,6.427663813631993,0.849100185739172,122.24459493058168,19852771702.688004,0.0
1.5764733530322066,0.020762708539515,2.50063487544433,0.0044316938367496,6.8976665405106194,3.715550352660827,0.5283753377521097,124.19149119604792,19018869105.408543,0.0
1.7018738883432196,0.0940158866921101,2.5581547998915064,0.0093392111202623,5.348520120353316,6.504462773214847,0.7220132024189473,125.83526427658042,13392567501.974731,0.0
0.760897183186799,0.0091574815328964,6.809389517125882,0.0098689574458925,5.829412549695081,1.415613440543687,0.5277905596858194,104.81458197664917,16240102268.380726,0.0
2.824041464567851,0.0610917771396903,2.776147458649323,0.0093124918512346,2.980983543133615,6.212903172092205,0.5775446350945276,94.81821071024405,17674851767.141777,0.0
0.5936737886973578,0.0085518080678846,3.464365793265625,0.0048292250579617,9.723393763778388,1.2951629010575032,0.5808231091790257,129.84495229188468,17037994708.79384,0.0
2.920730014786232,0.0767734164998431,0.5076203136212193,0.0188601623291233,0.2849772401818827,8.362256004030993,0.694844382871604,102.4512803861666,9759074977.510471,0.0005136138105789
0.1784350575539987,0.0240514169050534,1.848837674476704,0.0041518442003332,1.2494018400058156,1.9525428728987908,0.713370037676123,72.80832499537539,13002480129.040316,0.0
3.321567434916713,0.051816950686413,4.82841116796932,0.020264275477565,4.917584606006415,4.679067602421239,0.6725313133803565,100.23874679794686,17093913269.7501,0.0006279511783386
2.1216016385557013,0.0442858640669685,4.148610563695349,0.0420471062766779,6.838191649852917,3.3102828795518477,0.742835349021,77.05242340727897,15227348189.250843,0.0009726719410294
3.45055207610708,0.0340572239684894,9.299026554669943,0.0118500611235588,9.31534651761386,6.161794060461805,0.0136115662334674,125.97532203226608,11635481147.55478,0.0
3.87480540000032,0.0987344419460435,3.049161412076518,0.0017476961833113,1.666047495788558,9.112934661759386,0.7872724383561707,116.23955487788776,14838587142.688732,0.0
