sigma_2,t_1,t_2,infall_1,infall_2,sfe,delta_sfe,imf_upper,mgal,nb
4.756683246891245,0.0923932116435662,3.126185207475292,0.003791606963284,5.635306218687514,8.312155616530324,0.2838771370821076,125.01838536101724,11648356131.855131,0.0
3.3013875378330773,0.0350734467709095,1.5830782783763515,0.0298727794265905,1.4249992905440725,4.747197362706792,0.6086789440500303,108.23233112947378,10140808018.5585,0.0005784149171829
1.981186470698282,0.0691934127258466,8.497231459313078,0.0508465699097273,6.797176200904968,2.5556017786654253,0.7701272703813159,79.38425570754542,15470981988.412483,0.001174155746255
4.969886713444569,0.095270945026997,2.86352920369682,0.0209905768115194,2.417949280560263,1.6322309303860405,0.5287243784034069,119.69546527738264,9742231862.227716,0.0006180823650046
4.095462550984163,0.0207989872673379,3.4642405115968047,0.0044507506328448,4.016859813390056,2.497717649016385,0.4943949317692906,100.98957452535076,9396602129.645555,0.0
4.639690957657497,0.0865719103955965,8.60494323912072,0.0084405570768927,8.131839638456738,1.0098986904841776,0.4027021962977279,89.74330043354364,19348591328.59537,0.0
3.7256585593438154,0.0635890620925969,3.72588683254574,0.0320756946633844,3.43085602977629,4.436555356154736,0.8367913304927305,110.9908084962396,18643087208.80432,0.0011480844522101
4.113946279271803,0.0623078422805812,4.108197404073064,0.0267570304644084,2.6925057249309514,10.374730830634682,0.1066052639463568,117.50916674483732,10166515357.224735,0.0006048781420308
2.80046626103413,0.0617396004172762,0.6810262220783112,0.0011528165794827,3.822917244762976,3.9664331934096175,0.4349519858771211,111.16272896257531,9027718555.20218,0.000506583570936
1.7994278099329533,0.0207658698814473,3.845451519707121,0.0071498707528675,9.001707508167232,5.083871659921544,0.1953099713807181,110.25627166423205,11368604943.581766,0.0
4.638635302531559,0.0992092487864685,6.7186029757414,0.0017562244286695,8.011204781823851,12.416671102172517,0.1062714929708419,101.12621010532006,19688470964.10627,0.0
0.8297098390334969,0.0232993032201996,9.4174565709331,0.005781107509592,8.275547271681251,8.992663230173518,0.4861691837338324,86.21350731975367,15346087573.40746,0.0
3.420169790527825,0.0248082602634026,5.896031426436011,0.0235433594123933,0.8558638881633719,1.146420852791849,0.6140256422394935,107.28175568784468,9661917152.430355,0.0008226726410859
4.190694150785129,0.0976196587498784,4.292989949769881,0.0124869485674526,9.213141536005123,3.8368463311267287,0.0577992357648129,127.56975802035194,10648600509.04587,0.0
2.735792363636328,0.0808223607238333,6.6603984459196655,0.0219034595479386,1.2824724773611422,13.146192702685864,0.5661303153354869,127.50905138426435,12608637168.76317,0.0009818613521932
4.674178683766979,0.0965060145209613,1.74998455166914,0.001465960928428,7.231542028818636,16.83177804286115,0.1046457434784713,109.66240675872643,15427611522.019873,0.0
2.475150153651025,0.0790576322016148,6.799525091806125,0.0411149406874235,3.3614250635779905,7.948410516505948,0.4134892142380907,93.2995195120255,13644333330.415451,0.0010120376571389
0.7081553447404507,0.0259680420197889,7.935567311534702,0.0059127140123561,3.1437636429012445,1.5976872907440889,0.7364477792460802,105.4831476413041,11502941027.925323,0.0
4.542235784608356,0.0675062272069346,8.16805334115732,0.0027793745837042,9.32829215288512,3.6105560748806216,0.3041139485332771,98.47169752133368,14150726472.353697,0.0
4.109635280420907,0.0898086447011899,2.3943880321309527,0.0045611877209763,8.80845362572082,5.462623317535411,0.0158918969045191,122.87203095380194,13020944124.286407,0.0
1.499649338815777,0.0376955174954289,3.797125390513523,0.0089152324466722,1.5781892719772763,1.0160840758368404,0.6463859312595892,123.54433534844766,10027680086.963192,0.0
0.1921384071292799,0.0233836437127538,9.31519542518137,0.0116172736076827,5.296536527604771,5.249648452865728,0.8221699949311382,91.60281357111045,10076443101.69053,0.0
4.976767424365347,0.0397419126284566,6.401761954651678,0.016367159795863,6.952326571841242,4.564235728573017,0.472574661717867,107.1501680220167,14751509415.910162,0.0
4.200869649969616,0.0789148484029729,5.582361934312666,0.0051097209348012,7.195974547399351,2.0726912655208247,0.390643149699183,114.96613222143274,18366655150.90052,0.0
0.3191445216081781,0.0557804417762321,5.841090867172181,0.0342696222672932,0.7930964361245619,1.926366470042883,0.5848336738877075,128.94621019850882,11474111477.757769,0.0009226243549925
2.835725198313123,0.0646176097353398,3.6737058165802434,0.0278711940847914,9.49700217111532,7.521623186544175,0.8121199440215526,113.47326262141414,14041713110.58694,0.0008352890838961
0.7030844214362516,0.0345248555564027,4.773877810197922,0.0102529582853907,1.8649800337045568,1.3818163391088234,0.6307992422445844,126.14951758752522,10230592814.009502,0.0
3.1242862273424965,0.0482620681708111,1.66895973303342,0.0195831928299804,2.3907496372302277,2.905329840876151,0.1058452246936265,127.74383896123877,10367425409.713469,0.0006073154840761
1.5681137867634978,0.0693632328559525,7.4017408990947855,0.0131110795423165,0.9611676617099716,4.895526392758867,0.683446746093111,118.6625136831331,12415223815.432035,0.0
1.8220215993078517,0.0736367192674092,7.605881182887609,0.003958871298965,3.029646023354718,2.122130015682622,0.7510329296181264,111.86987397637895,15702053884.233158,0.0
2.953210430562611,0.0962571498700463,9.687612259338128,0.0030961678905713,7.768955608918085,7.162252293944209,0.0216714386982849,98.06838161115742,14659547191.309525,0.0
1.0473540021877497,0.0219138928545723,1.2414158941025402,0.0632658931011501,1.4293977844900476,1.6839107452152875,0.1490738606489902,128.00182925701054,16157202899.286283,0.0006633176391879
3.216958259766292,0.0562527137728492,4.184170300918968,0.0030651397765749,6.969985897483504,10.27267238770753,0.5356834382271901,114.00669872805037,16047599853.009394,0.0
4.638635302531559,0.0992092487864685,6.7186029757414,0.0017562244286695,8.011204781823851,12.416671102172517,0.1062714929708419,101.12621010532006,19688470964.10627,0.0
2.843219947724256,0.016668943459556,4.737532437980929,0.0049493828720361,6.795267978703396,2.65176411379295,0.5593771256558262,116.6655115683756,14579084627.700214,0.0
0.8668362081682751,0.0141233382178679,9.157346646668811,0.0027790368779071,7.410899637383482,1.1351931411884235,0.8297714560457691,112.33435050768736,13787056643.679676,0.0
4.576985756896571,0.0369201187321645,2.5604720352909625,0.0260940916375425,6.085708480090634,15.518688323298152,0.2168710131292557,82.34229973800521,19296145258.965466,0.0013658853792522
0.7860448575095192,0.0774340650737875,9.172088007373077,0.004628276724571,7.638380063662844,5.113711394522,0.3352328395001772,77.06408090696968,17621027073.755596,0.0
3.983539290652335,0.0475067705680004,4.992938591928768,0.0200216227414412,2.427877582327934,2.801954933685096,0.6976000107451547,111.47037212458646,9877820692.83947,0.0008930586700986
2.883688045924026,0.0248557162082288,3.394649472606832,0.0071175222700909,7.202834369907926,3.7699514243340486,0.6662252136228716,127.34465161882282,17842331576.55667,0.0
2.8466763286254104,0.0820344225923996,8.0990873834062,0.0186675505090002,2.8581517321501058,4.243146822888168,0.6498970626730934,114.22281147991464,17759688317.315636,0.0
2.4528882461233983,0.0624954203792041,7.750874407976469,0.0291319338709354,3.322920792885229,2.1718088221010827,0.5292286274216049,64.83403022795083,10962373929.1193,0.0013146564358089
1.2533270467816644,0.0559066759771221,6.062151180975477,0.0474038923311972,1.4353654415074393,3.498309153220875,0.7863205478060817,114.9567228442812,13568535822.641314,0.0005311742715483
4.830261362499013,0.0889628502659255,9.251075075930144,0.018975079475628,8.627753774357243,1.4617133328332257,0.6876515618530336,77.07778441564217,19957370524.26043,0.0010211758870403
2.648165007960922,0.0548980986313786,7.5001310378225154,0.0312525017554512,3.6907623803284553,3.2877697508901087,0.7937134464089712,126.64140286664208,18136663433.169643,0.0009162095458315
2.1483112711239194,0.0493287491335178,2.037168082634662,0.0239318315837878,2.254656878096527,4.553226146911063,0.537370580811052,128.30504371575256,10687120959.738728,0.0006438066523859
3.308420783806396,0.0510809188511388,9.402791214925273,0.002931507416651,9.452728937356218,9.00204423254453,0.5398889962051072,129.95550838968893,9664060421.359358,0.0
3.67426054044745,0.0781573529471544,1.4142584178031812,0.0085040955461481,1.8036513804274303,4.382464816974569,0.2866738262725271,122.04662716793976,10478342171.551376,0.0
3.2090316410102497,0.0823870777189107,6.949145090750397,0.0018703629263763,3.346179244861375,12.122662687420483,0.0393293760155608,106.72959396452757,18845650792.68728,0.0
0.7496961828480766,0.0499302332490242,2.4368549615446424,0.0508086330186147,6.8659753908115455,2.5565659329020924,0.5695122685772601,116.0667354080847,11149613991.36599,0.0007417632052994
2.337999774837996,0.0349625640807107,6.6786635557970655,0.0043752620480957,4.472927270222142,4.542455344556158,0.3279218807218709,99.99743426930048,10329047908.64481,0.0
4.0840203338289145,0.0980315981857672,9.288748021499966,0.0044484869705714,4.415699270860363,8.041944562162794,0.0849677599635417,106.54345850174772,17324275282.16204,0.0
2.6443333352666047,0.0503168147311832,4.337288141370836,0.004649549497315,3.4655362336304307,9.111633420861493,0.3864896403952725,129.28365214983708,13061504798.277632,0.0
2.7477261452791097,0.0229516772107802,3.143662812266939,0.0077198257379457,7.161726701083152,4.365358037066759,0.6909686317331986,127.93595245570162,18094010233.71761,0.0
1.4027551349243823,0.05827166173456,9.826589416436388,0.0109225030738652,7.721025911547329,8.926373109472463,0.0851784960698476,108.67193388691842,16890994342.136251,0.0
4.419526519884232,0.0165200638824825,3.666613031594948,0.0116812878818718,3.393325997594726,4.688018912471222,0.1988874290481021,117.88040498893844,10627424317.436876,0.0
3.640711902267564,0.0505510400813032,3.0408272204860083,0.0148514274482291,7.557218753989174,8.92343369380965,0.0931069826591925,102.90541460294314,12441356330.118752,0.0
4.65022915103915,0.0935530517851848,6.911492857682741,0.0212971942505437,1.8538975139569576,8.375535768541292,0.0585589118071025,106.79013915004197,13548447944.041098,0.0009055995735544
0.7496961828480766,0.0499302332490242,2.4368549615446424,0.0508086330186147,6.8659753908115455,2.5565659329020924,0.5695122685772601,116.0667354080847,11149613991.36599,0.0007417632052994
3.608126661155561,0.0930483586951035,6.438472814077095,0.0382564880869318,6.099238461669809,9.212333544887947,0.6880454231469357,91.26440029853184,18993154430.555824,0.0013847903759566
2.536789852316669,0.0302592191784333,4.273287065823004,0.0090577787411988,3.625564827681819,9.228107105139332,0.4723539308219685,119.09773931189336,11225863278.469925,0.0
4.70718504708171,0.0339530876413558,0.6949919438987018,0.0010795525358277,3.2542081900773754,3.1162557721264745,0.5747403633585471,118.65811808683428,9705066380.721504,0.0
3.598239029081639,0.0141180651106557,4.798398845441303,0.0707567102262382,0.6993453766921348,4.783623045410498,0.491378992052389,60.16197853725308,11046839064.29132,0.0013738517827145
1.8238489780509195,0.0717109263834062,5.06233595096239,0.0123404601976616,2.618870319761508,10.906400567539396,0.0322975895710294,113.73046982069276,14599715295.071104,0.0
1.074860039150743,0.0760083180265429,9.839962763018873,0.0214782486206891,0.8389063540619713,2.3836303042218105,0.8254229866077217,94.27503483493706,16664954018.239649,0.0008665395813387
2.9316039987945044,0.0514772244980422,4.602030205688385,0.0109463044780774,1.2499638438454417,6.654119816423042,0.7583673010774162,121.80450232727452,10816305313.614853,0.0
4.465854266219782,0.0445879165850856,9.527846202178718,0.01200167218734,2.086345124775246,8.601144574459324,0.0992460358820588,106.87370932585816,11284467896.00605,0.0
2.8434820643358454,0.0802121494536492,8.073836059530418,0.0178412872734612,2.915257526771989,4.224655165565429,0.6472524496600607,114.3168181996719,17760476535.880836,0.0
4.534680437131886,0.0678137665454567,8.16199660296698,0.002736756682421,9.327851313369502,3.6099433231112696,0.3042610410543935,98.4591559450159,14156399360.811396,0.0
2.8466763286254104,0.0820344225923996,8.0990873834062,0.0186675505090002,2.8581517321501058,4.243146822888168,0.6498970626730934,114.22281147991464,17759688317.315636,0.0
2.654404633778797,0.0346069148709403,4.166593844178623,0.0164744775020489,5.040742935376038,2.6363034426727454,0.7140695686930453,111.14661234852534,10061325733.185904,0.0
0.8271333311918174,0.073338890639024,8.583055463300083,0.0463739888770551,0.4650450068413135,3.674417860658937,0.4604134566289936,103.5239009796784,11787916619.75164,0.0013675784256228
2.353108794930779,0.0546357768917793,9.16409300950616,0.0182932565365931,5.132375841853507,5.526308439843482,0.7958511452817123,124.41505159341664,11712193284.19928,0.0
2.768713038943935,0.0786363446757466,5.163816666172694,0.0181185250874887,1.5079835241876065,5.6810559158965575,0.3884289259798708,122.57965508469792,12638998087.839811,0.0
0.187289424526264,0.0073178316984691,4.945899258733993,0.0043159736297476,0.5637153081148318,1.860051597963659,0.6644619609141059,118.12001991483211,10072794458.464788,0.0
0.5886455044925668,0.0199715098561674,1.9655773117135256,0.0173054197730634,4.500222076174512,3.301297566834608,0.2341256639001466,110.25144334165178,10839305826.040174,0.0
4.362652562998233,0.0755543834936045,9.35922171351142,0.0047221220478082,8.54944007858431,5.59148485421285,0.5164437768674315,106.2430537396396,11585013381.308172,0.0
3.4556841306838444,0.0114157817854655,6.469001882096361,0.0521097045942124,9.009268527643258,1.018887515992709,0.0360319379332612,107.79965286960712,12402310487.785864,0.0
2.9966389238296363,0.0844200889863218,9.229688794650508,0.0034888264883353,8.622584593139921,2.523290890673657,0.6967676982849725,113.1808161313202,11194748807.05853,0.0
2.408148898293456,0.0062150801307897,0.5112122266451123,0.0509518866759592,6.073089438110387,2.799849198925421,0.6066007931002778,64.44822337703066,11778447866.410534,0.0009344207538712
0.1221766606749564,0.068292704777841,3.689382152799999,0.0040447745451366,1.6140596733870218,3.43429140425709,0.1866455414607017,96.36811833781049,14831010456.440031,0.0
4.303037151958059,0.0933574887906265,7.351466832574646,0.0087278693586814,3.0684653897499685,5.330565957602952,0.1867923675182688,127.36401308438872,13170615520.77984,0.0
0.8708808075695896,0.0707638290414406,2.015435983559315,0.0206196432690628,2.5314047534356243,1.2546739067767945,0.4490060238536011,70.99244740666568,12510598898.41827,0.000801950649177
1.8767944658724205,0.0321577771204307,0.7169508623112136,0.009526964013918,1.042096228135334,5.6897747263459255,0.5539495276404056,116.73103706041692,14931568463.751225,0.0
4.535247981207112,0.0678805774392991,8.17301808773906,0.0026757395540576,9.325736650174104,3.608698894426271,0.3040402183631256,98.7899884526857,14145868559.963911,0.0
3.761977208676255,0.0473369420631643,4.294077832024687,0.0067173827008783,5.89462857272524,4.934068398409352,0.453674998509751,121.23201670946476,9948037938.84126,0.0
3.495812448486532,0.0267803544398991,5.529299100167205,0.0161689050268428,1.495044443693286,4.793456372751364,0.5478578146676601,108.5149070301528,9848201386.4987,0.0
2.7328339606652507,0.063153604125754,0.7812422157944455,0.0018412739574047,3.841150446570923,3.606839941450029,0.4346942431564031,110.91641465663297,9201675931.951302,0.0005006664958719
2.1747381138295903,0.0893139990106786,9.995631254252842,0.0156989204319949,3.9272113393923394,11.742513815412426,0.4839292021330222,117.98710940053874,15322494052.95028,0.0
3.4204914260140016,0.060170748375141,0.4010105758127892,0.0062390661569337,3.271195931074147,14.60047838576577,0.534785090467937,106.40726754856092,11903003604.690664,0.0007282588813126
0.2780192465871577,0.0546861049138085,5.6313086912339765,0.0072618862763292,0.8928490710915146,2.613956777454291,0.4864592262200411,103.91264642958927,12751256465.780815,0.0
1.737474601004651,0.0271077504130009,6.082755752718384,0.0313472517734644,2.726617381516681,2.535739825498581,0.2254053654264505,69.3614972032898,15310623979.232683,0.0014268852485889
2.8861154567359764,0.0287628543080584,2.3398537915970863,0.0129146116323291,3.4055518724210803,2.9518449229424606,0.6533204076140747,122.69915064074893,13403040093.404938,0.0
4.625707479593935,0.0956973260404673,9.138694941653242,0.007656033105986,8.454550958041679,2.347070244759016,0.4485455231459872,73.88505857775999,18359133856.39939,0.0
0.2444216922857693,0.0746752294244163,4.9351459257902,0.0231671037721309,1.282246305777034,6.3581081132246124,0.2617079816494367,118.3484663455852,11309961432.901426,0.000599895168101
1.4992758745853758,0.0205989188803837,2.575278173745527,0.0174387773787561,2.2145706159005814,7.8333345647515396,0.6686847345307287,111.24794669100638,15063501403.086945,0.0
3.352138092641969,0.0885663234179229,6.253417450430797,0.0105958717184596,4.388513632305751,8.486549631472656,0.1314370832420932,110.11326949506989,19013026660.916637,0.0
0.2316243549930047,0.0717669380080867,8.207039983148281,0.0097287964082516,2.4214233162803134,3.028112717901957,0.513944710695519,91.01672512155324,13731198010.209051,0.0
1.6445871755999837,0.0747237166402484,6.150576424804467,0.0025385631920161,3.882405620725826,6.405883765089123,0.6146332727856214,123.27346033096312,19588506927.608917,0.0
3.696364006613514,0.0850936825813399,0.9745971241214528,0.0228973238443167,1.3804914300214142,3.320762292586138,0.3222556236686417,114.51413085082903,15725524212.169365,0.0011190364357009
3.4801151823380563,0.0959556368073633,7.153904046613044,0.0236659565726923,0.9493384270964198,4.395712973644193,0.3349160347593066,83.01156601773647,16079167498.526758,0.0010745421899324
2.85650315527744,0.0982900733401484,0.9448027354664856,0.0407027500794953,0.5427306186630164,9.293064855674697,0.5269750885546927,123.17102178177204,17804471808.4788,0.0007934120637582
1.218777366970501,0.0632888304451361,5.671025661652523,0.0021302866597711,3.343979374612856,5.286202875066522,0.5688178922683904,124.84668556724148,10208306553.443571,0.0
2.921090855291664,0.0057585339974163,4.526541644027884,0.0039907011965919,3.63593818203722,19.20102142387302,0.6868933761181039,91.13556903250932,17495638206.743614,0.0
3.713274931671743,0.0778245418644824,4.292755225053859,0.0063367622698545,8.11517558026804,12.162770582972692,0.1157693817047987,123.3668930842808,10673128377.40382,0.0
4.0927625977340885,0.0960846027882444,4.070883171867597,0.0271882869486066,2.9330331450055627,6.928938707305795,0.2152136032490066,113.12760754565114,11833431927.30194,0.0005909706234195
4.117350874433012,0.0786371274510094,2.084793795129169,0.0019485788194103,2.670620238810829,2.14703456151582,0.2548545396961735,129.87845519457045,10334017178.18734,0.0
1.2280977177667391,0.0283204335000775,7.964077359929477,0.033941869646206,0.7152803455003716,1.2331885832411371,0.7491557176906071,99.444787339434,19457268231.668262,0.0006020355950208
1.022761522949162,0.033259569739199,2.1800556951321584,0.0112030127511989,0.7265285181905076,2.3242110041132023,0.5846719608795184,123.9771509290301,15408263905.86183,0.0
4.406137354129806,0.0338305926463679,1.8721294614814603,0.0382897452837121,4.649032714322915,13.473999503367738,0.3502444947999854,109.47418267216,13284822327.295492,0.0011541172149086
3.627741978633784,0.0703349562376936,6.754170971732119,0.0140097063896284,6.018422394983681,5.940726666055233,0.0462592335344546,124.2796799876565,9868256848.405846,0.0
4.615885391370782,0.0361723704454478,6.427591072674806,0.0557020370219466,6.407400687765814,10.432887362915382,0.8217025945971452,93.39613342403564,13543749743.36377,0.0012740675309843
2.99743700505079,0.0447682781895167,9.966043499522945,0.0053445315851264,6.525113101999953,10.013890572125607,0.2311840591361006,94.16444717996364,13555471788.486689,0.0
2.325100162719889,0.070004368345591,4.07951544631942,0.0221067487554651,1.352940651779337,3.893432695775047,0.1964085264659181,117.391243209511,12557661112.032324,0.0011663057081863
4.735906371570887,0.0775133269303817,5.014158956969258,0.005424659062133,9.945365433763271,6.687291961332321,0.0649957402997808,120.05254866977228,10878756821.989088,0.0
2.032356520695959,0.0528882464529446,9.253464737549807,0.0272199518442984,2.558296922585686,5.094207021342416,0.654624007900134,129.77041201016692,9298167223.883747,0.0005680126606586
2.6530044819199143,0.0649019601807837,0.8137024119048052,0.0282227261878639,0.573282943809125,10.93893401984174,0.3286208441527236,114.22278824748562,9700692389.811626,0.0005976391564515
4.734818393846986,0.0775108398616692,5.010824584303959,0.0054219403099461,9.944734499108108,6.6885501180424445,0.0653010848719446,120.0444542891277,10878985903.11626,0.0
3.4838300663304205,0.0630610799797179,8.872972811775268,0.0071353877460979,4.579718905000287,5.761526568000197,0.1086710771464019,114.41920705437244,14999165508.9841,0.0
4.379070172541226,0.0447218386159469,2.49565708679515,0.0047959893281667,1.5502049897531889,14.641194921337126,0.6029273777306888,122.55429160138968,15624520089.324316,0.0
0.6454112022995284,0.0723709358638303,1.3297545955817731,0.0178275629656199,4.116151351486005,2.30776407796143,0.7195882546392951,105.7155263723986,9262274017.025871,0.0
0.1490684419848922,0.0347132940576482,8.644239661137643,0.0468413815182021,2.6912816704559672,7.688550868837322,0.1494206801598677,107.84897118466824,14725258453.69392,0.0007533253147105
1.258896310543233,0.0824278669873021,1.95393042958924,0.0145436100156332,3.6190934935495305,2.9892497698715568,0.3123859172275455,105.20672965745914,11875287580.379889,0.0
4.633804383589853,0.081504591048577,8.40660736795241,0.0370316640824978,3.346111481944148,3.489517639930291,0.6508045258495986,115.56823011805324,19859902248.15479,0.0009276934575559
1.862282719237144,0.0573424471828262,7.09784458728709,0.0051608697872486,1.4129460816678143,4.659835248772905,0.2345651640106181,123.60411881526396,10877579001.205172,0.0
0.981834713277879,0.0223513824668147,7.816264082469923,0.0241176692705173,4.084837481034208,9.624510527043304,0.1739202868411703,124.04768709525638,17746777014.61749,0.0005575677909071
0.2435622223027264,0.0746796274104105,4.938934496417905,0.0231677013588061,1.2868839895095252,6.380762512133419,0.2643036276899574,118.26035766732134,11374212536.92584,0.0005928453572937
0.2631450463361076,0.0529064317426266,4.409075264401971,0.0286644799873608,2.5602239648946528,5.098219859060236,0.6546270882482051,129.4862955544304,9293126066.405708,0.0005681337690525
1.2785087367585386,0.0183756245080556,3.827065655841065,0.0053521987229285,6.032611759065446,5.423826422279857,0.1843832110653711,110.96610596802758,10786339537.693497,0.0
3.592595741959643,0.0278714323284698,6.364109000742431,0.022279841907558,5.58374572085074,2.176619515280324,0.5007093586510578,68.87503969149023,10806326283.007172,0.0011713847880478
4.402132493676552,0.0755787269435871,9.682355275728016,0.0061391924663709,8.572549215917793,5.335960092475487,0.5068454157060057,105.46434463042677,11850873382.369265,0.0
4.840431734649098,0.0662253832163694,8.723562731399957,0.0139882967232355,4.470083856026097,5.225700706022647,0.3957039780966737,125.44615654932512,15042001264.313782,0.0
0.940791969641602,0.0603921675019066,7.248028841213506,0.028851930413018,3.9851248645018513,4.311183489950042,0.3721387947433552,129.61167497705432,11403841800.723648,0.0005062679967503
3.557110347261422,0.0617149776057136,3.58862239590236,0.0041211410525489,1.476738861163811,2.2685869164009347,0.5557028839691924,126.3766409752979,10191385856.739952,0.0
3.024252425497563,0.0251029769975119,3.896898572746336,0.0622023976952064,1.3068243781153697,7.3393135168724895,0.6904225444450187,63.07113025846322,10347608310.826828,0.0014732945425691
4.535247981207112,0.0678805774392991,8.17301808773906,0.0026757395540576,9.325736650174104,3.608698894426271,0.3040402183631256,98.7899884526857,14145868559.963911,0.0
4.124865094980269,0.0645791719133283,0.8425509367733904,0.0040767207038066,2.5567761684527417,2.761033851164703,0.2525776341510365,129.33111353401077,10368450263.000605,0.0
1.0205185656995723,0.0220939303954443,7.692760700887657,0.0248696574830763,3.72602254791726,9.271767356366414,0.1835070025339026,122.189951534003,17716823164.443333,0.0005404061049766
3.9823128281213993,0.0303650395617598,9.329723105298289,0.0158978526380731,2.079618185412368,3.172180637280772,0.1684894142935473,99.55314473474732,12942221520.68377,0.0
1.2592416779763729,0.0824232387527055,1.9533746077197056,0.0145509871091697,3.617544936586597,2.9914655422373384,0.3124938211056731,105.20704953931272,11876393976.81004,0.0
4.989939311976965,0.0855118661092595,0.3230272020957251,0.002406862851345,2.881568608228722,6.557141178591933,0.4769958137180592,122.30346650858812,11424773582.033,0.0005535457328291
4.123474729597831,0.0892252471954494,7.027397404488778,0.0071783871053889,4.610025584036441,7.180288176592248,0.2529941413222702,111.635766313977,12501360853.77677,0.0
1.4953854048004922,0.0707956404422605,9.492026793394782,0.0013900257096662,5.04611915886541,10.072183682224184,0.1295470927332687,86.12014452490637,19494060879.980865,0.0
2.4516123652991864,0.0626570954075009,7.771011989548521,0.0289036765537504,3.287143033428387,2.167196125069812,0.5299676240852199,64.8503888374584,10953814250.98002,0.0013130829682618
2.098374000728715,0.0677102952654555,8.935175750939377,0.0111119044709889,2.900185121746175,3.6038631998209376,0.6527140052603176,112.63354208276432,13078407070.571384,0.0
3.016034599085088,0.0576448425422493,6.946458951000502,0.0093151419792432,9.671238132693656,15.08275672958676,0.1485282992325288,84.0772406548669,17077599307.720695,0.0
2.0420518586656056,0.0679066791219145,8.905714641609325,0.0089756361331768,2.7170239934389797,3.618710569561394,0.6455066789390508,112.01568793835052,13148416602.35801,0.0
4.655667354126541,0.0760826996996884,8.0975941246787,0.0022629746741862,5.698012116406909,7.170735766544722,0.2727616932179201,126.35882003557094,10284665814.872868,0.0
3.3013875378330773,0.0350734467709095,1.5830782783763515,0.0298727794265905,1.4249992905440725,4.747197362706792,0.6086789440500303,108.23233112947378,10140808018.5585,0.0005784149171829
2.5779622070477544,0.058538685124796,8.970943088581334,0.0046130307210363,9.03428482420851,7.116789719455316,0.189011066954591,89.9700441576186,15387539062.124292,0.0
3.678318734630917,0.0324248325653686,8.569437995545904,0.0038975849630793,7.855160725533266,17.18111635043242,0.2964289033783548,77.79988082826729,14848624059.608809,0.0
1.403945788641436,0.0515371951809927,8.32253121297369,0.0237859566779984,4.840778804183408,3.737684055926758,0.6542284170925136,102.35068243774587,9013437299.103624,0.0010847369194935
0.7496961828480766,0.0499302332490242,2.4368549615446424,0.0508086330186147,6.8659753908115455,2.5565659329020924,0.5695122685772601,116.0667354080847,11149613991.36599,0.0007417632052994
2.9316039987945044,0.0514772244980422,4.602030205688385,0.0109463044780774,1.2499638438454417,6.654119816423042,0.7583673010774162,121.80450232727452,10816305313.614853,0.0
0.5461392490506907,0.087630528236425,1.422349297291909,0.0044909656625454,0.8767493938640807,6.323672912207093,0.2803206297691256,128.33340892965586,10238330250.375238,0.0
4.982828564623204,0.0666614128797777,0.9366067662336856,0.0110567900130338,0.5914573819053349,6.9829387263732405,0.4553666863259461,109.35437357628771,10270686469.317442,0.0
0.5886455044925668,0.0199715098561674,1.9655773117135256,0.0173054197730634,4.500222076174512,3.301297566834608,0.2341256639001466,110.25144334165178,10839305826.040174,0.0
0.1896877058356916,0.0070772928693197,4.9052040373877865,0.0041679984976713,0.5710510176955993,1.8539974538794013,0.6653501938986173,118.14740612860476,10089070978.395687,0.0
4.312350523502108,0.0334749200563759,5.377476117971712,0.0327297218342134,0.6277710611467954,4.81791591546488,0.8086253353895825,127.20023144406296,9444402356.59982,0.0006844973841459
2.7395104983985927,0.0518607955462428,4.930921854839401,0.0091033399601664,9.44553748874874,2.2636570394306403,0.2982581640033863,110.4161385331365,11399414169.716936,0.0
0.5461392490506907,0.087630528236425,1.422349297291909,0.0044909656625454,0.8767493938640807,6.323672912207093,0.2803206297691256,128.33340892965586,10238330250.375238,0.0
4.348070754903335,0.0605786203441068,4.721666961222811,0.0143200626717247,4.411389750169509,4.516066925577057,0.4297359438254705,109.82483463939876,13599227313.40534,0.0
2.72444719703596,0.0802126697775503,4.944887572664655,0.010450671639632,2.4114355119292976,6.006089019999904,0.1757275397230085,106.68464742501683,16087816702.066542,0.0
2.4451236804172534,0.0759074577302332,4.622124931396485,0.0210065966151306,4.773804164848386,6.796797560348727,0.4685213168722362,89.46630096540568,12112262727.9931,0.0006417784602923
2.475150153651025,0.0790576322016148,6.799525091806125,0.0411149406874235,3.3614250635779905,7.948410516505948,0.4134892142380907,93.2995195120255,13644333330.415451,0.0010120376571389
1.118825061841173,0.0880620903796445,2.2852999795986544,0.0044751753743465,0.3524817586955713,1.5421815371191987,0.4047821082401094,113.88126395989228,9391602015.481688,0.0
4.267781655924824,0.0945472427615741,1.7864547130626311,0.0308776081137866,1.3934944707148391,12.907592295471494,0.1613628220088967,113.60033685801588,12214964868.094513,0.0007236926710874
3.255337474930313,0.0640336019588437,8.797785479853427,0.0083438202196235,5.892983514216726,8.843133458209095,0.0746006465935591,93.42981957698626,11788123737.779264,0.0
2.749961457623818,0.085981280391912,1.2588189349334316,0.0229051529496069,1.7145104819023644,1.819766302011439,0.412040850413966,108.42683371769972,10877983315.483427,0.0009507911078446
3.313651206647385,0.0715667779849227,9.728164829813185,0.0181816086359838,7.0775464511791615,11.502153785672286,0.4931100152532067,105.47686004602066,17784959738.645958,0.0
3.55574993357676,0.0993752505758468,4.007441252051766,0.0086207825504042,8.666399984317412,2.188877291177713,0.4155715666098982,127.800724044479,15592879458.028782,0.0
0.4075585664812245,0.0775341535010524,5.172539120017467,0.022185137712707,1.1542646555894778,7.217207130022951,0.2481681716650199,118.74571329602026,10936230742.908508,0.0012435002652239
4.109635280420907,0.0898086447011899,2.3943880321309527,0.0045611877209763,8.80845362572082,5.462623317535411,0.0158918969045191,122.87203095380194,13020944124.286407,0.0
1.843534660348758,0.0363833507910346,1.845544405967371,0.0729565294648981,3.750666270016804,10.74233968752727,0.5155681979614721,74.25872673360573,10595444966.660542,0.0010702635099492
1.6531463992864015,0.0331889899745199,1.7834171097040024,0.0103174132876752,1.1200504220206242,5.933132623231503,0.569788914573102,121.9625852846452,15156056139.89694,0.0
3.128967212464857,0.0482376133157372,1.661691740423496,0.0196328375999877,2.397537509939655,2.945351325140327,0.1054348983564413,127.76870642358034,10377324273.45102,0.0006073562620526
1.243010571740416,0.0373317331057011,6.453796940215916,0.0145792105097658,8.829765283997785,2.9325165822373243,0.0981384269681524,117.88319899445892,12098924755.022043,0.0
4.743547931528433,0.039064404425895,2.286594751720507,0.0755706214622468,5.379293053873705,3.4612091103514366,0.8295561455185707,83.273685834939,14272415576.245655,0.0008288138643248
0.3755555505964409,0.0870186556516145,6.314804153456796,0.0527737643047372,6.094025258769705,1.2327373330649032,0.2695247158382232,108.57964210942676,16153432654.642662,0.0012772166826797
2.9630438527166616,0.0681846612651413,7.199053772758931,0.0318876467706972,1.8440657918479844,4.4181361495681895,0.7495774702223957,98.94841073644918,11781705256.148785,0.0005593196092573
1.8998320483737885,0.0878448114408305,2.1711085182396124,0.0163533699229838,3.910411858140709,2.237922319929776,0.5829832165820942,127.37984767418976,16514366001.56761,0.0
1.423867213974933,0.051402391279059,8.025565691470682,0.0234280910773884,4.919527026194554,3.144428609117456,0.6604298399133435,102.51201614537084,9016583211.828287,0.0010861170711877
4.119818579323776,0.055168096726521,2.5337732207714843,0.0215994381296836,5.124165317561587,6.2579440065608045,0.3928805417260069,119.03201649718318,14166119349.70805,0.0007388415222536
4.559808401521495,0.0920077616501127,3.3703807562785397,0.0034272261208304,6.693400815844901,17.3178248502928,0.112802869132493,97.99049358816792,15432914116.303185,0.0
3.464739218576753,0.0694539406354928,7.86093007419583,0.0084614506771382,8.949594458444343,17.440974658581496,0.1116235616577098,95.13851508477676,19728904072.39415,0.0
1.420215246915976,0.061884183110288,5.5951004167738,0.0531717994795069,5.9195112495040725,8.14931785282737,0.5738150958387007,123.9132189563413,14190747686.942244,0.0005468591195501
4.600267348978652,0.04106427453354,3.08847742186532,0.0249069743401118,7.648065209467188,10.858214555735714,0.0350938343549605,91.13578968802884,19055381241.12805,0.0013634387170278
4.095462550984163,0.0207989872673379,3.4642405115968047,0.0044507506328448,4.016859813390056,2.497717649016385,0.4943949317692906,100.98957452535076,9396602129.645555,0.0
3.869756396915319,0.0548467501561875,7.345434667915576,0.0013667522052453,9.99556049987734,7.832035944107644,0.2010102306065149,119.8231493074366,10988398448.78921,0.0
0.1488385039800278,0.0676317470375381,3.776797920055016,0.0037153461844746,1.5635173333547994,2.972885928488312,0.1845263434817903,96.25456175930276,14842302757.729576,0.0
3.330331011442339,0.0790816965031355,2.397731772208017,0.0296031188196356,6.929799577706888,4.907732289530756,0.219739824819598,124.4209630496238,9853161746.244295,0.0005381483098992
2.0917201440940656,0.0702948119348726,2.8980744266131384,0.0024327916537302,5.873193331043883,7.993885412783547,0.5196369273756516,123.8640540273523,14680811428.150784,0.0
1.853529753859736,0.0733193196870638,7.899389159691446,0.0070099193587201,6.7782561325939925,15.208576911859826,0.2066975668153688,109.9011704778804,15806335780.035204,0.0
3.977189895486062,0.0804355721712673,4.000465983311062,0.0132878145930691,2.553416729801094,10.023319360015256,0.1197498934867942,126.896405427911,12145593011.632824,0.0
1.5883904457066202,0.0688608646534652,7.384157034083944,0.0131441603837357,0.977147102469843,4.889293083603355,0.6876219654477511,118.6452764472173,12392173424.970634,0.0
0.9610900533664144,0.0690008854772888,7.317243772317062,0.0064754104829519,2.0782919212181743,5.778526353922465,0.5990729907261932,118.88957462168638,9209598817.05396,0.0
0.99700749761623,0.0621606988483167,0.5623010425322181,0.0131027245413711,0.2796665236450368,1.3313858118550743,0.06737818255359,115.12902880495052,10184103950.131063,0.0
2.37922852969667,0.0340521835562163,5.320407951314703,0.0242909036545161,4.519128853459759,6.031338321660414,0.6916789381134719,103.56775786490678,10448568850.677135,0.0011441211444329
4.490603814151386,0.0291841829892152,6.959871422157023,0.0022421559490776,8.350491119464689,3.5098268283156107,0.335083385991025,91.94004008065376,9080855266.891972,0.0
2.962037487175761,0.0292728626945535,6.348070919968086,0.0375424060610083,1.7125605326861395,4.269992538643243,0.6861612351181737,97.13259180048937,9876457335.764055,0.0007779400036791
4.896755676434223,0.0522968570361467,6.51088790720935,0.002921945714364,7.505460546921067,19.49427031888689,0.3562191951696556,101.66653392753976,15563206596.773106,0.0
2.3506016339819387,0.0224324934644475,0.4983543051622291,0.0960380916878806,7.146846702071553,1.9835789426303947,0.7852575276176006,67.78964753939397,11190522316.79826,0.001252586635208
4.422940212901311,0.0720138679666825,4.900106894650209,0.0121270252415821,4.224522581683376,10.521463554090415,0.4341294968987519,123.81336310409183,11249552319.062737,0.0
0.8253197603999659,0.0400053534270638,7.155219926237773,0.0127134127131631,3.067664694683549,4.925240990778714,0.7294204817386388,83.75954424630302,10291431721.882168,0.0
2.062924030504116,0.0419685640041022,8.404951651391315,0.0051402619411508,2.57192914714577,3.0346692202407195,0.5652713438634104,123.9885904493106,13803939375.297785,0.0
3.953966620154962,0.0362145310670772,4.920399230185554,0.0115737224727434,8.36772669488146,17.77228503306479,0.0319226653696211,73.40639866099471,18791789276.573368,0.0
0.2477066660818583,0.0747550664785545,4.942560923832751,0.0231808453817718,1.2832987790217492,6.371938738399048,0.2637254021535307,118.27476519367268,11377075450.209677,0.000592504926159
3.862563313624036,0.0886157856505846,2.626500577636208,0.0062203930727401,4.684422626560417,9.517315434435073,0.0208981888585439,127.2060327439763,15091478779.769148,0.0
0.5459511495377881,0.0876075755800165,1.4210932852568947,0.004511567167306,0.874256503038687,6.327307503673993,0.2802809923254682,128.35297101404905,10237406407.32982,0.0
3.0489511899349817,0.0599060939302478,3.369678652310768,0.0401890981553444,8.116215332418408,1.908571493600309,0.5530019177647806,87.59412455552504,14437438389.299335,0.0005084550421185
0.6761177381197173,0.0851915968116408,1.128985973202974,0.0463188526620456,2.160178016502864,1.0691504608635032,0.2300099235465981,83.88787363615148,13683469210.042933,0.0014655450674158
0.940791969641602,0.0603921675019066,7.248028841213506,0.028851930413018,3.9851248645018513,4.311183489950042,0.3721387947433552,129.61167497705432,11403841800.723648,0.0005062679967503
2.337999774837996,0.0349625640807107,6.6786635557970655,0.0043752620480957,4.472927270222142,4.542455344556158,0.3279218807218709,99.99743426930048,10329047908.64481,0.0
0.766604062031242,0.0149052666337789,7.219421134490287,0.0880568979433792,4.445720262593807,1.950559647131945,0.5016454831212913,76.73342206422404,13706896084.749697,0.0014304462732273
0.8391623734679298,0.0507783531661854,6.688033052001836,0.0074172977393972,7.908785407442669,7.324221480009445,0.3679530150342828,87.86897845580057,10812385199.0263,0.0
3.746465637272879,0.0861699332667664,6.937891689711358,0.0086613995762164,3.001751664212815,12.53587490786108,0.3659424271321954,109.19269030921718,18566577422.16317,0.0
2.373186355359337,0.066416430114961,7.518559086463545,0.0063631107337905,7.591257358317248,5.938434796826584,0.5352123668678015,115.55734865030084,17934252229.04082,0.0
1.8542440628116037,0.0733147365851498,7.896264599635148,0.007001017150595,6.777960859996418,15.20292239729834,0.2066874350545465,109.93197636672004,15807239904.185484,0.0
4.507934572236571,0.081095748410577,5.525653209498741,0.0157870366531199,0.5866589663343014,8.824189318955042,0.1054292416000819,125.81376169926966,12815088026.154425,0.0
0.8330010170251507,0.068954283084614,2.1250110269927105,0.019186076222991,2.573854064345637,1.0221942077903745,0.4382865129845237,71.71311196045792,12382299386.90794,0.0008350074016298
0.2532489442833888,0.0744796802750652,4.907188914859572,0.0228816434468928,1.3073470812629846,6.3392297122145935,0.262977296399443,118.39735848863629,11323851892.721992,0.0006000783548726
4.532787410423534,0.0356005895344865,6.305258243931173,0.0553801009113421,6.444882902946565,10.528090352616305,0.8158934362034165,93.76699697994955,13345494336.648027,0.0012789038065057
1.2207387012290234,0.0637384860208364,4.17994721545583,0.0142751443961934,3.435289237341025,8.07483520864117,0.5524126758051779,128.57581205497618,10861891075.349249,0.0
2.1469389703242814,0.0361251568658477,6.358345562956228,0.0082875739834056,2.6645037720059177,5.445716174765609,0.6494319406778221,94.07876357109566,9307603553.573969,0.0
2.791102716149714,0.0394489329747643,4.964234163017835,0.0095140635150799,5.646364667117754,12.600092382084416,0.3789124295709024,86.33659809383924,11683169023.50064,0.0
0.2229875896952533,0.0791823005405607,9.934640347701018,0.0237867848805311,3.748152316206675,2.313577300833316,0.0577567167089516,120.09103607095209,18118783813.509903,0.000629275278056
1.221779844980276,0.0637159122410205,4.178590951249586,0.0142476571019547,3.436591705086387,8.073766538770997,0.5524295502863191,128.5717078606114,10861909990.808878,0.0
2.475150153651025,0.0790576322016148,6.799525091806125,0.0411149406874235,3.3614250635779905,7.948410516505948,0.4134892142380907,93.2995195120255,13644333330.415451,0.0010120376571389
2.099087526914356,0.0488548339503169,7.389475589681863,0.019944899174775,2.8129959632348087,13.719619494550884,0.2332061335731231,110.39784212410888,14132420192.3199,0.0005042488696836
3.60281641634172,0.0518274427032138,9.97578140729984,0.0013141068138199,9.773960806705354,13.411380959615816,0.1174902957312624,99.46559265244544,16720525208.593723,0.0
0.7496961828480766,0.0499302332490242,2.4368549615446424,0.0508086330186147,6.8659753908115455,2.5565659329020924,0.5695122685772601,116.0667354080847,11149613991.36599,0.0007417632052994
0.2875709906774288,0.020561167205524,6.384687589530011,0.0228672011545334,1.3110563907529431,6.333034140605911,0.2538841825568207,118.3725806304278,11029528263.8288,0.0005996457552492
2.8147449572800216,0.057599990644677,7.954272318974487,0.0255601229574805,4.582187823299558,1.495453875632634,0.7993874187963752,117.30385714409884,12209454733.510174,0.0007347883424784
3.1543140911408933,0.0356408377339668,3.1847254319841127,0.0138945102009041,0.9758638583257035,6.878535824855497,0.3546788633821476,118.99446256850278,14237593730.72943,0.0
4.532305755434683,0.0895430204800987,8.18848087769069,0.0100313272190887,8.493230689592908,12.121770715578355,0.1700771567505739,118.91079219436352,17361592056.354794,0.0
2.1483112711239194,0.0493287491335178,2.037168082634662,0.0239318315837878,2.254656878096527,4.553226146911063,0.537370580811052,128.30504371575256,10687120959.738728,0.0006438066523859
0.7030844214362516,0.0345248555564027,4.773877810197922,0.0102529582853907,1.8649800337045568,1.3818163391088234,0.6307992422445844,126.14951758752522,10230592814.009502,0.0
3.352138092641969,0.0885663234179229,6.253417450430797,0.0105958717184596,4.388513632305751,8.486549631472656,0.1314370832420932,110.11326949506989,19013026660.916637,0.0
1.2210089599143754,0.0637093601446726,4.1796613078643405,0.0142836166338007,3.4370436871733823,8.076477370117242,0.5524401376130295,128.5673483696245,10861462424.622623,0.0
0.8469665905295621,0.043352461109527,5.196344163779229,0.0086896568413814,1.423756280243532,2.187905568959042,0.4470114172268474,118.53199602797488,9973723756.54404,0.0
2.656402663692115,0.0916456584894642,5.070030488247586,0.0606856321958414,8.869797054451134,13.999893346267484,0.0706945542880049,115.98435055249128,13417923856.998535,0.0007195736640878
4.577885083500549,0.0685708681088599,5.318273151047267,0.0195818477892413,8.882789330407949,14.881555631473468,0.3564238655392526,78.05533332733688,18377512050.48508,0.0012563676037007
1.156583607501593,0.0865804842392132,3.0628685369380886,0.0063296212790233,7.474882509848523,7.1430963366237865,0.2115144305421946,100.96006636432604,10277034102.795254,0.0
3.9657185839606672,0.0083733667898604,9.433413993555147,0.0882090871138085,6.892616051754809,11.967014508779686,0.731623683595455,70.95384078738935,11576352608.80252,0.0014076508559589
4.719373419417796,0.0930291048389561,6.803088316676013,0.0219937346433697,2.19475760264291,8.770932956099465,0.0560758678756715,107.1248077241992,13848347525.73543,0.0009104016952175
2.106527555243434,0.0537114924813075,9.233481954154955,0.0267392997286889,2.7474651007380877,5.365864273485982,0.6462127217319366,129.39652721432253,9417960309.99018,0.0005761506174736
1.120379152898742,0.0875910678906507,2.2794340543510563,0.0044874263705144,0.353456854643139,1.54754461027201,0.4044398430861083,114.1134733539375,9375777196.19232,0.0
3.50851114477939,0.0085177842469061,2.47457773961258,0.0178687241304789,0.2418560852432797,1.8236585549270004,0.6769005709973724,114.6555269327094,9010201070.651024,0.0
3.354210066036956,0.030944430343694,2.8792275340846025,0.0106229894098054,0.4875367618202384,7.566255418940384,0.5402904614789459,120.32820484043025,14100318394.78329,0.0
4.215287568697479,0.0552794512127055,2.9817500278840243,0.0233872849466874,5.251406423055115,6.278449187166898,0.3827342175328337,121.11660772465017,14042303083.424246,0.0007287464154215
4.764122806011838,0.0888942699198257,5.1667246793934645,0.0073053978992893,6.281020164834724,10.739672616113037,0.1804856765551808,124.89950189067856,13995015881.935965,0.0
4.383648378936904,0.0675282536404388,8.22350265020081,0.0155893008285098,6.354635509286576,1.8022728651813449,0.674637739823254,122.45690392436184,16853938901.160995,0.0
2.71199276799192,0.0934421888389989,6.961242068297869,0.023885209091207,2.338386319618344,1.3630407506486044,0.2448681294497487,114.26080501106516,10192982820.220114,0.0008448377566775
2.957131865685806,0.0818746852143031,7.972554407486811,0.0148004866552237,3.730981421540814,4.237539590607979,0.6323932754503,121.79491302370592,17957026862.414158,0.0
2.505644905814812,0.0962179530845289,5.867637542347397,0.0264987320253229,1.8799441502579848,4.390263207568083,0.1841319897554379,83.9993756641041,11002120068.711931,0.0010111906610958
3.033890747428732,0.0878328166104522,8.383549787205197,0.0134496298499491,3.445097633444254,2.911052334818411,0.6636347139591164,124.0082869708656,13297353249.033829,0.0
4.067378313351509,0.0970564530101635,1.3529159344235535,0.0073304630488181,3.822986821181343,5.3903631972640165,0.3152835243163565,124.66497307465816,10226158984.767565,0.0
3.750771595297471,0.0646043921052686,6.314094287064846,0.0215632919265786,9.803787911964196,5.252048048700741,0.1244894048710823,100.5135526994775,17538568093.34157,0.0005631019238171
3.7378964685447,0.0270563011084201,2.166618648334817,0.0082582658970709,4.659438538118467,4.966645086812408,0.1617319402882655,121.748269280353,11344195401.574469,0.0
4.160353100440154,0.0407534509743388,2.772550694570913,0.0206228349458265,1.6354721534644845,9.218298551070466,0.6485436922230676,123.571440502997,13733541969.117004,0.0008869097903
3.970225569215716,0.037186759418576,7.213099085531451,0.0022683114722873,8.78019561737425,16.890643440986242,0.0588175697921089,63.15571757695789,19729315754.12032,0.0
2.2421201169704696,0.0327353545579119,7.565401575709429,0.0782706381135813,6.540058032058436,7.786124697076028,0.0733020087560726,83.58013078070016,15791188313.05686,0.0007117467305277
2.962037487175761,0.0292728626945535,6.348070919968086,0.0375424060610083,1.7125605326861395,4.269992538643243,0.6861612351181737,97.13259180048937,9876457335.764055,0.0007779400036791
0.8253197603999659,0.0400053534270638,7.155219926237773,0.0127134127131631,3.067664694683549,4.925240990778714,0.7294204817386388,83.75954424630302,10291431721.882168,0.0
3.384610551384943,0.0655463029654895,1.9347115405722932,0.0818891450603005,1.7911276588552036,2.2486756481054955,0.3680432200904628,79.55715669555597,14692277684.904173,0.0012812125615619
3.0050243176101747,0.068107922615256,8.684975707416593,0.0130972682559645,9.810485339097209,2.618189533670266,0.5947373590974334,103.92153739023183,10845799053.09637,0.0
0.3508392587248504,0.0413272950442823,5.814683047330275,0.0083177866155129,1.003309264177075,3.4601803363234063,0.6377742932758745,112.64741803566233,9729578310.229528,0.0
1.5883904457066202,0.0688608646534652,7.384157034083944,0.0131441603837357,0.977147102469843,4.889293083603355,0.6876219654477511,118.6452764472173,12392173424.970634,0.0
2.7472130985223053,0.0339105085333293,4.375913986262465,0.0070268395363594,1.2011864247334856,6.90285200616632,0.5852816074530531,118.57296555165854,15276981190.238403,0.0
2.5779622070477544,0.058538685124796,8.970943088581334,0.0046130307210363,9.03428482420851,7.116789719455316,0.189011066954591,89.9700441576186,15387539062.124292,0.0
0.7904645269817403,0.0438318007651453,5.8037083215589735,0.0268925652444216,1.329579327504069,2.7648597728550186,0.815100062593145,81.5464982018726,12106405350.674252,0.0006111425174696
4.99253647365016,0.0522268540379906,6.712515185106194,0.0016277723222972,7.361138535764773,19.633059253986413,0.3633331053786324,101.62092196573252,15375433434.339417,0.0
2.36505014490728,0.047478277019742,4.504370334012211,0.0105038209570176,1.286766927968812,3.166395055320433,0.3722442986421619,126.0766537288362,11981932613.428185,0.0
0.4430893849816989,0.0082006193148819,6.634629663780372,0.0056255715955434,0.4994818863590879,1.4142698531111395,0.6260388514301021,89.99319339524419,9035749412.904606,0.0
0.2927944786530897,0.0514026838790618,4.510470810774536,0.0277605716669518,2.201982617635731,4.796454365080009,0.6407489127176487,128.68920875220795,9209124493.548616,0.0005441585439443
2.2047163311915368,0.0616862801244963,7.520909755800976,0.0025155272951629,1.103565375628746,3.9728118828360857,0.6538946374544616,116.95749188135676,14295079375.539291,0.0
2.749961457623818,0.085981280391912,1.2588189349334316,0.0229051529496069,1.7145104819023644,1.819766302011439,0.412040850413966,108.42683371769972,10877983315.483427,0.0009507911078446
1.9475424196862825,0.080768613167743,2.882973086593144,0.0371257686139665,9.320649642273407,1.351320438426573,0.579697858814135,91.60668770681896,13716429945.593405,0.0010392988974104
4.506202318414681,0.0603950782109566,1.159303198827878,0.0281601732829037,2.4971671902963943,2.1354998205361944,0.8340030081595968,94.67258686963956,11301115899.330503,0.0006191251009853
3.768336703140232,0.0802248444679218,6.742846737763268,0.0134909062753387,9.928949021633397,2.8896250867730187,0.4364295096173323,106.60406990492083,9967325117.035336,0.0
3.1242862273424965,0.0482620681708111,1.66895973303342,0.0195831928299804,2.3907496372302277,2.905329840876151,0.1058452246936265,127.74383896123877,10367425409.713469,0.0006073154840761
2.1725944711027783,0.0890066869347826,9.994852135937077,0.0164579100948462,3.931182784946624,11.680195745720194,0.4834758408642242,118.00526670477151,15339231792.261578,0.0
2.505644905814812,0.0962179530845289,5.867637542347397,0.0264987320253229,1.8799441502579848,4.390263207568083,0.1841319897554379,83.9993756641041,11002120068.711931,0.0010111906610958
1.1671915925260472,0.0615490525657555,7.826963134442376,0.0266102898693381,2.602255335842622,4.801353778215907,0.5659917021924461,103.94968942537614,12478315975.492142,0.0009235179580965
2.4516123652991864,0.0626570954075009,7.771011989548521,0.0289036765537504,3.287143033428387,2.167196125069812,0.5299676240852199,64.8503888374584,10953814250.98002,0.0013130829682618
4.504005424731472,0.0978450502597658,3.502827050639922,0.0193246050031358,3.960244942794741,6.804998298505331,0.1682521966614839,93.16390223069672,12867216748.22948,0.0006944574212948
0.3952173847383314,0.0542657283405721,5.4636837703481165,0.0102482086924079,1.3940868711317915,2.879419894160568,0.5028396946527677,102.85333928162488,12704649600.727472,0.0
4.600267348978652,0.04106427453354,3.08847742186532,0.0249069743401118,7.648065209467188,10.858214555735714,0.0350938343549605,91.13578968802884,19055381241.12805,0.0013634387170278
4.223163314627556,0.0330915691233435,5.392073731674544,0.0331970905997311,0.8190189163474688,5.626423129674233,0.7851797475910856,127.18467475330216,9535693686.366829,0.0006791400066132
3.743730285638144,0.0253570170398619,5.866709447882877,0.0054330344060098,3.3253375736986404,2.5232747439923915,0.4623119598183995,105.68101604985132,11159044338.65112,0.0
0.8486481492187238,0.0061074069171343,7.898374311117865,0.081200163275953,1.6964708031291236,11.522238279994452,0.8483482197449048,79.86792975119431,9945179654.362885,0.0012648453810241
4.28391733296722,0.0395627812203449,1.3840246867030308,0.0136155515898041,2.386462742968081,2.7454004993334773,0.1144793188519522,119.00977124031002,10131966512.028667,0.0
0.2229875896952533,0.0791823005405607,9.934640347701018,0.0237867848805311,3.748152316206675,2.313577300833316,0.0577567167089516,120.09103607095209,18118783813.509903,0.000629275278056
1.9133966030237053,0.0556563117851881,7.591968456305059,0.0084943500800177,8.59110548368047,15.484027430976267,0.0614146525706584,101.98315282849256,16446279486.475494,0.0
3.075636212859691,0.019968367625176,8.744009910956484,0.0404931927916572,2.418361507928823,13.838169755447296,0.7637037589671477,63.28230092565404,10966171124.634651,0.0013990563220728
2.3665864107808834,0.0339977577728152,0.6294314365890968,0.016259901654872,1.2527022425150345,4.154290045495064,0.2798596090957742,126.85011318324032,12451320433.48206,0.0
4.837847424362737,0.039242251982347,0.8567785043100962,0.0756514928195605,7.400852641117443,3.4905671996300884,0.8293972414208677,83.36914300443645,14223769308.089115,0.0008314767711126
2.3936179186427364,0.0790470495074568,2.2012928669260976,0.0175521231568019,7.698546458929417,5.352087640599641,0.3119503781494407,72.55296065633749,13626172812.142147,0.0
4.102771398916313,0.0986111141962053,9.313288519791676,0.005890836079531,4.621968749780264,8.426514046575543,0.094826471682117,106.96350296058591,17247606140.917038,0.0
0.9227046802582034,0.0363374280955376,6.296179113955595,0.0067945145282932,1.1804640903475545,1.5736119320401003,0.7530531216829196,85.77087817465201,11539893891.665686,0.0
2.1598115467492667,0.0505413723000162,4.504030031491363,0.0098622765817825,8.138759253230445,2.7768820705639543,0.4481189173648613,85.23786205937681,12008086402.382154,0.0
0.2178037822532491,0.0164846589015596,8.839626579403838,0.0061700410492419,6.542789007187244,7.896704238916642,0.8303382521389697,93.21398942806124,11993626823.247932,0.0
3.56718013749758,0.0762361938824342,4.383215122986734,0.026492395087587,9.549579119660748,13.471357446847655,0.0784589958292038,78.6758095836241,15683590042.383783,0.0011692140416514
4.524252230642617,0.0296753076241489,5.700488468128917,0.0168895396382268,2.9423543887719394,6.688230186513151,0.2296098196545988,119.03582483441735,13142494209.26047,0.0
0.8469665905295621,0.043352461109527,5.196344163779229,0.0086896568413814,1.423756280243532,2.187905568959042,0.4470114172268474,118.53199602797488,9973723756.54404,0.0
1.8381004254227629,0.0269123186166027,6.852156024926268,0.0551316674329621,4.343322883354079,3.498712592496583,0.1544402259559219,123.15825096856436,10287919112.654018,0.0006837570940888
0.5578469179939939,0.0338605067248397,1.0191027652037268,0.0328646689734917,6.262762413779115,3.749304962953981,0.3124252168805703,77.88894036019539,13455715492.951223,0.0011754679539113
2.579962940311261,0.054013966973007,1.2546367512677017,0.0391176412154383,3.878771269393909,3.126905190172084,0.5454753902124637,75.9424497211222,15536346584.275667,0.0006121043349608
3.016034599085088,0.0576448425422493,6.946458951000502,0.0093151419792432,9.671238132693656,15.08275672958676,0.1485282992325288,84.0772406548669,17077599307.720695,0.0
0.7496961828480766,0.0499302332490242,2.4368549615446424,0.0508086330186147,6.8659753908115455,2.5565659329020924,0.5695122685772601,116.0667354080847,11149613991.36599,0.0007417632052994
1.2598347605543525,0.0207423781268038,3.845097899406599,0.0071221357523119,6.108986656540509,5.082827413493782,0.195260221636996,110.25846734685808,11043578827.879072,0.0
4.401356887955639,0.0795304743880393,3.660956430896532,0.002132040506786,8.1185277000819,16.76403636102983,0.1551387282231603,117.475161790265,13878878280.555777,0.0
1.156583607501593,0.0865804842392132,3.0628685369380886,0.0063296212790233,7.474882509848523,7.1430963366237865,0.2115144305421946,100.96006636432604,10277034102.795254,0.0
1.409073635285018,0.0382864378704793,3.5071797312692614,0.0132354973052347,3.4699428182693035,2.7176987071031493,0.833482855429412,128.89152927223196,11949216467.561382,0.0
3.099434186993049,0.0857378521204296,7.442952043506389,0.0141939601755159,2.494873997118676,7.660728724672005,0.2267071591579065,124.20346560637635,13315685635.991217,0.0
3.6068671850200986,0.016169884946543,7.0288980627793,0.0079930986304677,8.630175258986817,14.366606474027408,0.7937283359824447,95.7717829948854,14251429681.228626,0.0
1.08325639006044,0.0686203173460919,6.567967464507864,0.0243100410797169,0.8710491952460181,6.400559264419145,0.4620979740853173,129.4670249714362,14794199607.706676,0.0007294379703045
2.1397933458731715,0.0497544099953103,8.345262203149922,0.014158632414957,3.663272956236173,7.295230656232038,0.5757973407450907,117.13384607481056,19047458993.321075,0.0
4.694046410329944,0.0476305989146864,3.0846305451534834,0.0260353424579665,9.002143256088049,11.662565354309937,0.0340062462832211,71.17037649589167,19144182603.66717,0.0014465826172462
1.2474813783401804,0.0872608804359393,3.0125029890710056,0.0041243113880641,7.4676123239919425,7.488567445642726,0.2061240144779599,100.48557654678932,10055827260.927835,0.0
0.981834713277879,0.0223513824668147,7.816264082469923,0.0241176692705173,4.084837481034208,9.624510527043304,0.1739202868411703,124.04768709525638,17746777014.61749,0.0005575677909071
2.510843349700161,0.070213170095831,4.809357337026577,0.0244480855078386,1.347967109388952,2.001358059834269,0.2987823200772516,127.29371823657834,16265829779.921053,0.0010172650766835
4.027815789813509,0.0686683132160415,3.919764119928941,0.018228083829445,1.571312873349313,2.3544173299273967,0.117681322158478,129.0692644775137,11339189004.365366,0.0
2.7045141903332084,0.0559202411104218,1.3961218239647786,0.0377193387120059,3.7895339940886728,3.087577447099538,0.5400316109282679,75.9963965837714,15460809395.721325,0.0006346939762495
0.6801535995915365,0.0615688595391696,5.594862013916768,0.0031460161091512,3.598631548910142,3.311319094324567,0.2036663874939242,74.7114573695373,9527178376.46273,0.0
4.637214410228955,0.0818054936154303,7.793453697781048,0.0204315439915134,2.053081149097166,8.742883181273099,0.434264058067158,90.22914383515642,15777110012.760868,0.0008606200704532
2.1483112711239194,0.0493287491335178,2.037168082634662,0.0239318315837878,2.254656878096527,4.553226146911063,0.537370580811052,128.30504371575256,10687120959.738728,0.0006438066523859
0.7688457110346613,0.0850644708318005,3.409212030801192,0.003573597344844,7.556066977006234,6.692105271471904,0.168228027407382,84.59706139443297,9997310831.566595,0.0
2.6288029032524824,0.0492320102990176,3.452594771630437,0.0161240031342435,0.5409260097630674,2.3020394756668185,0.5699040422810686,125.6686296954406,15374689709.830153,0.0
3.571233544256219,0.0991709337102741,4.015876185533651,0.0093968387283758,8.668423982245603,2.22483515772736,0.4164679245161768,127.76224185002208,15605875775.333202,0.0
2.214609780701524,0.0844819225073819,6.327571892993628,0.0159865067112543,3.187530838738209,8.138800402378198,0.0507977225657888,110.6068306974249,9723496309.234358,0.0
4.615885391370782,0.0361723704454478,6.427591072674806,0.0557020370219466,6.407400687765814,10.432887362915382,0.8217025945971452,93.39613342403564,13543749743.36377,0.0012740675309843
4.747718893786667,0.0760706313414771,4.030439610708874,0.0075520322805462,6.576122332214966,2.092745353440535,0.0804551483639102,114.403882233373,14427564606.042244,0.0
4.847330549933652,0.0775451008722437,5.147214433001776,0.009220624312121,5.299879471451835,9.436924691717053,0.1023342847817481,121.94199230903482,16512063220.291409,0.0
0.2477066660818583,0.0747550664785545,4.942560923832751,0.0231808453817718,1.2832987790217492,6.371938738399048,0.2637254021535307,118.27476519367268,11377075450.209677,0.000592504926159
3.259040260668007,0.0108769814578998,2.286752988162365,0.0183959721574098,0.6641711130341527,9.547198617269377,0.6333148393003194,122.03303393242425,9040589734.057882,0.0
0.9610440460481312,0.0444746164211443,5.440012168379944,0.0035451437466563,0.4475822051506396,1.831796863155142,0.4545723712597891,123.14982421259803,9863178517.734913,0.0
2.822660816125229,0.095253412279437,1.383184028107392,0.0420196401533462,0.1671489365822192,10.284906830050486,0.5497134429091856,124.73503210339724,17934383641.992023,0.0007926396731147
1.258896310543233,0.0824278669873021,1.95393042958924,0.0145436100156332,3.6190934935495305,2.9892497698715568,0.3123859172275455,105.20672965745914,11875287580.379889,0.0
1.843534660348758,0.0363833507910346,1.845544405967371,0.0729565294648981,3.750666270016804,10.74233968752727,0.5155681979614721,74.25872673360573,10595444966.660542,0.0010702635099492
0.2641565985202813,0.0528988237333759,4.409772449537113,0.0286725542015647,2.5589534056745182,5.09491361778348,0.6548310632425265,129.47473023117288,9294208790.575752,0.0005681746903981
1.0807147688335292,0.0102406389752778,6.944415534130381,0.0392761343088114,2.7460446798582483,10.287971316742109,0.3122703638052246,122.25668391642164,17377583121.779396,0.00076603039532
2.331054720615223,0.0389789063304389,6.275583112278692,0.0079928750665908,2.5449373697823385,5.105893615026396,0.630850180181697,92.70719350830014,10070039236.774197,0.0
1.9475846131327093,0.0272480680527813,8.470901349675945,0.0432181473834733,0.3119807680937178,3.550236253471648,0.7651274977323594,112.08905781240884,10366637515.720495,0.0009691984081087
3.9823128281213993,0.0303650395617598,9.329723105298289,0.0158978526380731,2.079618185412368,3.172180637280772,0.1684894142935473,99.55314473474732,12942221520.68377,0.0
0.1490684419848922,0.0347132940576482,8.644239661137643,0.0468413815182021,2.6912816704559672,7.688550868837322,0.1494206801598677,107.84897118466824,14725258453.69392,0.0007533253147105
0.2431134009222787,0.0316257813165836,9.701831767734683,0.0145563717071919,0.5754407520929975,8.509181467639388,0.2699186436576338,73.35179794479734,15880713209.947716,0.0
1.7787252799305246,0.0905593188600997,6.160506019570191,0.008092206337474,0.876874472659678,4.672042954746033,0.341295440073518,126.76950809597449,10751716128.196451,0.0
3.0353072966210206,0.095930622940213,1.6647255284687603,0.0845612561688422,8.434602012923767,16.893828123555185,0.1922675389594256,113.99259342027791,16449154269.862411,0.0014832070642759
0.9610440460481312,0.0444746164211443,5.440012168379944,0.0035451437466563,0.4475822051506396,1.831796863155142,0.4545723712597891,123.14982421259803,9863178517.734913,0.0
2.734077586755548,0.0807529059206343,6.670424823036584,0.0219795451318167,1.2865421427673045,13.146880254457628,0.562822570927317,127.63809992378728,12627100305.989412,0.0009830254479555
4.422267273846149,0.0523413951176379,9.220858618332423,0.0715180153946861,6.875632223937025,6.23436748397756,0.1429436457486656,64.12563767618295,17194258621.909805,0.0013654575536549
2.1632701818597457,0.0939340144733576,1.1822514030815785,0.0047757605051898,5.073294654688579,9.627110078695992,0.2091666559144126,104.4994188816396,10840801723.670784,0.0
1.2195151751632491,0.0173245783353494,9.970219265553329,0.0115721422793243,7.614707839499292,8.448942319313566,0.6824026114830373,79.58446445728899,14294853394.794369,0.0
3.363197336047521,0.0625791186887193,6.044452349364327,0.0066492477720028,6.026203181721283,5.756530977545807,0.0332955974984253,124.93195213239734,12394308550.779102,0.0
2.939622482108583,0.0183700138290555,7.24716140987214,0.0160209293997505,7.507975202395896,13.296801815175789,0.2862343089768431,77.7919546474111,18427950868.170864,0.0
1.543936573311665,0.0688101563544323,6.447076488802752,0.0461925786259588,4.370789327177715,4.886165242525061,0.0383720454377626,86.73941489441229,10077262146.107742,0.0011068792186701
4.63408195671269,0.0891325530820958,1.2450672076319629,0.0198612233740144,2.8202700366081066,7.385833210332132,0.1942660762361114,116.46160824073044,11663850373.16241,0.0008408869214354
3.6841896503785914,0.0897228485384218,2.371429552615869,0.0063936837338079,4.575084729489705,9.389270838061003,0.0569208425466927,127.02870796635776,15308928331.735449,0.0
0.6059896663929755,0.0138261649480622,0.504331141710024,0.0112389973680481,1.82215219339012,2.392838081206596,0.6820523843803314,113.44610869592051,15246632753.583384,0.0
1.1416861629484036,0.066541045843836,6.969446079849679,0.0167303581103868,3.272505595758192,7.552284806986078,0.470883817658751,92.51252272957107,16889311903.908838,0.0
0.5459511495377881,0.0876075755800165,1.4210932852568947,0.004511567167306,0.874256503038687,6.327307503673993,0.2802809923254682,128.35297101404905,10237406407.32982,0.0
1.218858765553346,0.0530404706188333,7.51055783306286,0.0052350275701895,4.744864313796067,4.312052196860938,0.3218159414582766,124.57930786318202,11435546272.164713,0.0
0.2316243549930047,0.0717669380080867,8.207039983148281,0.0097287964082516,2.4214233162803134,3.028112717901957,0.513944710695519,91.01672512155324,13731198010.209051,0.0
2.4593635889012946,0.0420792601088506,6.645942596718102,0.0466306292726184,9.461628015724145,3.3302389657634928,0.4981912585236089,112.0746702021818,9651142870.2518,0.0006323783027769
1.318935764495838,0.0164748773183009,8.392235341741063,0.0187222084373856,4.9324210794833165,2.9702187970298475,0.5508214688120279,129.14894041152186,11535138202.147188,0.0
2.608066529072486,0.0666684397971087,6.89878585118093,0.0091758337387486,3.1088937607302025,9.177866936065223,0.4499166113761967,124.20329190632712,11740228485.574211,0.0
2.0524921958258946,0.0634300566862293,0.7128263714858805,0.0268539831845105,1.7603736020985803,8.160668165042143,0.7539318711788199,113.92576857049178,14794231187.500668,0.0007126102707038
3.605305087252605,0.0161313386643076,7.047212724013862,0.0080884835192408,8.58398682929453,14.317968429585784,0.7932179429976115,95.8535864990091,14279039980.982784,0.0
0.546407964209407,0.0876468186377845,9.662320455738406,0.0045234749824309,7.45684484921716,6.331987540724251,0.280310360519327,128.34750362267903,10235337591.385674,0.0
4.849000420303967,0.0909560628866886,5.101523807828691,0.0235196744730298,9.829669286933337,19.31990586093501,0.0840090436696287,114.1716549184543,16691655391.433142,0.0014335826191728
1.8906704147614315,0.0228011736987102,9.103834549496492,0.00959285388954,9.277927706617524,3.377042717194054,0.5799822235516359,118.45002625583436,10523813592.917322,0.0
3.5201353030784013,0.0976910060796953,3.80725767096802,0.0098702503559093,8.614843109870376,2.045682518973845,0.4185946482285333,128.5881588352345,15595202528.535578,0.0
4.322605321375767,0.0799111307476572,5.037575765929663,0.0095618293932579,5.607654612361497,4.101199377190332,0.2194646365528114,113.55362502597076,17364948600.532204,0.0
2.485379686492009,0.0314335294835674,2.693112269514154,0.0057640995781639,4.12547549761166,4.98707629865664,0.5837555716058932,95.57816150339642,9457533570.404564,0.0
3.9702234872765967,0.0371771681377197,7.215493813513804,0.0023011858528081,8.779925190376192,16.891626471041217,0.0588209271839539,63.15362750538038,19729649856.753258,0.0
4.168213195271445,0.0806593363893106,9.322749262806973,0.0300122340981946,7.529875269033155,1.4679544442504813,0.724510076686134,90.44472358635696,13725566761.366714,0.0008088273052974
3.5272322104664933,0.0863940348582817,6.225558130266109,0.010027949534972,4.676139788347438,8.571870464750035,0.1484030989249051,111.08317959754068,19061788079.5341,0.0
2.263564542135496,0.0569412657575074,1.304934928373731,0.0083877187813289,1.91418968365524,2.6649104455816377,0.4303091459278774,128.20145559718534,11151500707.23204,0.0
4.095462550984163,0.0207989872673379,3.4642405115968047,0.0044507506328448,4.016859813390056,2.497717649016385,0.4943949317692906,100.98957452535076,9396602129.645555,0.0
0.965283349479398,0.0313772209981941,7.586774581206923,0.0199380831149892,5.959211873353454,3.509540314812377,0.2807140873066602,102.30506868490608,10671952306.754255,0.000964819952843
4.168213195271445,0.0806593363893106,9.322749262806973,0.0300122340981946,7.529875269033155,1.4679544442504813,0.724510076686134,90.44472358635696,13725566761.366714,0.0008088273052974
1.3134045825500111,0.0070579944976588,8.383021912797357,0.0185321879485346,5.921068985187202,4.238298289390646,0.7310899337913408,90.36260834805162,12656420012.235138,0.0
1.0825939183176885,0.0648815116398228,0.4436302297539024,0.0123799771411445,0.3208493923576626,1.4589878799172424,0.0805236918892323,113.47577730621602,10358020723.079613,0.0
3.354220482238893,0.088578579254157,6.320227667765902,0.0119649301404338,4.50714645685174,8.525784942903273,0.1562159681634027,110.45195483002745,19044042238.01441,0.0
2.133213068817369,0.0244396472468143,8.41359246962339,0.0209381403848737,9.363101812812836,9.349051607992244,0.8001320772878988,112.80669752965429,12341561865.683308,0.0011051783517565
3.263368711264844,0.0397268760086993,2.46944431017452,0.0205613087276463,2.4758900376788864,4.564585732615114,0.2868682977353736,127.40826606981584,12583725042.73969,0.000833609852208
0.1488385039800278,0.0676317470375381,3.776797920055016,0.0037153461844746,1.5635173333547994,2.972885928488312,0.1845263434817903,96.25456175930276,14842302757.729576,0.0
3.432921756686374,0.0967342663629876,2.707651367171167,0.0082464909226857,3.859638385246336,5.554559849389736,0.3065282768868603,125.07581900617268,9373170458.327986,0.0
2.4034413514469986,0.0526984431104323,5.6015193995047685,0.0432019160404947,2.969798567929708,1.5260900780811395,0.6147145402840454,82.15533702109575,18040263111.15177,0.0005057948018299
2.8039024120128206,0.0457546081274494,2.9463921371565163,0.0062991773110105,2.7649917801331525,10.759797129228664,0.5165290317479021,83.64156911857286,17640787200.00178,0.0
0.5459511495377881,0.0876075755800165,1.4210932852568947,0.004511567167306,0.874256503038687,6.327307503673993,0.2802809923254682,128.35297101404905,10237406407.32982,0.0
4.381086820427406,0.0985559423248092,6.522988819641578,0.0150143918137002,7.881681639146619,7.67747140010582,0.0620808202639813,95.52587604752382,18872465911.142693,0.0
2.550335205117678,0.0767746900470297,8.760762503276624,0.025399659574382,1.2545307326397457,1.4221316764166958,0.7533369565577297,73.42909078354606,11957836247.060738,0.0014214157539725
2.062924030504116,0.0419685640041022,8.404951651391315,0.0051402619411508,2.57192914714577,3.0346692202407195,0.5652713438634104,123.9885904493106,13803939375.297785,0.0
4.972347830817699,0.0624347532599179,5.29175673429348,0.021791302038024,7.863687474735404,13.304685171169588,0.0564497877476497,89.82873977288278,19346444353.75752,0.0014539437059843
2.73735865781271,0.0550249155739633,7.57383042041423,0.0318339656459168,3.549518747120881,3.27752629807364,0.801817217165882,125.3638383391019,18127506803.89268,0.0009385509973602
3.929960395529679,0.0205258971963156,3.23676059424226,0.0062070084407838,4.114801805843038,2.510920845289257,0.4943893221448379,99.24446083612162,9593960399.827282,0.0
3.640711902267564,0.0505510400813032,3.0408272204860083,0.0148514274482291,7.557218753989174,8.92343369380965,0.0931069826591925,102.90541460294314,12441356330.118752,0.0
3.8603097961427912,0.0913769429285986,4.415614722589677,0.0015149257942539,0.3151129535956265,6.549649125817663,0.2839026093317594,128.54809995952056,11156011221.946112,0.0
0.269074222320555,0.0376335830684632,5.232948403954388,0.0032287830022385,0.8993768941009271,1.041015872356155,0.7533258191202968,110.2484212308433,9413804418.730162,0.0
4.112843900889916,0.094831308967491,3.132188182072013,0.0214299586105894,4.190659749577581,13.445144852636004,0.6097950501239019,111.36703828467904,12620990584.059006,0.0006672782707491
0.2517832794045817,0.0960466860021006,9.365202082377149,0.0027461931892247,8.069669114864704,7.757351325393476,0.3278520651147078,89.28991697335702,15377174011.28858,0.0
0.2795134923795714,0.0487525322281331,4.49564296761687,0.0271849648345784,2.732989829682217,4.845519666540254,0.6418742289169964,127.22846808499352,9602645754.644754,0.0005984291294277
2.922662985832191,0.0944483111819415,5.375017720328851,0.020519715663659,2.409254532751325,8.817052643533373,0.1546020944524423,117.33383813059206,12897261468.032526,0.0014654157805113
0.1552704567317228,0.0143787472242701,5.739527609687819,0.0067870001378004,1.0318643086067567,2.0921767391577544,0.4931674108784269,72.95644903411667,14339233554.592926,0.0
1.1376816655826425,0.0588187260054323,7.918399806834305,0.0272565877609728,2.743429865626748,5.070571680657362,0.5870561452181732,103.47923280439996,12480075494.921535,0.0009245967931871
1.6449373696211358,0.0736139756300932,1.5607103178331705,0.0238447118216293,1.4484832397012215,4.589685034776593,0.400582091932673,116.687907306876,15175812499.61064,0.0005362301338335
3.60281641634172,0.0518274427032138,9.97578140729984,0.0013141068138199,9.773960806705354,13.411380959615816,0.1174902957312624,99.46559265244544,16720525208.593723,0.0
3.694739136685119,0.0555608092140714,4.060561556255102,0.0788450406163506,7.813668432873394,14.234584133564894,0.2470233589170545,95.74637147654936,19967597533.683857,0.0007488268676871
1.2184890454838555,0.0892021662057699,2.206371811638196,0.0056347727859798,0.4098874244240245,1.5772198261912933,0.3939644603323054,114.69531558501232,9268881904.906176,0.0
0.7547710041940343,0.0278020497565624,8.122990221094788,0.0057258682148464,3.1719819101517546,1.984143809152244,0.7228042457489183,105.74199412182269,11440074041.94503,0.0
3.761977208676255,0.0473369420631643,4.294077832024687,0.0067173827008783,5.89462857272524,4.934068398409352,0.453674998509751,121.23201670946476,9948037938.84126,0.0
3.1365735897871785,0.083980703119993,1.8855774139955743,0.0219854580999937,4.617014200229544,7.108245087090601,0.1816835862739367,124.6190761645267,9643399970.97854,0.0007520556818918
4.534680437131886,0.0678137665454567,8.16199660296698,0.002736756682421,9.327851313369502,3.6099433231112696,0.3042610410543935,98.4591559450159,14156399360.811396,0.0
2.5359568144911,0.0367739954180661,4.078992577688158,0.0127103211876563,4.903085125363981,5.883469275623419,0.2245255636784793,127.64807016749056,12276706410.09189,0.0
2.2603096818889394,0.056912653644583,1.29531285570855,0.0083932978136774,1.9175941300373571,2.649954023231708,0.430456272947967,128.26304259673444,11137336843.634724,0.0
1.8767944658724205,0.0321577771204307,0.7169508623112136,0.009526964013918,1.042096228135334,5.6897747263459255,0.5539495276404056,116.73103706041692,14931568463.751225,0.0
2.9173472887969667,0.0478455305243477,5.000548987842148,0.0051543944093365,3.7181001444378783,3.613861453504601,0.0447303311862846,128.13589394993434,14089891801.081074,0.0
1.4834198488381225,0.0669448166639795,7.141451396696352,0.0254175038111963,2.7463998708052504,7.198722110849679,0.4422773005738418,114.6394275810706,14512480959.836931,0.0013891296893528
4.272321757938157,0.0918929374733269,3.9856875275653088,0.0167866734861957,4.155394573734029,2.4670188119043424,0.382953430437103,111.84562910928624,12839655829.359411,0.0
0.3132663062644402,0.0540421658363714,4.3737831586639215,0.0307693662168091,2.5114675522602736,5.069793891933174,0.6411582362570165,129.41578565800876,9266730344.288898,0.0005760180574721
0.8170227580665668,0.0077045573844443,5.242439872030064,0.0029803678515604,9.383640125098491,10.30239894372721,0.1400629250450263,109.20744507361346,10634081867.286297,0.0
0.9598760988536014,0.0370666640139593,6.479532916531392,0.004669448129833,1.1825122569586133,1.5892981750736526,0.7402291443683018,85.94441591675684,11565133645.250692,0.0
4.719373419417796,0.0930291048389561,6.803088316676013,0.0219937346433697,2.19475760264291,8.770932956099465,0.0560758678756715,107.1248077241992,13848347525.73543,0.0009104016952175
1.5333574620485932,0.0267603761389703,8.100013805519067,0.0240165059898913,2.6223182978423587,9.842941332543374,0.1444870210301327,115.79439062822028,19332243315.45229,0.0006229471991993
2.8086275375831367,0.061754395369291,0.6825899314490361,0.001060184173609,3.8187549171663706,3.95644723143066,0.4349932516474599,111.1221422955011,9033734211.872496,0.0005063536310261
3.095446354030471,0.0866104106456439,6.822751188591992,0.0269848629956063,5.208597882631688,6.246311330874708,0.510619922486846,106.46549201233486,13058064365.40031,0.0008861762973811
0.7904894467161827,0.0438447557893004,5.804962879252205,0.0268808765804363,1.3299048706559442,2.763821871717703,0.8150651170702873,81.54917231180971,12109060265.64545,0.0006111224623655
0.207469141311676,0.0295946705289304,5.264610952790696,0.0077217235088845,0.1896228225659468,1.7254768405997971,0.6252962317142758,120.00966368960856,9675496685.864138,0.0
3.263835940504791,0.0396344797034265,2.4704795581180794,0.0204700696121547,2.483897605430842,4.587340664143199,0.2850614410789372,127.3585868874344,12648769256.00372,0.0008340025541272
3.464739218576753,0.0694539406354928,7.86093007419583,0.0084614506771382,8.949594458444343,17.440974658581496,0.1116235616577098,95.13851508477676,19728904072.39415,0.0
2.9754858951398715,0.0908610970174461,8.333602100707017,0.0144401304560944,3.340273240626889,3.0874962775246004,0.6749202938866248,126.19745361809277,12729172106.877165,0.0
3.574445243707883,0.0214685723194536,0.4242581718816257,0.0214380889404212,0.2731692184581881,2.8286106817503667,0.5158258304396113,120.04218873884426,13599469168.54937,0.0005261720139672
2.437674016124712,0.0268018361910426,4.963201863601489,0.0060172058274184,8.504800537936472,2.98637736999982,0.1880762452112183,94.57255308933247,10271075863.932594,0.0
1.7502577654433686,0.0684757078613531,0.6898093824611585,0.0137354545165674,1.1751754414576785,6.901244326989403,0.6207932225278776,115.21559983653816,9071408674.868176,0.0
2.8175339945858178,0.0913413148564567,4.308524829202725,0.0071018517283006,9.08638924152686,4.089028292990354,0.1583753908508413,123.02437389667756,10042046101.515314,0.0
1.9475424196862825,0.080768613167743,2.882973086593144,0.0371257686139665,9.320649642273407,1.351320438426573,0.579697858814135,91.60668770681896,13716429945.593405,0.0010392988974104
3.67426054044745,0.0781573529471544,1.4142584178031812,0.0085040955461481,1.8036513804274303,4.382464816974569,0.2866738262725271,122.04662716793976,10478342171.551376,0.0
3.6540434296516167,0.0159337909734362,7.026668229061211,0.0081188643065206,8.734654574446571,14.211411415116062,0.7857979105415019,94.8520736159844,14254951465.551258,0.0
3.768336703140232,0.0802248444679218,6.742846737763268,0.0134909062753387,9.928949021633397,2.8896250867730187,0.4364295096173323,106.60406990492083,9967325117.035336,0.0
4.572961523789176,0.0848226845337607,9.201591528415122,0.0065916337631338,9.781902846594951,5.564201741100345,0.513494115236285,102.59159248810904,11412081666.396854,0.0
3.234464196127504,0.0343789995580605,1.5432839118758137,0.0308823369483157,1.342731471132191,4.922681630698754,0.6018265917544211,109.2231352656709,10149427773.095068,0.0005839562586865
0.5044823256669048,0.0157692461844708,8.829650687412597,0.0093407885060836,3.2037779760814704,3.367908542543604,0.7550506720787791,85.04288401190337,11375429166.051416,0.0
1.8906704147614315,0.0228011736987102,9.103834549496492,0.00959285388954,9.277927706617524,3.377042717194054,0.5799822235516359,118.45002625583436,10523813592.917322,0.0
2.9812380327326578,0.092550579631633,4.370914787541339,0.0055027213860897,8.92203664699056,4.067410151284896,0.1503197949025026,123.65678063263547,10211678095.824553,0.0
0.9100685520895574,0.0988500792848954,3.9689767250803136,0.0207731998204316,0.2236071950997548,7.715384393560681,0.0947443977108857,128.91247926371116,9487441819.99981,0.0006087880720632
1.453336408000594,0.0569052584068907,7.002662482828698,0.0308466414012431,7.12104336600909,2.083573130460992,0.5934807854923351,74.82692763839192,10350170605.193983,0.00117797059943
0.7904645269817403,0.0438318007651453,5.8037083215589735,0.0268925652444216,1.329579327504069,2.7648597728550186,0.815100062593145,81.5464982018726,12106405350.674252,0.0006111425174696
2.734077586755548,0.0807529059206343,6.670424823036584,0.0219795451318167,1.2865421427673045,13.146880254457628,0.562822570927317,127.63809992378728,12627100305.989412,0.0009830254479555
1.862282719237144,0.0573424471828262,7.09784458728709,0.0051608697872486,1.4129460816678143,4.659835248772905,0.2345651640106181,123.60411881526396,10877579001.205172,0.0
4.224394189847888,0.0841412107394452,8.537802185316485,0.0278289171678654,9.955294403775977,2.918324316097824,0.6479960358003211,76.34583010285021,13246778466.411823,0.0011228904781958
2.9812380327326578,0.092550579631633,4.370914787541339,0.0055027213860897,8.92203664699056,4.067410151284896,0.1503197949025026,123.65678063263547,10211678095.824553,0.0
4.746296299483558,0.0915727059720662,3.5025896507667027,0.0042241985327505,5.6886802031208985,8.637861991346542,0.2938476450543034,119.66869373408632,11475194914.480864,0.0
1.2737690869888012,0.0185703730220184,3.848612690695968,0.0058300881773032,6.032782015024019,5.486432438923004,0.1826445418330415,110.9648034827387,10786071591.82758,0.0
3.30622241287046,0.0356135274836475,1.6668330783321366,0.0312022466103628,1.6632483675347929,4.821443598568849,0.6134170507289146,108.51773733259716,10046524769.386446,0.000574373981204
1.0032687128272255,0.0234599725903531,7.812400120593829,0.0238051150495518,4.186494689354288,9.518868037908051,0.1825933673961576,124.56839976500017,17790288756.100353,0.0005592955966455
3.640711902267564,0.0505510400813032,3.0408272204860083,0.0148514274482291,7.557218753989174,8.92343369380965,0.0931069826591925,102.90541460294314,12441356330.118752,0.0
2.042505864910196,0.0746269547420986,3.881252821313676,0.0161077018814271,2.866687305140395,5.868546876330682,0.1937148118787773,102.91380311193998,12514020393.293385,0.0
1.871073991612984,0.0872066415388995,1.2038612993677829,0.0016695526887466,1.6055520350662695,9.918175207103385,0.2898457589559503,122.66302634039052,9112409085.360008,0.0
1.2195151751632491,0.0173245783353494,9.970219265553329,0.0115721422793243,7.614707839499292,8.448942319313566,0.6824026114830373,79.58446445728899,14294853394.794369,0.0
0.2631450463361076,0.0529064317426266,4.409075264401971,0.0286644799873608,2.5602239648946528,5.098219859060236,0.6546270882482051,129.4862955544304,9293126066.405708,0.0005681337690525
0.2431134009222787,0.0316257813165836,9.701831767734683,0.0145563717071919,0.5754407520929975,8.509181467639388,0.2699186436576338,73.35179794479734,15880713209.947716,0.0
0.2444216922857693,0.0746752294244163,4.9351459257902,0.0231671037721309,1.282246305777034,6.3581081132246124,0.2617079816494367,118.3484663455852,11309961432.901426,0.000599895168101
1.8509324701639776,0.0583945733937783,3.191534436456125,0.0177543118873623,0.9348811073275244,5.951866572591606,0.3683255337832016,121.32430592400922,11417993612.080296,0.0
2.85650315527744,0.0982900733401484,0.9448027354664856,0.0407027500794953,0.5427306186630164,9.293064855674697,0.5269750885546927,123.17102178177204,17804471808.4788,0.0007934120637582
1.135603740458844,0.0230843734935593,6.788953508392137,0.0192074655093799,1.850346386984812,4.501215485594826,0.7418914168692967,97.61927149807892,13629447019.08186,0.0005717373609511
4.5491686178991335,0.0688313505156911,5.280906739007769,0.0211298253763841,8.787916182531545,14.974314575048544,0.365752713310687,75.91444394965022,18322130442.463627,0.0012553194458295
3.9702234872765967,0.0371771681377197,7.215493813513804,0.0023011858528081,8.779925190376192,16.891626471041217,0.0588209271839539,63.15362750538038,19729649856.753258,0.0
4.159315409043297,0.0769229096878628,3.002724453577112,0.0379360119931459,7.400550932925269,7.724228864592746,0.2787460141150453,81.93172559289278,18776823093.69499,0.0013118053184898
2.5950915047864718,0.0424061212827942,3.467351450900864,0.010640646459543,5.950671565823464,3.9876780447953393,0.3298906858670962,115.937756760825,9155741594.78116,0.0
0.8551666557550138,0.0882095547060415,7.872581889466301,0.0121897782453615,1.9866879768694576,6.365753869321575,0.462582234054504,108.71470264448315,9090593996.666763,0.0
0.5459511495377881,0.0876075755800165,1.4210932852568947,0.004511567167306,0.874256503038687,6.327307503673993,0.2802809923254682,128.35297101404905,10237406407.32982,0.0
0.2178037822532491,0.0164846589015596,8.839626579403838,0.0061700410492419,6.542789007187244,7.896704238916642,0.8303382521389697,93.21398942806124,11993626823.247932,0.0
3.2103303187127388,0.0213723935673026,6.282467428270612,0.0242136710094051,1.646610430285654,4.839051566401916,0.5115875473559651,110.17632821687336,10205547691.284107,0.0007249028516328
0.6529840494394267,0.0284159267164191,8.09361376897493,0.0081791222833902,3.228194626002133,2.1152452955350767,0.7303857936598337,105.69111463984042,11418466658.65076,0.0
3.217045906635325,0.0932297339439356,8.398399134816744,0.0251104369347664,3.219566776155524,4.836255390765127,0.4455054574530322,121.0667826148647,19894920085.985413,0.0011087921533462
4.774571559209602,0.078862907589881,5.237203153321869,0.0044833215404397,9.987073917828097,6.702651056016828,0.0564221974765558,118.45750888204732,10946819606.675198,0.0
1.074860039150743,0.0760083180265429,9.839962763018873,0.0214782486206891,0.8389063540619713,2.3836303042218105,0.8254229866077217,94.27503483493706,16664954018.239649,0.0008665395813387
3.0325681410173795,0.0608448459624027,3.3027481898196265,0.0422669902077484,8.102243467204408,1.8407957924289,0.5351330406160874,88.2910608178525,14675013544.991564,0.0005064026900841
0.8271333311918174,0.073338890639024,8.583055463300083,0.0463739888770551,0.4650450068413135,3.674417860658937,0.4604134566289936,103.5239009796784,11787916619.75164,0.0013675784256228
0.9342363722115352,0.0603461364424807,7.258297443857316,0.0287611921319971,3.9801520936586985,4.317607457332963,0.3700588243776396,129.67193193884663,11391617166.014648,0.0005052463249559
4.381086820427406,0.0985559423248092,6.522988819641578,0.0150143918137002,7.881681639146619,7.67747140010582,0.0620808202639813,95.52587604752382,18872465911.142693,0.0
2.749961457623818,0.085981280391912,1.2588189349334316,0.0229051529496069,1.7145104819023644,1.819766302011439,0.412040850413966,108.42683371769972,10877983315.483427,0.0009507911078446
0.3132663062644402,0.0540421658363714,4.3737831586639215,0.0307693662168091,2.5114675522602736,5.069793891933174,0.6411582362570165,129.41578565800876,9266730344.288898,0.0005760180574721
4.332164810900804,0.0798871699515931,3.980253054405399,0.0122378728331333,9.007904561114067,5.894176826736896,0.268848339174278,107.53901309913527,10612404801.52327,0.0
0.8551666557550138,0.0882095547060415,7.872581889466301,0.0121897782453615,1.9866879768694576,6.365753869321575,0.462582234054504,108.71470264448315,9090593996.666763,0.0
4.368604919468988,0.0870867461498811,2.5108427302366234,0.0127101683044731,6.277865439034311,3.593378800571969,0.1525501639989872,126.09197569852144,10135496309.649654,0.0
1.2195151751632491,0.0173245783353494,9.970219265553329,0.0115721422793243,7.614707839499292,8.448942319313566,0.6824026114830373,79.58446445728899,14294853394.794369,0.0
4.549320422989501,0.0618119993698288,3.659564977048276,0.0572964000220117,8.88230552101944,1.2113648302907505,0.0844463147334805,104.39279271912632,9785297039.27152,0.0012421393208833
3.008372875256024,0.0877086082001903,8.402319511136275,0.0134680136367586,3.434915994462437,2.962742093262985,0.6625838931093477,124.16762045562946,13316145787.510843,0.0
4.336873209257608,0.0919222243580615,9.814559119233676,0.002520871747862,7.301438034191022,10.045487896837546,0.0292669116771899,100.79186851524474,19259298035.74833,0.0
1.0277987050468629,0.0534908327080563,4.004002809771681,0.0218911590593894,1.3148606686710278,3.774285512870944,0.690194211068296,126.8164658005169,11824290124.432993,0.0005837931591004
0.6656466554318982,0.017307937192439,5.332800311087498,0.0146736566427574,8.424615816277917,2.862148176016809,0.198630914034311,122.41460710466448,12445432194.216932,0.0
4.34418624801441,0.0268407596470159,1.105035628613182,0.0237570553699114,2.045657228440401,10.571377908639777,0.2577197523958066,118.5289680199504,13231840278.329945,0.0010176474213566
0.9205711842326476,0.0226890324644536,7.671217203153291,0.0240756514192976,4.23594995673019,9.961592106403106,0.1656880407802746,126.643369845637,17493879846.347855,0.000564432809141
2.2302891452854348,0.0920631719072359,9.329044456629552,0.0050719980707825,8.106686975248053,4.235691862551567,0.2496752205812138,90.96138660274792,17440568793.958675,0.0
1.118825061841173,0.0880620903796445,2.2852999795986544,0.0044751753743465,0.3524817586955713,1.5421815371191987,0.4047821082401094,113.88126395989228,9391602015.481688,0.0
2.7271429238965657,0.0669536420124114,3.7124359076582327,0.0274016886625655,1.1292562491955231,6.925598517899129,0.5294933616464094,118.57322633518136,11097373911.24552,0.0008194317655166
2.134962021679607,0.080973332900767,1.6239358222990217,0.0054952048938955,9.462802421733745,2.7773220224589465,0.6314219668644957,124.54832630130328,13821529941.147026,0.0006097923018625
2.088605451353989,0.0739912876555833,5.171419544605467,0.0139306818715279,4.693933588099735,9.9578943132457,0.0397744490020254,117.88964215276384,14276370291.070322,0.0
4.69902494861747,0.0927341741614565,3.280997952922836,0.005450243922465,5.845861176771053,8.32644781001311,0.3025146118323955,120.57908835256907,11130171727.825205,0.0
2.4445099001967363,0.0759131326055254,4.622970584265691,0.0210177530563271,4.770247756537471,6.797508903838158,0.4686388184069747,89.45370444220922,12110427892.291325,0.0006421106737524
4.472424715655588,0.0988669112196409,3.1986199160207174,0.0026071961192069,6.666543103298139,14.67431449696184,0.3901646411644785,95.44768720068934,17017727681.922766,0.0
0.6489104763883755,0.0970132284571231,2.0277560622776587,0.0228952338835888,5.442588888844623,4.051235353149084,0.1756527582299365,99.08161468436418,10566498308.37995,0.0006166190667822
2.855473298015423,0.068771750995182,6.681601954352959,0.0323650944581538,3.619281788814579,2.646881882471064,0.5521020012540088,109.99255547709258,13235775825.570429,0.0009690259437659
4.322605321375767,0.0799111307476572,5.037575765929663,0.0095618293932579,5.607654612361497,4.101199377190332,0.2194646365528114,113.55362502597076,17364948600.532204,0.0
0.8493942134382924,0.0707259813226309,2.090539883265634,0.0207997840908977,2.4596198156850675,1.2974633412499033,0.4458501399137385,70.91061727314131,12491915140.838192,0.0008019007734688
0.981834713277879,0.0223513824668147,7.816264082469923,0.0241176692705173,4.084837481034208,9.624510527043304,0.1739202868411703,124.04768709525638,17746777014.61749,0.0005575677909071
1.1203245516017797,0.0531439789330232,7.245172748421794,0.0069112671958662,4.73920839200668,5.024444713413791,0.3099966931975702,123.39936415960582,11434927173.391592,0.0
0.2653194303595202,0.0533042066697018,4.3839149003096,0.0291689661800342,2.541734036081544,4.887934208026621,0.6447090723042591,129.21903909700234,9337583618.53584,0.0005765021183637
3.3419529512088686,0.0271572728629253,7.588034251628737,0.0295427594793275,7.653376930022798,15.382924745261365,0.0999429634633857,120.02348543824895,18884746825.175205,0.0008551733652978
0.7904645269817403,0.0438318007651453,5.8037083215589735,0.0268925652444216,1.329579327504069,2.7648597728550186,0.815100062593145,81.5464982018726,12106405350.674252,0.0006111425174696
2.5791951144721224,0.0967849169139665,8.682949531073257,0.0197444835267349,8.898466892438563,6.49845320333208,0.6485273275669312,111.11557830781486,11522094446.48414,0.0005493743613575
0.5221357452474252,0.0497236955338156,7.218152915842451,0.0197570631022697,8.559262711527724,7.75642536570476,0.8308156761030572,109.97869223399655,11341477576.822563,0.0007445285560394
4.746296299483558,0.0915727059720662,3.5025896507667027,0.0042241985327505,5.6886802031208985,8.637861991346542,0.2938476450543034,119.66869373408632,11475194914.480864,0.0
4.322605321375767,0.0799111307476572,5.037575765929663,0.0095618293932579,5.607654612361497,4.101199377190332,0.2194646365528114,113.55362502597076,17364948600.532204,0.0
4.019195829771526,0.0812282018610412,4.698855652245099,0.0437205718825808,9.0242359210811,11.950480189434,0.0289412611432115,103.91574978057284,19617775863.87517,0.0006512453294448
0.6397301368340751,0.0279736338452442,8.107566869066662,0.007798768454833,3.218368942142791,2.1456674770766657,0.7319994033652064,105.69251495441166,11428725799.296864,0.0
2.8242789675485174,0.0186200890888532,6.06083836523556,0.0143741888646027,1.5048265429223968,3.191270161338907,0.5330847370756798,111.2829495513582,12741641178.8072,0.0
2.032356520695959,0.0528882464529446,9.253464737549807,0.0272199518442984,2.558296922585686,5.094207021342416,0.654624007900134,129.77041201016692,9298167223.883747,0.0005680126606586
2.570993667723555,0.0515994783677701,3.425389802307957,0.0071521605708785,8.434275967755402,4.188274499156817,0.0831692489171701,114.10423319697334,9877907373.339338,0.0
1.5883904457066202,0.0688608646534652,7.384157034083944,0.0131441603837357,0.977147102469843,4.889293083603355,0.6876219654477511,118.6452764472173,12392173424.970634,0.0
3.574316918503227,0.0225910979652086,3.3249614589805154,0.0073404523907193,4.137039312459966,1.9317352663007448,0.6448313725648628,105.69135364500148,9316677042.07838,0.0
0.5459511495377881,0.0876075755800165,1.4210932852568947,0.004511567167306,0.874256503038687,6.327307503673993,0.2802809923254682,128.35297101404905,10237406407.32982,0.0
4.597880009769522,0.0490949630568048,3.024979873439661,0.0275432709406639,9.119530439840576,11.765755354038692,0.0385610571005219,70.24425112924308,19132022561.15458,0.0014579121684467
3.258883831277649,0.0753081776878773,4.606116799675648,0.0362704211764495,2.1502012355641478,1.5158300093613846,0.254934314629341,67.51651297365395,11238291434.62362,0.001291510146657
2.4168324796692544,0.0704861787652018,1.7174693914086014,0.0119168755311409,1.7478909403242882,13.916574680508903,0.7484924002942892,127.43596910066438,10920455835.690935,0.0
3.464739218576753,0.0694539406354928,7.86093007419583,0.0084614506771382,8.949594458444343,17.440974658581496,0.1116235616577098,95.13851508477676,19728904072.39415,0.0
4.324176910394963,0.069967472654684,5.9646443382685,0.0159664718085369,7.498629471660597,7.78823971146227,0.6434376572646651,122.73130744488502,9179879112.939823,0.0
4.333424148766892,0.0644101399706267,2.3738472383066966,0.0434386385406438,1.959124624679848,4.627124846297626,0.7678724896998823,113.72643991660128,9423025917.42462,0.0009366486116943
1.3759340766399333,0.0409379715951235,1.483392290746376,0.0077044503377127,4.348725522945933,2.3979926910292555,0.785294720342798,106.37351316289426,19438212126.273804,0.0
2.1681476444667127,0.0767646147764696,1.0083394432742423,0.0228943229707223,6.631622335660723,3.7613758213371926,0.4099120297728593,123.7154182012378,11409035745.400286,0.0005198703484046
3.3348186015684167,0.0646520378824121,4.486328424698606,0.0048654141672735,2.8062408825251466,12.538653990218387,0.1998448027060118,116.0494385012608,13625161159.326506,0.0
0.359725440466722,0.077769522006951,5.35914506909859,0.020435239233729,1.3755564215823073,7.729444459160889,0.2287004097610951,119.595298313215,10765685992.10615,0.0012559762110316
0.5011589181344926,0.0732215266701602,5.513291702983961,0.0076223031744778,2.479770155398646,5.845798081176521,0.3713329089544409,127.3928426149091,16565329713.973412,0.0
1.9358672212161792,0.0567308048121018,2.857372627580015,0.0030322248155055,9.90979407039146,12.448998602669157,0.2215672605814423,99.71022937425109,12564103967.361084,0.0
2.904808513330324,0.0558375664184748,7.30081547143078,0.0054162483742523,9.280878361773556,6.747365359381968,0.1064132430920328,82.40930293995189,13055404129.750978,0.0
1.8767944658724205,0.0321577771204307,0.7169508623112136,0.009526964013918,1.042096228135334,5.6897747263459255,0.5539495276404056,116.73103706041692,14931568463.751225,0.0
1.9828644254309804,0.0562205976022746,7.437142431576882,0.0090199929729138,8.601219617828503,15.866421055978307,0.0585181625020861,103.25470006306088,16456620543.345734,0.0
0.8999895799358252,0.0142160092296174,7.570176285983864,0.0739387952092626,6.483802821486318,4.968760283859564,0.7554352732684207,120.19812105068289,11571343488.30782,0.000649119375717
2.0980605581549043,0.0706671256148496,5.570496039071237,0.0310327709004375,6.617848409126078,6.574557597273192,0.5993449676865624,99.938640635386,13366888901.003716,0.000689561302674
4.7716332563663935,0.0811448304409924,6.764157046481603,0.009883518297715,9.447385604826431,6.731275748193226,0.0714719376994794,124.8495186810394,11228900100.151545,0.0
2.9865434305524867,0.0906107972015452,2.5102549504581644,0.0443751630856404,4.934191796984702,3.0576599744214543,0.1688614628690264,68.63002748271965,14473367113.670322,0.0009977886738963
2.1180959990205057,0.0519181443275724,6.851426250807972,0.0093852520942343,2.6250335931496207,1.9761200977426785,0.3842366555389028,94.72443184929716,9645029725.27266,0.0
0.2479059540701837,0.0746123513056683,4.921372255289631,0.0230616943340834,1.2923390771635337,6.358170772801635,0.2630288242786643,118.4014676026835,11318599544.071384,0.0005991820630595
3.2602328471544766,0.0397476351197148,2.469809371665704,0.0205581501013509,2.488640242050685,4.593013412269926,0.2849919780737863,127.31747213568694,12643940343.16064,0.0008344811036968
0.3072394248535537,0.0538274816837602,5.465744062956873,0.0105569289396399,1.0685134108766927,2.813959233396552,0.4865255109211113,102.12954547705628,12718222267.779572,0.0
1.6112664061611164,0.0842018523911184,3.1856182056548463,0.0289300002413459,0.4936962677671616,2.189895531020765,0.3214448231047991,117.62718957639808,9286108382.712276,0.0010804923897176
0.9841299638036582,0.0583789669873063,2.041766168747177,0.0169560340049006,2.205336948256486,1.5592725789840989,0.8205813161998251,121.7201135451963,12163434670.502577,0.0
3.291197575221108,0.0760603185216477,8.465181920811505,0.058475602246156,7.442100211755034,3.641505698227955,0.7612389563596703,67.65851968526667,9416040717.75994,0.0013062785780525
1.868475026365172,0.0813099762426694,2.6910523450839614,0.0075201402658142,0.9618392287030474,3.7873727953297855,0.0916626827827952,91.1646502189656,13997518744.124857,0.0
2.1725944711027783,0.0890066869347826,9.994852135937077,0.0164579100948462,3.931182784946624,11.680195745720194,0.4834758408642242,118.00526670477151,15339231792.261578,0.0
3.745976050081525,0.0331476578568769,8.46888174312454,0.0033748217865405,7.655587586237451,17.105568920349278,0.2845024698068484,77.98841828016258,14497753521.604313,0.0
3.128967212464857,0.0482376133157372,1.661691740423496,0.0196328375999877,2.397537509939655,2.945351325140327,0.1054348983564413,127.76870642358034,10377324273.45102,0.0006073562620526
1.156583607501593,0.0865804842392132,3.0628685369380886,0.0063296212790233,7.474882509848523,7.1430963366237865,0.2115144305421946,100.96006636432604,10277034102.795254,0.0
0.4307725452375811,0.0881604671856931,6.729596688015247,0.0822433107377269,8.752108538907414,14.40083288728363,0.3556496072137526,128.09396518443768,13577216092.1631,0.0005561454846535
1.8886467841473131,0.0795467933140675,9.052567467059122,0.0102975389524588,0.1288573354706034,7.313946103252252,0.110647690171126,123.1316372498418,16995192413.726036,0.0
3.017368555146493,0.0250376926401267,3.906700514341535,0.0622909053868699,1.2897282231452525,7.37603209365384,0.6911269431410813,63.11270713971686,10346782966.87529,0.0014728817806563
0.3868671883245338,0.0975512748291103,5.005237480477335,0.0242750341712687,0.687771677334887,8.246464994813287,0.0176726549522818,128.58453606557,11391094825.722963,0.0006638777845533
1.258896310543233,0.0824278669873021,1.95393042958924,0.0145436100156332,3.6190934935495305,2.9892497698715568,0.3123859172275455,105.20672965745914,11875287580.379889,0.0
3.352897752810118,0.0920576505678603,6.408859032394212,0.0041576819924101,4.49807073705596,7.957060566029654,0.1449740250993985,110.32582889212408,19132479528.02161,0.0
3.075636212859691,0.019968367625176,8.744009910956484,0.0404931927916572,2.418361507928823,13.838169755447296,0.7637037589671477,63.28230092565404,10966171124.634651,0.0013990563220728
4.519636957114137,0.0678001636607317,1.676081268735072,0.032839645025503,1.3448926715507667,7.882535073123074,0.4502852604430195,124.61895806516485,10864376832.959835,0.0007046914908606
1.135603740458844,0.0230843734935593,6.788953508392137,0.0192074655093799,1.850346386984812,4.501215485594826,0.7418914168692967,97.61927149807892,13629447019.08186,0.0005717373609511
3.5318692146863366,0.0211881925525582,0.3016517972064337,0.0210326695665234,0.373224720468238,2.593933531114276,0.522993177543381,121.11257716206543,13518659881.12182,0.000543658204472
3.977189895486062,0.0804355721712673,4.000465983311062,0.0132878145930691,2.553416729801094,10.023319360015256,0.1197498934867942,126.896405427911,12145593011.632824,0.0
0.187289424526264,0.0073178316984691,4.945899258733993,0.0043159736297476,0.5637153081148318,1.860051597963659,0.6644619609141059,118.12001991483211,10072794458.464788,0.0
3.099434186993049,0.0857378521204296,7.442952043506389,0.0141939601755159,2.494873997118676,7.660728724672005,0.2267071591579065,124.20346560637635,13315685635.991217,0.0
4.260859159485344,0.0486327455526788,4.006872148464105,0.0122966373217207,5.125116258604651,9.157397926838698,0.3838473898738375,129.36712113099037,13765090745.27419,0.0
4.650623287766078,0.0829714169359837,8.00988017492686,0.0070427599595323,4.129942682260269,5.476257232085923,0.6928962865465083,98.51926793949268,13314996052.422253,0.0
3.662593114475244,0.0446671452645499,4.439508298326912,0.0175083468638429,4.650581526370735,1.3235824600619508,0.7380740548651316,112.2997865357632,11792689966.554531,0.0
2.6524429791056336,0.0346082746890669,4.166085224514742,0.0164535566825178,5.039292305179661,2.63009364059865,0.7140087528030921,111.14785387411222,10058122254.905745,0.0
2.7395104983985927,0.0518607955462428,4.930921854839401,0.0091033399601664,9.44553748874874,2.2636570394306403,0.2982581640033863,110.4161385331365,11399414169.716936,0.0
1.0997972714227984,0.0730091405389962,7.455762187913542,0.0635023405017524,3.8082031058412458,1.4593666815884978,0.7449942820655018,79.151713736332,9460350459.996296,0.0013308273110963
4.633639033870034,0.0691955557183155,6.175889065208022,0.0139242080504326,9.627482484954752,6.627805134497734,0.1113804105424232,127.89480940437,11248548201.32297,0.0
1.4255806489540772,0.0612454293600339,3.021027287781664,0.011611119388575,1.9406384066599676,5.713549552683358,0.8163665939029948,117.99298192271726,11568008119.342203,0.0
4.559781880759855,0.0840896699635688,8.310773363908044,0.0064558837437061,0.8855358602067421,1.328277198161657,0.2006734221898246,129.97670776651668,13628434964.369844,0.0
1.2152637184263022,0.0319335417452485,1.348386666583317,0.0211116948026158,0.2241227612314077,6.354446707890915,0.5361766863920042,111.76154969660514,15824976791.821558,0.000544881242597
4.356639938886771,0.0294970238716832,1.4085680568224492,0.0540235340731938,8.653914781208323,9.98724891976249,0.6228036665727207,129.80656790462234,11790154654.568329,0.0009729513265816
1.3598802417900644,0.0437067788502143,1.4924133736013068,0.0035527695223235,4.2257757044456365,2.227817561682605,0.7763167446175723,106.3726123948323,19218020579.956627,0.0
3.3190224642109354,0.0648539673229402,5.899487072159245,0.0045343509391772,6.0167865186947775,5.777283901968176,0.0263323311363312,124.66754481280688,12753425213.14071,0.0
3.750771595297471,0.0646043921052686,6.314094287064846,0.0215632919265786,9.803787911964196,5.252048048700741,0.1244894048710823,100.5135526994775,17538568093.34157,0.0005631019238171
1.6406480306205524,0.097363883272195,2.0126164118157552,0.0339843107008768,9.027931564344282,1.4747195331891787,0.4057127243844223,90.36222121718616,14538035883.505487,0.00100787738099
0.8025264222557467,0.0407577624462061,6.645867109036746,0.0099525188346928,8.658330435083062,4.043753495976289,0.1538980293577113,120.20852732109996,11701370378.091137,0.0
2.148176172829505,0.0327266381938899,4.295457611585549,0.0146527584539414,1.0942039022535637,2.859926540896055,0.6064643755795855,129.10822569379897,9876968471.595531,0.0
4.097997258023831,0.0972195372698665,1.3539456888048689,0.0073323628650435,3.8138621976956455,5.396334322052327,0.3204349321206586,124.752710094402,10246112021.474182,0.0
4.0541216533582105,0.0669605033791162,4.114832593647972,0.0050782932563171,6.812360792647499,12.488843956110072,0.0518748056488184,106.10506139262084,13914034442.600723,0.0
2.6287865002268305,0.0721699940122465,5.837934002805486,0.0414985952525704,5.963448387966094,19.067451108937945,0.7617283146294482,60.51191032016652,19693729974.401024,0.0012018849547479
1.221779844980276,0.0637159122410205,4.178590951249586,0.0142476571019547,3.436591705086387,8.073766538770997,0.5524295502863191,128.5717078606114,10861909990.808878,0.0
2.2141779077076755,0.098423274448202,4.5661107118061794,0.0394102144394873,1.193093196016847,1.2956567204057048,0.2294948697507702,85.41822554903432,16837415533.32043,0.0010336219295875
0.2479059540701837,0.0746123513056683,4.921372255289631,0.0230616943340834,1.2923390771635337,6.358170772801635,0.2630288242786643,118.4014676026835,11318599544.071384,0.0005991820630595
2.8271067880618537,0.0866138592757169,2.562139025022636,0.0262494500047455,1.4375561067453284,16.100638808533454,0.7844937557142276,116.46608059198988,9666355008.257172,0.0006742347958281
4.72493232939385,0.0929462948803586,6.792624732032698,0.0221671992449477,2.190052946547244,8.730882365538427,0.0541884365207917,107.13252622417028,13855350909.432049,0.0009099403621612
4.0840203338289145,0.0980315981857672,9.288748021499966,0.0044484869705714,4.415699270860363,8.041944562162794,0.0849677599635417,106.54345850174772,17324275282.16204,0.0
3.2103303187127388,0.0213723935673026,6.282467428270612,0.0242136710094051,1.646610430285654,4.839051566401916,0.5115875473559651,110.17632821687336,10205547691.284107,0.0007249028516328
3.4001856627966576,0.0376949505744927,5.448958172079989,0.0052412439483054,6.000662004282673,6.375733525139713,0.251036526151196,96.19609308485002,13503064087.337664,0.0
2.7435153118647277,0.0713749099979126,7.569264209917494,0.0132060704834187,2.180503399990789,10.99774196785638,0.5506423014068454,122.75102560157478,18026021834.865376,0.0
0.4435446444436589,0.0081434159209723,6.644818898037538,0.005608060364478,0.4736557701501377,1.476957776565215,0.626388681930452,89.92775484487686,9028938595.995531,0.0
2.8318896593886063,0.0935527379957355,1.99738114506468,0.0054106553872965,0.5654964430377903,9.752139435944365,0.3847754382853462,114.96050115670803,9239896019.775246,0.0
4.990267388080788,0.0726874279772858,7.154326693517801,0.0800700189561622,9.53844863784072,9.312755426130291,0.5054726616100449,124.65819623476077,17324393172.584774,0.0014144794533683
4.2591871777385135,0.0781069760237926,1.944928467550184,0.0219949978954498,1.8153803275241744,5.466802983698257,0.1841300563997176,119.90167938140615,10683559151.448624,0.0005266853308609
4.327964863417376,0.0361294233529573,2.343665815797383,0.0152273598640869,3.8355187730264673,4.920002910905311,0.0749748112753854,126.232518040456,11782929160.673796,0.0
4.575968347717603,0.0601402273668671,1.188092659681688,0.0314399267165443,1.8031852451213557,1.9950184932267805,0.5542455639244741,65.81616805379812,10956416946.708584,0.0008473199357137
0.4759623114220787,0.0787555127197531,4.415583241496695,0.0401023064226803,0.778085652738916,5.359599045634283,0.7327346966410118,113.00615426769406,9114124232.146255,0.0006874207358039
2.6177084107255197,0.0568398565218181,0.585604935496756,0.0544370179306002,1.1748042744529197,2.7738828113952283,0.2386462060545534,118.79744563611428,9134533167.670795,0.0006476565393178
0.9437619357364824,0.0731760764729076,7.109303398047809,0.022704845507043,0.8967134681511002,5.607434782161573,0.6446194438077543,123.68371481411262,9360981209.586802,0.0005789976493261
3.608126661155561,0.0930483586951035,6.438472814077095,0.0382564880869318,6.099238461669809,9.212333544887947,0.6880454231469357,91.26440029853184,18993154430.555824,0.0013847903759566
3.1976122472310093,0.0352110540302088,1.46279924951782,0.0311796899933004,1.3181999851933486,5.186248296645424,0.6005234508455207,111.04613693177828,10044727600.765217,0.0006133532690095
3.481568140749442,0.098446475108064,3.836608297737576,0.0100606689302246,8.173404894070229,2.329123570051177,0.3452362533959898,123.7492014262109,15969264998.559366,0.0
0.965283349479398,0.0313772209981941,7.586774581206923,0.0199380831149892,5.959211873353454,3.509540314812377,0.2807140873066602,102.30506868490608,10671952306.754255,0.000964819952843
2.850262059540925,0.0243344435239585,3.3223612979946218,0.007300993127441,7.125217569785415,4.2417473645994,0.6701775614544585,127.08726598952364,18086917790.24203,0.0
2.319733060753139,0.0235767876642798,5.559730494511986,0.0069710307722709,5.422187383672672,16.52591748908347,0.5920519371083247,64.17835816450302,16756457349.749252,0.0
1.558461056601904,0.0154889887044876,8.580068898175263,0.0970337534223112,7.790517905719307,1.9086357882540212,0.6925626810917718,63.114831083752,11891813721.372105,0.0010177101221825
3.571233544256219,0.0991709337102741,4.015876185533651,0.0093968387283758,8.668423982245603,2.22483515772736,0.4164679245161768,127.76224185002208,15605875775.333202,0.0
3.157946747758768,0.0858378033578137,4.492929294161101,0.0943675272314573,8.975960112867474,15.160718297279931,0.2497043846004626,103.33735636661936,14589349003.807735,0.0006668104322059
4.944169354281499,0.0176677525580128,2.5294090299604868,0.0280272194816356,0.460893941790086,8.41433936110769,0.4818580319666784,123.77744423638674,9631597875.882534,0.0007735852577342
0.3143080698820065,0.041125143515605,7.51167274636601,0.0231480054206171,4.827027857422686,1.4723304804268318,0.8187661747442784,83.61767520633055,14542916893.356432,0.0008065818586033
1.8542440628116037,0.0733147365851498,7.896264599635148,0.007001017150595,6.777960859996418,15.20292239729834,0.2066874350545465,109.93197636672004,15807239904.185484,0.0
4.327964863417376,0.0361294233529573,2.343665815797383,0.0152273598640869,3.8355187730264673,4.920002910905311,0.0749748112753854,126.232518040456,11782929160.673796,0.0
4.896755676434223,0.0522968570361467,6.51088790720935,0.002921945714364,7.505460546921067,19.49427031888689,0.3562191951696556,101.66653392753976,15563206596.773106,0.0
0.5062709088742811,0.0481542212105624,4.636189709206561,0.032971259435723,1.1065798550987966,3.1334659306195043,0.7870464934356189,80.85351238666256,11665669071.179182,0.0005517137535203
4.248026527967187,0.0752272077773763,4.462242230226492,0.0319625592639012,1.5009327061505688,3.3143192935067267,0.5381499521276321,111.25094070430632,10856153049.562916,0.0010051925667448
1.850777813711162,0.0727738503686946,9.320220364739797,0.0232851002507416,8.241912869341451,5.77026451543808,0.1945283656174631,115.5768198639866,17304217826.18389,0.001466277541451
3.534148219629267,0.0846978086100311,1.6748117848802706,0.0105324898981853,9.734882863868108,3.721360327007177,0.0632829170729631,116.26177950542282,10616338703.273216,0.0008816998663379
3.0325681410173795,0.0608448459624027,3.3027481898196265,0.0422669902077484,8.102243467204408,1.8407957924289,0.5351330406160874,88.2910608178525,14675013544.991564,0.0005064026900841
4.848089132660826,0.0942542322006226,8.219576084759577,0.008680658892443,6.521131401067493,6.664369998589606,0.2330522410833508,108.58865298593284,12918585609.677193,0.0
2.904578266363105,0.090830469945341,4.53134360432077,0.0081465452683969,8.894893945078316,4.050471394811912,0.179585159935665,121.7096956416562,9800255849.585196,0.0
2.798022749173513,0.0799175488394462,4.2105426757915865,0.0327610387269517,0.7780389464729168,2.8646622005214724,0.0511686895558951,117.28291320424056,12888831904.571524,0.000960809897417
2.3936179186427364,0.0790470495074568,2.2012928669260976,0.0175521231568019,7.698546458929417,5.352087640599641,0.3119503781494407,72.55296065633749,13626172812.142147,0.0
4.0750311736067095,0.0826813975688488,9.27193309643412,0.0279429175025715,7.735844534392802,1.4153270177108328,0.7352643511278443,89.39799632770325,13613179554.272505,0.000815058991565
4.190694150785129,0.0976196587498784,4.292989949769881,0.0124869485674526,9.213141536005123,3.8368463311267287,0.0577992357648129,127.56975802035194,10648600509.04587,0.0
2.4451236804172534,0.0759074577302332,4.622124931396485,0.0210065966151306,4.773804164848386,6.796797560348727,0.4685213168722362,89.46630096540568,12112262727.9931,0.0006417784602923
2.570993667723555,0.0515994783677701,3.425389802307957,0.0071521605708785,8.434275967755402,4.188274499156817,0.0831692489171701,114.10423319697334,9877907373.339338,0.0
0.3952173847383314,0.0542657283405721,5.4636837703481165,0.0102482086924079,1.3940868711317915,2.879419894160568,0.5028396946527677,102.85333928162488,12704649600.727472,0.0
0.8469665905295621,0.043352461109527,5.196344163779229,0.0086896568413814,1.423756280243532,2.187905568959042,0.4470114172268474,118.53199602797488,9973723756.54404,0.0
2.007146982298876,0.0260951021048724,4.129502461281743,0.0633834333285607,1.2854692061146578,7.152634727155512,0.7042609063188537,62.836055633168485,10407694843.329632,0.0013787338853421
4.4532704568958135,0.0764421781201477,2.650038282017288,0.0145487556090213,0.7130072816904559,2.8632144592544444,0.1688179978333796,119.26442566448851,12432895626.608086,0.0
3.223312813117931,0.0926941920459194,5.69329734070524,0.002142757147502,2.762541628866588,8.482843153688808,0.2649602929101518,117.05544166526896,13980782276.028366,0.0
3.1014956813656016,0.0196794500273095,8.907525119400459,0.0409138397360699,2.558435651773152,13.85811298305106,0.7621528340277183,63.478557331542014,11066359460.363586,0.0014124914600816
2.0554360001800807,0.0381794126016836,0.5160715583861843,0.0144274780624641,0.3917920922743491,10.474282654231942,0.7122200556900254,120.70378137954376,17420007781.329906,0.0
2.331054720615223,0.0389789063304389,6.275583112278692,0.0079928750665908,2.5449373697823385,5.105893615026396,0.630850180181697,92.70719350830014,10070039236.774197,0.0
0.3952173847383314,0.0542657283405721,5.4636837703481165,0.0102482086924079,1.3940868711317915,2.879419894160568,0.5028396946527677,102.85333928162488,12704649600.727472,0.0
2.768713038943935,0.0786363446757466,5.163816666172694,0.0181185250874887,1.5079835241876065,5.6810559158965575,0.3884289259798708,122.57965508469792,12638998087.839811,0.0
2.667024066285601,0.0706926843106249,1.4781603465141513,0.0164992525982466,0.39187173984455,2.488131518090372,0.5084990498789168,128.02904479768935,17825713586.912834,0.0
2.3849472741460302,0.076377903297831,9.405622919047326,0.0157955273633437,5.713720298686152,4.040956479148674,0.5400128544639407,112.26248640041796,18800258406.12051,0.0
1.8567125525395043,0.0566415444973005,7.153103790921993,0.0038603523608589,1.4532595854631247,4.976976172674995,0.2539091730831467,123.978629028807,10853359217.73058,0.0
4.524252230642617,0.0296753076241489,5.700488468128917,0.0168895396382268,2.9423543887719394,6.688230186513151,0.2296098196545988,119.03582483441735,13142494209.26047,0.0
1.0588356486673838,0.0333855958682512,5.022197594570759,0.0142908455003002,1.5635330328619763,16.720670767290216,0.535324163449415,113.03872281319374,12181377782.15764,0.0
4.534680437131886,0.0678137665454567,8.16199660296698,0.002736756682421,9.327851313369502,3.6099433231112696,0.3042610410543935,98.4591559450159,14156399360.811396,0.0
2.998859113186455,0.0447968460798895,9.961871969442155,0.0053553659159386,6.522547866706629,10.007704715239072,0.2315850392988593,94.12014145655073,13552856231.72464,0.0
4.595101518720826,0.0588581460598815,6.929675043577822,0.0263474664142835,9.560088614010558,3.379401283310413,0.6222966857626028,63.85996039630546,14050381380.169647,0.0013916011215823
4.16163307873172,0.037678515777723,2.437321501255512,0.0211639526045194,1.8711347490794048,9.244083711689935,0.6460777721726321,122.01258561079096,13743899862.491455,0.0008865783386624
2.505644905814812,0.0962179530845289,5.867637542347397,0.0264987320253229,1.8799441502579848,4.390263207568083,0.1841319897554379,83.9993756641041,11002120068.711931,0.0010111906610958
4.633598986975416,0.0820656203431467,6.279613187677429,0.0125236099389129,6.277007371087973,11.883411654092988,0.1824969015129749,123.1563768688632,16855986003.68903,0.0
3.557110347261422,0.0617149776057136,3.58862239590236,0.0041211410525489,1.476738861163811,2.2685869164009347,0.5557028839691924,126.3766409752979,10191385856.739952,0.0
2.353108794930779,0.0546357768917793,9.16409300950616,0.0182932565365931,5.132375841853507,5.526308439843482,0.7958511452817123,124.41505159341664,11712193284.19928,0.0
2.837252994817896,0.0646174976048968,3.6758402952463305,0.0278488500070105,9.493920947579303,7.517215104327113,0.8120968712160823,113.46482689193309,14044434671.002071,0.0008355732859653
2.748718165816428,0.0433338215821018,3.7331236412564577,0.0108317092417818,6.060254857234026,5.348110732212939,0.7228617410084173,91.91997882666168,16590375801.398584,0.0
0.4293882341844161,0.08815714617119,6.735479015605367,0.0821715553301872,8.750392695058117,14.408763822681609,0.3556451387288915,128.09340392628604,13582702704.937227,0.0005559438711605
2.85533877675525,0.0499898511726355,4.996710557403238,0.006306369543721,3.99366828023584,3.8437246489219192,0.0468372472363835,129.9944636994907,14218602605.581312,0.0
1.6163797697207891,0.0282378997287923,4.309171507505573,0.0546106876748836,0.1004010456063471,5.338748728350005,0.1467737080615976,128.7053935164537,14269119519.66657,0.0014692545454508
2.017878809466082,0.0517172702105445,7.587644462681698,0.0152985039741617,5.371588915101492,4.869273411482049,0.5372019108250393,110.74762438210496,15353540102.548569,0.0
2.904578266363105,0.090830469945341,4.53134360432077,0.0081465452683969,8.894893945078316,4.050471394811912,0.179585159935665,121.7096956416562,9800255849.585196,0.0
4.929552515267936,0.0623990992221709,6.560768033669247,0.005595440238044,7.609843842054298,6.497833697521217,0.1573175034916628,84.08633402764488,16278262405.676022,0.0
3.263368711264844,0.0397268760086993,2.46944431017452,0.0205613087276463,2.4758900376788864,4.564585732615114,0.2868682977353736,127.40826606981584,12583725042.73969,0.000833609852208
2.298836081767872,0.0388334342061669,6.308336209847086,0.0085591983769264,2.5134925504616223,5.145470093767462,0.6284758576210691,92.36248534581252,10047643276.822338,0.0
1.5226948191312095,0.0168218230087985,5.105659012419717,0.0038136757087114,9.725888090855245,10.798203926887306,0.3127176161770934,112.16127387552744,10493558298.4089,0.0
4.694046410329944,0.0476305989146864,3.0846305451534834,0.0260353424579665,9.002143256088049,11.662565354309937,0.0340062462832211,71.17037649589167,19144182603.66717,0.0014465826172462
1.865362850740264,0.0921625676892446,5.939345843181872,0.0046938712171492,0.8740208138613726,4.890381462003014,0.3473543844895759,126.98204141147686,10842955122.958778,0.0
2.3338873576341337,0.068624150518965,8.819514999717798,0.014282811176205,9.597329918104936,6.449103280938751,0.0245503334498315,110.93177970684958,13202617044.4729,0.0
4.014954879810766,0.0374093051080697,6.469691991980824,0.0104536905078534,7.143406974901104,5.527121548976881,0.222068125133203,123.54679855837128,12309148064.426912,0.0
1.2190369539431114,0.0235738154121729,3.280352574605586,0.0017301948456145,4.7470494827564815,4.31115623783518,0.3217260167157501,124.56506689233927,11433059026.65341,0.0
1.918625676277978,0.0223386321069406,7.756137669311352,0.0039130833923338,5.04009239553374,8.036141057647775,0.6133163513844558,79.00154716123987,10724544727.1298,0.0
4.985073800297067,0.0929615194703965,1.9230208119050516,0.0556619061519795,9.788071389495114,11.586284009651273,0.0492539750436218,101.93689755630363,15829917275.401882,0.00055772687022
0.6365141747327355,0.0853513768153683,1.4746310820716977,0.0037987325195582,1.0613641092698645,6.604417087086496,0.261423006892507,127.72906492963924,10121851798.023746,0.0
0.1230136226277562,0.0300088565602834,6.408387153149711,0.0164257710870724,7.882067096184984,7.872669470081267,0.4646347071714748,129.49932412562293,14838268560.409191,0.0
1.3628389616063612,0.0627254092796888,6.212051001637361,0.0037857754089842,5.66526051239134,5.455264129022109,0.1664652344884818,111.39326698207468,10711501395.46785,0.0
0.2178037822532491,0.0164846589015596,8.839626579403838,0.0061700410492419,6.542789007187244,7.896704238916642,0.8303382521389697,93.21398942806124,11993626823.247932,0.0
4.597880009769522,0.0490949630568048,3.024979873439661,0.0275432709406639,9.119530439840576,11.765755354038692,0.0385610571005219,70.24425112924308,19132022561.15458,0.0014579121684467
3.737005717249069,0.0270605043219979,2.165631399691517,0.0082607862421339,4.657478335971421,4.962286830634022,0.1617165983600841,121.76293590462546,11346237918.752298,0.0
1.7502577654433686,0.0684757078613531,0.6898093824611585,0.0137354545165674,1.1751754414576785,6.901244326989403,0.6207932225278776,115.21559983653816,9071408674.868176,0.0
1.2210089599143754,0.0637093601446726,4.1796613078643405,0.0142836166338007,3.4370436871733823,8.076477370117242,0.5524401376130295,128.5673483696245,10861462424.622623,0.0
3.2155058000797028,0.0341236768075141,1.6139786091005417,0.0301773739804931,1.3911007627919627,4.582796130800015,0.6000127271131727,108.19288468678356,10029043129.961288,0.0006092964283886
1.074860039150743,0.0760083180265429,9.839962763018873,0.0214782486206891,0.8389063540619713,2.3836303042218105,0.8254229866077217,94.27503483493706,16664954018.239649,0.0008665395813387
2.036428026704783,0.069786777220041,2.8135920842599327,0.0028244807347469,6.012194495873048,7.984380095831008,0.4950144485987809,122.19548974038688,14488084293.314425,0.0
1.3079195932028476,0.0190473334372051,3.8133766626016232,0.0074324513009608,6.138247217605417,5.551747930873889,0.1898156567784604,110.2688427519644,10742239088.115248,0.0
2.043925723845044,0.0139912649520201,9.303501627222309,0.0889344967833235,4.694063202767995,10.04002507343342,0.7276359137266573,94.05686192368358,15116821539.937122,0.0009272418470755
3.50660938997748,0.075436559268567,4.851482516476699,0.0101236999488714,3.719441852252804,3.473198940784587,0.1136220470336217,117.2976871502922,10392511148.785095,0.0
4.390330436135972,0.0731760764729076,7.109303398047809,0.022704845507043,0.8967134681511002,5.607434782161573,0.6446194438077543,123.68371481411262,9360981209.586802,0.0011246204085268
2.003783992570509,0.0956213391944804,6.988214441212993,0.0107927166049983,4.786285755673271,9.025730963999107,0.1278706520231778,89.28315061983876,19221529644.1436,0.0
3.1365735897871785,0.083980703119993,1.8855774139955743,0.0219854580999937,4.617014200229544,7.108245087090601,0.1816835862739367,124.6190761645267,9643399970.97854,0.0007520556818918
4.190421730063894,0.0757532181431661,8.597341868410735,0.0036683333429548,9.13605718880262,6.107952655181811,0.1091526367218735,82.50743344248382,19210443233.471645,0.0
4.12154818768444,0.096179577308531,4.197855760659097,0.0109318497601067,9.044352505120232,3.6654719518271737,0.0505057327367338,128.15560204685215,10390382605.017414,0.0
1.4388346235806937,0.0415359618181739,3.420738640723133,0.0308345773978725,3.975630411681745,3.4220895509589706,0.719269812742102,95.66912461982214,18069968518.13754,0.0010836348856713
3.687217841566652,0.089556311136837,2.346454830874492,0.0062997006154277,4.592002068917942,9.402171597169358,0.056594390255007,127.00556028011783,15321241711.99502,0.0
4.408895660789547,0.0916772938768654,5.113952253859616,0.0123945525256831,3.0564811189786623,6.413723377436036,0.0326582040029619,114.56034492680008,13637380139.934364,0.0
3.024252425497563,0.0251029769975119,3.896898572746336,0.0622023976952064,1.3068243781153697,7.3393135168724895,0.6904225444450187,63.07113025846322,10347608310.826828,0.0014732945425691
2.3338873576341337,0.068624150518965,8.819514999717798,0.014282811176205,9.597329918104936,6.449103280938751,0.0245503334498315,110.93177970684958,13202617044.4729,0.0
2.837252994817896,0.0646174976048968,3.6758402952463305,0.0278488500070105,9.493920947579303,7.517215104327113,0.8120968712160823,113.46482689193309,14044434671.002071,0.0008355732859653
2.0917201440940656,0.0702948119348726,2.8980744266131384,0.0024327916537302,5.873193331043883,7.993885412783547,0.5196369273756516,123.8640540273523,14680811428.150784,0.0
0.2487286520202324,0.0745761048594686,4.914364530251774,0.0229383823905488,1.2881165840940536,6.325039999191313,0.263696817431276,118.34316029043433,11326752103.754633,0.000599709948626
4.572961523789176,0.0848226845337607,9.201591528415122,0.0065916337631338,9.781902846594951,5.564201741100345,0.513494115236285,102.59159248810904,11412081666.396854,0.0
1.6066762557140748,0.0744562877211075,6.696542678009204,0.0419919168095906,3.243637702411716,2.4138181693954426,0.7051933983118344,92.17634642139608,9416492012.333788,0.0010820326252402
1.1376816655826425,0.0588187260054323,7.918399806834305,0.0272565877609728,2.743429865626748,5.070571680657362,0.5870561452181732,103.47923280439996,12480075494.921535,0.0009245967931871
4.762588108572031,0.0590680583529816,6.137502815064853,0.002021536034953,5.8503551936843845,6.531139128356158,0.5478150290215208,114.6263433669469,13636227680.644709,0.0
3.429249417963734,0.0893588032288635,6.409044699462058,0.0104495926539417,4.523372945954091,9.287671653287306,0.1430210812500444,108.52808184062629,18614113317.9892,0.0
2.408148898293456,0.0062150801307897,0.5112122266451123,0.0509518866759592,6.073089438110387,2.799849198925421,0.6066007931002778,64.44822337703066,11778447866.410534,0.0009344207538712
3.3013875378330773,0.0350734467709095,1.5830782783763515,0.0298727794265905,1.4249992905440725,4.747197362706792,0.6086789440500303,108.23233112947378,10140808018.5585,0.0005784149171829
0.8737213501414678,0.0647543753897457,0.3579052717726355,0.0141894085641434,7.168256467132579,3.905355959829426,0.1979975830445221,121.2960544846599,10042062498.525091,0.0007219293260518
4.845452017736833,0.0689533046271512,1.8745610174551768,0.0384945007355676,2.709958616319077,5.8781301763936895,0.7396944590694744,63.67288118523309,11876884883.66532,0.0012843009591849
3.013374070408453,0.0262973170836921,8.856080419010482,0.0200507026907593,3.826772333496223,5.914044127232364,0.1328771020840299,122.86691880121698,16504086508.154036,0.0005521157379334
2.509222649699645,0.0597301836405262,8.857593253774084,0.0093570834496612,9.90126243978697,6.946175346125087,0.1714460770291532,93.48894004095214,16228515598.290146,0.0
4.406137354129806,0.0338305926463679,1.8721294614814603,0.0382897452837121,4.649032714322915,13.473999503367738,0.3502444947999854,109.47418267216,13284822327.295492,0.0011541172149086
4.34418624801441,0.0268407596470159,1.105035628613182,0.0237570553699114,2.045657228440401,10.571377908639777,0.2577197523958066,118.5289680199504,13231840278.329945,0.0010176474213566
0.5732727161392545,0.0705980581857788,0.9343800851903582,0.0111527071973484,1.969138880601903,3.205681640658198,0.4813782574851857,104.44339638002234,10286868788.209044,0.0
0.9961720326252198,0.0133114133889051,8.908813251079188,0.0024291070290364,6.251945332508542,5.682997097815025,0.5647979456451194,74.74084854153809,9937956913.063396,0.0
3.743730285638144,0.0253570170398619,5.866709447882877,0.0054330344060098,3.3253375736986404,2.5232747439923915,0.4623119598183995,105.68101604985132,11159044338.65112,0.0
4.863487719058222,0.0737977464544455,6.119628913307594,0.004468167660205,9.51635390865252,1.4617929261732066,0.4332807512458818,96.07031519742624,18359887922.18266,0.0
2.562356295324187,0.0324849548442163,0.7934296725508854,0.0652921048706229,6.671507789918437,2.380836328214413,0.3552500451247876,74.55784820299397,14373025182.466627,0.0013714013919745
2.134962021679607,0.080973332900767,1.6239358222990217,0.0054952048938955,9.462802421733745,2.7773220224589465,0.6314219668644957,124.54832630130328,13821529941.147026,0.0006097923018625
2.4238048952214606,0.046468136739206,4.747437190564459,0.0193152946710571,7.668720990583073,8.869171632898313,0.7757349954066173,120.09415452063892,9738371227.557371,0.0009869331357017
0.3132663062644402,0.0540421658363714,4.3737831586639215,0.0307693662168091,2.5114675522602736,5.069793891933174,0.6411582362570165,129.41578565800876,9266730344.288898,0.0005760180574721
3.991461131575909,0.0857102651820522,5.754219230051202,0.0011813623253296,4.340418254364495,11.342922174850145,0.4727242641148561,122.26690366881424,11617594131.220982,0.0
1.2785087367585386,0.0183756245080556,3.827065655841065,0.0053521987229285,6.032611759065446,5.423826422279857,0.1843832110653711,110.96610596802758,10786339537.693497,0.0
4.327964863417376,0.0361294233529573,2.343665815797383,0.0152273598640869,3.8355187730264673,4.920002910905311,0.0749748112753854,126.232518040456,11782929160.673796,0.0
4.82276560342091,0.0904013349905572,3.4043498555090936,0.0030837040627823,2.143594693181782,7.436704963899691,0.2491111247938706,119.7493083215827,12556126073.437893,0.0
3.7378964685447,0.0270563011084201,2.166618648334817,0.0082582658970709,4.659438538118467,4.966645086812408,0.1617319402882655,121.748269280353,11344195401.574469,0.0
4.972347830817699,0.0624347532599179,5.29175673429348,0.021791302038024,7.863687474735404,13.304685171169588,0.0564497877476497,89.82873977288278,19346444353.75752,0.0014539437059843
3.669442238970341,0.0652114552136654,3.4129613967952115,0.0027682417289393,8.092624176167876,9.53014867099516,0.1857393499441931,101.98079672989064,12925884828.67302,0.0
4.7400951476242446,0.0926961570750861,8.727653197066614,0.0087809484625257,8.028353354765388,3.589044626778114,0.3427255326294942,109.42884321541923,14411029549.533216,0.0
2.794205373874627,0.0173916798067647,4.0245486332549065,0.0107415995430633,7.9838168826572256,1.5496003554945474,0.1651999542590025,120.88059782121456,13133650068.272884,0.0
3.4001856627966576,0.0376949505744927,5.448958172079989,0.0052412439483054,6.000662004282673,6.375733525139713,0.251036526151196,96.19609308485002,13503064087.337664,0.0
1.9624232344713413,0.0893461495201399,6.064501900643945,0.0051395379499763,1.309915721794738,4.749890672710399,0.3257173600892497,127.18045189259888,10730937949.853102,0.0
0.2651558093235834,0.0532998841909962,4.382470875134522,0.0291853028907585,2.5383837833914336,4.886363613204018,0.6445618616543207,129.22807869520165,9339495382.207886,0.0005763592698273
2.9754858951398715,0.0908610970174461,8.333602100707017,0.0144401304560944,3.340273240626889,3.0874962775246004,0.6749202938866248,126.19745361809277,12729172106.877165,0.0
4.727301386881515,0.0960277309635755,1.8441944526129408,0.0020299156431123,7.345282772625072,16.428216437015777,0.1134966250724697,109.59355115628482,15317561256.346191,0.0
0.269074222320555,0.0376335830684632,5.232948403954388,0.0032287830022385,0.8993768941009271,1.041015872356155,0.7533258191202968,110.2484212308433,9413804418.730162,0.0
2.3554633281231765,0.0546653943111332,9.1743730118045,0.0183049976579409,5.131613706233973,5.519434842786731,0.7966729788151973,124.37758766035968,11716140576.071363,0.0
4.504005424731472,0.0978450502597658,3.502827050639922,0.0193246050031358,3.960244942794741,6.804998298505331,0.1682521966614839,93.16390223069672,12867216748.22948,0.0006944574212948
4.163390876252572,0.0762491516843835,8.461373400907474,0.0041202559776981,9.40529040072832,5.908805575291211,0.1061631546572669,82.35642117146301,19255828271.74608,0.0
3.4001856627966576,0.0376949505744927,5.448958172079989,0.0052412439483054,6.000662004282673,6.375733525139713,0.251036526151196,96.19609308485002,13503064087.337664,0.0
4.001673068080126,0.0704787484328447,2.138518521337242,0.0310267121682027,7.281369185996455,2.8071546673144443,0.4495818815025372,75.3606554281788,15762511411.338717,0.001030581188091
4.163390876252572,0.0762491516843835,8.461373400907474,0.0041202559776981,9.40529040072832,5.908805575291211,0.1061631546572669,82.35642117146301,19255828271.74608,0.0
4.159315409043297,0.0769229096878628,3.002724453577112,0.0379360119931459,7.400550932925269,7.724228864592746,0.2787460141150453,81.93172559289278,18776823093.69499,0.0013118053184898
0.5062709088742811,0.0481542212105624,4.636189709206561,0.032971259435723,1.1065798550987966,3.1334659306195043,0.7870464934356189,80.85351238666256,11665669071.179182,0.0005517137535203
0.4979258789962347,0.0731895361428699,5.512848302806897,0.0076712238439004,2.474306136269511,5.8442029269154805,0.3717241721912103,127.35349541790916,16562059802.28225,0.0
2.2302891452854348,0.0920631719072359,9.329044456629552,0.0050719980707825,8.106686975248053,4.235691862551567,0.2496752205812138,90.96138660274792,17440568793.958675,0.0
3.406011721459315,0.0885570864149588,7.791331899411113,0.0288935012117247,1.5857717418667132,12.480525171167107,0.4240963387568488,89.21607730491253,19898133667.03459,0.0009565665113097
1.210689600467028,0.0321334600041331,1.4021472397096275,0.0211340891981284,0.225027270298382,6.422950243517022,0.5361868730077729,111.85499595452774,15805036449.618277,0.0005439507703196
4.169059800961485,0.0966333123899167,9.359519673641708,0.0040334457821952,4.5181816304192655,8.82404955472933,0.0974624338969296,106.31529307664388,17327531611.88328,0.0
0.2487286520202324,0.0745761048594686,4.914364530251774,0.0229383823905488,1.2881165840940536,6.325039999191313,0.263696817431276,118.34316029043433,11326752103.754633,0.000599709948626
0.2745404890642693,0.0409754384230942,3.725601020216095,0.0085161624423241,1.1709470426960418,2.1606734551626943,0.1141760336386809,95.06084696506062,14422514662.767645,0.0
1.3066396077552194,0.0826600042941032,1.4410282579403362,0.0424685649514468,1.3614308880459591,1.208258907960346,0.6394663556349275,96.38552130105194,12987454641.20071,0.0009531926293322
0.5663429414322659,0.0337053359024402,1.0249840277228452,0.0327895859482753,6.244742796565926,3.774241367937947,0.3109187749628653,77.65038217620273,13468212673.858404,0.0011771252334051
0.5172911384612853,0.0401651577911077,7.124980309144702,0.0157937901443517,0.5092810177026771,1.855005566866782,0.7431392776790186,107.25938273194896,10919893329.40643,0.0
2.0420518586656056,0.0679066791219145,8.905714641609325,0.0089756361331768,2.7170239934389797,3.618710569561394,0.6455066789390508,112.01568793835052,13148416602.35801,0.0
0.4528923165780156,0.0869942254384934,2.4361892365249656,0.008761236934496,0.3046155473900139,6.8772859342372135,0.5952564572918718,117.66333521907336,11778647105.047665,0.0
0.3952173847383314,0.0542657283405721,5.4636837703481165,0.0102482086924079,1.3940868711317915,2.879419894160568,0.5028396946527677,102.85333928162488,12704649600.727472,0.0
1.8004392169955248,0.0925622286700689,6.404087682630231,0.0104615946904514,1.0010336999876994,4.807970076848093,0.3504068309646583,127.63305248665736,10724543998.62346,0.0
4.731521361501289,0.0775868533137772,5.012266334019174,0.0057074487724976,9.95603213170281,6.667591289899262,0.0648489328333817,120.0048394008098,10882881770.63803,0.0
1.868475026365172,0.0813099762426694,2.6910523450839614,0.0075201402658142,0.9618392287030474,3.7873727953297855,0.0916626827827952,91.1646502189656,13997518744.124857,0.0
0.2621914538905019,0.0529268745506688,4.4118789497544,0.0284931874808334,2.559837992810458,5.055140995947134,0.6548564353187206,129.42738710473952,9326605996.632502,0.0005683940971572
3.98037913177776,0.0366012805665892,7.3418188914255635,0.0022823746590499,9.03849245134962,16.802125145856213,0.0584964831670675,63.0865484014612,19767382258.407608,0.0
2.181910704283472,0.0695727297668434,9.382176127460845,0.0112452316046284,7.075025643097309,6.030975089541531,0.0576973056469597,98.53930372245354,13162460891.421331,0.0
0.5314741524005826,0.0197493515859548,7.762576182095733,0.0057293519847372,6.564611055582802,3.687447899389378,0.8170694477877957,120.28083067945812,12579743431.624325,0.0
0.2363485188098969,0.076198529909131,5.441522235190601,0.0199152635651743,1.5282318383995304,7.857598618564022,0.224925148923563,119.24381865378878,10641651741.365875,0.0012354271470671
4.534680437131886,0.0678137665454567,8.16199660296698,0.002736756682421,9.327851313369502,3.6099433231112696,0.3042610410543935,98.4591559450159,14156399360.811396,0.0
0.2795134923795714,0.0487525322281331,4.49564296761687,0.0271849648345784,2.732989829682217,4.845519666540254,0.6418742289169964,127.22846808499352,9602645754.644754,0.0005984291294277
2.8318896593886063,0.0935527379957355,1.99738114506468,0.0054106553872965,0.5654964430377903,9.752139435944365,0.3847754382853462,114.96050115670803,9239896019.775246,0.0
1.4418552909823776,0.0208577652978717,7.398836653858804,0.0413191430836847,5.648552211544561,3.322038443649549,0.2946763982256521,126.61497981114444,9243845160.134775,0.0005982392157612
4.747718893786667,0.0760706313414771,4.030439610708874,0.0075520322805462,6.576122332214966,2.092745353440535,0.0804551483639102,114.403882233373,14427564606.042244,0.0
3.0353072966210206,0.095930622940213,1.6647255284687603,0.0845612561688422,8.434602012923767,16.893828123555185,0.1922675389594256,113.99259342027791,16449154269.862411,0.0014832070642759
3.095446354030471,0.0866104106456439,6.822751188591992,0.0269848629956063,5.208597882631688,6.246311330874708,0.510619922486846,106.46549201233486,13058064365.40031,0.0008861762973811
1.8567125525395043,0.0566415444973005,7.153103790921993,0.0038603523608589,1.4532595854631247,4.976976172674995,0.2539091730831467,123.978629028807,10853359217.73058,0.0
2.353108794930779,0.0546357768917793,9.16409300950616,0.0182932565365931,5.132375841853507,5.526308439843482,0.7958511452817123,124.41505159341664,11712193284.19928,0.0
3.1899635503558272,0.083831057708328,7.719994008571716,0.0100371136075295,8.036286261724909,9.857468142311308,0.023843576561966,113.33768689712724,12738316062.963846,0.0
1.6502558550437485,0.096531272106156,5.556127163598648,0.0141084900414756,1.2338810935741005,4.840897401947725,0.3925374441679773,104.29481853866774,12275802473.278864,0.0
3.652086989718725,0.0642003483570118,3.50730838448286,0.0013645125406591,8.123791709518258,9.308515466505222,0.1782592241551635,105.20739328321588,12871074317.392092,0.0
3.406360409886305,0.0568679192976642,8.864492866049567,0.0267666750362248,5.384522365665891,4.3756574649127575,0.3509892988199611,116.49307476912963,11499753532.39926,0.0007537142831796
4.346820630509614,0.0813754618833085,3.1277473436077243,0.0173878050499299,4.282117380812029,9.362273898892406,0.2930524228810326,120.35632165103226,14721867876.870407,0.0
2.181910704283472,0.0695727297668434,9.382176127460845,0.0112452316046284,7.075025643097309,6.030975089541531,0.0576973056469597,98.53930372245354,13162460891.421331,0.0
4.972347830817699,0.0624347532599179,5.29175673429348,0.021791302038024,7.863687474735404,13.304685171169588,0.0564497877476497,89.82873977288278,19346444353.75752,0.0014539437059843
4.72493232939385,0.0929462948803586,6.792624732032698,0.0221671992449477,2.190052946547244,8.730882365538427,0.0541884365207917,107.13252622417028,13855350909.432049,0.0009099403621612
4.367938621772987,0.0650385382059351,2.3908213747248617,0.0194001916753712,1.193038484946605,6.666109179999041,0.0410014128915083,87.06771013001116,16137502078.82769,0.0008708394681234
2.7271429238965657,0.0669536420124114,3.7124359076582327,0.0274016886625655,1.1292562491955231,6.925598517899129,0.5294933616464094,118.57322633518136,11097373911.24552,0.0008194317655166
4.396238357746102,0.0421328424123271,8.215518920885497,0.0033721412129646,9.39780955120892,8.362327635193399,0.0636725084789462,101.26886516225284,14889808631.60784,0.0
0.5587056674316851,0.0858549522721025,1.190422947836249,0.0036854537749547,0.6872710240633035,6.683131118669468,0.2762234189476258,128.62052084118594,10138031475.381647,0.0
4.63408195671269,0.0891325530820958,1.2450672076319629,0.0198612233740144,2.8202700366081066,7.385833210332132,0.1942660762361114,116.46160824073044,11663850373.16241,0.0008408869214354
3.574316918503227,0.0225910979652086,3.3249614589805154,0.0073404523907193,4.137039312459966,1.9317352663007448,0.6448313725648628,105.69135364500148,9316677042.07838,0.0
2.3019865174584138,0.0387982446984137,6.304469542244726,0.0079068168024877,2.536525054690932,5.148144687463454,0.6310653575397996,92.32446806990596,10035417330.72258,0.0
1.442026486052677,0.0326639831529206,4.162238964858717,0.0415943322822501,1.4180456206717535,3.403676787225942,0.762688032197192,79.0605023877697,9614595088.993608,0.0014172472499709
2.749961457623818,0.085981280391912,1.2588189349334316,0.0229051529496069,1.7145104819023644,1.819766302011439,0.412040850413966,108.42683371769972,10877983315.483427,0.0009507911078446
0.3072394248535537,0.0538274816837602,5.465744062956873,0.0105569289396399,1.0685134108766927,2.813959233396552,0.4865255109211113,102.12954547705628,12718222267.779572,0.0
4.534680437131886,0.0678137665454567,8.16199660296698,0.002736756682421,9.327851313369502,3.6099433231112696,0.3042610410543935,98.4591559450159,14156399360.811396,0.0
0.3143080698820065,0.041125143515605,7.51167274636601,0.0231480054206171,4.827027857422686,1.4723304804268318,0.8187661747442784,83.61767520633055,14542916893.356432,0.0008065818586033
2.879797034626095,0.0499358622506934,4.902688498848276,0.0062267696522578,3.610446414430855,4.282629099410717,0.046243351008437,129.7234977716683,14090006906.5077,0.0
3.0050243176101747,0.068107922615256,8.684975707416593,0.0130972682559645,9.810485339097209,2.618189533670266,0.5947373590974334,103.92153739023183,10845799053.09637,0.0
2.1844363864065985,0.09970380337727,5.263601806958526,0.0228973544653337,0.5073392597630415,5.7492269613202325,0.4179154728413476,115.93956203324562,15331936860.769377,0.0006823805703455
1.3618045048266754,0.0632267205433237,2.943732976828624,0.0160755340245225,2.146686466331306,5.283002719421721,0.8018111343395848,116.48787747262696,10401848242.942726,0.0
2.5032611934659403,0.0275024869137141,7.749594006742681,0.0092212917103395,6.250751854280098,2.4490187761145137,0.8421942385745057,106.15933278679118,12621544166.685518,0.0
2.749961457623818,0.085981280391912,1.2588189349334316,0.0229051529496069,1.7145104819023644,1.819766302011439,0.412040850413966,108.42683371769972,10877983315.483427,0.0009507911078446
2.299829623137357,0.0404302017520817,3.158921312426833,0.0067474152107014,5.802200386317519,15.593020360390364,0.1725905417669578,85.21842483439781,11088589364.270172,0.0
1.9475846131327093,0.0272480680527813,8.470901349675945,0.0432181473834733,0.3119807680937178,3.550236253471648,0.7651274977323594,112.08905781240884,10366637515.720495,0.0009691984081087
3.560478169840079,0.0702813124989948,7.518680478259706,0.0122438074905614,6.261026975751383,11.791481679487838,0.0667165475751974,111.0742872822168,19473521277.233917,0.0
0.8253197603999659,0.0400053534270638,7.155219926237773,0.0127134127131631,3.067664694683549,4.925240990778714,0.7294204817386388,83.75954424630302,10291431721.882168,0.0
2.1180959990205057,0.0519181443275724,6.851426250807972,0.0093852520942343,2.6250335931496207,1.9761200977426785,0.3842366555389028,94.72443184929716,9645029725.27266,0.0
4.746296299483558,0.0915727059720662,3.5025896507667027,0.0042241985327505,5.6886802031208985,8.637861991346542,0.2938476450543034,119.66869373408632,11475194914.480864,0.0
2.7340373553232022,0.0942379667560447,1.1463919767968798,0.0407756649452579,1.526309492957053,2.196145936145129,0.4540905595166249,128.82922584900302,19811213307.46365,0.0009532263617
4.715705080009855,0.0370652957281513,2.312117732912379,0.0732482735817221,5.172990696504786,3.568045201406966,0.8303798405440751,80.86305769591365,14149514116.770622,0.0008313922392965
4.243658675806269,0.0808283165030522,6.456853988212478,0.0048285860347549,8.539067243243814,8.734509831806742,0.2939945916283248,104.5145582109312,16168617054.182505,0.0
0.6397053977219771,0.0279591301444412,8.10518354215213,0.0078285953038219,3.219752428848787,2.145960036360826,0.7318530982163037,105.684810888291,11429247122.396463,0.0
2.529499468081923,0.0791117103487514,3.66413674051437,0.0805476254154755,5.795549842771949,1.8562679906084247,0.5683405126206759,77.57387148657409,16376688442.02032,0.0005753879508071
2.617657352320739,0.0876545629338858,6.949637984489851,0.0158860060733301,0.3077539581400542,13.198898516774223,0.5727843801921185,122.88145818027677,10193584708.422668,0.0
3.238462884963245,0.0376416595405259,5.410052915913725,0.0050313123019472,5.786691294148142,6.643987540129949,0.2601601279536737,97.4924925335413,13305335530.856222,0.0
0.312156360235631,0.0112053643939492,4.179093239111358,0.0392299340031022,3.63942212703653,1.1141895885677613,0.492281330902018,99.39981071127606,10376767216.893732,0.0007694452293615
4.152667444396213,0.0330634473139,5.409153666291488,0.0156473585412268,0.8078554184850193,13.176466741144482,0.2226086419560343,105.39126542129377,14445782470.687777,0.0
2.944211976095374,0.0818848952125708,7.967012703429657,0.0151171989323724,3.736554543144974,4.255631883338599,0.6324137905174111,121.82131167478104,17958908221.604576,0.0
3.0547758387259942,0.0990988552226559,8.26452532078004,0.0273002099749588,0.9322255081062032,6.639471904086489,0.3389428268715805,75.95298993716611,10027685542.057123,0.000635443027034
4.91111381529118,0.0757996242581011,3.8314870875237226,0.0217990458366951,5.143927598162786,13.57377174546082,0.0999138134466026,118.80680321525452,19803904150.73571,0.0005474426617479
2.794205373874627,0.0173916798067647,4.0245486332549065,0.0107415995430633,7.9838168826572256,1.5496003554945474,0.1651999542590025,120.88059782121456,13133650068.272884,0.0
4.160353100440154,0.0407534509743388,2.772550694570913,0.0206228349458265,1.6354721534644845,9.218298551070466,0.6485436922230676,123.571440502997,13733541969.117004,0.0008869097903
3.929960395529679,0.0205258971963156,3.23676059424226,0.0062070084407838,4.114801805843038,2.510920845289257,0.4943893221448379,99.24446083612162,9593960399.827282,0.0
2.819883038953161,0.0826506241564387,2.998915426050988,0.0013872188704855,8.084030972673522,11.29545614600025,0.3875173388961934,121.34803736447486,9830899937.927792,0.0
1.9828644254309804,0.0562205976022746,7.437142431576882,0.0090199929729138,8.601219617828503,15.866421055978307,0.0585181625020861,103.25470006306088,16456620543.345734,0.0
1.2210089599143754,0.0637093601446726,4.1796613078643405,0.0142836166338007,3.4370436871733823,8.076477370117242,0.5524401376130295,128.5673483696245,10861462424.622623,0.0
1.390776079063868,0.0296928133280359,5.005913421336395,0.0867871794005556,7.1271946572885785,8.738014655394014,0.5308463803214861,93.01137059749072,9586348825.362371,0.0011594463413987
0.5643643462229669,0.069152465111451,0.7813733038423772,0.0327828387386808,6.246706334398638,3.77078558674923,0.3109281988432334,80.68431849266277,13273572923.264292,0.0011773392867635
3.0933673838590323,0.0513100881431617,3.671465999902636,0.0393303137036371,8.491443061278309,1.2371842360027097,0.0823381731619626,105.8128790566238,11588823502.786549,0.0009427633678509
4.346820630509614,0.0813754618833085,3.1277473436077243,0.0173878050499299,4.282117380812029,9.362273898892406,0.2930524228810326,120.35632165103226,14721867876.870407,0.0
4.774571559209602,0.078862907589881,5.237203153321869,0.0044833215404397,9.987073917828097,6.702651056016828,0.0564221974765558,118.45750888204732,10946819606.675198,0.0
2.9316039987945044,0.0514772244980422,4.602030205688385,0.0109463044780774,1.2499638438454417,6.654119816423042,0.7583673010774162,121.80450232727452,10816305313.614853,0.0
0.4458613462222889,0.0526167361362218,4.072766270824602,0.0508177831241447,5.876046663827857,1.7594862585987658,0.6116337645109451,115.78845440229694,9439095860.99168,0.00066817481372
3.862563313624036,0.0886157856505846,2.626500577636208,0.0062203930727401,4.684422626560417,9.517315434435073,0.0208981888585439,127.2060327439763,15091478779.769148,0.0
0.3713140569398178,0.0098876321210211,2.73974378481533,0.0261781851335415,6.736731201581583,4.068619064505974,0.77122151503495,83.48491829295604,19865885592.97831,0.0013995055340706
3.6827126999089694,0.0276019151866189,6.417458000840523,0.0215884226955736,5.679315703982839,2.099170274131494,0.500433355202886,68.89859468198307,11015065221.651834,0.0011722950175021
3.636068299009097,0.0409132817383846,1.4565835938354783,0.0142829778095339,1.5037105878428982,7.567310001619794,0.8369935762364181,124.91092054049888,11268057682.374523,0.0
0.1337771458134712,0.0681369010904541,5.504435237920611,0.0171885309437434,7.713377389100083,2.886502098344636,0.4476043795134259,119.9158690847952,15989172945.763918,0.0
0.2875709906774288,0.020561167205524,6.384687589530011,0.0228672011545334,1.3110563907529431,6.333034140605911,0.2538841825568207,118.3725806304278,11029528263.8288,0.0005996457552492
4.524252230642617,0.0296753076241489,5.700488468128917,0.0168895396382268,2.9423543887719394,6.688230186513151,0.2296098196545988,119.03582483441735,13142494209.26047,0.0
2.062924030504116,0.0419685640041022,8.404951651391315,0.0051402619411508,2.57192914714577,3.0346692202407195,0.5652713438634104,123.9885904493106,13803939375.297785,0.0
3.1239789760841914,0.0594370971051004,8.283483820240093,0.0076705514250814,3.4461938319384537,4.678870404719944,0.4470503518029936,129.5831816360941,11023729667.284584,0.0
0.6489104763883755,0.0970132284571231,2.0277560622776587,0.0228952338835888,5.442588888844623,4.051235353149084,0.1756527582299365,99.08161468436418,10566498308.37995,0.0006166190667822
1.865362850740264,0.0921625676892446,5.939345843181872,0.0046938712171492,0.8740208138613726,4.890381462003014,0.3473543844895759,126.98204141147686,10842955122.958778,0.0
4.095462550984163,0.0207989872673379,3.4642405115968047,0.0044507506328448,4.016859813390056,2.497717649016385,0.4943949317692906,100.98957452535076,9396602129.645555,0.0
2.615444321759538,0.0789877455066981,2.416643286550306,0.0259785093608633,3.923458330986184,5.696571448022959,0.3803446933080262,86.39126612238486,9340206481.08953,0.0006992633830457
2.7277619689594044,0.0274477346605686,3.0057571069926867,0.0355791895824359,3.5134187183895365,2.466835135947062,0.5918742816372418,120.10422154552973,9127757586.685478,0.0005729200566147
3.2090316410102497,0.0823870777189107,6.949145090750397,0.0018703629263763,3.346179244861375,12.122662687420483,0.0393293760155608,106.72959396452757,18845650792.68728,0.0
1.8683022458001453,0.0813196385850685,2.690365163766445,0.007514626800287,0.9636282153529664,3.7870948599558254,0.0917639035284349,91.15934126184638,13999021971.21071,0.0
3.245001773524506,0.0636315727374648,5.693789797882835,0.008314835970132,9.377746071325408,2.886736183088679,0.427368535329457,88.57111668781491,18663510236.69017,0.0
4.067378313351509,0.0970564530101635,1.3529159344235535,0.0073304630488181,3.822986821181343,5.3903631972640165,0.3152835243163565,124.66497307465816,10226158984.767565,0.0
2.337999774837996,0.0349625640807107,6.6786635557970655,0.0043752620480957,4.472927270222142,4.542455344556158,0.3279218807218709,99.99743426930048,10329047908.64481,0.0
3.0211018353209567,0.08829574561561,1.182875491651489,0.0053112444053051,1.6975727081815597,6.184100804513057,0.4813219732056131,127.9554263724286,12515275207.500765,0.0
1.284137899603959,0.0417862286383101,2.1697741923238114,0.0464058243463958,9.005182993843176,2.9277203203295343,0.0632218890228697,85.33570018909033,10439637414.123426,0.0013749664541134
3.273175391340482,0.0334484707303264,1.459767570536198,0.0263813188244563,1.2734335390928746,4.452538561590668,0.6016253540011237,109.24668965350726,10228028587.579073,0.0005799143427089
2.843219947724256,0.016668943459556,4.737532437980929,0.0049493828720361,6.795267978703396,2.65176411379295,0.5593771256558262,116.6655115683756,14579084627.700214,0.0
3.99229155636312,0.0854343650640613,3.1110132752531343,0.0400278283965958,2.2789385806467544,1.9470706410217595,0.5260526505214174,123.6440063147822,12890488824.892193,0.0007490981866981
4.826523370909548,0.0672903297438978,3.217867387814588,0.0715294470685614,4.043673931339714,1.2515234227636398,0.4054177878075334,81.82906599935356,16953024981.130234,0.0005701822176819
1.08325639006044,0.0686203173460919,6.567967464507864,0.0243100410797169,0.8710491952460181,6.400559264419145,0.4620979740853173,129.4670249714362,14794199607.706676,0.0007294379703045
0.4188956712784358,0.0660237535974039,1.4984251538095914,0.0431106283911628,1.335937588543825,4.108931713325942,0.3081474120333561,129.1016086079413,10339574047.221775,0.0008780074838598
1.906751677156768,0.0919415432994416,6.730592871897348,0.0058234012476438,4.054959443111431,3.5311967574025958,0.3859805904739737,123.26068353253376,9363203423.467417,0.0
2.8928802559843807,0.0302957527060863,6.348409377985389,0.0371588751395377,1.7150013735251446,4.417266783722329,0.692160133483595,97.05138738655704,9935773654.367245,0.0008232607203555
3.9823128281213993,0.0303650395617598,9.329723105298289,0.0158978526380731,2.079618185412368,3.172180637280772,0.1684894142935473,99.55314473474732,12942221520.68377,0.0
3.164681973913095,0.0514783196578769,1.782467757128697,0.0204138946730818,2.243056866546015,2.4585952729725675,0.1226232575381996,128.46800083111856,10322379764.988865,0.0005953922811394
1.2785087367585386,0.0183756245080556,3.827065655841065,0.0053521987229285,6.032611759065446,5.423826422279857,0.1843832110653711,110.96610596802758,10786339537.693497,0.0
0.8293477933582011,0.079008835423013,1.3521219786187424,0.0169039986196543,0.8614222843754845,3.7072483110932666,0.2085587619339569,121.82548250989706,10103744264.637672,0.0
3.1014956813656016,0.0196794500273095,8.907525119400459,0.0409138397360699,2.558435651773152,13.85811298305106,0.7621528340277183,63.478557331542014,11066359460.363586,0.0014124914600816
3.55574993357676,0.0993752505758468,4.007441252051766,0.0086207825504042,8.666399984317412,2.188877291177713,0.4155715666098982,127.800724044479,15592879458.028782,0.0
1.9133966030237053,0.0556563117851881,7.591968456305059,0.0084943500800177,8.59110548368047,15.484027430976267,0.0614146525706584,101.98315282849256,16446279486.475494,0.0
2.512398758098384,0.0919003751231511,0.6308433795451835,0.0258963230096652,7.463757600264655,4.308297304531728,0.310651023457839,106.33194960560202,13741892668.68334,0.0006519489598061
4.961873583924702,0.0600443812148811,6.477474162341228,0.0049243644974917,7.610713390318998,6.714016494653999,0.1547911499583859,86.39678131958436,16302115848.04314,0.0
4.535247981207112,0.0678805774392991,8.17301808773906,0.0026757395540576,9.325736650174104,3.608698894426271,0.3040402183631256,98.7899884526857,14145868559.963911,0.0
0.2652714424115627,0.0532959754453557,4.384839825522706,0.0291698945682302,2.542254238317761,4.883600663726492,0.6446216427387792,129.23998412588736,9337722129.191631,0.0005765001490441
3.028131683665181,0.0785056150190747,6.573381061343019,0.019731866140708,4.624299215294025,9.177539333401356,0.325673565634385,93.99612413842893,14839142850.757269,0.0009412861744356
4.735906371570887,0.0775133269303817,5.014158956969258,0.005424659062133,9.945365433763271,6.687291961332321,0.0649957402997808,120.05254866977228,10878756821.989088,0.0
4.676319424377608,0.0705890672626716,6.448840651610514,0.0507974128563022,9.106600116835462,15.491127063886902,0.076754500696481,93.15158144097404,19919687853.04084,0.0014420879658479
2.7277619689594044,0.0274477346605686,3.0057571069926867,0.0355791895824359,3.5134187183895365,2.466835135947062,0.5918742816372418,120.10422154552973,9127757586.685478,0.0005729200566147
4.425298632932959,0.0485565249055919,3.11153876674568,0.0067554724979835,0.7120893198203337,6.202157335160895,0.2301712938748821,126.6367344173066,18095431824.7143,0.0
4.246083987397675,0.0751625408223392,4.378895194055416,0.0328761403498102,1.4600341947222784,3.3969664025803867,0.5423236495346855,111.0481782132072,10634631561.223553,0.0009996014269039
0.940791969641602,0.0603921675019066,7.248028841213506,0.028851930413018,3.9851248645018513,4.311183489950042,0.3721387947433552,129.61167497705432,11403841800.723648,0.0005062679967503
0.8271333311918174,0.073338890639024,8.583055463300083,0.0463739888770551,0.4650450068413135,3.674417860658937,0.4604134566289936,103.5239009796784,11787916619.75164,0.0013675784256228
3.4420548775599284,0.0698104657453505,2.709291938496312,0.0039703197486052,0.1124580527378444,6.894888615621353,0.6000604263730223,127.66431374689756,11094881649.299068,0.0
3.727758026964692,0.0551825426090096,3.527858293560387,0.0425112580569512,5.6745531033171215,6.321632793865518,0.2867328559978375,110.79714298360496,11207253335.470049,0.0009713791539163
4.091663534867299,0.0558742948163847,5.093986608927559,0.0186873661016789,9.678270193606387,10.934297397814817,0.4394473463560056,90.45574579525426,17342395825.970394,0.0
4.490603814151386,0.0291841829892152,6.959871422157023,0.0022421559490776,8.350491119464689,3.5098268283156107,0.335083385991025,91.94004008065376,9080855266.891972,0.0
3.028131683665181,0.0785056150190747,6.573381061343019,0.019731866140708,4.624299215294025,9.177539333401356,0.325673565634385,93.99612413842893,14839142850.757269,0.0009412861744356
2.3554633281231765,0.0546653943111332,9.1743730118045,0.0183049976579409,5.131613706233973,5.519434842786731,0.7966729788151973,124.37758766035968,11716140576.071363,0.0
2.373186355359337,0.066416430114961,7.518559086463545,0.0063631107337905,7.591257358317248,5.938434796826584,0.5352123668678015,115.55734865030084,17934252229.04082,0.0
1.6502558550437485,0.096531272106156,5.556127163598648,0.0141084900414756,1.2338810935741005,4.840897401947725,0.3925374441679773,104.29481853866774,12275802473.278864,0.0
4.775884490069378,0.0774353995497407,3.5103318438444053,0.0414471147302621,0.6700842991268515,16.371281555021735,0.5253313739204579,114.5811726334186,14238363622.837086,0.0012440900174258
3.185765339325508,0.0852055913519458,7.173182868176636,0.010990554237876,2.6744444652138064,7.828574281329256,0.1964176885296944,125.93991949208996,13243303083.68341,0.0
2.70600536046313,0.0680196104236644,3.837887386172032,0.0267967377396567,1.05949987371453,7.292626832824085,0.5187826420182077,117.70087432642312,10976653029.125605,0.0007740142421853
3.352897752810118,0.0920576505678603,6.408859032394212,0.0041576819924101,4.49807073705596,7.957060566029654,0.1449740250993985,110.32582889212408,19132479528.02161,0.0
3.797552432428388,0.0286301879712407,2.1561069941754227,0.0075239596202599,4.839326640571299,4.998707036966624,0.1622144704295592,121.69033258808878,11422187314.811705,0.0
2.24190152533154,0.0605427229510999,9.4317623394941,0.0039327929846056,6.4682331208280335,8.288297525727094,0.0861294551357472,97.5753822102775,19031584694.04192,0.0
1.0402978403170169,0.0282472065896073,5.136635549385839,0.0365158063574747,1.499858337237202,1.532706366631791,0.7361873320412283,64.8411185248676,13959774949.345718,0.0009178662994756
3.674904044554235,0.0780897507716577,1.4078512062783122,0.0084870893719419,1.7844446750879086,4.422984523975647,0.2891168069812235,121.90715382002396,10486157054.294052,0.0
1.7502577654433686,0.0684757078613531,0.6898093824611585,0.0137354545165674,1.1751754414576785,6.901244326989403,0.6207932225278776,115.21559983653816,9071408674.868176,0.0
0.3900139713043817,0.0446023793857666,4.465968009832478,0.0026348343776917,7.952040492178092,6.733154657318565,0.3415571367655216,99.94675106739112,12435764362.526354,0.0
0.8909710241174741,0.031323396068142,7.6433187097125295,0.0205558779700235,6.024850387611676,3.607944350215022,0.2897753463596651,103.94860468318518,10600159427.731035,0.0009925379463035
0.4165524695404378,0.0596100499762024,8.668536265815497,0.0407289171408491,3.475552376173771,1.084975777752758,0.4846557784536716,98.40734433764192,10548699581.049473,0.0007861325052568
1.420215246915976,0.061884183110288,5.5951004167738,0.0531717994795069,5.9195112495040725,8.14931785282737,0.5738150958387007,123.9132189563413,14190747686.942244,0.0005468591195501
3.128967212464857,0.0482376133157372,1.661691740423496,0.0196328375999877,2.397537509939655,2.945351325140327,0.1054348983564413,127.76870642358034,10377324273.45102,0.0006073562620526
3.9194540845362993,0.0230491928292817,9.80455297943182,0.0156151976256469,2.0424913978039574,3.507799616738797,0.3013839015249007,107.73349827867628,15545523353.534254,0.0
1.42244305458952,0.0589124785574593,0.3858168997130518,0.0054822845680592,3.5555802069822366,2.8646836087688903,0.4118408693525221,105.13130664411206,13097811173.312952,0.0010166816966972
1.0277987050468629,0.0534908327080563,4.004002809771681,0.0218911590593894,1.3148606686710278,3.774285512870944,0.690194211068296,126.8164658005169,11824290124.432993,0.0005837931591004
0.3738246316907435,0.0977768460520321,5.01046822914036,0.0242517356278675,0.6834456934720542,8.225177344124074,0.0180034357688587,128.71448579178764,11393526009.744955,0.0006631313607014
0.2795134923795714,0.0487525322281331,4.49564296761687,0.0271849648345784,2.732989829682217,4.845519666540254,0.6418742289169964,127.22846808499352,9602645754.644754,0.0005984291294277
3.6182985525533047,0.090540359845851,9.34440830741171,0.0926911310492077,6.302976134640034,1.7190437874812403,0.6751629535224857,87.08721084401807,13426533252.807043,0.0013675376176611
3.929960395529679,0.0205258971963156,3.23676059424226,0.0062070084407838,4.114801805843038,2.510920845289257,0.4943893221448379,99.24446083612162,9593960399.827282,0.0
3.667811178929017,0.0734457190439245,6.876876154266854,0.0113679586482662,3.2262257910218657,6.721460028640843,0.2692739361556388,127.97160086009356,12787609493.170042,0.0
2.250735846506782,0.0940893232473402,3.009716847276541,0.0414332127603902,5.306348370540827,3.954359539982218,0.0289165833152704,81.6191574641082,18022094215.54048,0.0013060975406226
4.181062741390634,0.0773343327062853,4.549359758149151,0.0175637887627667,7.08261771883313,2.35153390238202,0.0545778108327461,77.68953570612146,15485503096.37304,0.0
2.573023406619312,0.0974204132987061,8.767064143443642,0.0399428389820678,9.353169551893917,6.411503270603163,0.1485203995749147,128.02186918334817,19034765715.81242,0.0008090680365919
0.4328256874425644,0.08315882335776,1.254981035107149,0.0081494287282087,2.385201160099303,6.94576832848036,0.4287025738927377,118.084520322758,9868085268.178556,0.0
4.158472284358309,0.0946621686773516,4.27268466417367,0.0279034097414385,2.911671002018428,7.571954884788687,0.2092195767065393,111.3360884384894,11778681791.327612,0.000594710969169
0.2653194303595202,0.0533042066697018,4.3839149003096,0.0291689661800342,2.541734036081544,4.887934208026621,0.6447090723042591,129.21903909700234,9337583618.53584,0.0005765021183637
0.2641565985202813,0.0528988237333759,4.409772449537113,0.0286725542015647,2.5589534056745182,5.09491361778348,0.6548310632425265,129.47473023117288,9294208790.575752,0.0005681746903981
0.6529840494394267,0.0284159267164191,8.09361376897493,0.0081791222833902,3.228194626002133,2.1152452955350767,0.7303857936598337,105.69111463984042,11418466658.65076,0.0
4.730927003741569,0.0290570523343222,2.257933290947796,0.0689255347082085,0.6159261710742342,10.397267762305397,0.4809621034506763,105.16719968945422,10829866072.40996,0.0009062978110371
1.9188758949473723,0.0555382261971531,7.588164098129988,0.0084045327943379,8.596585021198095,15.487889473247138,0.0612747470044141,101.52271013599238,16448849649.171867,0.0
2.7277619689594044,0.0274477346605686,3.0057571069926867,0.0355791895824359,3.5134187183895365,2.466835135947062,0.5918742816372418,120.10422154552973,9127757586.685478,0.0005729200566147
3.0738135878436035,0.0937773570603543,3.4679063163467223,0.0051876007243098,3.644613656344192,17.655140790994352,0.1742522969065493,113.37158800640545,16322965734.061457,0.0
3.234464196127504,0.0343789995580605,1.5432839118758137,0.0308823369483157,1.342731471132191,4.922681630698754,0.6018265917544211,109.2231352656709,10149427773.095068,0.0005839562586865
3.0050243176101747,0.068107922615256,8.684975707416593,0.0130972682559645,9.810485339097209,2.618189533670266,0.5947373590974334,103.92153739023183,10845799053.09637,0.0
1.7787252799305246,0.0905593188600997,6.160506019570191,0.008092206337474,0.876874472659678,4.672042954746033,0.341295440073518,126.76950809597449,10751716128.196451,0.0
2.323255076511406,0.0725047569516405,8.999504908780686,0.0098322545864355,4.092630076591166,5.3508761701571625,0.5305751612954064,122.12419899412724,19782986654.139183,0.0
1.0997972714227984,0.0730091405389962,7.455762187913542,0.0635023405017524,3.8082031058412458,1.4593666815884978,0.7449942820655018,79.151713736332,9460350459.996296,0.0013308273110963
0.6454112022995284,0.0723709358638303,1.3297545955817731,0.0178275629656199,4.116151351486005,2.30776407796143,0.7195882546392951,105.7155263723986,9262274017.025871,0.0
2.940980864756308,0.0957726016929253,9.290249062408694,0.004935311241715,7.85877369055278,7.274794511824498,0.0365827329631712,97.57090574803516,14745802434.732376,0.0
0.9501610049884608,0.0430814524281898,5.826357654033006,0.0273777308677278,1.168601202874406,2.9703080935518544,0.7913182808000907,80.61249386481025,11919897437.164,0.000614477044808
1.118825061841173,0.0880620903796445,2.2852999795986544,0.0044751753743465,0.3524817586955713,1.5421815371191987,0.4047821082401094,113.88126395989228,9391602015.481688,0.0
3.429249417963734,0.0893588032288635,6.409044699462058,0.0104495926539417,4.523372945954091,9.287671653287306,0.1430210812500444,108.52808184062629,18614113317.9892,0.0
3.1646881566158096,0.0298566178128244,8.168374421754262,0.0085249749432814,7.6092724790561395,8.289304886029166,0.6027080650851189,74.1898953639506,14276572035.85656,0.0
4.538263208857779,0.0451152881628885,4.592425791919527,0.0044823945567657,6.7225832452426495,9.753134812881797,0.2037897717937823,119.45042466530964,14779930228.901232,0.0
0.4955586178357251,0.0731377167045729,5.523617961446806,0.0076398650549984,2.465994968482404,5.839607617418423,0.3715086731285652,127.31512371066198,16550654165.879374,0.0
0.1810422822050201,0.0525354513794604,2.645086156731228,0.089810826011711,9.702329107653286,12.769482893239294,0.1032867557151725,87.46171486931622,17080796274.51528,0.0008660416961427
0.5459511495377881,0.0876075755800165,1.4210932852568947,0.004511567167306,0.874256503038687,6.327307503673993,0.2802809923254682,128.35297101404905,10237406407.32982,0.0
1.975021380010192,0.063714680638509,5.759974926744584,0.0380734596218746,9.061983864497568,9.919454846246248,0.847704888146884,111.16240279671744,14976485830.222511,0.0007703197420815
0.3164143977060901,0.0537887524272573,5.471662382059737,0.0104992587325701,1.0399336626078357,2.8498465969655693,0.4834236394501906,102.30089579772849,12745159257.579872,0.0
0.5914330782183107,0.0866356000579688,1.3737538073641722,0.0052162436287128,0.7715264996499926,5.976507440873863,0.290491000208453,127.18477999442732,10351344180.173073,0.0
1.6792449935016276,0.0695831003102681,2.4449701855872266,0.0307914173797993,6.161459625746629,3.7600069200818265,0.3146174168296742,78.64707805779784,13301462316.464493,0.0007218994119336
0.9610900533664144,0.0690008854772888,7.317243772317062,0.0064754104829519,2.0782919212181743,5.778526353922465,0.5990729907261932,118.88957462168638,9209598817.05396,0.0
1.9808974865986584,0.0561755701930224,7.448550075920213,0.0090950964955632,8.59182702858793,15.856503990771223,0.0595836838150309,103.24743928366458,16454980502.516148,0.0
4.117350874433012,0.0786371274510094,2.084793795129169,0.0019485788194103,2.670620238810829,2.14703456151582,0.2548545396961735,129.87845519457045,10334017178.18734,0.0
1.278125191179906,0.0183715316107014,3.828470057721659,0.0053419973718707,6.032442653933783,5.420821143569815,0.1844193920559586,110.95909164328926,10787914776.019247,0.0
3.053805818976329,0.0864303889604359,7.157861737976979,0.012086135678728,2.408083597469717,8.012853983817395,0.1770265276618784,124.13526632742374,13267443946.611408,0.0
4.642517356680104,0.08207307239192,6.304210736792894,0.0124868266025774,6.276659542659236,11.886374813439556,0.1787629367925716,123.04897901792478,16881707174.770624,0.0
2.319231395411812,0.0742113382731354,9.3040107025086,0.0163031496469063,5.757238932079216,4.026019547756875,0.5369052921195213,113.07181307013516,18942992570.62801,0.0
4.0541216533582105,0.0669605033791162,4.114832593647972,0.0050782932563171,6.812360792647499,12.488843956110072,0.0518748056488184,106.10506139262084,13914034442.600723,0.0
3.9657185839606672,0.0083733667898604,9.433413993555147,0.0882090871138085,6.892616051754809,11.967014508779686,0.731623683595455,70.95384078738935,11576352608.80252,0.0014076508559589
2.957131865685806,0.0818746852143031,7.972554407486811,0.0148004866552237,3.730981421540814,4.237539590607979,0.6323932754503,121.79491302370592,17957026862.414158,0.0
1.278125191179906,0.0183715316107014,3.828470057721659,0.0053419973718707,6.032442653933783,5.420821143569815,0.1844193920559586,110.95909164328926,10787914776.019247,0.0
2.1747381138295903,0.0893139990106786,9.995631254252842,0.0156989204319949,3.9272113393923394,11.742513815412426,0.4839292021330222,117.98710940053874,15322494052.95028,0.0
0.4149664919011971,0.0107107265918164,9.625084564345084,0.0491554350432442,1.9411813012318615,1.3814293882981188,0.4289605690615443,116.84135879838472,13972808061.826212,0.0
2.6086836383228933,0.0266384321522493,5.783101070815264,0.0356023085302538,5.403824514258367,1.7792529087679103,0.4417955577772656,122.25880618998492,10436384334.506405,0.0005900054641093
4.896755676434223,0.0522968570361467,6.51088790720935,0.002921945714364,7.505460546921067,19.49427031888689,0.3562191951696556,101.66653392753976,15563206596.773106,0.0
3.063108179800322,0.0889877194657339,9.234106598107129,0.0421370621588707,1.9664523661109323,6.259842513411956,0.8228411818980682,71.30348483266961,13679502772.555565,0.0011360366384454
4.123474729597831,0.0892252471954494,7.027397404488778,0.0071783871053889,4.610025584036441,7.180288176592248,0.2529941413222702,111.635766313977,12501360853.77677,0.0
3.687217841566652,0.089556311136837,2.346454830874492,0.0062997006154277,4.592002068917942,9.402171597169358,0.056594390255007,127.00556028011783,15321241711.99502,0.0
3.603620523642005,0.0518370270612372,9.976200235175364,0.0013163229620664,9.774933299302328,13.418000626638577,0.1175703547578039,99.46731150784652,16719870455.0792,0.0
2.7037290681512407,0.0558174249229016,1.3839731279014922,0.0379128637962382,3.804556593967292,3.098280508384237,0.5398663644637425,76.00283679838115,15468177411.117718,0.0006346736086579
0.2477066660818583,0.0747550664785545,4.942560923832751,0.0231808453817718,1.2832987790217492,6.371938738399048,0.2637254021535307,118.27476519367268,11377075450.209677,0.000592504926159
3.560478169840079,0.0702813124989948,7.518680478259706,0.0122438074905614,6.261026975751383,11.791481679487838,0.0667165475751974,111.0742872822168,19473521277.233917,0.0
4.81821410956038,0.0507944406548149,5.718126566860875,0.0049205215558968,9.942983033640257,1.0264362249987211,0.6024474757926727,71.55283265329533,18151835602.14305,0.0
3.360389566996,0.0623020591585769,6.030103554771529,0.0066003129686192,6.00708216111743,5.779379332360888,0.0345419278531335,124.95917312924892,12388554555.546556,0.0
3.890802739367975,0.064602012427448,5.466547269373641,0.0351278348389787,7.558297870306222,10.339940647551346,0.8201610254108456,80.23911302836409,10491483771.505154,0.0007580035140634
2.904808513330324,0.0558375664184748,7.30081547143078,0.0054162483742523,9.280878361773556,6.747365359381968,0.1064132430920328,82.40930293995189,13055404129.750978,0.0
2.95883698057652,0.0896927436481614,5.95411638407892,0.0307169789318505,1.6060808878758892,4.181113238833486,0.3229125867978697,70.55591229264725,9077779928.306458,0.0011987061776442
4.727301386881515,0.0960277309635755,1.8441944526129408,0.0020299156431123,7.345282772625072,16.428216437015777,0.1134966250724697,109.59355115628482,15317561256.346191,0.0
1.7787252799305246,0.0905593188600997,6.160506019570191,0.008092206337474,0.876874472659678,4.672042954746033,0.341295440073518,126.76950809597449,10751716128.196451,0.0
4.534680437131886,0.0678137665454567,8.16199660296698,0.002736756682421,9.327851313369502,3.6099433231112696,0.3042610410543935,98.4591559450159,14156399360.811396,0.0
3.432921756686374,0.0967342663629876,2.707651367171167,0.0082464909226857,3.859638385246336,5.554559849389736,0.3065282768868603,125.07581900617268,9373170458.327986,0.0
0.9550914576444692,0.0818716608828978,9.27574635171515,0.0203406672247227,1.3755564215823073,7.729444459160889,0.2287004097610951,119.595298313215,10605167689.988724,0.0012559762110316
2.028110772108993,0.067274206388818,7.8560485185256494,0.0064947521348848,9.072838471542182,4.733197101916917,0.7116403712116731,108.1761501538983,9416067523.45451,0.0
0.4917458084747832,0.0137888549817198,8.300187684408073,0.0140573599904927,3.828621160017211,6.656910328214845,0.1250115962646437,107.60454702537044,18626951181.259995,0.0
1.850777813711162,0.0727738503686946,9.320220364739797,0.0232851002507416,8.241912869341451,5.77026451543808,0.1945283656174631,115.5768198639866,17304217826.18389,0.001466277541451
4.206422135315338,0.0976721196318883,4.300597170832056,0.0128535401041837,9.21040593263155,3.847860088297598,0.0590675634698409,127.44118815615616,10652835450.7543,0.0
3.227027736589147,0.0927834138696612,5.70567264574219,0.0021176470660122,2.782676330391366,8.522945602785374,0.2637067345279659,117.16324613469784,14035449439.57684,0.0
1.854478255963692,0.0920951393745021,5.936380393296719,0.0046135015870379,0.8813328682248162,4.864129880275394,0.3480732265421474,126.91532854602988,10848137376.855831,0.0
3.910892840774868,0.0890299898415327,4.336325859097205,0.0658001376030434,6.621194005463496,7.392528007745595,0.2908629579510481,110.78129443354489,16696241440.317478,0.0006289053962542
3.270807697830911,0.0634200218218168,6.020304593143909,0.0051559513897607,5.785065394095432,5.381536270467852,0.0331291178987064,123.89467566400424,12442708806.756168,0.0
1.906751677156768,0.0919415432994416,6.730592871897348,0.0058234012476438,4.054959443111431,3.5311967574025958,0.3859805904739737,123.26068353253376,9363203423.467417,0.0
4.079012681389247,0.0899418373309295,2.4229028752847057,0.010314158759366,6.547588355636247,3.547328690443448,0.0993798960130997,122.13052375433028,10671377117.566725,0.0
1.5883904457066202,0.0688608646534652,7.384157034083944,0.0131441603837357,0.977147102469843,4.889293083603355,0.6876219654477511,118.6452764472173,12392173424.970634,0.0
4.260782621928938,0.0581392138015882,3.471447334602524,0.0178657655501047,2.583034798646721,7.939624532737755,0.1370232705634261,87.38213258121333,15509348157.523746,0.0
0.348890818061607,0.0971164838445901,8.982140647343213,0.0280980276561444,9.053600389876284,5.457517400132429,0.5201801304079718,91.76675675813529,10363874112.6032,0.0013878832142523
0.3952173847383314,0.0542657283405721,5.4636837703481165,0.0102482086924079,1.3940868711317915,2.879419894160568,0.5028396946527677,102.85333928162488,12704649600.727472,0.0
4.929552515267936,0.0623990992221709,6.560768033669247,0.005595440238044,7.609843842054298,6.497833697521217,0.1573175034916628,84.08633402764488,16278262405.676022,0.0
4.721537601769201,0.0922537151728428,3.5190520621441497,0.0048221928261194,5.72360298233494,8.714984933159217,0.2934913402810232,120.73580719379832,11355413516.944311,0.0
4.352061349412824,0.0917676698516191,9.97275460303292,0.0019953983726041,7.248383586619838,10.15082940269001,0.0330257842689572,100.61224810135742,19835429702.48452,0.0
2.999856176714831,0.0763562971807545,3.3551085897289146,0.0385863802696007,3.971298475940935,4.302718277323875,0.095781700363209,106.93839708590828,11471677334.39142,0.0009845663341573
4.848089132660826,0.0942542322006226,8.219576084759577,0.008680658892443,6.521131401067493,6.664369998589606,0.2330522410833508,108.58865298593284,12918585609.677193,0.0
3.273175391340482,0.0334484707303264,1.459767570536198,0.0263813188244563,1.2734335390928746,4.452538561590668,0.6016253540011237,109.24668965350726,10228028587.579073,0.0005799143427089
4.700194116817522,0.0431589986886661,3.7334407355180015,0.0107327952007517,6.012971564830988,5.722314291059836,0.7226524351918004,92.05778594826694,12390360023.956451,0.0
3.5272322104664933,0.0863940348582817,6.225558130266109,0.010027949534972,4.676139788347438,8.571870464750035,0.1484030989249051,111.08317959754068,19061788079.5341,0.0
2.5425722212022444,0.0514252397325523,7.332830471737993,0.007894398675202,4.358259579762432,13.786213359660886,0.1899825772269417,83.20819439371603,15771374684.921291,0.0
4.320904407293136,0.077678615812188,2.6571237117554736,0.0277522348593196,0.78076799601755,6.93585373266652,0.5310170070570784,116.99159769181932,15410524928.425186,0.0007978325024965
2.460861010522738,0.0868278808613959,7.049595873658115,0.0043322746317497,0.4830844377740586,4.7449761039931975,0.2333043945438633,109.61820618454615,12989237503.0004,0.0
2.5791951144721224,0.0967849169139665,8.682949531073257,0.0197444835267349,8.898466892438563,6.49845320333208,0.6485273275669312,111.11557830781486,11522094446.48414,0.0005493743613575
0.2652714424115627,0.0532959754453557,4.384839825522706,0.0291698945682302,2.542254238317761,4.883600663726492,0.6446216427387792,129.23998412588736,9337722129.191631,0.0005765001490441
2.406503745552881,0.0878474985250383,7.068331623015205,0.00478974755719,0.5751671993624704,4.425902266016683,0.2323375523362896,111.66156432202678,13190594478.268026,0.0
4.576985756896571,0.0369201187321645,2.5604720352909625,0.0260940916375425,6.085708480090634,15.518688323298152,0.2168710131292557,82.34229973800521,19296145258.965466,0.0013658853792522
0.2780192465871577,0.0546861049138085,5.6313086912339765,0.0072618862763292,0.8928490710915146,2.613956777454291,0.4864592262200411,103.91264642958927,12751256465.780815,0.0
4.10736541573685,0.089791316797183,2.393039995695776,0.0045529322509184,8.80774261892333,5.452739044820178,0.0160469880036708,122.89442953758784,13016375398.007303,0.0
3.2602328471544766,0.0397476351197148,2.469809371665704,0.0205581501013509,2.488640242050685,4.593013412269926,0.2849919780737863,127.31747213568694,12643940343.16064,0.0008344811036968
3.4625922529296824,0.070990275449812,2.618966510335685,0.0295591725463994,5.048336813093593,1.880291378943322,0.1469839324933399,114.2300858670497,15487367584.006737,0.0006648007838417
4.425298632932959,0.0485565249055919,3.11153876674568,0.0067554724979835,0.7120893198203337,6.202157335160895,0.2301712938748821,126.6367344173066,18095431824.7143,0.0
3.2890301564128035,0.0525493836061425,5.607149481124145,0.05344507444085,3.063349654236817,2.763150094890559,0.3460036652512042,69.4865553927962,18949327399.832825,0.0014457316908909
1.8004392169955248,0.0925622286700689,6.404087682630231,0.0104615946904514,1.0010336999876994,4.807970076848093,0.3504068309646583,127.63305248665736,10724543998.62346,0.0
3.0242983926913016,0.048549119145443,7.386626714274914,0.0456577400598098,2.417036535516525,5.652839066487144,0.3275030036263326,81.71404051913377,11519003828.771114,0.0010819606481585
0.6059896663929755,0.0138261649480622,0.504331141710024,0.0112389973680481,1.82215219339012,2.392838081206596,0.6820523843803314,113.44610869592051,15246632753.583384,0.0
3.586113617865957,0.0668324516130677,5.533355099842818,0.0228551633486951,6.198687992986601,14.478628928213698,0.5806435854920444,99.1312636431538,18685354936.40626,0.0008911487875651
0.3860209180081545,0.0472492586610819,5.513997727710116,0.0102185324021217,1.026638856679503,1.8609227866700564,0.0285057469495268,85.9223649523529,13742173476.77671,0.0
4.929552515267936,0.0623990992221709,6.560768033669247,0.005595440238044,7.609843842054298,6.497833697521217,0.1573175034916628,84.08633402764488,16278262405.676022,0.0
4.097997258023831,0.0972195372698665,1.3539456888048689,0.0073323628650435,3.8138621976956455,5.396334322052327,0.3204349321206586,124.752710094402,10246112021.474182,0.0
1.0336147010913224,0.0645322165356856,0.5426937913013246,0.0124550574068738,0.2265173143466036,1.3516740873823034,0.0763545022486171,113.5082437115024,10034954195.195938,0.0
0.3158321890975152,0.0415658078216311,6.916791721441837,0.0354105457426477,6.333299159707187,1.1596133618826518,0.4143416954416208,114.0316288304906,10269521017.8775,0.0005161776337553
2.437674016124712,0.0268018361910426,4.963201863601489,0.0060172058274184,8.504800537936472,2.98637736999982,0.1880762452112183,94.57255308933247,10271075863.932594,0.0
4.117350874433012,0.0786371274510094,2.084793795129169,0.0019485788194103,2.670620238810829,2.14703456151582,0.2548545396961735,129.87845519457045,10334017178.18734,0.0
0.3242287308308152,0.0946027146334668,2.225755824254253,0.0179676994434637,3.362295310359297,8.47836592231232,0.1506826069810691,126.42358656194844,11217975224.66756,0.0
2.307071865628877,0.0386225312664854,6.324943488694277,0.006968353556006,2.698303797288855,5.467310452714734,0.637860213246339,91.35592678236712,10202817523.5696,0.0
0.2780192465871577,0.0546861049138085,5.6313086912339765,0.0072618862763292,0.8928490710915146,2.613956777454291,0.4864592262200411,103.91264642958927,12751256465.780815,0.0
3.3190224642109354,0.0648539673229402,5.899487072159245,0.0045343509391772,6.0167865186947775,5.777283901968176,0.0263323311363312,124.66754481280688,12753425213.14071,0.0
3.0242983926913016,0.048549119145443,7.386626714274914,0.0456577400598098,2.417036535516525,5.652839066487144,0.3275030036263326,81.71404051913377,11519003828.771114,0.0010819606481585
0.269074222320555,0.0376335830684632,5.232948403954388,0.0032287830022385,0.8993768941009271,1.041015872356155,0.7533258191202968,110.2484212308433,9413804418.730162,0.0
3.2258800462370703,0.0353811178623718,0.2728605397698501,0.029508325193932,3.760812724830816,2.057884565138555,0.6317538059674849,74.77043127778778,16935179067.292507,0.0009559965999687
3.099434186993049,0.0857378521204296,7.442952043506389,0.0141939601755159,2.494873997118676,7.660728724672005,0.2267071591579065,124.20346560637635,13315685635.991217,0.0
3.169896517626509,0.0974931768251204,6.413193661737646,0.0080222141678909,1.1068856629980324,1.7953900036277388,0.1000160953334213,95.83015962714192,15625925657.134468,0.0
3.20942039268169,0.0926302801563688,7.483065680157138,0.0079769521182023,5.219464213664028,3.781463979660332,0.3000679700342515,123.49907776799576,10600122437.55332,0.0
2.793139203135496,0.0744374231769241,9.696790777261532,0.0070531702521745,7.332669882113496,3.7466712818667607,0.2856850360151079,82.61566733670999,18190916371.697,0.0
4.233305932584735,0.0151230642077301,4.830300595863421,0.0152026188539017,0.9913795548335698,5.403789981752753,0.649025832845888,100.45512327291812,10004491679.361849,0.0
4.126068555302529,0.0679041968251429,1.296354394295174,0.0108625456441028,1.7945299504500205,1.9610901495134456,0.054431780777583,127.79343151867135,10985742234.433144,0.0
4.227021192139659,0.0802107312129809,3.519597212060738,0.0186177837045702,5.959440395802576,9.135909476659709,0.2882263610128505,125.8493036451076,15127205205.906986,0.0
0.2875709906774288,0.020561167205524,6.384687589530011,0.0228672011545334,1.3110563907529431,6.333034140605911,0.2538841825568207,118.3725806304278,11029528263.8288,0.0005996457552492
2.0169685312727768,0.0668091794499753,8.39177478211318,0.0120522913559349,2.780338439807404,2.006539657288686,0.4945943764834569,111.22355035804856,17307714321.666183,0.0
4.929552515267936,0.0623990992221709,6.560768033669247,0.005595440238044,7.609843842054298,6.497833697521217,0.1573175034916628,84.08633402764488,16278262405.676022,0.0
1.865362850740264,0.0921625676892446,5.939345843181872,0.0046938712171492,0.8740208138613726,4.890381462003014,0.3473543844895759,126.98204141147686,10842955122.958778,0.0
3.481568140749442,0.098446475108064,3.836608297737576,0.0100606689302246,8.173404894070229,2.329123570051177,0.3452362533959898,123.7492014262109,15969264998.559366,0.0
3.560478169840079,0.0702813124989948,7.518680478259706,0.0122438074905614,6.261026975751383,11.791481679487838,0.0667165475751974,111.0742872822168,19473521277.233917,0.0
1.2737690869888012,0.0185703730220184,3.848612690695968,0.0058300881773032,6.032782015024019,5.486432438923004,0.1826445418330415,110.9648034827387,10786071591.82758,0.0
4.517851774298475,0.0994244980665593,3.312478828802697,0.0188238306982199,3.840806818991817,7.364773117410636,0.1746987025869839,94.3748758466574,13063904059.122849,0.0006826953685538
1.7631826038350682,0.0593480476749473,1.6671125997706384,0.0033278905252689,6.48687200445349,4.030124383618825,0.8269603008715146,83.49826076188418,9779715082.806353,0.0
1.2207387012290234,0.0637384860208364,4.17994721545583,0.0142751443961934,3.435289237341025,8.07483520864117,0.5524126758051779,128.57581205497618,10861891075.349249,0.0
2.5770024618691307,0.0585351601851238,8.97178334806705,0.0046059077609425,9.03427653374363,7.118554682394231,0.1889766199298549,89.9618172531109,15386920240.151796,0.0
3.216958259766292,0.0562527137728492,4.184170300918968,0.0030651397765749,6.969985897483504,10.27267238770753,0.5356834382271901,114.00669872805037,16047599853.009394,0.0
2.9173472887969667,0.0478455305243477,5.000548987842148,0.0051543944093365,3.7181001444378783,3.613861453504601,0.0447303311862846,128.13589394993434,14089891801.081074,0.0
3.3711013564711942,0.0654225091745951,1.9308432515270395,0.0823467464728324,1.769517746811726,2.2834070677914178,0.3666340998356289,79.71402373769212,14818471307.245275,0.0009239495848413
1.564285760135396,0.0631953555888013,7.125511725565407,0.0466817362968878,3.296618324124976,2.493140962959522,0.7126438399632345,93.8354935017196,10183723380.608034,0.001024932106123
1.7160976849799223,0.0863915718471043,6.322869492870545,0.010674008154645,1.790802808579026,5.076122520089534,0.7160547505733652,124.32825796694632,13857902703.376022,0.0
2.0420518586656056,0.0679066791219145,8.905714641609325,0.0089756361331768,2.7170239934389797,3.618710569561394,0.6455066789390508,112.01568793835052,13148416602.35801,0.0
4.576985756896571,0.0369201187321645,2.5604720352909625,0.0260940916375425,6.085708480090634,15.518688323298152,0.2168710131292557,82.34229973800521,19296145258.965466,0.0013658853792522
2.85533877675525,0.0499898511726355,4.996710557403238,0.006306369543721,3.99366828023584,3.8437246489219192,0.0468372472363835,129.9944636994907,14218602605.581312,0.0
3.98037913177776,0.0366012805665892,7.3418188914255635,0.0022823746590499,9.03849245134962,16.802125145856213,0.0584964831670675,63.0865484014612,19767382258.407608,0.0
1.1376816655826425,0.0588187260054323,7.918399806834305,0.0272565877609728,2.743429865626748,5.070571680657362,0.5870561452181732,103.47923280439996,12480075494.921535,0.0009245967931871
3.1239789760841914,0.0594370971051004,8.283483820240093,0.0076705514250814,3.4461938319384537,4.678870404719944,0.4470503518029936,129.5831816360941,11023729667.284584,0.0
0.5916104149479722,0.0473079548306503,9.062751510728582,0.0336571706789541,1.3350880670828449,3.735669530790127,0.400740310817373,98.09615201569152,11246501101.90533,0.0011118644847369
4.615885391370782,0.0361723704454478,6.427591072674806,0.0557020370219466,6.407400687765814,10.432887362915382,0.8217025945971452,93.39613342403564,13543749743.36377,0.0012740675309843
3.234464196127504,0.0343789995580605,1.5432839118758137,0.0308823369483157,1.342731471132191,4.922681630698754,0.6018265917544211,109.2231352656709,10149427773.095068,0.0005839562586865
3.113283191772394,0.0931604118614408,6.955445833815617,0.0252699207092204,0.9248726900882523,16.755369987767185,0.5350906249588024,129.87607343857474,10855536415.247982,0.0011096055690573
3.313651206647385,0.0715667779849227,9.728164829813185,0.0181816086359838,7.0775464511791615,11.502153785672286,0.4931100152532067,105.47686004602066,17784959738.645958,0.0
4.523220821066117,0.0882020738544295,6.990697716583198,0.0300457690542926,2.394272093847401,5.136070296952831,0.0325891474750447,110.38982459605332,15835346440.40248,0.0009233923651697
4.346820630509614,0.0813754618833085,3.1277473436077243,0.0173878050499299,4.282117380812029,9.362273898892406,0.2930524228810326,120.35632165103226,14721867876.870407,0.0
4.610630614552587,0.0844828836425327,8.20010897781872,0.0054048892216559,0.8477321599925934,1.3380239227543596,0.2018939479880153,128.89623986144642,13421809266.703594,0.0
2.746334234178971,0.0339308023527634,4.34480686822124,0.0070909532442394,1.200739276532597,6.918707462589019,0.5857238228398957,118.57070452402016,15280605253.926796,0.0
0.2741201615016514,0.0900876729323701,2.0339224645531866,0.0253208273384314,4.488165224816126,2.970302559741377,0.677032124918207,77.92322370792203,11608695293.588709,0.0009501866377609
1.0474812990063578,0.0222625363061985,7.022659252165215,0.0292648685075216,3.231700339509233,9.27067745112458,0.5929148551037253,127.09381210768578,11572458763.353798,0.0006395882447705
4.105003297103008,0.0402958180919353,2.873895884733702,0.0205698692500292,1.7144303900162312,9.76421268843756,0.6520704408858135,125.57160920193444,13757782859.004038,0.000911138837619
4.535247981207112,0.0678805774392991,8.17301808773906,0.0026757395540576,9.325736650174104,3.608698894426271,0.3040402183631256,98.7899884526857,14145868559.963911,0.0
4.206422135315338,0.0976721196318883,4.300597170832056,0.0128535401041837,9.21040593263155,3.847860088297598,0.0590675634698409,127.44118815615616,10652835450.7543,0.0
4.506202318414681,0.0603950782109566,1.159303198827878,0.0281601732829037,2.4971671902963943,2.1354998205361944,0.8340030081595968,94.67258686963956,11301115899.330503,0.0006191251009853
3.195205634945957,0.0352190194790432,2.523209199654561,0.0573603288922777,1.7883651744783993,1.473202331374891,0.1258052058123172,101.5536339786034,17393333687.658287,0.0006962381751357
3.700690845345521,0.0431793789148241,3.995880244366595,0.0089963728717692,2.6550570036245804,1.7627765459369948,0.1742331059073197,129.6626257414824,11166534445.481833,0.0
1.843534660348758,0.0363833507910346,1.845544405967371,0.0729565294648981,3.750666270016804,10.74233968752727,0.5155681979614721,74.25872673360573,10595444966.660542,0.0010702635099492
0.8380244245931454,0.0700971500727083,4.608796423322643,0.0072012164845861,2.82708342418364,5.483471375252773,0.0867225988663678,118.16312737059206,19622335454.180504,0.0
0.2443119369512308,0.074793941820217,4.94587601740488,0.0231266316531168,1.2866799860829623,6.370707606074734,0.2638695683110223,118.27288072455508,11376780886.138033,0.0005931379111213
4.266011038893012,0.0913344693134554,1.5925801996340734,0.0012979672833841,2.896890002325587,6.928781533750793,0.2336247333098999,125.02314060182974,10468576342.154716,0.0
0.5062709088742811,0.0481542212105624,4.636189709206561,0.032971259435723,1.1065798550987966,3.1334659306195043,0.7870464934356189,80.85351238666256,11665669071.179182,0.0005517137535203
4.10736541573685,0.089791316797183,2.393039995695776,0.0045529322509184,8.80774261892333,5.452739044820178,0.0160469880036708,122.89442953758784,13016375398.007303,0.0
0.5221357452474252,0.0497236955338156,7.218152915842451,0.0197570631022697,8.559262711527724,7.75642536570476,0.8308156761030572,109.97869223399655,11341477576.822563,0.0007445285560394
2.042505864910196,0.0746269547420986,3.881252821313676,0.0161077018814271,2.866687305140395,5.868546876330682,0.1937148118787773,102.91380311193998,12514020393.293385,0.0
4.553707926623071,0.0418625833114527,6.052637063238362,0.0375253947420723,6.343307986481664,14.06521571209574,0.3907120328905452,119.871428431774,13139961869.81998,0.0009292410661915
0.2734637623560713,0.0713852309869926,8.159076071910752,0.0079605101120419,2.8268203011801,3.078065878492952,0.5031876553142854,90.16925771357796,13835315165.588066,0.0
1.824689350337836,0.0442144239087203,5.126242034268806,0.0322143840628768,4.439014642017551,12.232245195585254,0.7778171588680575,128.31674254373738,13140847157.864006,0.0006752068499043
0.5724849830451596,0.0256230089750859,4.805269629020013,0.0968215696218091,3.048020830247213,7.893962236441562,0.8183966758507208,81.32593885003527,9594842175.769932,0.0012827655862116
3.67426054044745,0.0781573529471544,1.4142584178031812,0.0085040955461481,1.8036513804274303,4.382464816974569,0.2866738262725271,122.04662716793976,10478342171.551376,0.0
1.401534247445876,0.0717404312960583,7.104207745882089,0.0387620604755706,1.4125595572902367,4.213236632402759,0.2823799353396407,102.43655075985956,11282666320.091694,0.0008272504183941
4.241866331283998,0.0907900535427046,9.599190303982663,0.0048122672884254,7.329671343690306,10.559406973595348,0.0275551661198419,101.89888352331523,19147774007.701424,0.0
2.510843349700161,0.070213170095831,4.809357337026577,0.0244480855078386,1.347967109388952,2.001358059834269,0.2987823200772516,127.29371823657834,16265829779.921053,0.0010172650766835
2.5797619373899865,0.072208928359617,9.81387467997268,0.0178417035809894,7.876450718828186,9.60629236286244,0.1404875456427833,124.94273057509758,9837842533.7577,0.0
2.5359568144911,0.0367739954180661,4.078992577688158,0.0127103211876563,4.903085125363981,5.883469275623419,0.2245255636784793,127.64807016749056,12276706410.09189,0.0
4.569125522397036,0.0451093292050121,3.115772618043217,0.0239835985439685,7.580300213252032,11.13154111086299,0.0407432702964192,89.90469573029402,19100467350.854523,0.0013644520560072
2.255371056540078,0.085783450168592,9.1254823348014,0.0161326895183955,3.536998520284524,4.223301803846247,0.6964416646329697,121.73223544508308,17889497122.415844,0.0
3.628977980468867,0.0456029534205445,6.808041129386663,0.0020999806215926,6.869024153657891,15.496212347717949,0.0861806211961637,95.7822462735522,18002804679.254276,0.0
0.88343524250913,0.0590116086049922,7.022697344094225,0.0057665201776929,0.8836571538088548,1.3310818978706895,0.6672253770109298,109.9582487418174,11611180818.81372,0.0
4.019307016018911,0.0642739323156541,8.92214354463894,0.0828868116139638,6.40003683034769,13.218170767304596,0.3735352978036336,92.7455928174568,11393623167.49535,0.0013226064156328
2.2169457404268105,0.0696719200533064,3.078200507766092,0.0025245291969419,5.742948862655138,7.909608441146278,0.5359699390998991,123.78614473585208,14722421237.463425,0.0
2.3007111454108786,0.0387894677360113,6.301009052898913,0.007900732195822,2.53686432894064,5.149270318380971,0.631242850647108,92.31922493807886,10035495646.141474,0.0
1.564285760135396,0.0631953555888013,7.125511725565407,0.0466817362968878,3.296618324124976,2.493140962959522,0.7126438399632345,93.8354935017196,10183723380.608034,0.001024932106123
2.146767873768108,0.0885581316621466,9.995319616990315,0.0142633657715823,4.23385115890507,12.051805578684476,0.4862828807211881,115.79250311304092,15195610264.678722,0.0
4.0840203338289145,0.0980315981857672,9.288748021499966,0.0044484869705714,4.415699270860363,8.041944562162794,0.0849677599635417,106.54345850174772,17324275282.16204,0.0
0.3264238492768413,0.0576972447031903,3.599681485270197,0.0186169846467276,1.71798153907306,2.817496066101038,0.3896235339815017,101.8650744772435,12276060110.916662,0.0
1.4663147401385346,0.0716617724974101,4.131070182609881,0.0074090631953338,5.62882041343,6.61143470913461,0.398691379146246,114.27756376943805,9631761560.767464,0.0
4.7716332563663935,0.0811448304409924,6.764157046481603,0.009883518297715,9.447385604826431,6.731275748193226,0.0714719376994794,124.8495186810394,11228900100.151545,0.0
3.98037913177776,0.0366012805665892,7.3418188914255635,0.0022823746590499,9.03849245134962,16.802125145856213,0.0584964831670675,63.0865484014612,19767382258.407608,0.0
2.608066529072486,0.0666684397971087,6.89878585118093,0.0091758337387486,3.1088937607302025,9.177866936065223,0.4499166113761967,124.20329190632712,11740228485.574211,0.0
1.1203245516017797,0.0531439789330232,7.245172748421794,0.0069112671958662,4.73920839200668,5.024444713413791,0.3099966931975702,123.39936415960582,11434927173.391592,0.0
4.947554446366065,0.0782029762402488,5.6435851440977,0.0165501450078672,2.251933179676579,8.595361892424679,0.0520018324006531,129.1296447910182,13858765307.763985,0.0
2.302891863373058,0.0218408450065317,4.845076337030073,0.065565285140419,3.8644963763135833,7.011548787573729,0.6702599647247505,97.88293423310289,17688295314.946358,0.0014052592892328
1.2195151751632491,0.0173245783353494,9.970219265553329,0.0115721422793243,7.614707839499292,8.448942319313566,0.6824026114830373,79.58446445728899,14294853394.794369,0.0
1.5883904457066202,0.0688608646534652,7.384157034083944,0.0131441603837357,0.977147102469843,4.889293083603355,0.6876219654477511,118.6452764472173,12392173424.970634,0.0
4.5239013186792745,0.056575777907265,2.510692647870389,0.0139154689062525,7.363453915812807,6.409832159121663,0.2311487898020735,86.0829453772675,19226262231.328407,0.0
1.1782234889992216,0.0289367952253561,6.358484659757854,0.0018543651425644,9.429940731849332,9.973439277507143,0.1531257678454622,126.11927300721948,10747006088.768774,0.0
3.060242286906961,0.0453001523218533,1.393874190119434,0.0195242174611656,6.046088877574128,7.24264174943704,0.3635174700240942,99.3617579066034,17530016472.88008,0.0007053232606524
0.2567789797217026,0.0098451008554545,9.650979387865226,0.0445180809139039,1.4989646072921097,13.020970600064627,0.7964018204258164,60.18882536456073,19370883856.48164,0.0
3.737005717249069,0.0270605043219979,2.165631399691517,0.0082607862421339,4.657478335971421,4.962286830634022,0.1617165983600841,121.76293590462546,11346237918.752298,0.0
3.98037913177776,0.0366012805665892,7.3418188914255635,0.0022823746590499,9.03849245134962,16.802125145856213,0.0584964831670675,63.0865484014612,19767382258.407608,0.0
4.088347857142841,0.0980687474801138,9.321656441273468,0.0044313717712823,4.388405232540142,8.051946267823945,0.085175434180966,106.48672579051276,17295883553.763493,0.0
1.8906704147614315,0.0228011736987102,9.103834549496492,0.00959285388954,9.277927706617524,3.377042717194054,0.5799822235516359,118.45002625583436,10523813592.917322,0.0
1.251019403518291,0.0603740531532428,4.692867231335707,0.0399801483215106,2.991404267343909,8.04533838440729,0.3200578769094324,98.58741365028212,14170088028.80918,0.0012391947041932
4.303037151958059,0.0933574887906265,7.351466832574646,0.0087278693586814,3.0684653897499685,5.330565957602952,0.1867923675182688,127.36401308438872,13170615520.77984,0.0
3.4001856627966576,0.0376949505744927,5.448958172079989,0.0052412439483054,6.000662004282673,6.375733525139713,0.251036526151196,96.19609308485002,13503064087.337664,0.0
2.4528882461233983,0.0624954203792041,7.750874407976469,0.0291319338709354,3.322920792885229,2.1718088221010827,0.5292286274216049,64.83403022795083,10962373929.1193,0.0013146564358089
4.735906371570887,0.0775133269303817,5.014158956969258,0.005424659062133,9.945365433763271,6.687291961332321,0.0649957402997808,120.05254866977228,10878756821.989088,0.0
1.2868789599430974,0.0166773284644313,3.7664637372032654,0.0057038371639869,6.136702305656196,5.344678008695714,0.1912588785942401,112.17648778568318,10769119292.6687,0.0
2.4355039403147924,0.045365817201613,6.370436791814583,0.0109005622724531,6.414213211729574,3.937577855237251,0.3131243473628599,105.1037372158804,14273641362.82008,0.0
4.422940212901311,0.0720138679666825,4.900106894650209,0.0121270252415821,4.224522581683376,10.521463554090415,0.4341294968987519,123.81336310409183,11249552319.062737,0.0
2.550335205117678,0.0767746900470297,8.760762503276624,0.025399659574382,1.2545307326397457,1.4221316764166958,0.7533369565577297,73.42909078354606,11957836247.060738,0.0014214157539725
4.637214410228955,0.0818054936154303,7.793453697781048,0.0204315439915134,2.053081149097166,8.742883181273099,0.434264058067158,90.22914383515642,15777110012.760868,0.0008606200704532
2.205571126510491,0.0322094757471536,8.937353927514874,0.0228949652048601,9.70572703576063,3.795015257660826,0.2076160365549962,81.92138991384934,13585538415.782309,0.0012186466052352
0.546407964209407,0.0876468186377845,1.4208056715635131,0.0045234749824309,0.8743794641391078,6.331987540724251,0.280310360519327,128.34750362267903,10235337591.385674,0.0
3.669442238970341,0.0652114552136654,3.4129613967952115,0.0027682417289393,8.092624176167876,9.53014867099516,0.1857393499441931,101.98079672989064,12925884828.67302,0.0
0.9610440460481312,0.0444746164211443,5.440012168379944,0.0035451437466563,0.4475822051506396,1.831796863155142,0.4545723712597891,123.14982421259803,9863178517.734913,0.0
1.436154672434368,0.0171199270535534,5.995574521162115,0.011013873385479,3.322317306576063,16.949182771516007,0.2456298984471648,86.37926343836695,12523495186.34884,0.0
0.653501288488312,0.068261477696743,5.943160476483485,0.0185923574827263,7.3418565468369,19.49873344579583,0.8483246973416877,75.42937870149254,19168475430.12153,0.0
0.5587056674316851,0.0858549522721025,1.190422947836249,0.0036854537749547,0.6872710240633035,6.683131118669468,0.2762234189476258,128.62052084118594,10138031475.381647,0.0
1.5353683260508273,0.0267592978235414,8.09688537584032,0.0239845558839958,2.625505639253162,9.848881475163273,0.1444877957911992,115.82730163216736,19336647903.62009,0.0006238375674816
2.1807638390412745,0.0997005355670384,5.273977545291127,0.0229389358865607,0.4985271191136482,5.760710952728387,0.4170000300116337,115.76557020985818,15326049778.306787,0.0006826126605923
0.9598760988536014,0.0370666640139593,6.479532916531392,0.004669448129833,1.1825122569586133,1.5892981750736526,0.7402291443683018,85.94441591675684,11565133645.250692,0.0
4.982828564623204,0.0666614128797777,0.9366067662336856,0.0110567900130338,0.5914573819053349,6.9829387263732405,0.4553666863259461,109.35437357628771,10270686469.317442,0.0
4.42016023304758,0.092230227100041,8.403918350430754,0.0142179815203518,3.5564305054853,17.709584816776374,0.2907363374786041,119.14617681484393,16001833546.074434,0.0
4.34418624801441,0.0268407596470159,1.105035628613182,0.0237570553699114,2.045657228440401,10.571377908639777,0.2577197523958066,118.5289680199504,13231840278.329945,0.0010176474213566
0.8736061960079666,0.0419150061968893,5.009118180655396,0.0084845727116044,1.5660892657520225,2.1148731203647206,0.4340879321782683,118.07351852723885,9806193442.782335,0.0
1.963573272239589,0.0618148890394544,6.429935541630484,0.0126378151723919,5.192752730469627,7.741755130466415,0.5595272194971225,85.73754613187255,9451735900.862955,0.0
4.504005424731472,0.0978450502597658,3.502827050639922,0.0193246050031358,3.960244942794741,6.804998298505331,0.1682521966614839,93.16390223069672,12867216748.22948,0.0006944574212948
0.2443119369512308,0.074793941820217,4.94587601740488,0.0231266316531168,1.2866799860829623,6.370707606074734,0.2638695683110223,118.27288072455508,11376780886.138033,0.0005931379111213
3.4860592800143158,0.0693142963592727,3.770764853027819,0.0010602788185547,8.382159974745006,6.844289320785616,0.0615869044022374,95.132196061726,19685235264.67804,0.0
1.5333574620485932,0.0267603761389703,8.100013805519067,0.0240165059898913,2.6223182978423587,9.842941332543374,0.1444870210301327,115.79439062822028,19332243315.45229,0.0006229471991993
1.0951003164185225,0.0500383280304625,7.1671413682149225,0.0103107247564285,3.6629815668243344,1.2255790017239503,0.3771546578302962,123.93895303289467,10082743703.866491,0.0
4.200869649969616,0.0789148484029729,5.582361934312666,0.0051097209348012,7.195974547399351,2.0726912655208247,0.390643149699183,114.96613222143274,18366655150.90052,0.0
0.8253197603999659,0.0400053534270638,7.155219926237773,0.0127134127131631,3.067664694683549,4.925240990778714,0.7294204817386388,83.75954424630302,10291431721.882168,0.0
3.04039263919692,0.0598885918588909,1.8011348794876505,0.0400243819524652,1.9934522470064449,1.909208189220024,0.5520816826589444,87.67561596563398,14443608663.345482,0.0005084249255628
1.022761522949162,0.033259569739199,2.1800556951321584,0.0112030127511989,0.7265285181905076,2.3242110041132023,0.5846719608795184,123.9771509290301,15408263905.86183,0.0
1.5883904457066202,0.0688608646534652,7.384157034083944,0.0131441603837357,0.977147102469843,4.889293083603355,0.6876219654477511,118.6452764472173,12392173424.970634,0.0
2.728653965234525,0.0808861866650215,6.6780675882834855,0.0220050465493362,1.28435599216687,13.168808777510357,0.5638954470791779,127.38249535933002,12640199894.724522,0.0009872901425935
3.737005717249069,0.0270605043219979,2.165631399691517,0.0082607862421339,4.657478335971421,4.962286830634022,0.1617165983600841,121.76293590462546,11346237918.752298,0.0
2.36505014490728,0.047478277019742,4.504370334012211,0.0105038209570176,1.286766927968812,3.166395055320433,0.3722442986421619,126.0766537288362,11981932613.428185,0.0
4.163390876252572,0.0762491516843835,8.461373400907474,0.0041202559776981,9.40529040072832,5.908805575291211,0.1061631546572669,82.35642117146301,19255828271.74608,0.0
2.8466763286254104,0.0820344225923996,8.0990873834062,0.0186675505090002,2.8581517321501058,4.243146822888168,0.6498970626730934,114.22281147991464,17759688317.315636,0.0
0.6367496761097996,0.0154801534523422,7.795070440817525,0.0233507761752027,3.768870945607284,2.6381957682412747,0.802464827715914,119.8852663224292,9943460814.777254,0.000704693922364
2.734077586755548,0.0807529059206343,6.670424823036584,0.0219795451318167,1.2865421427673045,13.146880254457628,0.562822570927317,127.63809992378728,12627100305.989412,0.0009830254479555
0.3713230778530137,0.0690177901980204,7.745492518287624,0.0566949444006101,2.106127207065732,4.21817371301825,0.557629767312806,64.07827933007408,13294859472.395245,0.0009127399420223
1.777066471037152,0.0311401310755545,7.539599026676125,0.012918859351659,3.7675680086698464,6.451414385313609,0.6790012290135049,81.71186894283166,10539439662.31736,0.0
2.146767873768108,0.0885581316621466,9.995319616990315,0.0142633657715823,4.23385115890507,12.051805578684476,0.4862828807211881,115.79250311304092,15195610264.678722,0.0
3.970225569215716,0.037186759418576,7.213099085531451,0.0022683114722873,8.78019561737425,16.890643440986242,0.0588175697921089,63.15571757695789,19729315754.12032,0.0
4.9936087379554746,0.0354540760947694,4.848701751682987,0.0233362897720434,5.412236794421623,12.74986691550582,0.0473041661487723,90.47288479052028,17847335105.89061,0.0013984218254958
1.777066471037152,0.0311401310755545,7.539599026676125,0.012918859351659,3.7675680086698464,6.451414385313609,0.6790012290135049,81.71186894283166,10539439662.31736,0.0
3.345958673827993,0.0663976133718799,5.343897174313242,0.0435527560744592,9.431973206020254,15.67687323960826,0.0658540706111869,91.66995480069872,19934079747.66262,0.0013198787901606
1.36177769438403,0.0605186478046907,2.952219152098978,0.0085447890119551,2.0608978920063272,5.507973172177075,0.8059171388017301,116.88788286363716,11553305804.596628,0.0
2.5676701573741183,0.0172879926061065,8.26652389071957,0.0075588514115608,4.475187317251466,16.063975334662928,0.4669259900523899,75.03240094962044,18227468035.258347,0.0
2.7277619689594044,0.0274477346605686,3.0057571069926867,0.0355791895824359,3.5134187183895365,2.466835135947062,0.5918742816372418,120.10422154552973,9127757586.685478,0.0005729200566147
4.364727953241192,0.0672503833031908,1.562456587970499,0.0326207153870493,1.436079261225344,7.977562430482069,0.4538735970679906,124.79295255144874,10919751769.822046,0.0006921709088817
3.628977980468867,0.0456029534205445,6.808041129386663,0.0020999806215926,6.869024153657891,15.496212347717949,0.0861806211961637,95.7822462735522,18002804679.254276,0.0
2.4594391165238623,0.0224217745691193,4.957269893367274,0.0332643543347976,6.694623903573062,12.046958684453893,0.4103782456371723,86.01913138626942,15827924988.555817,0.0014307059700455
1.9475424196862825,0.080768613167743,2.882973086593144,0.0371257686139665,9.320649642273407,1.351320438426573,0.579697858814135,91.60668770681896,13716429945.593405,0.0010392988974104
0.5891534094157267,0.016567533676475,8.767763940552701,0.0093106405380492,3.1184181040380734,3.3991032930474057,0.7635495815191777,81.37290351040407,11320625428.6969,0.0
2.985971460349554,0.0241613037725997,3.939513793003199,0.0631763232331531,1.3059428640306847,7.197958038646585,0.690697208281397,62.93280087502396,10254571269.045551,0.0014655848110281
3.0370698309492368,0.078690532652637,6.576476292921658,0.0201577471399408,4.676780508165777,9.271921148603258,0.3303708573731836,93.88113776112284,14841935941.510984,0.0009394389808743
2.2169457404268105,0.0696719200533064,3.078200507766092,0.0025245291969419,5.742948862655138,7.909608441146278,0.5359699390998991,123.78614473585208,14722421237.463425,0.0
1.120379152898742,0.0875910678906507,2.2794340543510563,0.0044874263705144,0.353456854643139,1.54754461027201,0.4044398430861083,114.1134733539375,9375777196.19232,0.0
3.592216924736817,0.0740074380957602,6.749279842297328,0.0110221674682444,3.093298269800229,6.648570447144494,0.2697879424268659,129.19983854787966,12789213428.473812,0.0
3.432921756686374,0.0967342663629876,2.707651367171167,0.0082464909226857,3.859638385246336,5.554559849389736,0.3065282768868603,125.07581900617268,9373170458.327986,0.0
4.852669573146931,0.0148942009306268,8.224774797674588,0.0685851513786865,6.146529548453461,11.208024864949072,0.7441507752599045,92.05080661797686,10973162193.370483,0.0
4.735906371570887,0.0775133269303817,5.014158956969258,0.005424659062133,9.945365433763271,6.687291961332321,0.0649957402997808,120.05254866977228,10878756821.989088,0.0
1.1499889097961995,0.0298568101080603,2.9765415867197733,0.036146517075296,3.4348220982717343,1.003880244168358,0.6805098883817804,107.70386337425464,19268578702.923584,0.0014454820732597
1.777066471037152,0.0311401310755545,7.539599026676125,0.012918859351659,3.7675680086698464,6.451414385313609,0.6790012290135049,81.71186894283166,10539439662.31736,0.0
1.6406480306205524,0.097363883272195,2.0126164118157552,0.0339843107008768,9.027931564344282,1.4747195331891787,0.4057127243844223,90.36222121718616,14538035883.505487,0.00100787738099
0.2821498316191605,0.0753012017458299,4.979200983764602,0.0209885262868574,1.3390378000505896,6.285031983541503,0.2447437786886753,117.862232477755,11428323912.116655,0.0005919627971412
0.2641565985202813,0.0528988237333759,4.409772449537113,0.0286725542015647,2.5589534056745182,5.09491361778348,0.6548310632425265,129.47473023117288,9294208790.575752,0.0005681746903981
2.3338873576341337,0.068624150518965,8.819514999717798,0.014282811176205,9.597329918104936,6.449103280938751,0.0245503334498315,110.93177970684958,13202617044.4729,0.0
2.2609118569453206,0.0536581061084368,1.1035502436259996,0.0342853112642405,3.91380758292053,1.4469185080747284,0.5798427007208325,75.95608763490752,11941184633.543535,0.0007493891799682
3.2602328471544766,0.0397476351197148,2.469809371665704,0.0205581501013509,2.488640242050685,4.593013412269926,0.2849919780737863,127.31747213568694,12643940343.16064,0.0008344811036968
4.506202318414681,0.0603950782109566,1.159303198827878,0.0281601732829037,2.4971671902963943,2.1354998205361944,0.8340030081595968,94.67258686963956,11301115899.330503,0.0006191251009853
4.639690957657497,0.0865719103955965,8.60494323912072,0.0084405570768927,8.131839638456738,1.0098986904841776,0.4027021962977279,89.74330043354364,19348591328.59537,0.0
3.6010739010328665,0.0698059238911286,2.4699815038448305,0.0740761956664837,2.174328265629204,8.948743283840505,0.4675421412319101,115.69856500992309,10456448384.958662,0.0008550513308275
1.2195151751632491,0.0173245783353494,9.970219265553329,0.0115721422793243,7.614707839499292,8.448942319313566,0.6824026114830373,79.58446445728899,14294853394.794369,0.0
0.6390113026614676,0.0279475539626015,8.107062002556273,0.0078362662275032,3.224212986862332,2.1388923809009324,0.7320356772326279,105.68295203278022,11428098716.03433,0.0
4.272321757938157,0.0918929374733269,3.9856875275653088,0.0167866734861957,4.155394573734029,2.4670188119043424,0.382953430437103,111.84562910928624,12839655829.359411,0.0
2.255371056540078,0.085783450168592,9.1254823348014,0.0161326895183955,3.536998520284524,4.223301803846247,0.6964416646329697,121.73223544508308,17889497122.415844,0.0
3.234464196127504,0.0343789995580605,1.5432839118758137,0.0308823369483157,1.342731471132191,4.922681630698754,0.6018265917544211,109.2231352656709,10149427773.095068,0.0005839562586865
1.2474813783401804,0.0872608804359393,3.0125029890710056,0.0041243113880641,7.4676123239919425,7.488567445642726,0.2061240144779599,100.48557654678932,10055827260.927835,0.0
1.2910195665373254,0.0160393890990126,8.432012695932299,0.0204391445684832,4.905269129853419,2.929918715793832,0.5424613049241832,129.7725241163797,11594511235.142056,0.0005787979613606
4.493897046356627,0.0858460355407426,9.86511434671076,0.0312655032097383,4.910370418777529,10.638179495290933,0.222451678087771,85.40148101582203,19887632848.48673,0.0009516054337366
1.895031764113701,0.0715428080083128,6.363763002337579,0.0129072983335418,6.391595879195281,8.096861890575894,0.1153302542047952,99.09501607406904,13504927965.895082,0.0
1.221779844980276,0.0637159122410205,4.178590951249586,0.0142476571019547,3.436591705086387,8.073766538770997,0.5524295502863191,128.5717078606114,10861909990.808878,0.0
0.3952173847383314,0.0542657283405721,5.4636837703481165,0.0102482086924079,1.3940868711317915,2.879419894160568,0.5028396946527677,102.85333928162488,12704649600.727472,0.0
3.4420548775599284,0.0698104657453505,2.709291938496312,0.0039703197486052,0.1124580527378444,6.894888615621353,0.6000604263730223,127.66431374689756,11094881649.299068,0.0
2.2155076381538965,0.0696756459833684,3.076619373696271,0.002521366746615,5.742529930300227,7.903635305698254,0.5354849295838136,123.79636389666852,14724194991.562534,0.0
4.169059800961485,0.0966333123899167,9.359519673641708,0.0040334457821952,4.5181816304192655,8.82404955472933,0.0974624338969296,106.31529307664388,17327531611.88328,0.0
1.318935764495838,0.0164748773183009,8.392235341741063,0.0187222084373856,4.9324210794833165,2.9702187970298475,0.5508214688120279,129.14894041152186,11535138202.147188,0.0
0.6277549581162014,0.038397098968065,1.2032461145077975,0.0164811860461296,2.897008736315515,5.482478985411677,0.0793401539798388,121.29988647117844,12215734519.10628,0.0
3.678318734630917,0.0324248325653686,8.569437995545904,0.0038975849630793,7.855160725533266,17.18111635043242,0.2964289033783548,77.79988082826729,14848624059.608809,0.0
1.2782981079247868,0.0854973004102635,2.015001118606053,0.0200663824540829,2.462688487368448,9.806151888607554,0.3260534508710793,109.31045167464364,12195882099.202072,0.0010074174009301
0.5578469179939939,0.0338605067248397,1.0191027652037268,0.0328646689734917,6.262762413779115,3.749304962953981,0.3124252168805703,77.88894036019539,13455715492.951223,0.0011754679539113
1.8906704147614315,0.0228011736987102,9.103834549496492,0.00959285388954,9.277927706617524,3.377042717194054,0.5799822235516359,118.45002625583436,10523813592.917322,0.0
0.8909710241174741,0.031323396068142,7.6433187097125295,0.0205558779700235,6.024850387611676,3.607944350215022,0.2897753463596651,103.94860468318518,10600159427.731035,0.0009925379463035
4.559808401521495,0.0920077616501127,3.3703807562785397,0.0034272261208304,6.693400815844901,17.3178248502928,0.112802869132493,97.99049358816792,15432914116.303185,0.0
4.32809997304697,0.093945905727425,2.4701616954677084,0.0566583292961309,0.1386191886319737,9.73573228778146,0.4220834695870555,122.54679707664856,12689244429.226751,0.0008634106047831
4.037220014571039,0.0183285519406217,2.2015468940043394,0.0159968168614913,6.363567389215808,10.23160538754264,0.2463420670659877,67.47970473689607,12921097120.05795,0.0
3.7378964685447,0.0270563011084201,2.166618648334817,0.0082582658970709,4.659438538118467,4.966645086812408,0.1617319402882655,121.748269280353,11344195401.574469,0.0
4.163390876252572,0.0762491516843835,8.461373400907474,0.0041202559776981,9.40529040072832,5.908805575291211,0.1061631546572669,82.35642117146301,19255828271.74608,0.0
3.273175391340482,0.0334484707303264,1.459767570536198,0.0263813188244563,1.2734335390928746,4.452538561590668,0.6016253540011237,109.24668965350726,10228028587.579073,0.0005799143427089
2.976630474966572,0.0711692588747033,5.070017690619421,0.0214709890500761,5.79197064873224,6.965059592183116,0.616923044105096,124.5837826589769,10055904739.71088,0.0007745117667534
1.2265386794073794,0.0878530893202174,2.7760074685873675,0.0021158129878095,7.659818970433672,7.36587531954769,0.2140533772212796,100.05892537588552,10188775289.735252,0.0
4.422267273846149,0.0523413951176379,9.220858618332423,0.0715180153946861,6.875632223937025,6.23436748397756,0.1429436457486656,64.12563767618295,17194258621.909805,0.0013654575536549
1.6815289568058822,0.0955542956227298,0.6038681552045005,0.0265993949956184,0.590009141381257,11.567041662632422,0.747220750768925,96.57526961754031,12492130774.848911,0.0009926301657099
2.843219947724256,0.016668943459556,4.737532437980929,0.0049493828720361,6.795267978703396,2.65176411379295,0.5593771256558262,116.6655115683756,14579084627.700214,0.0
0.8737213501414678,0.0647543753897457,0.3579052717726355,0.0141894085641434,7.168256467132579,3.905355959829426,0.1979975830445221,121.2960544846599,10042062498.525091,0.0007219293260518
3.1101698210332374,0.0712755435221822,3.788679448010498,0.0483165908002169,3.3578720745052184,6.0467668578357845,0.539904361700533,91.50152668885131,11502786568.50976,0.0006026913107316
1.1371650073026487,0.0729202106444181,1.0309414909269392,0.0049644610174379,8.361354206539684,1.443480174579845,0.1695839412385479,122.71882124501988,9637289547.49624,0.0006938452387189
3.118050060611314,0.0312787405946724,0.9498899611297236,0.0473994399621648,8.140190163078836,7.753914775362725,0.5206943661308582,75.19376831604727,13695014006.212318,0.000922913686241
0.88343524250913,0.0590116086049922,7.022697344094225,0.0057665201776929,0.8836571538088548,1.3310818978706895,0.6672253770109298,109.9582487418174,11611180818.81372,0.0
2.835725198313123,0.0646176097353398,3.6737058165802434,0.0278711940847914,9.49700217111532,7.521623186544175,0.8121199440215526,113.47326262141414,14041713110.58694,0.0008352890838961
0.5392756191489657,0.0370883670480956,1.6865562402262453,0.0040248921931012,0.1592482733512119,5.970457008640272,0.4905289794976375,116.02348584169415,14960833107.611313,0.0
2.654404633778797,0.0346069148709403,4.166593844178623,0.0164744775020489,5.040742935376038,2.6363034426727454,0.7140695686930453,111.14661234852534,10061325733.185904,0.0
1.9133966030237053,0.0556563117851881,7.591968456305059,0.0084943500800177,8.59110548368047,15.484027430976267,0.0614146525706584,101.98315282849256,16446279486.475494,0.0
4.727301386881515,0.0960277309635755,1.8441944526129408,0.0020299156431123,7.345282772625072,16.428216437015777,0.1134966250724697,109.59355115628482,15317561256.346191,0.0
4.5239013186792745,0.056575777907265,2.510692647870389,0.0139154689062525,7.363453915812807,6.409832159121663,0.2311487898020735,86.0829453772675,19226262231.328407,0.0
4.735906371570887,0.0775133269303817,5.014158956969258,0.005424659062133,9.945365433763271,6.687291961332321,0.0649957402997808,120.05254866977228,10878756821.989088,0.0
0.2437148069991581,0.0746239974325912,4.937730611719733,0.0233184432819594,1.2784956454007073,6.374791384208497,0.2641930916697708,118.2591803328364,11373128831.435535,0.0005927751942673
4.373485306916341,0.0865037937361944,4.111120040284932,0.0243881129563223,3.7444479024131256,6.522866731295069,0.1866328150911355,129.0130315782202,19554991977.27814,0.0005587486049407
2.746334234178971,0.0339308023527634,4.34480686822124,0.0070909532442394,1.200739276532597,6.918707462589019,0.5857238228398957,118.57070452402016,15280605253.926796,0.0
2.7271429238965657,0.0669536420124114,3.7124359076582327,0.0274016886625655,1.1292562491955231,6.925598517899129,0.5294933616464094,118.57322633518136,11097373911.24552,0.0008194317655166
0.7904645269817403,0.0438318007651453,5.8037083215589735,0.0268925652444216,1.329579327504069,2.7648597728550186,0.815100062593145,81.5464982018726,12106405350.674252,0.0006111425174696
3.667811178929017,0.0734457190439245,6.876876154266854,0.0113679586482662,3.2262257910218657,6.721460028640843,0.2692739361556388,127.97160086009356,12787609493.170042,0.0
0.5914330782183107,0.0866356000579688,1.3737538073641722,0.0052162436287128,0.7715264996499926,5.976507440873863,0.290491000208453,127.18477999442732,10351344180.173073,0.0
3.195205634945957,0.0352190194790432,2.523209199654561,0.0573603288922777,1.7883651744783993,1.473202331374891,0.1258052058123172,101.5536339786034,17393333687.658287,0.0006962381751357
0.5128879202467175,0.0403408055117421,7.125089265339685,0.0158212135609293,0.4874770694646692,1.8767695483759688,0.7425270864933352,107.38113428380169,10921469038.689869,0.0
4.973020726180327,0.0552659590076354,1.506458567145621,0.0137254282583194,1.9854876376242432,6.224185420014916,0.2637669714318097,95.96023402574384,18132465222.75,0.0
0.5128879202467175,0.0403408055117421,7.125089265339685,0.0158212135609293,0.4874770694646692,1.8767695483759688,0.7425270864933352,107.38113428380169,10921469038.689869,0.0
1.9133966030237053,0.0556563117851881,7.591968456305059,0.0084943500800177,8.59110548368047,15.484027430976267,0.0614146525706584,101.98315282849256,16446279486.475494,0.0
0.5461392490506907,0.087630528236425,1.422349297291909,0.0044909656625454,0.8767493938640807,6.323672912207093,0.2803206297691256,128.33340892965586,10238330250.375238,0.0
2.7472130985223053,0.0339105085333293,4.375913986262465,0.0070268395363594,1.2011864247334856,6.90285200616632,0.5852816074530531,118.57296555165854,15276981190.238403,0.0
1.1782234889992216,0.0289367952253561,6.358484659757854,0.0018543651425644,9.429940731849332,9.973439277507143,0.1531257678454622,126.11927300721948,10747006088.768774,0.0
0.5459511495377881,0.0876075755800165,1.4210932852568947,0.004511567167306,0.874256503038687,6.327307503673993,0.2802809923254682,128.35297101404905,10237406407.32982,0.0
2.663619684079652,0.0838849572574588,6.137464044497222,0.0187114001386202,4.649663498974011,5.846929725422996,0.7247954051986513,122.88832654468284,11849079794.084572,0.0
3.259794888138963,0.0747780457935846,8.413255611480738,0.0597168868424473,7.336739980207678,3.007154518314429,0.7457215636392499,67.47828948137196,9347478045.362747,0.0012746613824243
0.6115620061395832,0.0065912780570258,8.548230313082437,0.0515058211201455,1.706618708840277,3.045578651114887,0.6664871456496506,118.07964720506048,11003590866.91587,0.0007205798415943
1.5284881331928937,0.0212776177976143,2.563704742370851,0.018197922981921,2.138831015349336,8.058355949587792,0.6704939615099453,112.1642401454246,15366786808.1067,0.0
1.8614659283098776,0.0682946957555573,5.777963731125398,0.0143040104750131,8.548209976743468,10.815603591548262,0.066057940359992,127.60055950802372,12109820870.207533,0.0
3.128967212464857,0.0482376133157372,1.661691740423496,0.0196328375999877,2.397537509939655,2.945351325140327,0.1054348983564413,127.76870642358034,10377324273.45102,0.0006073562620526
2.998859113186455,0.0447968460798895,9.961871969442155,0.0053553659159386,6.522547866706629,10.007704715239072,0.2315850392988593,94.12014145655073,13552856231.72464,0.0
0.5795179069036518,0.0858570861173397,1.2052404527368272,0.0036333383856793,0.840175246339842,6.53012810156248,0.276402602964986,127.76762093063284,10149771531.017448,0.0
0.9161866612042274,0.0971438699249425,6.392928663864642,0.0538787453644098,1.9399864238534672,7.399645388697298,0.5339899270964034,129.09991067568046,11676307386.650782,0.0005299626044158
4.207669693928134,0.0763757294076298,8.666583722343002,0.0036581417701118,9.207563811517138,6.089563842566328,0.0969288111242253,84.90784970084722,19533914358.00751,0.0
3.0169432840169983,0.0368895523752078,9.916471026528807,0.0110540340068796,8.443623824500834,4.790272624619891,0.8333234596302921,106.01385503888464,10366547390.967726,0.0
2.259372768209259,0.0892871105159523,9.95798600063723,0.0155150683285538,4.183191632936139,11.866828962561186,0.4852185863200842,116.4793389885628,15252200557.814592,0.0
2.356451042323409,0.0776178912265365,9.298915167798205,0.043506571718859,8.273791705232814,4.072824112987714,0.2745046283316604,118.11623778635932,18690407815.34315,0.0007092264719298
1.3598802417900644,0.0437067788502143,1.4924133736013068,0.0035527695223235,4.2257757044456365,2.227817561682605,0.7763167446175723,106.3726123948323,19218020579.956627,0.0
0.981834713277879,0.0223513824668147,7.816264082469923,0.0241176692705173,4.084837481034208,9.624510527043304,0.1739202868411703,124.04768709525638,17746777014.61749,0.0005575677909071
4.476369300287447,0.0864211395103081,6.39810333195624,0.0680781460272494,8.203243697093857,6.69114312295106,0.1483971314727238,62.31312614097141,13142885580.11696,0.0014140468701715
4.625707479593935,0.0956973260404673,9.138694941653242,0.007656033105986,8.454550958041679,2.347070244759016,0.4485455231459872,73.88505857775999,18359133856.39939,0.0
0.8330010170251507,0.068954283084614,2.1250110269927105,0.019186076222991,2.573854064345637,1.0221942077903745,0.4382865129845237,71.71311196045792,12382299386.90794,0.0008350074016298
2.617657352320739,0.0876545629338858,6.949637984489851,0.0158860060733301,0.3077539581400542,13.198898516774223,0.5727843801921185,122.88145818027677,10193584708.422668,0.0
2.80046626103413,0.0617396004172762,0.6810262220783112,0.0011528165794827,3.822917244762976,3.9664331934096175,0.4349519858771211,111.16272896257531,9027718555.20218,0.000506583570936
2.028110772108993,0.067274206388818,7.8560485185256494,0.0064947521348848,9.072838471542182,4.733197101916917,0.7116403712116731,108.1761501538983,9416067523.45451,0.0
0.5044823256669048,0.0157692461844708,8.829650687412597,0.0093407885060836,3.2037779760814704,3.367908542543604,0.7550506720787791,85.04288401190337,11375429166.051416,0.0
1.2785087367585386,0.0183756245080556,3.827065655841065,0.0053521987229285,6.032611759065446,5.423826422279857,0.1843832110653711,110.96610596802758,10786339537.693497,0.0
1.272971403451742,0.0202904847003083,3.3708107782448806,0.0092160111571965,0.4321725205140494,7.799304224268612,0.5364798283899733,103.68814009670356,13399056958.109655,0.0
3.739673418474896,0.0746228308334442,3.150336554978581,0.0153119275168644,1.8729287118503768,6.2748514885551305,0.1430102587273319,127.94217995467818,13441153704.45504,0.0
2.969584964618066,0.099501231476953,6.087367755434713,0.0110309733314664,0.4364653946496396,4.636516497794972,0.4645788893073561,126.1347448656497,11956968267.509275,0.0
0.8271333311918174,0.073338890639024,8.583055463300083,0.0463739888770551,0.4650450068413135,3.674417860658937,0.4604134566289936,103.5239009796784,11787916619.75164,0.0013675784256228
2.2302891452854348,0.0920631719072359,9.329044456629552,0.0050719980707825,8.106686975248053,4.235691862551567,0.2496752205812138,90.96138660274792,17440568793.958675,0.0
4.260782621928938,0.0581392138015882,3.471447334602524,0.0178657655501047,2.583034798646721,7.939624532737755,0.1370232705634261,87.38213258121333,15509348157.523746,0.0
0.8297098390334969,0.0232993032201996,9.4174565709331,0.005781107509592,8.275547271681251,8.992663230173518,0.4861691837338324,86.21350731975367,15346087573.40746,0.0
0.6163348207099419,0.0442897967548466,2.5017189987994755,0.0788634461752791,4.415658394410449,15.563867561476894,0.4954679498175297,72.64696327904089,12920299679.890947,0.001417015062586
4.405898858015077,0.0812682097039704,3.56230499836967,0.0202613248355011,3.236199166325047,9.3541891687876,0.0777791868775649,113.83022490196704,16677776937.793509,0.0009659142095107
0.2435622223027264,0.0746796274104105,4.938934496417905,0.0231677013588061,1.2868839895095252,6.380762512133419,0.2643036276899574,118.26035766732134,11374212536.92584,0.0005928453572937
4.851024999756872,0.0744608828234746,6.127138408702222,0.0042493352937414,9.562972068980333,1.410264745703361,0.4322769165772717,96.04377239877354,18352587701.22052,0.0
4.097256540784778,0.0370260884386177,5.809249616230447,0.006593331946132,3.155221016479811,3.318161059163778,0.5423844984589776,102.55563427836938,19799550850.7943,0.0
2.7328339606652507,0.063153604125754,0.7812422157944455,0.0018412739574047,3.841150446570923,3.606839941450029,0.4346942431564031,110.91641465663297,9201675931.951302,0.0005006664958719
2.5577117368870192,0.0328080621236066,4.159834849380469,0.0093079017043944,3.600183873618439,9.21952684093263,0.4729464794500814,118.07726361938508,11255192498.452578,0.0
2.95883698057652,0.0896927436481614,5.95411638407892,0.0307169789318505,1.6060808878758892,4.181113238833486,0.3229125867978697,70.55591229264725,9077779928.306458,0.0011987061776442
2.746334234178971,0.0339308023527634,4.34480686822124,0.0070909532442394,1.200739276532597,6.918707462589019,0.5857238228398957,118.57070452402016,15280605253.926796,0.0
2.007271569793136,0.0660625006875502,7.931595940705697,0.0047558146603564,9.115384302743664,4.564228700102269,0.7350155729587884,107.42581460823943,9355773313.528193,0.0
0.3538487989240394,0.0414940439152204,9.32712349528614,0.0037935422679977,3.4700256142321515,5.780768014413071,0.4026918955572741,105.48588274482503,14952268241.664087,0.0
4.095462550984163,0.0207989872673379,3.4642405115968047,0.0044507506328448,4.016859813390056,2.497717649016385,0.4943949317692906,100.98957452535076,9396602129.645555,0.0
1.8767944658724205,0.0321577771204307,0.7169508623112136,0.009526964013918,1.042096228135334,5.6897747263459255,0.5539495276404056,116.73103706041692,14931568463.751225,0.0
4.913121489331052,0.0665661406345729,3.324786961501887,0.0639017417444418,2.14953866921135,3.5723543110743483,0.7891302596349413,112.17251119528864,19936433002.957115,0.0009161213179766
1.2897067628418282,0.0168140206110156,3.7673001016341,0.0056697075666883,6.143346482820077,5.331062015917036,0.191422140237639,112.1825241660868,10760405166.64743,0.0
2.654404633778797,0.0346069148709403,4.166593844178623,0.0164744775020489,5.040742935376038,2.6363034426727454,0.7140695686930453,111.14661234852534,10061325733.185904,0.0
4.391526575715386,0.0846223187141262,6.880237380500873,0.0164098802222565,4.500177638532708,1.3177644684853806,0.4239775778002301,116.2605353225432,15160288100.943306,0.0
3.916639631594826,0.077987338032155,4.52406064896952,0.0056520033817379,8.112132223974116,11.125770005857138,0.1073657393799282,124.5438742655012,11607027698.798534,0.0
3.628977980468867,0.0456029534205445,6.808041129386663,0.0020999806215926,6.869024153657891,15.496212347717949,0.0861806211961637,95.7822462735522,18002804679.254276,0.0
2.424032256522836,0.0731744984104494,6.478745901192924,0.0276899011179666,3.0234720847621523,9.26293303274132,0.215282567011634,108.01867411337948,12648464184.018076,0.0012160119629497
4.507934572236571,0.081095748410577,5.525653209498741,0.0157870366531199,0.5866589663343014,8.824189318955042,0.1054292416000819,125.81376169926966,12815088026.154425,0.0
3.360389566996,0.0623020591585769,6.030103554771529,0.0066003129686192,6.00708216111743,5.779379332360888,0.0345419278531335,124.95917312924892,12388554555.546556,0.0
1.641680910584559,0.0289524683298942,1.7746400209359936,0.0067095835097618,1.1367139001613928,5.733454993909371,0.5642951361821843,121.88538649820798,15065742086.166056,0.0
4.28391733296722,0.0395627812203449,1.3840246867030308,0.0136155515898041,2.386462742968081,2.7454004993334773,0.1144793188519522,119.00977124031002,10131966512.028667,0.0
3.272657500009259,0.0095670144113329,4.298343191471824,0.0041170228660991,7.1938619239188215,10.85561409062741,0.0961459299872527,100.87536788211068,12611358229.00064,0.0
0.6365141747327355,0.0853513768153683,1.4746310820716977,0.0037987325195582,1.0613641092698645,6.604417087086496,0.261423006892507,127.72906492963924,10121851798.023746,0.0
0.2734637623560713,0.0713852309869926,8.159076071910752,0.0079605101120419,2.8268203011801,3.078065878492952,0.5031876553142854,90.16925771357796,13835315165.588066,0.0
2.911750407828774,0.0848484835994259,6.082788174244332,0.0226448535084755,1.3792888618820416,7.397925155345826,0.3450362692930498,81.71943435798279,10748654453.075008,0.0012890412905146
1.8567125525395043,0.0566415444973005,7.153103790921993,0.0038603523608589,1.4532595854631247,4.976976172674995,0.2539091730831467,123.978629028807,10853359217.73058,0.0
0.8873087879229111,0.038002241148141,6.391233510193866,0.0050333508417946,1.116707954484386,3.740594252986391,0.565495575289266,107.21831388905228,11154438525.971403,0.0
2.962037487175761,0.0292728626945535,6.348070919968086,0.0375424060610083,1.7125605326861395,4.269992538643243,0.6861612351181737,97.13259180048937,9876457335.764055,0.0007779400036791
4.391526575715386,0.0846223187141262,6.880237380500873,0.0164098802222565,4.500177638532708,1.3177644684853806,0.4239775778002301,116.2605353225432,15160288100.943306,0.0
1.221779844980276,0.0637159122410205,4.178590951249586,0.0142476571019547,3.436591705086387,8.073766538770997,0.5524295502863191,128.5717078606114,10861909990.808878,0.0
4.961873583924702,0.0600443812148811,6.477474162341228,0.0049243644974917,7.610713390318998,6.714016494653999,0.1547911499583859,86.39678131958436,16302115848.04314,0.0
2.605185400432448,0.0904268886231122,2.9069227132058897,0.01205415548628,0.7213565239399176,4.979955163851025,0.1073619193347753,123.25724249337595,12243209573.218643,0.0
0.3738246316907435,0.0977768460520321,5.01046822914036,0.0242517356278675,0.6834456934720542,8.225177344124074,0.0180034357688587,128.71448579178764,11393526009.744955,0.0006631313607014
3.6228749823445936,0.0456025389918881,6.800893534380306,0.0025743681414686,6.889025487365911,15.471539480083065,0.0863051691832537,95.8586065555153,17965093883.79489,0.0
0.8170227580665668,0.0077045573844443,5.242439872030064,0.0029803678515604,9.383640125098491,10.30239894372721,0.1400629250450263,109.20744507361346,10634081867.286297,0.0
4.846568065029815,0.0990571844755755,6.207395672157538,0.009328079797704,9.11359698036686,3.438375367973152,0.1793460605741992,122.53950036833552,10287300241.8509,0.0
2.0420518586656056,0.0679066791219145,8.905714641609325,0.0089756361331768,2.7170239934389797,3.618710569561394,0.6455066789390508,112.01568793835052,13148416602.35801,0.0
3.69306803986836,0.0982770188649161,1.636068255783501,0.0231489967593986,5.593070734190904,3.6740759483776784,0.2081431168641097,121.87523835327198,13655421036.065351,0.0009480248511349
4.600267348978652,0.04106427453354,3.08847742186532,0.0249069743401118,7.648065209467188,10.858214555735714,0.0350938343549605,91.13578968802884,19055381241.12805,0.0013634387170278
3.598239029081639,0.0141180651106557,4.798398845441303,0.0707567102262382,0.6993453766921348,4.783623045410498,0.491378992052389,60.16197853725308,11046839064.29132,0.0013738517827145
1.8906704147614315,0.0228011736987102,9.103834549496492,0.00959285388954,9.277927706617524,3.377042717194054,0.5799822235516359,118.45002625583436,10523813592.917322,0.0
2.323255076511406,0.0725047569516405,8.999504908780686,0.0098322545864355,4.092630076591166,5.3508761701571625,0.5305751612954064,122.12419899412724,19782986654.139183,0.0
2.307637027174908,0.0442724735504749,4.852167422386183,0.0172930809910436,3.288867387475278,3.108911871946745,0.4252269642494397,105.93773417368816,11688802041.264288,0.0
0.3738246316907435,0.0977768460520321,5.01046822914036,0.0242517356278675,0.6834456934720542,8.225177344124074,0.0180034357688587,128.71448579178764,11393526009.744955,0.0006631313607014
2.944211976095374,0.0818848952125708,7.967012703429657,0.0151171989323724,3.736554543144974,4.255631883338599,0.6324137905174111,121.82131167478104,17958908221.604576,0.0
0.5268546220147762,0.041247510170165,2.7788104224006505,0.0362105000783986,2.2541209645603204,1.2975530352749436,0.5984953627210025,121.9995525855245,10731847880.426928,0.0005460410986064
1.180198153179854,0.0242195618169234,6.501673205100042,0.006882966819045,0.2349421641563321,1.20208957493084,0.6683330324142074,112.95032228692,9067233203.282175,0.0
3.903329786421601,0.0258576761380517,6.900605079282856,0.0137081279671829,5.51686037930908,5.431945618473538,0.595119037853957,99.45761838988626,9494499303.620731,0.0
2.017878809466082,0.0517172702105445,7.587644462681698,0.0152985039741617,5.371588915101492,4.869273411482049,0.5372019108250393,110.74762438210496,15353540102.548569,0.0
4.160353100440154,0.0407534509743388,2.772550694570913,0.0206228349458265,1.6354721534644845,9.218298551070466,0.6485436922230676,123.571440502997,13733541969.117004,0.0008869097903
4.967933338713348,0.0617066006338467,2.5358157291426715,0.0265738134409593,8.240713626235706,5.167083146722885,0.475190795216322,119.56384884570136,18362111832.870148,0.001085143483514
3.354210066036956,0.030944430343694,2.8792275340846025,0.0106229894098054,0.4875367618202384,7.566255418940384,0.5402904614789459,120.32820484043025,14100318394.78329,0.0
0.3164143977060901,0.0537887524272573,5.471662382059737,0.0104992587325701,1.0399336626078357,2.8498465969655693,0.4834236394501906,102.30089579772849,12745159257.579872,0.0
3.5662883214848344,0.0858205346024119,2.0908586911396627,0.0719293816659302,2.079490319472712,2.105500092105368,0.4279397247473399,123.10400450577517,16364125615.15272,0.0010286521642556
3.360389566996,0.0623020591585769,6.030103554771529,0.0066003129686192,6.00708216111743,5.779379332360888,0.0345419278531335,124.95917312924892,12388554555.546556,0.0
0.2748052591524508,0.0715376729808767,5.064010643561032,0.0239920214530699,1.3334491354344291,6.360169754266901,0.2394995507913845,118.29468854076036,11525905010.071297,0.0005872957631894
1.3214086677414856,0.0445366567658844,7.349383992260376,0.0109834225131002,6.2226238115892265,6.937864339771137,0.1750247295996314,115.20949671639984,15555676459.692226,0.0
2.1729933497461333,0.0610297437967013,5.438910655904551,0.0164176036126208,0.5937373773197953,9.098019713755049,0.5330903237807362,117.04850195293488,14478673860.908575,0.0
4.097729903242235,0.0545432636816135,6.503697980723869,0.0020688918029159,5.883971242714848,7.499320357947649,0.2257728414884602,110.04830509582852,11239801074.285007,0.0
2.9969095384219435,0.0879844262054585,4.531163502852177,0.018665041471399,6.0936142051754,13.225331092831366,0.0176742533728867,119.5200603740856,17515485086.34707,0.0
4.332164810900804,0.0798871699515931,3.980253054405399,0.0122378728331333,9.007904561114067,5.894176826736896,0.268848339174278,107.53901309913527,10612404801.52327,0.0
3.432921756686374,0.0967342663629876,2.707651367171167,0.0082464909226857,3.859638385246336,5.554559849389736,0.3065282768868603,125.07581900617268,9373170458.327986,0.0
4.868429521577139,0.0742411676348035,6.123093445754916,0.0043064036458526,9.518790867867164,1.3954517202422618,0.4345680882571537,95.93131192295888,18361993204.053604,0.0
0.8493942134382924,0.0707259813226309,2.090539883265634,0.0207997840908977,2.4596198156850675,1.2974633412499033,0.4458501399137385,70.91061727314131,12491915140.838192,0.0008019007734688
2.003783992570509,0.0956213391944804,6.988214441212993,0.0107927166049983,4.786285755673271,9.025730963999107,0.1278706520231778,89.28315061983876,19221529644.1436,0.0
2.8434820643358454,0.0802121494536492,8.073836059530418,0.0178412872734612,2.915257526771989,4.224655165565429,0.6472524496600607,114.3168181996719,17760476535.880836,0.0
1.6066762557140748,0.0744562877211075,6.696542678009204,0.0419919168095906,3.243637702411716,2.4138181693954426,0.7051933983118344,92.17634642139608,9416492012.333788,0.0010820326252402
2.79452347432222,0.0348348938708826,4.346950345171758,0.0062077790688784,1.1639148016032514,7.12539179557363,0.5820332754537424,118.53034295744528,15359607350.0374,0.0
4.655667354126541,0.0760826996996884,8.0975941246787,0.0022629746741862,5.698012116406909,7.170735766544722,0.2727616932179201,126.35882003557094,10284665814.872868,0.0
4.719373419417796,0.0930291048389561,6.803088316676013,0.0219937346433697,2.19475760264291,8.770932956099465,0.0560758678756715,107.1248077241992,13848347525.73543,0.0009104016952175
2.863275117852896,0.0984182415128824,0.944734820218195,0.0411756003794856,0.5536110989055615,9.255851401616198,0.5254951648311097,123.10448980376556,17799653988.79339,0.0007934976952943
2.904808513330324,0.0558375664184748,7.30081547143078,0.0054162483742523,9.280878361773556,6.747365359381968,0.1064132430920328,82.40930293995189,13055404129.750978,0.0
2.536789852316669,0.0302592191784333,4.273287065823004,0.0090577787411988,3.625564827681819,9.228107105139332,0.4723539308219685,119.09773931189336,11225863278.469925,0.0
3.028131683665181,0.0785056150190747,6.573381061343019,0.019731866140708,4.624299215294025,9.177539333401356,0.325673565634385,93.99612413842893,14839142850.757269,0.0009412861744356
3.195205634945957,0.0352190194790432,2.523209199654561,0.0573603288922777,1.7883651744783993,1.473202331374891,0.1258052058123172,101.5536339786034,17393333687.658287,0.0006962381751357
2.437674016124712,0.0268018361910426,4.963201863601489,0.0060172058274184,8.504800537936472,2.98637736999982,0.1880762452112183,94.57255308933247,10271075863.932594,0.0
2.7328339606652507,0.063153604125754,0.7812422157944455,0.0018412739574047,3.841150446570923,3.606839941450029,0.4346942431564031,110.91641465663297,9201675931.951302,0.0005006664958719
0.8909710241174741,0.031323396068142,7.6433187097125295,0.0205558779700235,6.024850387611676,3.607944350215022,0.2897753463596651,103.94860468318518,10600159427.731035,0.0009925379463035
2.654404633778797,0.0346069148709403,4.166593844178623,0.0164744775020489,5.040742935376038,2.6363034426727454,0.7140695686930453,111.14661234852534,10061325733.185904,0.0
0.7496961828480766,0.0499302332490242,2.4368549615446424,0.0508086330186147,6.8659753908115455,2.5565659329020924,0.5695122685772601,116.0667354080847,11149613991.36599,0.0007417632052994
0.2363485188098969,0.076198529909131,5.441522235190601,0.0199152635651743,1.5282318383995304,7.857598618564022,0.224925148923563,119.24381865378878,10641651741.365875,0.0012354271470671
4.346461016250606,0.0813681035636441,3.130483140759463,0.017349139235055,4.284536677139409,9.358593853192158,0.2928738461051848,120.35315116128676,14720694532.133476,0.0
1.9188758949473723,0.0555382261971531,7.588164098129988,0.0084045327943379,8.596585021198095,15.487889473247138,0.0612747470044141,101.52271013599238,16448849649.171867,0.0
1.0477777297609157,0.0648769471010542,7.655652176678513,0.0410398423667357,1.7105784558790298,8.332952716710903,0.3738317793075476,72.756092037167,11974788533.880236,0.0012186875439077
3.429249417963734,0.0893588032288635,6.409044699462058,0.0104495926539417,4.523372945954091,9.287671653287306,0.1430210812500444,108.52808184062629,18614113317.9892,0.0
1.8905430121272249,0.0366560282758049,4.663629029064767,0.030761703814632,1.945400289409405,5.335760662472661,0.2349158432235358,102.62183033508929,14379872552.746887,0.0009667909257796
0.8700318750089553,0.0715596026734453,9.530791900056608,0.0069244827291156,0.5710193255030198,4.308062422181301,0.7723587540605752,110.3762171745049,9958283453.064108,0.0
1.2597791021963043,0.0824166389899396,1.9559307003134865,0.0145326076624049,3.617138247114657,2.995707237280637,0.3126001019062536,105.20460662280846,11876908311.152847,0.0
1.9684370745025053,0.0324433507109902,6.79286511623765,0.0061150728557212,3.657104396260175,7.431161638690957,0.6933113035590445,82.667622210598,10159728451.120464,0.0
1.4981215477061145,0.0574294082036732,6.500995736262447,0.0108863679725941,5.920946732245462,11.390951831194975,0.4653625774445445,102.42089590566816,12423779607.188087,0.0
3.246875871082689,0.0731889773386993,6.338655760463452,0.0135500229369026,2.1696223487186463,9.425614972207082,0.0772202797287322,126.69920676334246,13636217650.366562,0.0
1.6711106433674117,0.0676735759572979,4.556594033783955,0.0036442405609713,9.978074278134308,6.458409047872896,0.0712362826469207,122.4291455752374,11006749947.080671,0.0
2.054640178736778,0.0654308864333726,7.402029379810892,0.0079313815169375,4.640802716962401,5.7873086723126805,0.3536492011480968,118.28012860298897,12388033004.306845,0.0
0.3132663062644402,0.0540421658363714,4.3737831586639215,0.0307693662168091,2.5114675522602736,5.069793891933174,0.6411582362570165,129.41578565800876,9266730344.288898,0.0005760180574721
1.6445871755999837,0.0747237166402484,6.150576424804467,0.0025385631920161,3.882405620725826,6.405883765089123,0.6146332727856214,123.27346033096312,19588506927.608917,0.0
4.618186726252291,0.0974859352554732,1.4815777461825663,0.0598499625785129,8.020982898855713,15.262433714199876,0.0571908147387878,110.03860116504,15759335006.36511,0.0005518976851054
2.079477011070047,0.0964957272799176,9.214224292566929,0.0490279392508364,3.614639782380813,17.26664934094426,0.7177670365013947,97.049198346651,9313385159.227997,0.0013163103076085
2.437674016124712,0.0268018361910426,4.963201863601489,0.0060172058274184,8.504800537936472,2.98637736999982,0.1880762452112183,94.57255308933247,10271075863.932594,0.0
2.877518610449468,0.0244625655038567,3.3726629468890965,0.0063938603461692,7.231318546948574,3.715973757792326,0.6713636633076334,126.80887446843148,17900713581.307,0.0
0.2444216922857693,0.0746752294244163,4.9351459257902,0.0231671037721309,1.282246305777034,6.3581081132246124,0.2617079816494367,118.3484663455852,11309961432.901426,0.000599895168101
3.4411750038534814,0.0697316116934403,2.725826900560513,0.0041778259530006,0.1318021404963501,6.873138365738806,0.5996065402931603,127.63672926963235,11085665335.395643,0.0
3.128967212464857,0.0482376133157372,1.661691740423496,0.0196328375999877,2.397537509939655,2.945351325140327,0.1054348983564413,127.76870642358034,10377324273.45102,0.0006073562620526
1.843534660348758,0.0363833507910346,1.845544405967371,0.0729565294648981,3.750666270016804,10.74233968752727,0.5155681979614721,74.25872673360573,10595444966.660542,0.0010702635099492
0.8493942134382924,0.0707259813226309,2.090539883265634,0.0207997840908977,2.4596198156850675,1.2974633412499033,0.4458501399137385,70.91061727314131,12491915140.838192,0.0008019007734688
1.6445871755999837,0.0747237166402484,6.150576424804467,0.0025385631920161,3.882405620725826,6.405883765089123,0.6146332727856214,123.27346033096312,19588506927.608917,0.0
1.1371650073026487,0.0729202106444181,1.0309414909269392,0.0049644610174379,8.361354206539684,1.443480174579845,0.1695839412385479,122.71882124501988,9637289547.49624,0.0006938452387189
3.4561318016036373,0.0461356646999962,2.491302821205775,0.0384342844288761,7.300165245971159,2.1673662821741857,0.8161081949778785,103.05014114923476,14044701636.151209,0.001398681947465
4.572961523789176,0.0848226845337607,9.201591528415122,0.0065916337631338,9.781902846594951,5.564201741100345,0.513494115236285,102.59159248810904,11412081666.396854,0.0
4.097729903242235,0.0545432636816135,6.503697980723869,0.0020688918029159,5.883971242714848,7.499320357947649,0.2257728414884602,110.04830509582852,11239801074.285007,0.0
4.594073260256701,0.0255039696452122,6.865831443208373,0.0239206461135083,7.465795647431816,10.768603067020484,0.2745079210551184,67.24909526865348,19667679458.02484,0.0013818410948844
4.097256540784778,0.0370260884386177,5.809249616230447,0.006593331946132,3.155221016479811,3.318161059163778,0.5423844984589776,102.55563427836938,19799550850.7943,0.0
0.4293882341844161,0.08815714617119,6.735479015605367,0.0821715553301872,8.750392695058117,14.408763822681609,0.3556451387288915,128.09340392628604,13582702704.937227,0.0005559438711605
2.484274541874936,0.0960998298847229,8.952958181900119,0.0215615976672659,3.918879516343213,2.957078945374041,0.8125263587515592,106.14806662230968,13771443921.113209,0.0009769493438414
2.978066067502432,0.0703487171972184,5.819822226267926,0.0177315319911609,0.8458796910682106,4.121659039539097,0.6380964573995976,121.69203338175303,10410759033.60468,0.0
2.3142384125218203,0.0335448713636395,3.057847031292896,0.0526587404787915,4.372455207171526,7.382107088912534,0.7993393163225134,62.42037669866424,12749724222.656591,0.0010753657669684
4.324176910394963,0.069967472654684,5.9646443382685,0.0159664718085369,7.498629471660597,7.78823971146227,0.6434376572646651,122.73130744488502,9179879112.939823,0.0
0.8668362081682751,0.0141233382178679,9.157346646668811,0.0027790368779071,7.410899637383482,1.1351931411884235,0.8297714560457691,112.33435050768736,13787056643.679676,0.0
2.790551904535401,0.0394854357645601,4.959609739028959,0.0094716325983391,5.646895751709656,12.604916665283682,0.378793438669219,86.36113035114158,11682726624.384687,0.0
4.200803010940776,0.0354559660802209,0.6942320170663755,0.0885800562016618,1.6799386362457296,11.292139988613476,0.0784873204299629,120.84582255395496,15182441403.759115,0.0008062689791027
4.095462550984163,0.0207989872673379,3.4642405115968047,0.0044507506328448,4.016859813390056,2.497717649016385,0.4943949317692906,100.98957452535076,9396602129.645555,0.0
2.2171043448820544,0.0850313973090889,8.745121931644736,0.0071436993343288,4.54148777418959,9.54859287062353,0.4951056619081704,126.26977499081326,18208086365.53959,0.0
1.03067665502154,0.0158663466336085,4.787344056103342,0.0154451066472788,0.9426182691732397,15.239063605665764,0.549513555610899,112.15153775652112,13872435070.244814,0.0
1.3262035831430814,0.0727383124379643,7.335905703302135,0.0635552276738807,4.14880233208888,1.587856226795368,0.7865714928572608,80.00552240968408,9397010821.690643,0.0013820403545336
1.5192768808128396,0.0398274260277779,6.4873862600081065,0.0206260869123649,0.434907758053969,2.353467749179147,0.4869629869956003,66.26870163698335,10662047552.844728,0.0014594614190363
3.3419529512088686,0.0271572728629253,7.588034251628737,0.0295427594793275,7.653376930022798,15.382924745261365,0.0999429634633857,120.02348543824895,18884746825.175205,0.0008551733652978
2.0881096104037966,0.0183902699093463,3.692119782929365,0.0252291778305568,3.159390860959915,9.872798696038796,0.0759372397937962,123.20320740229828,16909814055.672966,0.0005511030368819
3.238462884963245,0.0376416595405259,5.410052915913725,0.0050313123019472,5.786691294148142,6.643987540129949,0.2601601279536737,97.4924925335413,13305335530.856222,0.0
2.5813152445948964,0.0863233734584224,3.4812893355641266,0.0104708677210537,2.334700307711091,7.935335273829603,0.4475828375211758,127.39471752633982,13877930881.23369,0.0
4.547575722812393,0.0431734859986349,2.2863735247215584,0.0582699931539367,2.179059960469952,7.380748149347684,0.4582891161558966,102.36319896756751,9735756318.428793,0.0008643009775906
3.6104247356564554,0.0162131961239534,7.025703201373532,0.0080048409592721,8.601710578434338,14.36058380672472,0.7930379019789824,95.76523430565476,14264532838.28237,0.0
3.161822859438886,0.0148614351290124,3.949878911335551,0.01215027342699,2.2670991525552515,5.58447817304728,0.3976506545676079,111.58215773185572,10310047111.510077,0.0
0.4290162041237688,0.0793401273519031,5.34365730198179,0.017890517566417,1.2917429057558458,7.75240401269053,0.25048529748701,119.42030206078984,11073401534.498234,0.0
3.092628537902387,0.0451379643018447,1.333447214462675,0.0262473273345094,1.0646492394545342,5.175927260424122,0.1785204545686449,118.47964126741188,10980585443.642246,0.0005954134533186
2.6524429791056336,0.0346082746890669,4.166085224514742,0.0164535566825178,5.039292305179661,2.63009364059865,0.7140087528030921,111.14785387411222,10058122254.905745,0.0
2.5797619373899865,0.072208928359617,9.81387467997268,0.0178417035809894,7.876450718828186,9.60629236286244,0.1404875456427833,124.94273057509758,9837842533.7577,0.0
1.0736778259903197,0.0573967067841921,2.1034001681799426,0.0169990849217103,2.119867177986688,1.3293710777594685,0.8226546102774828,122.44156100182715,12119839081.500822,0.0
2.7271429238965657,0.0669536420124114,3.7124359076582327,0.0274016886625655,1.1292562491955231,6.925598517899129,0.5294933616464094,118.57322633518136,11097373911.24552,0.0008194317655166
4.405898858015077,0.0812682097039704,3.56230499836967,0.0202613248355011,3.236199166325047,9.3541891687876,0.0777791868775649,113.83022490196704,16677776937.793509,0.0009659142095107
0.9025979285189264,0.0209039472905916,5.241422653474616,0.0137549249708428,4.0802027279810655,10.363003029664888,0.8383845714077044,126.28705427441142,12664908943.651058,0.0
0.2611629879083332,0.053296459637193,4.370077171886768,0.0290506329820395,2.586831842981622,4.8965317781434985,0.6443902345076462,129.25955418047477,9321401415.006905,0.0005767841162933
3.463533501078718,0.016245104340189,1.0688791515596257,0.0027153892165693,4.944815468201608,6.947816211514521,0.3488162487729597,127.0167147132111,10802431253.22205,0.0
3.528771080033423,0.0229691752764118,9.838643161160318,0.0786021998410157,1.8019470857401267,5.128788268606471,0.4752179283674947,74.49413723243293,13251312813.985653,0.0011529717221099
0.1806443905105218,0.0071496785331152,4.889997853909267,0.0039372180598004,0.5586436347258491,1.8231021321320733,0.665592459979356,118.54610499260092,10076557794.38836,0.0
4.153973420800265,0.0801306303449767,5.890459966313174,0.0154469057891947,2.0877434666604597,8.300574891795195,0.101007945106039,125.23026629240972,12817433719.906246,0.0
2.734077586755548,0.0807529059206343,6.670424823036584,0.0219795451318167,1.2865421427673045,13.146880254457628,0.562822570927317,127.63809992378728,12627100305.989412,0.0009830254479555
2.485379686492009,0.0314335294835674,2.693112269514154,0.0057640995781639,4.12547549761166,4.98707629865664,0.5837555716058932,95.57816150339642,9457533570.404564,0.0
0.5128879202467175,0.0403408055117421,7.125089265339685,0.0158212135609293,0.4874770694646692,1.8767695483759688,0.7425270864933352,107.38113428380169,10921469038.689869,0.0
0.998894253795134,0.0828360386630451,9.720716290983496,0.0614390801193407,5.967211824501343,1.2002663637927262,0.480960288874576,92.74273768603284,11467662776.092253,0.0009666098925231
2.2169457404268105,0.0696719200533064,3.078200507766092,0.0025245291969419,5.742948862655138,7.909608441146278,0.5359699390998991,123.78614473585208,14722421237.463425,0.0
1.2990657233198628,0.0521781147863438,4.794591343268422,0.0255493252386045,0.5010698775044444,7.601647741307548,0.3576206048428155,127.22378318919274,11009312621.502523,0.0011535284246247
4.168213195271445,0.0806593363893106,9.322749262806973,0.0300122340981946,7.529875269033155,1.4679544442504813,0.724510076686134,90.44472358635696,13725566761.366714,0.0008088273052974
0.6236028415445086,0.0109152282397153,0.8239065501968089,0.0463885306003007,1.1332559175201635,3.8679423441340473,0.648428874799782,81.59141234857718,10771063666.21074,0.0
2.505644905814812,0.0962179530845289,5.867637542347397,0.0264987320253229,1.8799441502579848,4.390263207568083,0.1841319897554379,83.9993756641041,11002120068.711931,0.0010111906610958
0.3952173847383314,0.0542657283405721,5.4636837703481165,0.0102482086924079,1.3940868711317915,2.879419894160568,0.5028396946527677,102.85333928162488,12704649600.727472,0.0
1.5883904457066202,0.0688608646534652,7.384157034083944,0.0131441603837357,0.977147102469843,4.889293083603355,0.6876219654477511,118.6452764472173,12392173424.970634,0.0
2.978066067502432,0.0703487171972184,5.819822226267926,0.0177315319911609,0.8458796910682106,4.121659039539097,0.6380964573995976,121.69203338175303,10410759033.60468,0.0
2.835725198313123,0.0646176097353398,3.6737058165802434,0.0278711940847914,9.49700217111532,7.521623186544175,0.8121199440215526,113.47326262141414,14041713110.58694,0.0008352890838961
3.809712974395248,0.0753773602153561,3.063828973341609,0.0150833038114713,2.174121673433331,6.127943629278464,0.124547659259152,128.73760463897557,13379307370.395044,0.0
3.058204290226524,0.0941869125001422,8.413060500474977,0.0138385478992069,2.9428076055902594,4.834915664358445,0.4985857814610765,116.06981323138368,12027909532.952393,0.0
3.603620523642005,0.0518370270612372,9.976200235175364,0.0013163229620664,9.774933299302328,13.418000626638577,0.1175703547578039,99.46731150784652,16719870455.0792,0.0
1.118825061841173,0.0880620903796445,2.2852999795986544,0.0044751753743465,0.3524817586955713,1.5421815371191987,0.4047821082401094,113.88126395989228,9391602015.481688,0.0
1.7502577654433686,0.0684757078613531,0.6898093824611585,0.0137354545165674,1.1751754414576785,6.901244326989403,0.6207932225278776,115.21559983653816,9071408674.868176,0.0
3.432921756686374,0.0967342663629876,2.707651367171167,0.0082464909226857,3.859638385246336,5.554559849389736,0.3065282768868603,125.07581900617268,9373170458.327986,0.0
4.141008747803095,0.0820028555747145,5.380455335243502,0.0132441449310199,2.583691270133589,5.608221851115588,0.0820966086579005,126.8488460872716,12954184232.628944,0.0
3.9996791582034255,0.0705320125349178,2.131256583508313,0.0308591655501925,7.297529310064329,2.830971200255024,0.4483813327877086,75.16253009163916,15760103070.574352,0.0010332984629302
1.2474813783401804,0.0872608804359393,3.0125029890710056,0.0041243113880641,7.4676123239919425,7.488567445642726,0.2061240144779599,100.48557654678932,10055827260.927835,0.0
3.557110347261422,0.0617149776057136,3.58862239590236,0.0041211410525489,1.476738861163811,2.2685869164009347,0.5557028839691924,126.3766409752979,10191385856.739952,0.0
3.761977208676255,0.0473369420631643,4.294077832024687,0.0067173827008783,5.89462857272524,4.934068398409352,0.453674998509751,121.23201670946476,9948037938.84126,0.0
4.368604919468988,0.0870867461498811,2.5108427302366234,0.0127101683044731,6.277865439034311,3.593378800571969,0.1525501639989872,126.09197569852144,10135496309.649654,0.0
3.5272322104664933,0.0863940348582817,6.225558130266109,0.010027949534972,4.676139788347438,8.571870464750035,0.1484030989249051,111.08317959754068,19061788079.5341,0.0
2.374116202853758,0.0911142828483201,2.0186812773007423,0.0350932795996214,2.9390861458342497,7.570258601036123,0.3522345958314259,123.22591290831188,10213386347.401344,0.0005804204497771
0.3538487989240394,0.0414940439152204,9.32712349528614,0.0037935422679977,3.4700256142321515,5.780768014413071,0.4026918955572741,105.48588274482503,14952268241.664087,0.0
3.394391550344958,0.0544366851527304,1.1871991273205744,0.0437946957217454,1.6919729491424793,6.327568584075888,0.5735597464413845,85.16432019303338,15166885237.145008,0.001235824629782
2.0393510407662583,0.0818086639903491,2.606625008947587,0.0384756466433891,9.611834074817908,1.1738976632424485,0.5847071431389835,94.21591513441942,13455659667.6928,0.001009322382767
4.571201659576658,0.0855589908243388,6.269693622619375,0.0556757622603942,8.295247831218783,7.80293876544042,0.1666296658159121,65.61284195296147,13421203822.969704,0.0013597322913705
2.746334234178971,0.0339308023527634,4.34480686822124,0.0070909532442394,1.200739276532597,6.918707462589019,0.5857238228398957,118.57070452402016,15280605253.926796,0.0
4.863487719058222,0.0737977464544455,6.119628913307594,0.004468167660205,9.51635390865252,1.4617929261732066,0.4332807512458818,96.07031519742624,18359887922.18266,0.0
4.797845415147826,0.0524658203072336,6.5169414492084,0.0015375039301228,7.70325710753489,19.14380411042385,0.3455381063440224,101.34151225776723,15718219419.946692,0.0
2.7037290681512407,0.0558174249229016,1.3839731279014922,0.0379128637962382,3.804556593967292,3.098280508384237,0.5398663644637425,76.00283679838115,15468177411.117718,0.0006346736086579
0.5172911384612853,0.0401651577911077,7.124980309144702,0.0157937901443517,0.5092810177026771,1.855005566866782,0.7431392776790186,107.25938273194896,10919893329.40643,0.0
4.453208781134624,0.0946960862419063,8.49901925763238,0.0145587465294576,8.33510821498933,1.780259779656507,0.6179623906933221,96.54408412093464,10688960349.754822,0.0
0.9227046802582034,0.0363374280955376,6.296179113955595,0.0067945145282932,1.1804640903475545,1.5736119320401003,0.7530531216829196,85.77087817465201,11539893891.665686,0.0
2.1622414286761917,0.051054073295195,4.487797781566957,0.0271648015928834,8.40440351931694,5.4727131088222185,0.711825631634032,117.10972694406809,14299346749.15597,0.0005932494697726
2.017878809466082,0.0517172702105445,7.587644462681698,0.0152985039741617,5.371588915101492,4.869273411482049,0.5372019108250393,110.74762438210496,15353540102.548569,0.0
0.6057887269683427,0.0569841790554071,4.2063856825300325,0.0216929972487592,3.2196877710793337,2.457009874251159,0.349352884447963,93.24342688574428,12017143565.168966,0.0007878248000394
1.4386454567262006,0.0596143053198725,8.5667336360252,0.0290139325963248,2.50221889693799,1.8006861891979504,0.7157748283795328,116.44463642823,11937721877.252544,0.0006607610864432
3.285981824563314,0.053924175323374,0.4859831837645141,0.0202227218804363,1.2921589715396438,4.742702525193056,0.6023232251654573,123.1368665975953,10116287699.759476,0.0005504926402012
4.159315409043297,0.0769229096878628,3.002724453577112,0.0379360119931459,7.400550932925269,7.724228864592746,0.2787460141150453,81.93172559289278,18776823093.69499,0.0013118053184898
2.8466763286254104,0.0820344225923996,8.0990873834062,0.0186675505090002,2.8581517321501058,4.243146822888168,0.6498970626730934,114.22281147991464,17759688317.315636,0.0
2.375703713156415,0.0352070189625668,9.145544804321109,0.0307034221422562,8.624584980610168,9.164178521001512,0.053760119694782,88.75821798610167,16888424042.1525,0.0011024520425462
2.2155076381538965,0.0696756459833684,3.076619373696271,0.002521366746615,5.742529930300227,7.903635305698254,0.5354849295838136,123.79636389666852,14724194991.562534,0.0
1.2598347605543525,0.0207423781268038,3.845097899406599,0.0071221357523119,6.108986656540509,5.082827413493782,0.195260221636996,110.25846734685808,11043578827.879072,0.0
4.5239013186792745,0.056575777907265,2.510692647870389,0.0139154689062525,7.363453915812807,6.409832159121663,0.2311487898020735,86.0829453772675,19226262231.328407,0.0
3.7378964685447,0.0270563011084201,2.166618648334817,0.0082582658970709,4.659438538118467,4.966645086812408,0.1617319402882655,121.748269280353,11344195401.574469,0.0
3.363968809244765,0.0627048848131588,6.034940369259102,0.0069347385780197,5.988983299762269,5.764141238197087,0.0363722682225637,125.09242777083404,12375250547.39772,0.0
0.5172911384612853,0.0401651577911077,7.124980309144702,0.0157937901443517,0.5092810177026771,1.855005566866782,0.7431392776790186,107.25938273194896,10919893329.40643,0.0
4.519636957114137,0.0678001636607317,1.676081268735072,0.032839645025503,1.3448926715507667,7.882535073123074,0.4502852604430195,124.61895806516485,10864376832.959835,0.0007046914908606
2.794205373874627,0.0173916798067647,4.0245486332549065,0.0107415995430633,7.9838168826572256,1.5496003554945474,0.1651999542590025,120.88059782121456,13133650068.272884,0.0
3.173624459320638,0.0260826010993716,4.605259254997699,0.0013161770100937,4.519932810862688,11.726771371855762,0.0903167158054951,99.2904278779074,14920754380.973082,0.0
3.291197575221108,0.0760603185216477,8.465181920811505,0.058475602246156,7.442100211755034,3.641505698227955,0.7612389563596703,67.65851968526667,9416040717.75994,0.0013062785780525
4.571201659576658,0.0855589908243388,6.269693622619375,0.0556757622603942,8.295247831218783,7.80293876544042,0.1666296658159121,65.61284195296147,13421203822.969704,0.0013597322913705
0.7860448575095192,0.0774340650737875,9.172088007373077,0.004628276724571,7.638380063662844,5.113711394522,0.3352328395001772,77.06408090696968,17621027073.755596,0.0
0.2651558093235834,0.0532998841909962,4.382470875134522,0.0291853028907585,2.5383837833914336,4.886363613204018,0.6445618616543207,129.22807869520165,9339495382.207886,0.0005763592698273
3.0195775591433764,0.0681261129894625,8.676746358730243,0.0133644805606002,9.841043600711403,2.5660544108745653,0.5948911671788709,103.87385281839173,10842272453.856714,0.0
4.336873209257608,0.0919222243580615,9.814559119233676,0.002520871747862,7.301438034191022,10.045487896837546,0.0292669116771899,100.79186851524474,19259298035.74833,0.0
4.027815789813509,0.0686683132160415,3.919764119928941,0.018228083829445,1.571312873349313,2.3544173299273967,0.117681322158478,129.0692644775137,11339189004.365366,0.0
3.217045906635325,0.0932297339439356,8.398399134816744,0.0251104369347664,3.219566776155524,4.836255390765127,0.4455054574530322,121.0667826148647,19894920085.985413,0.0011087921533462
4.1480279969919645,0.0329574886184284,5.414743289398635,0.0156453310596693,0.8145466104295253,13.179909565183468,0.2253185614344377,105.41826679090906,14490324225.977983,0.0
3.995463986722807,0.0754898955393719,4.490316877461906,0.0107012944192972,7.692627750433957,12.205101524436271,0.1270126918927956,123.26061426252932,10655147639.393894,0.0
2.148176172829505,0.0327266381938899,4.295457611585549,0.0146527584539414,1.0942039022535637,2.859926540896055,0.6064643755795855,129.10822569379897,9876968471.595531,0.0
3.557110347261422,0.0617149776057136,3.58862239590236,0.0041211410525489,1.476738861163811,2.2685869164009347,0.5557028839691924,126.3766409752979,10191385856.739952,0.0
0.4564077682900369,0.0138283833255233,8.372873032297129,0.0243820897743398,5.541936431451805,5.8203868398418965,0.6080408644277984,124.03677189275172,11239343572.47544,0.0008799508522644
1.1366248949084672,0.0222647838646213,9.532655682934417,0.0415300624785907,1.950067964101704,4.035735691033859,0.1523856940910927,117.02829261314838,14379842018.56672,0.0009803285311032
1.316743282414324,0.060651510488317,6.929675043577822,0.0263474664142835,9.560088614010558,3.379401283310413,0.6307268384379046,60.75011572280002,14050381380.169647,0.0013322273994476
1.118825061841173,0.0880620903796445,2.2852999795986544,0.0044751753743465,0.3524817586955713,1.5421815371191987,0.4047821082401094,113.88126395989228,9391602015.481688,0.0
4.097729903242235,0.0545432636816135,6.503697980723869,0.0020688918029159,5.883971242714848,7.499320357947649,0.2257728414884602,110.04830509582852,11239801074.285007,0.0
4.551818852359152,0.089382453095224,8.441638140402034,0.0129712926549089,3.822761477786623,10.333687829688872,0.2984313415011376,120.17063483937028,16069140860.66274,0.0
3.0071161111506903,0.0749430351596409,0.1683051811910537,0.0011944832071264,1.881647447557228,6.146347705782952,0.4863891130855348,124.31654485030626,9162873625.262262,0.0006784692826616
2.088605451353989,0.0739912876555833,5.171419544605467,0.0139306818715279,4.693933588099735,9.9578943132457,0.0397744490020254,117.88964215276384,14276370291.070322,0.0
2.986635902521084,0.0242290795717445,3.956780621741176,0.0631028019704515,1.3004831235467096,7.222507464107501,0.6897235228445562,62.88224793022109,10252555210.709171,0.0014653367984343
3.118050060611314,0.0312787405946724,0.9498899611297236,0.0473994399621648,8.140190163078836,7.753914775362725,0.5206943661308582,75.19376831604727,13695014006.212318,0.000922913686241
3.67426054044745,0.0781573529471544,1.4142584178031812,0.0085040955461481,1.8036513804274303,4.382464816974569,0.2866738262725271,122.04662716793976,10478342171.551376,0.0
2.373186355359337,0.066416430114961,7.518559086463545,0.0063631107337905,7.591257358317248,5.938434796826584,0.5352123668678015,115.55734865030084,17934252229.04082,0.0
1.305154784010775,0.0189773190412469,3.81623841168279,0.0075368288928007,6.134427407237193,5.560552275687706,0.1895626047043159,110.22871886193332,10734856406.809006,0.0
3.190893960039632,0.0838811857416344,7.70119898340315,0.0101819539649389,8.02515807318915,9.864279227195242,0.0234670507396315,113.21230792234144,12694425886.602564,0.0
2.431012117706224,0.0615478750369807,1.1953779842550274,0.0313843434051147,1.4714868996889698,2.039431512625691,0.5563535881464073,65.8041542116617,10920510320.467182,0.0013560935326957
4.353617469343617,0.0743678500575184,8.843568749859674,0.0385863802696007,4.168963116405354,4.302718277323875,0.095781700363209,106.93839708590828,11471677334.39142,0.0009845663341573
1.2280977177667391,0.0283204335000775,7.964077359929477,0.033941869646206,0.7152803455003716,1.2331885832411371,0.7491557176906071,99.444787339434,19457268231.668262,0.0006020355950208
1.954162381704514,0.0909268821707341,5.833258323304657,0.0060472053838376,0.9530282629525908,4.99874474782158,0.3538269992842778,127.04980176917724,10830455066.85962,0.0
3.8890757449496816,0.0457124296700458,0.5927391518493127,0.0094354721674004,1.3437225205064958,4.129990748019484,0.2765611531610509,120.16987597617072,14449948832.083237,0.0
1.5681137867634978,0.0693632328559525,7.4017408990947855,0.0131110795423165,0.9611676617099716,4.895526392758867,0.683446746093111,118.6625136831331,12415223815.432035,0.0
2.9173472887969667,0.0478455305243477,5.000548987842148,0.0051543944093365,3.7181001444378783,3.613861453504601,0.0447303311862846,128.13589394993434,14089891801.081074,0.0
0.4307725452375811,0.0881604671856931,6.729596688015247,0.0822433107377269,8.752108538907414,14.40083288728363,0.3556496072137526,128.09396518443768,13577216092.1631,0.0005561454846535
3.687217841566652,0.089556311136837,2.346454830874492,0.0062997006154277,4.592002068917942,9.402171597169358,0.056594390255007,127.00556028011783,15321241711.99502,0.0
2.1102659187064394,0.0417230505250021,8.033008511431753,0.0049353577689441,2.5257524669168374,3.1606715382887582,0.5611113213036911,124.36683250042338,14016565085.82179,0.0
2.656694430870317,0.0536784921573921,5.511925370484043,0.0448048549695026,1.6099006896351975,2.075347801650466,0.2653269937146597,98.05924080425146,13292310496.292875,0.0007527316731205
4.525614010735605,0.055933467923468,2.600828253679325,0.0136016761946532,7.419331573272125,6.468612135764794,0.2293331301266791,85.9755741909901,19092463868.558582,0.0
4.99253647365016,0.0522268540379906,6.712515185106194,0.0016277723222972,7.361138535764773,19.633059253986413,0.3633331053786324,101.62092196573252,15375433434.339417,0.0
2.969584964618066,0.099501231476953,6.087367755434713,0.0110309733314664,0.4364653946496396,4.636516497794972,0.4645788893073561,126.1347448656497,11956968267.509275,0.0
4.328386427894648,0.0998945160665252,5.321063809249084,0.0082339390628285,7.177770264870699,5.874488987237439,0.5113581093968621,106.70984069744917,10132132837.82154,0.0
3.9702234872765967,0.0371771681377197,7.215493813513804,0.0023011858528081,8.779925190376192,16.891626471041217,0.0588209271839539,63.15362750538038,19729649856.753258,0.0
4.91111381529118,0.0757996242581011,3.8314870875237226,0.0217990458366951,5.143927598162786,13.57377174546082,0.0999138134466026,118.80680321525452,19803904150.73571,0.0005474426617479
2.68207098377529,0.0346647091422179,4.455021033734005,0.0149187416169988,4.913853925296313,2.987566281262986,0.7093188415864173,110.89321936123854,10171240902.743176,0.0
2.80046626103413,0.0617396004172762,0.6810262220783112,0.0011528165794827,3.822917244762976,3.9664331934096175,0.4349519858771211,111.16272896257531,9027718555.20218,0.000506583570936
4.070662752500326,0.0899980916448392,0.5819000757723037,0.0269633756870358,1.3599646011364244,9.91082392008685,0.3158907991234587,90.1706453242018,15247180168.795408,0.0007605362847054
1.5746194736403183,0.0358930524199734,6.688784884276234,0.0066210897586056,3.863262313112928,8.508899857620248,0.8209021011834997,74.68428317834066,9054982767.866957,0.0
3.737005717249069,0.0270605043219979,2.165631399691517,0.0082607862421339,4.657478335971421,4.962286830634022,0.1617165983600841,121.76293590462546,11346237918.752298,0.0
3.9194540845362993,0.0230491928292817,9.80455297943182,0.0156151976256469,2.0424913978039574,3.507799616738797,0.3013839015249007,107.73349827867628,15545523353.534254,0.0
2.862607023720729,0.07425868138402,2.504121754495776,0.0061508107556567,7.655857134043411,7.0049723910172,0.0768070786904761,120.50280958837104,12221974254.138062,0.0
3.859118124892333,0.0611566222373194,6.620015936880945,0.0559198085509895,0.2083081893993345,7.217865815306728,0.7078058263760011,109.73974077143532,11064648666.722223,0.0007914465335577
1.321516256147369,0.05964181775922,5.51416961660806,0.0625967357269769,5.6260456316567,4.702825022084688,0.2829069251716845,76.09048378992281,16857295708.179129,0.0012156341633387
0.2479059540701837,0.0746123513056683,4.921372255289631,0.0230616943340834,1.2923390771635337,6.358170772801635,0.2630288242786643,118.4014676026835,11318599544.071384,0.0005991820630595
4.22264676808348,0.059868005716823,4.890726396521869,0.0016211902779569,3.875868239032784,5.494197692864403,0.3847347695870241,117.73932280561417,19017778644.9405,0.0
2.5359568144911,0.0367739954180661,4.078992577688158,0.0127103211876563,4.903085125363981,5.883469275623419,0.2245255636784793,127.64807016749056,12276706410.09189,0.0
2.7271429238965657,0.0669536420124114,3.7124359076582327,0.0274016886625655,1.1292562491955231,6.925598517899129,0.5294933616464094,118.57322633518136,11097373911.24552,0.0008194317655166
4.735906371570887,0.0775133269303817,5.014158956969258,0.005424659062133,9.945365433763271,6.687291961332321,0.0649957402997808,120.05254866977228,10878756821.989088,0.0
4.091663534867299,0.0558742948163847,5.093986608927559,0.0186873661016789,9.678270193606387,10.934297397814817,0.4394473463560056,90.45574579525426,17342395825.970394,0.0
0.6365141747327355,0.0853513768153683,1.4746310820716977,0.0037987325195582,1.0613641092698645,6.604417087086496,0.261423006892507,127.72906492963924,10121851798.023746,0.0
2.0917201440940656,0.0702948119348726,2.8980744266131384,0.0024327916537302,5.873193331043883,7.993885412783547,0.5196369273756516,123.8640540273523,14680811428.150784,0.0
4.734331012452925,0.0959481612589596,1.8302215151612076,0.0021505008272369,7.333423108897596,16.47524910477958,0.1096696271311033,109.65651293051812,15303248148.453344,0.0
4.322605321375767,0.0799111307476572,5.037575765929663,0.0095618293932579,5.607654612361497,4.101199377190332,0.2194646365528114,113.55362502597076,17364948600.532204,0.0
1.2280977177667391,0.0283204335000775,7.964077359929477,0.033941869646206,0.7152803455003716,1.2331885832411371,0.7491557176906071,99.444787339434,19457268231.668262,0.0006020355950208
2.373186355359337,0.066416430114961,7.518559086463545,0.0063631107337905,7.591257358317248,5.938434796826584,0.5352123668678015,115.55734865030084,17934252229.04082,0.0
3.3013875378330773,0.0350734467709095,1.5830782783763515,0.0298727794265905,1.4249992905440725,4.747197362706792,0.6086789440500303,108.23233112947378,10140808018.5585,0.0005784149171829
4.808826568006153,0.0765746265943785,4.075274354931656,0.0509403560333642,7.317596300669445,8.337841111085845,0.0652442366064656,73.22810226762464,14516009573.943771,0.001437016219674
2.9969095384219435,0.0879844262054585,4.531163502852177,0.018665041471399,6.0936142051754,13.225331092831366,0.0176742533728867,119.5200603740856,17515485086.34707,0.0
0.8179666611792481,0.0789775481359128,1.3686408399229273,0.0170136900991811,0.8764648862078506,3.7768244617558775,0.206035999190836,121.57535513202023,10074701952.085863,0.0
3.5895748118825086,0.0739575677716709,6.839820911772934,0.0108672553185113,3.305765493962192,6.896469522844248,0.2619139971027233,128.31384416324912,12777908418.72982,0.0
2.018684413002869,0.0870547104223911,5.3955517983104615,0.0071781298246374,0.8886285454855899,2.359416553658048,0.8380859509342918,113.10097468196408,12190529175.731268,0.0
1.4386454567262006,0.0596143053198725,8.5667336360252,0.0290139325963248,2.50221889693799,1.8006861891979504,0.7157748283795328,116.44463642823,11937721877.252544,0.0006607610864432
1.7333722048383673,0.0661928197064985,2.759327333621012,0.0310050329942351,5.106367100532979,4.120603849874117,0.4294191882896093,65.62819860805047,16983190553.306866,0.0006871068584219
2.3785850969490188,0.0762523546688619,9.33351608799533,0.016252749987633,5.734923767337134,4.033077722257009,0.5370508804729899,112.74750145651846,18728104765.300167,0.0
1.8848671315278116,0.043229600777814,4.634223803412045,0.089486475215006,4.920087091275668,7.72469638952736,0.5967041166473138,99.12474648627853,19748406081.6612,0.0011634666555626
3.513630146330565,0.0618218736327631,0.4147832236382406,0.0064857284056847,3.0795059701952034,14.491690538297412,0.5348206130722817,106.12926437103606,11622981421.733164,0.000713747621824
1.7403789452806078,0.0921581842050715,7.631412695006263,0.0202468918236846,0.8742151477890376,2.772590035112147,0.3253253254481387,127.0461101392228,16450588991.874104,0.0008388796564088
3.4801151823380563,0.0959556368073633,7.153904046613044,0.0236659565726923,0.9493384270964198,4.395712973644193,0.3349160347593066,83.01156601773647,16079167498.526758,0.0010745421899324
0.5990131563971441,0.0853035986527489,6.872110452890075,0.0888820463759003,9.034696291173656,13.16229236473384,0.3014208993272235,127.47603120488968,13580229983.151209,0.0005544050534393
1.8004392169955248,0.0925622286700689,6.404087682630231,0.0104615946904514,1.0010336999876994,4.807970076848093,0.3504068309646583,127.63305248665736,10724543998.62346,0.0
1.2597791021963043,0.0824166389899396,1.9559307003134865,0.0145326076624049,3.617138247114657,2.995707237280637,0.3126001019062536,105.20460662280846,11876908311.152847,0.0
0.6397053977219771,0.0279591301444412,8.10518354215213,0.0078285953038219,3.219752428848787,2.145960036360826,0.7318530982163037,105.684810888291,11429247122.396463,0.0
4.990267388080788,0.0726874279772858,7.154326693517801,0.0800700189561622,9.53844863784072,9.312755426130291,0.5054726616100449,124.65819623476077,17324393172.584774,0.0014144794533683
1.104276712657758,0.0896766106522866,2.303030562053135,0.0050238121835643,0.4966621378217776,1.723700601418031,0.3888222705751586,115.4800225383538,9212230574.288822,0.0
3.3443708069761224,0.0667635716568805,2.016130068862039,0.083485284231619,1.6985375549962884,2.449909545066407,0.3755123543127389,79.20458814841041,14726384986.799212,0.0009456893060853
4.097256540784778,0.0370260884386177,5.809249616230447,0.006593331946132,3.155221016479811,3.318161059163778,0.5423844984589776,102.55563427836938,19799550850.7943,0.0
2.4355039403147924,0.045365817201613,6.370436791814583,0.0109005622724531,6.414213211729574,3.937577855237251,0.3131243473628599,105.1037372158804,14273641362.82008,0.0
3.6359993688707855,0.074117789226863,6.871428573284505,0.0139063035567003,4.522135098067877,6.5505645539433175,0.5106435881549465,73.56663572684032,15525352365.111246,0.0
0.5461392490506907,0.087630528236425,1.422349297291909,0.0044909656625454,0.8767493938640807,6.323672912207093,0.2803206297691256,128.33340892965586,10238330250.375238,0.0
4.368604919468988,0.0870867461498811,2.5108427302366234,0.0127101683044731,6.277865439034311,3.593378800571969,0.1525501639989872,126.09197569852144,10135496309.649654,0.0
3.4587071203473454,0.0877165638021236,6.3028802844947895,0.0112395814632429,4.662672907362299,8.653597901193566,0.1546051425994314,110.25299095730476,19057760136.384357,0.0
3.0311120538059027,0.0727765675723469,9.322343046707616,0.0137742037373572,8.456430713859755,6.075423521967416,0.841847483343129,117.4052348898977,12003800832.162546,0.0
0.9903567128634048,0.0347683996133677,9.850682728780969,0.0445299839872785,0.4104281212607518,2.129727113159441,0.6244255467126985,99.60744392103376,18444470692.64692,0.0010490045292312
3.6010739010328665,0.0698059238911286,2.4699815038448305,0.0740761956664837,2.174328265629204,8.948743283840505,0.4675421412319101,115.69856500992309,10456448384.958662,0.0008550513308275
3.013374070408453,0.0262973170836921,8.856080419010482,0.0200507026907593,3.826772333496223,5.914044127232364,0.1328771020840299,122.86691880121698,16504086508.154036,0.0005521157379334
4.322605321375767,0.0799111307476572,5.037575765929663,0.0095618293932579,5.607654612361497,4.101199377190332,0.2194646365528114,113.55362502597076,17364948600.532204,0.0
2.998859113186455,0.0447968460798895,9.961871969442155,0.0053553659159386,6.522547866706629,10.007704715239072,0.2315850392988593,94.12014145655073,13552856231.72464,0.0
1.9120062831151776,0.0890584624445889,5.873831751218145,0.0079133275643828,0.973346479994176,4.935405738267726,0.3404560810434835,126.5922081573933,10822042029.500875,0.0
4.030621092542239,0.082446745119056,2.9600605378524905,0.0243165838242599,1.4134296985767123,1.0207857924804506,0.4242515105667224,114.6116733665826,15152821530.681782,0.0010648623952887
1.8385779511848055,0.0132912241000106,9.321904002752818,0.0167297991057732,7.218633799948203,19.308692586000294,0.7253513865148931,61.01547814522502,15047404860.052036,0.0
4.346461016250606,0.0813681035636441,3.130483140759463,0.017349139235055,4.284536677139409,9.358593853192158,0.2928738461051848,120.35315116128676,14720694532.133476,0.0
2.9966389238296363,0.0844200889863218,9.229688794650508,0.0034888264883353,8.622584593139921,2.523290890673657,0.6967676982849725,113.1808161313202,11194748807.05853,0.0
4.694046410329944,0.0476305989146864,3.0846305451534834,0.0260353424579665,9.002143256088049,11.662565354309937,0.0340062462832211,71.17037649589167,19144182603.66717,0.0014465826172462
2.259372768209259,0.0892871105159523,9.95798600063723,0.0155150683285538,4.183191632936139,11.866828962561186,0.4852185863200842,116.4793389885628,15252200557.814592,0.0
2.835725198313123,0.0646176097353398,3.6737058165802434,0.0278711940847914,9.49700217111532,7.521623186544175,0.8121199440215526,113.47326262141414,14041713110.58694,0.0008352890838961
0.187289424526264,0.0073178316984691,4.945899258733993,0.0043159736297476,0.5637153081148318,1.860051597963659,0.6644619609141059,118.12001991483211,10072794458.464788,0.0
1.5040269778896098,0.0782178526314224,3.0566331027839744,0.0132761354971468,5.345530494394355,9.134264059463892,0.1157807302681108,117.44046070679924,12905054955.695454,0.0
3.20942039268169,0.0926302801563688,7.483065680157138,0.0079769521182023,5.219464213664028,3.781463979660332,0.3000679700342515,123.49907776799576,10600122437.55332,0.0
4.907605853380336,0.0751751550982968,2.677619470867304,0.022403640313058,2.8223448899062524,11.485091059816554,0.5730440499707614,128.09675019476015,19118813554.035576,0.000774846593661
3.340082546169566,0.0343918237375813,1.938155829950876,0.0284294271301839,1.4423333962873657,5.053908432042921,0.5843812042433192,106.15055603836925,10169786010.5044,0.0005576647942668
2.6287865002268305,0.0721699940122465,5.837934002805486,0.0414985952525704,5.963448387966094,19.067451108937945,0.7617283146294482,60.51191032016652,19693729974.401024,0.0012018849547479
1.1499889097961995,0.0298568101080603,2.9765415867197733,0.036146517075296,3.4348220982717343,1.003880244168358,0.6805098883817804,107.70386337425464,19268578702.923584,0.0014454820732597
3.9833533730335207,0.0794306399849083,4.183012510150877,0.0111779570716388,2.707952477163896,9.906021543649384,0.1077266263450414,126.53373862309442,12039834082.92995,0.0
0.5914330782183107,0.0866356000579688,1.3737538073641722,0.0052162436287128,0.7715264996499926,5.976507440873863,0.290491000208453,127.18477999442732,10351344180.173073,0.0
0.1792132247421544,0.0670867300188329,8.794895478904762,0.0564160369732095,7.873075597304614,4.414188801037153,0.0359598713364177,114.682094584283,14446644451.623638,0.0006112238167009
0.7496961828480766,0.0499302332490242,2.4368549615446424,0.0508086330186147,6.8659753908115455,2.5565659329020924,0.5695122685772601,116.0667354080847,11149613991.36599,0.0007417632052994
1.0336147010913224,0.0645322165356856,0.5426937913013246,0.0124550574068738,0.2265173143466036,1.3516740873823034,0.0763545022486171,113.5082437115024,10034954195.195938,0.0
3.812494510588861,0.025751660795802,1.9857743559371992,0.0062506787356373,6.016745844562939,11.551476213306978,0.2516434345244703,114.98522502015228,12152298298.944311,0.0
4.190421730063894,0.0757532181431661,8.597341868410735,0.0036683333429548,9.13605718880262,6.107952655181811,0.1091526367218735,82.50743344248382,19210443233.471645,0.0
1.5209352948010744,0.0981322507355201,3.2283198292745,0.0138437995080155,3.021453653659794,3.3700523334663344,0.7769929521986532,126.7323975484694,15029561845.6693,0.0
4.883007125799459,0.0208467632867376,2.7566610352371352,0.0129185566352736,0.3688243097102552,9.577770934627305,0.4558227035627405,122.98709586490097,15906004316.467636,0.0
0.5914330782183107,0.0866356000579688,1.3737538073641722,0.0052162436287128,0.7715264996499926,5.976507440873863,0.290491000208453,127.18477999442732,10351344180.173073,0.0
2.7146769069244296,0.0558215741055342,1.3810980793564378,0.03770984595472,3.782896809145053,3.081042530370487,0.5413105307065134,75.79767988751628,15472506513.115185,0.000633786184935
2.4238048952214606,0.046468136739206,4.747437190564459,0.0193152946710571,7.668720990583073,8.869171632898313,0.7757349954066173,120.09415452063892,9738371227.557371,0.0009869331357017
1.7787252799305246,0.0905593188600997,6.160506019570191,0.008092206337474,0.876874472659678,4.672042954746033,0.341295440073518,126.76950809597449,10751716128.196451,0.0
3.549607186151417,0.09862372820428,2.5294391005902632,0.0068347461852502,7.916458561440102,2.587865155553584,0.0256819897037467,126.09651653374442,14771178949.356403,0.0
2.0951079795705674,0.0334869091217286,0.577262041710153,0.0030205227848021,0.4783981732659886,7.059578049381818,0.5003773680435972,107.73345030695096,13955291257.063677,0.0
0.3538487989240394,0.0414940439152204,9.32712349528614,0.0037935422679977,3.4700256142321515,5.780768014413071,0.4026918955572741,105.48588274482503,14952268241.664087,0.0
4.0840203338289145,0.0980315981857672,9.288748021499966,0.0044484869705714,4.415699270860363,8.041944562162794,0.0849677599635417,106.54345850174772,17324275282.16204,0.0
2.681265303528256,0.0346312709707451,4.457734268273456,0.0149103098801477,4.915096898271214,2.983003501028635,0.7094247183323259,110.89794808597628,10174236112.607214,0.0
4.243658675806269,0.0808283165030522,6.456853988212478,0.0048285860347549,8.539067243243814,8.734509831806742,0.2939945916283248,104.5145582109312,16168617054.182505,0.0
2.917515505775484,0.084930213994107,6.0914561290436415,0.0227669299692413,1.4007611673972051,7.420173191470777,0.345676852811986,81.73284656108397,10745295657.202946,0.0012902014341012
2.7755068819248137,0.0874919924819312,8.041983257529969,0.0221711352544715,3.668626301876748,18.952061710736128,0.4904539354163361,124.81755661607446,10647034474.180908,0.0011047161347563
0.8873087879229111,0.038002241148141,6.391233510193866,0.0050333508417946,1.116707954484386,3.740594252986391,0.565495575289266,107.21831388905228,11154438525.971403,0.0
1.120379152898742,0.0875910678906507,2.2794340543510563,0.0044874263705144,0.353456854643139,1.54754461027201,0.4044398430861083,114.1134733539375,9375777196.19232,0.0
4.119818579323776,0.055168096726521,2.5337732207714843,0.0215994381296836,5.124165317561587,6.2579440065608045,0.3928805417260069,119.03201649718318,14166119349.70805,0.0007388415222536
3.737005717249069,0.0270605043219979,2.165631399691517,0.0082607862421339,4.657478335971421,4.962286830634022,0.1617165983600841,121.76293590462546,11346237918.752298,0.0
0.9025979285189264,0.0209039472905916,5.241422653474616,0.0137549249708428,4.0802027279810655,10.363003029664888,0.8383845714077044,126.28705427441142,12664908943.651058,0.0
0.4458613462222889,0.0526167361362218,4.072766270824602,0.0508177831241447,5.876046663827857,1.7594862585987658,0.6116337645109451,115.78845440229694,9439095860.99168,0.00066817481372
2.7573335857547967,0.0719072589311665,6.320973436097324,0.0065212878783615,7.710230995123182,1.7811508265288625,0.601140321334783,125.06922009984622,16981443138.270573,0.0
3.6418718189430415,0.098397352157352,9.295098422988618,0.0185651820870551,1.5007827908115408,4.444117214186575,0.1210239545761587,93.10340106361726,18816073251.691284,0.0
0.2363485188098969,0.076198529909131,5.441522235190601,0.0199152635651743,1.5282318383995304,7.857598618564022,0.224925148923563,119.24381865378878,10641651741.365875,0.0012354271470671
2.835725198313123,0.0646176097353398,3.6737058165802434,0.0278711940847914,9.49700217111532,7.521623186544175,0.8121199440215526,113.47326262141414,14041713110.58694,0.0008352890838961
4.019307016018911,0.0642739323156541,8.92214354463894,0.0828868116139638,6.40003683034769,13.218170767304596,0.3735352978036336,92.7455928174568,11393623167.49535,0.0013226064156328
1.0825939183176885,0.0648815116398228,0.4436302297539024,0.0123799771411445,0.3208493923576626,1.4589878799172424,0.0805236918892323,113.47577730621602,10358020723.079613,0.0
2.390533068110111,0.0762537610642745,9.353259425681903,0.016080608139595,5.7325871933893575,4.029302018165701,0.5386401413664882,112.4116749719864,18725412730.38105,0.0
0.9227046802582034,0.0363374280955376,6.296179113955595,0.0067945145282932,1.1804640903475545,1.5736119320401003,0.7530531216829196,85.77087817465201,11539893891.665686,0.0
2.549444762928934,0.0177354006942696,8.281939266994797,0.0078863534688331,4.138539787558462,16.04859639711462,0.4682559063151065,75.02572642470432,18438281937.467224,0.0
1.384127725895741,0.0300936897888338,9.795076946933932,0.0082475830989532,0.3623800536556683,7.681088580636226,0.3742918248500068,72.16947681189146,13539748118.45531,0.0
3.0325681410173795,0.0608448459624027,3.3027481898196265,0.0422669902077484,8.102243467204408,1.8407957924289,0.5351330406160874,88.2910608178525,14675013544.991564,0.0005064026900841
3.20942039268169,0.0926302801563688,7.483065680157138,0.0079769521182023,5.219464213664028,3.781463979660332,0.3000679700342515,123.49907776799576,10600122437.55332,0.0
3.484285869610467,0.0404956806474803,9.146202897504402,0.0865553600054356,6.197695153742628,5.386426014569644,0.4251108066857252,70.16357477067959,13729311762.259315,0.0010142081279883
4.82276560342091,0.0904013349905572,3.4043498555090936,0.0030837040627823,2.143594693181782,7.436704963899691,0.2491111247938706,119.7493083215827,12556126073.437893,0.0
3.868274664052845,0.0984037566382813,5.098394566602793,0.0014009414653672,4.621018337886452,7.758356050810788,0.1481508882931891,126.60599065641762,13452095957.63185,0.0
4.378444279163782,0.0693820383754463,8.978547986603827,0.0046611426570661,9.859710107650011,3.997225258510321,0.172804866777584,115.4515003756644,13859507079.239117,0.0
1.9188758949473723,0.0555382261971531,7.588164098129988,0.0084045327943379,8.596585021198095,15.487889473247138,0.0612747470044141,101.52271013599238,16448849649.171867,0.0
0.4165524695404378,0.0596100499762024,8.668536265815497,0.0407289171408491,3.475552376173771,1.084975777752758,0.4846557784536716,98.40734433764192,10548699581.049473,0.0007861325052568
2.050259305610281,0.0660964136490742,8.990512964741317,0.0082872898057814,2.807377852497066,3.488044143303283,0.657394343748312,112.04593560377326,13166162891.234652,0.0
0.5732727161392545,0.0705980581857788,0.9343800851903582,0.0111527071973484,1.969138880601903,3.205681640658198,0.4813782574851857,104.44339638002234,10286868788.209044,0.0
3.7322391536007946,0.087666334743586,5.876874155868435,0.02393510236666,8.592000329521687,18.766103466334865,0.1319718510264707,110.77340391522742,15805247313.865082,0.0014307672368356
2.255371056540078,0.085783450168592,9.1254823348014,0.0161326895183955,3.536998520284524,4.223301803846247,0.6964416646329697,121.73223544508308,17889497122.415844,0.0
3.1239789760841914,0.0594370971051004,8.283483820240093,0.0076705514250814,3.4461938319384537,4.678870404719944,0.4470503518029936,129.5831816360941,11023729667.284584,0.0
4.873838098258821,0.0885893082828911,3.0639160815718838,0.0052202339835491,9.325223307630925,8.57126719033086,0.1907438514427324,125.2059013203484,12978163811.800407,0.0
1.855707834027681,0.0920890768553494,5.93664535378127,0.0046745620119883,0.8794613057656506,4.858621169316657,0.348182454771358,126.9220902938076,10847549638.192469,0.0
1.218777366970501,0.0632888304451361,5.671025661652523,0.0021302866597711,3.343979374612856,5.286202875066522,0.5688178922683904,124.84668556724148,10208306553.443571,0.0
1.5098410287013282,0.020032590462086,2.475548170104943,0.0167752541068588,2.1953903055171478,7.716271480791037,0.6676311661068443,109.9716362603188,15082220631.363695,0.0
4.346820630509614,0.0813754618833085,3.1277473436077243,0.0173878050499299,4.282117380812029,9.362273898892406,0.2930524228810326,120.35632165103226,14721867876.870407,0.0
0.2437148069991581,0.0746239974325912,4.937730611719733,0.0233184432819594,1.2784956454007073,6.374791384208497,0.2641930916697708,118.2591803328364,11373128831.435535,0.0005927751942673
2.459162347755776,0.0652299441447373,7.105804103017612,0.0302041076143688,9.817991061996768,1.5017789940850577,0.5460614226709105,77.64938724251408,13104882958.757416,0.0014160044664044
2.608066529072486,0.0666684397971087,6.89878585118093,0.0091758337387486,3.1088937607302025,9.177866936065223,0.4499166113761967,124.20329190632712,11740228485.574211,0.0
2.5028606270362515,0.0412430418587138,7.540208008083889,0.0122017620278429,1.7334950771131727,5.172583982286745,0.2254117266172938,119.70151650849868,17865648945.101036,0.0
2.4855258216271667,0.0230652966437507,2.1830715373225167,0.0650922892489084,8.887650635935836,15.833962461809747,0.0757650989328595,116.0692889815522,13294454261.378897,0.0006486270193295
1.6406480306205524,0.097363883272195,2.0126164118157552,0.0339843107008768,9.027931564344282,1.4747195331891787,0.4057127243844223,90.36222121718616,14538035883.505487,0.00100787738099
2.734077586755548,0.0807529059206343,6.670424823036584,0.0219795451318167,1.2865421427673045,13.146880254457628,0.562822570927317,127.63809992378728,12627100305.989412,0.0009830254479555
4.700942468402882,0.0260785436869662,4.034215681287772,0.0232803269162302,5.4307882996400565,15.64947890112748,0.2851190637457552,89.95355324093164,16436513596.0766,0.0005705255390998
4.661328253831939,0.0875407952213917,4.292349435048597,0.0117042790911303,4.742421533196048,7.914254553695838,0.4299495177779081,125.15596559644536,16238494538.748083,0.0
3.9823128281213993,0.0303650395617598,9.329723105298289,0.0158978526380731,2.079618185412368,3.172180637280772,0.1684894142935473,99.55314473474732,12942221520.68377,0.0
0.9063435811953248,0.0719181871191166,7.498153320139739,0.0077962340909583,1.8967498665207665,6.121333107357449,0.6110691120077516,122.08850377208113,9238909411.598211,0.0
3.2190129012286746,0.0451937411164403,8.252944046303044,0.0252695148070038,8.33754985980985,8.518468792603148,0.229811871145201,129.88401793894653,18256266940.39216,0.0008426618617112
4.334592006171806,0.036298866638175,2.3153142405236897,0.0141799347527473,3.665240403954924,4.54687668177311,0.0761788275685727,126.63233671804863,11737701610.412224,0.0
4.944636232990573,0.0728975954684233,6.1800519141344905,0.0065593895075557,9.537009383118855,1.5546659322310818,0.4365845672060195,95.38255274446462,18165873561.84944,0.0
4.674178683766979,0.0965060145209613,1.74998455166914,0.001465960928428,7.231542028818636,16.83177804286115,0.1046457434784713,109.66240675872643,15427611522.019873,0.0
2.794205373874627,0.0173916798067647,4.0245486332549065,0.0107415995430633,7.9838168826572256,1.5496003554945474,0.1651999542590025,120.88059782121456,13133650068.272884,0.0
4.986582458566839,0.0357152590003127,5.089368561517759,0.0232442041197282,5.395426741437461,12.841027126663962,0.0634724432668183,90.1458573675551,17867115188.41807,0.0013960696762036
2.99743700505079,0.0447682781895167,9.966043499522945,0.0053445315851264,6.525113101999953,10.013890572125607,0.2311840591361006,94.16444717996364,13555471788.486689,0.0
3.1899635503558272,0.083831057708328,7.719994008571716,0.0100371136075295,8.036286261724909,9.857468142311308,0.023843576561966,113.33768689712724,12738316062.963846,0.0
3.1646881566158096,0.0298566178128244,8.168374421754262,0.0085249749432814,7.6092724790561395,8.289304886029166,0.6027080650851189,74.1898953639506,14276572035.85656,0.0
2.80046626103413,0.0617396004172762,0.6810262220783112,0.0011528165794827,3.822917244762976,3.9664331934096175,0.4349519858771211,111.16272896257531,9027718555.20218,0.000506583570936
4.419526519884232,0.0165200638824825,3.666613031594948,0.0116812878818718,3.393325997594726,4.688018912471222,0.1988874290481021,117.88040498893844,10627424317.436876,0.0
2.598993312208457,0.0172113347278009,7.102735047090631,0.0169374943720668,2.364221259427114,3.389317447666925,0.2990074056802226,121.5861161514094,11116186148.110909,0.0
4.869847550928824,0.0674808060913442,5.743084735258116,0.0335576085385393,9.95215177065043,4.290793578082317,0.1685191110492581,64.35180686686512,16968319672.86128,0.0007019290619934
3.8191387771269394,0.0583563409816719,1.2579769209241491,0.0523573533295714,1.930991517960433,1.2627136728297876,0.1737576681991988,79.86335226526121,17878912076.550217,0.0008267636589517
2.250735846506782,0.0940893232473402,3.009716847276541,0.0414332127603902,5.306348370540827,3.954359539982218,0.0289165833152704,81.6191574641082,18022094215.54048,0.0013060975406226
0.9961720326252198,0.0133114133889051,8.908813251079188,0.0024291070290364,6.251945332508542,5.682997097815025,0.5647979456451194,74.74084854153809,9937956913.063396,0.0
2.953210430562611,0.0962571498700463,9.687612259338128,0.0030961678905713,7.768955608918085,7.162252293944209,0.0216714386982849,98.06838161115742,14659547191.309525,0.0
4.22264676808348,0.059868005716823,4.890726396521869,0.0016211902779569,3.875868239032784,5.494197692864403,0.3847347695870241,117.73932280561417,19017778644.9405,0.0
2.214461894050771,0.0860088984942941,9.422050179858168,0.0146484973287071,1.0083086180779817,9.7641275660132,0.05278330482007,119.29826045509331,18057759332.65424,0.0
3.571233544256219,0.0991709337102741,4.015876185533651,0.0093968387283758,8.668423982245603,2.22483515772736,0.4164679245161768,127.76224185002208,15605875775.333202,0.0
1.6445871755999837,0.0747237166402484,6.150576424804467,0.0025385631920161,3.882405620725826,6.405883765089123,0.6146332727856214,123.27346033096312,19588506927.608917,0.0
2.8086275375831367,0.061754395369291,0.6825899314490361,0.001060184173609,3.8187549171663706,3.95644723143066,0.4349932516474599,111.1221422955011,9033734211.872496,0.0005063536310261
3.04039263919692,0.0598885918588909,3.3557874540471437,0.0400243819524652,8.12385343012325,1.909208189220024,0.5520816826589444,87.67561596563398,14443608663.345482,0.0005084249255628
1.6725822063028315,0.0517852849867143,9.063707103018794,0.0259229237151431,1.949309500788174,2.110219867707645,0.8125800536356573,101.1970770582224,10708946826.858952,0.0006448334682978
4.457008043895397,0.099753871389606,4.166184125999037,0.0553094372576587,5.229870122253207,1.1297169755453251,0.444135393379541,111.91584084735452,19367783939.07854,0.0009698425763738
0.4458613462222889,0.0526167361362218,4.072766270824602,0.0508177831241447,5.876046663827857,1.7594862585987658,0.6116337645109451,115.78845440229694,9439095860.99168,0.00066817481372
2.6443333352666047,0.0503168147311832,4.337288141370836,0.004649549497315,3.4655362336304307,9.111633420861493,0.3864896403952725,129.28365214983708,13061504798.277632,0.0
3.866856652254618,0.09404207891093,9.91173466082156,0.012969582712906,9.179084547795618,6.289743382285796,0.2563908937797901,104.68446419130191,11380394607.040115,0.0
1.7160976849799223,0.0863915718471043,6.322869492870545,0.010674008154645,1.790802808579026,5.076122520089534,0.7160547505733652,124.32825796694632,13857902703.376022,0.0
4.521328249898589,0.0565514752229298,2.5157211400157324,0.0137950605683226,7.361286217062367,6.394549227051889,0.2302735406411044,86.13154719102438,19223790356.810062,0.0
1.0336147010913224,0.0645322165356856,0.5426937913013246,0.0124550574068738,0.2265173143466036,1.3516740873823034,0.0763545022486171,113.5082437115024,10034954195.195938,0.0
4.223163314627556,0.0330915691233435,5.392073731674544,0.0331970905997311,0.8190189163474688,5.626423129674233,0.7851797475910856,127.18467475330216,9535693686.366829,0.0006791400066132
0.2363485188098969,0.076198529909131,5.441522235190601,0.0199152635651743,1.5282318383995304,7.857598618564022,0.224925148923563,119.24381865378878,10641651741.365875,0.0012354271470671
0.1822694195054581,0.0669922955370017,8.809085995346337,0.0560982428406421,7.89642884393922,4.43280822031271,0.0372770328145953,114.46630427988332,14427531205.87182,0.0006122496885691
2.985916258993026,0.0910768767961116,8.325198846601278,0.0152018582339103,3.3555467292871746,3.256882480201815,0.6780152640027272,126.08408050639868,12749005892.48338,0.0
4.453208781134624,0.0946960862419063,8.49901925763238,0.0145587465294576,8.33510821498933,1.780259779656507,0.6179623906933221,96.54408412093464,10688960349.754822,0.0
2.298853975985177,0.0784397098701062,1.1199153815261522,0.0229086801675956,1.7519243522953605,1.535672370015071,0.5683622711788028,123.17033380674329,11498707451.638706,0.000942365236511
3.2410244475162453,0.0985388142031429,2.524904341296711,0.0073193707683769,4.104630573457547,11.22847669816483,0.7242871988379899,128.87954929931922,16135014908.35485,0.0
4.321509488630822,0.0515118253405084,4.188231299310157,0.0582331934332087,3.0315682345666075,3.5951608339431305,0.0384845468407202,128.94157016514396,12528831920.150557,0.0005968667717311
1.7132504096282115,0.0286600579806572,2.2168549511575777,0.008786376288211,2.4729916122241757,8.709749422221295,0.5118566339091251,124.6286741312864,13139462649.076605,0.0
0.643220040449614,0.0140119435876786,1.22619078361803,0.0112645431251109,1.8154823450988968,2.595877685041565,0.645601128641767,113.59247311725478,14887116568.273712,0.0
2.133213068817369,0.0244396472468143,8.41359246962339,0.0209381403848737,9.363101812812836,9.349051607992244,0.8001320772878988,112.80669752965429,12341561865.683308,0.0011051783517565
2.5676701573741183,0.0172879926061065,8.26652389071957,0.0075588514115608,4.475187317251466,16.063975334662928,0.4669259900523899,75.03240094962044,18227468035.258347,0.0
3.50851114477939,0.0085177842469061,2.47457773961258,0.0178687241304789,0.2418560852432797,1.8236585549270004,0.6769005709973724,114.6555269327094,9010201070.651024,0.0
3.5312569622445538,0.097874878190244,9.30435168289791,0.0229368222175284,0.5607410796783959,6.262268061255392,0.0772828930462832,86.10513456581945,10585078329.034958,0.0010669799585795
2.003783992570509,0.0956213391944804,6.988214441212993,0.0107927166049983,4.786285755673271,9.025730963999107,0.1278706520231778,89.28315061983876,19221529644.1436,0.0
3.679278459878025,0.0743355311410193,9.008513567389407,0.014525005130096,3.250818704778389,3.497751289669369,0.5970523010666676,120.47812537843149,11360126767.969532,0.0
0.5484022030900754,0.0876069453002569,1.411600114786697,0.0048839188427625,0.8730440642693005,6.309480938303336,0.2808344269876719,128.34243296534837,10235331626.66043,0.0
0.7716711349464944,0.07172201412296,3.399250332705154,0.024371113386221,1.181470151054431,1.731796860907478,0.390129167748538,72.42620242306445,14471648137.551851,0.000947107885182
2.648724004556302,0.075764750300793,0.3014912090828009,0.0122996129025396,0.620818553145805,1.321319404130235,0.5098427359021279,106.84471245388752,10580593782.044085,0.0
0.2444216922857693,0.0746752294244163,4.9351459257902,0.0231671037721309,1.282246305777034,6.3581081132246124,0.2617079816494367,118.3484663455852,11309961432.901426,0.000599895168101
0.1839928490752335,0.0852405517943241,4.684128145085271,0.0272184127275245,3.228066433851301,5.03061287378821,0.1763570330701303,111.4706516378861,11450718925.340471,0.0005086846771414
0.3264238492768413,0.0576972447031903,3.599681485270197,0.0186169846467276,1.71798153907306,2.817496066101038,0.3896235339815017,101.8650744772435,12276060110.916662,0.0
4.030621092542239,0.082446745119056,2.9600605378524905,0.0243165838242599,1.4134296985767123,1.0207857924804506,0.4242515105667224,114.6116733665826,15152821530.681782,0.0010648623952887
1.0949228813940832,0.0897681820111186,2.3080986147688614,0.0052764873242493,0.4577498075793909,1.6797726265854152,0.3861415279221178,115.24380465658038,9221589155.97687,0.0
4.267781655924824,0.0945472427615741,1.7864547130626311,0.0308776081137866,1.3934944707148391,12.907592295471494,0.1613628220088967,113.60033685801588,12214964868.094513,0.0007236926710874
1.221779844980276,0.0637159122410205,4.178590951249586,0.0142476571019547,3.436591705086387,8.073766538770997,0.5524295502863191,128.5717078606114,10861909990.808878,0.0
4.32296499282386,0.0854441141596026,5.606805197069217,0.036431233999742,9.92582600124794,12.338809165655697,0.2283248496212027,99.55499899610342,18935087304.889423,0.0014915466120722
0.4823261473740489,0.0587338670447457,8.182793479736102,0.0032210773955992,1.846003616966136,2.851951623587357,0.1633092547443337,107.7321393987225,9959264749.76881,0.0
4.860484258672542,0.0937756039697101,5.401345558499879,0.0076941301003158,5.756159317035885,11.825721171663991,0.1411375117910208,92.09309744874278,14499374446.50998,0.0
0.3738246316907435,0.0977768460520321,5.01046822914036,0.0242517356278675,0.6834456934720542,8.225177344124074,0.0180034357688587,128.71448579178764,11393526009.744955,0.0006631313607014
0.7904645269817403,0.0438318007651453,5.8037083215589735,0.0268925652444216,1.329579327504069,2.7648597728550186,0.815100062593145,81.5464982018726,12106405350.674252,0.0006111425174696
0.2659245198602757,0.0532751607215154,4.375193030909171,0.0292430745820574,2.54051720162027,4.888080240866148,0.6449013069721681,129.25267813191434,9335634726.861511,0.0005756957638206
2.163476374067957,0.0463453751418357,3.622133465157627,0.0246989711772042,4.121470866401086,1.618924056169313,0.2675173684235623,119.58731751322644,12391420830.18049,0.0005941163806149
4.534680437131886,0.0678137665454567,8.16199660296698,0.002736756682421,9.327851313369502,3.6099433231112696,0.3042610410543935,98.4591559450159,14156399360.811396,0.0
0.8165939359092957,0.0569881514410787,0.7114647023216526,0.0758902424438627,3.742304113308065,4.173442955194383,0.0474945199844254,68.57803233288591,11066168844.5969,0.0013553162084126
2.8021354325929426,0.0539167356638842,9.59402851215694,0.0162542935381683,8.480609842725212,6.585343975989465,0.456015221877783,90.73852833271332,14390201874.395288,0.0
2.794205373874627,0.0173916798067647,4.0245486332549065,0.0107415995430633,7.9838168826572256,1.5496003554945474,0.1651999542590025,120.88059782121456,13133650068.272884,0.0
2.307071865628877,0.0386225312664854,6.324943488694277,0.006968353556006,2.698303797288855,5.467310452714734,0.637860213246339,91.35592678236712,10202817523.5696,0.0
3.628977980468867,0.0456029534205445,6.808041129386663,0.0020999806215926,6.869024153657891,15.496212347717949,0.0861806211961637,95.7822462735522,18002804679.254276,0.0
4.710743851356787,0.076126590584281,2.6068769280673,0.0114749576407127,4.71453536604723,9.476716210715535,0.6572307441440175,120.67157519349917,11119845502.916796,0.0
3.033890747428732,0.0878328166104522,8.383549787205197,0.0134496298499491,3.445097633444254,2.911052334818411,0.6636347139591164,124.0082869708656,13297353249.033829,0.0
1.0951003164185225,0.0500383280304625,7.1671413682149225,0.0103107247564285,3.6629815668243344,1.2255790017239503,0.3771546578302962,123.93895303289467,10082743703.866491,0.0
0.9797326569599286,0.0803981371976941,4.952208194245685,0.0191187847438066,2.973250392304211,4.305018373976992,0.772097087514237,116.75323131347848,16445050700.24913,0.0006715762414509
3.3190224642109354,0.0648539673229402,5.899487072159245,0.0045343509391772,6.0167865186947775,5.777283901968176,0.0263323311363312,124.66754481280688,12753425213.14071,0.0
4.718159778419556,0.0767355576037251,3.4783477195694474,0.0413594529419798,0.735520157792245,16.432756766280598,0.5108905078171656,114.28478349728144,14641378042.927725,0.0012307350659697
4.82276560342091,0.0904013349905572,3.4043498555090936,0.0030837040627823,2.143594693181782,7.436704963899691,0.2491111247938706,119.7493083215827,12556126073.437893,0.0
2.72444719703596,0.0802126697775503,4.944887572664655,0.010450671639632,2.4114355119292976,6.006089019999904,0.1757275397230085,106.68464742501683,16087816702.066542,0.0
1.221779844980276,0.0637159122410205,4.178590951249586,0.0142476571019547,3.436591705086387,8.073766538770997,0.5524295502863191,128.5717078606114,10861909990.808878,0.0
4.3089160364007,0.0487096862468347,7.591270057987421,0.005585183017227,7.198375275902911,3.660014502388955,0.5506098324059608,64.3485807219986,19859846222.40054,0.0
2.9812380327326578,0.092550579631633,4.370914787541339,0.0055027213860897,8.92203664699056,4.067410151284896,0.1503197949025026,123.65678063263547,10211678095.824553,0.0
3.209344429496797,0.0133396403018248,7.491219930171252,0.0079118544912248,7.3010770812728,12.70205931167351,0.3504334842329021,69.04214860974895,19632256205.068825,0.0
1.1108522893252462,0.08433460897531,6.422783559534521,0.0142074305982595,4.318524844892743,5.058109165584017,0.3223707682838529,119.36469067735727,9320256991.637123,0.0
3.227027736589147,0.0927834138696612,5.70567264574219,0.0021176470660122,2.782676330391366,8.522945602785374,0.2637067345279659,117.16324613469784,14035449439.57684,0.0
0.8737213501414678,0.0647543753897457,0.3579052717726355,0.0141894085641434,7.168256467132579,3.905355959829426,0.1979975830445221,121.2960544846599,10042062498.525091,0.0007219293260518
4.117350874433012,0.0786371274510094,2.084793795129169,0.0019485788194103,2.670620238810829,2.14703456151582,0.2548545396961735,129.87845519457045,10334017178.18734,0.0
4.394930742144787,0.0765364881306481,0.3492106193950818,0.0205610188375627,0.5472933672149786,2.0319560478383805,0.4491094177588677,117.68125864819729,11267220420.79824,0.0008304949592927
1.7502577654433686,0.0684757078613531,0.6898093824611585,0.0137354545165674,1.1751754414576785,6.901244326989403,0.6207932225278776,115.21559983653816,9071408674.868176,0.0
2.6086836383228933,0.0266384321522493,5.783101070815264,0.0356023085302538,5.403824514258367,1.7792529087679103,0.4417955577772656,122.25880618998492,10436384334.506405,0.0005900054641093
3.959899969440477,0.0579690682161574,6.009584680994954,0.0380263628676928,3.247539038447307,6.390261960606139,0.3131701545608962,97.9230272275673,15158591888.88862,0.000950588567493
1.1036696309717664,0.0480906794517499,9.86817884440288,0.0069375978025983,0.4137476854778966,2.9035813714430363,0.7271374957980373,123.8158270206028,18159173140.280983,0.0
1.8509324701639776,0.0583945733937783,3.191534436456125,0.0177543118873623,0.9348811073275244,5.951866572591606,0.3683255337832016,121.32430592400922,11417993612.080296,0.0
4.633598986975416,0.0820656203431467,6.279613187677429,0.0125236099389129,6.277007371087973,11.883411654092988,0.1824969015129749,123.1563768688632,16855986003.68903,0.0
2.6353080609054764,0.0171462219106896,6.883811937422952,0.0169832529373595,2.2611811663200667,3.419603834280224,0.2980419676451048,122.10373218075463,11149579736.31112,0.0
3.4411750038534814,0.0697316116934403,2.725826900560513,0.0041778259530006,0.1318021404963501,6.873138365738806,0.5996065402931603,127.63672926963235,11085665335.395643,0.0
3.4625922529296824,0.070990275449812,2.618966510335685,0.0295591725463994,5.048336813093593,1.880291378943322,0.1469839324933399,114.2300858670497,15487367584.006737,0.0006648007838417
2.0420518586656056,0.0679066791219145,8.905714641609325,0.0089756361331768,2.7170239934389797,3.618710569561394,0.6455066789390508,112.01568793835052,13148416602.35801,0.0
0.9227046802582034,0.0363374280955376,6.296179113955595,0.0067945145282932,1.1804640903475545,1.5736119320401003,0.7530531216829196,85.77087817465201,11539893891.665686,0.0
3.273175391340482,0.0334484707303264,1.459767570536198,0.0263813188244563,1.2734335390928746,4.452538561590668,0.6016253540011237,109.24668965350726,10228028587.579073,0.0005799143427089
3.761977208676255,0.0473369420631643,4.294077832024687,0.0067173827008783,5.89462857272524,4.934068398409352,0.453674998509751,121.23201670946476,9948037938.84126,0.0
0.5459511495377881,0.0876075755800165,1.4210932852568947,0.004511567167306,0.874256503038687,6.327307503673993,0.2802809923254682,128.35297101404905,10237406407.32982,0.0
0.2653194303595202,0.0533042066697018,4.3839149003096,0.0291689661800342,2.541734036081544,4.887934208026621,0.6447090723042591,129.21903909700234,9337583618.53584,0.0005765021183637
0.5345699622583132,0.0334869091217286,0.577262041710153,0.0030205227848021,0.4471881639823858,7.059578049381818,0.5003773680435972,107.73345030695096,13955291257.063677,0.0
4.420383256639434,0.0928763296865299,8.38269395985269,0.0145611149559774,8.292086870545424,1.5100989017325577,0.6162916272081038,97.56497076339872,10593145618.72861,0.0
3.6056944361102703,0.0607838808204392,7.965334887816635,0.0058226019679767,4.121767769954805,6.238732978791317,0.3670689181898358,113.21398206678488,9368866267.299109,0.0
2.8242789675485174,0.0186200890888532,6.06083836523556,0.0143741888646027,1.5048265429223968,3.191270161338907,0.5330847370756798,111.2829495513582,12741641178.8072,0.0
4.521416648547503,0.09217933166037,6.905301657095226,0.0213913883325467,2.203670186199697,8.52702824025412,0.0623323909349089,107.80905951263117,13834875357.43106,0.0009135019645062
3.685999115256996,0.0454822072018484,6.831181329889046,0.0035799960595391,6.977434989458221,15.890532173406712,0.0855609172365505,93.28333437358984,18133144965.23816,0.0
2.148176172829505,0.0327266381938899,4.295457611585549,0.0146527584539414,1.0942039022535637,2.859926540896055,0.6064643755795855,129.10822569379897,9876968471.595531,0.0
1.775307201447854,0.0608458631917948,2.5483057669578617,0.0170465959637111,5.777310880594896,3.17928446353126,0.4461513546604982,123.23483846081768,10291340896.930777,0.0
1.0503045399126572,0.0455844814090119,6.589761081358236,0.0535350034891646,3.513704277127425,2.440370896088379,0.5683320205518496,79.09312400829948,9583743736.937395,0.0008152175064304
0.8909710241174741,0.031323396068142,7.6433187097125295,0.0205558779700235,6.024850387611676,3.607944350215022,0.2897753463596651,103.94860468318518,10600159427.731035,0.0009925379463035
3.156932245058315,0.0405117400785335,2.433246135773884,0.0208540578207426,2.4723381246174867,4.56279739229756,0.2807287519541592,126.87965970863696,12691685045.7444,0.0008073156879825
4.868429521577139,0.0742411676348035,6.123093445754916,0.0043064036458526,9.518790867867164,1.3954517202422618,0.4345680882571537,95.93131192295888,18361993204.053604,0.0
2.007271569793136,0.0660625006875502,7.931595940705697,0.0047558146603564,9.115384302743664,4.564228700102269,0.7350155729587884,107.42581460823943,9355773313.528193,0.0
4.091663534867299,0.0558742948163847,5.093986608927559,0.0186873661016789,9.678270193606387,10.934297397814817,0.4394473463560056,90.45574579525426,17342395825.970394,0.0
2.259372768209259,0.0892871105159523,9.95798600063723,0.0155150683285538,4.183191632936139,11.866828962561186,0.4852185863200842,116.4793389885628,15252200557.814592,0.0
4.526875204430652,0.0656581796534104,6.077595269686793,0.004915223628311,5.122442957853657,8.490876986658579,0.1935785248151598,121.62686665487271,14365068604.744158,0.0
3.914061983261082,0.0739250866376458,4.219406053048744,0.0150870073111169,5.020512699418074,5.896072560176091,0.188598564317192,109.9582803520216,13027300309.763975,0.0
1.5883904457066202,0.0688608646534652,7.384157034083944,0.0131441603837357,0.977147102469843,4.889293083603355,0.6876219654477511,118.6452764472173,12392173424.970634,0.0
1.7160976849799223,0.0863915718471043,6.322869492870545,0.010674008154645,1.790802808579026,5.076122520089534,0.7160547505733652,124.32825796694632,13857902703.376022,0.0
3.3419529512088686,0.0271572728629253,7.588034251628737,0.0295427594793275,7.653376930022798,15.382924745261365,0.0999429634633857,120.02348543824895,18884746825.175205,0.0008551733652978
0.2435622223027264,0.0746796274104105,4.938934496417905,0.0231677013588061,1.2868839895095252,6.380762512133419,0.2643036276899574,118.26035766732134,11374212536.92584,0.0005928453572937
2.550335205117678,0.0767746900470297,8.760762503276624,0.025399659574382,1.2545307326397457,1.4221316764166958,0.7533369565577297,73.42909078354606,11957836247.060738,0.0014214157539725
2.9839792599732657,0.0707143142477065,8.356625011034346,0.0195553864183858,8.575401644760237,3.0460758281529423,0.5582759151410264,115.91676978183644,19819323890.1734,0.0014272504594166
0.2611629879083332,0.053296459637193,4.370077171886768,0.0290506329820395,2.586831842981622,4.8965317781434985,0.6443902345076462,129.25955418047477,9321401415.006905,0.0005767841162933
1.8238489780509195,0.0717109263834062,5.06233595096239,0.0123404601976616,2.618870319761508,10.906400567539396,0.0322975895710294,113.73046982069276,14599715295.071104,0.0
1.0938968752130789,0.0894400987758773,2.2732054650789677,0.0049529631922603,0.5297849296596324,1.6850417812183454,0.3891125493741114,115.50900393043572,9250199552.150356,0.0
2.3019865174584138,0.0387982446984137,6.304469542244726,0.0079068168024877,2.536525054690932,5.148144687463454,0.6310653575397996,92.32446806990596,10035417330.72258,0.0
3.610143035480668,0.0161084999526095,7.03285554661395,0.0078572088072927,8.577441636905839,14.357929338218904,0.793376083973959,95.88288653347362,14279287951.10155,0.0
0.7477061066652041,0.074330141582363,8.953892361327835,0.0137378146441018,0.7627304454170015,3.499261369239072,0.626834379685944,107.9688203307489,10968656175.650509,0.0
3.929960395529679,0.0205258971963156,3.23676059424226,0.0062070084407838,4.114801805843038,2.510920845289257,0.4943893221448379,99.24446083612162,9593960399.827282,0.0
4.65022915103915,0.0935530517851848,6.911492857682741,0.0212971942505437,1.8538975139569576,8.375535768541292,0.0585589118071025,106.79013915004197,13548447944.041098,0.0009055995735544
3.989092960798869,0.0665273228058499,0.9167131943460074,0.0137857798482836,3.075122614099416,7.202244281088758,0.5588178850825527,116.84921625912268,13641961251.57389,0.0
2.95883698057652,0.0896927436481614,5.95411638407892,0.0307169789318505,1.6060808878758892,4.181113238833486,0.3229125867978697,70.55591229264725,9077779928.306458,0.0011987061776442
2.667024066285601,0.0706926843106249,1.4781603465141513,0.0164992525982466,0.39187173984455,2.488131518090372,0.5084990498789168,128.02904479768935,17825713586.912834,0.0
3.195205634945957,0.0352190194790432,2.523209199654561,0.0573603288922777,1.7883651744783993,1.473202331374891,0.1258052058123172,101.5536339786034,17393333687.658287,0.0006962381751357
4.212296700180653,0.0457981419078816,0.7060420578641334,0.0346828619050658,0.8876673203116625,5.7125625608708175,0.269383113017716,122.14987964603937,13377896047.286123,0.0006426756257129
0.2437148069991581,0.0746239974325912,4.937730611719733,0.0233184432819594,1.2784956454007073,6.374791384208497,0.2641930916697708,118.2591803328364,11373128831.435535,0.0005927751942673
1.9267765293036725,0.0649836944908711,9.199907483626957,0.0070689292582807,4.421833068640267,3.2179955674048526,0.4210883725373792,117.27605272290744,15971392482.657084,0.0
3.1239789760841914,0.0594370971051004,8.283483820240093,0.0076705514250814,3.4461938319384537,4.678870404719944,0.4470503518029936,129.5831816360941,11023729667.284584,0.0
3.2090316410102497,0.0823870777189107,6.949145090750397,0.0018703629263763,3.346179244861375,12.122662687420483,0.0393293760155608,106.72959396452757,18845650792.68728,0.0
4.420383256639434,0.0928763296865299,8.38269395985269,0.0145611149559774,8.292086870545424,1.5100989017325577,0.6162916272081038,97.56497076339872,10593145618.72861,0.0
0.2522723086647471,0.0745511773864188,4.919989606166413,0.0231170036212518,1.2956616581099647,6.380457309643795,0.2627608875741103,118.40135435907004,11338911688.178171,0.0005991286211962
0.8271333311918174,0.073338890639024,8.583055463300083,0.0463739888770551,0.4650450068413135,3.674417860658937,0.4604134566289936,103.5239009796784,11787916619.75164,0.0013675784256228
1.3000212633015655,0.0367257506404598,6.573888269943168,0.0121993013335,8.791376589407204,3.4240848191338715,0.1118380683171918,118.81483795198398,11900061885.292166,0.0
2.3686613729788024,0.0339899585739561,0.6300605724892183,0.016269231132847,1.2524505836003883,4.153752388261786,0.2797446960301016,126.85094643032994,12455665654.261082,0.0
4.400738141808303,0.0417371566432199,1.8138376072082176,0.0666428946932501,8.885525895314432,10.980024854308487,0.0535535904586685,113.38284330868748,13320840960.977402,0.0010327562316919
1.872355956689152,0.0719244356406217,5.031606375056774,0.011567072530067,2.597012486275313,10.772089271968497,0.0382515969407548,113.83396711775534,14296782042.189,0.0
2.505644905814812,0.0962179530845289,5.867637542347397,0.0264987320253229,1.8799441502579848,4.390263207568083,0.1841319897554379,83.9993756641041,11002120068.711931,0.0010111906610958
4.267781655924824,0.0945472427615741,1.7864547130626311,0.0308776081137866,1.3934944707148391,12.907592295471494,0.1613628220088967,113.60033685801588,12214964868.094513,0.0007236926710874
4.547575722812393,0.0431734859986349,2.2863735247215584,0.0582699931539367,2.179059960469952,7.380748149347684,0.4582891161558966,102.36319896756751,9735756318.428793,0.0008643009775906
3.371210188766064,0.0720664877451748,4.508300675180405,0.021907545283046,4.567875970286233,2.71505249256422,0.3937925954379284,94.40598883363982,9080492555.92141,0.0009937367581299
3.586113617865957,0.0668324516130677,5.533355099842818,0.0228551633486951,6.198687992986601,14.478628928213698,0.5806435854920444,99.1312636431538,18685354936.40626,0.0008911487875651
0.6985872359352533,0.0425941068940476,9.832600202007804,0.068835070740096,3.1829773475619034,2.845135575776144,0.438612574949068,91.92550413488912,12832500403.396175,0.001014731987468
1.1782234889992216,0.0289367952253561,6.358484659757854,0.0018543651425644,9.429940731849332,9.973439277507143,0.1531257678454622,126.11927300721948,10747006088.768774,0.0
4.969631170598554,0.0840929579440811,5.544200606190149,0.035096114923042,8.150570034563808,3.3426510504572846,0.6413289308617353,71.77184950878,12744472627.931969,0.0010577699980563
1.498214970410854,0.0220929893807952,7.445502024864195,0.0413544313797472,5.798274030411537,3.526224522652642,0.2986813733029843,128.16107240656115,9330029082.970287,0.0005865181193104
1.5514485963666929,0.04107847570091,6.212111143575514,0.0589302920292026,0.6771472744207798,9.43244446579715,0.0648659067095427,91.10593009323844,12901201621.802105,0.0005904574559599
2.7276423653171613,0.0867981548203979,6.067457338293959,0.0217982228019015,1.116824384059591,7.870874646209947,0.354768212591144,81.53286746437904,10671696753.187307,0.0012751458268225
4.364727953241192,0.0672503833031908,1.562456587970499,0.0326207153870493,1.436079261225344,7.977562430482069,0.4538735970679906,124.79295255144874,10919751769.822046,0.0006921709088817
0.2653194303595202,0.0533042066697018,4.3839149003096,0.0291689661800342,2.541734036081544,4.887934208026621,0.6447090723042591,129.21903909700234,9337583618.53584,0.0005765021183637
1.2990657233198628,0.0521781147863438,4.794591343268422,0.0255493252386045,0.5010698775044444,7.601647741307548,0.3576206048428155,127.22378318919274,11009312621.502523,0.0011535284246247
3.360389566996,0.0623020591585769,6.030103554771529,0.0066003129686192,6.00708216111743,5.779379332360888,0.0345419278531335,124.95917312924892,12388554555.546556,0.0
2.207852875988065,0.0437314217111879,3.660938666463308,0.0670755485920786,3.3285792855047536,1.017379006867441,0.7701090853217307,67.17183767269215,9944476368.37888,0.0011751672255351
0.981834713277879,0.0223513824668147,7.816264082469923,0.0241176692705173,4.084837481034208,9.624510527043304,0.1739202868411703,124.04768709525638,17746777014.61749,0.0005575677909071
0.4165524695404378,0.0596100499762024,8.668536265815497,0.0407289171408491,3.475552376173771,1.084975777752758,0.4846557784536716,98.40734433764192,10548699581.049473,0.0007861325052568
4.329793176934156,0.05915192067451,7.696683134283027,0.0317752580475858,7.954392249661935,6.306636129985726,0.6799112866045356,84.75272409738515,19846802597.22681,0.0010043381555398
4.681341773863121,0.054927656087417,4.672567044365404,0.0423896162860433,2.42685963822674,2.8467274790260064,0.7916312327486628,125.77604724525666,16381400574.323704,0.0008563275309875
2.1725944711027783,0.0890066869347826,9.994852135937077,0.0164579100948462,3.931182784946624,11.680195745720194,0.4834758408642242,118.00526670477151,15339231792.261578,0.0
2.3019865174584138,0.0387982446984137,6.304469542244726,0.0079068168024877,2.536525054690932,5.148144687463454,0.6310653575397996,92.32446806990596,10035417330.72258,0.0
0.9610440460481312,0.0444746164211443,5.440012168379944,0.0035451437466563,0.4475822051506396,1.831796863155142,0.4545723712597891,123.14982421259803,9863178517.734913,0.0
4.163390876252572,0.0762491516843835,8.461373400907474,0.0041202559776981,9.40529040072832,5.908805575291211,0.1061631546572669,82.35642117146301,19255828271.74608,0.0
3.4838300663304205,0.0630610799797179,8.872972811775268,0.0071353877460979,4.579718905000287,5.761526568000197,0.1086710771464019,114.41920705437244,14999165508.9841,0.0
1.955763601047445,0.0555799212931748,4.563225540528756,0.0336122041962117,0.4842567091264799,11.36359345270541,0.2345162493484262,129.48358592363405,9489211739.12004,0.0009933743949133
3.99229155636312,0.0854343650640613,3.1110132752531343,0.0400278283965958,2.2789385806467544,1.9470706410217595,0.5260526505214174,123.6440063147822,12890488824.892193,0.0007490981866981
1.7744148881345152,0.060956775350705,2.548320693536952,0.0170708581134879,5.779048725112181,3.1198491421942647,0.444678250814652,123.30048263832616,10261682546.292065,0.0
3.164681973913095,0.0514783196578769,1.782467757128697,0.0204138946730818,2.243056866546015,2.4585952729725675,0.1226232575381996,128.46800083111856,10322379764.988865,0.0005953922811394
1.5681137867634978,0.0693632328559525,7.4017408990947855,0.0131110795423165,0.9611676617099716,4.895526392758867,0.683446746093111,118.6625136831331,12415223815.432035,0.0
4.070539065833549,0.0578527686274023,5.030489541408871,0.0222574126421903,9.66573945319485,10.932848901651392,0.4264462753462748,88.78490492881883,18103710889.37769,0.0007077034876167
2.146767873768108,0.0885581316621466,9.995319616990315,0.0142633657715823,4.23385115890507,12.051805578684476,0.4862828807211881,115.79250311304092,15195610264.678722,0.0
2.566706913159796,0.0861503798071574,3.4608761517714424,0.0092707728596971,2.3142571288859672,7.854234182908822,0.4423262277915121,127.7126951841289,13809380581.23439,0.0
3.216958259766292,0.0562527137728492,4.184170300918968,0.0030651397765749,6.969985897483504,10.27267238770753,0.5356834382271901,114.00669872805037,16047599853.009394,0.0
1.969755570979155,0.0324723749150626,6.803977471810667,0.0062021997402554,3.652986161562316,7.446959318772955,0.6926811560859775,82.78102179710407,10155385885.323734,0.0
3.50851114477939,0.0085177842469061,2.47457773961258,0.0178687241304789,0.2418560852432797,1.8236585549270004,0.6769005709973724,114.6555269327094,9010201070.651024,0.0
2.5770024618691307,0.0585351601851238,8.97178334806705,0.0046059077609425,9.03427653374363,7.118554682394231,0.1889766199298549,89.9618172531109,15386920240.151796,0.0
2.72444719703596,0.0802126697775503,4.944887572664655,0.010450671639632,2.4114355119292976,6.006089019999904,0.1757275397230085,106.68464742501683,16087816702.066542,0.0
4.394336733363892,0.0492876796598843,8.196680121739474,0.0013075606623209,9.354018556267446,8.583466591909682,0.0565580025631784,101.8053298110879,14585518022.114376,0.0
4.497841040529497,0.0875825775497293,6.40636574074203,0.0034307511773787,0.9922859819962676,8.677013350277958,0.1808050219440837,71.02260711173537,16123274961.838316,0.0
3.5388474313874583,0.0588072900207224,6.994053959050934,0.0074960304766467,7.524443721749475,9.150911784021313,0.094326649723814,112.78673957002722,16540331856.835487,0.0
3.929960395529679,0.0205258971963156,3.23676059424226,0.0062070084407838,4.114801805843038,2.510920845289257,0.4943893221448379,99.24446083612162,9593960399.827282,0.0
1.8848671315278116,0.043229600777814,4.634223803412045,0.089486475215006,4.920087091275668,7.72469638952736,0.5967041166473138,99.12474648627853,19748406081.6612,0.0011634666555626
4.443694675780887,0.08161206516345,3.1625317189824536,0.0169513214197872,4.161978283012889,9.191339935274325,0.2959824287347262,121.09109793386702,14875363030.481916,0.0
3.594207677458425,0.0816836541616485,3.4932750679799818,0.0846244480066865,4.928324724762969,4.276085493768365,0.8339884573232389,100.62600869159463,13856697655.05466,0.0005551592731847
3.8677129314484575,0.0856765429941345,7.669372515734167,0.0102953744919359,7.092810896102025,2.8662840186439227,0.604040724357069,104.57304537770467,15331984365.186617,0.0
4.721537601769201,0.0922537151728428,3.5190520621441497,0.0048221928261194,5.72360298233494,8.714984933159217,0.2934913402810232,120.73580719379832,11355413516.944311,0.0
4.457008043895397,0.099753871389606,4.166184125999037,0.0553094372576587,5.229870122253207,1.1297169755453251,0.444135393379541,111.91584084735452,19367783939.07854,0.0009698425763738
1.4660947840576943,0.0405032952722577,2.976880942005183,0.0364288952525,4.3031810408046685,1.01852108535283,0.369255532107266,79.90564455508917,16538725467.807692,0.0005407609845434
0.3880138293642765,0.0860023121130784,9.204084277418032,0.0166855070843317,1.9309373036594744,5.340310985185602,0.4127488813554654,80.70549411513451,14290998610.124054,0.0
3.104037275532466,0.0751782712857837,4.359782226664016,0.0364941630171718,2.1730740472195875,1.4404369068984495,0.2597533224175297,66.6585109940147,11446330101.39741,0.0012721982496801
2.5425722212022444,0.0514252397325523,7.332830471737993,0.007894398675202,4.358259579762432,13.786213359660886,0.1899825772269417,83.20819439371603,15771374684.921291,0.0
4.458231233767438,0.0897899836308746,1.536509402150063,0.0115587885262773,5.28955420358926,9.15208898009514,0.4434439598677623,121.05205644117488,12493410843.04201,0.0
1.229386035933993,0.0893148339608225,2.9884412593983933,0.0042869254202255,7.515815346018368,7.042231067912264,0.2087755006816505,101.180515646691,10272524971.884668,0.0
2.512398758098384,0.0919003751231511,0.6308433795451835,0.0258963230096652,7.463757600264655,4.308297304531728,0.310651023457839,106.33194960560202,13741892668.68334,0.0006519489598061
0.4793987723370777,0.0589832527802056,8.19048374150686,0.0032832844682686,1.8435969516427693,2.87200327318572,0.1647799671531365,107.82019891629118,9911607785.012917,0.0
3.6015764367654755,0.0497017973911984,4.17176343724205,0.0117859642726975,6.560936859112164,2.1050691730255977,0.704866448263835,115.61666457841945,11730999289.942516,0.0
4.808826568006153,0.0765746265943785,4.075274354931656,0.0509403560333642,7.317596300669445,8.337841111085845,0.0652442366064656,73.22810226762464,14516009573.943771,0.001437016219674
4.407421431756478,0.0417200470536161,1.931396969496579,0.0665854076562453,8.463875803373872,11.00769766448535,0.0414418601063576,113.4848092986739,13303180315.067848,0.0009890558857669
3.272657500009259,0.0095670144113329,4.298343191471824,0.0041170228660991,7.1938619239188215,10.85561409062741,0.0961459299872527,100.87536788211068,12611358229.00064,0.0
0.9148520004030058,0.0442155373927273,6.283633680477792,0.0493161386687615,3.8038293719759175,3.120418341456231,0.5684849850797918,79.35979866990824,9659031301.041197,0.0008589023187698
0.7598351083553426,0.0715523164902054,3.3958776205810404,0.0245264907109097,1.2092060829727262,1.8688289605061497,0.3902224568520681,72.18740137536561,14475011773.379108,0.000945175555318
4.662228539372547,0.0921148013899572,3.3206459331154115,0.0054792828332634,5.921465186135223,8.346958547958895,0.299280454058542,120.45580278817098,11261854988.622065,0.0
3.443591455488193,0.070644157372541,8.095794723972071,0.0092480877934596,9.249313925137574,17.29756177694853,0.1082771106722182,94.49029696372024,19611512872.738934,0.0
2.028110772108993,0.067274206388818,7.8560485185256494,0.0064947521348848,9.072838471542182,4.733197101916917,0.7116403712116731,108.1761501538983,9416067523.45451,0.0
0.3502905747411186,0.0970719690719033,8.988668683485004,0.0281899442672052,9.056218447027012,5.457439984423684,0.5203009935580186,91.82366747539696,10366032491.413183,0.0013883414651479
4.376811759510362,0.0985300936609463,6.519677430927518,0.0151016326625239,7.858144798612468,7.685729013935885,0.0612682875457566,95.65374444216226,18883137709.069366,0.0
1.6725822063028315,0.0517852849867143,9.063707103018794,0.0259229237151431,1.949309500788174,2.110219867707645,0.8125800536356573,101.1970770582224,10708946826.858952,0.0006448334682978
1.871073991612984,0.0872066415388995,1.2038612993677829,0.0016695526887466,1.6055520350662695,9.918175207103385,0.2898457589559503,122.66302634039052,9112409085.360008,0.0
1.865362850740264,0.0921625676892446,5.939345843181872,0.0046938712171492,0.8740208138613726,4.890381462003014,0.3473543844895759,126.98204141147686,10842955122.958778,0.0
2.214461894050771,0.0860088984942941,9.422050179858168,0.0146484973287071,1.0083086180779817,9.7641275660132,0.05278330482007,119.29826045509331,18057759332.65424,0.0
3.605305087252605,0.0161313386643076,7.047212724013862,0.0080884835192408,8.58398682929453,14.317968429585784,0.7932179429976115,95.8535864990091,14279039980.982784,0.0
2.0420518586656056,0.0679066791219145,8.905714641609325,0.0089756361331768,2.7170239934389797,3.618710569561394,0.6455066789390508,112.01568793835052,13148416602.35801,0.0
3.238462884963245,0.0376416595405259,5.410052915913725,0.0050313123019472,5.786691294148142,6.643987540129949,0.2601601279536737,97.4924925335413,13305335530.856222,0.0
0.2363485188098969,0.076198529909131,5.441522235190601,0.0199152635651743,1.5282318383995304,7.857598618564022,0.224925148923563,119.24381865378878,10641651741.365875,0.0012354271470671
2.4034413514469986,0.0526984431104323,5.6015193995047685,0.0432019160404947,2.969798567929708,1.5260900780811395,0.6147145402840454,82.15533702109575,18040263111.15177,0.0005057948018299
2.8861154567359764,0.0287628543080584,2.3398537915970863,0.0129146116323291,3.4055518724210803,2.9518449229424606,0.6533204076140747,122.69915064074893,13403040093.404938,0.0
4.674178683766979,0.0965060145209613,1.74998455166914,0.001465960928428,7.231542028818636,16.83177804286115,0.1046457434784713,109.66240675872643,15427611522.019873,0.0
2.5770024618691307,0.0585351601851238,8.97178334806705,0.0046059077609425,9.03427653374363,7.118554682394231,0.1889766199298549,89.9618172531109,15386920240.151796,0.0
2.9316039987945044,0.0514772244980422,4.602030205688385,0.0109463044780774,1.2499638438454417,6.654119816423042,0.7583673010774162,121.80450232727452,10816305313.614853,0.0
2.5779622070477544,0.058538685124796,8.970943088581334,0.0046130307210363,9.03428482420851,7.116789719455316,0.189011066954591,89.9700441576186,15387539062.124292,0.0
0.6656466554318982,0.017307937192439,5.332800311087498,0.0146736566427574,8.424615816277917,2.862148176016809,0.198630914034311,122.41460710466448,12445432194.216932,0.0
4.097997258023831,0.0972195372698665,1.3539456888048689,0.0073323628650435,3.8138621976956455,5.396334322052327,0.3204349321206586,124.752710094402,10246112021.474182,0.0
2.0026469679458594,0.0283695374681642,6.528134720307071,0.0058137575128247,3.5511547547787776,8.061203826691207,0.6802155216230824,83.22339586680297,10019136663.26424,0.0
2.85533877675525,0.0499898511726355,4.996710557403238,0.006306369543721,3.99366828023584,3.8437246489219192,0.0468372472363835,129.9944636994907,14218602605.581312,0.0
2.897159570625085,0.0907415950371885,4.532203195971824,0.0080836634248237,8.896775976183383,4.029880271733699,0.1807459120828336,121.92848670386232,9795219190.796535,0.0
0.7904645269817403,0.0438318007651453,5.8037083215589735,0.0268925652444216,1.329579327504069,2.7648597728550186,0.815100062593145,81.5464982018726,12106405350.674252,0.0006111425174696
1.7861430703780368,0.0507944406548149,5.718126566860875,0.0049205215558968,9.942983033640257,1.0264362249987211,0.6024474757926727,71.55283265329533,18151835602.14305,0.0
2.5779622070477544,0.058538685124796,8.970943088581334,0.0046130307210363,9.03428482420851,7.116789719455316,0.189011066954591,89.9700441576186,15387539062.124292,0.0
1.0032687128272255,0.0234599725903531,7.812400120593829,0.0238051150495518,4.186494689354288,9.518868037908051,0.1825933673961576,124.56839976500017,17790288756.100353,0.0005592955966455
4.572961523789176,0.0848226845337607,9.201591528415122,0.0065916337631338,9.781902846594951,5.564201741100345,0.513494115236285,102.59159248810904,11412081666.396854,0.0
4.011115597553389,0.0560343206880489,6.824168078948754,0.0695134975750292,9.309786662115826,3.8247403858684814,0.2398629424554464,98.33241672258244,13627110553.392658,0.0005967461473027
2.484274541874936,0.0960998298847229,8.952958181900119,0.0215615976672659,3.918879516343213,2.957078945374041,0.8125263587515592,106.14806662230968,13771443921.113209,0.0009769493438414
1.869644932705711,0.0552251408002276,8.779239068124257,0.0230149312797921,0.597726098179242,3.8910632473516578,0.4383391793290406,102.75792023977463,12473390048.083302,0.0008867847745299
0.2653194303595202,0.0533042066697018,4.3839149003096,0.0291689661800342,2.541734036081544,4.887934208026621,0.6447090723042591,129.21903909700234,9337583618.53584,0.0005765021183637
1.855707834027681,0.0920890768553494,5.93664535378127,0.0046745620119883,0.8794613057656506,4.858621169316657,0.348182454771358,126.9220902938076,10847549638.192469,0.0
4.200869649969616,0.0789148484029729,5.582361934312666,0.0051097209348012,7.195974547399351,2.0726912655208247,0.390643149699183,114.96613222143274,18366655150.90052,0.0
0.359725440466722,0.077769522006951,5.35914506909859,0.020435239233729,1.3755564215823073,7.729444459160889,0.2287004097610951,119.595298313215,10765685992.10615,0.0012559762110316
1.5405470570084487,0.0682735623990517,7.518241460366161,0.0131306055567978,0.7376689166482844,5.180004336146841,0.685444179785978,119.52598443054367,12423070851.882568,0.0
0.8293477933582011,0.079008835423013,1.3521219786187424,0.0169039986196543,0.8614222843754845,3.7072483110932666,0.2085587619339569,121.82548250989706,10103744264.637672,0.0
0.9205711842326476,0.0226890324644536,7.671217203153291,0.0240756514192976,4.23594995673019,9.961592106403106,0.1656880407802746,126.643369845637,17493879846.347855,0.000564432809141
1.8683022458001453,0.0813196385850685,2.690365163766445,0.007514626800287,0.9636282153529664,3.7870948599558254,0.0917639035284349,91.15934126184638,13999021971.21071,0.0
4.615885391370782,0.0361723704454478,6.427591072674806,0.0557020370219466,6.407400687765814,10.432887362915382,0.8217025945971452,93.39613342403564,13543749743.36377,0.0012740675309843
3.0242983926913016,0.048549119145443,7.386626714274914,0.0456577400598098,2.417036535516525,5.652839066487144,0.3275030036263326,81.71404051913377,11519003828.771114,0.0010819606481585
2.1844363864065985,0.09970380337727,5.263601806958526,0.0228973544653337,0.5073392597630415,5.7492269613202325,0.4179154728413476,115.93956203324562,15331936860.769377,0.0006823805703455
0.99700749761623,0.0621606988483167,0.5623010425322181,0.0131027245413711,0.2796665236450368,1.3313858118550743,0.06737818255359,115.12902880495052,10184103950.131063,0.0
2.4467349394174938,0.072404135654535,9.028582940866528,0.0306529327314559,3.517075511991,6.846297283592303,0.7727739549540007,105.60349145290236,18602374612.97451,0.0006835886228954
0.981834713277879,0.0223513824668147,7.816264082469923,0.0241176692705173,4.084837481034208,9.624510527043304,0.1739202868411703,124.04768709525638,17746777014.61749,0.0005575677909071
2.835823286467878,0.0645884306767324,3.6703201709978823,0.0278545963718294,9.497224793866062,7.5239934680713025,0.8121685313425727,113.46040605858454,14046083830.095572,0.0008351664340593
4.990267388080788,0.0726874279772858,7.154326693517801,0.0800700189561622,9.53844863784072,9.312755426130291,0.5054726616100449,124.65819623476077,17324393172.584774,0.0014144794533683
2.2033511680557822,0.056964028301566,5.920121285335746,0.0195539832642049,1.822681216512512,6.345916112267194,0.5968966515930506,123.37498531688186,16290624486.096647,0.0007437148004119
2.5028606270362515,0.0412430418587138,7.540208008083889,0.0122017620278429,1.7334950771131727,5.172583982286745,0.2254117266172938,119.70151650849868,17865648945.101036,0.0
3.128967212464857,0.0482376133157372,1.661691740423496,0.0196328375999877,2.397537509939655,2.945351325140327,0.1054348983564413,127.76870642358034,10377324273.45102,0.0006073562620526
4.321509488630822,0.0515118253405084,4.188231299310157,0.0582331934332087,3.0315682345666075,3.5951608339431305,0.0384845468407202,128.94157016514396,12528831920.150557,0.0005968667717311
3.0357229900111986,0.0496762912678319,5.706500171446489,0.029244944424449,0.580765693255378,13.195762823360722,0.4774149267348152,128.66270047125403,11821767674.055578,0.0009598934057238
2.879797034626095,0.0499358622506934,4.902688498848276,0.0062267696522578,3.610446414430855,4.282629099410717,0.046243351008437,129.7234977716683,14090006906.5077,0.0
3.3013875378330773,0.0350734467709095,1.5830782783763515,0.0298727794265905,1.4249992905440725,4.747197362706792,0.6086789440500303,108.23233112947378,10140808018.5585,0.0005784149171829
3.420169790527825,0.0248082602634026,5.896031426436011,0.0235433594123933,0.8558638881633719,1.146420852791849,0.6140256422394935,107.28175568784468,9661917152.430355,0.0008226726410859
3.195205634945957,0.0352190194790432,2.523209199654561,0.0573603288922777,1.7883651744783993,1.473202331374891,0.1258052058123172,101.5536339786034,17393333687.658287,0.0006962381751357
3.2506210786695657,0.0975135250557195,6.569914417058036,0.0071587347700123,0.8798586709658064,2.0706440233831804,0.1254664011566423,97.5167778153577,15779201600.014454,0.0
0.9042939699780106,0.0813192215071031,0.8756032218082265,0.0166183671234802,0.2884082812156704,3.4169529488241257,0.6978373668892902,99.28363198519122,9719073251.858936,0.0
3.095145137899449,0.0514746244974319,3.675441741620925,0.0395886717987904,8.487273535405592,1.2718312546770107,0.0850945397661144,105.9420922703584,11561354336.922377,0.0009436050453544
1.2785087367585386,0.0183756245080556,3.827065655841065,0.0053521987229285,6.032611759065446,5.423826422279857,0.1843832110653711,110.96610596802758,10786339537.693497,0.0
3.685971993719557,0.0894643341130269,2.339003457933647,0.0061248152720184,4.609325344599949,9.426927377857162,0.0564485448730213,126.91138700600126,15314707892.022116,0.0
4.72493232939385,0.0929462948803586,6.792624732032698,0.0221671992449477,2.190052946547244,8.730882365538427,0.0541884365207917,107.13252622417028,13855350909.432049,0.0009099403621612
4.82276560342091,0.0904013349905572,3.4043498555090936,0.0030837040627823,2.143594693181782,7.436704963899691,0.2491111247938706,119.7493083215827,12556126073.437893,0.0
3.1369603766281005,0.0481067530394173,1.675840589251972,0.0198466575274108,2.396837358561788,2.905951725208297,0.1057337376699853,127.9656026835736,10403631194.086452,0.0006077112669136
4.443694675780887,0.08161206516345,3.1625317189824536,0.0169513214197872,4.161978283012889,9.191339935274325,0.2959824287347262,121.09109793386702,14875363030.481916,0.0
4.972347830817699,0.0624347532599179,5.29175673429348,0.021791302038024,7.863687474735404,13.304685171169588,0.0564497877476497,89.82873977288278,19346444353.75752,0.0014539437059843
1.442026486052677,0.0326639831529206,4.162238964858717,0.0415943322822501,1.4180456206717535,3.403676787225942,0.762688032197192,79.0605023877697,9614595088.993608,0.0014172472499709
4.735906371570887,0.0775133269303817,5.014158956969258,0.005424659062133,9.945365433763271,6.687291961332321,0.0649957402997808,120.05254866977228,10878756821.989088,0.0
4.71882698264796,0.0775462474474296,5.028497456649544,0.0057570392060545,9.929669383925914,6.680459449237481,0.0666001062781037,120.2562008285761,10873218688.257536,0.0
1.648849170561736,0.0759439059451903,9.440739281294531,0.007971020042127,6.842554167025511,4.794717294531191,0.2852114471297332,86.08001640780613,18120691381.575558,0.0
4.333424148766892,0.0644101399706267,2.3738472383066966,0.0434386385406438,1.959124624679848,4.627124846297626,0.7678724896998823,113.72643991660128,9423025917.42462,0.0009366486116943
4.071620173438966,0.0172997181534945,2.3970407328477568,0.0147721368136842,6.356152534631574,10.333014825239207,0.247292338090003,66.43278635536535,12961484485.007551,0.0
1.2210089599143754,0.0637093601446726,4.1796613078643405,0.0142836166338007,3.4370436871733823,8.076477370117242,0.5524401376130295,128.5673483696245,10861462424.622623,0.0
0.2229875896952533,0.0791823005405607,9.934640347701018,0.0237867848805311,3.748152316206675,2.313577300833316,0.0577567167089516,120.09103607095209,18118783813.509903,0.000629275278056
2.165596057328084,0.0999262826417699,8.261084919889312,0.080137953460471,6.2126414489637565,12.51957186331898,0.1338158020172254,99.71529928043104,9249733431.362106,0.0008925882343423
0.359725440466722,0.077769522006951,5.35914506909859,0.020435239233729,1.3755564215823073,7.729444459160889,0.2287004097610951,119.595298313215,10765685992.10615,0.0012559762110316
1.442026486052677,0.0326639831529206,4.162238964858717,0.0415943322822501,1.4180456206717535,3.403676787225942,0.762688032197192,79.0605023877697,9614595088.993608,0.0014172472499709
1.4299841407103435,0.0452028470875929,5.824263077219625,0.0137647520227125,5.172770322176644,9.535705436035778,0.3628720401140415,87.38725117689435,10251658909.404442,0.0
1.6529062185274344,0.0477321960206691,5.83600937733121,0.0086836074312267,8.80904655712798,2.8323399639866933,0.6908171260240391,108.1859287483208,10186590605.843271,0.0
4.976767424365347,0.0397419126284566,6.401761954651678,0.016367159795863,6.952326571841242,4.564235728573017,0.472574661717867,107.1501680220167,14751509415.910162,0.0
1.5782862366614347,0.0352740660986531,7.838259141979866,0.0074677761826413,2.013320060561717,2.189817206240367,0.443192872577817,120.87760601352149,10008865152.031256,0.0
0.3072394248535537,0.0538274816837602,5.465744062956873,0.0105569289396399,1.0685134108766927,2.813959233396552,0.4865255109211113,102.12954547705628,12718222267.779572,0.0
3.028970176807337,0.089145592080769,0.541820898003342,0.0640589002115988,5.42085298916923,3.47780285891776,0.6220559687320589,126.75192806842335,17476336491.02814,0.0009462971982149
3.330157614120623,0.0544163178687067,9.823748765892637,0.0069491487944214,0.8814526711385506,4.682717522021526,0.2590522137906251,122.92775407768195,17537188384.67563,0.0
2.987335317114392,0.0260951021048724,4.129502461281743,0.0638356933886838,1.2854692061146578,7.152634727155512,0.6920626036726236,62.836055633168485,10407694843.329632,0.0014730692519416
4.401356887955639,0.0795304743880393,3.660956430896532,0.002132040506786,8.1185277000819,16.76403636102983,0.1551387282231603,117.475161790265,13878878280.555777,0.0
2.4516123652991864,0.0626570954075009,7.771011989548521,0.0289036765537504,3.287143033428387,2.167196125069812,0.5299676240852199,64.8503888374584,10953814250.98002,0.0013130829682618
1.5883904457066202,0.0688608646534652,7.384157034083944,0.0131441603837357,0.977147102469843,4.889293083603355,0.6876219654477511,118.6452764472173,12392173424.970634,0.0
3.008442279130604,0.0380717033903243,7.116895158306423,0.0056707898851799,2.000564891274913,1.3630874553496852,0.5373304154457729,116.57004950341717,14480336773.213997,0.0
4.420383256639434,0.0928763296865299,8.38269395985269,0.0145611149559774,8.292086870545424,1.5100989017325577,0.6162916272081038,97.56497076339872,10593145618.72861,0.0
3.868274664052845,0.0984037566382813,5.098394566602793,0.0014009414653672,4.621018337886452,7.758356050810788,0.1481508882931891,126.60599065641762,13452095957.63185,0.0
2.087832621369264,0.0517933493914345,9.147630091341355,0.0265275343996888,2.5373944923800043,4.735693261695421,0.6324038365284571,129.62523313704105,9429667814.631838,0.0005564370992492
3.746465637272879,0.0861699332667664,6.937891689711358,0.0086613995762164,3.001751664212815,12.53587490786108,0.3659424271321954,109.19269030921718,18566577422.16317,0.0
3.69306803986836,0.0982770188649161,1.636068255783501,0.0231489967593986,5.593070734190904,3.6740759483776784,0.2081431168641097,121.87523835327198,13655421036.065351,0.0009480248511349
4.830261362499013,0.0889628502659255,9.251075075930144,0.018975079475628,8.627753774357243,1.4617133328332257,0.6876515618530336,77.07778441564217,19957370524.26043,0.0010211758870403
3.735238643136344,0.0271605746207488,2.1315046446929826,0.0058604239349268,4.642244090381707,4.735355162821821,0.1763739812391699,121.740219652222,11394019962.173952,0.0
3.645631403533758,0.0865902192140042,7.061098829542459,0.0122869454346836,7.243910178839835,7.503757490711561,0.020641949615526,112.44538025511524,13220595637.950806,0.0
2.9969095384219435,0.0879844262054585,4.531163502852177,0.018665041471399,6.0936142051754,13.225331092831366,0.0176742533728867,119.5200603740856,17515485086.34707,0.0
4.99253647365016,0.0522268540379906,6.712515185106194,0.0016277723222972,7.361138535764773,19.633059253986413,0.3633331053786324,101.62092196573252,15375433434.339417,0.0
4.32296499282386,0.0854441141596026,5.606805197069217,0.036431233999742,9.92582600124794,12.338809165655697,0.2283248496212027,99.55499899610342,18935087304.889423,0.0014915466120722
3.7322391536007946,0.087666334743586,5.876874155868435,0.02393510236666,8.592000329521687,18.766103466334865,0.1319718510264707,110.77340391522742,15805247313.865082,0.0014307672368356
2.540325972413521,0.0218064800623757,9.173125054745642,0.0177323621290606,4.862660957984922,19.556288085857386,0.4612131732328864,109.98108424224807,18964827917.984188,0.0
2.7325344298550043,0.0675345583472177,9.784513105118878,0.0149446896167797,3.019002825595312,7.292781704112625,0.8206471936524539,129.02068808434055,18235750428.76808,0.0
3.118050060611314,0.0312787405946724,0.9498899611297236,0.0473994399621648,8.140190163078836,7.753914775362725,0.5206943661308582,75.19376831604727,13695014006.212318,0.000922913686241
2.465222251038152,0.0937572809587958,2.360980031305933,0.0214827942101859,3.010981861682803,3.552756277343454,0.5113768821254457,108.6699102669418,16467049478.953106,0.0007324880533104
0.3538487989240394,0.0414940439152204,9.32712349528614,0.0037935422679977,3.4700256142321515,5.780768014413071,0.4026918955572741,105.48588274482503,14952268241.664087,0.0
2.285489682765164,0.0731030650302367,6.768306181411957,0.027514138743656,3.310407327111935,9.018842206979125,0.2092906254079718,114.9569935137798,12927397751.347776,0.0012706716680664
1.4418552909823776,0.0208577652978717,7.398836653858804,0.0413191430836847,5.648552211544561,3.322038443649549,0.2946763982256521,126.61497981114444,9243845160.134775,0.0005982392157612
3.195205634945957,0.0352190194790432,2.523209199654561,0.0573603288922777,1.7883651744783993,1.473202331374891,0.1258052058123172,101.5536339786034,17393333687.658287,0.0006962381751357
1.7145246814063193,0.0255668433670956,6.830498639574765,0.0054017097446692,1.141403392393311,3.320559580169187,0.7771524215809152,108.40671826579415,11697934994.760498,0.0
3.628977980468867,0.0456029534205445,6.808041129386663,0.0020999806215926,6.869024153657891,15.496212347717949,0.0861806211961637,95.7822462735522,18002804679.254276,0.0
3.7366283845880175,0.0804388625160958,5.525592284148996,0.0344016372395378,1.0441826125668865,2.12207688135716,0.682506887219558,119.80585456563412,17077028130.511911,0.0007483567925777
1.6174075286349292,0.0560343206880489,7.666711744532715,0.0695134975750292,9.309786662115826,3.8247403858684814,0.2398629424554464,98.33241672258244,13668470840.45989,0.0005967461473027
1.868475026365172,0.0813099762426694,2.6910523450839614,0.0075201402658142,0.9618392287030474,3.7873727953297855,0.0916626827827952,91.1646502189656,13997518744.124857,0.0
0.2316243549930047,0.0717669380080867,8.207039983148281,0.0097287964082516,2.4214233162803134,3.028112717901957,0.513944710695519,91.01672512155324,13731198010.209051,0.0
0.3653058893562057,0.0978932849792107,5.016258342273757,0.0242043175027932,0.682383941358191,8.239748489006045,0.0177497068065382,128.65989791645458,11368630938.447004,0.0006681351939152
3.185765339325508,0.0852055913519458,7.173182868176636,0.010990554237876,2.6744444652138064,7.828574281329256,0.1964176885296944,125.93991949208996,13243303083.68341,0.0
0.2653194303595202,0.0533042066697018,4.3839149003096,0.0291689661800342,2.541734036081544,4.887934208026621,0.6447090723042591,129.21903909700234,9337583618.53584,0.0005765021183637
0.301473464308034,0.0076587912173123,4.585273925165864,0.0101673914096437,2.631943794750447,2.5363559047997013,0.6862186188918823,93.07993043283248,9241594723.207697,0.0
3.201897658680677,0.0352606960783578,5.697068524370807,0.0051179149992298,5.464166964006326,9.758601919941702,0.0641271645660776,97.25773014060417,17931238987.584915,0.0
0.3508392587248504,0.0413272950442823,5.814683047330275,0.0083177866155129,1.003309264177075,3.4601803363234063,0.6377742932758745,112.64741803566233,9729578310.229528,0.0
1.9762343726788,0.090597460399947,5.88964455901372,0.0076578767781572,0.8486824887364286,5.175956241420695,0.3465005526896185,126.93445781838425,10898070371.469122,0.0
2.7277619689594044,0.0274477346605686,3.0057571069926867,0.0355791895824359,3.5134187183895365,2.466835135947062,0.5918742816372418,120.10422154552973,9127757586.685478,0.0005729200566147
0.6489104763883755,0.0970132284571231,2.0277560622776587,0.0228952338835888,5.442588888844623,4.051235353149084,0.1756527582299365,99.08161468436418,10566498308.37995,0.0006166190667822
2.2469903659735624,0.0491291908159143,5.215481645942658,0.0146519372433234,9.086040157639744,2.336500029213751,0.690043715849522,129.1189386939332,10182101881.95314,0.0
2.8861154567359764,0.0287628543080584,2.3398537915970863,0.0129146116323291,3.4055518724210803,2.9518449229424606,0.6533204076140747,122.69915064074893,13403040093.404938,0.0
3.313651206647385,0.0715667779849227,9.728164829813185,0.0181816086359838,7.0775464511791615,11.502153785672286,0.4931100152532067,105.47686004602066,17784959738.645958,0.0
1.9684370745025053,0.0324433507109902,6.79286511623765,0.0061150728557212,3.657104396260175,7.431161638690957,0.6933113035590445,82.667622210598,10159728451.120464,0.0
1.1203245516017797,0.0531439789330232,7.245172748421794,0.0069112671958662,4.73920839200668,5.024444713413791,0.3099966931975702,123.39936415960582,11434927173.391592,0.0
4.868043019024914,0.0562344061928774,9.855077230491933,0.0166411348939972,5.061519785120835,13.028804501080156,0.7816874324930986,105.50550738359452,11140391071.619774,0.0
0.5676178064475795,0.0394463979642047,2.959437921525074,0.0363058756703998,2.3312567377500546,1.1583153067330016,0.5763776980179416,123.52016848013872,10679555507.513325,0.000565979359998
2.1180959990205057,0.0519181443275724,6.851426250807972,0.0093852520942343,2.6250335931496207,1.9761200977426785,0.3842366555389028,94.72443184929716,9645029725.27266,0.0
1.5883904457066202,0.0688608646534652,7.384157034083944,0.0131441603837357,0.977147102469843,4.889293083603355,0.6876219654477511,118.6452764472173,12392173424.970634,0.0
4.333424148766892,0.0644101399706267,2.3738472383066966,0.0434386385406438,1.959124624679848,4.627124846297626,0.7678724896998823,113.72643991660128,9423025917.42462,0.0009366486116943
0.2621914538905019,0.0529268745506688,4.4118789497544,0.0284931874808334,2.559837992810458,5.055140995947134,0.6548564353187206,129.42738710473952,9326605996.632502,0.0005683940971572
2.791102716149714,0.0394489329747643,4.964234163017835,0.0095140635150799,5.646364667117754,12.600092382084416,0.3789124295709024,86.33659809383924,11683169023.50064,0.0
0.7496961828480766,0.0499302332490242,2.4368549615446424,0.0508086330186147,6.8659753908115455,2.5565659329020924,0.5695122685772601,116.0667354080847,11149613991.36599,0.0007417632052994
4.400738141808303,0.0417371566432199,1.8138376072082176,0.0666428946932501,8.885525895314432,10.980024854308487,0.0535535904586685,113.38284330868748,13320840960.977402,0.0010327562316919
1.442026486052677,0.0326639831529206,4.162238964858717,0.0415943322822501,1.4180456206717535,3.403676787225942,0.762688032197192,79.0605023877697,9614595088.993608,0.0014172472499709
0.8909710241174741,0.031323396068142,7.6433187097125295,0.0205558779700235,6.024850387611676,3.607944350215022,0.2897753463596651,103.94860468318518,10600159427.731035,0.0009925379463035
4.199768728404122,0.0999510299757028,4.277255741108804,0.0127614454210325,9.325649100149786,4.042917668708648,0.0512643003690579,128.92370653594296,10817252603.108658,0.0
1.7744148881345152,0.060956775350705,2.548320693536952,0.0170708581134879,5.779048725112181,3.1198491421942647,0.444678250814652,123.30048263832616,10261682546.292065,0.0
3.259040260668007,0.0108769814578998,2.286752988162365,0.0183959721574098,0.6641711130341527,9.547198617269377,0.6333148393003194,122.03303393242425,9040589734.057882,0.0
4.600267348978652,0.04106427453354,3.08847742186532,0.0249069743401118,7.648065209467188,10.858214555735714,0.0350938343549605,91.13578968802884,19055381241.12805,0.0013634387170278
1.9684370745025053,0.0324433507109902,6.79286511623765,0.0061150728557212,3.657104396260175,7.431161638690957,0.6933113035590445,82.667622210598,10159728451.120464,0.0
0.5461392490506907,0.087630528236425,1.422349297291909,0.0044909656625454,0.8767493938640807,6.323672912207093,0.2803206297691256,128.33340892965586,10238330250.375238,0.0
2.062924030504116,0.0419685640041022,8.404951651391315,0.0051402619411508,2.57192914714577,3.0346692202407195,0.5652713438634104,123.9885904493106,13803939375.297785,0.0
2.957131865685806,0.0818746852143031,7.972554407486811,0.0148004866552237,3.730981421540814,4.237539590607979,0.6323932754503,121.79491302370592,17957026862.414158,0.0
2.5797619373899865,0.072208928359617,9.81387467997268,0.0178417035809894,7.876450718828186,9.60629236286244,0.1404875456427833,124.94273057509758,9837842533.7577,0.0
2.3554633281231765,0.0546653943111332,9.1743730118045,0.0183049976579409,5.131613706233973,5.519434842786731,0.7966729788151973,124.37758766035968,11716140576.071363,0.0
0.6672645092500498,0.0173055978475517,5.339429426223368,0.0147264137902244,8.425879895138719,2.856572517019853,0.1982497842741784,122.3766506498752,12438020792.665337,0.0
4.845777663342076,0.0491480207854748,6.442534842008176,0.0033526535973563,7.640558799007727,19.962554442000933,0.3633052741905118,99.13751135714904,15499884787.07722,0.0
3.687217841566652,0.089556311136837,2.346454830874492,0.0062997006154277,4.592002068917942,9.402171597169358,0.056594390255007,127.00556028011783,15321241711.99502,0.0
2.8754925751294387,0.0248544070886277,3.363861586376666,0.0066696561072563,7.240483674389301,3.828877328070296,0.6691864980050949,126.85101339001714,17867809142.12088,0.0
2.5779622070477544,0.058538685124796,8.970943088581334,0.0046130307210363,9.03428482420851,7.116789719455316,0.189011066954591,89.9700441576186,15387539062.124292,0.0
0.4075585664812245,0.0775341535010524,5.172539120017467,0.022185137712707,1.1542646555894778,7.217207130022951,0.2481681716650199,118.74571329602026,10936230742.908508,0.0012435002652239
2.007271569793136,0.0660625006875502,7.931595940705697,0.0047558146603564,9.115384302743664,4.564228700102269,0.7350155729587884,107.42581460823943,9355773313.528193,0.0
1.080424287909513,0.0557992294081332,4.550447726886442,0.0499079971733717,8.58271390489806,3.723829184935513,0.675060805822524,85.3279629810451,19313524717.9595,0.0007775290996352
0.3164143977060901,0.0537887524272573,5.471662382059737,0.0104992587325701,1.0399336626078357,2.8498465969655693,0.4834236394501906,102.30089579772849,12745159257.579872,0.0
3.9823128281213993,0.0303650395617598,9.329723105298289,0.0158978526380731,2.079618185412368,3.172180637280772,0.1684894142935473,99.55314473474732,12942221520.68377,0.0
4.32296499282386,0.0854441141596026,5.606805197069217,0.036431233999742,9.92582600124794,12.338809165655697,0.2283248496212027,99.55499899610342,18935087304.889423,0.0014915466120722
3.555134653635953,0.0661402088752878,4.362995214671351,0.0188273080981998,6.7969697207404405,3.13699837930613,0.3604193064774177,127.64638256448308,9617353327.309671,0.0006798303480261
3.4420548775599284,0.0698104657453505,2.709291938496312,0.0039703197486052,0.1124580527378444,6.894888615621353,0.6000604263730223,127.66431374689756,11094881649.299068,0.0
1.543936573311665,0.0688101563544323,6.447076488802752,0.0461925786259588,4.370789327177715,4.886165242525061,0.0383720454377626,86.73941489441229,10077262146.107742,0.0011068792186701
0.3508392587248504,0.0413272950442823,5.814683047330275,0.0083177866155129,1.003309264177075,3.4601803363234063,0.6377742932758745,112.64741803566233,9729578310.229528,0.0
4.34418624801441,0.0268407596470159,1.105035628613182,0.0237570553699114,2.045657228440401,10.571377908639777,0.2577197523958066,118.5289680199504,13231840278.329945,0.0010176474213566
4.10736541573685,0.089791316797183,2.393039995695776,0.0045529322509184,8.80774261892333,5.452739044820178,0.0160469880036708,122.89442953758784,13016375398.007303,0.0
1.8438568704711191,0.0586976973147757,2.2917410050232148,0.0209322219329512,6.959194229913061,2.38985360721659,0.4920200515709503,126.74114638246373,10839365275.397724,0.0005552134601553
4.252496076046901,0.0703270259112658,7.838643017691862,0.03898698711691,3.267792653778312,5.292012253242618,0.7331580102961328,64.12557000744432,11981105396.660652,0.0012886807186707
1.862282719237144,0.0573424471828262,7.09784458728709,0.0051608697872486,1.4129460816678143,4.659835248772905,0.2345651640106181,123.60411881526396,10877579001.205172,0.0
2.484274541874936,0.0960998298847229,8.952958181900119,0.0215615976672659,3.918879516343213,2.957078945374041,0.8125263587515592,106.14806662230968,13771443921.113209,0.0009769493438414
2.816689334576278,0.0664594845338224,6.175244021539274,0.0033037911773927,6.927376653005893,2.667694334203769,0.0895848041597286,124.10291925124903,14002292463.670296,0.0
3.970225569215716,0.037186759418576,7.213099085531451,0.0022683114722873,8.78019561737425,16.890643440986242,0.0588175697921089,63.15571757695789,19729315754.12032,0.0
0.3264238492768413,0.0576972447031903,3.599681485270197,0.0186169846467276,1.71798153907306,2.817496066101038,0.3896235339815017,101.8650744772435,12276060110.916662,0.0
1.3821697770191674,0.0073131218997676,7.826276205681672,0.0654490117565929,5.458311640523991,2.77728599837144,0.5450202598515306,84.24247298279694,19658284260.316025,0.0012881132739563
0.6397053977219771,0.0279591301444412,8.10518354215213,0.0078285953038219,3.219752428848787,2.145960036360826,0.7318530982163037,105.684810888291,11429247122.396463,0.0
0.5636446298215566,0.0884404314569202,1.4722865144121329,0.0040697199017261,1.017387525980067,6.963997133970034,0.2714707931318715,127.74803080206418,10411016154.56494,0.0
1.4831319379482144,0.0598358570853673,0.9462166988294796,0.0541816078600334,0.536648566048575,1.2756613326821695,0.7397689329429125,80.9442305222637,15194240995.146109,0.0007231631368825
0.5795179069036518,0.0858570861173397,1.2052404527368272,0.0036333383856793,0.840175246339842,6.53012810156248,0.276402602964986,127.76762093063284,10149771531.017448,0.0
1.3066396077552194,0.0826600042941032,1.4410282579403362,0.0424685649514468,1.3614308880459591,1.208258907960346,0.6394663556349275,96.38552130105194,12987454641.20071,0.0009531926293322
3.4150780884030336,0.0940571432883266,0.1341606306390076,0.0925813564541329,1.8322276948827243,16.62182889062441,0.7035788514218246,92.2859751366432,13753126781.847843,0.0007524372572126
3.685971993719557,0.0894643341130269,2.339003457933647,0.0061248152720184,4.609325344599949,9.426927377857162,0.0564485448730213,126.91138700600126,15314707892.022116,0.0
2.373186355359337,0.066416430114961,7.518559086463545,0.0063631107337905,7.591257358317248,5.938434796826584,0.5352123668678015,115.55734865030084,17934252229.04082,0.0
0.9598760988536014,0.0370666640139593,6.479532916531392,0.004669448129833,1.1825122569586133,1.5892981750736526,0.7402291443683018,85.94441591675684,11565133645.250692,0.0
0.6106120636573943,0.0318647398139388,4.496162063372571,0.0353615324876365,5.630889011081768,10.450673181995729,0.6060225516632514,80.12277771770441,18498463055.24065,0.0014280103948699
1.218777366970501,0.0632888304451361,5.671025661652523,0.0021302866597711,3.343979374612856,5.286202875066522,0.5688178922683904,124.84668556724148,10208306553.443571,0.0
3.486800693592319,0.074616568896946,6.752002689982358,0.0101220598814801,3.315391646405986,6.488129852021042,0.2355360773929028,129.22576818115698,12755163191.989252,0.0
2.552900397498336,0.0326759173478339,9.309960737994071,0.003593136445221,7.28359800006805,7.820311979162406,0.1359733803561278,89.24251146621029,15214625011.133572,0.0
1.2868789599430974,0.0166773284644313,3.7664637372032654,0.0057038371639869,6.136702305656196,5.344678008695714,0.1912588785942401,112.17648778568318,10769119292.6687,0.0
2.4451236804172534,0.0759074577302332,4.0427176847391735,0.0210065966151306,7.3639277746551315,6.796797560348727,0.4685213168722362,89.46630096540568,12112262727.9931,0.0006417784602923
3.04039263919692,0.0598885918588909,3.3557874540471437,0.0400243819524652,8.12385343012325,1.909208189220024,0.5520816826589444,87.67561596563398,14443608663.345482,0.0005084249255628
2.643620368256771,0.0410870353991976,3.529256850817732,0.0570748799710665,0.6391387027670867,11.9305292588842,0.1246570760755909,90.72284833197708,11475974486.245338,0.0006391044915322
1.420215246915976,0.061884183110288,5.5951004167738,0.0531717994795069,5.9195112495040725,8.14931785282737,0.5738150958387007,123.9132189563413,14190747686.942244,0.0005468591195501
1.9475424196862825,0.080768613167743,2.882973086593144,0.0371257686139665,9.320649642273407,1.351320438426573,0.579697858814135,91.60668770681896,13716429945.593405,0.0010392988974104
2.465222251038152,0.0937572809587958,2.360980031305933,0.0214827942101859,3.010981861682803,3.552756277343454,0.5113768821254457,108.6699102669418,16467049478.953106,0.0007324880533104
0.2479059540701837,0.0746123513056683,4.921372255289631,0.0230616943340834,1.2923390771635337,6.358170772801635,0.2630288242786643,118.4014676026835,11318599544.071384,0.0005991820630595
0.8901950515890458,0.0551362943258887,7.764383157216325,0.0202070740866374,2.591255809382187,7.331749480547771,0.5035047230778751,85.40168874715941,15328231018.102327,0.0007748157925745
3.406360409886305,0.0568679192976642,8.864492866049567,0.0267666750362248,5.384522365665891,4.3756574649127575,0.3509892988199611,116.49307476912963,11499753532.39926,0.0007537142831796
4.947554446366065,0.0782029762402488,5.6435851440977,0.0165501450078672,2.251933179676579,8.595361892424679,0.0520018324006531,129.1296447910182,13858765307.763985,0.0
3.9657185839606672,0.0083733667898604,9.433413993555147,0.0882090871138085,6.892616051754809,11.967014508779686,0.731623683595455,70.95384078738935,11576352608.80252,0.0014076508559589
4.6545378132066455,0.0586548360200103,3.8361807109322346,0.0164489654537692,8.836184691495996,3.760875679590571,0.3155046645386861,106.4147654079048,18181233950.17241,0.0
1.854478255963692,0.0920951393745021,5.936380393296719,0.0046135015870379,0.8813328682248162,4.864129880275394,0.3480732265421474,126.91532854602988,10848137376.855831,0.0
0.2444216922857693,0.0746752294244163,4.9351459257902,0.0231671037721309,1.282246305777034,6.3581081132246124,0.2617079816494367,118.3484663455852,11309961432.901426,0.000599895168101
4.534680437131886,0.0678137665454567,8.16199660296698,0.002736756682421,9.327851313369502,3.6099433231112696,0.3042610410543935,98.4591559450159,14156399360.811396,0.0
4.405898858015077,0.0812682097039704,3.56230499836967,0.0202613248355011,3.236199166325047,9.3541891687876,0.0777791868775649,113.83022490196704,16677776937.793509,0.0009659142095107
2.050259305610281,0.0660964136490742,8.990512964741317,0.0082872898057814,2.807377852497066,3.488044143303283,0.657394343748312,112.04593560377326,13166162891.234652,0.0
2.7340113024143737,0.0813221086951183,6.667563681831618,0.0220004486763112,1.2745353204285157,13.105358754325012,0.563007163155494,127.64258749936651,12650259441.107697,0.0009857633807869
2.1725944711027783,0.0890066869347826,9.994852135937077,0.0164579100948462,3.931182784946624,11.680195745720194,0.4834758408642242,118.00526670477151,15339231792.261578,0.0
3.1239789760841914,0.0594370971051004,8.283483820240093,0.0076705514250814,3.4461938319384537,4.678870404719944,0.4470503518029936,129.5831816360941,11023729667.284584,0.0
0.5914330782183107,0.0866356000579688,1.3737538073641722,0.0052162436287128,0.7715264996499926,5.976507440873863,0.290491000208453,127.18477999442732,10351344180.173073,0.0
3.339120385673022,0.0624673842026329,5.992993457957954,0.0070366929998797,6.067138365582332,5.698078826408846,0.0327002301765116,124.94622310218432,12416585651.840729,0.0
0.2659245198602757,0.0532751607215154,4.375193030909171,0.0292430745820574,2.54051720162027,4.888080240866148,0.6449013069721681,129.25267813191434,9335634726.861511,0.0005756957638206
4.0927625977340885,0.0960846027882444,4.070883171867597,0.0271882869486066,2.9330331450055627,6.928938707305795,0.2152136032490066,113.12760754565114,11833431927.30194,0.0005909706234195
0.7030844214362516,0.0345248555564027,4.773877810197922,0.0102529582853907,1.8649800337045568,1.3818163391088234,0.6307992422445844,126.14951758752522,10230592814.009502,0.0
2.7271429238965657,0.0669536420124114,3.7124359076582327,0.0274016886625655,1.1292562491955231,6.925598517899129,0.5294933616464094,118.57322633518136,11097373911.24552,0.0008194317655166
4.633598986975416,0.0820656203431467,6.279613187677429,0.0125236099389129,6.277007371087973,11.883411654092988,0.1824969015129749,123.1563768688632,16855986003.68903,0.0
0.7890060735499533,0.0438254184315957,5.803189267478898,0.0269185145514651,1.3307032625169115,2.76659444060097,0.8151932095401211,81.53918273135751,12107130992.511152,0.0006111894046015
2.654404633778797,0.0346069148709403,4.166593844178623,0.0164744775020489,5.040742935376038,2.6363034426727454,0.7140695686930453,111.14661234852534,10061325733.185904,0.0
2.3956456305716785,0.0836463627059218,3.4651451002072893,0.0345770160209804,0.5302903470885464,1.1319141622680189,0.0236411667743765,120.33752255879617,11722853701.08248,0.0009657491657112
4.929552515267936,0.0623990992221709,6.560768033669247,0.005595440238044,7.609843842054298,6.497833697521217,0.1573175034916628,84.08633402764488,16278262405.676022,0.0
0.8873087879229111,0.038002241148141,6.391233510193866,0.0050333508417946,1.116707954484386,3.740594252986391,0.565495575289266,107.21831388905228,11154438525.971403,0.0
1.104276712657758,0.0896766106522866,2.303030562053135,0.0050238121835643,0.4966621378217776,1.723700601418031,0.3888222705751586,115.4800225383538,9212230574.288822,0.0
1.8542440628116037,0.0733147365851498,7.896264599635148,0.007001017150595,6.777960859996418,15.20292239729834,0.2066874350545465,109.93197636672004,15807239904.185484,0.0
2.8086275375831367,0.061754395369291,0.6825899314490361,0.001060184173609,3.8187549171663706,3.95644723143066,0.4349932516474599,111.1221422955011,9033734211.872496,0.0005063536310261
2.7573335857547967,0.0719072589311665,6.320973436097324,0.0065212878783615,7.710230995123182,1.7811508265288625,0.601140321334783,125.06922009984622,16981443138.270573,0.0
2.373186355359337,0.066416430114961,7.518559086463545,0.0063631107337905,7.591257358317248,5.938434796826584,0.5352123668678015,115.55734865030084,17934252229.04082,0.0
4.481757840015922,0.037608855170773,3.770737418567689,0.0067991473753378,8.008987249070778,12.400161174376567,0.5675444652824337,98.131210243238,14946310779.817284,0.0
0.8792982966106818,0.0882724946699574,9.984107860256026,0.0152595490189594,1.6376081168991845,7.921185093017497,0.2132120895733689,82.97320028311343,13841598498.146029,0.0
4.011115597553389,0.0560343206880489,6.824168078948754,0.0695134975750292,9.309786662115826,3.8247403858684814,0.2398629424554464,98.33241672258244,13627110553.392658,0.0005967461473027
4.35142400726779,0.0351395295797803,6.119065069630369,0.0032801407240952,2.8866388389425883,4.119359502877699,0.398842653589878,108.57509651006414,18154770195.813847,0.0
2.4110845855014365,0.0722487756405243,0.7058461197647298,0.0268195477013168,0.8549094094567437,6.280166278008259,0.8368156192932004,123.23531641470596,17448361944.33033,0.0005196912071066
2.000951449929471,0.0265170128520275,3.996470064049436,0.062608375213331,8.281712036090386,7.081221941618641,0.7038880869369807,61.94724977001347,10392416514.570171,0.0013856298944326
4.929552515267936,0.0623990992221709,6.560768033669247,0.005595440238044,7.609843842054298,6.497833697521217,0.1573175034916628,84.08633402764488,16278262405.676022,0.0
1.6502558550437485,0.096531272106156,5.556127163598648,0.0141084900414756,1.2338810935741005,4.840897401947725,0.3925374441679773,104.29481853866774,12275802473.278864,0.0
3.1334763678013204,0.0513626035862668,0.105742817871539,0.0068363609613778,0.3623943961567683,12.446130733591175,0.7350453725943747,124.53779831752075,11062118265.244917,0.0005749423013427
3.219534303669582,0.0926962181386693,5.699175812003134,0.0022027945303205,2.7565524613054446,8.471681337356278,0.2649588386564256,116.99360028537282,13972505840.26694,0.0
4.067378313351509,0.0970564530101635,1.3529159344235535,0.0073304630488181,3.822986821181343,5.3903631972640165,0.3152835243163565,124.66497307465816,10226158984.767565,0.0
0.4566936582251951,0.0237781034866773,5.170560262716528,0.0219306747258882,2.8865031268799983,1.1950791633539162,0.4456848354870813,121.6871494903714,11131521162.30597,0.0006439075087061
0.6397301368340751,0.0279736338452442,8.107566869066662,0.007798768454833,3.218368942142791,2.1456674770766657,0.7319994033652064,105.69251495441166,11428725799.296864,0.0
1.5334645046376656,0.0493840712352278,2.190768347593637,0.0098317868578365,5.4739092178828885,1.0549095120604337,0.3644655024435766,118.57663311962185,14801759806.292244,0.0
0.5914330782183107,0.0866356000579688,1.3737538073641722,0.0052162436287128,0.7715264996499926,5.976507440873863,0.290491000208453,127.18477999442732,10351344180.173073,0.0
2.6567375248572755,0.0767800216158983,4.939135338869663,0.0097600846010223,2.572007225043356,6.011836242908966,0.1793358842291977,105.74633097291483,16269530204.557371,0.0
0.5461392490506907,0.087630528236425,1.422349297291909,0.0044909656625454,0.8767493938640807,6.323672912207093,0.2803206297691256,128.33340892965586,10238330250.375238,0.0
2.5359568144911,0.0367739954180661,4.078992577688158,0.0127103211876563,4.903085125363981,5.883469275623419,0.2245255636784793,127.64807016749056,12276706410.09189,0.0
1.5098410287013282,0.020032590462086,2.475548170104943,0.0167752541068588,2.1953903055171478,7.716271480791037,0.6676311661068443,109.9716362603188,15082220631.363695,0.0
0.1995168783452564,0.0082094147576846,4.752887096973626,0.0048113433767011,0.5834791676265599,1.9008091336272437,0.6563935361760523,118.9970874730992,10134754365.714178,0.0
0.8901950515890458,0.0551362943258887,7.764383157216325,0.0202070740866374,2.591255809382187,7.331749480547771,0.5035047230778751,85.40168874715941,15328231018.102327,0.0007748157925745
0.5044823256669048,0.0157692461844708,8.829650687412597,0.0093407885060836,3.2037779760814704,3.367908542543604,0.7550506720787791,85.04288401190337,11375429166.051416,0.0
0.3538487989240394,0.0414940439152204,9.32712349528614,0.0037935422679977,3.4700256142321515,5.780768014413071,0.4026918955572741,105.48588274482503,14952268241.664087,0.0
0.5578469179939939,0.0338605067248397,1.0191027652037268,0.0328646689734917,6.262762413779115,3.749304962953981,0.3124252168805703,77.88894036019539,13455715492.951223,0.0011754679539113
4.0541216533582105,0.0669605033791162,4.114832593647972,0.0050782932563171,6.812360792647499,12.488843956110072,0.0518748056488184,106.10506139262084,13914034442.600723,0.0
4.027815789813509,0.0686683132160415,3.919764119928941,0.018228083829445,1.571312873349313,2.3544173299273967,0.117681322158478,129.0692644775137,11339189004.365366,0.0
0.9025979285189264,0.0209039472905916,5.241422653474616,0.0137549249708428,4.0802027279810655,10.363003029664888,0.8383845714077044,126.28705427441142,12664908943.651058,0.0
1.221779844980276,0.0637159122410205,4.178590951249586,0.0142476571019547,3.436591705086387,8.073766538770997,0.5524295502863191,128.5717078606114,10861909990.808878,0.0
1.7502577654433686,0.0684757078613531,0.6898093824611585,0.0137354545165674,1.1751754414576785,6.901244326989403,0.6207932225278776,115.21559983653816,9071408674.868176,0.0
4.5568812767708335,0.0583004999773465,4.203182088596906,0.0171243975763781,2.020504333089196,10.954670881452522,0.6183550752212236,127.80807196903248,17959032474.247997,0.0
4.962131156526028,0.0840957054244973,2.8021443505799817,0.0469351604959284,0.4949972225766629,16.145832270769905,0.2838747093496305,122.77572511775854,14722961671.839968,0.0011224804108575
0.5314741524005826,0.0197493515859548,7.762576182095733,0.0057293519847372,6.564611055582802,3.687447899389378,0.8170694477877957,120.28083067945812,12579743431.624325,0.0
1.9475424196862825,0.080768613167743,2.882973086593144,0.0371257686139665,9.320649642273407,1.351320438426573,0.579697858814135,91.60668770681896,13716429945.593405,0.0010392988974104
3.227027736589147,0.0927834138696612,5.70567264574219,0.0021176470660122,2.782676330391366,8.522945602785374,0.2637067345279659,117.16324613469784,14035449439.57684,0.0
4.559808401521495,0.0920077616501127,3.3703807562785397,0.0034272261208304,6.693400815844901,17.3178248502928,0.112802869132493,97.99049358816792,15432914116.303185,0.0
3.929966026309708,0.0879524379279221,4.9667708695437325,0.0215592015012476,5.796608038020718,12.058644941077429,0.333478942377638,104.69128884756032,19715372279.659187,0.0011006263311553
1.401534247445876,0.0717404312960583,7.104207745882089,0.0387620604755706,1.4125595572902367,4.213236632402759,0.2823799353396407,102.43655075985956,11282666320.091694,0.0008272504183941
3.502936558884494,0.075764750300793,0.3014912090828009,0.0122996129025396,0.620818553145805,1.321319404130235,0.564272485646699,105.55598460407911,10580593782.044085,0.0
2.240645572241464,0.0917614227373015,9.333408795823322,0.0047073861536601,8.113367501031025,4.2189417426157565,0.2506103182176261,91.0229640084396,17441355117.9011,0.0
2.7037290681512407,0.0558174249229016,1.3839731279014922,0.0379128637962382,3.804556593967292,3.098280508384237,0.5398663644637425,76.00283679838115,15468177411.117718,0.0006346736086579
3.179810426949615,0.0525938561772915,8.68060214739556,0.0055173016708472,9.2193024626123,6.779358194731653,0.2001538549107693,71.46111024642113,17625352395.902405,0.0
0.4071746175697417,0.0305061741505669,8.677057341464593,0.0757164808140684,3.63647236435993,1.9828474060695844,0.775161579490264,73.32699940008749,19743528507.619053,0.0009917050340207
2.68207098377529,0.0346647091422179,4.455021033734005,0.0149187416169988,4.913853925296313,2.987566281262986,0.7093188415864173,110.89321936123854,10171240902.743176,0.0
2.049489260574179,0.0736473967008047,5.142027029554971,0.0139277712622891,4.901897988584064,9.906754508232776,0.0217728967041524,117.88474669607189,14278325481.247044,0.0
4.095462550984163,0.0207989872673379,3.4642405115968047,0.0044507506328448,4.016859813390056,2.497717649016385,0.4943949317692906,100.98957452535076,9396602129.645555,0.0
4.535505437567212,0.067829002491555,8.123813020993095,0.0027471451795301,9.327537288239842,3.648927343974973,0.3049701281753196,98.39415742004188,14156470594.84887,0.0
4.457536714249232,0.0415739151033801,9.64491924410154,0.0968891783198083,4.612497913883588,13.783729264524892,0.4215701990271131,128.61302958878227,14413158615.4281,0.0012607766134401
2.5676701573741183,0.0172879926061065,8.26652389071957,0.0075588514115608,4.475187317251466,16.063975334662928,0.4669259900523899,75.03240094962044,18227468035.258347,0.0
4.272321757938157,0.0918929374733269,3.9856875275653088,0.0167866734861957,4.155394573734029,2.4670188119043424,0.382953430437103,111.84562910928624,12839655829.359411,0.0
2.734077586755548,0.0807529059206343,6.670424823036584,0.0219795451318167,1.2865421427673045,13.146880254457628,0.562822570927317,127.63809992378728,12627100305.989412,0.0009830254479555
0.1839928490752335,0.0852405517943241,4.684128145085271,0.0272184127275245,3.228066433851301,5.03061287378821,0.1763570330701303,111.4706516378861,11450718925.340471,0.0005086846771414
4.63408195671269,0.0891325530820958,1.2450672076319629,0.0198612233740144,2.8202700366081066,7.385833210332132,0.1942660762361114,116.46160824073044,11663850373.16241,0.0008408869214354
1.0882188987116008,0.089738673312345,2.2848072190511663,0.0051033746287824,0.4889772002354779,1.705008457472928,0.388047639367182,115.50931991276448,9248955833.83605,0.0
3.02847741733636,0.0883590956378043,1.184064938409066,0.00537149923616,1.7038657187119668,6.169915455978028,0.4833917781854834,127.94953625803952,12512797520.94436,0.0
1.9188758949473723,0.0555382261971531,7.588164098129988,0.0084045327943379,8.596585021198095,15.487889473247138,0.0612747470044141,101.52271013599238,16448849649.171867,0.0
1.5209352948010744,0.0981322507355201,3.2283198292745,0.0138437995080155,3.021453653659794,3.3700523334663344,0.7769929521986532,126.7323975484694,15029561845.6693,0.0
1.442026486052677,0.0326639831529206,4.162238964858717,0.0415943322822501,1.4180456206717535,3.403676787225942,0.762688032197192,79.0605023877697,9614595088.993608,0.0014172472499709
1.862282719237144,0.0573424471828262,7.09784458728709,0.0051608697872486,1.4129460816678143,4.659835248772905,0.2345651640106181,123.60411881526396,10877579001.205172,0.0
0.2479059540701837,0.0746123513056683,4.921372255289631,0.0230616943340834,1.2923390771635337,6.358170772801635,0.2630288242786643,118.4014676026835,11318599544.071384,0.0005991820630595
0.5934450989832594,0.0866041249588696,1.3740992587964225,0.0052251996285536,0.7686568183352352,5.96958743252311,0.2903656665170611,127.17513551431632,10356748263.180456,0.0
3.2602328471544766,0.0397476351197148,2.469809371665704,0.0205581501013509,2.488640242050685,4.593013412269926,0.2849919780737863,127.31747213568694,12643940343.16064,0.0008344811036968
4.097729903242235,0.0545432636816135,6.503697980723869,0.0020688918029159,5.883971242714848,7.499320357947649,0.2257728414884602,110.04830509582852,11239801074.285007,0.0
0.6136925677934655,0.0714105508004218,8.762085403459132,0.003006418966387,0.8182659852968039,10.255477604444025,0.4079669595057425,113.8866249827145,18252239656.82058,0.0
1.8906704147614315,0.0228011736987102,9.103834549496492,0.00959285388954,9.277927706617524,3.377042717194054,0.5799822235516359,118.45002625583436,10523813592.917322,0.0
4.503902220953792,0.0687539553757664,8.290082806637908,0.0019518899879629,9.255080457249344,3.4566881039650497,0.3040193942774964,98.27285993316116,13990270673.591509,0.0
2.53459839229734,0.0819872756393221,3.558000286166441,0.0138908158805629,5.536508477567756,5.294191003052865,0.3941349873613615,108.83557886090794,16042414668.874428,0.0
4.027815789813509,0.0686683132160415,3.919764119928941,0.018228083829445,1.571312873349313,2.3544173299273967,0.117681322158478,129.0692644775137,11339189004.365366,0.0
3.04039263919692,0.0598885918588909,3.3557874540471437,0.0400243819524652,8.12385343012325,1.909208189220024,0.5520816826589444,87.67561596563398,14443608663.345482,0.0005084249255628
4.332164810900804,0.0798871699515931,3.980253054405399,0.0122378728331333,9.007904561114067,5.894176826736896,0.268848339174278,107.53901309913527,10612404801.52327,0.0
3.628977980468867,0.0456029534205445,6.808041129386663,0.0020999806215926,6.869024153657891,15.496212347717949,0.0861806211961637,95.7822462735522,18002804679.254276,0.0
3.04039263919692,0.0598885918588909,3.3557874540471437,0.0400243819524652,8.12385343012325,1.909208189220024,0.5520816826589444,87.67561596563398,14443608663.345482,0.0005084249255628
0.5262171014892284,0.0649989307828436,6.657322634681756,0.0073959899333735,5.043393734853474,5.814021923299944,0.3437375854052819,117.88052677117632,16745883202.654642,0.0
4.321509488630822,0.0515118253405084,4.188231299310157,0.0582331934332087,3.0315682345666075,3.5951608339431305,0.0384845468407202,128.94157016514396,12528831920.150557,0.0005968667717311
4.549320422989501,0.0618119993698288,3.659564977048276,0.0572964000220117,8.88230552101944,1.2113648302907505,0.0844463147334805,104.39279271912632,9785297039.27152,0.0012421393208833
1.9808974865986584,0.0561755701930224,7.448550075920213,0.0090950964955632,8.59182702858793,15.856503990771223,0.0595836838150309,103.24743928366458,16454980502.516148,0.0
0.8595799723702204,0.0408078944892899,6.688521659735807,0.0094319353394408,8.723884460744301,4.0387771633546485,0.1345102120621754,121.1452588277238,11539706697.156862,0.0
3.628977980468867,0.0456029534205445,6.808041129386663,0.0020999806215926,6.869024153657891,15.496212347717949,0.0861806211961637,95.7822462735522,18002804679.254276,0.0
2.4694129871147465,0.0512782124804489,7.74097057173996,0.0224607646628061,2.937864004370867,13.173471223591983,0.258971920450002,107.76615662302989,13889801537.83833,0.0013203029280167
3.352138092641969,0.0885663234179229,6.253417450430797,0.0105958717184596,4.388513632305751,8.486549631472656,0.1314370832420932,110.11326949506989,19013026660.916637,0.0
3.698649979059537,0.0983008607136657,4.801850793338566,0.0025410325408731,2.4798950036276586,3.170428416037358,0.364184066126476,116.35793205510294,12519856022.52648,0.0
0.1030901576060776,0.0147341527394612,5.469587398091258,0.0053023124083764,1.1492625662249234,2.109393331257349,0.4926344207691113,71.8409484707554,14658751787.00885,0.0
2.242306529350282,0.0983151845084829,8.076597453522579,0.0120458194397406,1.806439613662088,7.152583934660895,0.1544039437236291,105.10269437608896,12458195583.120329,0.0
3.104037275532466,0.0751782712857837,4.359782226664016,0.0364941630171718,2.1730740472195875,1.4404369068984495,0.2597533224175297,66.6585109940147,11446330101.39741,0.0012721982496801
2.259372768209259,0.0892871105159523,9.95798600063723,0.0155150683285538,4.183191632936139,11.866828962561186,0.4852185863200842,116.4793389885628,15252200557.814592,0.0
3.270807697830911,0.0634200218218168,6.020304593143909,0.0051559513897607,5.785065394095432,5.381536270467852,0.0331291178987064,123.89467566400424,12442708806.756168,0.0
0.6454112022995284,0.0723709358638303,1.3297545955817731,0.0178275629656199,4.116151351486005,2.30776407796143,0.7195882546392951,105.7155263723986,9262274017.025871,0.0
0.5914330782183107,0.0866356000579688,1.3737538073641722,0.0052162436287128,0.7715264996499926,5.976507440873863,0.290491000208453,127.18477999442732,10351344180.173073,0.0
4.071620173438966,0.0172997181534945,2.3970407328477568,0.0147721368136842,6.356152534631574,10.333014825239207,0.247292338090003,66.43278635536535,12961484485.007551,0.0
2.7472130985223053,0.0339105085333293,4.375913986262465,0.0070268395363594,1.2011864247334856,6.90285200616632,0.5852816074530531,118.57296555165854,15276981190.238403,0.0
4.860484258672542,0.0937756039697101,5.401345558499879,0.0076941301003158,5.756159317035885,11.825721171663991,0.1411375117910208,92.09309744874278,14499374446.50998,0.0
2.438256182228979,0.0954799972645206,3.0829452717217616,0.0281384456139233,0.3638495589916871,6.836409020827647,0.3203596933457419,116.08451636492067,16392416955.462269,0.0007350658796083
0.3958200037438805,0.0542637132881391,5.464945253472264,0.0102727531145783,1.3961939551826383,2.877414133695909,0.5027991605501447,102.85461938185196,12703875863.271269,0.0
3.4801151823380563,0.0959556368073633,1.240333330188364,0.0236659565726923,0.7260679628545863,4.395712973644193,0.3349160347593066,83.01156601773647,16058489598.815935,0.0010745421899324
0.8700428094311934,0.0410664180606065,6.708369508661472,0.0098859997391987,8.733183954278001,4.063408159817447,0.1333376033666292,121.16950040171784,11549706037.241404,0.0
3.737005717249069,0.0270605043219979,2.165631399691517,0.0082607862421339,4.657478335971421,4.962286830634022,0.1617165983600841,121.76293590462546,11346237918.752298,0.0
3.059625187714499,0.08902170537427,9.235700702703994,0.0421244228032385,1.9729415728182864,6.271631101267813,0.823261646157759,71.35493558819914,13689751179.728872,0.0011364384291453
1.420215246915976,0.061884183110288,5.5951004167738,0.0531717994795069,5.9195112495040725,8.14931785282737,0.5738150958387007,123.9132189563413,14190747686.942244,0.0005468591195501
1.2207387012290234,0.0637384860208364,4.17994721545583,0.0142751443961934,3.435289237341025,8.07483520864117,0.5524126758051779,128.57581205497618,10861891075.349249,0.0
3.432921756686374,0.0967342663629876,2.707651367171167,0.0082464909226857,3.859638385246336,5.554559849389736,0.3065282768868603,125.07581900617268,9373170458.327986,0.0
4.935991403681172,0.0952450057774235,2.915813249702269,0.0453971787452399,2.7682754925513127,16.48325075189979,0.4668101308924368,123.26347902257751,14331724229.500526,0.0007408572434357
4.828564521636836,0.0378825494924555,7.827742136159053,0.0032810237305253,2.451325200096964,17.575537397454482,0.3137871049540367,126.3634660826728,13974470301.909351,0.0
0.3900139713043817,0.0446023793857666,4.465968009832478,0.0026348343776917,7.952040492178092,6.733154657318565,0.3415571367655216,99.94675106739112,12435764362.526354,0.0
3.462779909965519,0.0941635441382436,7.656352903144564,0.0054461445707693,5.783935383983067,2.721193170282365,0.5950574340625157,121.08031915315009,15140752151.17172,0.0
3.592595741959643,0.0278714323284698,6.364109000742431,0.022279841907558,5.58374572085074,2.176619515280324,0.5007093586510578,68.87503969149023,10806326283.007172,0.0011713847880478
4.6641719698814255,0.0694239935172959,3.704067100964125,0.0299466345287539,8.081016955120898,14.290468978597591,0.1258499049579602,100.10592154245646,19571058858.67135,0.0012382140426411
3.8603097961427912,0.0913769429285986,4.415614722589677,0.0015149257942539,0.3151129535956265,6.549649125817663,0.2839026093317594,128.54809995952056,11156011221.946112,0.0
4.484539093780022,0.0467176800279652,5.365724488478554,0.0263424649656035,1.4494943936723872,4.470474203573921,0.7861097500100426,126.3276443586564,9656537587.29401,0.0008317441381916
1.2785087367585386,0.0183756245080556,3.827065655841065,0.0053521987229285,6.032611759065446,5.423826422279857,0.1843832110653711,110.96610596802758,10786339537.693497,0.0
4.920219787331009,0.0343093367991359,1.423231033714733,0.0656821735798919,5.864444140814379,16.46726163239927,0.7667383242217589,77.69844890591584,15827294609.435286,0.0011698516941501
3.627741978633784,0.0703349562376936,6.754170971732119,0.0140097063896284,6.018422394983681,5.940726666055233,0.0462592335344546,124.2796799876565,9868256848.405846,0.0
3.095694554754058,0.0514555483127295,3.658909564783948,0.0393058915688334,8.479433282564328,1.2614052402136031,0.0832964429431147,105.94727110151672,11583359458.132467,0.0009434174069937
1.0205185656995723,0.0220939303954443,7.692760700887657,0.0248696574830763,3.72602254791726,9.271767356366414,0.1835070025339026,122.189951534003,17716823164.443333,0.0005404061049766
2.4452124557490644,0.075844019501178,4.618844600149025,0.0211543047659596,4.762242679149573,6.803338331341833,0.4679304145867669,89.46931916699326,12132288519.270464,0.0006427417519246
0.2316243549930047,0.0717669380080867,8.207039983148281,0.0097287964082516,2.4214233162803134,3.028112717901957,0.513944710695519,91.01672512155324,13731198010.209051,0.0
2.50077915359237,0.076888515831017,5.988923324990686,0.0104359675803231,3.4536168714221147,4.062704649097628,0.1534681922581625,105.08224664193436,15896369107.386915,0.0
4.071620173438966,0.0172997181534945,2.3970407328477568,0.0147721368136842,6.356152534631574,10.333014825239207,0.247292338090003,66.43278635536535,12961484485.007551,0.0
2.922919845426516,0.0294970238716832,1.3275693236225237,0.0554037034487928,1.9782642318568653,9.98724891976249,0.6228036665727207,129.80656790462234,11893758877.862911,0.0009729513265816
4.559808401521495,0.0920077616501127,3.3703807562785397,0.0034272261208304,6.693400815844901,17.3178248502928,0.112802869132493,97.99049358816792,15432914116.303185,0.0
3.339120385673022,0.0624673842026329,5.992993457957954,0.0070366929998797,6.067138365582332,5.698078826408846,0.0327002301765116,124.94622310218432,12416585651.840729,0.0
0.5636446298215566,0.0884404314569202,1.4722865144121329,0.0040697199017261,1.017387525980067,6.963997133970034,0.2714707931318715,127.74803080206418,10411016154.56494,0.0
4.504005424731472,0.0978450502597658,3.502827050639922,0.0193246050031358,3.960244942794741,6.804998298505331,0.1682521966614839,93.16390223069672,12867216748.22948,0.0006944574212948
1.885365468795094,0.083242635254954,2.6233272103178185,0.0074449158595068,1.2937615668515967,3.319205298495008,0.0905558501453516,92.16978116607255,14028198996.69918,0.0
0.546407964209407,0.0876468186377845,9.662320455738406,0.0045234749824309,7.45684484921716,6.331987540724251,0.280310360519327,128.34750362267903,10235337591.385674,0.0
1.7787252799305246,0.0905593188600997,6.160506019570191,0.008092206337474,0.876874472659678,4.672042954746033,0.341295440073518,126.76950809597449,10751716128.196451,0.0
1.4027551349243823,0.05827166173456,9.826589416436388,0.0109225030738652,7.721025911547329,8.926373109472463,0.0851784960698476,108.67193388691842,16890994342.136251,0.0
3.737005717249069,0.0270605043219979,2.165631399691517,0.0082607862421339,4.657478335971421,4.962286830634022,0.1617165983600841,121.76293590462546,11346237918.752298,0.0
0.8873087879229111,0.038002241148141,6.391233510193866,0.0050333508417946,1.116707954484386,3.740594252986391,0.565495575289266,107.21831388905228,11154438525.971403,0.0
2.850262059540925,0.0243344435239585,3.3223612979946218,0.007300993127441,7.125217569785415,4.2417473645994,0.6701775614544585,127.08726598952364,18086917790.24203,0.0
4.0541216533582105,0.0669605033791162,4.114832593647972,0.0050782932563171,6.812360792647499,12.488843956110072,0.0518748056488184,106.10506139262084,13914034442.600723,0.0
1.0027332186414566,0.0684786314777155,2.895550962370626,0.0290774843139282,3.629775367997155,4.416122718089726,0.5226681743786307,105.3621699018584,11162930857.026222,0.000553263850475
2.5676701573741183,0.0172879926061065,8.26652389071957,0.0075588514115608,4.475187317251466,16.063975334662928,0.4669259900523899,75.03240094962044,18227468035.258347,0.0
4.287710305339022,0.0782869902968292,4.595216083774091,0.00999211301526,7.990246563085563,13.7483253066104,0.1236622983497354,129.0393473759907,11210386572.602806,0.0
2.9630438527166616,0.0681846612651413,7.199053772758931,0.0318876467706972,1.8440657918479844,4.4181361495681895,0.7495774702223957,98.94841073644918,11781705256.148785,0.0005593196092573
3.460842874240724,0.0941574244126102,7.656816281176409,0.0054752767844546,5.785613607100454,2.71995882490158,0.5952157579546595,121.11543056127348,15137460997.121683,0.0
2.3338873576341337,0.068624150518965,8.819514999717798,0.014282811176205,9.597329918104936,6.449103280938751,0.0245503334498315,110.93177970684958,13202617044.4729,0.0
2.746334234178971,0.0339308023527634,4.34480686822124,0.0070909532442394,1.200739276532597,6.918707462589019,0.5857238228398957,118.57070452402016,15280605253.926796,0.0
3.0370698309492368,0.078690532652637,6.576476292921658,0.0201577471399408,4.676780508165777,9.271921148603258,0.3303708573731836,93.88113776112284,14841935941.510984,0.0009394389808743
3.603620523642005,0.0518370270612372,9.976200235175364,0.0013163229620664,9.774933299302328,13.418000626638577,0.1175703547578039,99.46731150784652,16719870455.0792,0.0
4.694046410329944,0.0476305989146864,3.0846305451534834,0.0260353424579665,9.002143256088049,11.662565354309937,0.0340062462832211,71.17037649589167,19144182603.66717,0.0014465826172462
0.2651558093235834,0.0532998841909962,4.382470875134522,0.0291853028907585,2.5383837833914336,4.886363613204018,0.6445618616543207,129.22807869520165,9339495382.207886,0.0005763592698273
2.9969095384219435,0.0879844262054585,4.531163502852177,0.018665041471399,6.0936142051754,13.225331092831366,0.0176742533728867,119.5200603740856,17515485086.34707,0.0
4.346820630509614,0.0813754618833085,3.1277473436077243,0.0173878050499299,4.282117380812029,9.362273898892406,0.2930524228810326,120.35632165103226,14721867876.870407,0.0
1.630597488680286,0.0852819392830744,5.195534915848627,0.011911921646289,0.5309688280620927,8.397176003094525,0.2016695614530678,128.80566207274944,11829263811.295065,0.0
2.4967708875013592,0.0960863818842628,5.803274415999116,0.0264928186701241,1.87682584999664,4.226541123287553,0.1838564275168621,84.63421243462984,10961983640.195404,0.0010072232107288
0.1488385039800278,0.0676317470375381,3.776797920055016,0.0037153461844746,1.5635173333547994,2.972885928488312,0.1845263434817903,96.25456175930276,14842302757.729576,0.0
3.190893960039632,0.0838811857416344,7.70119898340315,0.0101819539649389,8.02515807318915,9.864279227195242,0.0234670507396315,113.21230792234144,12694425886.602564,0.0
2.1681476444667127,0.0767646147764696,1.0083394432742423,0.0228943229707223,6.631622335660723,3.7613758213371926,0.4099120297728593,123.7154182012378,11409035745.400286,0.0005198703484046
2.007271569793136,0.0660625006875502,7.931595940705697,0.0047558146603564,9.115384302743664,4.564228700102269,0.7350155729587884,107.42581460823943,9355773313.528193,0.0
2.728653965234525,0.0808861866650215,6.6780675882834855,0.0220050465493362,1.28435599216687,13.168808777510357,0.5638954470791779,127.38249535933002,12640199894.724522,0.0009872901425935
2.0951079795705674,0.0334869091217286,0.577262041710153,0.0030205227848021,0.4783981732659886,7.059578049381818,0.5003773680435972,107.73345030695096,13955291257.063677,0.0
1.08325639006044,0.0686203173460919,6.567967464507864,0.0243100410797169,0.8710491952460181,6.400559264419145,0.4620979740853173,129.4670249714362,14794199607.706676,0.0007294379703045
3.592595741959643,0.0278714323284698,6.364109000742431,0.022279841907558,5.58374572085074,2.176619515280324,0.5007093586510578,68.87503969149023,10806326283.007172,0.0011713847880478
2.8147449572800216,0.057599990644677,7.954272318974487,0.0255601229574805,4.582187823299558,1.495453875632634,0.7993874187963752,117.30385714409884,12209454733.510174,0.0007347883424784
0.8909710241174741,0.031323396068142,7.6433187097125295,0.0205558779700235,6.024850387611676,3.607944350215022,0.2897753463596651,103.94860468318518,10600159427.731035,0.0009925379463035
0.7477061066652041,0.074330141582363,8.953892361327835,0.0137378146441018,0.7627304454170015,3.499261369239072,0.626834379685944,107.9688203307489,10968656175.650509,0.0
4.848089132660826,0.0942542322006226,8.219576084759577,0.008680658892443,6.521131401067493,6.664369998589606,0.2330522410833508,108.58865298593284,12918585609.677193,0.0
0.3958200037438805,0.0542637132881391,5.464945253472264,0.0102727531145783,1.3961939551826383,2.877414133695909,0.5027991605501447,102.85461938185196,12703875863.271269,0.0
1.6711106433674117,0.0676735759572979,4.556594033783955,0.0036442405609713,9.978074278134308,6.458409047872896,0.0712362826469207,122.4291455752374,11006749947.080671,0.0
1.797859647377022,0.0227698032453902,6.379129440190671,0.0038114736104896,5.240244865530634,6.746089619636606,0.8218001707858791,86.08141847673416,12173101528.13794,0.0
0.2638283761526914,0.0528882464529446,4.408348371900039,0.0286674148326697,2.558296922585686,5.094207021342416,0.654624007900134,129.47893032932868,9298167223.883747,0.0005680126606586
2.406503745552881,0.0878474985250383,7.068331623015205,0.00478974755719,0.5751671993624704,4.425902266016683,0.2323375523362896,111.66156432202678,13190594478.268026,0.0
2.5676701573741183,0.0172879926061065,8.26652389071957,0.0075588514115608,4.475187317251466,16.063975334662928,0.4669259900523899,75.03240094962044,18227468035.258347,0.0
2.793139203135496,0.0744374231769241,9.696790777261532,0.0070531702521745,7.332669882113496,3.7466712818667607,0.2856850360151079,82.61566733670999,18190916371.697,0.0
3.238462884963245,0.0376416595405259,5.410052915913725,0.0050313123019472,5.786691294148142,6.643987540129949,0.2601601279536737,97.4924925335413,13305335530.856222,0.0
3.592216924736817,0.0740074380957602,6.749279842297328,0.0110221674682444,3.093298269800229,6.648570447144494,0.2697879424268659,129.19983854787966,12789213428.473812,0.0
3.583881669264732,0.0151610110296336,6.88524721347477,0.0084389444725597,8.769059983964308,14.417991771352131,0.7865311068846257,96.09574446012238,14587724674.657938,0.0
2.798022749173513,0.0799175488394462,4.2105426757915865,0.0327610387269517,0.7780389464729168,2.8646622005214724,0.0511686895558951,117.28291320424056,12888831904.571524,0.000960809897417
2.5208663978159285,0.0698813516454941,9.62152944107667,0.0238227532766002,8.323283460783895,9.60435021896095,0.0596855175801827,127.3428688915136,17966772660.3319,0.0009601890742685
2.096597939272936,0.0480769442023192,7.430064805457411,0.020804077067127,2.7605110467054894,13.085886548717966,0.2298536738045886,108.42334581069846,13898543287.5583,0.0005037867917535
4.153973420800265,0.0801306303449767,5.890459966313174,0.0154469057891947,2.0877434666604597,8.300574891795195,0.101007945106039,125.23026629240972,12817433719.906246,0.0
4.378444279163782,0.0693820383754463,8.978547986603827,0.0046611426570661,9.859710107650011,3.997225258510321,0.172804866777584,115.4515003756644,13859507079.239117,0.0
4.272321757938157,0.0918929374733269,3.9856875275653088,0.0167866734861957,4.155394573734029,2.4670188119043424,0.382953430437103,111.84562910928624,12839655829.359411,0.0
3.589213837543748,0.064387696072739,3.2242134532044315,0.0148364158004066,2.6374298408804777,2.2955357077540897,0.6869312514402319,75.51494780805247,11942493885.039318,0.0
0.3132663062644402,0.0540421658363714,4.3737831586639215,0.0307693662168091,2.5114675522602736,5.069793891933174,0.6411582362570165,129.41578565800876,9266730344.288898,0.0005760180574721
2.3742299066788743,0.0386600535794143,6.292325404481402,0.0068681930967256,2.4839137824608306,5.252574219242353,0.6293064751554909,92.18183495875309,10033767396.987656,0.0
0.9797326569599286,0.0803981371976941,4.952208194245685,0.0191187847438066,2.973250392304211,4.305018373976992,0.772097087514237,116.75323131347848,16445050700.24913,0.0006715762414509
4.947554446366065,0.0782029762402488,5.6435851440977,0.0165501450078672,2.251933179676579,8.595361892424679,0.0520018324006531,129.1296447910182,13858765307.763985,0.0
4.336873209257608,0.0919222243580615,9.814559119233676,0.002520871747862,7.301438034191022,10.045487896837546,0.0292669116771899,100.79186851524474,19259298035.74833,0.0
1.3079195932028476,0.0190473334372051,3.8133766626016232,0.0074324513009608,6.138247217605417,5.551747930873889,0.1898156567784604,110.2688427519644,10742239088.115248,0.0
0.2363485188098969,0.076198529909131,5.441522235190601,0.0199152635651743,1.5282318383995304,7.857598618564022,0.224925148923563,119.24381865378878,10641651741.365875,0.0012354271470671
4.0541216533582105,0.0669605033791162,4.114832593647972,0.0050782932563171,6.812360792647499,12.488843956110072,0.0518748056488184,106.10506139262084,13914034442.600723,0.0
3.119200219367399,0.0888268262690363,0.5276093637175376,0.0644739148512936,5.501159646968982,3.355826212127745,0.6245595707143617,127.01617317540553,17353206912.693237,0.000942076059674
2.512398758098384,0.0919003751231511,0.6308433795451835,0.0258963230096652,7.463757600264655,4.308297304531728,0.310651023457839,106.33194960560202,13741892668.68334,0.0006519489598061
2.5676701573741183,0.0172879926061065,8.26652389071957,0.0075588514115608,4.475187317251466,16.063975334662928,0.4669259900523899,75.03240094962044,18227468035.258347,0.0
2.6086836383228933,0.0266384321522493,5.783101070815264,0.0356023085302538,5.403824514258367,1.7792529087679103,0.4417955577772656,122.25880618998492,10436384334.506405,0.0005900054641093
2.5424656381214734,0.0523297476087201,3.4780303207510976,0.0080335180078223,8.400666252641734,4.3129831117149084,0.0885751955771531,113.15764472444567,9775405266.557936,0.0
2.337999774837996,0.0349625640807107,6.6786635557970655,0.0043752620480957,4.472927270222142,4.542455344556158,0.3279218807218709,99.99743426930048,10329047908.64481,0.0
0.4307725452375811,0.0881604671856931,6.729596688015247,0.0822433107377269,8.752108538907414,14.40083288728363,0.3556496072137526,128.09396518443768,13577216092.1631,0.0005561454846535
2.6789442301145474,0.07437892949249,2.681637768631537,0.0124938073313026,8.393785904418204,7.225015753539819,0.5924520215999719,77.1464035800979,18146616279.142097,0.0
4.525614010735605,0.055933467923468,2.600828253679325,0.0136016761946532,7.419331573272125,6.468612135764794,0.2293331301266791,85.9755741909901,19092463868.558582,0.0
3.195205634945957,0.0352190194790432,2.523209199654561,0.0573603288922777,1.7883651744783993,1.473202331374891,0.1258052058123172,101.5536339786034,17393333687.658287,0.0006962381751357
1.0938968752130789,0.0894400987758773,2.2732054650789677,0.0049529631922603,0.5297849296596324,1.6850417812183454,0.3891125493741114,115.50900393043572,9250199552.150356,0.0
2.837252994817896,0.0646174976048968,3.6758402952463305,0.0278488500070105,9.493920947579303,7.517215104327113,0.8120968712160823,113.46482689193309,14044434671.002071,0.0008355732859653
2.6567375248572755,0.0767800216158983,4.939135338869663,0.0097600846010223,2.572007225043356,6.011836242908966,0.1793358842291977,105.74633097291483,16269530204.557371,0.0
2.8807979348300914,0.0557738768688213,2.029683592149127,0.0121261633633257,9.62733681353203,17.492655421351703,0.4554845487571511,79.28918688464711,16018329342.70746,0.0
3.1369603766281005,0.0481067530394173,1.675840589251972,0.0198466575274108,2.396837358561788,2.905951725208297,0.1057337376699853,127.9656026835736,10403631194.086452,0.0006077112669136
1.8567125525395043,0.0566415444973005,7.153103790921993,0.0038603523608589,1.4532595854631247,4.976976172674995,0.2539091730831467,123.978629028807,10853359217.73058,0.0
1.485227401707505,0.017698073620962,8.652613879235975,0.0121785124211464,2.9089265918939207,5.615942591058592,0.74092820083527,106.51189844568292,10718293552.696173,0.0
1.2474813783401804,0.0872608804359393,3.0125029890710056,0.0041243113880641,7.4676123239919425,7.488567445642726,0.2061240144779599,100.48557654678932,10055827260.927835,0.0
2.8109280603753786,0.0525778801463758,5.018436451190124,0.0091530994865727,9.380804508825747,2.453984343385855,0.2993278138097723,110.27449466645314,11413599114.158085,0.0
4.133711955043808,0.0832971861825884,3.480520457547199,0.0163356450371628,5.772785213557846,9.09439217647148,0.2601577594226702,126.89595395936009,14921827199.2089,0.0
2.2155076381538965,0.0696756459833684,3.076619373696271,0.002521366746615,5.742529930300227,7.903635305698254,0.5354849295838136,123.79636389666852,14724194991.562534,0.0
1.696182720990963,0.0662306349986397,8.757683570165765,0.0032050386959701,9.449764827598749,4.055898551231872,0.2245303588676872,97.47846616414012,11856188947.847054,0.0
0.5795179069036518,0.0858570861173397,1.2052404527368272,0.0036333383856793,0.840175246339842,6.53012810156248,0.276402602964986,127.76762093063284,10149771531.017448,0.0
0.8909710241174741,0.031323396068142,7.6433187097125295,0.0205558779700235,6.024850387611676,3.607944350215022,0.2897753463596651,103.94860468318518,10600159427.731035,0.0009925379463035
2.2302891452854348,0.0920631719072359,9.329044456629552,0.0050719980707825,8.106686975248053,4.235691862551567,0.2496752205812138,90.96138660274792,17440568793.958675,0.0
4.72493232939385,0.0929462948803586,6.792624732032698,0.0221671992449477,2.190052946547244,8.730882365538427,0.0541884365207917,107.13252622417028,13855350909.432049,0.0009099403621612
4.442457276311175,0.0716829081339638,4.077338764174082,0.0682137335131457,4.025508778696055,3.288450460721009,0.3008783199951462,91.63418351695285,19642627632.981262,0.0008654097982349
0.3562975842336702,0.0523413309841179,1.4947026055120365,0.0311937109332493,1.998775658624816,1.5619235358586776,0.0358779633904586,89.34715843480382,19329404465.017174,0.0013071853392892
0.3072394248535537,0.0538274816837602,5.465744062956873,0.0105569289396399,1.0685134108766927,2.813959233396552,0.4865255109211113,102.12954547705628,12718222267.779572,0.0
1.9624232344713413,0.0893461495201399,6.064501900643945,0.0051395379499763,1.309915721794738,4.749890672710399,0.3257173600892497,127.18045189259888,10730937949.853102,0.0
2.1725944711027783,0.0890066869347826,9.994852135937077,0.0164579100948462,3.931182784946624,11.680195745720194,0.4834758408642242,118.00526670477151,15339231792.261578,0.0
4.321509488630822,0.0515118253405084,4.188231299310157,0.0582331934332087,3.0315682345666075,3.5951608339431305,0.0384845468407202,128.94157016514396,12528831920.150557,0.0005968667717311
3.594207677458425,0.0816836541616485,3.4932750679799818,0.0846244480066865,4.928324724762969,4.276085493768365,0.8339884573232389,100.62600869159463,13856697655.05466,0.0005551592731847
4.99253647365016,0.0522268540379906,6.712515185106194,0.0016277723222972,7.361138535764773,19.633059253986413,0.3633331053786324,101.62092196573252,15375433434.339417,0.0
1.543936573311665,0.0688101563544323,6.447076488802752,0.0461925786259588,4.370789327177715,4.886165242525061,0.0383720454377626,86.73941489441229,10077262146.107742,0.0011068792186701
0.3738246316907435,0.0977768460520321,5.01046822914036,0.0242517356278675,0.6834456934720542,8.225177344124074,0.0180034357688587,128.71448579178764,11393526009.744955,0.0006631313607014
1.8000702476720651,0.0402921979543952,3.506307922800757,0.0247164789783137,1.6927099697320749,13.54530337265208,0.817560810577697,126.58784179194828,10002252595.575483,0.0006709023338571
0.1995168783452564,0.0082094147576846,4.752887096973626,0.0048113433767011,0.5834791676265599,1.9008091336272437,0.6563935361760523,118.9970874730992,10134754365.714178,0.0
3.7378964685447,0.0270563011084201,2.166618648334817,0.0082582658970709,4.659438538118467,4.966645086812408,0.1617319402882655,121.748269280353,11344195401.574469,0.0
3.20942039268169,0.0926302801563688,7.483065680157138,0.0079769521182023,5.219464213664028,3.781463979660332,0.3000679700342515,123.49907776799576,10600122437.55332,0.0
0.3072394248535537,0.0538274816837602,5.465744062956873,0.0105569289396399,1.0685134108766927,2.813959233396552,0.4865255109211113,102.12954547705628,12718222267.779572,0.0
4.721537601769201,0.0922537151728428,3.5190520621441497,0.0048221928261194,5.72360298233494,8.714984933159217,0.2934913402810232,120.73580719379832,11355413516.944311,0.0
1.16947617232902,0.0548592133083667,6.036713963210891,0.0286162072117615,4.154785100708006,13.60826883626622,0.325806640763327,76.43192690382958,14837992766.350985,0.0009028372134078
0.5011589181344926,0.0732215266701602,5.513291702983961,0.0076223031744778,2.479770155398646,5.845798081176521,0.3713329089544409,127.3928426149091,16565329713.973412,0.0
2.9173472887969667,0.0478455305243477,5.000548987842148,0.0051543944093365,3.7181001444378783,3.613861453504601,0.0447303311862846,128.13589394993434,14089891801.081074,0.0
4.186841983672948,0.075771327779308,8.595355449811592,0.003681534042093,9.136187259229066,6.107995076165836,0.1092553848765194,82.52149910459804,19204534873.20685,0.0
1.4386454567262006,0.0596143053198725,8.5667336360252,0.0290139325963248,2.50221889693799,1.8006861891979504,0.7157748283795328,116.44463642823,11937721877.252544,0.0006607610864432
4.521416648547503,0.09217933166037,6.905301657095226,0.0213913883325467,2.203670186199697,8.52702824025412,0.0623323909349089,107.80905951263117,13834875357.43106,0.0009135019645062
3.028131683665181,0.0785056150190747,6.573381061343019,0.019731866140708,4.624299215294025,9.177539333401356,0.325673565634385,93.99612413842893,14839142850.757269,0.0009412861744356
2.424032256522836,0.0731744984104494,6.478745901192924,0.0276899011179666,3.0234720847621523,9.26293303274132,0.215282567011634,108.01867411337948,12648464184.018076,0.0012160119629497
3.98037913177776,0.0366012805665892,7.3418188914255635,0.0022823746590499,9.03849245134962,16.802125145856213,0.0584964831670675,63.0865484014612,19767382258.407608,0.0
2.9900078634277865,0.049852501527235,9.538855162713553,0.0512564438985028,7.838365485235536,4.878659273609443,0.3095046623169678,62.241068429577865,10455403984.856014,0.0014281572429503
2.863275117852896,0.0984182415128824,0.944734820218195,0.0411756003794856,0.5536110989055615,9.255851401616198,0.5254951648311097,123.10448980376556,17799653988.79339,0.0007934976952943
3.676981237701515,0.00719923293861,6.660054441736648,0.0674211529582612,6.513255499961248,7.780055248861781,0.5986085955240815,85.91728091547087,9656820624.722424,0.0012851497755322
2.9969095384219435,0.0879844262054585,4.531163502852177,0.018665041471399,6.0936142051754,13.225331092831366,0.0176742533728867,119.5200603740856,17515485086.34707,0.0
4.097256540784778,0.0370260884386177,5.809249616230447,0.006593331946132,3.155221016479811,3.318161059163778,0.5423844984589776,102.55563427836938,19799550850.7943,0.0
3.737005717249069,0.0270605043219979,2.165631399691517,0.0082607862421339,4.657478335971421,4.962286830634022,0.1617165983600841,121.76293590462546,11346237918.752298,0.0
2.259372768209259,0.0892871105159523,9.95798600063723,0.0155150683285538,4.183191632936139,11.866828962561186,0.4852185863200842,116.4793389885628,15252200557.814592,0.0
3.737005717249069,0.0270605043219979,2.165631399691517,0.0082607862421339,4.657478335971421,4.962286830634022,0.1617165983600841,121.76293590462546,11346237918.752298,0.0
1.436154672434368,0.0171199270535534,5.995574521162115,0.011013873385479,3.322317306576063,16.949182771516007,0.2456298984471648,86.37926343836695,12523495186.34884,0.0
3.571233544256219,0.0991709337102741,4.015876185533651,0.0093968387283758,8.668423982245603,2.22483515772736,0.4164679245161768,127.76224185002208,15605875775.333202,0.0
3.3873447808889847,0.0641166752250252,1.9868722837934043,0.0806864919768982,1.5415083722965344,2.2316112362346967,0.3634325531332021,80.14623397528213,14833751787.930576,0.0009188323705645
3.7378964685447,0.0270563011084201,2.166618648334817,0.0082582658970709,4.659438538118467,4.966645086812408,0.1617319402882655,121.748269280353,11344195401.574469,0.0
0.6398234521294033,0.0279524069340598,8.104448155629253,0.0078098440696596,3.218380697436982,2.148652969137287,0.7319102440404319,105.679588452217,11429331803.172665,0.0
0.6840946818567322,0.0829051627787069,7.326125619279208,0.0163888683708012,9.501176601848975,4.941656106219336,0.3647886896664907,80.18433673317041,14960020808.355131,0.0
0.2316243549930047,0.0717669380080867,8.207039983148281,0.0097287964082516,2.4214233162803134,3.028112717901957,0.513944710695519,91.01672512155324,13731198010.209051,0.0
2.79452347432222,0.0348348938708826,4.346950345171758,0.0062077790688784,1.1639148016032514,7.12539179557363,0.5820332754537424,118.53034295744528,15359607350.0374,0.0
0.7904645269817403,0.0438318007651453,5.8037083215589735,0.0268925652444216,1.329579327504069,2.7648597728550186,0.815100062593145,81.5464982018726,12106405350.674252,0.0006111425174696
2.5422791663793816,0.0851582990106314,9.55854583814034,0.0215012724830492,2.231508880014764,8.698309810283845,0.8458301433189247,125.56721741625866,18528876614.039787,0.0011038164802386
2.768713038943935,0.0786363446757466,5.163816666172694,0.0181185250874887,1.5079835241876065,5.6810559158965575,0.3884289259798708,122.57965508469792,12638998087.839811,0.0
0.3860209180081545,0.0472492586610819,5.513997727710116,0.0102185324021217,1.026638856679503,1.8609227866700564,0.0285057469495268,85.9223649523529,13742173476.77671,0.0
2.53459839229734,0.0819872756393221,3.558000286166441,0.0138908158805629,5.536508477567756,5.294191003052865,0.3941349873613615,108.83557886090794,16042414668.874428,0.0
4.151589286420785,0.0924334697196713,1.5911854528121805,0.0222184094045174,3.469509572212944,3.6460671039215713,0.1753069088708339,114.1295831702672,12150259660.223503,0.0008268999052405
4.532787410423534,0.0356005895344865,6.305258243931173,0.0553801009113421,6.444882902946565,10.528090352616305,0.8158934362034165,93.76699697994955,13345494336.648027,0.0012789038065057
4.422940212901311,0.0720138679666825,4.900106894650209,0.0121270252415821,4.224522581683376,10.521463554090415,0.4341294968987519,123.81336310409183,11249552319.062737,0.0
4.400738141808303,0.0938853480444839,4.583687082858461,0.0666428946932501,8.965119872675787,10.980024854308487,0.0535535904586685,113.38284330868748,13320840960.977402,0.001038708436649
1.8683022458001453,0.0813196385850685,2.690365163766445,0.007514626800287,0.9636282153529664,3.7870948599558254,0.0917639035284349,91.15934126184638,13999021971.21071,0.0
3.936966692983312,0.0918949793558954,7.870277789512036,0.0141550094773244,5.685145665874682,2.7128324225240616,0.4087357974349964,83.71401965020681,16390234680.297577,0.0
0.9598760988536014,0.0370666640139593,6.479532916531392,0.004669448129833,1.1825122569586133,1.5892981750736526,0.7402291443683018,85.94441591675684,11565133645.250692,0.0
1.2598347605543525,0.0207423781268038,3.845097899406599,0.0071221357523119,6.108986656540509,5.082827413493782,0.195260221636996,110.25846734685808,11043578827.879072,0.0
4.69902494861747,0.0927341741614565,3.280997952922836,0.005450243922465,5.845861176771053,8.32644781001311,0.3025146118323955,120.57908835256907,11130171727.825205,0.0
3.4832091226593302,0.0957804789809253,1.2668747831430636,0.0232071593608847,0.7408961252269507,4.33411022584684,0.3353582271571522,82.66876433963189,15977474416.256334,0.0010802405485565
0.5192489455396142,0.0869803331975939,8.86578155282851,0.078183414989844,9.342276573373876,11.451835354598002,0.1276861017874559,118.07650692623984,18111734567.97606,0.0006395568110054
4.721537601769201,0.0922537151728428,3.5190520621441497,0.0048221928261194,5.72360298233494,8.714984933159217,0.2934913402810232,120.73580719379832,11355413516.944311,0.0
1.318935764495838,0.0164748773183009,8.392235341741063,0.0187222084373856,4.9324210794833165,2.9702187970298475,0.5508214688120279,129.14894041152186,11535138202.147188,0.0
3.099434186993049,0.0857378521204296,7.442952043506389,0.0141939601755159,2.494873997118676,7.660728724672005,0.2267071591579065,124.20346560637635,13315685635.991217,0.0
1.0131381793554757,0.0572351894125788,3.811156627385525,0.040727518914402,2.5739076615130707,7.874465881717469,0.5006241643402575,116.56404855945578,13170253067.038176,0.0008400720524891
1.3684219193607976,0.0599023696462356,8.70391318877116,0.029300300318717,2.502387147723496,2.153057884389284,0.7227451472148393,115.75967841149416,11854074383.2767,0.0006746363233161
3.216958259766292,0.0562527137728492,4.184170300918968,0.0030651397765749,6.969985897483504,10.27267238770753,0.5356834382271901,114.00669872805037,16047599853.009394,0.0
2.99743700505079,0.0447682781895167,9.966043499522945,0.0053445315851264,6.525113101999953,10.013890572125607,0.2311840591361006,94.16444717996364,13555471788.486689,0.0
4.375656385178996,0.0813743094118071,3.0277860830317658,0.0173367202705164,4.209992189363613,9.371362747016889,0.2927363336784413,119.90043901323716,14693702940.162472,0.0
4.597880009769522,0.0490949630568048,3.024979873439661,0.0275432709406639,9.119530439840576,11.765755354038692,0.0385610571005219,70.24425112924308,19132022561.15458,0.0014579121684467
1.8683022458001453,0.0813196385850685,2.690365163766445,0.007514626800287,0.9636282153529664,3.7870948599558254,0.0917639035284349,91.15934126184638,13999021971.21071,0.0
1.0621567620969508,0.0436266592715897,6.311664512437119,0.0514142811675374,3.515211315336088,2.712328131708855,0.568752298483612,78.52170195282446,9536393209.432854,0.0008571630771733
2.7276423653171613,0.0867981548203979,6.067457338293959,0.0217982228019015,1.116824384059591,7.870874646209947,0.354768212591144,81.53286746437904,10671696753.187307,0.0012751458268225
0.2178037822532491,0.0164846589015596,8.839626579403838,0.0061700410492419,6.542789007187244,7.896704238916642,0.8303382521389697,93.21398942806124,11993626823.247932,0.0
0.6761177381197173,0.0851915968116408,1.128985973202974,0.0463188526620456,2.160178016502864,1.0691504608635032,0.2300099235465981,83.88787363615148,13683469210.042933,0.0014655450674158
3.0311120538059027,0.0727765675723469,9.322343046707616,0.0137742037373572,8.456430713859755,6.075423521967416,0.841847483343129,117.4052348898977,12003800832.162546,0.0
2.505644905814812,0.0962179530845289,5.867637542347397,0.0264987320253229,1.8799441502579848,4.390263207568083,0.1841319897554379,83.9993756641041,11002120068.711931,0.0010111906610958
1.868475026365172,0.0813099762426694,2.6910523450839614,0.0075201402658142,0.9618392287030474,3.7873727953297855,0.0916626827827952,91.1646502189656,13997518744.124857,0.0
0.163591596506923,0.0068282912245709,4.900472312884614,0.0038776755832054,0.5635242174335149,1.7689558348488688,0.6675113689982781,118.4985552614861,10066970074.828716,0.0
0.2621914538905019,0.0529268745506688,4.4118789497544,0.0284931874808334,2.559837992810458,5.055140995947134,0.6548564353187206,129.42738710473952,9326605996.632502,0.0005683940971572
3.5379678807857573,0.0635817427224595,8.957466100242694,0.0081246422844841,4.669275939715938,6.539315295831768,0.0959430814259336,116.87824639350266,14461670412.329355,0.0
4.989939311976965,0.0855118661092595,0.3230272020957251,0.002406862851345,2.881568608228722,6.557141178591933,0.4769958137180592,122.30346650858812,11424773582.033,0.0005535457328291
3.128967212464857,0.0482376133157372,1.661691740423496,0.0196328375999877,2.397537509939655,2.945351325140327,0.1054348983564413,127.76870642358034,10377324273.45102,0.0006073562620526
3.859118124892333,0.0611566222373194,6.620015936880945,0.0559198085509895,0.2083081893993345,7.217865815306728,0.7078058263760011,109.73974077143532,11064648666.722223,0.0007914465335577
0.2653194303595202,0.0533042066697018,4.3839149003096,0.0291689661800342,2.541734036081544,4.887934208026621,0.6447090723042591,129.21903909700234,9337583618.53584,0.0005765021183637
2.876808413184706,0.028667764161841,2.2934826230747536,0.0134685823699683,3.455406940839716,3.0757002463750207,0.6612230819233282,124.05835840863205,13323096989.109238,0.0
3.5388474313874583,0.0588072900207224,6.994053959050934,0.0074960304766467,7.524443721749475,9.150911784021313,0.094326649723814,112.78673957002722,16540331856.835487,0.0
4.777610078031295,0.0350219951744895,2.041097742213488,0.0336140500089492,2.9401303425971244,10.62859278912828,0.8145601052739607,99.68235471763562,11753157807.109545,0.0007925159153784
0.359725440466722,0.077769522006951,5.35914506909859,0.020435239233729,1.3755564215823073,7.729444459160889,0.2287004097610951,119.595298313215,10765685992.10615,0.0012559762110316
4.985073800297067,0.0929615194703965,1.9230208119050516,0.0556619061519795,9.788071389495114,11.586284009651273,0.0492539750436218,101.93689755630363,15829917275.401882,0.00055772687022
2.5277546697252875,0.0285745839966745,4.275914688504282,0.0025537187174446,3.61740156398567,9.239789825243331,0.4732089963693777,119.07903461455513,16118564200.921389,0.0
3.628977980468867,0.0456029534205445,6.808041129386663,0.0020999806215926,6.869024153657891,15.496212347717949,0.0861806211961637,95.7822462735522,18002804679.254276,0.0
0.8668362081682751,0.0141233382178679,9.157346646668811,0.0027790368779071,7.410899637383482,1.1351931411884235,0.8297714560457691,112.33435050768736,13787056643.679676,0.0
1.8542440628116037,0.0733147365851498,7.896264599635148,0.007001017150595,6.777960859996418,15.20292239729834,0.2066874350545465,109.93197636672004,15807239904.185484,0.0
2.475150153651025,0.0790576322016148,6.799525091806125,0.0411149406874235,3.3614250635779905,7.948410516505948,0.4134892142380907,93.2995195120255,13644333330.415451,0.0010120376571389
2.1150451830015538,0.0321907822805558,7.594679751876693,0.0798160385840889,6.365246449231328,7.839429409952279,0.0471887261130141,83.59947478723733,15803075915.797611,0.0007274054022866
3.717828670391413,0.0923482075373888,9.823710328976222,0.009560200597459,9.288141310806576,6.193413740440681,0.2439916421097374,104.10682884292466,11471580078.316393,0.0
1.5147279716624222,0.0433261004770594,0.9079848772116342,0.0094090487149061,0.6230789305182917,7.444714770867192,0.6789214729943417,122.19182726018344,12695646864.03888,0.0
0.3242287308308152,0.0946027146334668,2.225755824254253,0.0179676994434637,3.362295310359297,8.47836592231232,0.1506826069810691,126.42358656194844,11217975224.66756,0.0
0.8930485882066042,0.0098896608472752,6.621390317550945,0.0968515230778836,3.819197879884698,7.4670120827365905,0.5770890946732068,79.10935537714484,14707270720.40778,0.0009030926632013
2.957131865685806,0.0818746852143031,7.972554407486811,0.0148004866552237,3.730981421540814,4.237539590607979,0.6323932754503,121.79491302370592,17957026862.414158,0.0
2.0980605581549043,0.0706671256148496,5.570496039071237,0.0310327709004375,6.617848409126078,6.574557597273192,0.5993449676865624,99.938640635386,13366888901.003716,0.000689561302674
0.2463959657675883,0.0746803975326242,4.937757999438307,0.0231573195514801,1.2847378831491516,6.3628842303166735,0.2620022469034428,118.3784119551697,11314888632.772726,0.0005995249098011
0.2435622223027264,0.0746796274104105,4.938934496417905,0.0231677013588061,1.2868839895095252,6.380762512133419,0.2643036276899574,118.26035766732134,11374212536.92584,0.0005928453572937
4.660754216977423,0.0741794553397438,8.437687365399809,0.0024123985064326,8.275585748544401,7.280563643936149,0.2708766272259044,95.31524751911896,12232800697.47306,0.0
3.734787792907496,0.0783892619593819,6.121932367510463,0.0228373016822461,1.701805045431939,14.84124877600278,0.3330977705639338,127.11419028774516,9426849502.171043,0.0005650473067448
2.753557592882983,0.0431589986886661,3.748110405472292,0.0107327952007517,6.012971564830988,5.722314291059836,0.7226524351918004,92.05778594826694,12292487630.123854,0.0
4.401356887955639,0.0795304743880393,3.660956430896532,0.002132040506786,8.1185277000819,16.76403636102983,0.1551387282231603,117.475161790265,13878878280.555777,0.0
0.9017491620845238,0.0599712862037577,9.360286446624253,0.0163271358016943,0.3738934809303848,2.1020383277016164,0.3450220144527922,96.96390121396092,15833121768.67747,0.0
4.356010299254411,0.0294054841356515,1.4093711982739934,0.0540234774786258,8.65601944801892,9.97583422505186,0.6230701200670454,129.8394881540642,11799641081.548372,0.0009721351864221
0.6057887269683427,0.0569841790554071,4.2063856825300325,0.0216929972487592,3.2196877710793337,2.457009874251159,0.349352884447963,93.24342688574428,12017143565.168966,0.0007878248000394
2.505644905814812,0.0962179530845289,5.867637542347397,0.0264987320253229,1.8799441502579848,4.390263207568083,0.1841319897554379,83.9993756641041,11002120068.711931,0.0010111906610958
0.9961720326252198,0.0133114133889051,8.908813251079188,0.0024291070290364,6.251945332508542,5.682997097815025,0.5647979456451194,74.74084854153809,9937956913.063396,0.0
3.737005717249069,0.0270605043219979,2.165631399691517,0.0082607862421339,4.657478335971421,4.962286830634022,0.1617165983600841,121.76293590462546,11346237918.752298,0.0
3.015857755673461,0.0961524466498391,6.010641354694971,0.023392031502315,0.9881711505562856,8.724414692851145,0.6355951554519915,101.18639546494936,9762116791.052868,0.0008372986425323
1.8542440628116037,0.0733147365851498,7.896264599635148,0.007001017150595,6.777960859996418,15.20292239729834,0.2066874350545465,109.93197636672004,15807239904.185484,0.0
2.9173472887969667,0.0478455305243477,5.000548987842148,0.0051543944093365,3.7181001444378783,3.613861453504601,0.0447303311862846,128.13589394993434,14089891801.081074,0.0
4.15782456550653,0.0945596720499261,4.277953357481934,0.0277727530323988,2.91712371153275,7.573073600289921,0.2059066763938742,111.33449326287322,11753931821.132114,0.0005960946672593
1.9188758949473723,0.0555382261971531,7.588164098129988,0.0084045327943379,8.596585021198095,15.487889473247138,0.0612747470044141,101.52271013599238,16448849649.171867,0.0
4.746386569220862,0.0717734085559037,6.8367895911106045,0.0088411133551844,9.298191317918084,15.54252564639924,0.3787051773647695,94.5993604845048,16310247911.682314,0.0
2.822660816125229,0.095253412279437,1.383184028107392,0.0420196401533462,0.1671489365822192,10.284906830050486,0.5497134429091856,124.73503210339724,17934383641.992023,0.0007926396731147
3.737005717249069,0.0270605043219979,2.165631399691517,0.0082607862421339,4.657478335971421,4.962286830634022,0.1617165983600841,121.76293590462546,11346237918.752298,0.0
0.1259283580487359,0.0157157018795795,0.3957048665134556,0.070278869203103,1.5606320450749973,2.360771873323475,0.1886669225564265,71.2302538376126,13849070126.779602,0.0
1.9794282250471444,0.0519838325078147,5.842949694460674,0.0073307176536376,3.4554701698963286,13.065704092530172,0.1277944038733128,84.12430195542211,16466554464.122309,0.0
2.477192620873656,0.0281527255419074,9.308868850443808,0.0186362045703112,5.045579346234492,1.78447710026618,0.5357521340018723,82.36109147775149,10810467629.452827,0.0
3.1595200797849925,0.0913555843459002,3.4877509851815462,0.003393066600862,3.509013037568316,17.57099437336513,0.1716380094304792,112.37806769597373,16421273621.565842,0.0
2.2133052139506395,0.0828414114116797,8.574168147333214,0.0021124668535616,6.7149382081504765,5.216315683951277,0.7601604378477513,117.61905017169715,19756037866.806995,0.0
0.88343524250913,0.0590116086049922,7.022697344094225,0.0057665201776929,0.8836571538088548,1.3310818978706895,0.6672253770109298,109.9582487418174,11611180818.81372,0.0
0.2487286520202324,0.0745761048594686,4.914364530251774,0.0229383823905488,1.2881165840940536,6.325039999191313,0.263696817431276,118.34316029043433,11326752103.754633,0.000599709948626
4.969886713444569,0.095270945026997,2.86352920369682,0.0209905768115194,2.417949280560263,1.6322309303860405,0.5287243784034069,119.69546527738264,9742231862.227716,0.0006180823650046
0.5193980459998199,0.0622031486527023,3.345062333119506,0.0293971818871354,9.480137726569549,2.96441671618839,0.3747764752812312,89.30239651304093,14254979957.227144,0.0007728406130714
3.592595741959643,0.0278714323284698,6.364109000742431,0.022279841907558,5.58374572085074,2.176619515280324,0.5007093586510578,68.87503969149023,10806326283.007172,0.0011713847880478
0.1221766606749564,0.068292704777841,3.689382152799999,0.0040447745451366,1.6140596733870218,3.43429140425709,0.1866455414607017,96.36811833781049,14831010456.440031,0.0
2.8466763286254104,0.0820344225923996,8.0990873834062,0.0186675505090002,2.8581517321501058,4.243146822888168,0.6498970626730934,114.22281147991464,17759688317.315636,0.0
3.5388474313874583,0.0588072900207224,6.994053959050934,0.0074960304766467,7.524443721749475,9.150911784021313,0.094326649723814,112.78673957002722,16540331856.835487,0.0
2.595201967648981,0.0285690392490845,4.772104150720936,0.0141419905203515,0.8247101797301966,2.9253091438647303,0.0984495138528582,69.24072366692464,9325087728.402924,0.0
2.323255076511406,0.0725047569516405,8.999504908780686,0.0098322545864355,4.092630076591166,5.3508761701571625,0.5305751612954064,122.12419899412724,19782986654.139183,0.0
4.615885391370782,0.0361723704454478,6.427591072674806,0.0557020370219466,6.407400687765814,10.432887362915382,0.8217025945971452,93.39613342403564,13543749743.36377,0.0012740675309843
4.260859159485344,0.0486327455526788,4.006872148464105,0.0122966373217207,5.125116258604651,9.157397926838698,0.3838473898738375,129.36712113099037,13765090745.27419,0.0
3.9194540845362993,0.0230491928292817,9.80455297943182,0.0156151976256469,2.0424913978039574,3.507799616738797,0.3013839015249007,107.73349827867628,15545523353.534254,0.0
2.4516123652991864,0.0626570954075009,7.771011989548521,0.0289036765537504,3.287143033428387,2.167196125069812,0.5299676240852199,64.8503888374584,10953814250.98002,0.0013130829682618
0.3952173847383314,0.0542657283405721,5.4636837703481165,0.0102482086924079,1.3940868711317915,2.879419894160568,0.5028396946527677,102.85333928162488,12704649600.727472,0.0
2.504567033677309,0.0729920725998622,6.403272183235905,0.0100820300992471,5.804506505248801,3.553214091740333,0.3601302981710612,127.5228037998852,9635843165.032692,0.0
3.735238643136344,0.0271605746207488,2.1315046446929826,0.0058604239349268,4.642244090381707,4.735355162821821,0.1763739812391699,121.740219652222,11394019962.173952,0.0
1.527440772094432,0.0632409549126056,2.2143780849764965,0.0056329047016319,0.3745015528298754,6.043869725290811,0.1760275514889781,126.23583695746969,13835357878.376568,0.0
3.695955122173812,0.0433442875266939,3.9753167849697584,0.0090404889696843,2.6641956699660163,1.7692258659565925,0.1755123075493947,129.75640881964244,11151908223.456047,0.0
4.486559942740854,0.0760280689929582,7.588708671835506,0.0616581917923924,3.4675132726158,1.1082313972840403,0.7951260718160412,78.69680571626482,9382776423.810118,0.001382857171404
1.969755570979155,0.0324723749150626,6.803977471810667,0.0062021997402554,3.652986161562316,7.446959318772955,0.6926811560859775,82.78102179710407,10155385885.323734,0.0
0.1406905168246965,0.0790667038372371,7.440530716184902,0.0318816060707889,0.3727837944581317,3.671455860090453,0.4591024138740358,112.85963407607288,10267403551.71028,0.0011571883550783
4.002896921734535,0.0731328076014944,7.21600326568446,0.0071361597152321,3.258862659962802,12.0885339102581,0.2544855881317526,127.6917890511082,14236818765.089745,0.0
0.9017491620845238,0.0599712862037577,9.360286446624253,0.0163271358016943,0.3738934809303848,2.1020383277016164,0.3450220144527922,96.96390121396092,15833121768.67747,0.0
4.030621092542239,0.082446745119056,2.9600605378524905,0.0243165838242599,1.4134296985767123,1.0207857924804506,0.4242515105667224,114.6116733665826,15152821530.681782,0.0010648623952887
0.3164143977060901,0.0537887524272573,5.471662382059737,0.0104992587325701,1.0399336626078357,2.8498465969655693,0.4834236394501906,102.30089579772849,12745159257.579872,0.0
4.91111381529118,0.0757996242581011,3.8314870875237226,0.0217990458366951,5.143927598162786,13.57377174546082,0.0999138134466026,118.80680321525452,19803904150.73571,0.0005474426617479
0.9961720326252198,0.0133114133889051,8.908813251079188,0.0024291070290364,6.251945332508542,5.682997097815025,0.5647979456451194,74.74084854153809,9937956913.063396,0.0
3.6010739010328665,0.0698059238911286,2.4699815038448305,0.0740761956664837,2.174328265629204,8.948743283840505,0.4675421412319101,115.69856500992309,10456448384.958662,0.0008550513308275
3.3190224642109354,0.0648539673229402,5.899487072159245,0.0045343509391772,6.0167865186947775,5.777283901968176,0.0263323311363312,124.66754481280688,12753425213.14071,0.0
3.761977208676255,0.0473369420631643,4.294077832024687,0.0067173827008783,5.89462857272524,4.934068398409352,0.453674998509751,121.23201670946476,9948037938.84126,0.0
2.876808413184706,0.028667764161841,2.2934826230747536,0.0134685823699683,3.455406940839716,3.0757002463750207,0.6612230819233282,124.05835840863205,13323096989.109238,0.0
2.3686613729788024,0.0339899585739561,0.6300605724892183,0.016269231132847,1.2524505836003883,4.153752388261786,0.2797446960301016,126.85094643032994,12455665654.261082,0.0
2.7325344298550043,0.0675345583472177,9.784513105118878,0.0149446896167797,3.019002825595312,7.292781704112625,0.8206471936524539,129.02068808434055,18235750428.76808,0.0
4.542235784608356,0.0675062272069346,8.16805334115732,0.0027793745837042,9.32829215288512,3.6105560748806216,0.3041139485332771,98.47169752133368,14150726472.353697,0.0
2.8754925751294387,0.0248544070886277,3.363861586376666,0.0066696561072563,7.240483674389301,3.828877328070296,0.6691864980050949,126.85101339001714,17867809142.12088,0.0
0.4430893849816989,0.0082006193148819,6.634629663780372,0.0056255715955434,0.4994818863590879,1.4142698531111395,0.6260388514301021,89.99319339524419,9035749412.904606,0.0
4.650623287766078,0.0829714169359837,8.00988017492686,0.0070427599595323,4.129942682260269,5.476257232085923,0.6928962865465083,98.51926793949268,13314996052.422253,0.0
2.8861154567359764,0.0287628543080584,2.3398537915970863,0.0129146116323291,3.4055518724210803,2.9518449229424606,0.6533204076140747,122.69915064074893,13403040093.404938,0.0
3.9996791582034255,0.0705320125349178,2.131256583508313,0.0308591655501925,7.297529310064329,2.830971200255024,0.4483813327877086,75.16253009163916,15760103070.574352,0.0010332984629302
2.798022749173513,0.0799175488394462,4.2105426757915865,0.0327610387269517,0.7780389464729168,2.8646622005214724,0.0511686895558951,117.28291320424056,12888831904.571524,0.000960809897417
3.285981824563314,0.053924175323374,0.4859831837645141,0.0202227218804363,1.2921589715396438,4.742702525193056,0.6023232251654573,123.1368665975953,10116287699.759476,0.0005504926402012
3.0370698309492368,0.078690532652637,6.576476292921658,0.0201577471399408,4.676780508165777,9.271921148603258,0.3303708573731836,93.88113776112284,14841935941.510984,0.0009394389808743
2.794205373874627,0.0173916798067647,4.0245486332549065,0.0107415995430633,7.9838168826572256,1.5496003554945474,0.1651999542590025,120.88059782121456,13133650068.272884,0.0
2.2603096818889394,0.056912653644583,1.29531285570855,0.0083932978136774,1.9175941300373571,2.649954023231708,0.430456272947967,128.26304259673444,11137336843.634724,0.0
0.5044823256669048,0.0157692461844708,8.829650687412597,0.0093407885060836,3.2037779760814704,3.367908542543604,0.7550506720787791,85.04288401190337,11375429166.051416,0.0
4.600267348978652,0.04106427453354,3.08847742186532,0.0249069743401118,7.648065209467188,10.858214555735714,0.0350938343549605,91.13578968802884,19055381241.12805,0.0013634387170278
1.825799180736266,0.0089842198692016,2.738737386977066,0.0324116328395511,2.9787177450324065,7.811331159717348,0.3513589085081892,117.68843992809975,15053713054.040873,0.0005732418038975
1.6725822063028315,0.0517852849867143,9.063707103018794,0.0259229237151431,1.949309500788174,2.110219867707645,0.8125800536356573,101.1970770582224,10708946826.858952,0.0006448334682978
4.190421730063894,0.0757532181431661,8.597341868410735,0.0036683333429548,9.13605718880262,6.107952655181811,0.1091526367218735,82.50743344248382,19210443233.471645,0.0
3.60281641634172,0.0518274427032138,9.97578140729984,0.0013141068138199,9.773960806705354,13.411380959615816,0.1174902957312624,99.46559265244544,16720525208.593723,0.0
4.650623287766078,0.0829714169359837,8.00988017492686,0.0070427599595323,4.129942682260269,5.476257232085923,0.6928962865465083,98.51926793949268,13314996052.422253,0.0
2.3019865174584138,0.0387982446984137,6.304469542244726,0.0079068168024877,2.536525054690932,5.148144687463454,0.6310653575397996,92.32446806990596,10035417330.72258,0.0
2.263564542135496,0.0569412657575074,1.304934928373731,0.0083877187813289,1.91418968365524,2.6649104455816377,0.4303091459278774,128.20145559718534,11151500707.23204,0.0
1.9080033605421491,0.0629632404271479,7.717986035775393,0.0135376736672318,4.842286431715008,1.7855937648852844,0.8143581961841213,118.446648805662,10852919013.3385,0.0
1.855707834027681,0.0920890768553494,5.93664535378127,0.0046745620119883,0.8794613057656506,4.858621169316657,0.348182454771358,126.9220902938076,10847549638.192469,0.0
1.954162381704514,0.0909268821707341,5.833258323304657,0.0060472053838376,0.9530282629525908,4.99874474782158,0.3538269992842778,127.04980176917724,10830455066.85962,0.0
4.246083987397675,0.0751625408223392,4.378895194055416,0.0328761403498102,1.4600341947222784,3.3969664025803867,0.5423236495346855,111.0481782132072,10634631561.223553,0.0009996014269039
4.705907704920883,0.0932636878220455,4.153498272059983,0.0488129911680901,9.90191562330525,6.9498453050092825,0.3300239839820388,124.34827647766772,10128696090.462952,0.0006206850222714
2.608066529072486,0.0666684397971087,6.89878585118093,0.0091758337387486,3.1088937607302025,9.177866936065223,0.4499166113761967,124.20329190632712,11740228485.574211,0.0
2.794205373874627,0.0173916798067647,4.0245486332549065,0.0107415995430633,7.9838168826572256,1.5496003554945474,0.1651999542590025,120.88059782121456,13133650068.272884,0.0
3.263009445996472,0.0749388857713524,8.435240737186717,0.0599987076984918,7.348371330420666,3.049671835627096,0.7482036704790326,67.5486396748308,9353019824.448029,0.0012793483235979
1.86413432615702,0.0721141220817624,8.590881460370307,0.0093399715432566,3.372539535096727,7.777246053781173,0.2581274674745203,122.862128514693,12050724741.810917,0.0
0.8909710241174741,0.031323396068142,7.6433187097125295,0.0205558779700235,6.024850387611676,3.607944350215022,0.2897753463596651,103.94860468318518,10600159427.731035,0.0009925379463035
2.4355039403147924,0.045365817201613,6.370436791814583,0.0109005622724531,6.414213211729574,3.937577855237251,0.3131243473628599,105.1037372158804,14273641362.82008,0.0
3.273175391340482,0.0334484707303264,1.459767570536198,0.0263813188244563,1.2734335390928746,4.452538561590668,0.6016253540011237,109.24668965350726,10228028587.579073,0.0005799143427089
2.819312746553887,0.0541330644034038,1.801173689174688,0.009628205169967,9.733047390203804,17.14386970390894,0.4545040403316557,79.94585796024222,16144925970.917845,0.0011199237874071
1.3598802417900644,0.0437067788502143,1.4924133736013068,0.0035527695223235,4.2257757044456365,2.227817561682605,0.7763167446175723,106.3726123948323,19218020579.956627,0.0
4.862074523090751,0.0778723485641565,3.527696702257197,0.0399618319367923,0.5446982325775362,8.652878899641424,0.6456013337564165,107.819769841356,12007783267.507002,0.0007898895673434
1.8220215993078517,0.0736367192674092,7.605881182887609,0.003958871298965,3.029646023354718,2.122130015682622,0.7510329296181264,111.86987397637895,15702053884.233158,0.0
2.6061342642649272,0.0195748423884925,0.1778716641649602,0.0313367445928143,4.47976317825205,17.664753688887597,0.4276112867752998,63.04792367860432,10262056903.007696,0.0014497827948114
1.0336499730252275,0.0534557596827638,3.983883217886753,0.0214335352375816,1.3358924344225351,3.7630084693052432,0.6891026958391093,126.74276993655944,11879895353.435192,0.0005847517516094
1.239825095620288,0.065795792029722,4.308450156987112,0.0135204881030882,3.3377816084182097,7.914144779699637,0.5550681494993446,129.29820148402428,10846729609.610674,0.0
2.36505014490728,0.047478277019742,4.504370334012211,0.0105038209570176,1.286766927968812,3.166395055320433,0.3722442986421619,126.0766537288362,11981932613.428185,0.0
3.28577245771425,0.0278499774065483,3.8840985173035008,0.0155185604098726,4.464351918684415,8.02935831255857,0.4305684025820948,105.66330966450758,17194298514.418068,0.0
4.935991403681172,0.0952450057774235,2.915813249702269,0.0453971787452399,2.7682754925513127,16.48325075189979,0.4668101308924368,123.26347902257751,14331724229.500526,0.0007408572434357
0.7688457110346613,0.0850644708318005,3.409212030801192,0.003573597344844,7.556066977006234,6.692105271471904,0.168228027407382,84.59706139443297,9997310831.566595,0.0
0.9227046802582034,0.0363374280955376,6.296179113955595,0.0067945145282932,1.1804640903475545,1.5736119320401003,0.7530531216829196,85.77087817465201,11539893891.665686,0.0
1.3684219193607976,0.0599023696462356,8.70391318877116,0.029300300318717,2.502387147723496,2.153057884389284,0.7227451472148393,115.75967841149416,11854074383.2767,0.0006746363233161
0.943327468661238,0.028076517260255,3.117785872797329,0.0284845651275541,9.53604717752523,3.946305702637768,0.7563993676241149,98.9016617256284,19671172628.076603,0.000589296441431
0.5459511495377881,0.0876075755800165,1.4210932852568947,0.004511567167306,0.874256503038687,6.327307503673993,0.2802809923254682,128.35297101404905,10237406407.32982,0.0
1.9188758949473723,0.0555382261971531,7.588164098129988,0.0084045327943379,8.596585021198095,15.487889473247138,0.0612747470044141,101.52271013599238,16448849649.171867,0.0
1.156583607501593,0.0865804842392132,3.0628685369380886,0.0063296212790233,7.474882509848523,7.1430963366237865,0.2115144305421946,100.96006636432604,10277034102.795254,0.0
3.6359993688707855,0.074117789226863,6.871428573284505,0.0139063035567003,4.522135098067877,6.5505645539433175,0.5106435881549465,73.56663572684032,15525352365.111246,0.0
2.602239307654368,0.0585194991275463,8.981356224861756,0.0040179138055003,9.023812656301036,7.082793419160025,0.188972518036845,89.92043980276641,15384003896.544573,0.0
3.983539290652335,0.0475067705680004,4.992938591928768,0.0200216227414412,2.427877582327934,2.801954933685096,0.6976000107451547,111.47037212458646,9877820692.83947,0.0008930586700986
0.3644278038849418,0.0204748447350219,6.349629333419448,0.0236688161063972,1.830476010486891,6.302907080824542,0.2549492141378308,118.4221931389548,11386047105.210114,0.0005909965555122
3.118050060611314,0.0312787405946724,0.9498899611297236,0.0473994399621648,8.140190163078836,7.753914775362725,0.5206943661308582,75.19376831604727,13695014006.212318,0.000922913686241
2.904808513330324,0.0558375664184748,7.30081547143078,0.0054162483742523,9.280878361773556,6.747365359381968,0.1064132430920328,82.40930293995189,13055404129.750978,0.0
4.391526575715386,0.0846223187141262,6.880237380500873,0.0164098802222565,4.500177638532708,1.3177644684853806,0.4239775778002301,116.2605353225432,15160288100.943306,0.0
3.0370698309492368,0.078690532652637,6.576476292921658,0.0201577471399408,4.676780508165777,9.271921148603258,0.3303708573731836,93.88113776112284,14841935941.510984,0.0009394389808743
1.118825061841173,0.0880620903796445,2.2852999795986544,0.0044751753743465,0.3524817586955713,1.5421815371191987,0.4047821082401094,113.88126395989228,9391602015.481688,0.0
2.3483210186135657,0.083412868493287,5.453395435557228,0.0318993847836805,5.115844992916904,4.824865161083474,0.3549199368823418,66.06178006001318,16807504869.020824,0.0014572318143821
1.868475026365172,0.0813099762426694,2.6910523450839614,0.0075201402658142,0.9618392287030474,3.7873727953297855,0.0916626827827952,91.1646502189656,13997518744.124857,0.0
2.860370164185248,0.0708271881977161,1.651309082273945,0.0105705487682316,8.82109110916295,4.886615624752548,0.2377123079844916,87.61728011714641,15568916583.569107,0.0009658090178253
4.694312217854065,0.0849193282477971,9.637655773783244,0.0283431037349113,1.2454798380992784,1.6285038765851283,0.2330410473103061,120.2058031458566,15033674990.569302,0.0006172448870134
1.0336499730252275,0.0534557596827638,3.983883217886753,0.0214335352375816,1.3358924344225351,3.7630084693052432,0.6891026958391093,126.74276993655944,11879895353.435192,0.0005847517516094
3.462248989114976,0.0129944388818371,6.596906751122716,0.0525758037889118,8.997185869073318,1.3442163105847194,0.0278412758101258,107.1301452851246,12571917786.400553,0.0009313841969045
2.8318896593886063,0.0935527379957355,1.99738114506468,0.0054106553872965,0.5654964430377903,9.752139435944365,0.3847754382853462,114.96050115670803,9239896019.775246,0.0
4.661328253831939,0.0875407952213917,4.292349435048597,0.0117042790911303,4.742421533196048,7.914254553695838,0.4299495177779081,125.15596559644536,16238494538.748083,0.0
2.549444762928934,0.0177354006942696,8.281939266994797,0.0078863534688331,4.138539787558462,16.04859639711462,0.4682559063151065,75.02572642470432,18438281937.467224,0.0
0.6397053977219771,0.0279591301444412,8.10518354215213,0.0078285953038219,3.219752428848787,2.145960036360826,0.7318530982163037,105.684810888291,11429247122.396463,0.0
4.768378814370654,0.0867982932950273,5.497407274153968,0.0540618584016268,7.419252260214344,6.140786345735415,0.378703382927302,120.59129162128497,19153351836.39228,0.0011540555117874
2.916681793233828,0.0353364989859946,5.534358198792773,0.0072311301003395,2.773961153108722,1.845484427320884,0.2893408936737489,118.17408220980845,17085098725.003843,0.0
3.2295516751629783,0.0472047627185574,6.8035368698078855,0.022701068127485,2.753337700897496,1.9653084431197212,0.550227907147972,106.24918721167336,19178673992.826416,0.000536521955738
3.028131683665181,0.0785056150190747,6.573381061343019,0.019731866140708,4.624299215294025,9.177539333401356,0.325673565634385,93.99612413842893,14839142850.757269,0.0009412861744356
2.062924030504116,0.0419685640041022,8.404951651391315,0.0051402619411508,2.57192914714577,3.0346692202407195,0.5652713438634104,123.9885904493106,13803939375.297785,0.0
3.69306803986836,0.0982770188649161,1.636068255783501,0.0231489967593986,5.593070734190904,3.6740759483776784,0.2081431168641097,121.87523835327198,13655421036.065351,0.0009480248511349
2.7340373553232022,0.0942379667560447,1.1463919767968798,0.0407756649452579,1.526309492957053,2.196145936145129,0.4540905595166249,128.82922584900302,19811213307.46365,0.0009532263617
2.8466763286254104,0.0820344225923996,8.0990873834062,0.0186675505090002,2.8581517321501058,4.243146822888168,0.6498970626730934,114.22281147991464,17759688317.315636,0.0
3.185765339325508,0.0852055913519458,7.173182868176636,0.010990554237876,2.6744444652138064,7.828574281329256,0.1964176885296944,125.93991949208996,13243303083.68341,0.0
1.1671915925260472,0.0615490525657555,7.826963134442376,0.0266102898693381,2.602255335842622,4.801353778215907,0.5659917021924461,103.94968942537614,12478315975.492142,0.0009235179580965
0.9961720326252198,0.0133114133889051,8.908813251079188,0.0024291070290364,6.251945332508542,5.682997097815025,0.5647979456451194,74.74084854153809,9937956913.063396,0.0
3.7676192618359785,0.096437840056373,9.803976112633014,0.0105751072739942,9.197325213805794,6.3197939324860135,0.2507035795572573,104.6040405981486,11470022503.806211,0.0
4.293549480091436,0.0363384128507891,0.787747905303782,0.0901373322743169,1.5666375516856452,11.549533703787397,0.097661233025605,120.24447118341274,15117015437.07404,0.0008031024182691
4.746296299483558,0.0915727059720662,3.5025896507667027,0.0042241985327505,5.6886802031208985,8.637861991346542,0.2938476450543034,119.66869373408632,11475194914.480864,0.0
3.764282196460868,0.0854360722764537,6.869501486501378,0.0199627037800258,6.654085228865121,8.616689460483585,0.3208114259590364,121.883610750403,11566740890.521473,0.0008400529827724
4.362652562998233,0.0755543834936045,9.35922171351142,0.0047221220478082,8.54944007858431,5.59148485421285,0.5164437768674315,106.2430537396396,11585013381.308172,0.0
3.6104247356564554,0.0162131961239534,7.025703201373532,0.0080048409592721,8.601710578434338,14.36058380672472,0.7930379019789824,95.76523430565476,14264532838.28237,0.0
0.6985872359352533,0.0425941068940476,9.832600202007804,0.068835070740096,3.1829773475619034,2.845135575776144,0.438612574949068,91.92550413488912,12832500403.396175,0.001014731987468
3.700690845345521,0.0431793789148241,3.995880244366595,0.0089963728717692,2.6550570036245804,1.7627765459369948,0.1742331059073197,129.6626257414824,11166534445.481833,0.0
0.3860209180081545,0.0472492586610819,5.513997727710116,0.0102185324021217,1.026638856679503,1.8609227866700564,0.0285057469495268,85.9223649523529,13742173476.77671,0.0
0.3508392587248504,0.0413272950442823,5.814683047330275,0.0083177866155129,1.003309264177075,3.4601803363234063,0.6377742932758745,112.64741803566233,9729578310.229528,0.0
3.3013875378330773,0.0350734467709095,1.5830782783763515,0.0298727794265905,1.4249992905440725,4.747197362706792,0.6086789440500303,108.23233112947378,10140808018.5585,0.0005784149171829
1.221779844980276,0.0637159122410205,4.178590951249586,0.0142476571019547,3.436591705086387,8.073766538770997,0.5524295502863191,128.5717078606114,10861909990.808878,0.0
0.1488385039800278,0.0676317470375381,3.776797920055016,0.0037153461844746,1.5635173333547994,2.972885928488312,0.1845263434817903,96.25456175930276,14842302757.729576,0.0
4.719373419417796,0.0930291048389561,6.803088316676013,0.0219937346433697,2.19475760264291,8.770932956099465,0.0560758678756715,107.1248077241992,13848347525.73543,0.0009104016952175
4.534680437131886,0.0678137665454567,8.16199660296698,0.002736756682421,9.327851313369502,3.6099433231112696,0.3042610410543935,98.4591559450159,14156399360.811396,0.0
0.9098200276028584,0.0647281510320086,4.948919610063469,0.018599879578201,2.964535572157203,9.109932398662,0.3550149017901025,102.70571725348438,12370786295.478315,0.0
3.353693202343852,0.070962715721229,8.19264812059457,0.0066182299311637,9.814156255180857,6.299892400236627,0.5917811999191495,115.25060100562683,12122006256.17189,0.0
3.869756396915319,0.0548467501561875,7.345434667915576,0.0013667522052453,9.99556049987734,7.832035944107644,0.2010102306065149,119.8231493074366,10988398448.78921,0.0
4.732573460461321,0.0919748114970401,0.9749401415549546,0.0019789984789712,9.785898988819564,9.590091476241124,0.2221918233158925,127.51533885899974,13331069473.846071,0.0006081728644746
0.7353187977079872,0.076442418397989,0.1859605076137875,0.0147854421263222,4.946761199423492,16.570045473465928,0.1864836060314042,122.11809567322764,10972815049.918304,0.0007049622705291
0.4458613462222889,0.0526167361362218,4.072766270824602,0.0508177831241447,5.876046663827857,1.7594862585987658,0.6116337645109451,115.78845440229694,9439095860.99168,0.00066817481372
4.327964863417376,0.0361294233529573,2.343665815797383,0.0152273598640869,3.8355187730264673,4.920002910905311,0.0749748112753854,126.232518040456,11782929160.673796,0.0
0.3164143977060901,0.0537887524272573,5.471662382059737,0.0104992587325701,1.0399336626078357,2.8498465969655693,0.4834236394501906,102.30089579772849,12745159257.579872,0.0
3.899883268019989,0.0961694521889539,2.8149503076524502,0.0542615736803661,0.5494686078289476,7.479352955521704,0.3025906812012214,122.81092781599976,10546579163.506378,0.0006737702245085
1.079946912496784,0.0982857439467064,0.4686519788804183,0.0295306795071969,9.232332317080449,7.841517396161726,0.4534133307020586,80.23702684437285,18254856523.39647,0.0006298975369068
0.6397053977219771,0.0279591301444412,8.10518354215213,0.0078285953038219,3.219752428848787,2.145960036360826,0.7318530982163037,105.684810888291,11429247122.396463,0.0
2.525960397033064,0.0465842549494726,4.729213145205635,0.0191916383508393,7.718175659328698,8.985010995676522,0.7900758713331344,120.08656294772447,9764368982.935938,0.0010073322842443
2.999856176714831,0.0763562971807545,3.3551085897289146,0.0385863802696007,3.971298475940935,4.302718277323875,0.095781700363209,106.93839708590828,11471677334.39142,0.0009845663341573
2.424032256522836,0.0731744984104494,6.478745901192924,0.0276899011179666,3.0234720847621523,9.26293303274132,0.215282567011634,108.01867411337948,12648464184.018076,0.0012160119629497
3.134223786465188,0.020642862459085,6.139547351922597,0.0241810577543024,1.383059354369676,4.648131620520466,0.5034221454825896,108.81704629256394,10357725450.017843,0.0007026833043397
4.436498347715372,0.0919995421067567,6.880081753606363,0.021816617691123,2.205879166646342,8.572663365035384,0.0577013192869787,108.67765071250436,13848810970.807364,0.0008772558043751
3.336545930035532,0.0858135775303328,8.625088146818138,0.0059059810441911,1.613303273234246,2.683940479676666,0.0451101815687802,118.31580575671508,13426403048.904615,0.0
3.0211018353209567,0.08829574561561,1.182875491651489,0.0053112444053051,1.6975727081815597,6.184100804513057,0.4813219732056131,127.9554263724286,12515275207.500765,0.0
0.5459511495377881,0.0876075755800165,1.4210932852568947,0.004511567167306,0.874256503038687,6.327307503673993,0.2802809923254682,128.35297101404905,10237406407.32982,0.0
3.5314149142931464,0.0937337998572018,8.818417722041659,0.0021720238106145,6.866872261030157,4.55095608352403,0.2721197694479314,96.60717889319086,17992719865.900627,0.0
1.221779844980276,0.0637159122410205,4.178590951249586,0.0142476571019547,3.436591705086387,8.073766538770997,0.5524295502863191,128.5717078606114,10861909990.808878,0.0
1.9828644254309804,0.0562205976022746,7.437142431576882,0.0090199929729138,8.601219617828503,15.866421055978307,0.0585181625020861,103.25470006306088,16456620543.345734,0.0
2.552678098904775,0.0326775150310335,9.308770382957004,0.0036022905557467,7.281882662395622,7.818241435321946,0.136049281600821,89.24935626915374,15215456667.432308,0.0
2.835725198313123,0.0646176097353398,3.6737058165802434,0.0278711940847914,9.49700217111532,7.521623186544175,0.8121199440215526,113.47326262141414,14041713110.58694,0.0008352890838961
4.243658675806269,0.0808283165030522,6.456853988212478,0.0048285860347549,8.539067243243814,8.734509831806742,0.2939945916283248,104.5145582109312,16168617054.182505,0.0
2.484274541874936,0.0960998298847229,8.952958181900119,0.0215615976672659,3.918879516343213,2.957078945374041,0.8125263587515592,106.14806662230968,13771443921.113209,0.0009769493438414
0.5221357452474252,0.0497236955338156,7.218152915842451,0.0197570631022697,8.559262711527724,7.75642536570476,0.8308156761030572,109.97869223399655,11341477576.822563,0.0007445285560394
1.8767944658724205,0.0321577771204307,0.7169508623112136,0.009526964013918,1.042096228135334,5.6897747263459255,0.5539495276404056,116.73103706041692,14931568463.751225,0.0
4.851024999756872,0.0744608828234746,6.127138408702222,0.0042493352937414,9.562972068980333,1.410264745703361,0.4322769165772717,96.04377239877354,18352587701.22052,0.0
2.608066529072486,0.0666684397971087,6.89878585118093,0.0091758337387486,3.1088937607302025,9.177866936065223,0.4499166113761967,124.20329190632712,11740228485.574211,0.0
4.486938946731999,0.0296938952154083,6.93467549358444,0.0022773620487306,8.357605401639198,3.523170665396991,0.3319360954340711,91.95421024277492,9078734809.429354,0.0
4.200869649969616,0.0789148484029729,5.582361934312666,0.0051097209348012,7.195974547399351,2.0726912655208247,0.390643149699183,114.96613222143274,18366655150.90052,0.0
4.637214410228955,0.0818054936154303,7.793453697781048,0.0204315439915134,2.053081149097166,8.742883181273099,0.434264058067158,90.22914383515642,15777110012.760868,0.0008606200704532
1.8542440628116037,0.0733147365851498,7.896264599635148,0.007001017150595,6.777960859996418,15.20292239729834,0.2066874350545465,109.93197636672004,15807239904.185484,0.0
3.929960395529679,0.0205258971963156,3.23676059424226,0.0062070084407838,4.114801805843038,2.510920845289257,0.4943893221448379,99.24446083612162,9593960399.827282,0.0
0.1792132247421544,0.0670867300188329,8.794895478904762,0.0564160369732095,7.873075597304614,4.414188801037153,0.0359598713364177,114.682094584283,14446644451.623638,0.0006112238167009
0.2316243549930047,0.0717669380080867,8.207039983148281,0.0097287964082516,2.4214233162803134,3.028112717901957,0.513944710695519,91.01672512155324,13731198010.209051,0.0
3.609497687298636,0.0167736017235935,4.759884303858743,0.0039197373003757,4.309289912686688,13.325557471709928,0.6311682135483454,101.5940564136669,15323473981.65598,0.0
2.540325972413521,0.0218064800623757,9.173125054745642,0.0177323621290606,4.862660957984922,19.556288085857386,0.4612131732328864,109.98108424224807,18964827917.984188,0.0
1.0607336874272857,0.0981462937207589,5.448299582732394,0.0243262003933081,5.580856140987557,2.121693241667978,0.7838620496745943,107.04063159856818,18302386803.02094,0.0007946238751157
4.544560926551564,0.0610947529468941,1.3915538947132733,0.0314592953610878,1.815041801501155,2.101970886073562,0.5691687564298421,63.53238737012253,10936347090.899208,0.0008482184455267
3.028587667057544,0.0691524683882647,0.7813733042753701,0.0327828398109711,6.2467063359131725,3.770785587748336,0.3109281977708481,80.68431849223,13273572923.264292,0.0007191352342804
2.5797619373899865,0.072208928359617,9.81387467997268,0.0178417035809894,7.876450718828186,9.60629236286244,0.1404875456427833,124.94273057509758,9837842533.7577,0.0
2.24190152533154,0.0605427229510999,9.4317623394941,0.0039327929846056,6.4682331208280335,8.288297525727094,0.0861294551357472,97.5753822102775,19031584694.04192,0.0
1.7744148881345152,0.060956775350705,2.548320693536952,0.0170708581134879,5.779048725112181,3.1198491421942647,0.444678250814652,123.30048263832616,10261682546.292065,0.0
0.8253197603999659,0.0400053534270638,7.155219926237773,0.0127134127131631,3.067664694683549,4.925240990778714,0.7294204817386388,83.75954424630302,10291431721.882168,0.0
3.259040260668007,0.0108769814578998,2.286752988162365,0.0183959721574098,0.6641711130341527,9.547198617269377,0.6333148393003194,122.03303393242425,9040589734.057882,0.0
1.156583607501593,0.0865804842392132,3.0628685369380886,0.0063296212790233,7.474882509848523,7.1430963366237865,0.2115144305421946,100.96006636432604,10277034102.795254,0.0
2.323255076511406,0.0725047569516405,8.999504908780686,0.0098322545864355,4.092630076591166,5.3508761701571625,0.5305751612954064,122.12419899412724,19782986654.139183,0.0
0.2656667423368496,0.0533110590413114,4.380917315578107,0.0291955856598534,2.538663665289837,4.886827049812919,0.644607056676925,129.25008467314524,9336057009.498257,0.0005762230794195
3.366887687460303,0.0341002461714191,9.486638640204184,0.0057742411655146,3.790757962018079,7.549028338428211,0.1476944334140648,101.258673443025,15367467061.287651,0.0
3.487611405040853,0.0641250928459062,8.941302103009551,0.0068814616307171,4.691302708357699,6.332260334671427,0.1101169416701652,114.62593341321087,14637323380.174095,0.0
0.3868671883245338,0.0975512748291103,5.005237480477335,0.0242750341712687,0.687771677334887,8.246464994813287,0.0176726549522818,128.58453606557,11391094825.722963,0.0006638777845533
3.652086989718725,0.0642003483570118,3.50730838448286,0.0013645125406591,8.123791709518258,9.308515466505222,0.1782592241551635,105.20739328321588,12871074317.392092,0.0
1.8906704147614315,0.0228011736987102,9.103834549496492,0.00959285388954,9.277927706617524,3.377042717194054,0.5799822235516359,118.45002625583436,10523813592.917322,0.0
1.104276712657758,0.0896766106522866,2.303030562053135,0.0050238121835643,0.4966621378217776,1.723700601418031,0.3888222705751586,115.4800225383538,9212230574.288822,0.0
2.4967708875013592,0.0960863818842628,5.803274415999116,0.0264928186701241,1.87682584999664,4.226541123287553,0.1838564275168621,84.63421243462984,10961983640.195404,0.0010072232107288
4.9936087379554746,0.0354540760947694,4.848701751682987,0.0233362897720434,5.412236794421623,12.74986691550582,0.0473041661487723,90.47288479052028,17847335105.89061,0.0013984218254958
1.777066471037152,0.0311401310755545,7.539599026676125,0.012918859351659,3.7675680086698464,6.451414385313609,0.6790012290135049,81.71186894283166,10539439662.31736,0.0
1.805284496985156,0.0385541430834753,0.4161778006694078,0.0171913998926702,3.5835228794928207,1.8844949638622583,0.6833339941159426,110.36207711162744,10570901631.909632,0.0007910253828459
1.6426459629457524,0.0774677980753399,7.908733385586109,0.0248900957424762,7.313985477730634,3.80428970576331,0.3233414180020012,124.56752440163764,19467465906.617733,0.0005838624406705
1.701495630706648,0.0573349585492393,4.004601370599773,0.0262862045793663,5.153257414618204,14.133405246751511,0.7352208047860935,115.01884618763177,14691846592.800848,0.0009324002963687
0.5172911384612853,0.0401651577911077,7.124980309144702,0.0157937901443517,0.5092810177026771,1.855005566866782,0.7431392776790186,107.25938273194896,10919893329.40643,0.0
4.070539065833549,0.0578527686274023,5.030489541408871,0.0222574126421903,9.66573945319485,10.932848901651392,0.442378231347966,91.16054042381931,17311829423.668083,0.0010902071713972
2.4516123652991864,0.0626570954075009,7.771011989548521,0.0289036765537504,3.287143033428387,2.167196125069812,0.5299676240852199,64.8503888374584,10953814250.98002,0.0013130829682618
4.5239013186792745,0.056575777907265,2.510692647870389,0.0139154689062525,7.363453915812807,6.409832159121663,0.2311487898020735,86.0829453772675,19226262231.328407,0.0
3.843777185426602,0.097766789308051,4.887863270400443,0.0024399748681572,4.307367886099647,8.710500448041456,0.1572804428963014,126.70463689124196,13770484501.312193,0.0
4.929552515267936,0.0623990992221709,6.560768033669247,0.005595440238044,7.609843842054298,6.497833697521217,0.1573175034916628,84.08633402764488,16278262405.676022,0.0
3.67426054044745,0.0781573529471544,1.4142584178031812,0.0085040955461481,1.8036513804274303,4.382464816974569,0.2866738262725271,122.04662716793976,10478342171.551376,0.0
2.0917201440940656,0.0702948119348726,2.8980744266131384,0.0024327916537302,5.873193331043883,7.993885412783547,0.5196369273756516,123.8640540273523,14680811428.150784,0.0
1.2592416779763729,0.0824232387527055,1.9533746077197056,0.0145509871091697,3.617544936586597,2.9914655422373384,0.3124938211056731,105.20704953931272,11876393976.81004,0.0
0.3738246316907435,0.0977768460520321,5.01046822914036,0.0242517356278675,0.6834456934720542,8.225177344124074,0.0180034357688587,128.71448579178764,11393526009.744955,0.0006631313607014
2.958060895480904,0.0271645592734736,8.841163168792487,0.0214325556747571,3.7627434163086337,7.102031029783394,0.142046786600272,122.25003989381682,16530513206.159376,0.0005501569013486
3.6540434296516167,0.0159337909734362,7.026668229061211,0.0081188643065206,8.734654574446571,14.211411415116062,0.7857979105415019,94.8520736159844,14254951465.551258,0.0
2.859020652194788,0.0794958648696348,6.908686853520964,0.0222284945526343,8.585173579454604,1.7678023982752813,0.7377414752480229,125.60063436769016,18294070333.49577,0.0012944465772542
2.9900078634277865,0.049852501527235,9.538855162713553,0.0512564438985028,7.838365485235536,4.878659273609443,0.3095046623169678,62.241068429577865,10455403984.856014,0.0014281572429503
2.985971460349554,0.0241613037725997,3.939513793003199,0.0631763232331531,1.3059428640306847,7.197958038646585,0.690697208281397,62.93280087502396,10254571269.045551,0.0014655848110281
0.5011589181344926,0.0732215266701602,5.513291702983961,0.0076223031744778,2.479770155398646,5.845798081176521,0.3713329089544409,127.3928426149091,16565329713.973412,0.0
1.5396539215229326,0.0399310073084705,1.1736504618053658,0.0494089975927412,2.4081015299985515,2.9096885794534058,0.628863738434841,114.01726919371384,10550905013.114431,0.0008296247361817
1.305154784010775,0.0189773190412469,3.81623841168279,0.0075368288928007,6.134427407237193,5.560552275687706,0.1895626047043159,110.22871886193332,10734856406.809006,0.0
2.3095707276785005,0.0672955047732382,8.933285581092184,0.0552835537858677,1.5236848442905833,2.4791713919283787,0.3381470192416017,89.07313767870795,11080233090.660872,0.0010401016746996
3.1646881566158096,0.0298566178128244,8.168374421754262,0.0085249749432814,7.6092724790561395,8.289304886029166,0.6027080650851189,74.1898953639506,14276572035.85656,0.0
4.014954879810766,0.0374093051080697,6.469691991980824,0.0104536905078534,7.143406974901104,5.527121548976881,0.222068125133203,123.54679855837128,12309148064.426912,0.0
4.68323147839107,0.0835668995147259,8.724619395340584,0.0044467879453388,6.387285969826372,4.481901220777338,0.1326637231537812,86.11738570278533,13449719365.976496,0.0
3.55574993357676,0.0993752505758468,4.007441252051766,0.0086207825504042,8.666399984317412,2.188877291177713,0.4155715666098982,127.800724044479,15592879458.028782,0.0
1.563853621169409,0.0538678611345775,7.658634198861567,0.069886766335363,9.137534502158529,3.7819074415626233,0.2376290679811795,99.79831897282598,13691671353.78778,0.0005991575427216
1.485227401707505,0.017698073620962,8.652613879235975,0.0121785124211464,2.9089265918939207,5.615942591058592,0.74092820083527,106.51189844568292,10718293552.696173,0.0
1.459102459392477,0.0391927797570633,1.321075823417298,0.049030951080168,2.511596634824939,2.728487153960081,0.646410200204075,116.37409625050655,10436253440.35949,0.000806568000051
3.821847569591789,0.0289377886415997,2.2818433047809,0.0090281894578832,4.626765098486674,4.919073812151774,0.1544506315409534,121.64524110767432,11353595897.347103,0.0
1.6792449935016276,0.0695831003102681,2.4449701855872266,0.0307914173797993,6.161459625746629,3.7600069200818265,0.3146174168296742,78.64707805779784,13301462316.464493,0.0007218994119336
2.529499468081923,0.0791117103487514,3.66413674051437,0.0805476254154755,5.795549842771949,1.8562679906084247,0.5683405126206759,77.57387148657409,16376688442.02032,0.0005753879508071
0.943327468661238,0.028076517260255,3.117785872797329,0.0284845651275541,9.53604717752523,3.946305702637768,0.7563993676241149,98.9016617256284,19671172628.076603,0.000589296441431
4.840935966969096,0.0915149416095659,7.868340446120311,0.015204677272793,6.701938504661797,5.214557568750825,0.0793415344060857,121.7296555974109,11606804845.28034,0.0
1.104276712657758,0.0896766106522866,2.303030562053135,0.0050238121835643,0.4966621378217776,1.723700601418031,0.3888222705751586,115.4800225383538,9212230574.288822,0.0
1.4019649503669211,0.0381853343600365,3.5230493691546045,0.0130917934687313,3.4652445780268253,2.7109994278357803,0.8323297758199355,128.90627485771446,11952840232.848104,0.0
4.390222304714295,0.0484439444173672,9.71432450069947,0.0036725206220652,7.815045431166818,14.61408326054432,0.728306138135682,101.91321640741396,17530775782.717896,0.0
2.3554633281231765,0.0546653943111332,9.1743730118045,0.0183049976579409,5.131613706233973,5.519434842786731,0.7966729788151973,124.37758766035968,11716140576.071363,0.0
3.757671730788376,0.073340138203015,3.2099660939071226,0.015611429888251,2.2448415731069304,6.35764109629372,0.1369741037964928,129.91575721774367,13529281557.752018,0.0
3.60281641634172,0.0518274427032138,9.97578140729984,0.0013141068138199,9.773960806705354,13.411380959615816,0.1174902957312624,99.46559265244544,16720525208.593723,0.0
4.368604919468988,0.0870867461498811,2.5108427302366234,0.0127101683044731,6.277865439034311,3.593378800571969,0.1525501639989872,126.09197569852144,10135496309.649654,0.0
4.271523372998549,0.0802038199163141,2.4966895483843525,0.0098353041449687,5.307148929197355,9.346095958833931,0.0966468680587084,117.46941040644928,12626589926.842413,0.0
0.8165939359092957,0.0569881514410787,0.7114647023216526,0.0758902424438627,3.742304113308065,4.173442955194383,0.0474945199844254,68.57803233288591,11066168844.5969,0.0013553162084126
2.3554633281231765,0.0546653943111332,9.1743730118045,0.0183049976579409,5.131613706233973,5.519434842786731,0.7966729788151973,124.37758766035968,11716140576.071363,0.0
4.82276560342091,0.0904013349905572,3.4043498555090936,0.0030837040627823,2.143594693181782,7.436704963899691,0.2491111247938706,119.7493083215827,12556126073.437893,0.0
1.498214970410854,0.0220929893807952,7.445502024864195,0.0413544313797472,5.798274030411537,3.526224522652642,0.2986813733029843,128.16107240656115,9330029082.970287,0.0005865181193104
0.8930485882066042,0.0098896608472752,6.621390317550945,0.0968515230778836,3.819197879884698,7.4670120827365905,0.5770890946732068,79.10935537714484,14707270720.40778,0.0009030926632013
3.345505236865308,0.0355527753576913,2.663435218260049,0.0413924770071038,9.201373272732626,5.392371206656611,0.1503532981919356,87.71455847718377,10462379140.491436,0.0010121120608034
3.737005717249069,0.0270605043219979,2.165631399691517,0.0082607862421339,4.657478335971421,4.962286830634022,0.1617165983600841,121.76293590462546,11346237918.752298,0.0
4.014954879810766,0.0374093051080697,6.469691991980824,0.0104536905078534,7.143406974901104,5.527121548976881,0.222068125133203,123.54679855837128,12309148064.426912,0.0
0.7030844214362516,0.0345248555564027,4.773877810197922,0.0102529582853907,1.8649800337045568,1.3818163391088234,0.6307992422445844,126.14951758752522,10230592814.009502,0.0
3.259040260668007,0.0108769814578998,2.286752988162365,0.0183959721574098,0.6641711130341527,9.547198617269377,0.6333148393003194,122.03303393242425,9040589734.057882,0.0
4.868429521577139,0.0742411676348035,6.123093445754916,0.0043064036458526,9.518790867867164,1.3954517202422618,0.4345680882571537,95.93131192295888,18361993204.053604,0.0
1.6406480306205524,0.097363883272195,2.0126164118157552,0.0339843107008768,9.027931564344282,1.4747195331891787,0.4057127243844223,90.36222121718616,14538035883.505487,0.00100787738099
4.133711955043808,0.0832971861825884,3.480520457547199,0.0163356450371628,5.772785213557846,9.09439217647148,0.2601577594226702,126.89595395936009,14921827199.2089,0.0
4.961906965730424,0.0873596888460044,8.5133191171925,0.0337419056891235,4.054417406070978,13.533288941386816,0.512664737757054,93.41436536316104,16050540096.484648,0.0005544849100891
3.4204914260140016,0.060170748375141,0.4010105758127892,0.0062390661569337,3.271195931074147,14.60047838576577,0.534785090467937,106.40726754856092,11903003604.690664,0.0007282588813126
3.746465637272879,0.0861699332667664,6.937891689711358,0.0086613995762164,3.001751664212815,12.53587490786108,0.3659424271321954,109.19269030921718,18566577422.16317,0.0
2.2861136466889245,0.0608205602751974,5.65308879460865,0.0022608942982295,6.288353188124621,8.468355467635398,0.0733280025533274,98.01145051306564,16085819037.873726,0.0
2.3751755301981823,0.0741561952867797,6.588815365780998,0.0275150565292441,3.303789350945436,9.015887243749496,0.2095506670252576,107.8518366711767,12880972334.887526,0.001288820564251
0.348890818061607,0.0971164838445901,8.982140647343213,0.0280980276561444,9.053600389876284,5.457517400132429,0.5201801304079718,91.76675675813529,10363874112.6032,0.0013878832142523
3.432921756686374,0.0967342663629876,2.707651367171167,0.0082464909226857,3.859638385246336,5.554559849389736,0.3065282768868603,125.07581900617268,9373170458.327986,0.0
2.5422791663793816,0.0851582990106314,9.55854583814034,0.0215012724830492,2.231508880014764,8.698309810283845,0.8458301433189247,125.56721741625866,18528876614.039787,0.0011038164802386
1.5883904457066202,0.0688608646534652,7.384157034083944,0.0131441603837357,0.977147102469843,4.889293083603355,0.6876219654477511,118.6452764472173,12392173424.970634,0.0
4.457008043895397,0.099753871389606,4.166184125999037,0.0553094372576587,5.229870122253207,1.1297169755453251,0.444135393379541,111.91584084735452,19367783939.07854,0.0009698425763738
0.3508392587248504,0.0413272950442823,5.814683047330275,0.0083177866155129,1.003309264177075,3.4601803363234063,0.6377742932758745,112.64741803566233,9729578310.229528,0.0
1.0131381793554757,0.0572351894125788,3.811156627385525,0.040727518914402,2.5739076615130707,7.874465881717469,0.5006241643402575,116.56404855945578,13170253067.038176,0.0008400720524891
1.8934468103002629,0.0897734149879177,5.962020294673112,0.0077032406548968,1.0322569730002695,4.967747808243404,0.3405532761978962,127.17063638639988,10849689319.109632,0.0
4.599203564499705,0.0964963764138874,5.902246172602945,0.0108725007355454,7.409013558572896,3.427324396455585,0.0950440774904828,121.84498450477072,9467382583.372791,0.0
4.346820630509614,0.0813754618833085,3.1277473436077243,0.0173878050499299,4.282117380812029,9.362273898892406,0.2930524228810326,120.35632165103226,14721867876.870407,0.0
2.8109280603753786,0.0525778801463758,5.018436451190124,0.0091530994865727,9.380804508825747,2.453984343385855,0.2993278138097723,110.27449466645314,11413599114.158085,0.0
0.9161866612042274,0.0971438699249425,6.392928663864642,0.0538787453644098,1.9399864238534672,7.399645388697298,0.5339899270964034,129.09991067568046,11676307386.650782,0.0005299626044158
3.076495693264812,0.0862652172524638,8.044599772549663,0.0141990256386482,4.026510977366206,4.344918077926391,0.632376055922764,122.43274273353715,17846134921.204144,0.0
2.053340930211615,0.0171378998793404,8.168381619275847,0.0233728710761818,5.263205602011045,6.582501976060122,0.4991175288724175,87.19002994135109,10368920854.376616,0.0006237028254962
3.8374273149583344,0.0409216416278327,9.118511507983577,0.0839159417551527,9.471300089820302,15.90790246648522,0.7965718702110194,69.71985598647424,10650482060.656956,0.0014360857511147
1.3821697770191674,0.0073131218997676,7.826276205681672,0.0654490117565929,5.458311640523991,2.77728599837144,0.5450202598515306,84.24247298279694,19658284260.316025,0.0012881132739563
1.8767944658724205,0.0321577771204307,0.7169508623112136,0.009526964013918,1.042096228135334,5.6897747263459255,0.5539495276404056,116.73103706041692,14931568463.751225,0.0
4.534680437131886,0.0678137665454567,8.16199660296698,0.002736756682421,9.327851313369502,3.6099433231112696,0.3042610410543935,98.4591559450159,14156399360.811396,0.0
1.7744148881345152,0.060956775350705,2.548320693536952,0.0170708581134879,5.779048725112181,3.1198491421942647,0.444678250814652,123.30048263832616,10261682546.292065,0.0
2.2047163311915368,0.0616862801244963,7.520909755800976,0.0025155272951629,1.103565375628746,3.9728118828360857,0.6538946374544616,116.95749188135676,14295079375.539291,0.0
4.967933338713348,0.0617066006338467,2.5358157291426715,0.0265738134409593,8.240713626235706,5.167083146722885,0.475190795216322,119.56384884570136,18362111832.870148,0.001085143483514
3.610143035480668,0.0161084999526095,7.03285554661395,0.0078572088072927,8.577441636905839,14.357929338218904,0.793376083973959,95.88288653347362,14279287951.10155,0.0
0.7688457110346613,0.0850644708318005,3.409212030801192,0.003573597344844,7.556066977006234,6.692105271471904,0.168228027407382,84.59706139443297,9997310831.566595,0.0
2.1681476444667127,0.0767646147764696,1.0083394432742423,0.0228943229707223,6.631622335660723,3.7613758213371926,0.4099120297728593,123.7154182012378,11409035745.400286,0.0005198703484046
3.764771187356769,0.0935579850813555,3.022639340003123,0.0046420763145516,5.731583519054619,9.628687907063362,0.1434294545277583,120.64493061022856,12758242025.694384,0.0
2.9812380327326578,0.092550579631633,4.370914787541339,0.0055027213860897,8.92203664699056,4.067410151284896,0.1503197949025026,123.65678063263547,10211678095.824553,0.0
0.4165524695404378,0.0596100499762024,8.668536265815497,0.0407289171408491,3.475552376173771,1.084975777752758,0.4846557784536716,98.40734433764192,10548699581.049473,0.0007861325052568
0.3242287308308152,0.0946027146334668,2.225755824254253,0.0179676994434637,3.362295310359297,8.47836592231232,0.1506826069810691,126.42358656194844,11217975224.66756,0.0
3.953966620154962,0.0362145310670772,4.920399230185554,0.0115737224727434,8.36772669488146,17.77228503306479,0.0319226653696211,73.40639866099471,18791789276.573368,0.0
2.259372768209259,0.0892871105159523,9.95798600063723,0.0155150683285538,4.183191632936139,11.866828962561186,0.4852185863200842,116.4793389885628,15252200557.814592,0.0
1.7333722048383673,0.0661928197064985,2.759327333621012,0.0310050329942351,5.106367100532979,4.120603849874117,0.4294191882896093,65.62819860805047,16983190553.306866,0.0006871068584219
2.6119870805246705,0.0389935034422903,3.684709926780652,0.0543415851810762,0.5959150157072014,11.775385702248276,0.1289231241553249,90.34316637793466,11470765391.70853,0.0006130960968981
2.957131865685806,0.0818746852143031,7.972554407486811,0.0148004866552237,3.730981421540814,4.237539590607979,0.6323932754503,121.79491302370592,17957026862.414158,0.0
1.1671915925260472,0.0615490525657555,7.826963134442376,0.0266102898693381,2.602255335842622,4.801353778215907,0.5659917021924461,103.94968942537614,12478315975.492142,0.0009235179580965
2.6929501468336974,0.0727128352176441,5.749770821158792,0.0099254735995544,3.560031556681877,2.7433514172115605,0.2574383543335508,113.48010779967306,13207013521.723806,0.0
1.564285760135396,0.0631953555888013,7.125511725565407,0.0466817362968878,3.296618324124976,2.493140962959522,0.7126438399632345,93.8354935017196,10183723380.608034,0.001024932106123
3.983539290652335,0.0475067705680004,4.992938591928768,0.0200216227414412,2.427877582327934,2.801954933685096,0.6976000107451547,111.47037212458646,9877820692.83947,0.0008930586700986
3.04039263919692,0.0598885918588909,3.3557874540471437,0.0400243819524652,8.12385343012325,1.909208189220024,0.5520816826589444,87.67561596563398,14443608663.345482,0.0005084249255628
2.0819963906673773,0.0407917299694781,6.663749378553696,0.084225054884398,3.085876232753596,1.1529919522764231,0.8218283576043783,84.97368184028731,12844195522.598362,0.0011844404228319
0.359725440466722,0.077769522006951,5.35914506909859,0.020435239233729,1.3755564215823073,7.729444459160889,0.2287004097610951,119.595298313215,10765685992.10615,0.0012559762110316
2.3742299066788743,0.0386600535794143,6.292325404481402,0.0068681930967256,2.4839137824608306,5.252574219242353,0.6293064751554909,92.18183495875309,10033767396.987656,0.0
3.059625187714499,0.08902170537427,9.235700702703994,0.0421244228032385,1.9729415728182864,6.271631101267813,0.823261646157759,71.35493558819914,13689751179.728872,0.0011364384291453
2.298836081767872,0.0388334342061669,6.308336209847086,0.0085591983769264,2.5134925504616223,5.145470093767462,0.6284758576210691,92.36248534581252,10047643276.822338,0.0
3.339120385673022,0.0624673842026329,5.992993457957954,0.0070366929998797,6.067138365582332,5.698078826408846,0.0327002301765116,124.94622310218432,12416585651.840729,0.0
4.45684248781241,0.0415075651506169,9.63708520720101,0.0971907970693563,4.626329869797729,13.77992534848218,0.4206735631650881,128.45430196621206,14390794853.809055,0.0012603780921678
2.146767873768108,0.0885581316621466,9.995319616990315,0.0142633657715823,4.23385115890507,12.051805578684476,0.4862828807211881,115.79250311304092,15195610264.678722,0.0
4.575228798911327,0.0847451170986697,9.232948220117134,0.0068200929271819,9.832898836996833,5.653999682713041,0.5147677303010862,102.63395246807998,11446786859.174105,0.0
3.4446771789930493,0.0953108501451262,3.780738948186965,0.0087334070799347,8.155913924110362,2.224799586974497,0.3408695578800939,123.60689433779343,15947446079.296412,0.0
2.3338873576341337,0.068624150518965,8.819514999717798,0.014282811176205,9.597329918104936,6.449103280938751,0.0245503334498315,110.93177970684958,13202617044.4729,0.0
2.2047163311915368,0.0616862801244963,7.520909755800976,0.0025155272951629,1.103565375628746,3.9728118828360857,0.6538946374544616,116.95749188135676,14295079375.539291,0.0
3.340652496091055,0.0657459468847738,1.928771149372872,0.0826944064786333,1.7895503543548903,2.2832368479871272,0.3661642928810604,79.70357601395365,14797191583.830149,0.0009248134957429
3.1864825908443777,0.0423935906530656,3.248540197389052,0.0045988239098643,5.936135395326788,5.099258145490805,0.3330733976790914,114.28063530337424,9672770323.89273,0.0
2.837252994817896,0.0646174976048968,3.6758402952463305,0.0278488500070105,9.493920947579303,7.517215104327113,0.8120968712160823,113.46482689193309,14044434671.002071,0.0008355732859653
2.475150153651025,0.0790576322016148,6.799525091806125,0.0411149406874235,3.3614250635779905,7.948410516505948,0.4134892142380907,93.2995195120255,13644333330.415451,0.0010120376571389
0.5221357452474252,0.0497236955338156,7.218152915842451,0.0197570631022697,8.559262711527724,7.75642536570476,0.8308156761030572,109.97869223399655,11341477576.822563,0.0007445285560394
1.219062615261601,0.0696503660058599,1.1778473012741928,0.002889036036577,3.189952107087684,4.648709955480592,0.3660920920968804,119.72446695147448,11382427027.75199,0.0
2.986635902521084,0.0242290795717445,3.956780621741176,0.0631028019704515,1.3004831235467096,7.222507464107501,0.6897235228445562,62.88224793022109,10252555210.709171,0.0014653367984343
2.1725944711027783,0.0890066869347826,9.994852135937077,0.0164579100948462,3.931182784946624,11.680195745720194,0.4834758408642242,118.00526670477151,15339231792.261578,0.0
3.687217841566652,0.089556311136837,2.346454830874492,0.0062997006154277,4.592002068917942,9.402171597169358,0.056594390255007,127.00556028011783,15321241711.99502,0.0
1.845497450200969,0.0746811855105592,5.82048722902951,0.0305346897355045,1.0653718343412395,4.607143802489167,0.5411262156481285,121.31087550715296,10083011110.320831,0.0008981510979136
2.8366774606796468,0.0545637160312511,2.6663853025066757,0.0020262864976132,2.123796200757968,10.929369781477956,0.2011868370371301,122.63119911066462,9430526736.65451,0.0
2.5676701573741183,0.0172879926061065,8.26652389071957,0.0075588514115608,4.475187317251466,16.063975334662928,0.4669259900523899,75.03240094962044,18227468035.258347,0.0
3.502936558884494,0.075764750300793,0.3014912090828009,0.0122996129025396,0.620818553145805,1.321319404130235,0.564272485646699,105.55598460407911,10580593782.044085,0.0
4.99253647365016,0.0522268540379906,6.712515185106194,0.0016277723222972,7.361138535764773,19.633059253986413,0.3633331053786324,101.62092196573252,15375433434.339417,0.0
3.667811178929017,0.0734457190439245,6.876876154266854,0.0113679586482662,3.2262257910218657,6.721460028640843,0.2692739361556388,127.97160086009356,12787609493.170042,0.0
2.7271429238965657,0.0669536420124114,3.7124359076582327,0.0274016886625655,1.1292562491955231,6.925598517899129,0.5294933616464094,118.57322633518136,11097373911.24552,0.0008194317655166
3.9823128281213993,0.0303650395617598,9.329723105298289,0.0158978526380731,2.079618185412368,3.172180637280772,0.1684894142935473,99.55314473474732,12942221520.68377,0.0
0.4955586178357251,0.0731377167045729,5.523617961446806,0.0076398650549984,2.465994968482404,5.839607617418423,0.3715086731285652,127.31512371066198,16550654165.879374,0.0
1.854478255963692,0.0920951393745021,5.936380393296719,0.0046135015870379,0.8813328682248162,4.864129880275394,0.3480732265421474,126.91532854602988,10848137376.855831,0.0
1.3628389616063612,0.0627254092796888,6.212051001637361,0.0037857754089842,5.66526051239134,5.455264129022109,0.1664652344884818,111.39326698207468,10711501395.46785,0.0
0.1995168783452564,0.0082094147576846,4.752887096973626,0.0048113433767011,0.5834791676265599,1.9008091336272437,0.6563935361760523,118.9970874730992,10134754365.714178,0.0
4.368604919468988,0.0870867461498811,2.5108427302366234,0.0127101683044731,6.277865439034311,3.593378800571969,0.1525501639989872,126.09197569852144,10135496309.649654,0.0
3.9199882396573673,0.084757135344019,3.05105703656608,0.0404384312000935,2.3580300330020263,1.961773411684661,0.5298238533177352,124.7577058002854,12979031260.764605,0.0007467058244937
0.8493942134382924,0.0707259813226309,2.090539883265634,0.0207997840908977,2.4596198156850675,1.2974633412499033,0.4458501399137385,70.91061727314131,12491915140.838192,0.0008019007734688
1.2597791021963043,0.0824166389899396,1.9559307003134865,0.0145326076624049,3.617138247114657,2.995707237280637,0.3126001019062536,105.20460662280846,11876908311.152847,0.0
1.775307201447854,0.0608458631917948,2.5483057669578617,0.0170465959637111,5.777310880594896,3.17928446353126,0.4461513546604982,123.23483846081768,10291340896.930777,0.0
1.4663147401385346,0.0716617724974101,4.131070182609881,0.0074090631953338,5.62882041343,6.61143470913461,0.398691379146246,114.27756376943805,9631761560.767464,0.0
3.095145137899449,0.0514746244974319,3.675441741620925,0.0395886717987904,8.487273535405592,1.2718312546770107,0.0850945397661144,105.9420922703584,11561354336.922377,0.0009436050453544
1.797859647377022,0.0227698032453902,6.379129440190671,0.0038114736104896,5.240244865530634,6.746089619636606,0.8218001707858791,86.08141847673416,12173101528.13794,0.0
0.3653058893562057,0.0978932849792107,5.016258342273757,0.0242043175027932,0.682383941358191,8.239748489006045,0.0177497068065382,128.65989791645458,11368630938.447004,0.0006681351939152
1.9358672212161792,0.0567308048121018,2.857372627580015,0.0030322248155055,9.90979407039146,12.448998602669157,0.2215672605814423,99.71022937425109,12564103967.361084,0.0
4.637214410228955,0.0818054936154303,7.793453697781048,0.0204315439915134,2.053081149097166,8.742883181273099,0.434264058067158,90.22914383515642,15777110012.760868,0.0008606200704532
1.7236910099272809,0.0641597132577941,7.226326242445347,0.0157172201078895,9.953677609447023,18.460710554953334,0.6993270689878046,71.6073373707282,19125332622.035744,0.0
0.3164143977060901,0.0537887524272573,5.471662382059737,0.0104992587325701,1.0399336626078357,2.8498465969655693,0.4834236394501906,102.30089579772849,12745159257.579872,0.0
4.559808401521495,0.0920077616501127,3.3703807562785397,0.0034272261208304,6.693400815844901,17.3178248502928,0.112802869132493,97.99049358816792,15432914116.303185,0.0
4.420383256639434,0.0928763296865299,8.38269395985269,0.0145611149559774,8.292086870545424,1.5100989017325577,0.6162916272081038,97.56497076339872,10593145618.72861,0.0
4.154387179594491,0.0801290991373057,5.877514203327814,0.0137143224432751,2.2947109891552446,8.794773786819237,0.0925638133515185,125.48261907058328,12885619767.202358,0.0
2.484274541874936,0.0960998298847229,8.952958181900119,0.0215615976672659,3.918879516343213,2.957078945374041,0.8125263587515592,106.14806662230968,13771443921.113209,0.0009769493438414
2.007146982298876,0.0260951021048724,4.129502461281743,0.0633834333285607,1.2854692061146578,7.152634727155512,0.7042609063188537,62.836055633168485,10407694843.329632,0.0013787338853421
1.210689600467028,0.0321334600041331,1.4021472397096275,0.0211340891981284,0.225027270298382,6.422950243517022,0.5361868730077729,111.85499595452774,15805036449.618277,0.0005439507703196
0.3439455962597012,0.0314190008915874,2.9765415867197733,0.034946941664082,7.229726520165814,1.003880244168358,0.6805098883817804,107.70386337425464,19268578702.923584,0.0010054044402907
4.700942468402882,0.0260785436869662,4.034215681287772,0.0232803269162302,5.4307882996400565,15.64947890112748,0.2851190637457552,89.95355324093164,16436513596.0766,0.0005705255390998
2.7979839083263074,0.0354602084735216,4.274051060902502,0.0840320590865309,2.699244252435362,1.6243413850829225,0.2385916957228509,83.18824212219903,16147526574.863577,0.0008301784016022
1.2718790846967574,0.083473832438553,7.891007499482701,0.0138609388546383,2.039251183344549,6.406441904315187,0.7727975292101041,114.26375973490312,11202298691.393114,0.0
0.3952173847383314,0.0542657283405721,5.4636837703481165,0.0102482086924079,1.3940868711317915,2.879419894160568,0.5028396946527677,102.85333928162488,12704649600.727472,0.0
0.4993656569774053,0.0849322351694243,7.619588771865526,0.0663477784722835,6.558539328589769,8.122065920619633,0.8174678673477782,122.8865623603334,13727147576.147844,0.0006424831880372
0.1921384071292799,0.0233836437127538,9.31519542518137,0.0116172736076827,5.296536527604771,5.249648452865728,0.8221699949311382,91.60281357111045,10076443101.69053,0.0
4.234488662482244,0.0442527139066211,2.713424554527046,0.0203890134518359,1.923619981786404,9.062738376078766,0.6430921039543059,121.48406324891609,13794820063.867563,0.0008808787664583
4.524252230642617,0.0296753076241489,5.700488468128917,0.0168895396382268,2.9423543887719394,6.688230186513151,0.2296098196545988,119.03582483441735,13142494209.26047,0.0
4.169059800961485,0.0966333123899167,9.359519673641708,0.0040334457821952,4.5181816304192655,8.82404955472933,0.0974624338969296,106.31529307664388,17327531611.88328,0.0
0.2437148069991581,0.0746239974325912,4.937730611719733,0.0233184432819594,1.2784956454007073,6.374791384208497,0.2641930916697708,118.2591803328364,11373128831.435535,0.0005927751942673
1.218858765553346,0.0530404706188333,7.51055783306286,0.0052350275701895,4.744864313796067,4.312052196860938,0.3218159414582766,124.57930786318202,11435546272.164713,0.0
1.2785087367585386,0.0183756245080556,3.827065655841065,0.0053521987229285,6.032611759065446,5.423826422279857,0.1843832110653711,110.96610596802758,10786339537.693497,0.0
4.519636957114137,0.0678001636607317,1.676081268735072,0.032839645025503,1.3448926715507667,7.882535073123074,0.4502852604430195,124.61895806516485,10864376832.959835,0.0007046914908606
0.2656667423368496,0.0533110590413114,4.380917315578107,0.0291955856598534,2.538663665289837,4.886827049812919,0.644607056676925,129.25008467314524,9336057009.498257,0.0005762230794195
2.3019865174584138,0.0387982446984137,6.304469542244726,0.0079068168024877,2.536525054690932,5.148144687463454,0.6310653575397996,92.32446806990596,10035417330.72258,0.0
3.4082760478209626,0.0668298817690959,4.586624067913628,0.032683358250146,7.790896164686812,10.197417052319862,0.7014627645162258,65.17141465817124,14867700446.418163,0.0005604269468172
0.834083127685822,0.0978443164175854,4.161277570956921,0.0037871678253298,7.704869031342874,9.693523196496091,0.1770496884297166,124.119950045613,10660075945.187592,0.0
4.712955652652778,0.0228500180929143,1.421803436834183,0.0307242918759712,3.140306126286751,5.171326800468421,0.4430990761440451,127.65638202518495,14727589543.19705,0.0008899289302713
1.648849170561736,0.0759439059451903,7.834239192305014,0.007971020042127,6.374212276878152,4.794717294531191,0.2920953410715451,86.08001640780613,18120691381.575558,0.0
0.5578469179939939,0.0338605067248397,1.0191027652037268,0.0328646689734917,6.262762413779115,3.749304962953981,0.3124252168805703,77.88894036019539,13455715492.951223,0.0011754679539113
2.73971877657992,0.0410599471767835,4.983042267644771,0.0141356365121982,5.824404792942966,12.458184522115648,0.3937425697929456,85.29987424305432,11693723663.798134,0.0
4.420383256639434,0.0928763296865299,8.38269395985269,0.0145611149559774,8.292086870545424,1.5100989017325577,0.6162916272081038,97.56497076339872,10593145618.72861,0.0
2.599959001137612,0.0753310264828394,0.4869381950601644,0.0111096232928725,0.2395568147382862,1.430110881494997,0.5088123701581746,105.9911970730753,10355341875.099056,0.0
1.3628389616063612,0.0627254092796888,6.212051001637361,0.0037857754089842,5.66526051239134,5.455264129022109,0.1664652344884818,111.39326698207468,10711501395.46785,0.0
1.6792449935016276,0.0695831003102681,2.4449701855872266,0.0307914173797993,6.161459625746629,3.7600069200818265,0.3146174168296742,78.64707805779784,13301462316.464493,0.0007218994119336
2.4030661706248213,0.082702530755266,4.487620365221529,0.0041796736343907,6.537340788608616,6.170157943653591,0.2568854718350059,107.25532044886322,10440122032.429506,0.0
2.566706913159796,0.0861503798071574,3.4608761517714424,0.0092707728596971,2.3142571288859672,7.854234182908822,0.4423262277915121,127.7126951841289,13809380581.23439,0.0
4.42016023304758,0.092230227100041,8.403918350430754,0.0142179815203518,3.5564305054853,17.709584816776374,0.2907363374786041,119.14617681484393,16001833546.074434,0.0
0.5392756191489657,0.0370883670480956,1.6865562402262453,0.0040248921931012,0.1592482733512119,5.970457008640272,0.4905289794976375,116.02348584169415,14960833107.611313,0.0
4.115137048565706,0.084207533358715,5.962421216528057,0.0012863614215899,4.370211492420625,11.55820778201363,0.473558874097339,121.13280565973412,11713352218.577988,0.0
0.7952805266746104,0.0857780390638101,3.4863688101592203,0.005268693405683,7.471369639337192,6.915816033897285,0.1876017543601381,84.88074536521793,10020491253.011524,0.0
1.3235097347046654,0.0543355925000663,4.801528110798648,0.0221646033694219,0.5118876701276258,7.76860417247281,0.3428697231051192,128.427656843891,11155692888.076626,0.0011498444289053
0.2651558093235834,0.0532998841909962,4.382470875134522,0.0291853028907585,2.5383837833914336,4.886363613204018,0.6445618616543207,129.22807869520165,9339495382.207886,0.0005763592698273
1.390776079063868,0.0296928133280359,5.005913421336395,0.0867871794005556,7.1271946572885785,8.738014655394014,0.5308463803214861,93.01137059749072,9586348825.362371,0.0011594463413987
0.5459511495377881,0.0876075755800165,1.4210932852568947,0.004511567167306,0.874256503038687,6.327307503673993,0.2802809923254682,128.35297101404905,10237406407.32982,0.0
1.278125191179906,0.0183715316107014,3.828470057721659,0.0053419973718707,6.032442653933783,5.420821143569815,0.1844193920559586,110.95909164328926,10787914776.019247,0.0
4.532258249760259,0.0729099305071904,3.945932287563101,0.0655081571802682,4.103555630687891,3.37850616868166,0.3254381870389282,91.95283520861148,19732669821.138702,0.0008387057851448
2.899955522450209,0.0478524397987961,4.928265115892412,0.0061426277212378,3.943606158652016,3.888142946956135,0.0405772743103642,129.95150111810426,14116273722.927664,0.0
3.30622241287046,0.0356135274836475,1.6668330783321366,0.0312022466103628,1.6632483675347929,4.821443598568849,0.6134170507289146,108.51773733259716,10046524769.386446,0.000574373981204
1.8767944658724205,0.0321577771204307,0.7169508623112136,0.009526964013918,1.042096228135334,5.6897747263459255,0.5539495276404056,116.73103706041692,14931568463.751225,0.0
3.128967212464857,0.0482376133157372,1.661691740423496,0.0196328375999877,2.397537509939655,2.945351325140327,0.1054348983564413,127.76870642358034,10377324273.45102,0.0006073562620526
3.462779909965519,0.0941635441382436,7.656352903144564,0.0054461445707693,5.783935383983067,2.721193170282365,0.5950574340625157,121.08031915315009,15140752151.17172,0.0
1.9267765293036725,0.0649836944908711,9.199907483626957,0.0070689292582807,4.421833068640267,3.2179955674048526,0.4210883725373792,117.27605272290744,15971392482.657084,0.0
2.437674016124712,0.0268018361910426,4.963201863601489,0.0060172058274184,8.504800537936472,2.98637736999982,0.1880762452112183,94.57255308933247,10271075863.932594,0.0
4.547940637347106,0.0679250196368108,8.145976240272491,0.0027222911074941,9.336145634960111,3.628866073875298,0.3046203846359459,98.30148936687894,14151104700.760233,0.0
2.985355809516017,0.0262659207330111,4.127269998303266,0.0640886254827269,1.29458621563253,7.137569474841785,0.6915644556572623,62.85145075316613,10381799528.981155,0.0014741032813098
0.5886455044925668,0.0199715098561674,1.9655773117135256,0.0173054197730634,4.500222076174512,3.301297566834608,0.2341256639001466,110.25144334165178,10839305826.040174,0.0
2.0439525240236978,0.0464936337475306,5.2916140008116335,0.0152619882563379,2.6370191041308884,8.082108191873472,0.3618023447364016,109.26863296214565,14926425145.915567,0.0
2.7037290681512407,0.0558174249229016,1.3839731279014922,0.0379128637962382,3.804556593967292,3.098280508384237,0.5398663644637425,76.00283679838115,15468177411.117718,0.0006346736086579
3.484285869610467,0.0404956806474803,9.146202897504402,0.0865553600054356,6.197695153742628,5.386426014569644,0.4251108066857252,70.16357477067959,13729311762.259315,0.0010142081279883
3.571233544256219,0.0991709337102741,4.015876185533651,0.0093968387283758,8.668423982245603,2.22483515772736,0.4164679245161768,127.76224185002208,15605875775.333202,0.0
3.3190224642109354,0.0648539673229402,5.899487072159245,0.0045343509391772,6.0167865186947775,5.777283901968176,0.0263323311363312,124.66754481280688,12753425213.14071,0.0
3.550918343921055,0.0673773515418782,7.837620590714597,0.0040705255688564,9.371463434502846,5.824293982079895,0.5503165408050921,95.35816148312612,14360381933.256445,0.0
4.940266055172819,0.0824749851545334,3.7563995452546632,0.0181436422130403,8.955343885305675,4.067690805490269,0.3591119070899264,109.9434579204116,9706808560.24733,0.0
0.2567789797217026,0.0098451008554545,9.650979387865226,0.0445180809139039,1.4989646072921097,13.020970600064627,0.7964018204258164,60.18882536456073,19370883856.48164,0.0
3.746465637272879,0.0861699332667664,6.937891689711358,0.0086613995762164,3.001751664212815,12.53587490786108,0.3659424271321954,109.19269030921718,18566577422.16317,0.0
1.850777813711162,0.0727738503686946,9.320220364739797,0.0232851002507416,8.241912869341451,5.77026451543808,0.1945283656174631,115.5768198639866,17304217826.18389,0.001466277541451
4.32296499282386,0.0854441141596026,5.606805197069217,0.036431233999742,9.92582600124794,12.338809165655697,0.2283248496212027,99.55499899610342,18935087304.889423,0.0014915466120722
3.764771187356769,0.0935579850813555,3.022639340003123,0.0046420763145516,5.731583519054619,9.628687907063362,0.1434294545277583,120.64493061022856,12758242025.694384,0.0
4.521328249898589,0.0565514752229298,2.5157211400157324,0.0137950605683226,7.361286217062367,6.394549227051889,0.2302735406411044,86.13154719102438,19223790356.810062,0.0
2.3686613729788024,0.0339899585739561,0.6300605724892183,0.016269231132847,1.2524505836003883,4.153752388261786,0.2797446960301016,126.85094643032994,12455665654.261082,0.0
4.851024999756872,0.0744608828234746,6.127138408702222,0.0042493352937414,9.562972068980333,1.410264745703361,0.4322769165772717,96.04377239877354,18352587701.22052,0.0
1.8381004254227629,0.0269123186166027,6.852156024926268,0.0551316674329621,4.343322883354079,3.498712592496583,0.1544402259559219,123.15825096856436,10287919112.654018,0.0006837570940888
3.678318734630917,0.0324248325653686,8.569437995545904,0.0038975849630793,7.855160725533266,17.18111635043242,0.2964289033783548,77.79988082826729,14848624059.608809,0.0
4.345238788119042,0.0955760138432867,4.15565303367746,0.0282724417409468,6.831685085254013,7.571116284641143,0.1935948823076629,111.79900317405966,11423405643.73433,0.0005887811154694
4.597143279225975,0.0428927408894054,3.271717592681612,0.0239801574673102,7.599895560325391,11.403828034244189,0.0356265415186131,89.83851836826513,19050897516.9447,0.0013733142017589
3.4190066604822325,0.0249043839069742,5.895302001335426,0.0234357371665431,0.8276140803631266,1.145906756086139,0.6138264471659091,107.18250828809566,9659690858.037624,0.000824869715028
1.8906704147614315,0.0228011736987102,9.103834549496492,0.00959285388954,9.277927706617524,3.377042717194054,0.5799822235516359,118.45002625583436,10523813592.917322,0.0
3.6418718189430415,0.098397352157352,9.295098422988618,0.0185651820870551,1.5007827908115408,4.444117214186575,0.1210239545761587,93.10340106361726,18816073251.691284,0.0
3.128967212464857,0.0482376133157372,1.661691740423496,0.0196328375999877,2.397537509939655,2.945351325140327,0.1054348983564413,127.76870642358034,10377324273.45102,0.0006073562620526
2.6443333352666047,0.0503168147311832,4.337288141370836,0.004649549497315,3.4655362336304307,9.111633420861493,0.3864896403952725,129.28365214983708,13061504798.277632,0.0
2.4238048952214606,0.046468136739206,4.747437190564459,0.0193152946710571,7.668720990583073,8.869171632898313,0.7757349954066173,120.09415452063892,9738371227.557371,0.0009869331357017
3.5272322104664933,0.0863940348582817,6.225558130266109,0.010027949534972,4.676139788347438,8.571870464750035,0.1484030989249051,111.08317959754068,19061788079.5341,0.0
1.278125191179906,0.0183715316107014,3.828470057721659,0.0053419973718707,6.032442653933783,5.420821143569815,0.1844193920559586,110.95909164328926,10787914776.019247,0.0
1.2302958221176197,0.0636910590916022,4.170570507031865,0.0145184514206339,3.430514032945928,8.021248509277857,0.5521457586104562,128.40372861637124,10875989831.149431,0.0
3.592595741959643,0.0278714323284698,6.364109000742431,0.022279841907558,5.58374572085074,2.176619515280324,0.5007093586510578,68.87503969149023,10806326283.007172,0.0011713847880478
1.156583607501593,0.0865804842392132,3.0628685369380886,0.0063296212790233,7.474882509848523,7.1430963366237865,0.2115144305421946,100.96006636432604,10277034102.795254,0.0
0.7081553447404507,0.0259680420197889,7.935567311534702,0.0059127140123561,3.1437636429012445,1.5976872907440889,0.7364477792460802,105.4831476413041,11502941027.925323,0.0
3.472053324002461,0.0513172075735796,6.35673939143022,0.0058969034884227,4.2341264128505856,7.881198986008312,0.3446192651160687,126.2711265395916,12722361296.850578,0.0
3.354220482238893,0.088578579254157,6.320227667765902,0.0119649301404338,4.50714645685174,8.525784942903273,0.1562159681634027,110.45195483002745,19044042238.01441,0.0
3.569193381299637,0.0174941624684468,6.656774917185468,0.0336591225954137,5.486776282453751,10.111290003346864,0.5218832280618376,84.3044829333695,9293650038.267384,0.0014221102415322
2.2302891452854348,0.0920631719072359,9.329044456629552,0.0050719980707825,8.106686975248053,4.235691862551567,0.2496752205812138,90.96138660274792,17440568793.958675,0.0
1.321516256147369,0.05964181775922,5.51416961660806,0.0625967357269769,5.6260456316567,4.702825022084688,0.2829069251716845,76.09048378992281,16857295708.179129,0.0012156341633387
2.746334234178971,0.0339308023527634,4.34480686822124,0.0070909532442394,1.200739276532597,6.918707462589019,0.5857238228398957,118.57070452402016,15280605253.926796,0.0
0.6277549581162014,0.038397098968065,1.2032461145077975,0.0164811860461296,2.897008736315515,5.482478985411677,0.0793401539798388,121.29988647117844,12215734519.10628,0.0
0.4446582317298455,0.0700743280195316,6.023288407914367,0.0338221732736626,0.5589372774701221,4.589799699613256,0.0402305573898703,95.72691571239456,13910385816.199884,0.0011769126327989
1.0914971243514484,0.0899323749470915,2.24817330861716,0.005525414924291,0.495494890351594,1.773440941238892,0.3884844580178292,115.59445886741727,9240089683.330904,0.0
3.4838300663304205,0.0630610799797179,8.872972811775268,0.0071353877460979,4.579718905000287,5.761526568000197,0.1086710771464019,114.41920705437244,14999165508.9841,0.0
4.756369173940472,0.0910094326281323,5.394594737717151,0.0067153404822446,5.736450570192628,12.62366756241834,0.1070428765481326,91.43110644247706,14475092948.998137,0.0
4.116077338986367,0.07872983030114,2.097091595279774,0.0020002159534431,2.683607194960665,2.1058385757218905,0.2536371645747446,129.852063780901,10328227209.474337,0.0
0.9964419540826078,0.0664189925581294,0.8849701347258566,0.0360700006235002,8.697843654289551,17.698814560611165,0.1103601732198207,94.73242306106218,16451618665.990652,0.0007753656024119
2.298256152035248,0.0991301579234319,2.8297537269450417,0.0244115527693963,6.723478286876074,4.789713647018245,0.1388355912640359,111.51060522872044,14235989840.382608,0.0005084694396289
2.749961457623818,0.085981280391912,1.2588189349334316,0.0229051529496069,1.7145104819023644,1.819766302011439,0.412040850413966,108.42683371769972,10877983315.483427,0.0009507911078446
1.2785087367585386,0.0183756245080556,3.827065655841065,0.0053521987229285,6.032611759065446,5.423826422279857,0.1843832110653711,110.96610596802758,10786339537.693497,0.0
0.9964419540826078,0.0664189925581294,0.8849701347258566,0.0360700006235002,8.697843654289551,17.698814560611165,0.1103601732198207,94.73242306106218,16451618665.990652,0.0007753656024119
1.8542440628116037,0.0733147365851498,7.896264599635148,0.007001017150595,6.777960859996418,15.20292239729834,0.2066874350545465,109.93197636672004,15807239904.185484,0.0
4.45684248781241,0.0415075651506169,9.63708520720101,0.0971907970693563,4.626329869797729,13.77992534848218,0.4206735631650881,128.45430196621206,14390794853.809055,0.0012603780921678
2.9966389238296363,0.0844200889863218,9.229688794650508,0.0034888264883353,8.622584593139921,2.523290890673657,0.6967676982849725,113.1808161313202,11194748807.05853,0.0
0.1806443905105218,0.0071496785331152,4.889997853909267,0.0039372180598004,0.5586436347258491,1.8231021321320733,0.665592459979356,118.54610499260092,10076557794.38836,0.0
0.3132663062644402,0.0540421658363714,4.3737831586639215,0.0307693662168091,2.5114675522602736,5.069793891933174,0.6411582362570165,129.41578565800876,9266730344.288898,0.0005760180574721
3.50660938997748,0.075436559268567,4.851482516476699,0.0101236999488714,3.719441852252804,3.473198940784587,0.1136220470336217,117.2976871502922,10392511148.785095,0.0
4.116077338986367,0.07872983030114,2.097091595279774,0.0020002159534431,2.683607194960665,2.1058385757218905,0.2536371645747446,129.852063780901,10328227209.474337,0.0
2.5779622070477544,0.058538685124796,8.970943088581334,0.0046130307210363,9.03428482420851,7.116789719455316,0.189011066954591,89.9700441576186,15387539062.124292,0.0
1.1671915925260472,0.0615490525657555,7.826963134442376,0.0266102898693381,2.602255335842622,4.801353778215907,0.5659917021924461,103.94968942537614,12478315975.492142,0.0009235179580965
3.432921756686374,0.0967342663629876,2.707651367171167,0.0082464909226857,3.859638385246336,5.554559849389736,0.3065282768868603,125.07581900617268,9373170458.327986,0.0
2.3019865174584138,0.0387982446984137,6.304469542244726,0.0079068168024877,2.536525054690932,5.148144687463454,0.6310653575397996,92.32446806990596,10035417330.72258,0.0
2.85533877675525,0.0499898511726355,4.996710557403238,0.006306369543721,3.99366828023584,3.8437246489219192,0.0468372472363835,129.9944636994907,14218602605.581312,0.0
2.998859113186455,0.0447968460798895,9.961871969442155,0.0053553659159386,6.522547866706629,10.007704715239072,0.2315850392988593,94.12014145655073,13552856231.72464,0.0
3.687217841566652,0.089556311136837,2.346454830874492,0.0062997006154277,4.592002068917942,9.402171597169358,0.056594390255007,127.00556028011783,15321241711.99502,0.0
4.163390876252572,0.0762491516843835,8.461373400907474,0.0041202559776981,9.40529040072832,5.908805575291211,0.1061631546572669,82.35642117146301,19255828271.74608,0.0
4.700942468402882,0.0260785436869662,4.034215681287772,0.0232803269162302,5.4307882996400565,15.64947890112748,0.2851190637457552,89.95355324093164,16436513596.0766,0.0005705255390998
2.5676701573741183,0.0172879926061065,8.26652389071957,0.0075588514115608,4.475187317251466,16.063975334662928,0.4669259900523899,75.03240094962044,18227468035.258347,0.0
1.237913787916335,0.028398745288328,2.6923853420284027,0.0340741200930905,9.079558975443382,1.248998647517659,0.7510164093861162,99.49185811190216,19451757842.191856,0.0006023620085378
4.532258249760259,0.0729099305071904,3.945932287563101,0.0655081571802682,4.103555630687891,3.37850616868166,0.3254381870389282,91.95283520861148,19732669821.138702,0.0008387057851448
0.3644278038849418,0.0204748447350219,6.349629333419448,0.0236688161063972,1.830476010486891,6.302907080824542,0.2549492141378308,118.4221931389548,11386047105.210114,0.0005909965555122
2.3686613729788024,0.0339899585739561,0.6300605724892183,0.016269231132847,1.2524505836003883,4.153752388261786,0.2797446960301016,126.85094643032994,12455665654.261082,0.0
2.79452347432222,0.0348348938708826,4.346950345171758,0.0062077790688784,1.1639148016032514,7.12539179557363,0.5820332754537424,118.53034295744528,15359607350.0374,0.0
1.3398333329797736,0.02492070814851,8.5546745609001,0.0110091508805125,2.543762959719973,7.674169471335861,0.0996592369593333,123.8841369342606,19457307431.15737,0.0
0.5461392490506907,0.087630528236425,1.422349297291909,0.0044909656625454,0.8767493938640807,6.323672912207093,0.2803206297691256,128.33340892965586,10238330250.375238,0.0
3.238462884963245,0.0376416595405259,5.410052915913725,0.0050313123019472,5.786691294148142,6.643987540129949,0.2601601279536737,97.4924925335413,13305335530.856222,0.0
3.970225569215716,0.037186759418576,7.213099085531451,0.0022683114722873,8.78019561737425,16.890643440986242,0.0588175697921089,63.15571757695789,19729315754.12032,0.0
4.369613495406174,0.0246263554355698,4.635550227163189,0.0519830965038364,8.556999978787625,2.8690210103943583,0.8406840354557857,82.48479154235747,13751048191.492027,0.001263249180604
0.9098200276028584,0.0647281510320086,4.948919610063469,0.018599879578201,2.964535572157203,9.109932398662,0.3550149017901025,102.70571725348438,12370786295.478315,0.0
3.195205634945957,0.0352190194790432,2.523209199654561,0.0573603288922777,1.7883651744783993,1.473202331374891,0.1258052058123172,101.5536339786034,17393333687.658287,0.0006962381751357
2.133213068817369,0.0244396472468143,8.41359246962339,0.0209381403848737,9.363101812812836,9.349051607992244,0.8001320772878988,112.80669752965429,12341561865.683308,0.0011051783517565
0.2316243549930047,0.0717669380080867,8.207039983148281,0.0097287964082516,2.4214233162803134,3.028112717901957,0.513944710695519,91.01672512155324,13731198010.209051,0.0
2.753557592882983,0.0431589986886661,3.748110405472292,0.0107327952007517,6.012971564830988,5.722314291059836,0.7226524351918004,92.05778594826694,12292487630.123854,0.0
2.512398758098384,0.0919003751231511,0.6308433795451835,0.0258963230096652,7.463757600264655,4.308297304531728,0.310651023457839,106.33194960560202,13741892668.68334,0.0006519489598061
2.794205373874627,0.0173916798067647,4.0245486332549065,0.0107415995430633,7.9838168826572256,1.5496003554945474,0.1651999542590025,120.88059782121456,13133650068.272884,0.0
0.943327468661238,0.028076517260255,3.117785872797329,0.0284845651275541,9.53604717752523,3.946305702637768,0.7563993676241149,98.9016617256284,19671172628.076603,0.000589296441431
0.957951190818044,0.0123008119949486,3.5879837331304434,0.0139695433808606,9.6108749143652,1.902989201385313,0.1755119311469441,125.5499095216998,9672212496.856216,0.0
2.6353080609054764,0.0171462219106896,6.883811937422952,0.0169832529373595,2.2611811663200667,3.419603834280224,0.2980419676451048,122.10373218075463,11149579736.31112,0.0
1.8683022458001453,0.0813196385850685,2.690365163766445,0.007514626800287,0.9636282153529664,3.7870948599558254,0.0917639035284349,91.15934126184638,13999021971.21071,0.0
1.609794974789839,0.0685844701337913,8.232061394452979,0.0065932850071932,7.11315699035669,4.836031035516704,0.3251300035646541,117.06328753580856,17238399721.255093,0.0
1.08325639006044,0.0686203173460919,6.567967464507864,0.0243100410797169,0.8710491952460181,6.400559264419145,0.4620979740853173,129.4670249714362,14794199607.706676,0.0007294379703045
4.817300843187192,0.020601511966426,8.90989033660383,0.002242053260108,9.876040659488991,14.47232219337263,0.2243932636489738,68.71252330263502,18925238920.9226,0.0
0.5030941754211291,0.0099147338866706,0.7711875918228458,0.0453537687921151,1.2330873330361838,3.768089421012751,0.6375743364914943,79.36435926135215,10629823341.874422,0.0
0.7904894467161827,0.0438447557893004,5.804962879252205,0.0268808765804363,1.3299048706559442,2.763821871717703,0.8150651170702873,81.54917231180971,12109060265.64545,0.0006111224623655
4.455039962021812,0.0937452833887652,8.943743001725549,0.0134748496543176,7.238612311752248,15.597791137236458,0.2849876811407825,92.53605248704557,16705195434.323729,0.0
4.097256540784778,0.0370260884386177,5.809249616230447,0.006593331946132,3.155221016479811,3.318161059163778,0.5423844984589776,102.55563427836938,19799550850.7943,0.0
3.092628537902387,0.0451379643018447,1.333447214462675,0.0262473273345094,1.0646492394545342,5.175927260424122,0.1785204545686449,118.47964126741188,10980585443.642246,0.0005954134533186
1.8683022458001453,0.0813196385850685,2.690365163766445,0.007514626800287,0.9636282153529664,3.7870948599558254,0.0917639035284349,91.15934126184638,13999021971.21071,0.0
3.219534303669582,0.0926962181386693,5.699175812003134,0.0022027945303205,2.7565524613054446,8.471681337356278,0.2649588386564256,116.99360028537282,13972505840.26694,0.0
4.951736013916636,0.0610433108733733,2.6880612838092555,0.0023255359339882,9.483565910065789,6.969818052189375,0.0314803716174748,127.91585108404304,12740799573.14928,0.0
3.627741978633784,0.0703349562376936,6.754170971732119,0.0140097063896284,6.018422394983681,5.940726666055233,0.0462592335344546,124.2796799876565,9868256848.405846,0.0
1.5681137867634978,0.0693632328559525,7.4017408990947855,0.0131110795423165,0.9611676617099716,4.895526392758867,0.683446746093111,118.6625136831331,12415223815.432035,0.0
2.042505864910196,0.0746269547420986,3.881252821313676,0.0161077018814271,2.866687305140395,5.868546876330682,0.1937148118787773,102.91380311193998,12514020393.293385,0.0
0.1158798924025207,0.0711337927653261,8.13047606645661,0.0095795188733703,9.024232782419976,5.023441356596359,0.2165157337138898,83.92457867965577,15670731017.175858,0.0
2.734077586755548,0.0807529059206343,6.670424823036584,0.0219795451318167,1.2865421427673045,13.146880254457628,0.562822570927317,127.63809992378728,12627100305.989412,0.0009830254479555
2.706421512708236,0.0557258822501197,1.4161779508540255,0.0374476706575737,3.773462938690265,3.090312220788123,0.5402133586138319,75.67853914046479,15508468071.09132,0.0006361355235476
2.116650339458684,0.0051528131326131,4.952471923820879,0.0026914570231018,9.979835364055246,9.47564675739122,0.1021884905726903,102.5491284754275,13793878142.959663,0.0
4.0840203338289145,0.0980315981857672,9.288748021499966,0.0044484869705714,4.415699270860363,8.041944562162794,0.0849677599635417,106.54345850174772,17324275282.16204,0.0
2.1747381138295903,0.0893139990106786,9.995631254252842,0.0156989204319949,3.9272113393923394,11.742513815412426,0.4839292021330222,117.98710940053874,15322494052.95028,0.0
1.318935764495838,0.0164748773183009,8.392235341741063,0.0187222084373856,4.9324210794833165,2.9702187970298475,0.5508214688120279,129.14894041152186,11535138202.147188,0.0
1.1371650073026487,0.0729202106444181,1.0309414909269392,0.0049644610174379,8.361354206539684,1.443480174579845,0.1695839412385479,122.71882124501988,9637289547.49624,0.0006938452387189
2.7072066017815617,0.0559497034929946,1.395576971711067,0.0375635639161156,3.788238586751733,3.0732849634978385,0.5403355805047158,75.92827649292936,15471128733.712448,0.0006352308001532
4.016010030678694,0.0855804552240469,4.618412340164813,0.0409356745560959,1.807550237671168,6.743690289247868,0.3962078441689053,117.94944930219788,9216553985.217194,0.000747627319877
4.381086820427406,0.0985559423248092,6.522988819641578,0.0150143918137002,7.881681639146619,7.67747140010582,0.0620808202639813,95.52587604752382,18872465911.142693,0.0
4.597880009769522,0.0490949630568048,3.024979873439661,0.0275432709406639,9.119530439840576,11.765755354038692,0.0385610571005219,70.24425112924308,19132022561.15458,0.0014579121684467
4.969886713444569,0.095270945026997,2.86352920369682,0.0209905768115194,2.417949280560263,1.6322309303860405,0.5287243784034069,119.69546527738264,9742231862.227716,0.0006180823650046
4.160353100440154,0.0407534509743388,2.772550694570913,0.0206228349458265,1.6354721534644845,9.218298551070466,0.6485436922230676,123.571440502997,13733541969.117004,0.0008869097903
4.727301386881515,0.0960277309635755,1.8441944526129408,0.0020299156431123,7.345282772625072,16.428216437015777,0.1134966250724697,109.59355115628482,15317561256.346191,0.0
4.391526575715386,0.0846223187141262,6.880237380500873,0.0164098802222565,4.500177638532708,1.3177644684853806,0.4239775778002301,116.2605353225432,15160288100.943306,0.0
4.425710546028845,0.0819926794518118,8.340083216710486,0.0572321861236887,5.251326374549256,8.658939363508852,0.556409929492047,71.50262375132736,15586094413.97563,0.0013600859066638
3.867509343304621,0.0236304871463977,0.531394919902239,0.0226009698893497,0.1470095490607805,2.835687383545082,0.5226105564383451,119.09093917225688,12985111341.426435,0.0005220703109066
4.133711955043808,0.0832971861825884,3.480520457547199,0.0163356450371628,5.772785213557846,9.09439217647148,0.2601577594226702,126.89595395936009,14921827199.2089,0.0
0.2443119369512308,0.074793941820217,4.94587601740488,0.0231266316531168,1.2866799860829623,6.370707606074734,0.2638695683110223,118.27288072455508,11376780886.138033,0.0005931379111213
4.852669573146931,0.0148942009306268,8.224774797674588,0.0685851513786865,6.146529548453461,11.208024864949072,0.7441507752599045,92.05080661797686,10973162193.370483,0.0
2.042505864910196,0.0746269547420986,3.881252821313676,0.0161077018814271,2.866687305140395,5.868546876330682,0.1937148118787773,102.91380311193998,12514020393.293385,0.0
0.359725440466722,0.077769522006951,5.35914506909859,0.020435239233729,1.3755564215823073,7.729444459160889,0.2287004097610951,119.595298313215,10765685992.10615,0.0012559762110316
2.133213068817369,0.0244396472468143,8.41359246962339,0.0209381403848737,9.363101812812836,9.349051607992244,0.8001320772878988,112.80669752965429,12341561865.683308,0.0011051783517565
2.3686613729788024,0.0339899585739561,0.6300605724892183,0.016269231132847,1.2524505836003883,4.153752388261786,0.2797446960301016,126.85094643032994,12455665654.261082,0.0
1.321516256147369,0.05964181775922,5.51416961660806,0.0625967357269769,5.6260456316567,4.702825022084688,0.2829069251716845,76.09048378992281,16857295708.179129,0.0012156341633387
0.9227046802582034,0.0363374280955376,6.296179113955595,0.0067945145282932,1.1804640903475545,1.5736119320401003,0.7530531216829196,85.77087817465201,11539893891.665686,0.0
1.1376816655826425,0.0588187260054323,7.918399806834305,0.0272565877609728,2.743429865626748,5.070571680657362,0.5870561452181732,103.47923280439996,12480075494.921535,0.0009245967931871
4.332164810900804,0.0798871699515931,3.980253054405399,0.0122378728331333,9.007904561114067,5.894176826736896,0.268848339174278,107.53901309913527,10612404801.52327,0.0
0.5795179069036518,0.0858570861173397,1.2052404527368272,0.0036333383856793,0.840175246339842,6.53012810156248,0.276402602964986,127.76762093063284,10149771531.017448,0.0
0.8687924654703854,0.023166551231091,6.941329046552156,0.0438917825689214,0.4703413952367474,6.487225148136463,0.7925087515399063,98.51456486506434,9118809614.269772,0.0010113569576969
3.868274664052845,0.0984037566382813,5.098394566602793,0.0014009414653672,4.621018337886452,7.758356050810788,0.1481508882931891,126.60599065641762,13452095957.63185,0.0
1.4711807496089233,0.0376813656938162,2.750069611305335,0.0040225883132267,9.849082554427794,14.71183576131563,0.2838064234652744,86.78093411002241,12896195276.981976,0.0
1.5883904457066202,0.0688608646534652,7.384157034083944,0.0131441603837357,0.977147102469843,4.889293083603355,0.6876219654477511,118.6452764472173,12392173424.970634,0.0
3.2506210786695657,0.0975135250557195,6.569914417058036,0.0071587347700123,0.8798586709658064,2.0706440233831804,0.1254664011566423,97.5167778153577,15779201600.014454,0.0
3.9702234872765967,0.0371771681377197,7.215493813513804,0.0023011858528081,8.779925190376192,16.891626471041217,0.0588209271839539,63.15362750538038,19729649856.753258,0.0
2.860370164185248,0.0708271881977161,1.651309082273945,0.0105705487682316,8.82109110916295,4.886615624752548,0.2377123079844916,87.61728011714641,15568916583.569107,0.0009658090178253
2.7525932234695865,0.0859504125057589,1.2550099260991132,0.0229408141685577,1.7159320681988284,1.806995401300352,0.4122788206641645,108.40506905595252,10886583734.065409,0.0009511174316774
0.3264238492768413,0.0576972447031903,3.599681485270197,0.0186169846467276,1.71798153907306,2.817496066101038,0.3896235339815017,101.8650744772435,12276060110.916662,0.0
2.977549854021992,0.0787298419827359,8.405438737252078,0.0064433837972487,2.6004936446502094,4.527338855540234,0.6530215752705201,124.14063398634023,10259833390.72239,0.0
0.359725440466722,0.077769522006951,5.35914506909859,0.020435239233729,1.3755564215823073,7.729444459160889,0.2287004097610951,119.595298313215,10765685992.10615,0.0012559762110316
2.957131865685806,0.0818746852143031,7.972554407486811,0.0148004866552237,3.730981421540814,4.237539590607979,0.6323932754503,121.79491302370592,17957026862.414158,0.0
4.773523997436553,0.057354058058331,6.1307557995716255,0.0026133265079771,5.741740085296779,6.650681393640984,0.5419843307602009,115.79933703239956,13554520173.088436,0.0
0.5141662680741245,0.0567451849905692,8.485688824106566,0.0036217467510795,2.1795520155070016,5.438932757566462,0.6525905022469497,128.86899992415016,9196399919.289375,0.0
2.319733060753139,0.0235767876642798,5.559730494511986,0.0069710307722709,5.422187383672672,16.52591748908347,0.5920519371083247,64.17835816450302,16756457349.749252,0.0
0.3164143977060901,0.0537887524272573,5.471662382059737,0.0104992587325701,1.0399336626078357,2.8498465969655693,0.4834236394501906,102.30089579772849,12745159257.579872,0.0
2.876808413184706,0.028667764161841,2.2934826230747536,0.0134685823699683,3.455406940839716,3.0757002463750207,0.6612230819233282,124.05835840863205,13323096989.109238,0.0
3.628977980468867,0.0456029534205445,6.808041129386663,0.0020999806215926,6.869024153657891,15.496212347717949,0.0861806211961637,95.7822462735522,18002804679.254276,0.0
4.543614303112963,0.0674977019039787,6.1511927050255455,0.0058069122255577,5.107543795966547,8.475340077550644,0.1951230771069709,119.57896851925749,14366363654.872072,0.0
2.746334234178971,0.0339308023527634,4.34480686822124,0.0070909532442394,1.200739276532597,6.918707462589019,0.5857238228398957,118.57070452402016,15280605253.926796,0.0
1.1376816655826425,0.0588187260054323,7.918399806834305,0.0272565877609728,2.743429865626748,5.070571680657362,0.5870561452181732,103.47923280439996,12480075494.921535,0.0009245967931871
0.4464608576365779,0.0699636817034766,6.014610825591863,0.0335998156111986,0.5752783345799649,4.5980931227097415,0.0390792089028346,95.74091333043542,13910455719.725466,0.0011756794001083
3.30622241287046,0.0356135274836475,1.6668330783321366,0.0312022466103628,1.6632483675347929,4.821443598568849,0.6134170507289146,108.51773733259716,10046524769.386446,0.000574373981204
3.291197575221108,0.0760603185216477,8.465181920811505,0.058475602246156,7.442100211755034,3.641505698227955,0.7612389563596703,67.65851968526667,9416040717.75994,0.0013062785780525
1.9684370745025053,0.0324433507109902,6.79286511623765,0.0061150728557212,3.657104396260175,7.431161638690957,0.6933113035590445,82.667622210598,10159728451.120464,0.0
2.80046626103413,0.0617396004172762,0.6810262220783112,0.0011528165794827,3.822917244762976,3.9664331934096175,0.4349519858771211,111.16272896257531,9027718555.20218,0.000506583570936
4.330586504721949,0.0848719284689236,6.031045113998707,0.0263569090277453,9.755440107356058,11.977107440584009,0.0229862847618184,97.8709135815894,14578292751.200727,0.0014562510001067
3.0071161111506903,0.0749430351596409,0.1683051811910537,0.0011944832071264,1.881647447557228,6.146347705782952,0.4863891130855348,124.31654485030626,9162873625.262262,0.0006784692826616
2.819312746553887,0.0541330644034038,1.801173689174688,0.009628205169967,9.733047390203804,17.14386970390894,0.4545040403316557,79.94585796024222,16144925970.917845,0.0011199237874071
2.850262059540925,0.0243344435239585,3.3223612979946218,0.007300993127441,7.125217569785415,4.2417473645994,0.6701775614544585,127.08726598952364,18086917790.24203,0.0
2.9812380327326578,0.092550579631633,4.370914787541339,0.0055027213860897,8.92203664699056,4.067410151284896,0.1503197949025026,123.65678063263547,10211678095.824553,0.0
1.820502515209357,0.0576119056771754,3.9813466905953634,0.0027617042376066,8.431028783681482,5.583292880001751,0.2335963744152473,100.84198613900053,10815966408.788586,0.0
4.506202318414681,0.0603950782109566,1.159303198827878,0.0281601732829037,2.4971671902963943,2.1354998205361944,0.8340030081595968,94.67258686963956,11301115899.330503,0.0006191251009853
3.513630146330565,0.0618218736327631,0.4147832236382406,0.0064857284056847,3.0795059701952034,14.491690538297412,0.5348206130722817,106.12926437103606,11622981421.733164,0.000713747621824
3.674904044554235,0.0780897507716577,1.4078512062783122,0.0084870893719419,1.7844446750879086,4.422984523975647,0.2891168069812235,121.90715382002396,10486157054.294052,0.0
1.9133966030237053,0.0556563117851881,7.591968456305059,0.0084943500800177,8.59110548368047,15.484027430976267,0.0614146525706584,101.98315282849256,16446279486.475494,0.0
4.030621092542239,0.082446745119056,2.9600605378524905,0.0243165838242599,1.4134296985767123,1.0207857924804506,0.4242515105667224,114.6116733665826,15152821530.681782,0.0010648623952887
3.7378964685447,0.0270563011084201,2.166618648334817,0.0082582658970709,4.659438538118467,4.966645086812408,0.1617319402882655,121.748269280353,11344195401.574469,0.0
2.0917201440940656,0.0702948119348726,2.8980744266131384,0.0024327916537302,5.873193331043883,7.993885412783547,0.5196369273756516,123.8640540273523,14680811428.150784,0.0
0.2651558093235834,0.0532998841909962,4.382470875134522,0.0291853028907585,2.5383837833914336,4.886363613204018,0.6445618616543207,129.22807869520165,9339495382.207886,0.0005763592698273
4.537746942528319,0.0450632327569144,4.623216132111787,0.0044773674290531,6.722070817009853,9.718981125668968,0.2027277779484253,119.30832708980552,14794079190.377483,0.0
2.323255076511406,0.0725047569516405,8.999504908780686,0.0098322545864355,4.092630076591166,5.3508761701571625,0.5305751612954064,122.12419899412724,19782986654.139183,0.0
3.195205634945957,0.0352190194790432,2.523209199654561,0.0573603288922777,1.7883651744783993,1.473202331374891,0.1258052058123172,101.5536339786034,17393333687.658287,0.0006962381751357
4.088347857142841,0.0980687474801138,9.321656441273468,0.0044313717712823,4.388405232540142,8.051946267823945,0.085175434180966,106.48672579051276,17295883553.763493,0.0
0.8200995635300284,0.0415326918333774,1.0358684320560096,0.0295616825236692,3.581165508300638,9.967498238304854,0.4783694259253498,108.05083799045394,17130610800.42479,0.0013295389253339
0.2340600257227398,0.0749475561316851,5.073433127986961,0.0233616938148464,1.3563782820826196,6.233866619607875,0.2606120403523019,117.643712111095,11322302919.9078,0.0005753845002438
4.537746942528319,0.0450632327569144,4.623216132111787,0.0044773674290531,6.722070817009853,9.718981125668968,0.2027277779484253,119.30832708980552,14794079190.377483,0.0
4.391526575715386,0.0846223187141262,6.880237380500873,0.0164098802222565,4.500177638532708,1.3177644684853806,0.4239775778002301,116.2605353225432,15160288100.943306,0.0
3.586113617865957,0.0668324516130677,5.533355099842818,0.0228551633486951,6.198687992986601,14.478628928213698,0.5806435854920444,99.1312636431538,18685354936.40626,0.0008911487875651
3.899883268019989,0.0961694521889539,2.8149503076524502,0.0542615736803661,0.5494686078289476,7.479352955521704,0.3025906812012214,122.81092781599976,10546579163.506378,0.0006737702245085
1.2302958221176197,0.0636910590916022,4.170570507031865,0.0145184514206339,3.430514032945928,8.021248509277857,0.5521457586104562,128.40372861637124,10875989831.149431,0.0
0.2652714424115627,0.0532959754453557,4.384839825522706,0.0291698945682302,2.542254238317761,4.883600663726492,0.6446216427387792,129.23998412588736,9337722129.191631,0.0005765001490441
1.9188758949473723,0.0555382261971531,7.588164098129988,0.0084045327943379,8.596585021198095,15.487889473247138,0.0612747470044141,101.52271013599238,16448849649.171867,0.0
2.846711036664106,0.0813136267885903,2.9237941393347207,0.0014754096945707,7.747188410172465,10.766956016091216,0.3977159751205583,121.05750896599248,9976006977.71854,0.0
2.3276449846693423,0.0829139039020679,8.478662593052036,0.0255920808446847,5.059859040630042,1.544899082682214,0.3861270433916799,71.8399867996953,16768438116.916748,0.0013915110295441
1.278125191179906,0.0183715316107014,3.828470057721659,0.0053419973718707,6.032442653933783,5.420821143569815,0.1844193920559586,110.95909164328926,10787914776.019247,0.0
2.3751755301981823,0.0741561952867797,6.588815365780998,0.0275150565292441,3.303789350945436,9.015887243749496,0.2095506670252576,107.8518366711767,12880972334.887526,0.001288820564251
1.258896310543233,0.0824278669873021,1.95393042958924,0.0145436100156332,3.6190934935495305,2.9892497698715568,0.3123859172275455,105.20672965745914,11875287580.379889,0.0
3.685999115256996,0.0454822072018484,6.831181329889046,0.0035799960595391,6.977434989458221,15.890532173406712,0.0855609172365505,93.28333437358984,18133144965.23816,0.0
3.0353072966210206,0.095930622940213,1.6647255284687603,0.0845612561688422,8.434602012923767,16.893828123555185,0.1922675389594256,113.99259342027791,16449154269.862411,0.0014832070642759
1.954162381704514,0.0909268821707341,5.833258323304657,0.0060472053838376,0.9530282629525908,4.99874474782158,0.3538269992842778,127.04980176917724,10830455066.85962,0.0
0.3072394248535537,0.0538274816837602,5.465744062956873,0.0105569289396399,1.0685134108766927,2.813959233396552,0.4865255109211113,102.12954547705628,12718222267.779572,0.0
2.999856176714831,0.0763562971807545,3.3551085897289146,0.0385863802696007,3.971298475940935,4.302718277323875,0.095781700363209,106.93839708590828,11471677334.39142,0.0009845663341573
1.600576899411358,0.0625392429930255,2.5108053959048617,0.0062186615359264,0.466121820205727,6.23772315678364,0.1797939997762029,126.38225631040793,14019569213.252775,0.0
0.254021020779425,0.0744105113094312,4.90302374993867,0.0229084484681527,1.3101347515848831,6.336385884037436,0.2634250265731119,118.4178165128912,11320007651.694908,0.0006000754434127
3.3206728053020025,0.0743137713185277,5.774421047042417,0.0052826619839492,8.276415598480103,5.934917690316686,0.2616173923623052,116.86707484119148,9968279357.73295,0.0
2.9754858951398715,0.0908610970174461,8.333602100707017,0.0144401304560944,3.340273240626889,3.0874962775246004,0.6749202938866248,126.19745361809277,12729172106.877165,0.0
3.674904044554235,0.0780897507716577,1.4078512062783122,0.0084870893719419,1.7844446750879086,4.422984523975647,0.2891168069812235,121.90715382002396,10486157054.294052,0.0
2.706421512708236,0.0557258822501197,1.4161779508540255,0.0374476706575737,3.773462938690265,3.090312220788123,0.5402133586138319,75.67853914046479,15508468071.09132,0.0006361355235476
0.8960153931830878,0.0485820281486062,9.065592464213902,0.0307239425845937,2.093954168663558,4.707643685845481,0.708506408298326,106.90926778139976,11848641337.7093,0.0007550398249041
1.2737690869888012,0.0185703730220184,3.848612690695968,0.0058300881773032,6.032782015024019,5.486432438923004,0.1826445418330415,110.9648034827387,10786071591.82758,0.0
3.216958259766292,0.0562527137728492,4.184170300918968,0.0030651397765749,6.969985897483504,10.27267238770753,0.5356834382271901,114.00669872805037,16047599853.009394,0.0
2.768713038943935,0.0786363446757466,5.163816666172694,0.0181185250874887,1.5079835241876065,5.6810559158965575,0.3884289259798708,122.57965508469792,12638998087.839811,0.0
2.2047163311915368,0.0616862801244963,7.520909755800976,0.0025155272951629,1.103565375628746,3.9728118828360857,0.6538946374544616,116.95749188135676,14295079375.539291,0.0
4.408895660789547,0.0916772938768654,5.113952253859616,0.0123945525256831,3.0564811189786623,6.413723377436036,0.0326582040029619,114.56034492680008,13637380139.934364,0.0
0.8551666557550138,0.0882095547060415,7.872581889466301,0.0121897782453615,1.9866879768694576,6.365753869321575,0.462582234054504,108.71470264448315,9090593996.666763,0.0
2.917515505775484,0.084930213994107,6.0914561290436415,0.0227669299692413,1.4007611673972051,7.420173191470777,0.345676852811986,81.73284656108397,10745295657.202946,0.0012902014341012
4.322605321375767,0.0799111307476572,5.037575765929663,0.0095618293932579,5.607654612361497,4.101199377190332,0.2194646365528114,113.55362502597076,17364948600.532204,0.0
2.1180959990205057,0.0519181443275724,6.851426250807972,0.0093852520942343,2.6250335931496207,1.9761200977426785,0.3842366555389028,94.72443184929716,9645029725.27266,0.0
3.016034599085088,0.0576448425422493,6.946458951000502,0.0093151419792432,9.671238132693656,15.08275672958676,0.1485282992325288,84.0772406548669,17077599307.720695,0.0
2.465222251038152,0.0937572809587958,2.360980031305933,0.0214827942101859,3.010981861682803,3.552756277343454,0.5113768821254457,108.6699102669418,16467049478.953106,0.0007324880533104
1.0882188987116008,0.089738673312345,2.2848072190511663,0.0051033746287824,0.4889772002354779,1.705008457472928,0.388047639367182,115.50931991276448,9248955833.83605,0.0
4.845777663342076,0.0491480207854748,6.442534842008176,0.0033526535973563,7.640558799007727,19.962554442000933,0.3633052741905118,99.13751135714904,15499884787.07722,0.0
3.182996163374224,0.0603277252012502,5.723589866323158,0.0079651679358762,6.919342824908669,2.1285797659002044,0.6650446144868143,106.05836706798824,11526904790.748833,0.0
0.7081553447404507,0.0259680420197889,7.935567311534702,0.0059127140123561,3.1437636429012445,1.5976872907440889,0.7364477792460802,105.4831476413041,11502941027.925323,0.0
4.346820630509614,0.0813754618833085,3.1277473436077243,0.0173878050499299,4.282117380812029,9.362273898892406,0.2930524228810326,120.35632165103226,14721867876.870407,0.0
3.953966620154962,0.0362145310670772,4.920399230185554,0.0115737224727434,8.36772669488146,17.77228503306479,0.0319226653696211,73.40639866099471,18791789276.573368,0.0
1.2128517880917995,0.0637107005277074,4.179392366263302,0.0142719692336406,3.435251203548938,8.06997130759359,0.5883368738639013,126.68146263964076,18609958358.892147,0.0
2.4337845921920644,0.0743171971159426,6.07373987508416,0.0111197388926993,5.042657860448584,9.784844077179878,0.1286232894123442,120.50711871272892,12600590547.618448,0.0
4.141008747803095,0.0820028555747145,5.380455335243502,0.0132441449310199,2.583691270133589,5.608221851115588,0.0820966086579005,126.8488460872716,12954184232.628944,0.0
1.8567125525395043,0.0566415444973005,7.153103790921993,0.0038603523608589,1.4532595854631247,4.976976172674995,0.2539091730831467,123.978629028807,10853359217.73058,0.0
3.0169432840169983,0.0368895523752078,9.916471026528807,0.0110540340068796,8.443623824500834,4.790272624619891,0.8333234596302921,106.01385503888464,10366547390.967726,0.0
3.209344429496797,0.0133396403018248,7.491219930171252,0.0079118544912248,7.3010770812728,12.70205931167351,0.3504334842329021,69.04214860974895,19632256205.068825,0.0
1.08325639006044,0.0686203173460919,6.567967464507864,0.0243100410797169,0.8710491952460181,6.400559264419145,0.4620979740853173,129.4670249714362,14794199607.706676,0.0007294379703045
2.522109120989923,0.0697394283925738,9.62145702831572,0.0239942733826219,8.314993837757235,9.637711165898851,0.0583998539637933,127.42099263051058,17974914665.82738,0.0009618931307787
1.401534247445876,0.0717404312960583,7.104207745882089,0.0387620604755706,1.4125595572902367,4.213236632402759,0.2823799353396407,102.43655075985956,11282666320.091694,0.0008272504183941
4.868429521577139,0.0742411676348035,6.123093445754916,0.0043064036458526,9.518790867867164,1.3954517202422618,0.4345680882571537,95.93131192295888,18361993204.053604,0.0
2.214461894050771,0.0860088984942941,9.422050179858168,0.0146484973287071,1.0083086180779817,9.7641275660132,0.05278330482007,119.29826045509331,18057759332.65424,0.0
3.422104486181952,0.0690723061013518,2.552199165657263,0.0062944632794076,0.1053457878519497,6.834961910785053,0.6096654106514814,127.12504633722268,11096537808.126043,0.0
1.8004392169955248,0.0925622286700689,6.404087682630231,0.0104615946904514,1.0010336999876994,4.807970076848093,0.3504068309646583,127.63305248665736,10724543998.62346,0.0
2.1792675117449183,0.0997970100489962,5.254521925581428,0.0230861864183421,0.5065372350732207,5.746414611379018,0.4173456108283133,115.74909908446244,15317342423.993784,0.0006809947242054
2.181910704283472,0.0695727297668434,9.382176127460845,0.0112452316046284,7.075025643097309,6.030975089541531,0.0576973056469597,98.53930372245354,13162460891.421331,0.0
2.957131865685806,0.0818746852143031,7.972554407486811,0.0148004866552237,3.730981421540814,4.237539590607979,0.6323932754503,121.79491302370592,17957026862.414158,0.0
1.6163797697207891,0.0282378997287923,4.309171507505573,0.0546106876748836,0.1004010456063471,5.338748728350005,0.1467737080615976,128.7053935164537,14269119519.66657,0.0014692545454508
1.9188758949473723,0.0555382261971531,7.588164098129988,0.0084045327943379,8.596585021198095,15.487889473247138,0.0612747470044141,101.52271013599238,16448849649.171867,0.0
4.336873209257608,0.0919222243580615,9.814559119233676,0.002520871747862,7.301438034191022,10.045487896837546,0.0292669116771899,100.79186851524474,19259298035.74833,0.0
3.9823128281213993,0.0303650395617598,9.329723105298289,0.0158978526380731,2.079618185412368,3.172180637280772,0.1684894142935473,99.55314473474732,12942221520.68377,0.0
1.1520364312302125,0.0575563871602189,5.248836965533455,0.0146887507862213,2.5225599878383407,5.705728306576615,0.5167635021765753,124.9902726721173,11163573616.833511,0.0
0.3738246316907435,0.0977768460520321,5.01046822914036,0.0242517356278675,0.6834456934720542,8.225177344124074,0.0180034357688587,128.71448579178764,11393526009.744955,0.0006631313607014
2.2047163311915368,0.0616862801244963,7.520909755800976,0.0025155272951629,1.103565375628746,3.9728118828360857,0.6538946374544616,116.95749188135676,14295079375.539291,0.0
0.5262171014892284,0.0649989307828436,6.657322634681756,0.0073959899333735,5.043393734853474,5.814021923299944,0.3437375854052819,117.88052677117632,16745883202.654642,0.0
0.9797326569599286,0.0803981371976941,4.952208194245685,0.0191187847438066,2.973250392304211,4.305018373976992,0.772097087514237,116.75323131347848,16445050700.24913,0.0006715762414509
1.07582672294716,0.0558281192242219,4.544541690488251,0.0499431757427608,8.584170671910146,3.715841232719245,0.6749680074924871,85.3748488610788,19314304308.248367,0.0007779481938986
1.821861501888096,0.0715474445355009,5.056300718471886,0.0122963430227887,2.626481437808334,10.893966457133066,0.0322064500448111,113.72172105894478,14589147493.764885,0.0
4.346904534744291,0.0888002573224667,8.717751196321306,0.0037045054067075,7.436253200206786,6.757325200493844,0.3452419713443306,118.9904335048544,18416002340.404648,0.0
2.042505864910196,0.0746269547420986,3.881252821313676,0.0161077018814271,2.866687305140395,5.868546876330682,0.1937148118787773,102.91380311193998,12514020393.293385,0.0
2.1102659187064394,0.0417230505250021,8.033008511431753,0.0049353577689441,2.5257524669168374,3.1606715382887582,0.5611113213036911,124.36683250042338,14016565085.82179,0.0
4.600267348978652,0.04106427453354,3.08847742186532,0.0249069743401118,7.648065209467188,10.858214555735714,0.0350938343549605,91.13578968802884,19055381241.12805,0.0013634387170278
3.528771080033423,0.0229691752764118,9.838643161160318,0.0786021998410157,1.8019470857401267,5.128788268606471,0.4752179283674947,74.49413723243293,13251312813.985653,0.0011529717221099
4.019307016018911,0.0642739323156541,8.92214354463894,0.0828868116139638,6.40003683034769,13.218170767304596,0.3735352978036336,92.7455928174568,11393623167.49535,0.0013226064156328
1.2028107753644723,0.0203106255683723,3.8315674495481535,0.004002686244083,6.261226684180925,5.217408096900712,0.1736326793621473,111.39061077652156,10614754250.289345,0.0
1.0751729423926624,0.0952290723932696,2.2170263991620467,0.0036938525338443,4.278249701535607,3.1069371493199043,0.2902714434187783,87.79346637736163,11804282839.198229,0.0
2.2609118569453206,0.0536581061084368,1.1035502436259996,0.0342853112642405,3.91380758292053,1.4469185080747284,0.5798427007208325,75.95608763490752,11941184633.543535,0.0007493891799682
0.6397053977219771,0.0279591301444412,8.10518354215213,0.0078285953038219,3.219752428848787,2.145960036360826,0.7318530982163037,105.684810888291,11429247122.396463,0.0
4.583582834821677,0.0694532267349835,5.4695279940590815,0.013058870773822,5.908799290160888,17.291906243547846,0.1463994852550819,70.16333170299535,17689199602.150547,0.0
0.8700428094311934,0.0410664180606065,6.708369508661472,0.0098859997391987,8.733183954278001,4.063408159817447,0.1333376033666292,121.16950040171784,11549706037.241404,0.0
3.3873447808889847,0.0641166752250252,1.9868722837934043,0.0806864919768982,1.5415083722965344,2.2316112362346967,0.3634325531332021,80.14623397528213,14833751787.930576,0.0009188323705645
3.589213837543748,0.064387696072739,3.2242134532044315,0.0148364158004066,2.6374298408804777,2.2955357077540897,0.6869312514402319,75.51494780805247,11942493885.039318,0.0
0.2911587171811812,0.0131954758618157,4.160072454295952,0.0395295966348035,3.5676163170536985,1.2102170371223029,0.4928378309763639,99.39923533987468,10409862874.626558,0.0007809144169819
0.3264238492768413,0.0576972447031903,3.599681485270197,0.0186169846467276,1.71798153907306,2.817496066101038,0.3896235339815017,101.8650744772435,12276060110.916662,0.0
4.774571559209602,0.078862907589881,5.237203153321869,0.0044833215404397,9.987073917828097,6.702651056016828,0.0564221974765558,118.45750888204732,10946819606.675198,0.0
4.246083987397675,0.0751625408223392,4.378895194055416,0.0328761403498102,1.4600341947222784,3.3969664025803867,0.5423236495346855,111.0481782132072,10634631561.223553,0.0009996014269039
4.238237443488714,0.018279804123994,3.5293607129595435,0.0074828649012069,7.019395115810191,2.2993883101351984,0.5271104115173876,78.51428616544273,18202483310.91142,0.0
2.3686613729788024,0.0339899585739561,0.6300605724892183,0.016269231132847,1.2524505836003883,4.153752388261786,0.2797446960301016,126.85094643032994,12455665654.261082,0.0
2.50077915359237,0.076888515831017,5.988923324990686,0.0104359675803231,3.4536168714221147,4.062704649097628,0.1534681922581625,105.08224664193436,15896369107.386915,0.0
0.1896877058356916,0.0070772928693197,4.9052040373877865,0.0041679984976713,0.5710510176955993,1.8539974538794013,0.6653501938986173,118.14740612860476,10089070978.395687,0.0
4.419526519884232,0.0165200638824825,3.666613031594948,0.0116812878818718,3.393325997594726,4.688018912471222,0.1988874290481021,117.88040498893844,10627424317.436876,0.0
4.007574617666621,0.0689089035198451,3.9577195412880815,0.0179755313445896,1.5439692255908888,2.413058986900945,0.1144826025288749,129.20496682490443,11339007088.021412,0.0
0.6656466554318982,0.017307937192439,5.332800311087498,0.0146736566427574,8.424615816277917,2.862148176016809,0.198630914034311,122.41460710466448,12445432194.216932,0.0
0.5128879202467175,0.0403408055117421,7.125089265339685,0.0158212135609293,0.4874770694646692,1.8767695483759688,0.7425270864933352,107.38113428380169,10921469038.689869,0.0
3.2155058000797028,0.0341236768075141,1.6139786091005417,0.0301773739804931,1.3911007627919627,4.582796130800015,0.6000127271131727,108.19288468678356,10029043129.961288,0.0006092964283886
2.816689334576278,0.0664594845338224,6.175244021539274,0.0033037911773927,6.927376653005893,2.667694334203769,0.0895848041597286,124.10291925124903,14002292463.670296,0.0
2.5028606270362515,0.0412430418587138,7.540208008083889,0.0122017620278429,1.7334950771131727,5.172583982286745,0.2254117266172938,119.70151650849868,17865648945.101036,0.0
1.3821697770191674,0.0073131218997676,7.826276205681672,0.0654490117565929,5.458311640523991,2.77728599837144,0.5450202598515306,84.24247298279694,19658284260.316025,0.0012881132739563
4.348070754903335,0.0605786203441068,4.721666961222811,0.0143200626717247,4.411389750169509,4.516066925577057,0.4297359438254705,109.82483463939876,13599227313.40534,0.0
1.2152637184263022,0.0319335417452485,1.348386666583317,0.0211116948026158,0.2241227612314077,6.354446707890915,0.5361766863920042,111.76154969660514,15824976791.821558,0.000544881242597
3.063862541447913,0.0491836342894441,5.136544791977538,0.0179912558697423,2.44063521972394,10.42347124834538,0.1195131224810281,113.54487927157962,13368645767.904415,0.0
3.6228749823445936,0.0456025389918881,6.800893534380306,0.0025743681414686,6.889025487365911,15.471539480083065,0.0863051691832537,95.8586065555153,17965093883.79489,0.0
0.2621914538905019,0.0529268745506688,4.4118789497544,0.0284931874808334,2.559837992810458,5.055140995947134,0.6548564353187206,129.42738710473952,9326605996.632502,0.0005683940971572
1.2592416779763729,0.0824232387527055,1.9533746077197056,0.0145509871091697,3.617544936586597,2.9914655422373384,0.3124938211056731,105.20704953931272,11876393976.81004,0.0
3.5935999567764303,0.0841904803807835,1.261287363713406,0.0084586881663179,2.273160212211915,9.111478900311528,0.205970661072417,114.38875594297168,12576236099.830936,0.0
3.628977980468867,0.0456029534205445,6.808041129386663,0.0020999806215926,6.869024153657891,15.496212347717949,0.0861806211961637,95.7822462735522,18002804679.254276,0.0
2.259372768209259,0.0892871105159523,9.95798600063723,0.0155150683285538,4.183191632936139,11.866828962561186,0.4852185863200842,116.4793389885628,15252200557.814592,0.0
3.890802739367975,0.064602012427448,5.466547269373641,0.0351278348389787,7.558297870306222,10.339940647551346,0.8201610254108456,80.23911302836409,10491483771.505154,0.0007580035140634
2.835725198313123,0.0646176097353398,3.6737058165802434,0.0278711940847914,9.49700217111532,7.521623186544175,0.8121199440215526,113.47326262141414,14041713110.58694,0.0008352890838961
2.0980605581549043,0.0706671256148496,5.570496039071237,0.0310327709004375,6.617848409126078,6.574557597273192,0.5993449676865624,99.938640635386,13366888901.003716,0.000689561302674
3.708039952977969,0.0268263262732723,2.329087671559055,0.0075011370607089,4.674070047777814,4.8096269475270415,0.1509084329697864,119.7652802458696,11151722643.41928,0.0
3.3348186015684167,0.0646520378824121,4.486328424698606,0.0048654141672735,2.8062408825251466,12.538653990218387,0.1998448027060118,116.0494385012608,13625161159.326506,0.0
2.061796990773694,0.044032322277377,5.145311029614361,0.003971195649713,2.4726433075475747,5.250629194602904,0.3681875779081613,119.67632561777091,13640978352.04393,0.0
2.0420518586656056,0.0679066791219145,8.905714641609325,0.0089756361331768,2.7170239934389797,3.618710569561394,0.6455066789390508,112.01568793835052,13148416602.35801,0.0
2.298853975985177,0.0391541627699097,8.831659006088282,0.0229086801675956,1.7519243522953605,1.535672370015071,0.5683622711788028,122.13126454027832,11498707451.638706,0.0009183574482826
1.854478255963692,0.0920951393745021,5.936380393296719,0.0046135015870379,0.8813328682248162,4.864129880275394,0.3480732265421474,126.91532854602988,10848137376.855831,0.0
2.364803151290798,0.0555329715295805,5.742237268592576,0.0366654245025839,2.7028250827426823,12.155556960586166,0.6871008162860761,104.0657277973818,12032932339.688017,0.000560506733977
0.2444216922857693,0.0746752294244163,4.9351459257902,0.0231671037721309,1.282246305777034,6.3581081132246124,0.2617079816494367,118.3484663455852,11309961432.901426,0.000599895168101
4.346820630509614,0.0813754618833085,3.1277473436077243,0.0173878050499299,4.282117380812029,9.362273898892406,0.2930524228810326,120.35632165103226,14721867876.870407,0.0
2.7079405836590085,0.0200280074624648,6.843699306983806,0.0167616816654861,2.3814117644617045,5.079825913285226,0.1522759112000559,100.53717112102242,17497617666.333942,0.0
3.8200500816126968,0.0226516603849982,9.163335110580748,0.0781209113155817,9.19398635134655,9.21159698709774,0.3622186556576646,104.65024562296192,19936080987.052467,0.0008934905376539
4.851024999756872,0.0744608828234746,6.127138408702222,0.0042493352937414,9.562972068980333,1.410264745703361,0.4322769165772717,96.04377239877354,18352587701.22052,0.0
4.10736541573685,0.089791316797183,2.393039995695776,0.0045529322509184,8.80774261892333,5.452739044820178,0.0160469880036708,122.89442953758784,13016375398.007303,0.0
2.2766972251657744,0.0493550394257071,8.02352781742315,0.009625270012612,2.337946112120135,2.681259340280298,0.6602201623305735,107.23701178189886,12348715873.101055,0.0
2.851371798370031,0.0700775926744955,3.445032543366332,0.033171257004525,2.8072355073202377,5.632282733272503,0.1604051260473314,110.2176138468349,10033355071.073578,0.0006066023809718
1.8906704147614315,0.0228011736987102,9.103834549496492,0.00959285388954,9.277927706617524,3.377042717194054,0.5799822235516359,118.45002625583436,10523813592.917322,0.0
1.2280977177667391,0.0283204335000775,7.964077359929477,0.033941869646206,0.7152803455003716,1.2331885832411371,0.7491557176906071,99.444787339434,19457268231.668262,0.0006020355950208
4.700942468402882,0.0260785436869662,4.034215681287772,0.0232803269162302,5.4307882996400565,15.64947890112748,0.2851190637457552,89.95355324093164,16436513596.0766,0.0005705255390998
2.0420518586656056,0.0679066791219145,8.905714641609325,0.0089756361331768,2.7170239934389797,3.618710569561394,0.6455066789390508,112.01568793835052,13148416602.35801,0.0
2.0420518586656056,0.0679066791219145,8.905714641609325,0.0089756361331768,2.7170239934389797,3.618710569561394,0.6455066789390508,112.01568793835052,13148416602.35801,0.0
2.71199276799192,0.0934421888389989,6.961242068297869,0.023885209091207,2.338386319618344,1.3630407506486044,0.2448681294497487,114.26080501106516,10192982820.220114,0.0008448377566775
1.885365468795094,0.083242635254954,2.6233272103178185,0.0074449158595068,1.2937615668515967,3.319205298495008,0.0905558501453516,92.16978116607255,14028198996.69918,0.0
0.5044823256669048,0.0157692461844708,8.829650687412597,0.0093407885060836,3.2037779760814704,3.367908542543604,0.7550506720787791,85.04288401190337,11375429166.051416,0.0
1.364925215494969,0.04391912091467,1.524837902313963,0.0033305271777176,4.245401112818981,2.1991816736855,0.7742988656155815,106.42350130136587,19211594535.491585,0.0
2.80046626103413,0.0617396004172762,0.6810262220783112,0.0011528165794827,3.822917244762976,3.9664331934096175,0.4349519858771211,111.16272896257531,9027718555.20218,0.000506583570936
3.610143035480668,0.0161084999526095,7.03285554661395,0.0078572088072927,8.577441636905839,14.357929338218904,0.793376083973959,95.88288653347362,14279287951.10155,0.0
4.354554255482944,0.0415739151033801,6.069673503733469,0.0968891783198083,4.612497913883588,13.783729264524892,0.4215701990271131,128.61302958878227,14413158615.4281,0.0012607766134401
3.824531145960098,0.079615248723017,5.3564899871673335,0.0310952625149709,7.565094353243139,1.450559835882673,0.7241301740348846,90.1377994770504,13700881350.55438,0.000806267199727
0.919266503380222,0.0588306957105671,5.157109692859136,0.0360840309613005,2.985255989704884,6.879129177579543,0.7702914326265135,118.4007394647602,9638543158.82807,0.0008009486271067
3.797552432428388,0.0286301879712407,2.1561069941754227,0.0075239596202599,4.839326640571299,4.998707036966624,0.1622144704295592,121.69033258808878,11422187314.811705,0.0
3.1369603766281005,0.0481067530394173,1.675840589251972,0.0198466575274108,2.396837358561788,2.905951725208297,0.1057337376699853,127.9656026835736,10403631194.086452,0.0006077112669136
2.438256182228979,0.0954799972645206,3.0829452717217616,0.0281384456139233,0.3638495589916871,6.836409020827647,0.3203596933457419,116.08451636492067,16392416955.462269,0.0007350658796083
4.007574617666621,0.0689089035198451,3.9577195412880815,0.0179755313445896,1.5439692255908888,2.413058986900945,0.1144826025288749,129.20496682490443,11339007088.021412,0.0
4.761452628256003,0.0808883945076288,6.773646765934768,0.0098077096190607,9.451266771984468,6.764855616503298,0.0712074095835349,125.12912031648904,11238742363.274883,0.0
0.7904645269817403,0.0438318007651453,5.8037083215589735,0.0268925652444216,1.329579327504069,2.7648597728550186,0.815100062593145,81.5464982018726,12106405350.674252,0.0006111425174696
1.8767944658724205,0.0321577771204307,0.7169508623112136,0.009526964013918,1.042096228135334,5.6897747263459255,0.5539495276404056,116.73103706041692,14931568463.751225,0.0
3.354220482238893,0.088578579254157,6.320227667765902,0.0119649301404338,4.50714645685174,8.525784942903273,0.1562159681634027,110.45195483002745,19044042238.01441,0.0
2.8434820643358454,0.0802121494536492,8.073836059530418,0.0178412872734612,2.915257526771989,4.224655165565429,0.6472524496600607,114.3168181996719,17760476535.880836,0.0
4.746296299483558,0.0915727059720662,3.5025896507667027,0.0042241985327505,5.6886802031208985,8.637861991346542,0.2938476450543034,119.66869373408632,11475194914.480864,0.0
3.290830064726181,0.087332363502382,0.33401947066462,0.013082699724673,1.2527802656756502,3.4323925261578423,0.0183227991855415,72.95458602552392,13375843211.917418,0.0007046782670943
2.978066067502432,0.0703487171972184,5.819822226267926,0.0177315319911609,0.8458796910682106,4.121659039539097,0.6380964573995976,121.69203338175303,10410759033.60468,0.0
2.1428227290111983,0.0852599026906306,5.460409832708684,0.0156893226603358,4.442378165795549,9.92664041183843,0.1555771972713505,114.2845779431848,13130914320.4859,0.0
2.579962940311261,0.054013966973007,1.2546367512677017,0.0391176412154383,3.878771269393909,3.126905190172084,0.5454753902124637,75.9424497211222,15536346584.275667,0.0006121043349608
2.940980864756308,0.0957726016929253,9.290249062408694,0.004935311241715,7.85877369055278,7.274794511824498,0.0365827329631712,97.57090574803516,14745802434.732376,0.0
3.095145137899449,0.0514746244974319,3.675441741620925,0.0395886717987904,8.487273535405592,1.2718312546770107,0.0850945397661144,105.9420922703584,11561354336.922377,0.0009436050453544
3.948255514859176,0.0601726757841126,1.294828574983321,0.051879357194076,1.9087839938431928,1.1217185842104669,0.1733325124766096,79.34420182590955,17871881346.97287,0.0008320103856948
3.30622241287046,0.0356135274836475,1.6668330783321366,0.0312022466103628,1.6632483675347929,4.821443598568849,0.6134170507289146,108.51773733259716,10046524769.386446,0.000574373981204
4.163390876252572,0.0762491516843835,8.461373400907474,0.0041202559776981,9.40529040072832,5.908805575291211,0.1061631546572669,82.35642117146301,19255828271.74608,0.0
4.72493232939385,0.0929462948803586,6.792624732032698,0.0221671992449477,2.190052946547244,8.730882365538427,0.0541884365207917,107.13252622417028,13855350909.432049,0.0009099403621612
4.42016023304758,0.092230227100041,8.403918350430754,0.0142179815203518,3.5564305054853,17.709584816776374,0.2907363374786041,119.14617681484393,16001833546.074434,0.0
1.8542440628116037,0.0733147365851498,7.896264599635148,0.007001017150595,6.777960859996418,15.20292239729834,0.2066874350545465,109.93197636672004,15807239904.185484,0.0
0.3900139713043817,0.0446023793857666,4.465968009832478,0.0026348343776917,7.952040492178092,6.733154657318565,0.3415571367655216,99.94675106739112,12435764362.526354,0.0
2.0420518586656056,0.0679066791219145,8.905714641609325,0.0089756361331768,2.7170239934389797,3.618710569561394,0.6455066789390508,112.01568793835052,13148416602.35801,0.0
3.737005717249069,0.0270605043219979,2.165631399691517,0.0082607862421339,4.657478335971421,4.962286830634022,0.1617165983600841,121.76293590462546,11346237918.752298,0.0
0.7904645269817403,0.0438318007651453,5.8037083215589735,0.0268925652444216,1.329579327504069,2.7648597728550186,0.815100062593145,81.5464982018726,12106405350.674252,0.0006111425174696
4.348070754903335,0.0605786203441068,4.721666961222811,0.0143200626717247,4.411389750169509,4.516066925577057,0.4297359438254705,109.82483463939876,13599227313.40534,0.0
4.830261362499013,0.0889628502659255,9.251075075930144,0.018975079475628,8.627753774357243,1.4617133328332257,0.6876515618530336,77.07778441564217,19957370524.26043,0.0010211758870403
1.4386089090866612,0.0623551710705799,5.44161391170639,0.0524006790312506,6.105369141204435,7.845860339667019,0.5691327748177925,124.17825132498248,14421772563.376429,0.0005247355852042
4.200803010940776,0.0354559660802209,0.6942320170663755,0.0885800562016618,1.6799386362457296,11.292139988613476,0.0784873204299629,120.84582255395496,15182441403.759115,0.0008062689791027
2.242306529350282,0.0983151845084829,8.076597453522579,0.0120458194397406,1.806439613662088,7.152583934660895,0.1544039437236291,105.10269437608896,12458195583.120329,0.0
3.218233867718443,0.0188932818748577,8.75829231275623,0.0100697315765607,8.639595403539483,17.762662610657074,0.6204851485378771,81.24348644606215,16051959529.391624,0.0
3.574316918503227,0.0225910979652086,3.3249614589805154,0.0073404523907193,4.137039312459966,1.9317352663007448,0.6448313725648628,105.69135364500148,9316677042.07838,0.0
2.549444762928934,0.0177354006942696,8.281939266994797,0.0078863534688331,4.138539787558462,16.04859639711462,0.4682559063151065,75.02572642470432,18438281937.467224,0.0
1.022761522949162,0.033259569739199,2.1800556951321584,0.0112030127511989,0.7265285181905076,2.3242110041132023,0.5846719608795184,123.9771509290301,15408263905.86183,0.0
0.2363485188098969,0.076198529909131,5.441522235190601,0.0199152635651743,1.5282318383995304,7.857598618564022,0.224925148923563,119.24381865378878,10641651741.365875,0.0012354271470671
2.552678098904775,0.0326775150310335,9.308770382957004,0.0036022905557467,7.281882662395622,7.818241435321946,0.136049281600821,89.24935626915374,15215456667.432308,0.0
0.7353187977079872,0.076442418397989,0.1859605076137875,0.0147854421263222,4.946761199423492,16.570045473465928,0.1864836060314042,122.11809567322764,10972815049.918304,0.0007049622705291
2.876808413184706,0.0901840994720751,8.37301813926151,0.0134685823699683,3.455406940839716,2.9730154513121647,0.6612230819233282,124.05835840863205,13323096989.109238,0.0
1.1366248949084672,0.0222647838646213,9.532655682934417,0.0415300624785907,1.950067964101704,4.035735691033859,0.1523856940910927,117.02829261314838,14379842018.56672,0.0009803285311032
0.1438396099929695,0.0824854437777551,5.193027004069851,0.0138855656558333,5.481605751670111,4.520845740920374,0.8087131823020004,61.745275398833485,12423018891.377214,0.0
1.558461056601904,0.0154889887044876,8.580068898175263,0.0970337534223112,7.790517905719307,1.9086357882540212,0.6925626810917718,63.114831083752,11891813721.372105,0.0010177101221825
1.0336147010913224,0.0645322165356856,0.5426937913013246,0.0124550574068738,0.2265173143466036,1.3516740873823034,0.0763545022486171,113.5082437115024,10034954195.195938,0.0
2.437674016124712,0.0268018361910426,4.963201863601489,0.0060172058274184,8.504800537936472,2.98637736999982,0.1880762452112183,94.57255308933247,10271075863.932594,0.0
2.114002132106353,0.0742954981735456,5.368713313210989,0.0303043662888886,6.655608122817479,6.868899123720745,0.598711930818836,99.57437033049618,13161860864.35982,0.0007081728535809
4.813655129768273,0.0841468338039425,9.36307326996468,0.0100720907951663,4.512920861542592,5.818655322966278,0.0982487369003947,111.78229089465972,18799905153.42825,0.0
4.243658675806269,0.0808283165030522,6.456853988212478,0.0048285860347549,8.539067243243814,8.734509831806742,0.2939945916283248,104.5145582109312,16168617054.182505,0.0
2.7340373553232022,0.0942379667560447,1.1463919767968798,0.0407756649452579,1.526309492957053,2.196145936145129,0.4540905595166249,128.82922584900302,19811213307.46365,0.0009532263617
4.935991403681172,0.0952450057774235,2.915813249702269,0.0453971787452399,2.7682754925513127,16.48325075189979,0.4668101308924368,123.26347902257751,14331724229.500526,0.0007408572434357
3.628977980468867,0.0456029534205445,6.808041129386663,0.0020999806215926,6.869024153657891,15.496212347717949,0.0861806211961637,95.7822462735522,18002804679.254276,0.0
1.498214970410854,0.0220929893807952,7.445502024864195,0.0413544313797472,5.798274030411537,3.526224522652642,0.2986813733029843,128.16107240656115,9330029082.970287,0.0005865181193104
0.4947124109646335,0.0731179138026498,5.525008778082367,0.0076548576937346,2.4675905062789534,5.842108899066376,0.3712914809194811,127.3215250936197,16550585527.649546,0.0
0.7904894467161827,0.0438447557893004,5.804962879252205,0.0268808765804363,1.3299048706559442,2.763821871717703,0.8150651170702873,81.54917231180971,12109060265.64545,0.0006111224623655
0.3072394248535537,0.0538274816837602,5.465744062956873,0.0105569289396399,1.0685134108766927,2.813959233396552,0.4865255109211113,102.12954547705628,12718222267.779572,0.0
4.312350523502108,0.0334749200563759,5.377476117971712,0.0327297218342134,0.6277710611467954,4.81791591546488,0.8086253353895825,127.20023144406296,9444402356.59982,0.0006844973841459
0.6397053977219771,0.0279591301444412,8.10518354215213,0.0078285953038219,3.219752428848787,2.145960036360826,0.7318530982163037,105.684810888291,11429247122.396463,0.0
2.2603096818889394,0.056912653644583,1.29531285570855,0.0083932978136774,1.9175941300373571,2.649954023231708,0.430456272947967,128.26304259673444,11137336843.634724,0.0
3.67426054044745,0.0781573529471544,1.4142584178031812,0.0085040955461481,1.8036513804274303,4.382464816974569,0.2866738262725271,122.04662716793976,10478342171.551376,0.0
2.835725198313123,0.0646176097353398,3.6737058165802434,0.0278711940847914,9.49700217111532,7.521623186544175,0.8121199440215526,113.47326262141414,14041713110.58694,0.0008352890838961
1.221779844980276,0.0637159122410205,4.178590951249586,0.0142476571019547,3.436591705086387,8.073766538770997,0.5524295502863191,128.5717078606114,10861909990.808878,0.0
2.9316039987945044,0.0514772244980422,4.602030205688385,0.0109463044780774,1.2499638438454417,6.654119816423042,0.7583673010774162,121.80450232727452,10816305313.614853,0.0
2.4404757502162955,0.0311408436390934,4.1556899204403,0.011872273991407,3.544924466882577,9.66361054835394,0.4763428048630291,120.47752771450833,11033418752.356144,0.0
3.771945409004715,0.0770735587460289,6.913612903590416,0.0034256174962435,3.847221733741725,3.811881244574464,0.1438588302832269,124.92904153934,11151663029.2269,0.0
2.1681476444667127,0.0767646147764696,1.0083394432742423,0.0228943229707223,6.631622335660723,3.7613758213371926,0.4099120297728593,123.7154182012378,11409035745.400286,0.0005198703484046
2.475150153651025,0.0790576322016148,6.799525091806125,0.0411149406874235,3.3614250635779905,7.948410516505948,0.4134892142380907,93.2995195120255,13644333330.415451,0.0010120376571389
4.095462550984163,0.0207989872673379,3.4642405115968047,0.0044507506328448,4.016859813390056,2.497717649016385,0.4943949317692906,100.98957452535076,9396602129.645555,0.0
1.5681137867634978,0.0693632328559525,7.4017408990947855,0.0131110795423165,0.9611676617099716,4.895526392758867,0.683446746093111,118.6625136831331,12415223815.432035,0.0
4.070539065833549,0.0578527686274023,5.030489541408871,0.0222574126421903,9.66573945319485,10.932848901651392,0.442378231347966,91.16054042381931,17311829423.668083,0.0010902071713972
4.2591871777385135,0.0781069760237926,1.944928467550184,0.0219949978954498,1.8153803275241744,5.466802983698257,0.1841300563997176,119.90167938140615,10683559151.448624,0.0005266853308609
0.533120405858574,0.0472607263516641,5.888621288158888,0.0350903182655153,1.5328346147530407,6.257973031478203,0.5277466376003075,87.40095803659338,15779699596.791977,0.000966366459544
4.598600988628199,0.0432845210593807,9.630948543593773,0.0139835940288363,1.9634083221720957,19.92804359231528,0.735651352245607,125.83515428515408,16340208516.798782,0.0
1.1903395802973198,0.0395277293660045,7.787633807331755,0.0046369408673556,9.228490691546789,2.6399961081911902,0.7560805180592369,103.9904742588926,9539702772.118477,0.0
0.231164887656773,0.0717839683870411,8.207356537964262,0.0097437251067431,2.422292357238476,3.025981396876232,0.513929814337066,90.9953920784994,13728936888.307138,0.0
4.401356887955639,0.0795304743880393,3.660956430896532,0.002132040506786,8.1185277000819,16.76403636102983,0.1551387282231603,117.475161790265,13878878280.555777,0.0
4.243658675806269,0.0808283165030522,6.456853988212478,0.0048285860347549,8.539067243243814,8.734509831806742,0.2939945916283248,104.5145582109312,16168617054.182505,0.0
0.2652714424115627,0.0532959754453557,4.384839825522706,0.0291698945682302,2.542254238317761,4.883600663726492,0.6446216427387792,129.23998412588736,9337722129.191631,0.0005765001490441
0.8469665905295621,0.043352461109527,5.196344163779229,0.0086896568413814,1.423756280243532,2.187905568959042,0.4470114172268474,118.53199602797488,9973723756.54404,0.0
0.9610440460481312,0.0444746164211443,5.440012168379944,0.0035451437466563,0.4475822051506396,1.831796863155142,0.4545723712597891,123.14982421259803,9863178517.734913,0.0
4.321509488630822,0.0515118253405084,4.188231299310157,0.0582331934332087,3.0315682345666075,3.5951608339431305,0.0384845468407202,128.94157016514396,12528831920.150557,0.0005968667717311
1.218777366970501,0.0632888304451361,5.671025661652523,0.0021302866597711,3.343979374612856,5.286202875066522,0.5688178922683904,124.84668556724148,10208306553.443571,0.0
3.360110510625384,0.0222749926009806,1.0096071706443026,0.0389384672498729,7.146219139121751,1.6128353070812496,0.8165578365153873,105.5956100486157,14028853658.1491,0.0014116086670691
3.0353072966210206,0.095930622940213,1.6647255284687603,0.0845612561688422,8.434602012923767,16.893828123555185,0.1922675389594256,113.99259342027791,16449154269.862411,0.0014832070642759
3.970225569215716,0.037186759418576,7.213099085531451,0.0022683114722873,8.78019561737425,16.890643440986242,0.0588175697921089,63.15571757695789,19729315754.12032,0.0
3.859118124892333,0.0611566222373194,6.620015936880945,0.0559198085509895,0.2083081893993345,7.217865815306728,0.7078058263760011,109.73974077143532,11064648666.722223,0.0007914465335577
0.1921384071292799,0.0233836437127538,9.31519542518137,0.0116172736076827,5.296536527604771,5.249648452865728,0.8221699949311382,91.60281357111045,10076443101.69053,0.0
2.062924030504116,0.0419685640041022,8.404951651391315,0.0051402619411508,2.57192914714577,3.0346692202407195,0.5652713438634104,123.9885904493106,13803939375.297785,0.0
2.5791951144721224,0.0967849169139665,8.682949531073257,0.0197444835267349,8.898466892438563,6.49845320333208,0.6485273275669312,111.11557830781486,11522094446.48414,0.0005493743613575
2.0420518586656056,0.0679066791219145,8.905714641609325,0.0089756361331768,2.7170239934389797,3.618710569561394,0.6455066789390508,112.01568793835052,13148416602.35801,0.0
1.5098410287013282,0.020032590462086,2.475548170104943,0.0167752541068588,2.1953903055171478,7.716271480791037,0.6676311661068443,109.9716362603188,15082220631.363695,0.0
3.9833533730335207,0.0794306399849083,4.183012510150877,0.0111779570716388,2.707952477163896,9.906021543649384,0.1077266263450414,126.53373862309442,12039834082.92995,0.0
3.1646881566158096,0.0298566178128244,8.168374421754262,0.0085249749432814,7.6092724790561395,8.289304886029166,0.6027080650851189,74.1898953639506,14276572035.85656,0.0
3.390357011800832,0.0696987771725838,2.9552704380661377,0.0053979950390345,0.1418888513461094,6.791689935988808,0.6063051938572509,127.10733747847496,10832629387.363691,0.0
2.6929501468336974,0.0727128352176441,5.749770821158792,0.0099254735995544,3.560031556681877,2.7433514172115605,0.2574383543335508,113.48010779967306,13207013521.723806,0.0
0.4538394286252754,0.0526035471201366,4.079716402990719,0.0508799979055718,5.878909419202253,1.742747444487565,0.6113763745804465,115.77425215105129,9434229996.416546,0.0006675152702174
0.6414600219142501,0.0139052854554462,1.2056503046640676,0.0112516099046764,1.8210200207858416,2.589952678937487,0.6483524125203494,113.6202590785625,14891567131.462791,0.0
2.835725198313123,0.0646176097353398,3.6737058165802434,0.0278711940847914,9.49700217111532,7.521623186544175,0.8121199440215526,113.47326262141414,14041713110.58694,0.0008352890838961
4.336873209257608,0.0919222243580615,9.814559119233676,0.002520871747862,7.301438034191022,10.045487896837546,0.0292669116771899,100.79186851524474,19259298035.74833,0.0
4.368539187917127,0.0472596996388866,6.043295544562594,0.0187274785169361,2.044614443447321,7.191463558178079,0.0765903916057797,128.97223492295532,10060173103.14526,0.0
3.3013875378330773,0.0350734467709095,1.5830782783763515,0.0298727794265905,1.4249992905440725,4.747197362706792,0.6086789440500303,108.23233112947378,10140808018.5585,0.0005784149171829
3.4001856627966576,0.0376949505744927,5.448958172079989,0.0052412439483054,6.000662004282673,6.375733525139713,0.251036526151196,96.19609308485002,13503064087.337664,0.0
3.987168072975905,0.0059290208418061,9.67332252819846,0.0867525629279854,7.157271272809207,11.020753234929428,0.7267394971999519,70.31724415500338,11714616660.52992,0.0014463433141661
0.3164143977060901,0.0537887524272573,5.471662382059737,0.0104992587325701,1.0399336626078357,2.8498465969655693,0.4834236394501906,102.30089579772849,12745159257.579872,0.0
1.6531463992864015,0.0331889899745199,1.7834171097040024,0.0103174132876752,1.1200504220206242,5.933132623231503,0.569788914573102,121.9625852846452,15156056139.89694,0.0
3.6056944361102703,0.0607838808204392,7.965334887816635,0.0058226019679767,4.121767769954805,6.238732978791317,0.3670689181898358,113.21398206678488,9368866267.299109,0.0
3.02368982480075,0.0273928653813473,3.3717546596603456,0.0476640915618387,7.07429973387938,3.975109848970966,0.5072994428910644,123.72638018753248,9028114368.817486,0.0010149802027699
0.3508392587248504,0.0413272950442823,5.814683047330275,0.0083177866155129,1.003309264177075,3.4601803363234063,0.6377742932758745,112.64741803566233,9729578310.229528,0.0
3.339120385673022,0.0624673842026329,5.992993457957954,0.0070366929998797,6.067138365582332,5.698078826408846,0.0327002301765116,124.94622310218432,12416585651.840729,0.0
0.2443119369512308,0.074793941820217,4.94587601740488,0.0231266316531168,1.2866799860829623,6.370707606074734,0.2638695683110223,118.27288072455508,11376780886.138033,0.0005931379111213
0.546407964209407,0.0876468186377845,9.662320455738406,0.0045234749824309,7.45684484921716,6.331987540724251,0.280310360519327,128.34750362267903,10235337591.385674,0.0
4.391526575715386,0.0846223187141262,6.880237380500873,0.0164098802222565,4.500177638532708,1.3177644684853806,0.4239775778002301,116.2605353225432,15160288100.943306,0.0
1.7236910099272809,0.0641597132577941,7.226326242445347,0.0157172201078895,9.953677609447023,18.460710554953334,0.6993270689878046,71.6073373707282,19125332622.035744,0.0
2.835823286467878,0.0645884306767324,3.6703201709978823,0.0278545963718294,9.497224793866062,7.5239934680713025,0.8121685313425727,113.46040605858454,14046083830.095572,0.0008351664340593
3.608126661155561,0.0930483586951035,6.438472814077095,0.0382564880869318,6.099238461669809,9.212333544887947,0.6880454231469357,91.26440029853184,18993154430.555824,0.0013847903759566
2.3742299066788743,0.0386600535794143,6.292325404481402,0.0068681930967256,2.4839137824608306,5.252574219242353,0.6293064751554909,92.18183495875309,10033767396.987656,0.0
2.007271569793136,0.0660625006875502,7.931595940705697,0.0047558146603564,9.115384302743664,4.564228700102269,0.7350155729587884,107.42581460823943,9355773313.528193,0.0
2.3936179186427364,0.0790470495074568,2.2012928669260976,0.0175521231568019,7.698546458929417,5.352087640599641,0.3119503781494407,72.55296065633749,13626172812.142147,0.0
0.6136925677934655,0.0714105508004218,8.762085403459132,0.003006418966387,0.8182659852968039,10.255477604444025,0.4079669595057425,113.8866249827145,18252239656.82058,0.0
3.586113617865957,0.0668324516130677,5.533355099842818,0.0228551633486951,6.198687992986601,14.478628928213698,0.5806435854920444,99.1312636431538,18685354936.40626,0.0008911487875651
1.8363724180479937,0.0910713558640853,8.330744483789491,0.0788154748340667,1.287049841112365,1.817746126756517,0.3917457834191378,63.80095230220899,9801422091.754765,0.001220636958179
0.965283349479398,0.0313772209981941,7.586774581206923,0.0199380831149892,5.959211873353454,3.509540314812377,0.2807140873066602,102.30506868490608,10671952306.754255,0.000964819952843
1.8906704147614315,0.0228011736987102,9.103834549496492,0.00959285388954,9.277927706617524,3.377042717194054,0.5799822235516359,118.45002625583436,10523813592.917322,0.0
0.5676178064475795,0.0394463979642047,2.959437921525074,0.0363058756703998,2.3312567377500546,1.1583153067330016,0.5763776980179416,123.52016848013872,10679555507.513325,0.000565979359998
2.4451236804172534,0.0759074577302332,4.622124931396485,0.0210065966151306,4.773804164848386,6.796797560348727,0.4685213168722362,89.46630096540568,12112262727.9931,0.0006417784602923
1.0752652887568728,0.0601121726257405,7.012573060192093,0.0141508294514407,0.8904418741767604,1.3722089912389606,0.7158648325573402,107.93310322668778,9141825155.926992,0.0
0.3164143977060901,0.0537887524272573,5.471662382059737,0.0104992587325701,1.0399336626078357,2.8498465969655693,0.4834236394501906,102.30089579772849,12745159257.579872,0.0
2.68207098377529,0.0346647091422179,4.455021033734005,0.0149187416169988,4.913853925296313,2.987566281262986,0.7093188415864173,110.89321936123854,10171240902.743176,0.0
3.598239029081639,0.0141180651106557,4.798398845441303,0.0707567102262382,0.6993453766921348,4.783623045410498,0.491378992052389,60.16197853725308,11046839064.29132,0.0013738517827145
3.1369603766281005,0.0481067530394173,1.675840589251972,0.0198466575274108,2.396837358561788,2.905951725208297,0.1057337376699853,127.9656026835736,10403631194.086452,0.0006077112669136
0.3072394248535537,0.0538274816837602,5.465744062956873,0.0105569289396399,1.0685134108766927,2.813959233396552,0.4865255109211113,102.12954547705628,12718222267.779572,0.0
4.973571028040556,0.066642409931282,0.9341434179189956,0.0106619545105019,0.5535277634057572,6.941342189843042,0.4513166883412845,109.63232186815324,10283127327.10792,0.0
0.2653194303595202,0.0533042066697018,4.3839149003096,0.0291689661800342,2.541734036081544,4.887934208026621,0.6447090723042591,129.21903909700234,9337583618.53584,0.0005765021183637
4.990267388080788,0.0726874279772858,7.154326693517801,0.0800700189561622,9.53844863784072,9.312755426130291,0.5054726616100449,124.65819623476077,17324393172.584774,0.0014144794533683
4.650623287766078,0.0829714169359837,8.00988017492686,0.0070427599595323,4.129942682260269,5.476257232085923,0.6928962865465083,98.51926793949268,13314996052.422253,0.0
0.5172911384612853,0.0401651577911077,7.124980309144702,0.0157937901443517,0.5092810177026771,1.855005566866782,0.7431392776790186,107.25938273194896,10919893329.40643,0.0
0.2363485188098969,0.076198529909131,5.441522235190601,0.0199152635651743,1.5282318383995304,7.857598618564022,0.224925148923563,119.24381865378878,10641651741.365875,0.0012354271470671
2.905018532883453,0.0553015597108994,7.379767983351638,0.0057914583129268,9.096034874418429,6.98221460701042,0.0831243266187281,78.40989875563936,13013712791.33406,0.0
3.2967379170098874,0.0476430451030014,6.606665766366786,0.0235104242662295,2.805654030630276,2.0720721252258403,0.5403855324986185,106.03198025154848,19240556181.627262,0.0005486509364993
0.7496961828480766,0.0499302332490242,2.4368549615446424,0.0508086330186147,6.8659753908115455,2.5565659329020924,0.5695122685772601,116.0667354080847,11149613991.36599,0.0007417632052994
1.701495630706648,0.0573349585492393,4.004601370599773,0.0262862045793663,5.153257414618204,14.133405246751511,0.7352208047860935,115.01884618763177,14691846592.800848,0.0009324002963687
4.862074523090751,0.0778723485641565,3.527696702257197,0.0399618319367923,0.5446982325775362,8.652878899641424,0.6456013337564165,107.819769841356,12007783267.507002,0.0007898895673434
1.969755570979155,0.0324723749150626,6.803977471810667,0.0062021997402554,3.652986161562316,7.446959318772955,0.6926811560859775,82.78102179710407,10155385885.323734,0.0
2.9812380327326578,0.092550579631633,4.370914787541339,0.0055027213860897,8.92203664699056,4.067410151284896,0.1503197949025026,123.65678063263547,10211678095.824553,0.0
2.6287016990370278,0.0205385401311038,7.474529358612589,0.0142613843709234,7.592744856397056,16.004482668859687,0.4785622508182969,61.57530742618013,17786403750.625652,0.0
0.6115620061395832,0.0065912780570258,8.548230313082437,0.0515058211201455,1.706618708840277,3.045578651114887,0.6664871456496506,118.07964720506048,11003590866.91587,0.0007205798415943
4.368539187917127,0.0472596996388866,6.043295544562594,0.0187274785169361,2.044614443447321,7.191463558178079,0.0765903916057797,128.97223492295532,10060173103.14526,0.0
3.219534303669582,0.0926962181386693,5.699175812003134,0.0022027945303205,2.7565524613054446,8.471681337356278,0.2649588386564256,116.99360028537282,13972505840.26694,0.0
0.5795179069036518,0.0858570861173397,1.2052404527368272,0.0036333383856793,0.840175246339842,6.53012810156248,0.276402602964986,127.76762093063284,10149771531.017448,0.0
3.750771595297471,0.0646043921052686,6.314094287064846,0.0215632919265786,9.803787911964196,5.252048048700741,0.1244894048710823,100.5135526994775,17538568093.34157,0.0005631019238171
3.821847569591789,0.0289377886415997,2.2818433047809,0.0090281894578832,4.626765098486674,4.919073812151774,0.1544506315409534,121.64524110767432,11353595897.347103,0.0
4.862074523090751,0.0778723485641565,3.527696702257197,0.0399618319367923,0.5446982325775362,8.652878899641424,0.6456013337564165,107.819769841356,12007783267.507002,0.0007898895673434
0.5450705157023887,0.0875987489379304,1.422318492448485,0.0045195321685957,0.8728993076807785,6.331671656676165,0.2803742692485438,128.36622843871402,10238841589.088991,0.0
4.095462550984163,0.0207989872673379,3.4642405115968047,0.0044507506328448,4.016859813390056,2.497717649016385,0.4943949317692906,100.98957452535076,9396602129.645555,0.0
1.4761009232977027,0.0126457594625418,1.0654371722730172,0.0182590861611428,7.986145482511328,4.111280066201944,0.7239720178813995,120.88297470525534,11420592030.58608,0.0007071617869316
2.153950825249457,0.0323164557279056,4.2791451677591335,0.014629925889851,1.1000426350414316,2.891755562530164,0.607699153311065,129.0407867084092,9891557024.55779,0.0
1.9046372935533291,0.0278044625618262,8.143060765017315,0.0414454824471055,0.3247216866083671,3.5713704214453266,0.7688032771243527,112.77403246906206,10503301265.3227,0.0009594332029823
1.080424287909513,0.0557992294081332,4.550447726886442,0.0499079971733717,8.58271390489806,3.723829184935513,0.675060805822524,85.3279629810451,19313524717.9595,0.0007775290996352
3.761977208676255,0.0473369420631643,4.294077832024687,0.0067173827008783,5.89462857272524,4.934068398409352,0.453674998509751,121.23201670946476,9948037938.84126,0.0
0.9841299638036582,0.0583789669873063,2.041766168747177,0.0169560340049006,2.205336948256486,1.5592725789840989,0.8205813161998251,121.7201135451963,12163434670.502577,0.0
0.1938562701510275,0.0234572274193956,9.317656136805075,0.0116007532511676,5.301481014707696,5.254521357170549,0.8221197834416937,91.5428678815785,10084672993.904257,0.0
4.6210393318052,0.0161278630257939,5.473525812416287,0.0052367689395753,4.813193949476952,7.51508008939448,0.4159969486475842,79.37698819821455,14742215732.34359,0.0
2.911750407828774,0.0848484835994259,6.082788174244332,0.0226448535084755,1.3792888618820416,7.397925155345826,0.3450362692930498,81.71943435798279,10748654453.075008,0.0012890412905146
1.498214970410854,0.0220929893807952,7.445502024864195,0.0413544313797472,5.798274030411537,3.526224522652642,0.2986813733029843,128.16107240656115,9330029082.970287,0.0005865181193104
4.989939311976965,0.0855118661092595,0.3230272020957251,0.002406862851345,2.881568608228722,6.557141178591933,0.4769958137180592,122.30346650858812,11424773582.033,0.0005535457328291
4.09110877314698,0.0641694665651056,0.8621918100921624,0.0035913972254105,2.517457770234069,2.791017419002883,0.2515013013439282,129.7523638857249,10408008747.11771,0.0
2.547516621649853,0.0185839971253071,8.155322827049044,0.0085090607853664,4.063038847402075,16.197360843764393,0.4439323897242224,75.52523391643932,18425158592.33736,0.0
1.3628389616063612,0.0627254092796888,6.212051001637361,0.0037857754089842,5.66526051239134,5.455264129022109,0.1664652344884818,111.39326698207468,10711501395.46785,0.0
1.0825939183176885,0.0648815116398228,0.4436302297539024,0.0123799771411445,0.3208493923576626,1.4589878799172424,0.0805236918892323,113.47577730621602,10358020723.079613,0.0
1.221779844980276,0.0637159122410205,4.178590951249586,0.0142476571019547,3.436591705086387,8.073766538770997,0.5524295502863191,128.5717078606114,10861909990.808878,0.0
2.540325972413521,0.0218064800623757,9.173125054745642,0.0177323621290606,4.862660957984922,19.556288085857386,0.4612131732328864,109.98108424224807,18964827917.984188,0.0
4.425298632932959,0.0485565249055919,3.11153876674568,0.0067554724979835,0.7120893198203337,6.202157335160895,0.2301712938748821,126.6367344173066,18095431824.7143,0.0
4.109635280420907,0.0898086447011899,2.3943880321309527,0.0045611877209763,8.80845362572082,5.462623317535411,0.0158918969045191,122.87203095380194,13020944124.286407,0.0
4.175368365246739,0.0542153262652629,6.706548773321504,0.0663013029132162,7.049132524571925,13.86024241881641,0.3232193522343407,91.58449367393864,18526420934.71752,0.0005607668815193
4.73470085402988,0.0774907397929218,5.011167543415791,0.0054123742661111,9.943000897682738,6.687817306722318,0.0647832922736249,120.08008235004677,10876036890.655111,0.0
0.2621914538905019,0.0529268745506688,4.4118789497544,0.0284931874808334,2.559837992810458,5.055140995947134,0.6548564353187206,129.42738710473952,9326605996.632502,0.0005683940971572
0.2651558093235834,0.0532998841909962,4.382470875134522,0.0291853028907585,2.5383837833914336,4.886363613204018,0.6445618616543207,129.22807869520165,9339495382.207886,0.0005763592698273
1.221779844980276,0.0637159122410205,4.178590951249586,0.0142476571019547,3.436591705086387,8.073766538770997,0.5524295502863191,128.5717078606114,10861909990.808878,0.0
0.6059896663929755,0.0138261649480622,0.504331141710024,0.0112389973680481,1.82215219339012,2.392838081206596,0.6820523843803314,113.44610869592051,15246632753.583384,0.0
0.2653194303595202,0.0533042066697018,4.3839149003096,0.0291689661800342,2.541734036081544,4.887934208026621,0.6447090723042591,129.21903909700234,9337583618.53584,0.0005765021183637
0.2383718144446693,0.074829584539039,4.999225238461183,0.0230149392547707,1.272469824358426,6.292652370482748,0.2568324964122816,118.32439249415329,11281391169.77596,0.0006038720446025
0.8792982966106818,0.0882724946699574,9.984107860256026,0.0152595490189594,1.6376081168991845,7.921185093017497,0.2132120895733689,82.97320028311343,13841598498.146029,0.0
3.472053324002461,0.0513172075735796,6.35673939143022,0.0058969034884227,4.2341264128505856,7.881198986008312,0.3446192651160687,126.2711265395916,12722361296.850578,0.0
3.0738135878436035,0.0937773570603543,3.4679063163467223,0.0051876007243098,3.644613656344192,17.655140790994352,0.1742522969065493,113.37158800640545,16322965734.061457,0.0
0.4307725452375811,0.0881604671856931,6.729596688015247,0.0822433107377269,8.752108538907414,14.40083288728363,0.3556496072137526,128.09396518443768,13577216092.1631,0.0005561454846535
0.7081553447404507,0.0259680420197889,7.935567311534702,0.0059127140123561,3.1437636429012445,1.5976872907440889,0.7364477792460802,105.4831476413041,11502941027.925323,0.0
4.364727953241192,0.0672503833031908,1.562456587970499,0.0326207153870493,1.436079261225344,7.977562430482069,0.4538735970679906,124.79295255144874,10919751769.822046,0.0006921709088817
3.743730285638144,0.0253570170398619,5.866709447882877,0.0054330344060098,3.3253375736986404,2.5232747439923915,0.4623119598183995,105.68101604985132,11159044338.65112,0.0
2.904578266363105,0.090830469945341,4.53134360432077,0.0081465452683969,8.894893945078316,4.050471394811912,0.179585159935665,121.7096956416562,9800255849.585196,0.0
4.324176910394963,0.069967472654684,5.9646443382685,0.0159664718085369,7.498629471660597,7.78823971146227,0.6434376572646651,122.73130744488502,9179879112.939823,0.0
2.062924030504116,0.0419685640041022,8.404951651391315,0.0051402619411508,2.57192914714577,3.0346692202407195,0.5652713438634104,123.9885904493106,13803939375.297785,0.0
2.7037290681512407,0.0558174249229016,1.3839731279014922,0.0379128637962382,3.804556593967292,3.098280508384237,0.5398663644637425,76.00283679838115,15468177411.117718,0.0006346736086579
4.257387433107231,0.0923443918867782,5.038028851440316,0.0190245817079349,5.54815248912027,6.96594597220398,0.0772188430362952,126.54667890588765,14897536194.6487,0.0006295701006811
1.5333574620485932,0.0267603761389703,8.100013805519067,0.0240165059898913,2.6223182978423587,9.842941332543374,0.1444870210301327,115.79439062822028,19332243315.45229,0.0006229471991993
0.8297098390334969,0.0232993032201996,9.4174565709331,0.005781107509592,8.275547271681251,8.992663230173518,0.4861691837338324,86.21350731975367,15346087573.40746,0.0
1.7334977213146687,0.0426769772962792,6.565766960253097,0.0357663760915676,2.643222269534566,1.904121566899903,0.5547521181926728,121.42424540481564,11067507694.674568,0.000964177276486
4.303037151958059,0.0933574887906265,7.351466832574646,0.0087278693586814,3.0684653897499685,5.330565957602952,0.1867923675182688,127.36401308438872,13170615520.77984,0.0
1.0032687128272255,0.0234599725903531,7.812400120593829,0.0238051150495518,4.186494689354288,9.518868037908051,0.1825933673961576,124.56839976500017,17790288756.100353,0.0005592955966455
4.178439209097037,0.0192700630873387,7.837740065272927,0.0179945181221611,6.6731850544072735,8.051293768928907,0.3304764803707297,101.58885472860672,13950831174.943836,0.0
4.050156941848589,0.0971542637986511,1.4003903821767802,0.0068643086006193,3.8409446046439735,5.437210280047618,0.3153104682236821,124.37579403859095,10205024953.13038,0.0
1.825799180736266,0.0089842198692016,2.738737386977066,0.0324116328395511,2.9787177450324065,7.811331159717348,0.3513589085081892,117.68843992809975,15053713054.040873,0.0005732418038975
2.85533877675525,0.0499898511726355,4.996710557403238,0.006306369543721,3.99366828023584,3.8437246489219192,0.0468372472363835,129.9944636994907,14218602605.581312,0.0
1.221779844980276,0.0637159122410205,4.178590951249586,0.0142476571019547,3.436591705086387,8.073766538770997,0.5524295502863191,128.5717078606114,10861909990.808878,0.0
0.2745404890642693,0.0409754384230942,3.725601020216095,0.0085161624423241,1.1709470426960418,2.1606734551626943,0.1141760336386809,95.06084696506062,14422514662.767645,0.0
3.099434186993049,0.0857378521204296,7.442952043506389,0.0141939601755159,2.494873997118676,7.660728724672005,0.2267071591579065,124.20346560637635,13315685635.991217,0.0
0.2656667423368496,0.0533110590413114,4.380917315578107,0.0291955856598534,2.538663665289837,4.886827049812919,0.644607056676925,129.25008467314524,9336057009.498257,0.0005762230794195
1.5919954748408591,0.0294592636486546,7.54511730747852,0.0132979380664456,9.629937769650896,3.1477910576248305,0.2372674865987732,126.38812393833813,9038200553.267756,0.0
1.2021709813714463,0.0935053975961886,2.371812851160319,0.0082963310773806,0.4196293606199792,2.005856048108685,0.3476166040098113,114.84059116379431,9199699843.88085,0.0
0.4307725452375811,0.0881604671856931,6.729596688015247,0.0822433107377269,8.752108538907414,14.40083288728363,0.3556496072137526,128.09396518443768,13577216092.1631,0.0005561454846535
4.655667354126541,0.0760826996996884,8.0975941246787,0.0022629746741862,5.698012116406909,7.170735766544722,0.2727616932179201,126.35882003557094,10284665814.872868,0.0
4.356639938886771,0.0294970238716832,1.4085680568224492,0.0540235340731938,8.653914781208323,9.98724891976249,0.6228036665727207,129.80656790462234,11790154654.568329,0.0009729513265816
3.331384808324396,0.0633169008049854,6.043351848971311,0.0082341804391862,6.003148444894679,5.640573544607089,0.0286057073986638,121.17318942583414,12384273131.895012,0.0
2.485379686492009,0.0314335294835674,2.693112269514154,0.0057640995781639,4.12547549761166,4.98707629865664,0.5837555716058932,95.57816150339642,9457533570.404564,0.0
1.2785087367585386,0.0183756245080556,3.827065655841065,0.0053521987229285,6.032611759065446,5.423826422279857,0.1843832110653711,110.96610596802758,10786339537.693497,0.0
3.04039263919692,0.0598885918588909,3.3557874540471437,0.0400243819524652,8.12385343012325,1.909208189220024,0.5520816826589444,87.67561596563398,14443608663.345482,0.0005084249255628
1.1366248949084672,0.0222647838646213,9.532655682934417,0.0415300624785907,1.950067964101704,4.035735691033859,0.1523856940910927,117.02829261314838,14379842018.56672,0.0009803285311032
4.151589286420785,0.0924334697196713,1.5911854528121805,0.0222184094045174,3.469509572212944,3.6460671039215713,0.1753069088708339,114.1295831702672,12150259660.223503,0.0008268999052405
3.739673418474896,0.0746228308334442,3.150336554978581,0.0153119275168644,1.8729287118503768,6.2748514885551305,0.1430102587273319,127.94217995467818,13441153704.45504,0.0
3.929966026309708,0.0879524379279221,4.9667708695437325,0.0215592015012476,5.796608038020718,12.058644941077429,0.333478942377638,104.69128884756032,19715372279.659187,0.0011006263311553
3.2602328471544766,0.0397476351197148,2.469809371665704,0.0205581501013509,2.488640242050685,4.593013412269926,0.2849919780737863,127.31747213568694,12643940343.16064,0.0008344811036968
0.1995168783452564,0.0082094147576846,4.752887096973626,0.0048113433767011,0.5834791676265599,1.9008091336272437,0.6563935361760523,118.9970874730992,10134754365.714178,0.0
1.1203245516017797,0.0531439789330232,7.245172748421794,0.0069112671958662,4.73920839200668,5.024444713413791,0.3099966931975702,123.39936415960582,11434927173.391592,0.0
0.8873087879229111,0.038002241148141,6.391233510193866,0.0050333508417946,1.116707954484386,3.740594252986391,0.565495575289266,107.21831388905228,11154438525.971403,0.0
4.532258249760259,0.0729099305071904,3.945932287563101,0.0655081571802682,4.103555630687891,3.37850616868166,0.3254381870389282,91.95283520861148,19732669821.138702,0.0008387057851448
0.3738246316907435,0.0977768460520321,5.01046822914036,0.0242517356278675,0.6834456934720542,8.225177344124074,0.0180034357688587,128.71448579178764,11393526009.744955,0.0006631313607014
3.5895748118825086,0.0739575677716709,6.839820911772934,0.0108672553185113,3.305765493962192,6.896469522844248,0.2619139971027233,128.31384416324912,12777908418.72982,0.0
4.376811759510362,0.0985300936609463,6.519677430927518,0.0151016326625239,7.858144798612468,7.685729013935885,0.0612682875457566,95.65374444216226,18883137709.069366,0.0
2.510843349700161,0.070213170095831,4.809357337026577,0.0244480855078386,1.347967109388952,2.001358059834269,0.2987823200772516,127.29371823657834,16265829779.921053,0.0010172650766835
1.0336147010913224,0.0645322165356856,0.5426937913013246,0.0124550574068738,0.2265173143466036,1.3516740873823034,0.0763545022486171,113.5082437115024,10034954195.195938,0.0
2.719244687974076,0.0801116021211553,4.987251628170401,0.0104988741016874,2.427944673043693,6.00376315304558,0.1761509320715728,106.6672862827922,16065507978.481192,0.0
0.5587056674316851,0.0858549522721025,1.190422947836249,0.0036854537749547,0.6872710240633035,6.683131118669468,0.2762234189476258,128.62052084118594,10138031475.381647,0.0
0.3143080698820065,0.041125143515605,7.51167274636601,0.0231480054206171,4.827027857422686,1.4723304804268318,0.8187661747442784,83.61767520633055,14542916893.356432,0.0008065818586033
1.527440772094432,0.0632409549126056,2.2143780849764965,0.0056329047016319,0.3745015528298754,6.043869725290811,0.1760275514889781,126.23583695746969,13835357878.376568,0.0
2.1150451830015538,0.0321907822805558,7.594679751876693,0.0798160385840889,6.365246449231328,7.839429409952279,0.0471887261130141,83.59947478723733,15803075915.797611,0.0007274054022866
4.559808401521495,0.0920077616501127,3.3703807562785397,0.0034272261208304,6.693400815844901,17.3178248502928,0.112802869132493,97.99049358816792,15432914116.303185,0.0
0.2435622223027264,0.0746796274104105,4.938934496417905,0.0231677013588061,1.2868839895095252,6.380762512133419,0.2643036276899574,118.26035766732134,11374212536.92584,0.0005928453572937
0.6761177381197173,0.0851915968116408,1.128985973202974,0.0463188526620456,2.160178016502864,1.0691504608635032,0.2300099235465981,83.88787363615148,13683469210.042933,0.0014655450674158
3.614082495537264,0.0161123677632877,4.762822542024642,0.004093995447192,4.498677689721434,13.272670567706871,0.6328457112866219,101.20917676513066,15286315225.44971,0.0
0.2437148069991581,0.0746239974325912,4.937730611719733,0.0233184432819594,1.2784956454007073,6.374791384208497,0.2641930916697708,118.2591803328364,11373128831.435535,0.0005927751942673
4.400738141808303,0.0417371566432199,1.8138376072082176,0.0666428946932501,8.885525895314432,10.980024854308487,0.0535535904586685,113.38284330868748,13320840960.977402,0.0010327562316919
1.0568470597669395,0.0437104960680554,6.3023842274207205,0.0515896655432696,3.518661675511056,2.740681924384919,0.5695264345005505,78.46875970920587,9518029330.51766,0.0008549099135585
0.3132663062644402,0.0540421658363714,4.3737831586639215,0.0307693662168091,2.5114675522602736,5.069793891933174,0.6411582362570165,129.41578565800876,9266730344.288898,0.0005760180574721
0.7798324411513436,0.0419517038062871,5.078737773761818,0.0147135200224019,1.5099451967959807,1.881061408915028,0.5307436295441604,118.5766194306808,9892378105.08936,0.0
1.6502558550437485,0.096531272106156,5.556127163598648,0.0141084900414756,1.2338810935741005,4.840897401947725,0.3925374441679773,104.29481853866774,12275802473.278864,0.0
2.7340373553232022,0.0942379667560447,1.1463919767968798,0.0407756649452579,1.526309492957053,2.196145936145129,0.4540905595166249,128.82922584900302,19811213307.46365,0.0009532263617
2.1807638390412745,0.0997005355670384,5.273977545291127,0.0229389358865607,0.4985271191136482,5.760710952728387,0.4170000300116337,115.76557020985818,15326049778.306787,0.0006826126605923
1.7150357640305336,0.0255651899891821,6.830140428129565,0.0054177867010432,1.142134235391995,3.3209892783831294,0.7772046944545512,108.39900286411353,11698189809.856771,0.0
1.4288740917971048,0.0519416923103688,8.011324597354339,0.0238765989897304,4.902189482364867,3.1565163806235685,0.6584329417899604,102.33334169996964,9022437192.879189,0.0010839322794759
4.972347830817699,0.0624347532599179,5.29175673429348,0.021791302038024,7.863687474735404,13.304685171169588,0.0564497877476497,89.82873977288278,19346444353.75752,0.0014539437059843
2.605185400432448,0.0904268886231122,5.065901071825954,0.01205415548628,2.247113091594304,4.979955163851025,0.1073619193347753,123.25724249337595,12243209573.218643,0.0
2.791102716149714,0.0394489329747643,4.964234163017835,0.0095140635150799,5.646364667117754,12.600092382084416,0.3789124295709024,86.33659809383924,11683169023.50064,0.0
0.1016543753546085,0.0414177683677014,2.403785252791849,0.0161811440940236,0.3249505113311872,4.572109590010283,0.2315283413136599,122.77873450673634,15779087097.07573,0.0
2.4452124557490644,0.075844019501178,4.618844600149025,0.0211543047659596,4.762242679149573,6.803338331341833,0.4679304145867669,89.46931916699326,12132288519.270464,0.0006427417519246
2.9966389238296363,0.0844200889863218,9.229688794650508,0.0034888264883353,8.622584593139921,2.523290890673657,0.6967676982849725,113.1808161313202,11194748807.05853,0.0
4.615885391370782,0.0361723704454478,6.427591072674806,0.0557020370219466,6.407400687765814,10.432887362915382,0.8217025945971452,93.39613342403564,13543749743.36377,0.0012740675309843
4.105003297103008,0.0402958180919353,2.873895884733702,0.0205698692500292,1.7144303900162312,9.76421268843756,0.6520704408858135,125.57160920193444,13757782859.004038,0.000911138837619
4.537746942528319,0.0450632327569144,4.623216132111787,0.0044773674290531,6.722070817009853,9.718981125668968,0.2027277779484253,119.30832708980552,14794079190.377483,0.0
1.1370191889885717,0.0151540188823697,8.639369062591651,0.0967632605716252,3.842731942489535,1.9128746015208264,0.6782932572650563,64.23241252681143,11639816827.65456,0.0010177850063671
3.3013875378330773,0.0350734467709095,1.5830782783763515,0.0298727794265905,1.4249992905440725,4.747197362706792,0.6086789440500303,108.23233112947378,10140808018.5585,0.0005784149171829
1.9120062831151776,0.0890584624445889,5.873831751218145,0.0079133275643828,0.973346479994176,4.935405738267726,0.3404560810434835,126.5922081573933,10822042029.500875,0.0
3.98037913177776,0.0366012805665892,7.3418188914255635,0.0022823746590499,9.03849245134962,16.802125145856213,0.0584964831670675,63.0865484014612,19767382258.407608,0.0
3.2602328471544766,0.0397476351197148,2.469809371665704,0.0205581501013509,2.488640242050685,4.593013412269926,0.2849919780737863,127.31747213568694,12643940343.16064,0.0008344811036968
4.316740166629868,0.0088413207656245,4.506057652332018,0.0052561696793738,9.47717750427557,18.271074669636253,0.3396971132131552,84.15281693428211,11004609906.217896,0.0
4.547940637347106,0.0679250196368108,8.145976240272491,0.0027222911074941,9.336145634960111,3.628866073875298,0.3046203846359459,98.30148936687894,14151104700.760233,0.0
2.9734145753490315,0.0163882618037521,8.382778666408708,0.0145018576970494,8.661406809173698,15.770657994859585,0.6013771616646325,62.838147734823664,16481850275.91816,0.0
4.390222304714295,0.0484439444173672,9.71432450069947,0.0036725206220652,7.815045431166818,14.61408326054432,0.728306138135682,101.91321640741396,17530775782.717896,0.0
4.420383256639434,0.0928763296865299,8.38269395985269,0.0145611149559774,8.292086870545424,1.5100989017325577,0.6162916272081038,97.56497076339872,10593145618.72861,0.0
0.2795134923795714,0.0487525322281331,4.49564296761687,0.0271849648345784,2.732989829682217,4.845519666540254,0.6418742289169964,127.22846808499352,9602645754.644754,0.0005984291294277
3.4082760478209626,0.0668298817690959,4.586624067913628,0.032683358250146,7.790896164686812,10.197417052319862,0.7014627645162258,65.17141465817124,14867700446.418163,0.0005604269468172
4.336873209257608,0.0919222243580615,9.814559119233676,0.002520871747862,7.301438034191022,10.045487896837546,0.0292669116771899,100.79186851524474,19259298035.74833,0.0
3.737005717249069,0.0270605043219979,2.165631399691517,0.0082607862421339,4.657478335971421,4.962286830634022,0.1617165983600841,121.76293590462546,11346237918.752298,0.0
0.901668281621499,0.0482249209759592,7.079108872574957,0.0485562594398697,0.7768133224041293,1.2312166839730414,0.5282207598565065,86.08813270880702,10894113976.34433,0.0009489754774579
4.223163314627556,0.0330915691233435,5.392073731674544,0.0331970905997311,0.8190189163474688,5.626423129674233,0.7851797475910856,127.18467475330216,9535693686.366829,0.0006791400066132
3.745976050081525,0.0331476578568769,8.46888174312454,0.0033748217865405,7.655587586237451,17.105568920349278,0.2845024698068484,77.98841828016258,14497753521.604313,0.0
4.967933338713348,0.0617066006338467,2.5358157291426715,0.0265738134409593,8.240713626235706,5.167083146722885,0.475190795216322,119.56384884570136,18362111832.870148,0.001085143483514
3.764771187356769,0.0935579850813555,3.022639340003123,0.0046420763145516,5.731583519054619,9.628687907063362,0.1434294545277583,120.64493061022856,12758242025.694384,0.0
1.2990657233198628,0.0521781147863438,4.794591343268422,0.0255493252386045,0.5010698775044444,7.601647741307548,0.3576206048428155,127.22378318919274,11009312621.502523,0.0011535284246247
2.9630438527166616,0.0681846612651413,7.199053772758931,0.0318876467706972,1.8440657918479844,4.4181361495681895,0.7495774702223957,98.94841073644918,11781705256.148785,0.0005593196092573
3.0071161111506903,0.0749430351596409,0.1683051811910537,0.0011944832071264,1.881647447557228,6.146347705782952,0.4863891130855348,124.31654485030626,9162873625.262262,0.0006784692826616
0.3164143977060901,0.0537887524272573,5.471662382059737,0.0104992587325701,1.0399336626078357,2.8498465969655693,0.4834236394501906,102.30089579772849,12745159257.579872,0.0
2.5577117368870192,0.0328080621236066,4.159834849380469,0.0093079017043944,3.600183873618439,9.21952684093263,0.4729464794500814,118.07726361938508,11255192498.452578,0.0
0.2178037822532491,0.0164846589015596,8.839626579403838,0.0061700410492419,6.542789007187244,7.896704238916642,0.8303382521389697,93.21398942806124,11993626823.247932,0.0
2.8109280603753786,0.0525778801463758,5.018436451190124,0.0091530994865727,9.380804508825747,2.453984343385855,0.2993278138097723,110.27449466645314,11413599114.158085,0.0
0.7904645269817403,0.0438318007651453,5.8037083215589735,0.0268925652444216,1.329579327504069,2.7648597728550186,0.815100062593145,81.5464982018726,12106405350.674252,0.0006111425174696
2.837252994817896,0.0646174976048968,3.6758402952463305,0.0278488500070105,9.493920947579303,7.517215104327113,0.8120968712160823,113.46482689193309,14044434671.002071,0.0008355732859653
4.706453497926916,0.0414526633838369,7.564976832810834,0.0153632937291442,8.81657873765045,5.039328477205083,0.0561700130081128,68.10967120978744,9840288360.627855,0.0
4.436498347715372,0.0919995421067567,6.880081753606363,0.021816617691123,2.205879166646342,8.572663365035384,0.0577013192869787,108.67765071250436,13848810970.807364,0.0008772558043751
4.443484089835666,0.0938011274793064,8.970068662124264,0.013183221089866,7.235220827747769,15.527220551649838,0.2824962328777596,92.56531104414395,16681927091.597183,0.0
0.7904894467161827,0.0438447557893004,5.804962879252205,0.0268808765804363,1.3299048706559442,2.763821871717703,0.8150651170702873,81.54917231180971,12109060265.64545,0.0006111224623655
1.2152637184263022,0.0319335417452485,1.348386666583317,0.0211116948026158,0.2241227612314077,6.354446707890915,0.5361766863920042,111.76154969660514,15824976791.821558,0.000544881242597
4.847330549933652,0.0775451008722437,5.147214433001776,0.009220624312121,5.299879471451835,9.436924691717053,0.1023342847817481,121.94199230903482,16512063220.291409,0.0
4.929552515267936,0.0623990992221709,6.560768033669247,0.005595440238044,7.609843842054298,6.497833697521217,0.1573175034916628,84.08633402764488,16278262405.676022,0.0
4.747715588683842,0.0530066858341964,4.460358958526479,0.0027127188577527,9.907348040899253,6.330852495082989,0.0597609622873955,115.58800719869464,11230316746.429174,0.0
3.20942039268169,0.0926302801563688,7.483065680157138,0.0079769521182023,5.219464213664028,3.781463979660332,0.3000679700342515,123.49907776799576,10600122437.55332,0.0
1.5883904457066202,0.0688608646534652,7.384157034083944,0.0131441603837357,0.977147102469843,4.889293083603355,0.6876219654477511,118.6452764472173,12392173424.970634,0.0
1.5514485963666929,0.04107847570091,6.212111143575514,0.0589302920292026,0.6771472744207798,9.43244446579715,0.0648659067095427,91.10593009323844,12901201621.802105,0.0005904574559599
4.852669573146931,0.0148942009306268,8.224774797674588,0.0685851513786865,6.146529548453461,11.208024864949072,0.7441507752599045,92.05080661797686,10973162193.370483,0.0
4.915739280116931,0.0803466230377276,5.561477964625897,0.0168902342385153,2.180809334164924,8.281314556240714,0.0512398917218848,129.34047907306132,13968094330.919392,0.0
2.522109120989923,0.0697394283925738,9.62145702831572,0.0239942733826219,8.314993837757235,9.637711165898851,0.0583998539637933,127.42099263051058,17974914665.82738,0.0009618931307787
3.915187955928001,0.0771985331545751,6.636788646454294,0.0118545249771031,3.9076347355792,10.85697354522233,0.4944235159798591,97.13063519793046,18303850523.94685,0.0
4.391526575715386,0.0846223187141262,6.880237380500873,0.0164098802222565,4.500177638532708,1.3177644684853806,0.4239775778002301,116.2605353225432,15160288100.943306,0.0
2.525960397033064,0.0465842549494726,4.729213145205635,0.0191916383508393,7.718175659328698,8.985010995676522,0.7900758713331344,120.08656294772447,9764368982.935938,0.0010073322842443
1.558461056601904,0.0154889887044876,8.580068898175263,0.0970337534223112,7.790517905719307,1.9086357882540212,0.6925626810917718,63.114831083752,11891813721.372105,0.0010177101221825
2.957131865685806,0.0818746852143031,7.972554407486811,0.0148004866552237,3.730981421540814,4.237539590607979,0.6323932754503,121.79491302370592,17957026862.414158,0.0
1.9541963571334375,0.0909151062455831,5.827839668831403,0.0060424728920281,0.9510078642004702,4.993160134372533,0.3536566985806217,127.03452381583897,10832767048.070824,0.0
2.793139203135496,0.0744374231769241,9.696790777261532,0.0070531702521745,7.332669882113496,3.7466712818667607,0.2856850360151079,82.61566733670999,18190916371.697,0.0
4.532258249760259,0.0729099305071904,3.945932287563101,0.0655081571802682,4.103555630687891,3.37850616868166,0.3254381870389282,91.95283520861148,19732669821.138702,0.0008387057851448
0.2487286520202324,0.0745761048594686,4.914364530251774,0.0229383823905488,1.2881165840940536,6.325039999191313,0.263696817431276,118.34316029043433,11326752103.754633,0.000599709948626
4.0840203338289145,0.0980315981857672,9.288748021499966,0.0044484869705714,4.415699270860363,8.041944562162794,0.0849677599635417,106.54345850174772,17324275282.16204,0.0
2.1150451830015538,0.0321907822805558,7.594679751876693,0.0798160385840889,6.365246449231328,7.839429409952279,0.0471887261130141,83.59947478723733,15803075915.797611,0.0007274054022866
0.5914330782183107,0.0866356000579688,1.3737538073641722,0.0052162436287128,0.7715264996499926,5.976507440873863,0.290491000208453,127.18477999442732,10351344180.173073,0.0
2.017878809466082,0.0517172702105445,7.587644462681698,0.0152985039741617,5.371588915101492,4.869273411482049,0.5372019108250393,110.74762438210496,15353540102.548569,0.0
2.437674016124712,0.0268018361910426,4.963201863601489,0.0060172058274184,8.504800537936472,2.98637736999982,0.1880762452112183,94.57255308933247,10271075863.932594,0.0
4.813655129768273,0.0841468338039425,9.36307326996468,0.0100720907951663,4.512920861542592,5.818655322966278,0.0982487369003947,111.78229089465972,18799905153.42825,0.0
1.014176482703637,0.0757376923367275,7.712804597507016,0.061542826710174,3.956753196601856,1.59583914382195,0.7653250810245946,76.14471089849121,9685565818.940569,0.0013782550828168
0.3264238492768413,0.0576972447031903,3.599681485270197,0.0186169846467276,1.71798153907306,2.817496066101038,0.3896235339815017,101.8650744772435,12276060110.916662,0.0
3.3190224642109354,0.0648539673229402,5.899487072159245,0.0045343509391772,6.0167865186947775,5.777283901968176,0.0263323311363312,124.66754481280688,12753425213.14071,0.0
2.8109280603753786,0.0525778801463758,5.018436451190124,0.0091530994865727,9.380804508825747,2.453984343385855,0.2993278138097723,110.27449466645314,11413599114.158085,0.0
4.027815789813509,0.0686683132160415,3.919764119928941,0.018228083829445,1.571312873349313,2.3544173299273967,0.117681322158478,129.0692644775137,11339189004.365366,0.0
3.915187955928001,0.0771985331545751,6.636788646454294,0.0118545249771031,3.9076347355792,10.85697354522233,0.4944235159798591,97.13063519793046,18303850523.94685,0.0
3.4082760478209626,0.0668298817690959,4.586624067913628,0.032683358250146,7.790896164686812,10.197417052319862,0.7014627645162258,65.17141465817124,14867700446.418163,0.0005604269468172
4.465854266219782,0.0445879165850856,9.527846202178718,0.01200167218734,2.086345124775246,8.601144574459324,0.0992460358820588,106.87370932585816,11284467896.00605,0.0
4.163390876252572,0.0762491516843835,8.461373400907474,0.0041202559776981,9.40529040072832,5.908805575291211,0.1061631546572669,82.35642117146301,19255828271.74608,0.0
2.734077586755548,0.0807529059206343,6.670424823036584,0.0219795451318167,1.2865421427673045,13.146880254457628,0.562822570927317,127.63809992378728,12627100305.989412,0.0009830254479555
1.2280977177667391,0.0283204335000775,2.686167347774841,0.033941869646206,9.114834133047738,1.2331885832411371,0.7491557176906071,99.444787339434,19438072225.27877,0.0006020355950208
2.862607023720729,0.07425868138402,2.504121754495776,0.0061508107556567,7.655857134043411,7.0049723910172,0.0768070786904761,120.50280958837104,12221974254.138062,0.0
1.692896409109072,0.0943811832513944,6.485074550305107,0.0913252233890342,6.069773982377795,7.948673554599373,0.0319455660293258,77.35611973140605,15879012494.694525,0.0010281003351231
0.2684387773723727,0.0477055603612048,4.680845391437306,0.0254771229000915,8.452055597887508,3.655212475759064,0.21033820390343,92.76244557326314,15201753780.84099,0.0007948001761934
2.5779622070477544,0.058538685124796,8.970943088581334,0.0046130307210363,9.03428482420851,7.116789719455316,0.189011066954591,89.9700441576186,15387539062.124292,0.0
3.429249417963734,0.0893588032288635,6.409044699462058,0.0104495926539417,4.523372945954091,9.287671653287306,0.1430210812500444,108.52808184062629,18614113317.9892,0.0
4.851024999756872,0.0744608828234746,6.127138408702222,0.0042493352937414,9.562972068980333,1.410264745703361,0.4322769165772717,96.04377239877354,18352587701.22052,0.0
3.182996163374224,0.0603277252012502,5.723589866323158,0.0079651679358762,6.919342824908669,2.1285797659002044,0.6650446144868143,106.05836706798824,11526904790.748833,0.0
4.0840203338289145,0.0980315981857672,9.288748021499966,0.0044484869705714,4.415699270860363,8.041944562162794,0.0849677599635417,106.54345850174772,17324275282.16204,0.0
3.571233544256219,0.0991709337102741,4.015876185533651,0.0093968387283758,8.668423982245603,2.22483515772736,0.4164679245161768,127.76224185002208,15605875775.333202,0.0
0.4106529050798784,0.0775799310622116,5.174478914639404,0.0222732601590549,1.15972741300977,7.142755928764301,0.2483437305753746,118.68864157765982,10922201741.514696,0.0012437841374835
3.4587071203473454,0.0877165638021236,6.3028802844947895,0.0112395814632429,4.662672907362299,8.653597901193566,0.1546051425994314,110.25299095730476,19057760136.384357,0.0
1.1782234889992216,0.0289367952253561,6.358484659757854,0.0018543651425644,9.429940731849332,9.973439277507143,0.1531257678454622,126.11927300721948,10747006088.768774,0.0
0.2444216922857693,0.0746752294244163,4.9351459257902,0.0231671037721309,1.282246305777034,6.3581081132246124,0.2617079816494367,118.3484663455852,11309961432.901426,0.000599895168101
4.324176910394963,0.069967472654684,5.9646443382685,0.0159664718085369,7.498629471660597,7.78823971146227,0.6434376572646651,122.73130744488502,9179879112.939823,0.0
4.087229008272028,0.0951268851201362,3.3166997328183974,0.0214299586105894,8.8610173909417,13.445144852636004,0.6097950501239019,110.36048924137896,12620990584.059006,0.0006672782707491
3.3013875378330773,0.0350734467709095,1.5830782783763515,0.0298727794265905,1.4249992905440725,4.747197362706792,0.6086789440500303,108.23233112947378,10140808018.5585,0.0005784149171829
0.2522723086647471,0.0745511773864188,4.919989606166413,0.0231170036212518,1.2956616581099647,6.380457309643795,0.2627608875741103,118.40135435907004,11338911688.178171,0.0005991286211962
2.4355039403147924,0.045365817201613,6.370436791814583,0.0109005622724531,6.414213211729574,3.937577855237251,0.3131243473628599,105.1037372158804,14273641362.82008,0.0
0.8271333311918174,0.073338890639024,8.583055463300083,0.0463739888770551,0.4650450068413135,3.674417860658937,0.4604134566289936,103.5239009796784,11787916619.75164,0.0013675784256228
4.730927003741569,0.0290570523343222,2.257933290947796,0.0689255347082085,0.6159261710742342,10.397267762305397,0.4809621034506763,105.16719968945422,10829866072.40996,0.0009062978110371
2.4238048952214606,0.046468136739206,4.747437190564459,0.0193152946710571,7.668720990583073,8.869171632898313,0.7757349954066173,120.09415452063892,9738371227.557371,0.0009869331357017
2.424032256522836,0.0731744984104494,6.478745901192924,0.0276899011179666,3.0234720847621523,9.26293303274132,0.215282567011634,108.01867411337948,12648464184.018076,0.0012160119629497
4.680108260947491,0.0879266985286272,8.987891826816744,0.01351578424197,5.56220566698642,8.38795482415877,0.157362046532878,108.36845046640592,14258990256.417274,0.0
4.52788920538424,0.0566221841257064,2.514150160413536,0.0138701544920234,7.377356625173723,6.437114190793007,0.2304824392495688,86.17322821466988,19259759819.028103,0.0
0.2748052591524508,0.0715376729808767,5.064010643561032,0.0239920214530699,1.3334491354344291,6.360169754266901,0.2394995507913845,118.29468854076036,11525905010.071297,0.0005872957631894
4.346904534744291,0.0888002573224667,8.717751196321306,0.0037045054067075,7.436253200206786,6.757325200493844,0.3452419713443306,118.9904335048544,18416002340.404648,0.0
1.4027551349243823,0.05827166173456,9.826589416436388,0.0109225030738652,7.721025911547329,8.926373109472463,0.0851784960698476,108.67193388691842,16890994342.136251,0.0
0.7398410640843609,0.0993097689884983,3.745764597652034,0.0183743720857962,0.7705759171080216,2.580442614799131,0.6408394968423261,96.97812742635156,16377242678.14833,0.0
4.391526575715386,0.0846223187141262,6.880237380500873,0.0164098802222565,4.500177638532708,1.3177644684853806,0.4239775778002301,116.2605353225432,15160288100.943306,0.0
2.4404757502162955,0.0311408436390934,4.1556899204403,0.011872273991407,3.544924466882577,9.66361054835394,0.4763428048630291,120.47752771450833,11033418752.356144,0.0
2.307071865628877,0.0386225312664854,6.324943488694277,0.006968353556006,2.698303797288855,5.467310452714734,0.637860213246339,91.35592678236712,10202817523.5696,0.0
2.274560105833477,0.0493797536514258,8.024152242488729,0.0096270544364738,2.339045085891524,2.6799157092711354,0.6603277647732082,107.2818225850812,12349711241.194328,0.0
3.033890747428732,0.0878328166104522,8.383549787205197,0.0134496298499491,3.445097633444254,2.911052334818411,0.6636347139591164,124.0082869708656,13297353249.033829,0.0
0.5011589181344926,0.0732215266701602,5.513291702983961,0.0076223031744778,2.479770155398646,5.845798081176521,0.3713329089544409,127.3928426149091,16565329713.973412,0.0
3.6689123592606503,0.0364292596400113,5.229706987435463,0.0040912589094802,6.159652095405411,5.229945493041889,0.4580467466477557,94.15663486624568,16501661542.337986,0.0
4.381086820427406,0.0985559423248092,6.522988819641578,0.0150143918137002,7.881681639146619,7.67747140010582,0.0620808202639813,95.52587604752382,18872465911.142693,0.0
4.320904407293136,0.077678615812188,2.6571237117554736,0.0277522348593196,0.78076799601755,6.93585373266652,0.5310170070570784,116.99159769181932,15410524928.425186,0.0007978325024965
3.975034721654688,0.0075998894127205,9.803467117853131,0.0875453269846514,7.068085873646214,11.67674026171106,0.7240513201297941,71.0407467362933,11794485075.138365,0.0014351617296473
4.523220821066117,0.0882020738544295,6.990697716583198,0.0300457690542926,2.394272093847401,5.136070296952831,0.0325891474750447,110.38982459605332,15835346440.40248,0.0009233923651697
4.576985756896571,0.0369201187321645,2.5604720352909625,0.0260940916375425,6.085708480090634,15.518688323298152,0.2168710131292557,82.34229973800521,19296145258.965466,0.0013658853792522
4.067378313351509,0.0970564530101635,1.3529159344235535,0.0073304630488181,3.822986821181343,5.3903631972640165,0.3152835243163565,124.66497307465816,10226158984.767565,0.0
1.5284881331928937,0.0212776177976143,2.563704742370851,0.018197922981921,2.138831015349336,8.058355949587792,0.6704939615099453,112.1642401454246,15366786808.1067,0.0
3.636068299009097,0.0409132817383846,1.4565835938354783,0.0142829778095339,1.5037105878428982,7.567310001619794,0.8369935762364181,124.91092054049888,11268057682.374523,0.0
0.6365141747327355,0.0853513768153683,1.4746310820716977,0.0037987325195582,1.0613641092698645,6.604417087086496,0.261423006892507,127.72906492963924,10121851798.023746,0.0
4.549320422989501,0.0618119993698288,3.659564977048276,0.0572964000220117,8.88230552101944,1.2113648302907505,0.0844463147334805,104.39279271912632,9785297039.27152,0.0012421393208833
1.442026486052677,0.0326639831529206,4.162238964858717,0.0415943322822501,1.4180456206717535,3.403676787225942,0.762688032197192,79.0605023877697,9614595088.993608,0.0014172472499709
2.917515505775484,0.084930213994107,6.0914561290436415,0.0227669299692413,1.4007611673972051,7.420173191470777,0.345676852811986,81.73284656108397,10745295657.202946,0.0012902014341012
4.163390876252572,0.0762491516843835,8.461373400907474,0.0041202559776981,9.40529040072832,5.908805575291211,0.1061631546572669,82.35642117146301,19255828271.74608,0.0
4.569125522397036,0.0451093292050121,3.115772618043217,0.0239835985439685,7.580300213252032,11.13154111086299,0.0407432702964192,89.90469573029402,19100467350.854523,0.0013644520560072
4.406585323604646,0.0921428925635427,8.382186617488896,0.0143932841107928,3.572068262705262,17.735791128455475,0.2937614976025295,119.39771861267576,15999350473.6065,0.0
3.6827126999089694,0.0276019151866189,6.417458000840523,0.0215884226955736,5.679315703982839,2.099170274131494,0.500433355202886,68.89859468198307,11015065221.651834,0.0011722950175021
0.3738246316907435,0.0977768460520321,5.01046822914036,0.0242517356278675,0.6834456934720542,8.225177344124074,0.0180034357688587,128.71448579178764,11393526009.744955,0.0006631313607014
3.737005717249069,0.0270605043219979,2.165631399691517,0.0082607862421339,4.657478335971421,4.962286830634022,0.1617165983600841,121.76293590462546,11346237918.752298,0.0
3.340082546169566,0.0343918237375813,1.938155829950876,0.0284294271301839,1.4423333962873657,5.053908432042921,0.5843812042433192,106.15055603836925,10169786010.5044,0.0005576647942668
3.2103303187127388,0.0213723935673026,6.282467428270612,0.0242136710094051,1.646610430285654,4.839051566401916,0.5115875473559651,110.17632821687336,10205547691.284107,0.0007249028516328
4.705907704920883,0.0932636878220455,4.153498272059983,0.0488129911680901,9.90191562330525,6.9498453050092825,0.3300239839820388,124.34827647766772,10128696090.462952,0.0006206850222714
0.5408216411096485,0.0371364605671232,1.6922355022773168,0.0040545977437702,0.1432249901742665,5.956070620162064,0.4900507486436092,116.05846894441837,14964407571.223137,0.0
0.3387219827380295,0.0605331865910627,2.6987431373813835,0.0167294583276242,9.486168291004384,8.810053495809763,0.0216470982076733,124.36534022016106,17787730547.674667,0.0
0.4221156105463247,0.0166094460500647,3.911318182702871,0.0453254549898961,9.995562568744669,8.869830053573112,0.4648286201764595,97.34415871396686,18423700624.138023,0.0005884414534833
2.445085286619762,0.0758998132931359,4.620637440713607,0.0209965960811744,4.775589396868954,6.798264151040984,0.4684666731684546,89.48264143826125,12111764683.187923,0.0006421823318425
1.6112664061611164,0.0842018523911184,3.1856182056548463,0.0289300002413459,0.4936962677671616,2.189895531020765,0.3214448231047991,117.62718957639808,9286108382.712276,0.0010804923897176
1.101535804876297,0.0893164409190477,2.3026280128383902,0.0045685473300798,0.4494938908532312,1.705062180661632,0.3875218232329356,115.40125452359884,9244476810.634212,0.0
4.746296299483558,0.0915727059720662,3.5025896507667027,0.0042241985327505,5.6886802031208985,8.637861991346542,0.2938476450543034,119.66869373408632,11475194914.480864,0.0
3.6104247356564554,0.0162131961239534,7.025703201373532,0.0080048409592721,8.601710578434338,14.36058380672472,0.7930379019789824,95.76523430565476,14264532838.28237,0.0
3.098182596421384,0.0568947357757629,6.996263196718657,0.030643550044679,3.496667850496494,2.068447390494717,0.597235384145826,75.25518120275883,10341041838.00278,0.0011793755386193
2.859020652194788,0.0794958648696348,6.908686853520964,0.0222284945526343,8.585173579454604,1.7678023982752813,0.7377414752480229,125.60063436769016,18294070333.49577,0.0012944465772542
3.676981237701515,0.00719923293861,6.660054441736648,0.0674211529582612,6.513255499961248,7.780055248861781,0.5986085955240815,85.91728091547087,9656820624.722424,0.0012851497755322
0.8469665905295621,0.043352461109527,5.196344163779229,0.0086896568413814,1.423756280243532,2.187905568959042,0.4470114172268474,118.53199602797488,9973723756.54404,0.0
4.625707479593935,0.0956973260404673,9.138694941653242,0.007656033105986,8.454550958041679,2.347070244759016,0.4485455231459872,73.88505857775999,18359133856.39939,0.0
3.0071161111506903,0.0749430351596409,0.1683051811910537,0.0011944832071264,1.881647447557228,6.146347705782952,0.4863891130855348,124.31654485030626,9162873625.262262,0.0006784692826616
2.4238048952214606,0.046468136739206,4.747437190564459,0.0193152946710571,7.668720990583073,8.869171632898313,0.7757349954066173,120.09415452063892,9738371227.557371,0.0009869331357017
0.5461392490506907,0.087630528236425,1.422349297291909,0.0044909656625454,0.8767493938640807,6.323672912207093,0.2803206297691256,128.33340892965586,10238330250.375238,0.0
1.5883904457066202,0.0688608646534652,7.384157034083944,0.0131441603837357,0.977147102469843,4.889293083603355,0.6876219654477511,118.6452764472173,12392173424.970634,0.0
0.8493942134382924,0.0707259813226309,2.090539883265634,0.0207997840908977,2.4596198156850675,1.2974633412499033,0.4458501399137385,70.91061727314131,12491915140.838192,0.0008019007734688
2.9966389238296363,0.0844200889863218,9.229688794650508,0.0034888264883353,8.622584593139921,2.523290890673657,0.6967676982849725,113.1808161313202,11194748807.05853,0.0
0.3952173847383314,0.0542657283405721,5.4636837703481165,0.0102482086924079,1.3940868711317915,2.879419894160568,0.5028396946527677,102.85333928162488,12704649600.727472,0.0
0.6397053977219771,0.0279591301444412,8.10518354215213,0.0078285953038219,3.219752428848787,2.145960036360826,0.7318530982163037,105.684810888291,11429247122.396463,0.0
2.098374000728715,0.0677102952654555,8.935175750939377,0.0111119044709889,2.900185121746175,3.6038631998209376,0.6527140052603176,112.63354208276432,13078407070.571384,0.0
1.6531463992864015,0.0331889899745199,1.7834171097040024,0.0103174132876752,1.1200504220206242,5.933132623231503,0.569788914573102,121.9625852846452,15156056139.89694,0.0
1.4027551349243823,0.05827166173456,9.826589416436388,0.0109225030738652,7.721025911547329,8.926373109472463,0.0851784960698476,108.67193388691842,16890994342.136251,0.0
0.1822694195054581,0.0669922955370017,8.809085995346337,0.0560982428406421,7.89642884393922,4.43280822031271,0.0372770328145953,114.46630427988332,14427531205.87182,0.0006122496885691
0.5172911384612853,0.0401651577911077,7.124980309144702,0.0157937901443517,0.5092810177026771,1.855005566866782,0.7431392776790186,107.25938273194896,10919893329.40643,0.0
2.876808413184706,0.028667764161841,2.2934826230747536,0.0134685823699683,3.455406940839716,3.0757002463750207,0.6612230819233282,124.05835840863205,13323096989.109238,0.0
1.5681137867634978,0.0693632328559525,7.4017408990947855,0.0131110795423165,0.9611676617099716,4.895526392758867,0.683446746093111,118.6625136831331,12415223815.432035,0.0
2.8434820643358454,0.0802121494536492,8.073836059530418,0.0178412872734612,2.915257526771989,4.224655165565429,0.6472524496600607,114.3168181996719,17760476535.880836,0.0
0.2151411111680365,0.0859788591445011,8.099195406191152,0.0105379520396277,6.291857008310214,1.764982468099454,0.5811702460488071,119.08469772927292,10109321752.152777,0.0
4.266011038893012,0.0913344693134554,1.5925801996340734,0.0012979672833841,2.896890002325587,6.928781533750793,0.2336247333098999,125.02314060182974,10468576342.154716,0.0
4.906699118323023,0.0593747137836807,1.6016261870039892,0.0250983591332346,6.34880386103451,1.577457137925137,0.8112623064529116,91.22340011800284,10683208950.873362,0.0005502848963087
4.368604919468988,0.0870867461498811,2.5108427302366234,0.0127101683044731,6.277865439034311,3.593378800571969,0.1525501639989872,126.09197569852144,10135496309.649654,0.0
0.2435622223027264,0.0746796274104105,4.938934496417905,0.0231677013588061,1.2868839895095252,6.380762512133419,0.2643036276899574,118.26035766732134,11374212536.92584,0.0005928453572937
1.153600443146637,0.0290620923559713,2.6673859710012287,0.0324238168858877,9.016232882764772,1.241702079174377,0.7660027341497435,98.68675265634438,19297433463.866302,0.0006332354483156
2.510843349700161,0.070213170095831,4.809357337026577,0.0244480855078386,1.347967109388952,2.001358059834269,0.2987823200772516,127.29371823657834,16265829779.921053,0.0010172650766835
3.579479072082856,0.0353277113243743,9.468604136477872,0.0012832850676433,9.541255449951704,9.001540579052254,0.0450106507443936,96.33276390179834,14487976618.82567,0.0
3.608126661155561,0.0930483586951035,6.438472814077095,0.0382564880869318,6.099238461669809,9.212333544887947,0.6880454231469357,91.26440029853184,18993154430.555824,0.0013847903759566
1.0997972714227984,0.0730091405389962,7.455762187913542,0.0635023405017524,3.8082031058412458,1.4593666815884978,0.7449942820655018,79.151713736332,9460350459.996296,0.0013308273110963
1.8672874157173924,0.0191619924444989,3.395454043906581,0.0053060861512442,4.343759399431431,5.129623476496525,0.3890330050448015,83.16344799648607,10749845244.138857,0.0
0.965283349479398,0.0313772209981941,7.586774581206923,0.0199380831149892,5.959211873353454,3.509540314812377,0.2807140873066602,102.30506868490608,10671952306.754255,0.000964819952843
4.346461016250606,0.0813681035636441,3.130483140759463,0.017349139235055,4.284536677139409,9.358593853192158,0.2928738461051848,120.35315116128676,14720694532.133476,0.0
3.1334763678013204,0.0513626035862668,0.105742817871539,0.0068363609613778,0.3623943961567683,12.446130733591175,0.7350453725943747,124.53779831752075,11062118265.244917,0.0005749423013427
0.4307725452375811,0.0881604671856931,6.729596688015247,0.0822433107377269,8.752108538907414,14.40083288728363,0.3556496072137526,128.09396518443768,13577216092.1631,0.0005561454846535
4.63408195671269,0.0891325530820958,1.2450672076319629,0.0198612233740144,2.8202700366081066,7.385833210332132,0.1942660762361114,116.46160824073044,11663850373.16241,0.0008408869214354
3.6689123592606503,0.0364292596400113,5.229706987435463,0.0040912589094802,6.159652095405411,5.229945493041889,0.4580467466477557,94.15663486624568,16501661542.337986,0.0
3.9853102124686623,0.0108015177495262,7.230891841265765,0.0897743838861551,6.368245800747625,14.897190490249224,0.6063698407718543,87.36882345340557,12562909925.896784,0.0012316471740778
4.352061349412824,0.0917676698516191,9.97275460303292,0.0019953983726041,7.248383586619838,10.15082940269001,0.0330257842689572,100.61224810135742,19835429702.48452,0.0
4.524252230642617,0.0296753076241489,5.700488468128917,0.0168895396382268,2.9423543887719394,6.688230186513151,0.2296098196545988,119.03582483441735,13142494209.26047,0.0
2.7079405836590085,0.0200280074624648,6.843699306983806,0.0167616816654861,2.3814117644617045,5.079825913285226,0.1522759112000559,100.53717112102242,17497617666.333942,0.0
3.486800693592319,0.074616568896946,6.752002689982358,0.0101220598814801,3.315391646405986,6.488129852021042,0.2355360773929028,129.22576818115698,12755163191.989252,0.0
0.9368080852603444,0.0938253556131219,4.543688314838925,0.0116236817789085,4.184261120487498,10.123429726683694,0.1227149836957308,110.98231286127516,12509369133.854065,0.0
3.0169432840169983,0.0368895523752078,9.916471026528807,0.0110540340068796,8.443623824500834,4.790272624619891,0.8333234596302921,106.01385503888464,10366547390.967726,0.0
3.806015959948067,0.0104547683649865,7.602899054210604,0.0234554834342055,2.899176626648619,16.32611024737193,0.4038612560173522,126.55744249056929,12217610492.487728,0.0013450114378388
4.551818852359152,0.089382453095224,8.441638140402034,0.0129712926549089,3.822761477786623,10.333687829688872,0.2984313415011376,120.17063483937028,16069140860.66274,0.0
4.847330549933652,0.0775451008722437,5.147214433001776,0.009220624312121,5.299879471451835,9.436924691717053,0.1023342847817481,121.94199230903482,16512063220.291409,0.0
2.6524429791056336,0.0346082746890669,4.166085224514742,0.0164535566825178,5.039292305179661,2.63009364059865,0.7140087528030921,111.14785387411222,10058122254.905745,0.0
1.3736102152154237,0.0595558644936085,5.659453667455451,0.0111223927422873,5.723665904882859,5.3776645823738765,0.2678260700551653,98.25801410302854,13460075748.156906,0.0
4.4529343485769095,0.0905240752386667,8.888605619181199,0.0135491596423896,3.692843309822623,10.379900483869958,0.1072034565820401,108.51879638942358,11983029076.487017,0.0
3.3206728053020025,0.0743137713185277,5.774421047042417,0.0052826619839492,8.276415598480103,5.934917690316686,0.2616173923623052,116.86707484119148,9968279357.73295,0.0
4.633598986975416,0.0820656203431467,6.279613187677429,0.0125236099389129,6.277007371087973,11.883411654092988,0.1824969015129749,123.1563768688632,16855986003.68903,0.0
2.8271067880618537,0.0866138592757169,2.562139025022636,0.0262494500047455,1.4375561067453284,16.100638808533454,0.7844937557142276,116.46608059198988,9666355008.257172,0.0006742347958281
3.528771080033423,0.0229691752764118,9.838643161160318,0.0786021998410157,1.8019470857401267,5.128788268606471,0.4752179283674947,74.49413723243293,13251312813.985653,0.0011529717221099
0.2487286520202324,0.0745761048594686,4.914364530251774,0.0229383823905488,1.2881165840940536,6.325039999191313,0.263696817431276,118.34316029043433,11326752103.754633,0.000599709948626
3.308420783806396,0.0510809188511388,9.402791214925273,0.002931507416651,9.452728937356218,9.00204423254453,0.5398889962051072,129.95550838968893,9664060421.359358,0.0
2.3608164685565542,0.042487765960908,9.570848512909652,0.05981325460899,2.9931152750417165,2.0252523491844165,0.8147389251513006,110.62403384399734,18500739585.763203,0.0007906747173279
3.628977980468867,0.0456029534205445,6.808041129386663,0.0020999806215926,6.869024153657891,15.496212347717949,0.0861806211961637,95.7822462735522,18002804679.254276,0.0
3.67426054044745,0.0781573529471544,1.4142584178031812,0.0085040955461481,1.8036513804274303,4.382464816974569,0.2866738262725271,122.04662716793976,10478342171.551376,0.0
4.420383256639434,0.0928763296865299,8.38269395985269,0.0145611149559774,8.292086870545424,1.5100989017325577,0.6162916272081038,97.56497076339872,10593145618.72861,0.0
0.374163500507282,0.0435256404246993,4.491769463183978,0.0018815633068332,7.844098885462127,6.770166950817788,0.3567181336111044,99.8917780815189,12241001891.90833,0.0
3.429249417963734,0.0893588032288635,6.409044699462058,0.0104495926539417,4.523372945954091,9.287671653287306,0.1430210812500444,108.52808184062629,18614113317.9892,0.0
2.998859113186455,0.0447968460798895,9.961871969442155,0.0053553659159386,6.522547866706629,10.007704715239072,0.2315850392988593,94.12014145655073,13552856231.72464,0.0
3.4039478782450785,0.0440009246347963,2.6163160386605013,0.0382107019693111,7.155411881773685,1.919856238730185,0.8201753901431247,104.72172633846404,14032401693.06,0.0014106597785644
4.981835564688266,0.0307775922360252,5.099061882138183,0.0023328946039117,4.945308725223979,2.8081352173081195,0.0399861012499855,105.18487200987704,12958672397.473526,0.0
3.432921756686374,0.0967342663629876,2.707651367171167,0.0082464909226857,3.859638385246336,5.554559849389736,0.3065282768868603,125.07581900617268,9373170458.327986,0.0
3.5935999567764303,0.0841904803807835,1.261287363713406,0.0084586881663179,2.273160212211915,9.111478900311528,0.205970661072417,114.38875594297168,12576236099.830936,0.0
2.9966389238296363,0.0844200889863218,9.229688794650508,0.0034888264883353,8.622584593139921,2.523290890673657,0.6967676982849725,113.1808161313202,11194748807.05853,0.0
4.718159778419556,0.0767355576037251,3.4783477195694474,0.0413594529419798,0.735520157792245,16.432756766280598,0.5108905078171656,114.28478349728144,14641378042.927725,0.0012307350659697
0.4307725452375811,0.0881604671856931,6.729596688015247,0.0822433107377269,8.752108538907414,14.40083288728363,0.3556496072137526,128.09396518443768,13577216092.1631,0.0005561454846535
2.526785247138845,0.0556867006524205,1.3650621233336682,0.0095361187727305,1.5558706676509724,5.304660602387127,0.6954691615321511,106.66273985066164,12794779598.667204,0.0
4.027815789813509,0.0686683132160415,3.919764119928941,0.018228083829445,1.571312873349313,2.3544173299273967,0.117681322158478,129.0692644775137,11339189004.365366,0.0
2.735934472578722,0.02608959924841,4.415354210200928,0.0041796346855704,3.386559844096521,10.686467987200848,0.3741877196851634,83.26073214339796,11289037917.110355,0.0
1.3000212633015655,0.0367257506404598,6.573888269943168,0.0121993013335,8.791376589407204,3.4240848191338715,0.1118380683171918,118.81483795198398,11900061885.292166,0.0
3.128967212464857,0.0482376133157372,1.661691740423496,0.0196328375999877,2.397537509939655,2.945351325140327,0.1054348983564413,127.76870642358034,10377324273.45102,0.0006073562620526
2.595201967648981,0.0285690392490845,4.772104150720936,0.0141419905203515,0.8247101797301966,2.9253091438647303,0.0984495138528582,69.24072366692464,9325087728.402924,0.0
2.110885094899315,0.0907275034074175,5.355938216451444,0.0201614042516126,1.5645972502521246,1.5582855067669164,0.3937691917202279,104.5584913853954,9991276284.855452,0.0008508140635464
2.1102659187064394,0.0417230505250021,8.033008511431753,0.0049353577689441,2.5257524669168374,3.1606715382887582,0.5611113213036911,124.36683250042338,14016565085.82179,0.0
1.4827824254473474,0.0587343037751463,6.421024278412123,0.0410742411597987,4.895409117521366,7.397159703395335,0.4792234541482202,64.13844147661545,19993412093.52543,0.0010252126862374
3.5272322104664933,0.0863940348582817,6.225558130266109,0.010027949534972,4.676139788347438,8.571870464750035,0.1484030989249051,111.08317959754068,19061788079.5341,0.0
3.594207677458425,0.0816836541616485,3.4932750679799818,0.0846244480066865,4.928324724762969,4.276085493768365,0.8339884573232389,100.62600869159463,13856697655.05466,0.0005551592731847
4.576985756896571,0.0369201187321645,2.5604720352909625,0.0260940916375425,6.085708480090634,15.518688323298152,0.2168710131292557,82.34229973800521,19296145258.965466,0.0013658853792522
3.4204914260140016,0.060170748375141,0.4010105758127892,0.0062390661569337,3.271195931074147,14.60047838576577,0.534785090467937,106.40726754856092,11903003604.690664,0.0007282588813126
4.32296499282386,0.0854441141596026,5.606805197069217,0.036431233999742,9.92582600124794,12.338809165655697,0.2283248496212027,99.55499899610342,18935087304.889423,0.0014915466120722
3.1101698210332374,0.0712755435221822,3.788679448010498,0.0483165908002169,3.3578720745052184,6.0467668578357845,0.539904361700533,91.50152668885131,11502786568.50976,0.0006026913107316
4.243658675806269,0.0808283165030522,6.456853988212478,0.0048285860347549,8.539067243243814,8.734509831806742,0.2939945916283248,104.5145582109312,16168617054.182505,0.0
2.2603096818889394,0.056912653644583,1.29531285570855,0.0083932978136774,1.9175941300373571,2.649954023231708,0.430456272947967,128.26304259673444,11137336843.634724,0.0
1.7160976849799223,0.0863915718471043,6.322869492870545,0.010674008154645,1.790802808579026,5.076122520089534,0.7160547505733652,124.32825796694632,13857902703.376022,0.0
1.305154784010775,0.0189773190412469,3.81623841168279,0.0075368288928007,6.134427407237193,5.560552275687706,0.1895626047043159,110.22871886193332,10734856406.809006,0.0
4.368604919468988,0.0870867461498811,2.5108427302366234,0.0127101683044731,6.277865439034311,3.593378800571969,0.1525501639989872,126.09197569852144,10135496309.649654,0.0
4.272321757938157,0.0918929374733269,3.9856875275653088,0.0167866734861957,4.155394573734029,2.4670188119043424,0.382953430437103,111.84562910928624,12839655829.359411,0.0
3.6068671850200986,0.016169884946543,7.0288980627793,0.0079930986304677,8.630175258986817,14.366606474027408,0.7937283359824447,95.7717829948854,14251429681.228626,0.0
2.987335317114392,0.0260951021048724,4.129502461281743,0.0638356933886838,1.2854692061146578,7.152634727155512,0.6920626036726236,62.836055633168485,10407694843.329632,0.0014730692519416
1.6815289568058822,0.0955542956227298,0.6038681552045005,0.0265993949956184,0.590009141381257,11.567041662632422,0.747220750768925,96.57526961754031,12492130774.848911,0.0009926301657099
1.0882188987116008,0.089738673312345,2.2848072190511663,0.0051033746287824,0.4889772002354779,1.705008457472928,0.388047639367182,115.50931991276448,9248955833.83605,0.0
0.1334573897818895,0.0816881911772901,5.6843933722255535,0.0756320997761611,8.683867091956587,13.343047021058114,0.3764152962320614,116.13787842595866,9653907133.91042,0.0006466697765728
4.597880009769522,0.0490949630568048,3.024979873439661,0.0275432709406639,9.119530439840576,11.765755354038692,0.0385610571005219,70.24425112924308,19132022561.15458,0.0014579121684467
2.2766972251657744,0.0493550394257071,8.02352781742315,0.009625270012612,2.337946112120135,2.681259340280298,0.6602201623305735,107.23701178189886,12348715873.101055,0.0
2.746334234178971,0.0339308023527634,4.34480686822124,0.0070909532442394,1.200739276532597,6.918707462589019,0.5857238228398957,118.57070452402016,15280605253.926796,0.0
4.852643174557177,0.039064404425895,0.8282701033766559,0.0755706214622468,7.398481916925769,3.4612091103514366,0.8295561455185707,83.273685834939,14272415576.245655,0.0008288138643248
3.0547758387259942,0.0990988552226559,8.26452532078004,0.0273002099749588,0.9322255081062032,6.639471904086489,0.3389428268715805,75.95298993716611,10027685542.057123,0.000635443027034
3.2103303187127388,0.0213723935673026,6.282467428270612,0.0242136710094051,1.646610430285654,4.839051566401916,0.5115875473559651,110.17632821687336,10205547691.284107,0.0007249028516328
4.681341773863121,0.054927656087417,4.672567044365404,0.0423896162860433,2.42685963822674,2.8467274790260064,0.7916312327486628,125.77604724525666,16381400574.323704,0.0008563275309875
0.6840946818567322,0.0829051627787069,7.326125619279208,0.0163888683708012,9.501176601848975,4.941656106219336,0.3647886896664907,80.18433673317041,14960020808.355131,0.0
2.536789852316669,0.0302592191784333,4.273287065823004,0.0090577787411988,3.625564827681819,9.228107105139332,0.4723539308219685,119.09773931189336,11225863278.469925,0.0
4.376811759510362,0.0985300936609463,6.519677430927518,0.0151016326625239,7.858144798612468,7.685729013935885,0.0612682875457566,95.65374444216226,18883137709.069366,0.0
4.868043019024914,0.0562344061928774,9.855077230491933,0.0166411348939972,5.061519785120835,13.028804501080156,0.7816874324930986,105.50550738359452,11140391071.619774,0.0
3.022702871496184,0.0714026628904848,5.7183837254734415,0.0181036133681815,0.983156570573716,3.9955523946507143,0.6543002439807616,122.99434045091238,10329046056.18302,0.0
2.1792675117449183,0.0997970100489962,5.254521925581428,0.0230861864183421,0.5065372350732207,5.746414611379018,0.4173456108283133,115.74909908446244,15317342423.993784,0.0006809947242054
1.885365468795094,0.083242635254954,2.6233272103178185,0.0074449158595068,1.2937615668515967,3.319205298495008,0.0905558501453516,92.16978116607255,14028198996.69918,0.0
3.60281641634172,0.0518274427032138,9.97578140729984,0.0013141068138199,9.773960806705354,13.411380959615816,0.1174902957312624,99.46559265244544,16720525208.593723,0.0
1.669126360044512,0.0626074716013275,5.4564026433921855,0.0210399907088811,4.760549047331993,16.853921433363517,0.7058973141430052,113.0266971184609,16900481935.19785,0.0012461006327807
4.510593311504392,0.0924628729362954,6.898868273003196,0.0212697711450126,2.198459365225429,8.540122409350808,0.0618998349040155,108.15479150911764,13857616262.13067,0.0009114691971585
4.633804383589853,0.081504591048577,8.40660736795241,0.0370316640824978,3.346111481944148,3.489517639930291,0.6508045258495986,115.56823011805324,19859902248.15479,0.0009276934575559
3.038948197779627,0.0327112877721699,6.301241253592807,0.0324674044631396,1.9377735465197996,4.219775609635292,0.2466610176866372,111.88121552947888,13158421500.13827,0.0012748441902125
0.2651558093235834,0.0532998841909962,4.382470875134522,0.0291853028907585,2.5383837833914336,4.886363613204018,0.6445618616543207,129.22807869520165,9339495382.207886,0.0005763592698273
4.273189519301762,0.0809805332829239,3.4483244400445674,0.0144308655672047,5.563435115703429,8.980686024620912,0.2713722753951255,126.39026103939058,14769618116.592266,0.0
2.3019865174584138,0.0387982446984137,6.304469542244726,0.0079068168024877,2.536525054690932,5.148144687463454,0.6310653575397996,92.32446806990596,10035417330.72258,0.0
2.1483112711239194,0.0493287491335178,2.037168082634662,0.0239318315837878,2.254656878096527,4.553226146911063,0.537370580811052,128.30504371575256,10687120959.738728,0.0006438066523859
2.728653965234525,0.0808861866650215,6.6780675882834855,0.0220050465493362,1.28435599216687,13.168808777510357,0.5638954470791779,127.38249535933002,12640199894.724522,0.0009872901425935
1.5209352948010744,0.0981322507355201,3.2283198292745,0.0138437995080155,3.021453653659794,3.3700523334663344,0.7769929521986532,126.7323975484694,15029561845.6693,0.0
4.534680437131886,0.0678137665454567,8.16199660296698,0.002736756682421,9.327851313369502,3.6099433231112696,0.3042610410543935,98.4591559450159,14156399360.811396,0.0
0.8700428094311934,0.0410664180606065,6.708369508661472,0.0098859997391987,8.733183954278001,4.063408159817447,0.1333376033666292,121.16950040171784,11549706037.241404,0.0
4.735906371570887,0.0775133269303817,5.014158956969258,0.005424659062133,9.945365433763271,6.687291961332321,0.0649957402997808,120.05254866977228,10878756821.989088,0.0
0.9598760988536014,0.0370666640139593,6.479532916531392,0.004669448129833,1.1825122569586133,1.5892981750736526,0.7402291443683018,85.94441591675684,11565133645.250692,0.0
2.8434820643358454,0.0802121494536492,8.073836059530418,0.0178412872734612,2.915257526771989,4.224655165565429,0.6472524496600607,114.3168181996719,17760476535.880836,0.0
1.1036696309717664,0.0480906794517499,9.86817884440288,0.0069375978025983,0.4137476854778966,2.9035813714430363,0.7271374957980373,123.8158270206028,18159173140.280983,0.0
1.2897067628418282,0.0168140206110156,3.7673001016341,0.0056697075666883,6.143346482820077,5.331062015917036,0.191422140237639,112.1825241660868,10760405166.64743,0.0
2.957131865685806,0.0818746852143031,7.972554407486811,0.0148004866552237,3.730981421540814,4.237539590607979,0.6323932754503,121.79491302370592,17957026862.414158,0.0
3.0211018353209567,0.08829574561561,1.182875491651489,0.0053112444053051,1.6975727081815597,6.184100804513057,0.4813219732056131,127.9554263724286,12515275207.500765,0.0
0.2463959657675883,0.0746803975326242,4.937757999438307,0.0231573195514801,1.2847378831491516,6.3628842303166735,0.2620022469034428,118.3784119551697,11314888632.772726,0.0005995249098011
0.1738383366121091,0.0486118708939917,2.925352531649954,0.0033230663746683,1.154380648081007,2.5159681858187875,0.6911005686259928,127.84333179393452,15542598086.280878,0.0
0.2340600257227398,0.0749475561316851,5.073433127986961,0.0233616938148464,1.3563782820826196,6.233866619607875,0.2606120403523019,117.643712111095,11322302919.9078,0.0005753845002438
2.512398758098384,0.0919003751231511,0.6308433795451835,0.0258963230096652,7.463757600264655,4.308297304531728,0.310651023457839,106.33194960560202,13741892668.68334,0.0006519489598061
2.749961457623818,0.085981280391912,1.2588189349334316,0.0229051529496069,1.7145104819023644,1.819766302011439,0.412040850413966,108.42683371769972,10877983315.483427,0.0009507911078446
1.2592416779763729,0.0824232387527055,1.9533746077197056,0.0145509871091697,3.617544936586597,2.9914655422373384,0.3124938211056731,105.20704953931272,11876393976.81004,0.0
3.63914377657258,0.0984541520790241,9.493185343730168,0.0180792678698623,1.4137725584356915,4.552660626607636,0.1098636839665543,93.1335662908944,18850735167.225742,0.0
4.401356887955639,0.0795304743880393,3.660956430896532,0.002132040506786,8.1185277000819,16.76403636102983,0.1551387282231603,117.475161790265,13878878280.555777,0.0
0.6136925677934655,0.0714105508004218,8.762085403459132,0.003006418966387,0.8182659852968039,10.255477604444025,0.4079669595057425,113.8866249827145,18252239656.82058,0.0
0.7904894467161827,0.0438447557893004,5.804962879252205,0.0268808765804363,1.3299048706559442,2.763821871717703,0.8150651170702873,81.54917231180971,12109060265.64545,0.0006111224623655
2.681265303528256,0.0346312709707451,4.457734268273456,0.0149103098801477,4.915096898271214,2.983003501028635,0.7094247183323259,110.89794808597628,10174236112.607214,0.0
1.616148670997231,0.0398106723553399,6.335873737983188,0.0210903349323254,0.3225033452004438,2.7593902913146167,0.4982868893986423,66.4882483989176,10621514477.524874,0.0014750117315736
2.299829623137357,0.0404302017520817,3.158921312426833,0.0067474152107014,5.802200386317519,15.593020360390364,0.1725905417669578,85.21842483439781,11088589364.270172,0.0
3.3190224642109354,0.0648539673229402,5.899487072159245,0.0045343509391772,6.0167865186947775,5.777283901968176,0.0263323311363312,124.66754481280688,12753425213.14071,0.0
2.5359568144911,0.0367739954180661,4.078992577688158,0.0127103211876563,4.903085125363981,5.883469275623419,0.2245255636784793,127.64807016749056,12276706410.09189,0.0
0.943327468661238,0.028076517260255,3.117785872797329,0.0284845651275541,9.53604717752523,3.946305702637768,0.7563993676241149,98.9016617256284,19671172628.076603,0.000589296441431
0.9063435811953248,0.0719181871191166,7.498153320139739,0.0077962340909583,1.8967498665207665,6.121333107357449,0.6110691120077516,122.08850377208113,9238909411.598211,0.0
2.80046626103413,0.0617396004172762,0.6810262220783112,0.0011528165794827,3.822917244762976,3.9664331934096175,0.4349519858771211,111.16272896257531,9027718555.20218,0.000506583570936
3.569193381299637,0.0174941624684468,6.656774917185468,0.0336591225954137,5.486776282453751,10.111290003346864,0.5218832280618376,84.3044829333695,9293650038.267384,0.0014221102415322
4.084190582765573,0.0980140159917577,9.290287887909214,0.0044366231628869,4.416285472497991,8.044386092509152,0.0852298796795769,106.54757655699484,17323687598.57977,0.0
2.2033511680557822,0.056964028301566,5.920121285335746,0.0195539832642049,1.822681216512512,6.345916112267194,0.5968966515930506,123.37498531688186,16290624486.096647,0.0007437148004119
4.774571559209602,0.078862907589881,5.237203153321869,0.0044833215404397,9.987073917828097,6.702651056016828,0.0564221974765558,118.45750888204732,10946819606.675198,0.0
4.694046410329944,0.0476305989146864,3.0846305451534834,0.0260353424579665,9.002143256088049,11.662565354309937,0.0340062462832211,71.17037649589167,19144182603.66717,0.0014465826172462
2.007271569793136,0.0660625006875502,7.931595940705697,0.0047558146603564,9.115384302743664,4.564228700102269,0.7350155729587884,107.42581460823943,9355773313.528193,0.0
3.360110510625384,0.0222749926009806,1.0096071706443026,0.0389384672498729,7.146219139121751,1.6128353070812496,0.8165578365153873,105.5956100486157,14028853658.1491,0.0014116086670691
4.826523370909548,0.0672903297438978,3.217867387814588,0.0715294470685614,4.043673931339714,1.2515234227636398,0.4054177878075334,81.82906599935356,16953024981.130234,0.0005701822176819
0.2443119369512308,0.074793941820217,4.94587601740488,0.0231266316531168,1.2866799860829623,6.370707606074734,0.2638695683110223,118.27288072455508,11376780886.138033,0.0005931379111213
2.4516123652991864,0.0626570954075009,7.771011989548521,0.0289036765537504,3.287143033428387,2.167196125069812,0.5299676240852199,64.8503888374584,10953814250.98002,0.0013130829682618
3.674904044554235,0.0780897507716577,1.4078512062783122,0.0084870893719419,1.7844446750879086,4.422984523975647,0.2891168069812235,121.90715382002396,10486157054.294052,0.0
2.36505014490728,0.047478277019742,4.504370334012211,0.0105038209570176,1.286766927968812,3.166395055320433,0.3722442986421619,126.0766537288362,11981932613.428185,0.0
4.364727953241192,0.0672503833031908,1.562456587970499,0.0326207153870493,1.436079261225344,7.977562430482069,0.4538735970679906,124.79295255144874,10919751769.822046,0.0006921709088817
4.402132493676552,0.0755787269435871,9.682355275728016,0.0061391924663709,8.572549215917793,5.335960092475487,0.5068454157060057,105.46434463042677,11850873382.369265,0.0
4.215287568697479,0.0552794512127055,2.9817500278840243,0.0233872849466874,5.251406423055115,6.278449187166898,0.3827342175328337,121.11660772465017,14042303083.424246,0.0007287464154215
4.356010299254411,0.0294054841356515,1.4093711982739934,0.0540234774786258,8.65601944801892,9.97583422505186,0.6230701200670454,129.8394881540642,11799641081.548372,0.0009721351864221
3.0169432840169983,0.0368895523752078,9.916471026528807,0.0110540340068796,8.443623824500834,4.790272624619891,0.8333234596302921,106.01385503888464,10366547390.967726,0.0
4.095462550984163,0.0207989872673379,3.4642405115968047,0.0044507506328448,4.016859813390056,2.497717649016385,0.4943949317692906,100.98957452535076,9396602129.645555,0.0
3.557110347261422,0.0617149776057136,3.58862239590236,0.0041211410525489,1.476738861163811,2.2685869164009347,0.5557028839691924,126.3766409752979,10191385856.739952,0.0
4.81821410956038,0.0507944406548149,5.718126566860875,0.0049205215558968,9.942983033640257,1.0264362249987211,0.6024474757926727,71.55283265329533,18151835602.14305,0.0
2.987335317114392,0.0260951021048724,4.129502461281743,0.0638356933886838,1.2854692061146578,7.152634727155512,0.6920626036726236,62.836055633168485,10407694843.329632,0.0014730692519416
3.076495693264812,0.0862652172524638,8.044599772549663,0.0141990256386482,4.026510977366206,4.344918077926391,0.632376055922764,122.43274273353715,17846134921.204144,0.0
0.8873087879229111,0.038002241148141,6.391233510193866,0.0050333508417946,1.116707954484386,3.740594252986391,0.565495575289266,107.21831388905228,11154438525.971403,0.0
3.799083815541072,0.0838428842598742,9.4840236642652,0.0025436701672884,9.110800807884392,13.758486391549862,0.1042601421431389,90.13104177027265,17147042505.4947,0.0
1.2737690869888012,0.0185703730220184,3.848612690695968,0.0058300881773032,6.032782015024019,5.486432438923004,0.1826445418330415,110.9648034827387,10786071591.82758,0.0
3.234464196127504,0.0343789995580605,1.5432839118758137,0.0308823369483157,1.342731471132191,4.922681630698754,0.6018265917544211,109.2231352656709,10149427773.095068,0.0005839562586865
3.50660938997748,0.075436559268567,4.851482516476699,0.0101236999488714,3.719441852252804,3.473198940784587,0.1136220470336217,117.2976871502922,10392511148.785095,0.0
1.2868789599430974,0.0166773284644313,3.7664637372032654,0.0057038371639869,6.136702305656196,5.344678008695714,0.1912588785942401,112.17648778568318,10769119292.6687,0.0
2.837252994817896,0.0646174976048968,3.6758402952463305,0.0278488500070105,9.493920947579303,7.517215104327113,0.8120968712160823,113.46482689193309,14044434671.002071,0.0008355732859653
0.2621914538905019,0.0529268745506688,4.4118789497544,0.0284931874808334,2.559837992810458,5.055140995947134,0.6548564353187206,129.42738710473952,9326605996.632502,0.0005683940971572
1.221779844980276,0.0637159122410205,4.178590951249586,0.0142476571019547,3.436591705086387,8.073766538770997,0.5524295502863191,128.5717078606114,10861909990.808878,0.0
2.7146769069244296,0.0558215741055342,1.3810980793564378,0.03770984595472,3.782896809145053,3.081042530370487,0.5413105307065134,75.79767988751628,15472506513.115185,0.000633786184935
0.3953442149375025,0.0557995392138052,5.196074840129561,0.0094920817657682,1.3491004898535428,3.208164649411069,0.4966740736535905,102.95719951509317,12887603422.118715,0.0
2.042505864910196,0.0746269547420986,3.881252821313676,0.0161077018814271,2.866687305140395,5.868546876330682,0.1937148118787773,102.91380311193998,12514020393.293385,0.0
0.4464608576365779,0.0699636817034766,6.014610825591863,0.0335998156111986,0.5752783345799649,4.5980931227097415,0.0390792089028346,95.74091333043542,13910455719.725466,0.0011756794001083
4.775884490069378,0.0774353995497407,3.5103318438444053,0.0414471147302621,0.6700842991268515,16.371281555021735,0.5253313739204579,114.5811726334186,14238363622.837086,0.0012440900174258
0.2651558093235834,0.0532998841909962,4.382470875134522,0.0291853028907585,2.5383837833914336,4.886363613204018,0.6445618616543207,129.22807869520165,9339495382.207886,0.0005763592698273
1.5883904457066202,0.0688608646534652,7.384157034083944,0.0131441603837357,0.977147102469843,4.889293083603355,0.6876219654477511,118.6452764472173,12392173424.970634,0.0
2.0420518586656056,0.0679066791219145,8.905714641609325,0.0089756361331768,2.7170239934389797,3.618710569561394,0.6455066789390508,112.01568793835052,13148416602.35801,0.0
3.5318692146863366,0.0211881925525582,0.3016517972064337,0.0210326695665234,0.373224720468238,2.593933531114276,0.522993177543381,121.11257716206543,13518659881.12182,0.000543658204472
3.3013875378330773,0.0350734467709095,1.5830782783763515,0.0298727794265905,1.4249992905440725,4.747197362706792,0.6086789440500303,108.23233112947378,10140808018.5585,0.0005784149171829
2.7325344298550043,0.0675345583472177,9.784513105118878,0.0149446896167797,3.019002825595312,7.292781704112625,0.8206471936524539,129.02068808434055,18235750428.76808,0.0
4.383648378936904,0.0675282536404388,8.22350265020081,0.0155893008285098,6.354635509286576,1.8022728651813449,0.674637739823254,122.45690392436184,16853938901.160995,0.0
3.636068299009097,0.0409132817383846,1.4565835938354783,0.0142829778095339,1.5037105878428982,7.567310001619794,0.8369935762364181,124.91092054049888,11268057682.374523,0.0
2.543428960783725,0.0977325120537799,9.714272282231832,0.0444489727824059,5.611182229943239,3.0492870176652573,0.6293054410310376,86.13381883514707,15522455872.07953,0.0009374915525216
3.259794888138963,0.0747780457935846,8.413255611480738,0.0597168868424473,7.336739980207678,3.007154518314429,0.7457215636392499,67.47828948137196,9347478045.362747,0.0012746613824243
2.605185400432448,0.0904268886231122,2.9069227132058897,0.01205415548628,0.7213565239399176,4.979955163851025,0.1073619193347753,123.25724249337595,12243209573.218643,0.0
4.750713584362902,0.0217051292715383,4.890439816239301,0.0105054957490256,0.6106743950985226,4.907259719854721,0.292236712213728,71.39075706100473,11842028221.5198,0.0
1.869644932705711,0.0552251408002276,8.779239068124257,0.0230149312797921,0.597726098179242,3.8910632473516578,0.4383391793290406,102.75792023977463,12473390048.083302,0.0008867847745299
2.274441106067336,0.0467324406093866,3.4020681963360486,0.0091481697487719,6.511724676203312,3.2872761080333484,0.1936000792546952,119.81033992152656,9737525812.640278,0.0
2.2531119400187607,0.0606784995360186,9.417482888878745,0.0034773600431189,6.482312269541633,8.362129010243205,0.0867935561954123,97.49508014463572,19010885420.897564,0.0
0.301473464308034,0.0076587912173123,4.585273925165864,0.0101673914096437,2.631943794750447,2.5363559047997013,0.6862186188918823,93.07993043283248,9241594723.207697,0.0
1.7132504096282115,0.0286600579806572,2.2168549511575777,0.008786376288211,2.4729916122241757,8.709749422221295,0.5118566339091251,124.6286741312864,13139462649.076605,0.0
0.4075585664812245,0.0775341535010524,5.172539120017467,0.022185137712707,1.1542646555894778,7.217207130022951,0.2481681716650199,118.74571329602026,10936230742.908508,0.0012435002652239
3.768336703140232,0.0802248444679218,6.742846737763268,0.0134909062753387,9.928949021633397,2.8896250867730187,0.4364295096173323,106.60406990492083,9967325117.035336,0.0
2.2302891452854348,0.0920631719072359,9.329044456629552,0.0050719980707825,8.106686975248053,4.235691862551567,0.2496752205812138,90.96138660274792,17440568793.958675,0.0
4.534680437131886,0.0678137665454567,8.16199660296698,0.002736756682421,9.327851313369502,3.6099433231112696,0.3042610410543935,98.4591559450159,14156399360.811396,0.0
4.191263309899472,0.0935937602117345,1.8244899555710608,0.0308739206968783,1.2972347188346014,12.773536459242438,0.1768037681848131,114.99547563904366,11923241161.96936,0.000701842531546
3.696364006613514,0.0850936825813399,0.9745971241214528,0.0228973238443167,1.3804914300214142,3.320762292586138,0.3222556236686417,114.51413085082903,15725524212.169365,0.0011190364357009
2.957131865685806,0.0818746852143031,7.972554407486811,0.0148004866552237,3.730981421540814,4.237539590607979,0.6323932754503,121.79491302370592,17957026862.414158,0.0
2.9812380327326578,0.092550579631633,4.370914787541339,0.0055027213860897,8.92203664699056,4.067410151284896,0.1503197949025026,123.65678063263547,10211678095.824553,0.0
2.425072166888297,0.0617160175621797,1.188092659681688,0.0314399267165443,1.4597326954105452,1.9950184932267805,0.5542455639244741,65.81616805379812,10956416946.708584,0.0013577010246611
0.4854213448877698,0.0763577117632924,2.6108747780737613,0.0145402815554673,0.6750976655373528,2.878687253291754,0.1677503053482432,119.33353302678718,12400274882.776764,0.0
3.705769597379122,0.0755539573503284,6.084314622255999,0.0222812357917817,6.158006389357862,11.512904671506243,0.7847371450902065,80.27879870341415,15974499681.299856,0.000598560443091
4.186841983672948,0.075771327779308,8.595355449811592,0.003681534042093,9.136187259229066,6.107995076165836,0.1092553848765194,82.52149910459804,19204534873.20685,0.0
2.325100162719889,0.070004368345591,4.07951544631942,0.0221067487554651,1.352940651779337,3.893432695775047,0.1964085264659181,117.391243209511,12557661112.032324,0.0011663057081863
2.146767873768108,0.0885581316621466,9.995319616990315,0.0142633657715823,4.23385115890507,12.051805578684476,0.4862828807211881,115.79250311304092,15195610264.678722,0.0
1.8329583051478524,0.0290416612701892,1.9885238537297276,0.0424582046921032,1.1048345335863812,1.1091464608721364,0.4431266394811182,79.73052978767815,10225183371.076742,0.0007952426599824
4.346820630509614,0.0813754618833085,3.1277473436077243,0.0173878050499299,4.282117380812029,9.362273898892406,0.2930524228810326,120.35632165103226,14721867876.870407,0.0
2.1844363864065985,0.09970380337727,5.263601806958526,0.0228973544653337,0.5073392597630415,5.7492269613202325,0.4179154728413476,115.93956203324562,15331936860.769377,0.0006823805703455
2.5813152445948964,0.0863233734584224,3.4812893355641266,0.0104708677210537,2.334700307711091,7.935335273829603,0.4475828375211758,127.39471752633982,13877930881.23369,0.0
3.8191387771269394,0.0583563409816719,1.2579769209241491,0.0523573533295714,1.930991517960433,1.2627136728297876,0.1737576681991988,79.86335226526121,17878912076.550217,0.0008267636589517
0.9063435811953248,0.0719181871191166,7.498153320139739,0.0077962340909583,1.8967498665207665,6.121333107357449,0.6110691120077516,122.08850377208113,9238909411.598211,0.0
0.8668362081682751,0.0141233382178679,9.157346646668811,0.0027790368779071,7.410899637383482,1.1351931411884235,0.8297714560457691,112.33435050768736,13787056643.679676,0.0
2.9839792599732657,0.0707143142477065,8.356625011034346,0.0195553864183858,8.575401644760237,3.0460758281529423,0.5582759151410264,115.91676978183644,19819323890.1734,0.0014272504594166
3.69306803986836,0.0982770188649161,1.636068255783501,0.0231489967593986,5.593070734190904,3.6740759483776784,0.2081431168641097,121.87523835327198,13655421036.065351,0.0009480248511349
3.761977208676255,0.0473369420631643,4.294077832024687,0.0067173827008783,5.89462857272524,4.934068398409352,0.453674998509751,121.23201670946476,9948037938.84126,0.0
1.5284881331928937,0.0212776177976143,2.563704742370851,0.018197922981921,2.138831015349336,8.058355949587792,0.6704939615099453,112.1642401454246,15366786808.1067,0.0
3.8677129314484575,0.0856765429941345,7.669372515734167,0.0102953744919359,7.092810896102025,2.8662840186439227,0.604040724357069,104.57304537770467,15331984365.186617,0.0
1.2040570245065048,0.0376718973761417,4.113050910982347,0.0202260835187297,1.5734080953739609,5.9034398435133815,0.7328867713997307,93.87345640400896,11806773969.693289,0.0007989179013626
0.2340600257227398,0.0749475561316851,5.073433127986961,0.0233616938148464,1.3563782820826196,6.233866619607875,0.2606120403523019,117.643712111095,11322302919.9078,0.0005753845002438
2.050259305610281,0.0660964136490742,8.990512964741317,0.0082872898057814,2.807377852497066,3.488044143303283,0.657394343748312,112.04593560377326,13166162891.234652,0.0
2.904578266363105,0.090830469945341,4.53134360432077,0.0081465452683969,8.894893945078316,4.050471394811912,0.179585159935665,121.7096956416562,9800255849.585196,0.0
4.15323124045288,0.0867116668281173,4.587205000562978,0.0410911020846286,1.8152413331247956,6.895320210591134,0.3830508294753457,117.70254601299662,9317353286.45022,0.0007476427374254
4.681341773863121,0.054927656087417,4.672567044365404,0.0423896162860433,2.42685963822674,2.8467274790260064,0.7916312327486628,125.77604724525666,16381400574.323704,0.0008563275309875
0.4106529050798784,0.0775799310622116,5.174478914639404,0.0222732601590549,1.15972741300977,7.142755928764301,0.2483437305753746,118.68864157765982,10922201741.514696,0.0012437841374835
2.985971460349554,0.0241613037725997,3.939513793003199,0.0631763232331531,1.3059428640306847,7.197958038646585,0.690697208281397,62.93280087502396,10254571269.045551,0.0014655848110281
4.346461016250606,0.0813681035636441,3.130483140759463,0.017349139235055,4.284536677139409,9.358593853192158,0.2928738461051848,120.35315116128676,14720694532.133476,0.0
2.5323574981762325,0.0824695712324025,3.1691332868015625,0.015128511526281,6.044417486438151,5.790835290273512,0.3927878125184295,110.20266348707445,15862891560.028044,0.0
3.674904044554235,0.0780897507716577,1.4078512062783122,0.0084870893719419,1.7844446750879086,4.422984523975647,0.2891168069812235,121.90715382002396,10486157054.294052,0.0
2.2836487520524,0.0693483648807938,8.891906570950566,0.0143403646297786,9.839949746095508,6.405888075727042,0.0328691234907768,111.82342501055167,13076135590.321758,0.0
3.0050243176101747,0.068107922615256,8.684975707416593,0.0130972682559645,9.810485339097209,2.618189533670266,0.5947373590974334,103.92153739023183,10845799053.09637,0.0
1.5564923565936937,0.0452023442049369,4.266390622469237,0.0156163478958283,5.2190311481782246,4.672664618242551,0.3747896447088367,123.21516699066258,11113533918.720716,0.0
3.216958259766292,0.0562527137728492,4.184170300918968,0.0030651397765749,6.969985897483504,10.27267238770753,0.5356834382271901,114.00669872805037,16047599853.009394,0.0
0.2316243549930047,0.0717669380080867,8.207039983148281,0.0097287964082516,2.4214233162803134,3.028112717901957,0.513944710695519,91.01672512155324,13731198010.209051,0.0
2.957131865685806,0.0818746852143031,7.972554407486811,0.0148004866552237,3.730981421540814,4.237539590607979,0.6323932754503,121.79491302370592,17957026862.414158,0.0
0.187289424526264,0.0073178316984691,4.945899258733993,0.0043159736297476,0.5637153081148318,1.860051597963659,0.6644619609141059,118.12001991483211,10072794458.464788,0.0
2.7888896423196554,0.0952880036467744,6.928148611245741,0.0232565831653556,2.3347581779398103,1.2087696981981368,0.2502953398947048,114.2229123904834,10524049556.051052,0.0008337732179112
2.134962021679607,0.080973332900767,1.6239358222990217,0.0054952048938955,9.462802421733745,2.7773220224589465,0.6314219668644957,124.54832630130328,13821529941.147026,0.0006097923018625
0.3264238492768413,0.0576972447031903,3.599681485270197,0.0186169846467276,1.71798153907306,2.817496066101038,0.3896235339815017,101.8650744772435,12276060110.916662,0.0
3.4556841306838444,0.0114157817854655,6.469001882096361,0.0521097045942124,9.009268527643258,1.018887515992709,0.0360319379332612,107.79965286960712,12402310487.785864,0.0
2.148176172829505,0.0327266381938899,4.295457611585549,0.0146527584539414,1.0942039022535637,2.859926540896055,0.6064643755795855,129.10822569379897,9876968471.595531,0.0
4.068575144450498,0.0837741246355491,3.462721973062912,0.0141998490699717,5.983259001747421,8.79254253996569,0.2754172223510104,128.16753873530402,14856196992.529247,0.0
1.6976420795095588,0.036943156752592,7.07453626069421,0.0785275343353905,4.164914474435782,5.740544777310071,0.6040485449899904,76.36104108248784,12742879728.0646,0.0012067653160021
0.2927944786530897,0.0514026838790618,4.510470810774536,0.0277605716669518,2.201982617635731,4.796454365080009,0.6407489127176487,128.68920875220795,9209124493.548616,0.0005441585439443
2.2861136466889245,0.0608205602751974,5.65308879460865,0.0022608942982295,6.288353188124621,8.468355467635398,0.0733280025533274,98.01145051306564,16085819037.873726,0.0
4.343104959690511,0.0735011946379691,9.513420974967072,0.0273851718074074,6.153615345021521,1.023224017341633,0.6311800321184587,74.19094059117765,13596653453.785078,0.0014422486669321
1.0951003164185225,0.0500383280304625,7.1671413682149225,0.0103107247564285,3.6629815668243344,1.2255790017239503,0.3771546578302962,123.93895303289467,10082743703.866491,0.0
3.092628537902387,0.0451379643018447,1.333447214462675,0.0262473273345094,1.0646492394545342,5.175927260424122,0.1785204545686449,118.47964126741188,10980585443.642246,0.0005954134533186
0.3072394248535537,0.0538274816837602,5.465744062956873,0.0105569289396399,1.0685134108766927,2.813959233396552,0.4865255109211113,102.12954547705628,12718222267.779572,0.0
0.6277549581162014,0.038397098968065,1.2032461145077975,0.0164811860461296,2.897008736315515,5.482478985411677,0.0793401539798388,121.29988647117844,12215734519.10628,0.0
2.11177580871167,0.0792815817924652,4.275999497419591,0.0199599410952013,5.786630022170445,10.887161260324426,0.6488685405988233,112.16026201344393,14669430422.457016,0.0005712186680104
2.904578266363105,0.090830469945341,4.53134360432077,0.0081465452683969,8.894893945078316,4.050471394811912,0.179585159935665,121.7096956416562,9800255849.585196,0.0
1.7962712646616674,0.0213917294485253,6.064765475313088,0.0049518480365531,5.292666374300915,6.022566564680243,0.841921093970313,85.75084288701728,12303700054.398754,0.0
1.229386035933993,0.0893148339608225,2.9884412593983933,0.0042869254202255,7.515815346018368,7.042231067912264,0.2087755006816505,101.180515646691,10272524971.884668,0.0
4.368604919468988,0.0870867461498811,2.5108427302366234,0.0127101683044731,6.277865439034311,3.593378800571969,0.1525501639989872,126.09197569852144,10135496309.649654,0.0
1.9358672212161792,0.0567308048121018,2.857372627580015,0.0030322248155055,9.90979407039146,12.448998602669157,0.2215672605814423,99.71022937425109,12564103967.361084,0.0
2.2836487520524,0.0693483648807938,8.891906570950566,0.0143403646297786,9.839949746095508,6.405888075727042,0.0328691234907768,111.82342501055167,13076135590.321758,0.0
1.0607336874272857,0.0981462937207589,5.448299582732394,0.0243262003933081,5.580856140987557,2.121693241667978,0.7838620496745943,107.04063159856818,18302386803.02094,0.0007946238751157
2.80046626103413,0.0617396004172762,0.6810262220783112,0.0011528165794827,3.822917244762976,3.9664331934096175,0.4349519858771211,111.16272896257531,9027718555.20218,0.000506583570936
1.7714046847249303,0.0719967362047118,9.138602731790105,0.0243940472846367,8.199147823035284,5.519527479687779,0.199613276320331,114.63939525189517,17358552006.96774,0.0014479782647218
2.9754858951398715,0.0908610970174461,8.333602100707017,0.0144401304560944,3.340273240626889,3.0874962775246004,0.6749202938866248,126.19745361809277,12729172106.877165,0.0
2.3686613729788024,0.0339899585739561,0.6300605724892183,0.016269231132847,1.2524505836003883,4.153752388261786,0.2797446960301016,126.85094643032994,12455665654.261082,0.0
0.5795179069036518,0.0858570861173397,1.2052404527368272,0.0036333383856793,0.840175246339842,6.53012810156248,0.276402602964986,127.76762093063284,10149771531.017448,0.0
4.535247981207112,0.0678805774392991,8.17301808773906,0.0026757395540576,9.325736650174104,3.608698894426271,0.3040402183631256,98.7899884526857,14145868559.963911,0.0
1.5883904457066202,0.0688608646534652,7.384157034083944,0.0131441603837357,0.977147102469843,4.889293083603355,0.6876219654477511,118.6452764472173,12392173424.970634,0.0
0.9961720326252198,0.0133114133889051,8.908813251079188,0.0024291070290364,6.251945332508542,5.682997097815025,0.5647979456451194,74.74084854153809,9937956913.063396,0.0
4.863487719058222,0.0737977464544455,6.119628913307594,0.004468167660205,9.51635390865252,1.4617929261732066,0.4332807512458818,96.07031519742624,18359887922.18266,0.0
4.817300843187192,0.020601511966426,8.90989033660383,0.002242053260108,9.876040659488991,14.47232219337263,0.2243932636489738,68.71252330263502,18925238920.9226,0.0
0.3191445216081781,0.0557804417762321,5.841090867172181,0.0342696222672932,0.7930964361245619,1.926366470042883,0.5848336738877075,128.94621019850882,11474111477.757769,0.0009226243549925
2.999778819973173,0.0702925244352242,0.6024325410787327,0.0094902338581873,2.252812921855677,4.787010204693359,0.7524989955656527,117.06236600239498,10327041054.55082,0.0
4.91111381529118,0.0757996242581011,3.8314870875237226,0.0217990458366951,5.143927598162786,13.57377174546082,0.0999138134466026,118.80680321525452,19803904150.73571,0.0005474426617479
0.6398234521294033,0.0279524069340598,8.104448155629253,0.0078098440696596,3.218380697436982,2.148652969137287,0.7319102440404319,105.679588452217,11429331803.172665,0.0
0.4955586178357251,0.0731377167045729,5.523617961446806,0.0076398650549984,2.465994968482404,5.839607617418423,0.3715086731285652,127.31512371066198,16550654165.879374,0.0
4.830261362499013,0.0889628502659255,9.251075075930144,0.018975079475628,8.627753774357243,1.4617133328332257,0.6876515618530336,77.07778441564217,19957370524.26043,0.0010211758870403
4.067378313351509,0.0970564530101635,1.3529159344235535,0.0073304630488181,3.822986821181343,5.3903631972640165,0.3152835243163565,124.66497307465816,10226158984.767565,0.0
2.5779622070477544,0.058538685124796,8.970943088581334,0.0046130307210363,9.03428482420851,7.116789719455316,0.189011066954591,89.9700441576186,15387539062.124292,0.0
2.977549854021992,0.0787298419827359,8.405438737252078,0.0064433837972487,2.6004936446502094,4.527338855540234,0.6530215752705201,124.14063398634023,10259833390.72239,0.0
2.323255076511406,0.0725047569516405,8.999504908780686,0.0098322545864355,4.092630076591166,5.3508761701571625,0.5305751612954064,122.12419899412724,19782986654.139183,0.0
4.198747621726098,0.0362038585044171,5.997389705526592,0.006354993103297,3.0498889229166286,3.1567528236433238,0.5453193546175731,101.7180315724256,19864403464.242424,0.0
4.029456482675641,0.0606065736010437,1.2452457916097464,0.0722021714344727,1.469857560094356,8.764909647057882,0.037178945866613,104.80816725922756,10635687303.642555,0.0005862555308201
3.55574993357676,0.0993752505758468,4.007441252051766,0.0086207825504042,8.666399984317412,2.188877291177713,0.4155715666098982,127.800724044479,15592879458.028782,0.0
4.097256540784778,0.0370260884386177,5.809249616230447,0.006593331946132,3.155221016479811,3.318161059163778,0.5423844984589776,102.55563427836938,19799550850.7943,0.0
0.2641565985202813,0.0528988237333759,4.409772449537113,0.0286725542015647,2.5589534056745182,5.09491361778348,0.6548310632425265,129.47473023117288,9294208790.575752,0.0005681746903981
4.32809997304697,0.093945905727425,2.4701616954677084,0.0566583292961309,0.1386191886319737,9.73573228778146,0.4220834695870555,122.54679707664856,12689244429.226751,0.0008634106047831
0.2651558093235834,0.0532998841909962,4.382470875134522,0.0291853028907585,2.5383837833914336,4.886363613204018,0.6445618616543207,129.22807869520165,9339495382.207886,0.0005763592698273
2.054640178736778,0.0654308864333726,7.402029379810892,0.0079313815169375,4.640802716962401,5.7873086723126805,0.3536492011480968,118.28012860298897,12388033004.306845,0.0
3.5935999567764303,0.0841904803807835,1.261287363713406,0.0084586881663179,2.273160212211915,9.111478900311528,0.205970661072417,114.38875594297168,12576236099.830936,0.0
3.217045906635325,0.0932297339439356,8.398399134816744,0.0251104369347664,3.219566776155524,4.836255390765127,0.4455054574530322,121.0667826148647,19894920085.985413,0.0011087921533462
4.199768728404122,0.0999510299757028,4.277255741108804,0.0127614454210325,9.325649100149786,4.042917668708648,0.0512643003690579,128.92370653594296,10817252603.108658,0.0
2.1397933458731715,0.0497544099953103,8.345262203149922,0.014158632414957,3.663272956236173,7.295230656232038,0.5757973407450907,117.13384607481056,19047458993.321075,0.0
0.5217218400434918,0.0512872710245145,8.888225659079207,0.0046654106909869,5.740921745253859,3.690847889773498,0.3869241440231027,109.02717819291338,11069841814.716885,0.0
2.6524429791056336,0.0346082746890669,4.166085224514742,0.0164535566825178,5.039292305179661,2.63009364059865,0.7140087528030921,111.14785387411222,10058122254.905745,0.0
0.8520062226259796,0.0969835913275967,8.93667136909456,0.0179389545826093,7.631758970721751,8.737951364096222,0.3332459834736472,78.85377406902934,13106657549.945198,0.0
1.0010707326111246,0.0130756136424851,8.862694936123665,0.0025926238888196,6.240566142038036,5.691592614062174,0.5701033189855119,75.16457155615694,9923961250.295822,0.0
4.534680437131886,0.0678137665454567,8.16199660296698,0.002736756682421,9.327851313369502,3.6099433231112696,0.3042610410543935,98.4591559450159,14156399360.811396,0.0
2.9738393515973414,0.0539240816924759,7.255898751294616,0.0104645109820833,9.345448648165537,6.851276554931171,0.0969842072079941,80.24129352734872,13029956801.027857,0.0
0.9265938415259252,0.022655839111102,7.671443113703372,0.0243102307038724,4.25843442377103,9.97507031061781,0.165341333480397,126.69722246139052,17483902400.183193,0.0005636017910387
1.8906704147614315,0.0228011736987102,9.103834549496492,0.00959285388954,9.277927706617524,3.377042717194054,0.5799822235516359,118.45002625583436,10523813592.917322,0.0
4.027815789813509,0.0686683132160415,3.919764119928941,0.018228083829445,1.571312873349313,2.3544173299273967,0.117681322158478,129.0692644775137,11339189004.365366,0.0
4.029456482675641,0.0606065736010437,1.2452457916097464,0.0722021714344727,1.469857560094356,8.764909647057882,0.037178945866613,104.80816725922756,10635687303.642555,0.0005862555308201
4.002896921734535,0.0731328076014944,7.21600326568446,0.0071361597152321,3.258862659962802,12.0885339102581,0.2544855881317526,127.6917890511082,14236818765.089745,0.0
0.7860448575095192,0.0774340650737875,9.172088007373077,0.004628276724571,7.638380063662844,5.113711394522,0.3352328395001772,77.06408090696968,17621027073.755596,0.0
1.85280990706671,0.085567496456937,8.497503783415684,0.004421128378868,5.349470875505176,6.075088364676716,0.1724025653066707,82.61595671791146,14933606793.051258,0.0
1.9808974865986584,0.0561755701930224,7.448550075920213,0.0090950964955632,8.59182702858793,15.856503990771223,0.0595836838150309,103.24743928366458,16454980502.516148,0.0
1.153600443146637,0.0290620923559713,2.6673859710012287,0.0324238168858877,9.016232882764772,1.241702079174377,0.7660027341497435,98.68675265634438,19297433463.866302,0.0006332354483156
3.989092960798869,0.0665273228058499,0.9167131943460074,0.0137857798482836,3.075122614099416,7.202244281088758,0.5588178850825527,116.84921625912268,13641961251.57389,0.0
4.407421431756478,0.0417200470536161,1.931396969496579,0.0665854076562453,8.463875803373872,11.00769766448535,0.0414418601063576,113.4848092986739,13303180315.067848,0.0009890558857669
2.1397933458731715,0.0497544099953103,8.345262203149922,0.014158632414957,3.663272956236173,7.295230656232038,0.5757973407450907,117.13384607481056,19047458993.321075,0.0
2.437674016124712,0.0268018361910426,4.963201863601489,0.0060172058274184,8.504800537936472,2.98637736999982,0.1880762452112183,94.57255308933247,10271075863.932594,0.0
0.1490684419848922,0.0347132940576482,8.644239661137643,0.0468413815182021,2.6912816704559672,7.688550868837322,0.1494206801598677,107.84897118466824,14725258453.69392,0.0007533253147105
0.5886455044925668,0.0199715098561674,1.9655773117135256,0.0173054197730634,4.500222076174512,3.301297566834608,0.2341256639001466,110.25144334165178,10839305826.040174,0.0
3.2090316410102497,0.0823870777189107,6.949145090750397,0.0018703629263763,3.346179244861375,12.122662687420483,0.0393293760155608,106.72959396452757,18845650792.68728,0.0
2.1792675117449183,0.0997970100489962,5.254521925581428,0.0230861864183421,0.5065372350732207,5.746414611379018,0.4173456108283133,115.74909908446244,15317342423.993784,0.0006809947242054
4.637214410228955,0.0818054936154303,7.793453697781048,0.0204315439915134,2.053081149097166,8.742883181273099,0.434264058067158,90.22914383515642,15777110012.760868,0.0008606200704532
0.4917458084747832,0.0137888549817198,8.300187684408073,0.0140573599904927,3.828621160017211,6.656910328214845,0.1250115962646437,107.60454702537044,18626951181.259995,0.0
4.705907704920883,0.0932636878220455,4.153498272059983,0.0488129911680901,9.90191562330525,6.9498453050092825,0.3300239839820388,124.34827647766772,10128696090.462952,0.0006206850222714
4.159315409043297,0.0769229096878628,3.002724453577112,0.0379360119931459,7.400550932925269,7.724228864592746,0.2787460141150453,81.93172559289278,18776823093.69499,0.0013118053184898
3.1976122472310093,0.0352110540302088,1.46279924951782,0.0311796899933004,1.3181999851933486,5.186248296645424,0.6005234508455207,111.04613693177828,10044727600.765217,0.0006133532690095
1.3759340766399333,0.0409379715951235,1.483392290746376,0.0077044503377127,4.348725522945933,2.3979926910292555,0.785294720342798,106.37351316289426,19438212126.273804,0.0
0.8179666611792481,0.0789775481359128,1.3686408399229273,0.0170136900991811,0.8764648862078506,3.7768244617558775,0.206035999190836,121.57535513202023,10074701952.085863,0.0
1.1376816655826425,0.0588187260054323,7.918399806834305,0.0272565877609728,2.743429865626748,5.070571680657362,0.5870561452181732,103.47923280439996,12480075494.921535,0.0009245967931871
1.390481725055435,0.0165417058619532,3.858968607966845,0.0054151838729807,6.062267887018484,5.413135647640116,0.1909485921677464,112.3259719184313,10741435151.614946,0.0
3.2103303187127388,0.0213723935673026,6.282467428270612,0.0242136710094051,1.646610430285654,4.839051566401916,0.5115875473559651,110.17632821687336,10205547691.284107,0.0007249028516328
3.099434186993049,0.0857378521204296,7.442952043506389,0.0141939601755159,2.494873997118676,7.660728724672005,0.2267071591579065,124.20346560637635,13315685635.991217,0.0
2.5478815563524453,0.0521674998887834,3.46721294325136,0.0079344915273981,8.425391487176702,4.414100358356461,0.0913658024593538,113.31229207641836,9774727122.50779,0.0
4.101576059397637,0.0637572456947219,3.7635853403798856,0.0121480809912871,2.2937733998340906,4.054368117633641,0.3607021167806613,115.16782474268052,19558291698.52072,0.0
4.32296499282386,0.0854441141596026,5.606805197069217,0.036431233999742,9.92582600124794,12.338809165655697,0.2283248496212027,99.55499899610342,18935087304.889423,0.0014915466120722
2.1483112711239194,0.0493287491335178,2.037168082634662,0.0239318315837878,2.254656878096527,4.553226146911063,0.537370580811052,128.30504371575256,10687120959.738728,0.0006438066523859
2.454934074719564,0.0845820751064092,8.163107830875266,0.0324691899249375,8.213225161861478,5.09947941146267,0.3926174229994597,84.48389632257619,16851562973.457342,0.0010286631576619
2.4337845921920644,0.0743171971159426,6.07373987508416,0.0111197388926993,5.042657860448584,9.784844077179878,0.1286232894123442,120.50711871272892,12600590547.618448,0.0
1.2597791021963043,0.0824166389899396,1.9559307003134865,0.0145326076624049,3.617138247114657,2.995707237280637,0.3126001019062536,105.20460662280846,11876908311.152847,0.0
2.843219947724256,0.016668943459556,4.737532437980929,0.0049493828720361,6.795267978703396,2.65176411379295,0.5593771256558262,116.6655115683756,14579084627.700214,0.0
4.547940637347106,0.0679250196368108,8.145976240272491,0.0027222911074941,9.336145634960111,3.628866073875298,0.3046203846359459,98.30148936687894,14151104700.760233,0.0
2.180680759807618,0.0688778394077944,9.331292225376334,0.0092987890841319,5.1164583090537485,5.22556370073355,0.3104948822353597,93.75998242671974,14649143821.987885,0.0
4.346461016250606,0.0813681035636441,3.130483140759463,0.017349139235055,4.284536677139409,9.358593853192158,0.2928738461051848,120.35315116128676,14720694532.133476,0.0
4.8429589560137405,0.0798845271192096,2.1761686492935897,0.0031688578588817,3.040907250189463,3.7970709279576433,0.0738635002136243,118.5041019553152,12278358541.052914,0.0
0.5795179069036518,0.0858570861173397,1.2052404527368272,0.0036333383856793,0.840175246339842,6.53012810156248,0.276402602964986,127.76762093063284,10149771531.017448,0.0
4.860484258672542,0.0937756039697101,5.401345558499879,0.0076941301003158,5.756159317035885,11.825721171663991,0.1411375117910208,92.09309744874278,14499374446.50998,0.0
3.628977980468867,0.0456029534205445,6.808041129386663,0.0020999806215926,6.869024153657891,15.496212347717949,0.0861806211961637,95.7822462735522,18002804679.254276,0.0
2.8318896593886063,0.0935527379957355,1.99738114506468,0.0054106553872965,0.5654964430377903,9.752139435944365,0.3847754382853462,114.96050115670803,9239896019.775246,0.0
0.7030844214362516,0.0345248555564027,4.773877810197922,0.0102529582853907,1.8649800337045568,1.3818163391088234,0.6307992422445844,126.14951758752522,10230592814.009502,0.0
4.638635302531559,0.0992092487864685,6.7186029757414,0.0017562244286695,8.011204781823851,12.416671102172517,0.1062714929708419,101.12621010532006,19688470964.10627,0.0
2.512398758098384,0.0919003751231511,0.6308433795451835,0.0258963230096652,7.463757600264655,4.308297304531728,0.310651023457839,106.33194960560202,13741892668.68334,0.0006519489598061
1.954162381704514,0.0909268821707341,5.833258323304657,0.0060472053838376,0.9530282629525908,4.99874474782158,0.3538269992842778,127.04980176917724,10830455066.85962,0.0
0.5459511495377881,0.0876075755800165,1.4210932852568947,0.004511567167306,0.874256503038687,6.327307503673993,0.2802809923254682,128.35297101404905,10237406407.32982,0.0
0.4279950098475961,0.08869874467018,6.697078975955496,0.0823096637898775,8.752001855802192,14.537581770651244,0.3556530036323613,127.75476297584656,13602297963.226572,0.0005516148777105
3.50851114477939,0.0085177842469061,2.47457773961258,0.0178687241304789,0.2418560852432797,1.8236585549270004,0.6769005709973724,114.6555269327094,9010201070.651024,0.0
4.320904407293136,0.077678615812188,2.6571237117554736,0.0277522348593196,0.78076799601755,6.93585373266652,0.5310170070570784,116.99159769181932,15410524928.425186,0.0007978325024965
3.313651206647385,0.0715667779849227,9.728164829813185,0.0181816086359838,7.0775464511791615,11.502153785672286,0.4931100152532067,105.47686004602066,17784959738.645958,0.0
2.5770024618691307,0.0585351601851238,8.97178334806705,0.0046059077609425,9.03427653374363,7.118554682394231,0.1889766199298549,89.9618172531109,15386920240.151796,0.0
1.318935764495838,0.0164748773183009,8.392235341741063,0.0187222084373856,4.9324210794833165,2.9702187970298475,0.5508214688120279,129.14894041152186,11535138202.147188,0.0
3.0007631048276697,0.0710785098051574,8.378833944669543,0.0180400923469264,8.459679986665066,2.810866914624121,0.5697208503335753,114.03742067819566,19691639661.988617,0.0
4.338670471369961,0.0334186173872885,8.884262346218502,0.0480992704354987,9.126115395218523,7.514369892777615,0.3509516951859053,80.19250896972979,10586760840.586533,0.0012403524412971
3.802201425367497,0.0902690430310815,3.2879170428892635,0.0080423261611667,5.477247988452745,5.301379049490689,0.0570749814851745,93.42272455343948,12946796151.349983,0.0
4.719373419417796,0.0930291048389561,6.803088316676013,0.0219937346433697,2.19475760264291,8.770932956099465,0.0560758678756715,107.1248077241992,13848347525.73543,0.0009104016952175
4.9319596806952,0.0717736861410035,7.232948927208499,0.079632920917688,9.698658215695074,9.429616740627688,0.4848418664391679,125.19429401452504,18175810297.48706,0.0010983443785053
2.6567375248572755,0.0767800216158983,4.939135338869663,0.0097600846010223,2.572007225043356,6.011836242908966,0.1793358842291977,105.74633097291483,16269530204.557371,0.0
2.907291587871503,0.0050474389267579,3.657506199561269,0.0187374278399297,5.661168416274297,2.502135592168318,0.7685672626839959,85.83357631589605,10015359874.938663,0.0
3.095446354030471,0.0866104106456439,6.822751188591992,0.0269848629956063,5.208597882631688,6.246311330874708,0.510619922486846,106.46549201233486,13058064365.40031,0.0008861762973811
4.9891265304725945,0.0958085504179655,6.612956090789674,0.0120955655121136,1.0917696328615278,12.649890710780143,0.1602882096660264,96.701246132229,19204124701.450577,0.0
4.346820630509614,0.0813754618833085,3.1277473436077243,0.0173878050499299,4.282117380812029,9.362273898892406,0.2930524228810326,120.35632165103226,14721867876.870407,0.0
2.242306529350282,0.0983151845084829,8.076597453522579,0.0120458194397406,1.806439613662088,7.152583934660895,0.1544039437236291,105.10269437608896,12458195583.120329,0.0
4.303037151958059,0.0933574887906265,7.351466832574646,0.0087278693586814,3.0684653897499685,5.330565957602952,0.1867923675182688,127.36401308438872,13170615520.77984,0.0
1.2990657233198628,0.0521781147863438,4.794591343268422,0.0255493252386045,0.5010698775044444,7.601647741307548,0.3576206048428155,127.22378318919274,11009312621.502523,0.0011535284246247
4.223163314627556,0.0330915691233435,5.392073731674544,0.0331970905997311,0.8190189163474688,5.626423129674233,0.7851797475910856,127.18467475330216,9535693686.366829,0.0006791400066132
3.8875617788212185,0.0929454882105768,9.24224310105386,0.0177115849331561,3.876955345351522,7.713940073375645,0.0626886637949527,69.15423991896432,14007387867.465174,0.0
4.436498347715372,0.0919995421067567,6.880081753606363,0.021816617691123,2.205879166646342,8.572663365035384,0.0577013192869787,108.67765071250436,13848810970.807364,0.0008772558043751
4.324176910394963,0.069967472654684,5.9646443382685,0.0159664718085369,7.498629471660597,7.78823971146227,0.6434376572646651,122.73130744488502,9179879112.939823,0.0
4.206422135315338,0.0976721196318883,4.300597170832056,0.0128535401041837,9.21040593263155,3.847860088297598,0.0590675634698409,127.44118815615616,10652835450.7543,0.0
0.2178037822532491,0.0164846589015596,8.839626579403838,0.0061700410492419,6.542789007187244,7.896704238916642,0.8303382521389697,93.21398942806124,11993626823.247932,0.0
1.2195151751632491,0.0173245783353494,9.970219265553329,0.0115721422793243,7.614707839499292,8.448942319313566,0.6824026114830373,79.58446445728899,14294853394.794369,0.0
2.2603096818889394,0.056912653644583,1.29531285570855,0.0083932978136774,1.9175941300373571,2.649954023231708,0.430456272947967,128.26304259673444,11137336843.634724,0.0
0.6672645092500498,0.0173055978475517,5.339429426223368,0.0147264137902244,8.425879895138719,2.856572517019853,0.1982497842741784,122.3766506498752,12438020792.665337,0.0
1.5746194736403183,0.0358930524199734,6.688784884276234,0.0066210897586056,3.863262313112928,8.508899857620248,0.8209021011834997,74.68428317834066,9054982767.866957,0.0
3.687217841566652,0.089556311136837,2.346454830874492,0.0062997006154277,4.592002068917942,9.402171597169358,0.056594390255007,127.00556028011783,15321241711.99502,0.0
3.354210066036956,0.030944430343694,2.8792275340846025,0.0106229894098054,0.4875367618202384,7.566255418940384,0.5402904614789459,120.32820484043025,14100318394.78329,0.0
3.2155058000797028,0.0341236768075141,1.6139786091005417,0.0301773739804931,1.3911007627919627,4.582796130800015,0.6000127271131727,108.19288468678356,10029043129.961288,0.0006092964283886
1.5115513658050976,0.0941170717436444,9.679585807307378,0.0937887141276767,1.1785665642366876,3.119175499523968,0.1449620425115581,60.48817459405954,17160974116.1282,0.0006573231568713
1.0402978403170169,0.0282472065896073,5.136635549385839,0.0365158063574747,1.499858337237202,1.532706366631791,0.7361873320412283,64.8411185248676,13959774949.345718,0.0009178662994756
2.816689334576278,0.0664594845338224,6.175244021539274,0.0033037911773927,6.927376653005893,2.667694334203769,0.0895848041597286,124.10291925124903,14002292463.670296,0.0
0.6115620061395832,0.0065912780570258,8.548230313082437,0.0515058211201455,1.706618708840277,3.045578651114887,0.6664871456496506,118.07964720506048,11003590866.91587,0.0007205798415943
2.8109280603753786,0.0525778801463758,5.018436451190124,0.0091530994865727,9.380804508825747,2.453984343385855,0.2993278138097723,110.27449466645314,11413599114.158085,0.0
0.8551666557550138,0.0882095547060415,7.872581889466301,0.0121897782453615,1.9866879768694576,6.365753869321575,0.462582234054504,108.71470264448315,9090593996.666763,0.0
3.1014956813656016,0.0196794500273095,8.907525119400459,0.0409138397360699,2.558435651773152,13.85811298305106,0.7621528340277183,63.478557331542014,11066359460.363586,0.0014124914600816
1.0736778259903197,0.0573967067841921,2.1034001681799426,0.0169990849217103,2.119867177986688,1.3293710777594685,0.8226546102774828,122.44156100182715,12119839081.500822,0.0
0.4458613462222889,0.0526167361362218,4.072766270824602,0.0508177831241447,5.876046663827857,1.7594862585987658,0.6116337645109451,115.78845440229694,9439095860.99168,0.00066817481372
2.849974589479549,0.0802301095638744,8.075094386575891,0.0177296268778969,2.909758880804972,4.243271719032611,0.6473063363591821,114.25028526069109,17738397707.14749,0.0
4.119818579323776,0.055168096726521,2.5337732207714843,0.0215994381296836,5.124165317561587,6.2579440065608045,0.3928805417260069,119.03201649718318,14166119349.70805,0.0007388415222536
0.9265938415259252,0.022655839111102,7.671443113703372,0.0243102307038724,4.25843442377103,9.97507031061781,0.165341333480397,126.69722246139052,17483902400.183193,0.0005636017910387
3.0675021659003243,0.0848237599984006,7.192068765616217,0.0127834869190013,2.4830018682789845,7.919362702843796,0.1898872715568823,124.6106387072799,13255513356.92015,0.0
2.7146769069244296,0.0558215741055342,1.3810980793564378,0.03770984595472,3.782896809145053,3.081042530370487,0.5413105307065134,75.79767988751628,15472506513.115185,0.000633786184935
0.9342363722115352,0.0603461364424807,7.258297443857316,0.0287611921319971,3.9801520936586985,4.317607457332963,0.3700588243776396,129.67193193884663,11391617166.014648,0.0005052463249559
0.9437619357364824,0.0731760764729076,7.109303398047809,0.022704845507043,0.8967134681511002,5.607434782161573,0.6446194438077543,123.68371481411262,9360981209.586802,0.0005789976493261
2.007271569793136,0.0660625006875502,7.931595940705697,0.0047558146603564,9.115384302743664,4.564228700102269,0.7350155729587884,107.42581460823943,9355773313.528193,0.0
4.455039962021812,0.0937452833887652,8.943743001725549,0.0134748496543176,7.238612311752248,15.597791137236458,0.2849876811407825,92.53605248704557,16705195434.323729,0.0
4.727301386881515,0.0960277309635755,1.8441944526129408,0.0020299156431123,7.345282772625072,16.428216437015777,0.1134966250724697,109.59355115628482,15317561256.346191,0.0
3.1887990497261742,0.037807361571283,6.507912998518361,0.0483856547025445,5.722829673079891,2.299688312974008,0.8183263591043869,88.45816723615336,17571467470.398533,0.0010420377785146
3.603620523642005,0.0518370270612372,9.976200235175364,0.0013163229620664,9.774933299302328,13.418000626638577,0.1175703547578039,99.46731150784652,16719870455.0792,0.0
4.493897046356627,0.0858460355407426,9.86511434671076,0.0312655032097383,4.910370418777529,10.638179495290933,0.222451678087771,85.40148101582203,19887632848.48673,0.0009516054337366
2.6929501468336974,0.0727128352176441,5.749770821158792,0.0099254735995544,3.560031556681877,2.7433514172115605,0.2574383543335508,113.48010779967306,13207013521.723806,0.0
2.2183203265280427,0.079544939913869,8.984488168747488,0.0019831277018774,8.850394720719926,1.3428906176541426,0.0572496428963059,110.98423261174317,13043555668.937466,0.0
3.3190224642109354,0.0648539673229402,5.899487072159245,0.0045343509391772,6.0167865186947775,5.777283901968176,0.0263323311363312,124.66754481280688,12753425213.14071,0.0
0.88343524250913,0.0590116086049922,7.022697344094225,0.0057665201776929,0.8836571538088548,1.3310818978706895,0.6672253770109298,109.9582487418174,11611180818.81372,0.0
3.69306803986836,0.0982770188649161,1.636068255783501,0.0231489967593986,5.593070734190904,3.6740759483776784,0.2081431168641097,121.87523835327198,13655421036.065351,0.0009480248511349
0.3132663062644402,0.0540421658363714,4.3737831586639215,0.0307693662168091,2.5114675522602736,5.069793891933174,0.6411582362570165,129.41578565800876,9266730344.288898,0.0005760180574721
1.3628389616063612,0.0627254092796888,6.212051001637361,0.0037857754089842,5.66526051239134,5.455264129022109,0.1664652344884818,111.39326698207468,10711501395.46785,0.0
0.5914330782183107,0.0866356000579688,1.3737538073641722,0.0052162436287128,0.7715264996499926,5.976507440873863,0.290491000208453,127.18477999442732,10351344180.173073,0.0
4.929552515267936,0.0623990992221709,6.560768033669247,0.005595440238044,7.609843842054298,6.497833697521217,0.1573175034916628,84.08633402764488,16278262405.676022,0.0
1.135603740458844,0.0230843734935593,6.788953508392137,0.0192074655093799,1.850346386984812,4.501215485594826,0.7418914168692967,97.61927149807892,13629447019.08186,0.0005717373609511
1.4386454567262006,0.0596143053198725,8.5667336360252,0.0290139325963248,2.50221889693799,1.8006861891979504,0.7157748283795328,116.44463642823,11937721877.252544,0.0006607610864432
2.5676701573741183,0.0172879926061065,8.26652389071957,0.0075588514115608,4.475187317251466,16.063975334662928,0.4669259900523899,75.03240094962044,18227468035.258347,0.0
4.420383256639434,0.0928763296865299,8.38269395985269,0.0145611149559774,8.292086870545424,1.5100989017325577,0.6162916272081038,97.56497076339872,10593145618.72861,0.0
0.3900139713043817,0.0446023793857666,4.465968009832478,0.0026348343776917,7.952040492178092,6.733154657318565,0.3415571367655216,99.94675106739112,12435764362.526354,0.0
1.4761009232977027,0.0126457594625418,1.0654371722730172,0.0182590861611428,7.986145482511328,4.111280066201944,0.7239720178813995,120.88297470525534,11420592030.58608,0.0007071617869316
0.4917458084747832,0.0137888549817198,8.300187684408073,0.0140573599904927,3.828621160017211,6.656910328214845,0.1250115962646437,107.60454702537044,18626951181.259995,0.0
4.067378313351509,0.0970564530101635,1.3529159344235535,0.0073304630488181,3.822986821181343,5.3903631972640165,0.3152835243163565,124.66497307465816,10226158984.767565,0.0
4.080025771179104,0.0970426839453805,1.3707752215862523,0.0072982956916676,3.8209618845051914,5.392336311454483,0.3144272038925914,124.52564451279063,10228561616.097534,0.0
1.2302958221176197,0.0636910590916022,4.170570507031865,0.0145184514206339,3.430514032945928,8.021248509277857,0.5521457586104562,128.40372861637124,10875989831.149431,0.0
2.552900397498336,0.0326759173478339,9.309960737994071,0.003593136445221,7.28359800006805,7.820311979162406,0.1359733803561278,89.24251146621029,15214625011.133572,0.0
2.053340930211615,0.0171378998793404,8.168381619275847,0.0233728710761818,5.263205602011045,6.582501976060122,0.4991175288724175,87.19002994135109,10368920854.376616,0.0006237028254962
3.929960395529679,0.0205258971963156,3.23676059424226,0.0062070084407838,4.114801805843038,2.510920845289257,0.4943893221448379,99.24446083612162,9593960399.827282,0.0
4.215287568697479,0.0552794512127055,2.9817500278840243,0.0233872849466874,5.251406423055115,6.278449187166898,0.3827342175328337,121.11660772465017,14042303083.424246,0.0007287464154215
2.098326331579788,0.0706752530622256,5.57676130212288,0.0310634746502921,6.616724191272683,6.5872271670447615,0.5996461790470197,99.95188187641398,13358901216.937302,0.0006898768511951
0.9507162092382652,0.097752983746074,4.668658462418167,0.0707958721052008,6.13343918857998,2.39559131078438,0.1176628780669095,98.67996260612632,14768661283.350504,0.0006454666095023
3.218233867718443,0.0188932818748577,8.75829231275623,0.0100697315765607,8.639595403539483,17.762662610657074,0.6204851485378771,81.24348644606215,16051959529.391624,0.0
3.737005717249069,0.0270605043219979,2.165631399691517,0.0082607862421339,4.657478335971421,4.962286830634022,0.1617165983600841,121.76293590462546,11346237918.752298,0.0
2.8754925751294387,0.0248544070886277,3.363861586376666,0.0066696561072563,7.240483674389301,3.828877328070296,0.6691864980050949,126.85101339001714,17867809142.12088,0.0
4.400738141808303,0.0938853480444839,4.583687082858461,0.0666428946932501,8.965119872675787,10.980024854308487,0.0535535904586685,113.38284330868748,13320840960.977402,0.001038708436649
2.3276449846693423,0.0829139039020679,8.478662593052036,0.0255920808446847,5.059859040630042,1.544899082682214,0.3861270433916799,71.8399867996953,16768438116.916748,0.0013915110295441
3.60281641634172,0.0518274427032138,9.97578140729984,0.0013141068138199,9.773960806705354,13.411380959615816,0.1174902957312624,99.46559265244544,16720525208.593723,0.0
0.4458613462222889,0.0526167361362218,4.072766270824602,0.0508177831241447,5.876046663827857,1.7594862585987658,0.6116337645109451,115.78845440229694,9439095860.99168,0.00066817481372
4.559808401521495,0.0920077616501127,3.3703807562785397,0.0034272261208304,6.693400815844901,17.3178248502928,0.112802869132493,97.99049358816792,15432914116.303185,0.0
4.576985756896571,0.0369201187321645,2.5604720352909625,0.0260940916375425,6.085708480090634,15.518688323298152,0.2168710131292557,82.34229973800521,19296145258.965466,0.0013658853792522
4.747718893786667,0.0760706313414771,4.030439610708874,0.0075520322805462,6.576122332214966,2.092745353440535,0.0804551483639102,114.403882233373,14427564606.042244,0.0
1.5098410287013282,0.020032590462086,2.475548170104943,0.0167752541068588,2.1953903055171478,7.716271480791037,0.6676311661068443,109.9716362603188,15082220631.363695,0.0
2.007271569793136,0.0660625006875502,7.931595940705697,0.0047558146603564,9.115384302743664,4.564228700102269,0.7350155729587884,107.42581460823943,9355773313.528193,0.0
3.761977208676255,0.0473369420631643,4.294077832024687,0.0067173827008783,5.89462857272524,4.934068398409352,0.453674998509751,121.23201670946476,9948037938.84126,0.0
1.4386454567262006,0.0596143053198725,8.5667336360252,0.0290139325963248,2.50221889693799,1.8006861891979504,0.7157748283795328,116.44463642823,11937721877.252544,0.0006607610864432
2.485379686492009,0.0314335294835674,2.693112269514154,0.0057640995781639,4.12547549761166,4.98707629865664,0.5837555716058932,95.57816150339642,9457533570.404564,0.0
3.4838300663304205,0.0630610799797179,8.872972811775268,0.0071353877460979,4.579718905000287,5.761526568000197,0.1086710771464019,114.41920705437244,14999165508.9841,0.0
2.2603096818889394,0.056912653644583,1.29531285570855,0.0083932978136774,1.9175941300373571,2.649954023231708,0.430456272947967,128.26304259673444,11137336843.634724,0.0
0.6264054001271641,0.0474143421435929,9.52839838983385,0.0343159967146366,1.3236097926090546,3.20599470302702,0.395048280719839,97.233701885682,11408332992.89949,0.0011226217969127
0.2631450463361076,0.0529064317426266,4.409075264401971,0.0286644799873608,2.5602239648946528,5.098219859060236,0.6546270882482051,129.4862955544304,9293126066.405708,0.0005681337690525
0.8909710241174741,0.031323396068142,7.6433187097125295,0.0205558779700235,6.024850387611676,3.607944350215022,0.2897753463596651,103.94860468318518,10600159427.731035,0.0009925379463035
2.4967708875013592,0.0960863818842628,5.803274415999116,0.0264928186701241,1.87682584999664,4.226541123287553,0.1838564275168621,84.63421243462984,10961983640.195404,0.0010072232107288
2.552678098904775,0.0326775150310335,9.308770382957004,0.0036022905557467,7.281882662395622,7.818241435321946,0.136049281600821,89.24935626915374,15215456667.432308,0.0
4.615885391370782,0.0361723704454478,6.427591072674806,0.0557020370219466,6.407400687765814,10.432887362915382,0.8217025945971452,93.39613342403564,13543749743.36377,0.0012740675309843
0.7904645269817403,0.0438318007651453,5.8037083215589735,0.0268925652444216,1.329579327504069,2.7648597728550186,0.815100062593145,81.5464982018726,12106405350.674252,0.0006111425174696
2.6929501468336974,0.0727128352176441,5.749770821158792,0.0099254735995544,3.560031556681877,2.7433514172115605,0.2574383543335508,113.48010779967306,13207013521.723806,0.0
0.981834713277879,0.0223513824668147,7.816264082469923,0.0241176692705173,4.084837481034208,9.624510527043304,0.1739202868411703,124.04768709525638,17746777014.61749,0.0005575677909071
4.764122806011838,0.0888942699198257,5.1667246793934645,0.0073053978992893,6.281020164834724,10.739672616113037,0.1804856765551808,124.89950189067856,13995015881.935965,0.0
0.2316243549930047,0.0717669380080867,8.207039983148281,0.0097287964082516,2.4214233162803134,3.028112717901957,0.513944710695519,91.01672512155324,13731198010.209051,0.0
4.400738141808303,0.0417371566432199,1.8138376072082176,0.0666428946932501,8.885525895314432,10.980024854308487,0.0535535904586685,113.38284330868748,13320840960.977402,0.0010327562316919
0.940791969641602,0.0603921675019066,7.248028841213506,0.028851930413018,3.9851248645018513,4.311183489950042,0.3721387947433552,129.61167497705432,11403841800.723648,0.0005062679967503
2.768713038943935,0.0786363446757466,5.163816666172694,0.0181185250874887,1.5079835241876065,5.6810559158965575,0.3884289259798708,122.57965508469792,12638998087.839811,0.0
3.6418718189430415,0.098397352157352,9.295098422988618,0.0185651820870551,1.5007827908115408,4.444117214186575,0.1210239545761587,93.10340106361726,18816073251.691284,0.0
0.2653194303595202,0.0533042066697018,4.3839149003096,0.0291689661800342,2.541734036081544,4.887934208026621,0.6447090723042591,129.21903909700234,9337583618.53584,0.0005765021183637
4.32296499282386,0.0854441141596026,5.606805197069217,0.036431233999742,9.92582600124794,12.338809165655697,0.2283248496212027,99.55499899610342,18935087304.889423,0.0014915466120722
0.7030844214362516,0.0345248555564027,4.773877810197922,0.0102529582853907,1.8649800337045568,1.3818163391088234,0.6307992422445844,126.14951758752522,10230592814.009502,0.0
0.3755666789021193,0.032816563280359,4.159339115528743,0.043372525618781,1.4060198482681927,3.21353023455628,0.763549828396534,78.82725123516721,9587087029.199272,0.0010624381445782
0.2391042127603353,0.0791666626072883,9.939091424778306,0.0239946498434594,3.751995927041389,2.3678528991032244,0.0560419628185028,120.003778849794,18102397411.61684,0.0006339056698003
4.0295876797388335,0.0655481787412909,5.256058139154439,0.0536414777696033,5.884834552340579,7.932674459000575,0.5893999014876881,122.97666273817129,14256606061.927368,0.0006288349188051
1.2868789599430974,0.0166773284644313,3.7664637372032654,0.0057038371639869,6.136702305656196,5.344678008695714,0.1912588785942401,112.17648778568318,10769119292.6687,0.0
1.2597791021963043,0.0824166389899396,1.9559307003134865,0.0145326076624049,3.617138247114657,2.995707237280637,0.3126001019062536,105.20460662280846,11876908311.152847,0.0
3.462779909965519,0.0941635441382436,7.656352903144564,0.0054461445707693,5.783935383983067,2.721193170282365,0.5950574340625157,121.08031915315009,15140752151.17172,0.0
2.505644905814812,0.0962179530845289,5.867637542347397,0.0264987320253229,1.8799441502579848,4.390263207568083,0.1841319897554379,83.9993756641041,11002120068.711931,0.0010111906610958
0.6397301368340751,0.0279736338452442,8.107566869066662,0.007798768454833,3.218368942142791,2.1456674770766657,0.7319994033652064,105.69251495441166,11428725799.296864,0.0
0.9610440460481312,0.0444746164211443,5.440012168379944,0.0035451437466563,0.4475822051506396,1.831796863155142,0.4545723712597891,123.14982421259803,9863178517.734913,0.0
3.2155058000797028,0.0341236768075141,1.6139786091005417,0.0301773739804931,1.3911007627919627,4.582796130800015,0.6000127271131727,108.19288468678356,10029043129.961288,0.0006092964283886
3.185765339325508,0.0852055913519458,7.173182868176636,0.010990554237876,2.6744444652138064,7.828574281329256,0.1964176885296944,125.93991949208996,13243303083.68341,0.0
2.1725944711027783,0.0890066869347826,9.994852135937077,0.0164579100948462,3.931182784946624,11.680195745720194,0.4834758408642242,118.00526670477151,15339231792.261578,0.0
1.820502515209357,0.0576119056771754,3.9813466905953634,0.0027617042376066,8.431028783681482,5.583292880001751,0.2335963744152473,100.84198613900053,10815966408.788586,0.0
3.667811178929017,0.0734457190439245,6.876876154266854,0.0113679586482662,3.2262257910218657,6.721460028640843,0.2692739361556388,127.97160086009356,12787609493.170042,0.0
2.285489682765164,0.0731030650302367,6.768306181411957,0.027514138743656,3.310407327111935,9.018842206979125,0.2092906254079718,114.9569935137798,12927397751.347776,0.0012706716680664
2.0917201440940656,0.0702948119348726,2.8980744266131384,0.0024327916537302,5.873193331043883,7.993885412783547,0.5196369273756516,123.8640540273523,14680811428.150784,0.0
1.0010707326111246,0.0130756136424851,8.862694936123665,0.0025926238888196,6.240566142038036,5.691592614062174,0.5701033189855119,75.16457155615694,9923961250.295822,0.0
3.0169432840169983,0.0368895523752078,9.916471026528807,0.0110540340068796,8.443623824500834,4.790272624619891,0.8333234596302921,106.01385503888464,10366547390.967726,0.0
0.3738246316907435,0.0977768460520321,5.01046822914036,0.0242517356278675,0.6834456934720542,8.225177344124074,0.0180034357688587,128.71448579178764,11393526009.744955,0.0006631313607014
0.2780192465871577,0.0546861049138085,5.6313086912339765,0.0072618862763292,0.8928490710915146,2.613956777454291,0.4864592262200411,103.91264642958927,12751256465.780815,0.0
4.700942468402882,0.0260785436869662,4.034215681287772,0.0232803269162302,5.4307882996400565,15.64947890112748,0.2851190637457552,89.95355324093164,16436513596.0766,0.0005705255390998
4.153973420800265,0.0801306303449767,5.890459966313174,0.0154469057891947,2.0877434666604597,8.300574891795195,0.101007945106039,125.23026629240972,12817433719.906246,0.0
0.5914330782183107,0.0866356000579688,1.3737538073641722,0.0052162436287128,0.7715264996499926,5.976507440873863,0.290491000208453,127.18477999442732,10351344180.173073,0.0
4.746296299483558,0.0915727059720662,3.5025896507667027,0.0042241985327505,5.6886802031208985,8.637861991346542,0.2938476450543034,119.66869373408632,11475194914.480864,0.0
1.6201485915083935,0.0597295505976994,8.411152621662923,0.0134028895750627,5.685001335893633,3.7747314525342888,0.1032099747791085,94.72168273738758,17664103961.17416,0.0
3.1369603766281005,0.0481067530394173,1.675840589251972,0.0198466575274108,2.396837358561788,2.905951725208297,0.1057337376699853,127.9656026835736,10403631194.086452,0.0006077112669136
3.598239029081639,0.0141180651106557,4.798398845441303,0.0707567102262382,0.6993453766921348,4.783623045410498,0.491378992052389,60.16197853725308,11046839064.29132,0.0013738517827145
0.3860209180081545,0.0472492586610819,5.513997727710116,0.0102185324021217,1.026638856679503,1.8609227866700564,0.0285057469495268,85.9223649523529,13742173476.77671,0.0
3.8677129314484575,0.0856765429941345,7.669372515734167,0.0102953744919359,7.092810896102025,2.8662840186439227,0.604040724357069,104.57304537770467,15331984365.186617,0.0
1.4019649503669211,0.0381853343600365,3.5230493691546045,0.0130917934687313,3.4652445780268253,2.7109994278357803,0.8323297758199355,128.90627485771446,11952840232.848104,0.0
0.2316243549930047,0.0717669380080867,8.207039983148281,0.0097287964082516,2.4214233162803134,3.028112717901957,0.513944710695519,91.01672512155324,13731198010.209051,0.0
2.438256182228979,0.0954799972645206,3.0829452717217616,0.0281384456139233,0.3638495589916871,6.836409020827647,0.3203596933457419,116.08451636492067,16392416955.462269,0.0007350658796083
2.3686613729788024,0.0339899585739561,0.6300605724892183,0.016269231132847,1.2524505836003883,4.153752388261786,0.2797446960301016,126.85094643032994,12455665654.261082,0.0
0.5044823256669048,0.0157692461844708,8.829650687412597,0.0093407885060836,3.2037779760814704,3.367908542543604,0.7550506720787791,85.04288401190337,11375429166.051416,0.0
4.559808401521495,0.0920077616501127,3.3703807562785397,0.0034272261208304,6.693400815844901,17.3178248502928,0.112802869132493,97.99049358816792,15432914116.303185,0.0
0.2684387773723727,0.0477055603612048,4.680845391437306,0.0254771229000915,8.452055597887508,3.655212475759064,0.21033820390343,92.76244557326314,15201753780.84099,0.0007948001761934
2.284354971521138,0.038288949757367,6.329483085870442,0.0068856869056026,2.6880742153667225,5.441127345986637,0.6352033538936668,91.3659176192818,10208202434.206648,0.0
2.3276449846693423,0.0829139039020679,8.478662593052036,0.0255920808446847,5.059859040630042,1.544899082682214,0.3861270433916799,71.8399867996953,16768438116.916748,0.0013915110295441
4.764122806011838,0.0888942699198257,5.1667246793934645,0.0073053978992893,6.281020164834724,10.739672616113037,0.1804856765551808,124.89950189067856,13995015881.935965,0.0
1.2207387012290234,0.0637384860208364,4.17994721545583,0.0142751443961934,3.435289237341025,8.07483520864117,0.5524126758051779,128.57581205497618,10861891075.349249,0.0
1.3066396077552194,0.0826600042941032,1.4410282579403362,0.0424685649514468,1.3614308880459591,1.208258907960346,0.6394663556349275,96.38552130105194,12987454641.20071,0.0009531926293322
4.335257002957028,0.0952265334627441,7.534909932946808,0.0093880381450184,5.597625637001961,3.9394813129252526,0.1863186813373852,87.45006475071085,18581833111.73864,0.0
3.69306803986836,0.0982770188649161,1.636068255783501,0.0231489967593986,5.593070734190904,3.6740759483776784,0.2081431168641097,121.87523835327198,13655421036.065351,0.0009480248511349
3.339120385673022,0.0624673842026329,5.992993457957954,0.0070366929998797,6.067138365582332,5.698078826408846,0.0327002301765116,124.94622310218432,12416585651.840729,0.0
4.394930742144787,0.0765364881306481,0.3492106193950818,0.0205610188375627,0.5472933672149786,2.0319560478383805,0.4491094177588677,117.68125864819729,11267220420.79824,0.0008304949592927
3.472053324002461,0.0513172075735796,6.35673939143022,0.0058969034884227,4.2341264128505856,7.881198986008312,0.3446192651160687,126.2711265395916,12722361296.850578,0.0
1.8542440628116037,0.0733147365851498,7.896264599635148,0.007001017150595,6.777960859996418,15.20292239729834,0.2066874350545465,109.93197636672004,15807239904.185484,0.0
3.2602328471544766,0.0397476351197148,2.469809371665704,0.0205581501013509,2.488640242050685,4.593013412269926,0.2849919780737863,127.31747213568694,12643940343.16064,0.0008344811036968
4.322605321375767,0.0799111307476572,5.037575765929663,0.0095618293932579,5.607654612361497,4.101199377190332,0.2194646365528114,113.55362502597076,17364948600.532204,0.0
1.7334977213146687,0.0426769772962792,6.565766960253097,0.0357663760915676,2.643222269534566,1.904121566899903,0.5547521181926728,121.42424540481564,11067507694.674568,0.000964177276486
1.08325639006044,0.0686203173460919,6.567967464507864,0.0243100410797169,0.8710491952460181,6.400559264419145,0.4620979740853173,129.4670249714362,14794199607.706676,0.0007294379703045
3.915187955928001,0.0771985331545751,6.636788646454294,0.0118545249771031,3.9076347355792,10.85697354522233,0.4944235159798591,97.13063519793046,18303850523.94685,0.0
3.8603097961427912,0.0913769429285986,4.415614722589677,0.0015149257942539,0.3151129535956265,6.549649125817663,0.2839026093317594,128.54809995952056,11156011221.946112,0.0
2.24190152533154,0.0605427229510999,9.4317623394941,0.0039327929846056,6.4682331208280335,8.288297525727094,0.0861294551357472,97.5753822102775,19031584694.04192,0.0
0.2437148069991581,0.0746239974325912,4.937730611719733,0.0233184432819594,1.2784956454007073,6.374791384208497,0.2641930916697708,118.2591803328364,11373128831.435535,0.0005927751942673
4.0750311736067095,0.0826813975688488,9.27193309643412,0.0279429175025715,7.735844534392802,1.4153270177108328,0.7352643511278443,89.39799632770325,13613179554.272505,0.000815058991565
2.510843349700161,0.070213170095831,4.809357337026577,0.0244480855078386,1.347967109388952,2.001358059834269,0.2987823200772516,127.29371823657834,16265829779.921053,0.0010172650766835
4.169059800961485,0.0966333123899167,9.359519673641708,0.0040334457821952,4.5181816304192655,8.82404955472933,0.0974624338969296,106.31529307664388,17327531611.88328,0.0
2.0917201440940656,0.0702948119348726,2.8980744266131384,0.0024327916537302,5.873193331043883,7.993885412783547,0.5196369273756516,123.8640540273523,14680811428.150784,0.0
0.5934450989832594,0.0866041249588696,1.3740992587964225,0.0052251996285536,0.7686568183352352,5.96958743252311,0.2903656665170611,127.17513551431632,10356748263.180456,0.0
3.099434186993049,0.0857378521204296,7.442952043506389,0.0141939601755159,2.494873997118676,7.660728724672005,0.2267071591579065,124.20346560637635,13315685635.991217,0.0
3.0007631048276697,0.0710785098051574,8.378833944669543,0.0180400923469264,8.459679986665066,2.810866914624121,0.5697208503335753,114.03742067819566,19691639661.988617,0.0
3.6931341618661913,0.0296938933793728,2.9765415867197733,0.034946941664082,3.4348220982717343,1.003880244168358,0.6805098883817804,107.70386337425464,19268578702.923584,0.0010054044402907
3.6072268330312864,0.016051685655411,7.026202942182641,0.0080235893643426,8.632657736090259,14.371375336950306,0.793484913255915,95.77238025350024,14250635992.054829,0.0
0.3502905747411186,0.0970719690719033,8.988668683485004,0.0281899442672052,9.056218447027012,5.457439984423684,0.5203009935580186,91.82366747539696,10366032491.413183,0.0013883414651479
2.2609118569453206,0.0536581061084368,1.1035502436259996,0.0342853112642405,3.91380758292053,1.4469185080747284,0.5798427007208325,75.95608763490752,11941184633.543535,0.0007493891799682
3.1595200797849925,0.0913555843459002,3.4877509851815462,0.003393066600862,3.509013037568316,17.57099437336513,0.1716380094304792,112.37806769597373,16421273621.565842,0.0
3.929960395529679,0.0205258971963156,3.23676059424226,0.0062070084407838,4.114801805843038,2.510920845289257,0.4943893221448379,99.24446083612162,9593960399.827282,0.0
1.600576899411358,0.0625392429930255,2.5108053959048617,0.0062186615359264,0.466121820205727,6.23772315678364,0.1797939997762029,126.38225631040793,14019569213.252775,0.0
0.1436349987865272,0.0564492911463463,5.12522675704494,0.0107548120837366,1.9476152730155205,8.61207496055808,0.67152592790408,103.75833601875485,12116122282.690723,0.0
0.4458613462222889,0.0526167361362218,4.072766270824602,0.0508177831241447,5.876046663827857,1.7594862585987658,0.6116337645109451,115.78845440229694,9439095860.99168,0.00066817481372
4.790629356660676,0.0694776987068672,3.423196463429167,0.0410016468064541,1.5650040715422855,15.900157222392137,0.6487345084376499,123.37742022746735,13938496437.209513,0.0008741672816819
0.3690464128860138,0.0339256348508079,6.338507847649309,0.0603657189350416,5.325359312145909,16.42548016531017,0.4924685260654209,89.52776543186478,16672478139.33826,0.0006820139181136
3.119200219367399,0.0888268262690363,0.5276093637175376,0.0644739148512936,5.501159646968982,3.355826212127745,0.6245595707143617,127.01617317540553,17353206912.693237,0.000942076059674
2.1747381138295903,0.0893139990106786,9.995631254252842,0.0156989204319949,3.9272113393923394,11.742513815412426,0.4839292021330222,117.98710940053874,15322494052.95028,0.0
0.88343524250913,0.0590116086049922,7.022697344094225,0.0057665201776929,0.8836571538088548,1.3310818978706895,0.6672253770109298,109.9582487418174,11611180818.81372,0.0
3.432921756686374,0.0967342663629876,2.707651367171167,0.0082464909226857,3.859638385246336,5.554559849389736,0.3065282768868603,125.07581900617268,9373170458.327986,0.0
0.6673014268156602,0.0294707207595011,8.261544866851668,0.0069552862723395,3.226812832499456,2.098949298773105,0.7449022415951531,104.71700303875544,11546157568.49426,0.0
0.5886455044925668,0.0199715098561674,1.9655773117135256,0.0173054197730634,4.500222076174512,3.301297566834608,0.2341256639001466,110.25144334165178,10839305826.040174,0.0
2.138761579765416,0.0557397595462962,4.138356508131045,0.0086112149358854,7.696808501275459,2.408676626808066,0.4728744622928742,85.01047154052914,12019478825.824203,0.0
2.764525787119141,0.0744352322318905,2.3225278006997985,0.0338852972711437,6.358736406840732,4.332236548030502,0.5819255593536578,116.9983333093083,12931195997.796968,0.0007855419603357
2.1725944711027783,0.0890066869347826,9.994852135937077,0.0164579100948462,3.931182784946624,11.680195745720194,0.4834758408642242,118.00526670477151,15339231792.261578,0.0
3.2602328471544766,0.0397476351197148,2.469809371665704,0.0205581501013509,2.488640242050685,4.593013412269926,0.2849919780737863,127.31747213568694,12643940343.16064,0.0008344811036968
2.0169685312727768,0.0668091794499753,8.39177478211318,0.0120522913559349,2.780338439807404,2.006539657288686,0.4945943764834569,111.22355035804856,17307714321.666183,0.0
0.943327468661238,0.028076517260255,3.117785872797329,0.0284845651275541,9.53604717752523,3.946305702637768,0.7563993676241149,98.9016617256284,19671172628.076603,0.000589296441431
4.99253647365016,0.0522268540379906,6.712515185106194,0.0016277723222972,7.361138535764773,19.633059253986413,0.3633331053786324,101.62092196573252,15375433434.339417,0.0
4.534680437131886,0.0678137665454567,8.16199660296698,0.002736756682421,9.327851313369502,3.6099433231112696,0.3042610410543935,98.4591559450159,14156399360.811396,0.0
4.303037151958059,0.0933574887906265,7.351466832574646,0.0087278693586814,3.0684653897499685,5.330565957602952,0.1867923675182688,127.36401308438872,13170615520.77984,0.0
1.135603740458844,0.0230843734935593,6.788953508392137,0.0192074655093799,1.850346386984812,4.501215485594826,0.7418914168692967,97.61927149807892,13629447019.08186,0.0005717373609511
0.4464608576365779,0.0699636817034766,6.014610825591863,0.0335998156111986,0.5752783345799649,4.5980931227097415,0.0390792089028346,95.74091333043542,13910455719.725466,0.0011756794001083
4.484539093780022,0.0467176800279652,5.365724488478554,0.0263424649656035,1.4494943936723872,4.470474203573921,0.7861097500100426,126.3276443586564,9656537587.29401,0.0008317441381916
4.681341773863121,0.054927656087417,4.672567044365404,0.0423896162860433,2.42685963822674,2.8467274790260064,0.7916312327486628,125.77604724525666,16381400574.323704,0.0008563275309875
2.9969095384219435,0.0879844262054585,4.531163502852177,0.018665041471399,6.0936142051754,13.225331092831366,0.0176742533728867,119.5200603740856,17515485086.34707,0.0
1.5098410287013282,0.020032590462086,2.475548170104943,0.0167752541068588,2.1953903055171478,7.716271480791037,0.6676311661068443,109.9716362603188,15082220631.363695,0.0
1.485227401707505,0.017698073620962,8.652613879235975,0.0121785124211464,2.9089265918939207,5.615942591058592,0.74092820083527,106.51189844568292,10718293552.696173,0.0
0.2340600257227398,0.0749475561316851,5.073433127986961,0.0233616938148464,1.3563782820826196,6.233866619607875,0.2606120403523019,117.643712111095,11322302919.9078,0.0005753845002438
1.55600178483752,0.0637072443420131,4.429482526582144,0.0224276391560236,1.5496928299265087,7.101085837142325,0.7711234589546847,120.70799762378904,11588612502.859306,0.0008844276107736
3.263009445996472,0.0749388857713524,8.435240737186717,0.0599987076984918,7.348371330420666,3.049671835627096,0.7482036704790326,67.5486396748308,9353019824.448029,0.0012793483235979
4.712955652652778,0.0228500180929143,1.421803436834183,0.0307242918759712,3.140306126286751,5.171326800468421,0.4430990761440451,127.65638202518495,14727589543.19705,0.0008899289302713
4.713189431729457,0.0875474131939014,4.533540090220318,0.0078194642804812,5.854224147060879,9.962422936592986,0.232086099355002,124.67583807599966,13956129444.932035,0.0
4.420383256639434,0.0928763296865299,8.38269395985269,0.0145611149559774,8.292086870545424,1.5100989017325577,0.6162916272081038,97.56497076339872,10593145618.72861,0.0
4.067378313351509,0.0970564530101635,1.3529159344235535,0.0073304630488181,3.822986821181343,5.3903631972640165,0.3152835243163565,124.66497307465816,10226158984.767565,0.0
0.3164143977060901,0.0537887524272573,5.471662382059737,0.0104992587325701,1.0399336626078357,2.8498465969655693,0.4834236394501906,102.30089579772849,12745159257.579872,0.0
3.667811178929017,0.0734457190439245,6.876876154266854,0.0113679586482662,3.2262257910218657,6.721460028640843,0.2692739361556388,127.97160086009356,12787609493.170042,0.0
2.73971877657992,0.0410599471767835,4.983042267644771,0.0141356365121982,5.824404792942966,12.458184522115648,0.3937425697929456,85.29987424305432,11693723663.798134,0.0
1.854478255963692,0.0920951393745021,5.936380393296719,0.0046135015870379,0.8813328682248162,4.864129880275394,0.3480732265421474,126.91532854602988,10848137376.855831,0.0
2.2169457404268105,0.0696719200533064,3.078200507766092,0.0025245291969419,5.742948862655138,7.909608441146278,0.5359699390998991,123.78614473585208,14722421237.463425,0.0
3.462779909965519,0.0941635441382436,7.656352903144564,0.0054461445707693,5.783935383983067,2.721193170282365,0.5950574340625157,121.08031915315009,15140752151.17172,0.0
0.4430893849816989,0.0082006193148819,6.634629663780372,0.0056255715955434,0.4994818863590879,1.4142698531111395,0.6260388514301021,89.99319339524419,9035749412.904606,0.0
3.0547758387259942,0.0990988552226559,8.26452532078004,0.0273002099749588,0.9322255081062032,6.639471904086489,0.3389428268715805,75.95298993716611,10027685542.057123,0.000635443027034
0.834083127685822,0.0978443164175854,4.161277570956921,0.0037871678253298,7.704869031342874,9.693523196496091,0.1770496884297166,124.119950045613,10660075945.187592,0.0
4.335257002957028,0.0952265334627441,7.534909932946808,0.0093880381450184,5.597625637001961,3.9394813129252526,0.1863186813373852,87.45006475071085,18581833111.73864,0.0
3.929960395529679,0.0205258971963156,3.23676059424226,0.0062070084407838,4.114801805843038,2.510920845289257,0.4943893221448379,99.24446083612162,9593960399.827282,0.0
2.5577117368870192,0.0328080621236066,4.159834849380469,0.0093079017043944,3.600183873618439,9.21952684093263,0.4729464794500814,118.07726361938508,11255192498.452578,0.0
4.223166089103226,0.0165582371262506,2.070860536601075,0.0719639410880456,6.695652433180583,5.743516154667511,0.8140662286252399,106.90322518560797,12538801308.777834,0.0009004607437495
2.99743700505079,0.0447682781895167,9.966043499522945,0.0053445315851264,6.525113101999953,10.013890572125607,0.2311840591361006,94.16444717996364,13555471788.486689,0.0
3.4749677235630205,0.0958618317718251,1.2658036766279652,0.0237001713981006,0.7229882910248546,4.411284884798229,0.3351093610581173,82.912774311331,16022027368.789362,0.0010734258171279
0.9610440460481312,0.0444746164211443,5.440012168379944,0.0035451437466563,0.4475822051506396,1.831796863155142,0.4545723712597891,123.14982421259803,9863178517.734913,0.0
0.4823261473740489,0.0587338670447457,8.182793479736102,0.0032210773955992,1.846003616966136,2.851951623587357,0.1633092547443337,107.7321393987225,9959264749.76881,0.0
1.436154672434368,0.0171199270535534,5.995574521162115,0.011013873385479,3.322317306576063,16.949182771516007,0.2456298984471648,86.37926343836695,12523495186.34884,0.0
0.1230136226277562,0.0300088565602834,6.408387153149711,0.0164257710870724,7.882067096184984,7.872669470081267,0.4646347071714748,129.49932412562293,14838268560.409191,0.0
3.987168072975905,0.0059290208418061,9.67332252819846,0.0867525629279854,7.157271272809207,11.020753234929428,0.7267394971999519,70.31724415500338,11714616660.52992,0.0014463433141661
0.2443119369512308,0.074793941820217,4.94587601740488,0.0231266316531168,1.2866799860829623,6.370707606074734,0.2638695683110223,118.27288072455508,11376780886.138033,0.0005931379111213
1.88688866972278,0.0830507046632487,9.242344905250905,0.0224762514243539,1.1270661431289766,13.199707145307302,0.2408606792312353,119.51918937665192,10567098175.98992,0.0012513332821182
0.7688624674118015,0.0530385638723832,5.476596000783214,0.0054617599873384,2.2087415705720703,3.443077767855362,0.4945892287600501,104.37598228381974,16262853872.9497,0.0
4.497841040529497,0.0875825775497293,6.40636574074203,0.0034307511773787,0.9922859819962676,8.677013350277958,0.1808050219440837,71.02260711173537,16123274961.838316,0.0
4.486938946731999,0.0296938952154083,6.93467549358444,0.0022773620487306,8.357605401639198,3.523170665396991,0.3319360954340711,91.95421024277492,9078734809.429354,0.0
1.9120062831151776,0.0890584624445889,5.873831751218145,0.0079133275643828,0.973346479994176,4.935405738267726,0.3404560810434835,126.5922081573933,10822042029.500875,0.0
3.739673418474896,0.0746228308334442,3.150336554978581,0.0153119275168644,1.8729287118503768,6.2748514885551305,0.1430102587273319,127.94217995467818,13441153704.45504,0.0
2.163476374067957,0.0463453751418357,3.622133465157627,0.0246989711772042,4.121470866401086,1.618924056169313,0.2675173684235623,119.58731751322644,12391420830.18049,0.0005941163806149
2.749961457623818,0.085981280391912,1.2588189349334316,0.0229051529496069,1.7145104819023644,1.819766302011439,0.412040850413966,108.42683371769972,10877983315.483427,0.0009507911078446
4.368539187917127,0.0472596996388866,6.043295544562594,0.0187274785169361,2.044614443447321,7.191463558178079,0.0765903916057797,128.97223492295532,10060173103.14526,0.0
4.559440138671032,0.0353811178623718,0.2728605397698501,0.029508325193932,3.760812724830816,2.057884565138555,0.6317538059674849,74.77043127778778,16935179067.292507,0.0009957740590164
0.8687924654703854,0.023166551231091,6.941329046552156,0.0438917825689214,0.4703413952367474,6.487225148136463,0.7925087515399063,98.51456486506434,9118809614.269772,0.0010113569576969
1.0386858343303793,0.0662327415090176,2.9728784861195168,0.0104005429243867,8.340354087240147,11.479280926100564,0.3751823372035016,104.4808997435536,13843449469.76778,0.0
0.5578469179939939,0.0338605067248397,1.0191027652037268,0.0328646689734917,6.262762413779115,3.749304962953981,0.3124252168805703,77.88894036019539,13455715492.951223,0.0011754679539113
1.843534660348758,0.0363833507910346,9.24340400306432,0.0729565294648981,9.47156337466955,10.74233968752727,0.5155681979614721,73.15139754402018,10360641258.312263,0.0010702635099492
0.2780192465871577,0.0546861049138085,5.6313086912339765,0.0072618862763292,0.8928490710915146,2.613956777454291,0.4864592262200411,103.91264642958927,12751256465.780815,0.0
4.119818579323776,0.055168096726521,2.5337732207714843,0.0215994381296836,5.124165317561587,6.2579440065608045,0.3928805417260069,119.03201649718318,14166119349.70805,0.0007388415222536
1.0825939183176885,0.0648815116398228,0.4436302297539024,0.0123799771411445,0.3208493923576626,1.4589878799172424,0.0805236918892323,113.47577730621602,10358020723.079613,0.0
4.662228539372547,0.0921148013899572,3.3206459331154115,0.0054792828332634,5.921465186135223,8.346958547958895,0.299280454058542,120.45580278817098,11261854988.622065,0.0
3.4801151823380563,0.0959556368073633,7.153904046613044,0.0236659565726923,0.9493384270964198,4.395712973644193,0.3349160347593066,83.01156601773647,16079167498.526758,0.0010745421899324
2.8928802559843807,0.0302957527060863,6.348409377985389,0.0371588751395377,1.7150013735251446,4.417266783722329,0.692160133483595,97.05138738655704,9935773654.367245,0.0008232607203555
3.190893960039632,0.0838811857416344,7.70119898340315,0.0101819539649389,8.02515807318915,9.864279227195242,0.0234670507396315,113.21230792234144,12694425886.602564,0.0
1.2045087469517497,0.0634634280879986,3.940906252383848,0.0171526783602058,1.9140764757314372,8.02621249905322,0.354970200725466,128.72573185903593,10532962189.2435,0.0
3.69306803986836,0.0982770188649161,1.636068255783501,0.0231489967593986,5.593070734190904,3.6740759483776784,0.2081431168641097,121.87523835327198,13655421036.065351,0.0009480248511349
4.126068555302529,0.0679041968251429,1.296354394295174,0.0108625456441028,1.7945299504500205,1.9610901495134456,0.054431780777583,127.79343151867135,10985742234.433144,0.0
2.5779622070477544,0.058538685124796,8.970943088581334,0.0046130307210363,9.03428482420851,7.116789719455316,0.189011066954591,89.9700441576186,15387539062.124292,0.0
3.04039263919692,0.0598885918588909,3.3557874540471437,0.0400243819524652,8.12385343012325,1.909208189220024,0.5520816826589444,87.67561596563398,14443608663.345482,0.0005084249255628
3.975034721654688,0.0075998894127205,9.803467117853131,0.0875453269846514,7.068085873646214,11.67674026171106,0.7240513201297941,71.0407467362933,11794485075.138365,0.0014351617296473
3.236330653645992,0.0191126385439163,8.768460424159231,0.0100304652387598,8.650597734551956,17.768154302522877,0.6212665811532673,81.39749954470958,16018039487.306047,0.0
2.322870505169301,0.0661702083691925,4.924951303349675,0.0172842517574892,3.5348768745758483,4.557829519198429,0.2733180219192378,122.50563131880476,12457920925.085484,0.0
3.5935999567764303,0.0841904803807835,1.261287363713406,0.0084586881663179,2.273160212211915,9.111478900311528,0.205970661072417,114.38875594297168,12576236099.830936,0.0
3.687217841566652,0.089556311136837,2.346454830874492,0.0062997006154277,4.592002068917942,9.402171597169358,0.056594390255007,127.00556028011783,15321241711.99502,0.0
4.862074523090751,0.0778723485641565,3.527696702257197,0.0399618319367923,0.5446982325775362,8.652878899641424,0.6456013337564165,107.819769841356,12007783267.507002,0.0007898895673434
0.5484022030900754,0.0876069453002569,1.411600114786697,0.0048839188427625,0.8730440642693005,6.309480938303336,0.2808344269876719,128.34243296534837,10235331626.66043,0.0
0.8551666557550138,0.0882095547060415,7.872581889466301,0.0121897782453615,1.9866879768694576,6.365753869321575,0.462582234054504,108.71470264448315,9090593996.666763,0.0
4.346820630509614,0.0813754618833085,3.1277473436077243,0.0173878050499299,4.282117380812029,9.362273898892406,0.2930524228810326,120.35632165103226,14721867876.870407,0.0
4.534680437131886,0.0678137665454567,8.16199660296698,0.002736756682421,9.327851313369502,3.6099433231112696,0.3042610410543935,98.4591559450159,14156399360.811396,0.0
2.549444762928934,0.0177354006942696,8.281939266994797,0.0078863534688331,4.138539787558462,16.04859639711462,0.4682559063151065,75.02572642470432,18438281937.467224,0.0
1.243010571740416,0.0373317331057011,6.453796940215916,0.0145792105097658,8.829765283997785,2.9325165822373243,0.0981384269681524,117.88319899445892,12098924755.022043,0.0
4.633804383589853,0.081504591048577,8.40660736795241,0.0370316640824978,3.346111481944148,3.489517639930291,0.6508045258495986,115.56823011805324,19859902248.15479,0.0009276934575559
3.8677129314484575,0.0856765429941345,7.669372515734167,0.0102953744919359,7.092810896102025,2.8662840186439227,0.604040724357069,104.57304537770467,15331984365.186617,0.0
3.167393749562483,0.097753762188749,6.010825384342598,0.0020876661047995,2.486317594842133,6.601432392815134,0.4942773049877101,104.79766024810142,16684334545.800337,0.0
3.5272322104664933,0.0863940348582817,6.225558130266109,0.010027949534972,4.676139788347438,8.571870464750035,0.1484030989249051,111.08317959754068,19061788079.5341,0.0
0.643220040449614,0.0140119435876786,1.22619078361803,0.0112645431251109,1.8154823450988968,2.595877685041565,0.645601128641767,113.59247311725478,14887116568.273712,0.0
0.940791969641602,0.0603921675019066,7.248028841213506,0.028851930413018,3.9851248645018513,4.311183489950042,0.3721387947433552,129.61167497705432,11403841800.723648,0.0005062679967503
4.0840203338289145,0.0980315981857672,9.288748021499966,0.0044484869705714,4.415699270860363,8.041944562162794,0.0849677599635417,106.54345850174772,17324275282.16204,0.0
4.873838098258821,0.0885893082828911,3.0639160815718838,0.0052202339835491,9.325223307630925,8.57126719033086,0.1907438514427324,125.2059013203484,12978163811.800407,0.0
0.2653194303595202,0.0533042066697018,4.3839149003096,0.0291689661800342,2.541734036081544,4.887934208026621,0.6447090723042591,129.21903909700234,9337583618.53584,0.0005765021183637
4.681341773863121,0.054927656087417,4.672567044365404,0.0423896162860433,2.42685963822674,2.8467274790260064,0.7916312327486628,125.77604724525666,16381400574.323704,0.0008563275309875
4.727301386881515,0.0960277309635755,1.8441944526129408,0.0020299156431123,7.345282772625072,16.428216437015777,0.1134966250724697,109.59355115628482,15317561256.346191,0.0
4.223163314627556,0.0330915691233435,5.392073731674544,0.0331970905997311,0.8190189163474688,5.626423129674233,0.7851797475910856,127.18467475330216,9535693686.366829,0.0006791400066132
4.199768728404122,0.0999510299757028,4.277255741108804,0.0127614454210325,9.325649100149786,4.042917668708648,0.0512643003690579,128.92370653594296,10817252603.108658,0.0
4.458231233767438,0.0897899836308746,1.536509402150063,0.0115587885262773,5.28955420358926,9.15208898009514,0.4434439598677623,121.05205644117488,12493410843.04201,0.0
0.8165939359092957,0.0569881514410787,0.7114647023216526,0.0758902424438627,3.742304113308065,4.173442955194383,0.0474945199844254,68.57803233288591,11066168844.5969,0.0013553162084126
2.153950825249457,0.0323164557279056,4.2791451677591335,0.014629925889851,1.1000426350414316,2.891755562530164,0.607699153311065,129.0407867084092,9891557024.55779,0.0
2.957131865685806,0.0818746852143031,7.972554407486811,0.0148004866552237,3.730981421540814,4.237539590607979,0.6323932754503,121.79491302370592,17957026862.414158,0.0
2.5770024618691307,0.0585351601851238,8.97178334806705,0.0046059077609425,9.03427653374363,7.118554682394231,0.1889766199298549,89.9618172531109,15386920240.151796,0.0
2.5950915047864718,0.0424061212827942,3.467351450900864,0.010640646459543,5.950671565823464,3.9876780447953393,0.3298906858670962,115.937756760825,9155741594.78116,0.0
2.944211976095374,0.0818848952125708,7.967012703429657,0.0151171989323724,3.736554543144974,4.255631883338599,0.6324137905174111,121.82131167478104,17958908221.604576,0.0
4.625476860609531,0.0599676079284099,1.1657893797850245,0.0320383229711611,2.009947841239088,2.227484156916389,0.5817401630502617,65.20833642219422,10995640788.264051,0.0008501557349314
2.7136594753294627,0.0560967676478451,4.186248672790169,0.0460165050450044,0.8469982708092022,2.2008472792749485,0.1897967911760166,111.9829443445894,18565573454.978508,0.0012987437831796
2.8918308457643525,0.0755113081664432,7.040192128434278,0.0100919826693906,4.58245149888148,9.276240008525916,0.2785226591097457,95.75973460226156,9119591158.919643,0.0
1.6813372183661923,0.0163347506424669,5.166880051829474,0.0459396163814224,3.9069390732968072,11.820675683886058,0.7260852407269374,74.38526475302163,11039259381.89124,0.0005374962866299
3.929960395529679,0.0205258971963156,3.23676059424226,0.0062070084407838,4.114801805843038,2.510920845289257,0.4943893221448379,99.24446083612162,9593960399.827282,0.0
0.6673014268156602,0.0294707207595011,8.261544866851668,0.0069552862723395,3.226812832499456,2.098949298773105,0.7449022415951531,104.71700303875544,11546157568.49426,0.0
2.798022749173513,0.0799175488394462,4.2105426757915865,0.0327610387269517,0.7780389464729168,2.8646622005214724,0.0511686895558951,117.28291320424056,12888831904.571524,0.000960809897417
4.140646695252514,0.0800410937134,5.0988858078670845,0.0136815470484406,3.2174783669854623,3.5171223595718346,0.4584797471147143,117.11940217306586,10512925859.85437,0.0
0.2532489442833888,0.0744796802750652,4.907188914859572,0.0228816434468928,1.3073470812629846,6.3392297122145935,0.262977296399443,118.39735848863629,11323851892.721992,0.0006000783548726
2.850262059540925,0.0243344435239585,3.3223612979946218,0.007300993127441,7.125217569785415,4.2417473645994,0.6701775614544585,127.08726598952364,18086917790.24203,0.0
2.8101098715136543,0.0853580393889493,8.979114772364117,0.0275067352438407,2.507751579764718,13.124129581636026,0.564157060962709,119.00875789005696,12300601065.219128,0.0010151266496442
2.822660816125229,0.095253412279437,1.383184028107392,0.0420196401533462,0.1671489365822192,10.284906830050486,0.5497134429091856,124.73503210339724,17934383641.992023,0.0007926396731147
2.80046626103413,0.0617396004172762,0.6810262220783112,0.0011528165794827,3.822917244762976,3.9664331934096175,0.4349519858771211,111.16272896257531,9027718555.20218,0.000506583570936
0.5768085251319572,0.0833469702236064,6.70481092819942,0.0888322984802336,8.72533661130616,13.006449601774897,0.3153187689091272,128.29905287794674,13485942640.25898,0.000567424100034
2.9966389238296363,0.0844200889863218,9.229688794650508,0.0034888264883353,8.622584593139921,2.523290890673657,0.6967676982849725,113.1808161313202,11194748807.05853,0.0
2.181910704283472,0.0695727297668434,9.382176127460845,0.0112452316046284,7.075025643097309,6.030975089541531,0.0576973056469597,98.53930372245354,13162460891.421331,0.0
4.481757840015922,0.037608855170773,3.770737418567689,0.0067991473753378,8.008987249070778,12.400161174376567,0.5675444652824337,98.131210243238,14946310779.817284,0.0
1.2785087367585386,0.0183756245080556,3.827065655841065,0.0053521987229285,6.032611759065446,5.423826422279857,0.1843832110653711,110.96610596802758,10786339537.693497,0.0
0.2178037822532491,0.0164846589015596,8.839626579403838,0.0061700410492419,6.542789007187244,7.896704238916642,0.8303382521389697,93.21398942806124,11993626823.247932,0.0
3.737005717249069,0.0270605043219979,2.165631399691517,0.0082607862421339,4.657478335971421,4.962286830634022,0.1617165983600841,121.76293590462546,11346237918.752298,0.0
0.3868671883245338,0.0975512748291103,5.005237480477335,0.0242750341712687,0.687771677334887,8.246464994813287,0.0176726549522818,128.58453606557,11391094825.722963,0.0006638777845533
1.2597791021963043,0.0824166389899396,1.9559307003134865,0.0145326076624049,3.617138247114657,2.995707237280637,0.3126001019062536,105.20460662280846,11876908311.152847,0.0
3.3873447808889847,0.0641166752250252,1.9868722837934043,0.0806864919768982,1.5415083722965344,2.2316112362346967,0.3634325531332021,80.14623397528213,14833751787.930576,0.0009188323705645
2.4355039403147924,0.045365817201613,6.370436791814583,0.0109005622724531,6.414213211729574,3.937577855237251,0.3131243473628599,105.1037372158804,14273641362.82008,0.0
2.73971877657992,0.0410599471767835,4.983042267644771,0.0141356365121982,5.824404792942966,12.458184522115648,0.3937425697929456,85.29987424305432,11693723663.798134,0.0
4.199768728404122,0.0999510299757028,4.277255741108804,0.0127614454210325,9.325649100149786,4.042917668708648,0.0512643003690579,128.92370653594296,10817252603.108658,0.0
3.1334763678013204,0.0513626035862668,0.105742817871539,0.0068363609613778,0.3623943961567683,12.446130733591175,0.7350453725943747,124.53779831752075,11062118265.244917,0.0005749423013427
1.6445871755999837,0.0747237166402484,6.150576424804467,0.0025385631920161,3.882405620725826,6.405883765089123,0.6146332727856214,123.27346033096312,19588506927.608917,0.0
4.401273482204915,0.0511689399610867,3.0154825540800503,0.0144070455140713,1.615021003195119,10.03999745776797,0.8390573256535173,129.31915942842937,10614218058.399343,0.0
4.99253647365016,0.0522268540379906,6.712515185106194,0.0016277723222972,7.361138535764773,19.633059253986413,0.3633331053786324,101.62092196573252,15375433434.339417,0.0
3.743730285638144,0.0253570170398619,5.866709447882877,0.0054330344060098,3.3253375736986404,2.5232747439923915,0.4623119598183995,105.68101604985132,11159044338.65112,0.0
0.5128879202467175,0.0403408055117421,7.125089265339685,0.0158212135609293,0.4874770694646692,1.8767695483759688,0.7425270864933352,107.38113428380169,10921469038.689869,0.0
3.0169432840169983,0.0368895523752078,9.916471026528807,0.0110540340068796,8.443623824500834,4.790272624619891,0.8333234596302921,106.01385503888464,10366547390.967726,0.0
3.60281641634172,0.0518274427032138,9.97578140729984,0.0013141068138199,9.773960806705354,13.411380959615816,0.1174902957312624,99.46559265244544,16720525208.593723,0.0
1.1520364312302125,0.0575563871602189,5.248836965533455,0.0146887507862213,2.5225599878383407,5.705728306576615,0.5167635021765753,124.9902726721173,11163573616.833511,0.0
3.033890747428732,0.0878328166104522,8.383549787205197,0.0134496298499491,3.445097633444254,2.911052334818411,0.6636347139591164,124.0082869708656,13297353249.033829,0.0
0.1940202727204262,0.0115236524271757,8.631877311662036,0.0913371270598292,3.830309760853441,1.2639023125282292,0.7385786680113272,79.32508225585482,14839716111.789392,0.0011183204718792
1.885365468795094,0.083242635254954,2.6233272103178185,0.0074449158595068,1.2937615668515967,3.319205298495008,0.0905558501453516,92.16978116607255,14028198996.69918,0.0
0.2651558093235834,0.0532998841909962,4.382470875134522,0.0291853028907585,2.5383837833914336,4.886363613204018,0.6445618616543207,129.22807869520165,9339495382.207886,0.0005763592698273
0.2442109583785909,0.0745514556408956,4.926778269025878,0.0230213870492681,1.2933747651113985,6.379336592988984,0.2638853971084596,118.32533866738572,11299243734.46572,0.0005976744275433
4.615885391370782,0.0361723704454478,6.427591072674806,0.0557020370219466,6.407400687765814,10.432887362915382,0.8217025945971452,93.39613342403564,13543749743.36377,0.0012740675309843
3.3298903342570925,0.0649065075721461,4.491211738178565,0.0044652657843357,2.771051479930085,12.479250915277438,0.1997883818370651,116.04045124688564,13589063209.567371,0.0
3.5895748118825086,0.0739575677716709,6.839820911772934,0.0108672553185113,3.305765493962192,6.896469522844248,0.2619139971027233,128.31384416324912,12777908418.72982,0.0
4.117350874433012,0.0786371274510094,2.084793795129169,0.0019485788194103,2.670620238810829,2.14703456151582,0.2548545396961735,129.87845519457045,10334017178.18734,0.0
2.50077915359237,0.076888515831017,5.988923324990686,0.0104359675803231,3.4536168714221147,4.062704649097628,0.1534681922581625,105.08224664193436,15896369107.386915,0.0
4.097256540784778,0.0370260884386177,5.809249616230447,0.006593331946132,3.155221016479811,3.318161059163778,0.5423844984589776,102.55563427836938,19799550850.7943,0.0
0.5732727161392545,0.0705980581857788,0.9343800851903582,0.0111527071973484,1.969138880601903,3.205681640658198,0.4813782574851857,104.44339638002234,10286868788.209044,0.0
3.3190224642109354,0.0648539673229402,5.899487072159245,0.0045343509391772,6.0167865186947775,5.777283901968176,0.0263323311363312,124.66754481280688,12753425213.14071,0.0
0.2653194303595202,0.0533042066697018,4.3839149003096,0.0291689661800342,2.541734036081544,4.887934208026621,0.6447090723042591,129.21903909700234,9337583618.53584,0.0005765021183637
1.5192768808128396,0.0398274260277779,6.4873862600081065,0.0206260869123649,0.434907758053969,2.353467749179147,0.4869629869956003,66.26870163698335,10662047552.844728,0.0014594614190363
4.775884490069378,0.0774353995497407,3.5103318438444053,0.0414471147302621,0.6700842991268515,16.371281555021735,0.5253313739204579,114.5811726334186,14238363622.837086,0.0012440900174258
1.2028107753644723,0.0203106255683723,3.8315674495481535,0.004002686244083,6.261226684180925,5.217408096900712,0.1736326793621473,111.39061077652156,10614754250.289345,0.0
0.6397301368340751,0.0279736338452442,8.107566869066662,0.007798768454833,3.218368942142791,2.1456674770766657,0.7319994033652064,105.69251495441166,11428725799.296864,0.0
0.5221357452474252,0.0497236955338156,7.218152915842451,0.0197570631022697,8.559262711527724,7.75642536570476,0.8308156761030572,109.97869223399655,11341477576.822563,0.0007445285560394
1.5883904457066202,0.0688608646534652,7.384157034083944,0.0131441603837357,0.977147102469843,4.889293083603355,0.6876219654477511,118.6452764472173,12392173424.970634,0.0
1.1995606243023187,0.0407000116269433,4.128473345845936,0.0211489013380148,1.0644679349601562,3.08211494478141,0.8267001012709521,101.31633798667008,10980742192.737602,0.0006461291196942
1.6788207173841243,0.0939313010714129,3.273240883418841,0.0253762674854447,3.536918013856074,1.3742347029394937,0.2460308671687852,96.2795800360139,14572818599.43113,0.0014326405567797
1.120379152898742,0.0875910678906507,2.2794340543510563,0.0044874263705144,0.353456854643139,1.54754461027201,0.4044398430861083,114.1134733539375,9375777196.19232,0.0
4.735906371570887,0.0775133269303817,5.014158956969258,0.005424659062133,9.945365433763271,6.687291961332321,0.0649957402997808,120.05254866977228,10878756821.989088,0.0
2.3742299066788743,0.0386600535794143,6.292325404481402,0.0068681930967256,2.4839137824608306,5.252574219242353,0.6293064751554909,92.18183495875309,10033767396.987656,0.0
4.346820630509614,0.0813754618833085,3.1277473436077243,0.0173878050499299,4.282117380812029,9.362273898892406,0.2930524228810326,120.35632165103226,14721867876.870407,0.0
1.8624358218780563,0.0290361211282588,7.799105770070154,0.0631859804794863,4.954475750356079,8.801105869610794,0.837416794200023,68.5247963525587,18843392459.406258,0.0012255634969202
0.1995168783452564,0.0082094147576846,4.752887096973626,0.0048113433767011,0.5834791676265599,1.9008091336272437,0.6563935361760523,118.9970874730992,10134754365.714178,0.0
3.1976122472310093,0.0352110540302088,1.46279924951782,0.0311796899933004,1.3181999851933486,5.186248296645424,0.6005234508455207,111.04613693177828,10044727600.765217,0.0006133532690095
2.688895374877672,0.0769281326479584,7.106227941015645,0.0297446572628144,0.11878920929353,2.250769561056281,0.0393481684030855,104.73367799979894,9764503370.665672,0.000826140880971
3.737005717249069,0.0270605043219979,2.165631399691517,0.0082607862421339,4.657478335971421,4.962286830634022,0.1617165983600841,121.76293590462546,11346237918.752298,0.0
4.422267273846149,0.0523413951176379,9.220858618332423,0.0715180153946861,6.875632223937025,6.23436748397756,0.1429436457486656,64.12563767618295,17194258621.909805,0.0013654575536549
0.957951190818044,0.0123008119949486,3.5879837331304434,0.0139695433808606,9.6108749143652,1.902989201385313,0.1755119311469441,125.5499095216998,9672212496.856216,0.0
3.337446661586105,0.08834952346768,1.7219603731118145,0.0646744125150038,6.937379130212462,15.435321977262443,0.2852958469604044,108.57457467039798,17667730437.65587,0.0005732596054676
3.603620523642005,0.0518370270612372,9.976200235175364,0.0013163229620664,9.774933299302328,13.418000626638577,0.1175703547578039,99.46731150784652,16719870455.0792,0.0
1.0027332186414566,0.0684786314777155,2.895550962370626,0.0290774843139282,3.629775367997155,4.416122718089726,0.5226681743786307,105.3621699018584,11162930857.026222,0.000553263850475
3.7658391415813353,0.060175253710213,5.4960304936572495,0.0064566380622863,4.2530649679257815,6.421928776610232,0.4878978616777871,100.91198493583376,11646585602.18036,0.0
4.649105443005712,0.0739492381659205,7.860363198958512,0.0107111253456747,8.642841277523345,17.089623219256236,0.5880645022449887,93.27933585721044,17894199452.882957,0.0
0.8737213501414678,0.0647543753897457,0.3579052717726355,0.0141894085641434,7.168256467132579,3.905355959829426,0.1979975830445221,121.2960544846599,10042062498.525091,0.0007219293260518
4.126068555302529,0.0679041968251429,1.296354394295174,0.0108625456441028,1.7945299504500205,1.9610901495134456,0.054431780777583,127.79343151867135,10985742234.433144,0.0
4.6641719698814255,0.0694239935172959,3.704067100964125,0.0299466345287539,8.081016955120898,14.290468978597591,0.1258499049579602,100.10592154245646,19571058858.67135,0.0012382140426411
4.721537601769201,0.0922537151728428,3.5190520621441497,0.0048221928261194,5.72360298233494,8.714984933159217,0.2934913402810232,120.73580719379832,11355413516.944311,0.0
2.5131980432574443,0.031823472957617,4.998145940649479,0.017022920114073,8.391904322072453,3.016421646269528,0.8362081558123393,118.9215167967671,14422105887.163431,0.0
2.5779622070477544,0.058538685124796,8.970943088581334,0.0046130307210363,9.03428482420851,7.116789719455316,0.189011066954591,89.9700441576186,15387539062.124292,0.0
2.835725198313123,0.0646176097353398,3.6737058165802434,0.0278711940847914,9.49700217111532,7.521623186544175,0.8121199440215526,113.47326262141414,14041713110.58694,0.0008352890838961
4.790629356660676,0.0694776987068672,3.423196463429167,0.0410016468064541,1.5650040715422855,15.900157222392137,0.6487345084376499,123.37742022746735,13938496437.209513,0.0008741672816819
4.356639938886771,0.0294970238716832,1.4085680568224492,0.0540235340731938,8.653914781208323,9.98724891976249,0.6228036665727207,129.80656790462234,11790154654.568329,0.0009729513265816
1.8683022458001453,0.0813196385850685,2.690365163766445,0.007514626800287,0.9636282153529664,3.7870948599558254,0.0917639035284349,91.15934126184638,13999021971.21071,0.0
1.854478255963692,0.0920951393745021,5.936380393296719,0.0046135015870379,0.8813328682248162,4.864129880275394,0.3480732265421474,126.91532854602988,10848137376.855831,0.0
3.9657185839606672,0.0083733667898604,9.433413993555147,0.0882090871138085,6.892616051754809,11.967014508779686,0.731623683595455,70.95384078738935,11576352608.80252,0.0014076508559589
3.360110510625384,0.0434964355952505,2.5306461452512643,0.0389384672498729,7.146219139121751,1.6128353070812496,0.8165578365153873,105.5956100486157,14028853658.1491,0.0014116086670691
0.2653194303595202,0.0533042066697018,4.3839149003096,0.0291689661800342,2.541734036081544,4.887934208026621,0.6447090723042591,129.21903909700234,9337583618.53584,0.0005765021183637
4.534680437131886,0.0678137665454567,8.16199660296698,0.002736756682421,9.327851313369502,3.6099433231112696,0.3042610410543935,98.4591559450159,14156399360.811396,0.0
1.850777813711162,0.0727738503686946,9.320220364739797,0.0232851002507416,8.241912869341451,5.77026451543808,0.1945283656174631,115.5768198639866,17304217826.18389,0.001466277541451
2.6352047423262195,0.0613286023080731,4.022769331582312,0.0465553608172705,0.3551930364745054,8.788660275918904,0.5160070348806153,65.99335854281497,11261054605.032986,0.001382509058877
0.8901950515890458,0.0551362943258887,7.764383157216325,0.0202070740866374,2.591255809382187,7.331749480547771,0.5035047230778751,85.40168874715941,15328231018.102327,0.0007748157925745
0.8634522975899833,0.0674923137687369,6.379842258289367,0.0100487190356269,1.8231812428137308,1.5367996983747052,0.566523595160114,107.5541759556259,11357866537.099888,0.0
2.958060895480904,0.0271645592734736,8.841163168792487,0.0214325556747571,3.7627434163086337,7.102031029783394,0.142046786600272,122.25003989381682,16530513206.159376,0.0005501569013486
0.5886455044925668,0.0199715098561674,1.9655773117135256,0.0173054197730634,4.500222076174512,3.301297566834608,0.2341256639001466,110.25144334165178,10839305826.040174,0.0
4.284248209162729,0.0456981869926397,6.051136076868803,0.0041138987301366,8.126537026080067,11.79341944114877,0.7074994718174641,96.41614465311903,12798437395.050638,0.0
2.1397933458731715,0.0497544099953103,8.345262203149922,0.014158632414957,3.663272956236173,7.295230656232038,0.5757973407450907,117.13384607481056,19047458993.321075,0.0
4.15323124045288,0.0867116668281173,4.587205000562978,0.0410911020846286,1.8152413331247956,6.895320210591134,0.3830508294753457,117.70254601299662,9317353286.45022,0.0007476427374254
4.5239013186792745,0.056575777907265,2.510692647870389,0.0139154689062525,7.363453915812807,6.409832159121663,0.2311487898020735,86.0829453772675,19226262231.328407,0.0
2.3019865174584138,0.0387982446984137,6.304469542244726,0.0079068168024877,2.536525054690932,5.148144687463454,0.6310653575397996,92.32446806990596,10035417330.72258,0.0
3.4587071203473454,0.0877165638021236,6.3028802844947895,0.0112395814632429,4.662672907362299,8.653597901193566,0.1546051425994314,110.25299095730476,19057760136.384357,0.0
2.425072166888297,0.0617160175621797,1.188092659681688,0.0314399267165443,1.4597326954105452,1.9950184932267805,0.5542455639244741,65.81616805379812,10956416946.708584,0.0013577010246611
1.164959172640664,0.0060613067211128,1.5066959535601936,0.011294914753411,3.415116939128563,9.386235839257512,0.620585494486851,113.26589427870638,13665938591.066414,0.0
4.328386427894648,0.0998945160665252,5.321063809249084,0.0082339390628285,7.177770264870699,5.874488987237439,0.5113581093968621,106.70984069744917,10132132837.82154,0.0
4.481757840015922,0.037608855170773,3.770737418567689,0.0067991473753378,8.008987249070778,12.400161174376567,0.5675444652824337,98.131210243238,14946310779.817284,0.0
0.6398234521294033,0.0279524069340598,8.104448155629253,0.0078098440696596,3.218380697436982,2.148652969137287,0.7319102440404319,105.679588452217,11429331803.172665,0.0
0.9063435811953248,0.0719181871191166,7.498153320139739,0.0077962340909583,1.8967498665207665,6.121333107357449,0.6110691120077516,122.08850377208113,9238909411.598211,0.0
1.862282719237144,0.0573424471828262,7.09784458728709,0.0051608697872486,1.4129460816678143,4.659835248772905,0.2345651640106181,123.60411881526396,10877579001.205172,0.0
2.504567033677309,0.0729920725998622,6.403272183235905,0.0100820300992471,5.804506505248801,3.553214091740333,0.3601302981710612,127.5228037998852,9635843165.032692,0.0
2.032356520695959,0.0528882464529446,9.253464737549807,0.0272199518442984,2.558296922585686,5.094207021342416,0.654624007900134,129.77041201016692,9298167223.883747,0.0005680126606586
2.255371056540078,0.085783450168592,9.1254823348014,0.0161326895183955,3.536998520284524,4.223301803846247,0.6964416646329697,121.73223544508308,17889497122.415844,0.0
2.4404757502162955,0.0311408436390934,4.1556899204403,0.011872273991407,3.544924466882577,9.66361054835394,0.4763428048630291,120.47752771450833,11033418752.356144,0.0
4.0840203338289145,0.0980315981857672,9.288748021499966,0.0044484869705714,4.415699270860363,8.041944562162794,0.0849677599635417,106.54345850174772,17324275282.16204,0.0
3.339120385673022,0.0624673842026329,5.992993457957954,0.0070366929998797,6.067138365582332,5.698078826408846,0.0327002301765116,124.94622310218432,12416585651.840729,0.0
3.2644319574587324,0.0192735545538664,6.17862385812848,0.0239684209800079,1.6164175690216378,4.6222405739628725,0.5178358616612688,108.26916513777844,10218490702.290125,0.0007220205575942
4.576985756896571,0.0369201187321645,2.5604720352909625,0.0260940916375425,6.085708480090634,15.518688323298152,0.2168710131292557,82.34229973800521,19296145258.965466,0.0013658853792522
4.630552744408788,0.0814900561654342,8.402467002925713,0.0370305326917482,3.3468563261769866,3.490672131964311,0.6504315426139456,115.56421897227024,19861851670.04563,0.0009266528337511
4.484539093780022,0.0467176800279652,5.365724488478554,0.0263424649656035,1.4494943936723872,4.470474203573921,0.7861097500100426,126.3276443586564,9656537587.29401,0.0008317441381916
0.7477061066652041,0.074330141582363,8.953892361327835,0.0137378146441018,0.7627304454170015,3.499261369239072,0.626834379685944,107.9688203307489,10968656175.650509,0.0
2.3019865174584138,0.0387982446984137,6.304469542244726,0.0079068168024877,2.536525054690932,5.148144687463454,0.6310653575397996,92.32446806990596,10035417330.72258,0.0
4.535505437567212,0.067829002491555,8.123813020993095,0.0027471451795301,9.327537288239842,3.648927343974973,0.3049701281753196,98.39415742004188,14156470594.84887,0.0
3.19066667679105,0.0647427040968226,5.769817674252652,0.0099465707876282,5.745410328042196,5.501517530825125,0.0227359059837276,124.18125965339806,12783842451.270405,0.0
1.258896310543233,0.0824278669873021,1.95393042958924,0.0145436100156332,3.6190934935495305,2.9892497698715568,0.3123859172275455,105.20672965745914,11875287580.379889,0.0
2.897159570625085,0.0907415950371885,4.532203195971824,0.0080836634248237,8.896775976183383,4.029880271733699,0.1807459120828336,121.92848670386232,9795219190.796535,0.0
4.420383256639434,0.0928763296865299,8.38269395985269,0.0145611149559774,8.292086870545424,1.5100989017325577,0.6162916272081038,97.56497076339872,10593145618.72861,0.0
2.7072066017815617,0.0559497034929946,1.395576971711067,0.0375635639161156,3.788238586751733,3.0732849634978385,0.5403355805047158,75.92827649292936,15471128733.712448,0.0006352308001532
1.0716207056858456,0.0306084543231991,8.351213599051185,0.0526587404787915,4.372455207171526,7.382107088912534,0.7993393163225134,62.42037669866424,12889858874.075651,0.0010753657669684
3.20942039268169,0.0926302801563688,7.483065680157138,0.0079769521182023,5.219464213664028,3.781463979660332,0.3000679700342515,123.49907776799576,10600122437.55332,0.0
2.484274541874936,0.0960998298847229,8.952958181900119,0.0215615976672659,3.918879516343213,2.957078945374041,0.8125263587515592,106.14806662230968,13771443921.113209,0.0009769493438414
3.038948197779627,0.0327112877721699,6.301241253592807,0.0324674044631396,1.9377735465197996,4.219775609635292,0.2466610176866372,111.88121552947888,13158421500.13827,0.0012748441902125
0.7688457110346613,0.0850644708318005,3.409212030801192,0.003573597344844,7.556066977006234,6.692105271471904,0.168228027407382,84.59706139443297,9997310831.566595,0.0
2.7901274391953077,0.0800166762615079,4.192074334847959,0.0328647854673724,0.8059724011803391,2.8854249367488127,0.0509938089788274,117.08746308549618,12861915313.54345,0.0009607036533391
4.133711955043808,0.0832971861825884,3.480520457547199,0.0163356450371628,5.772785213557846,9.09439217647148,0.2601577594226702,126.89595395936009,14921827199.2089,0.0
3.5740483417702222,0.0646023171695303,3.3955058679264103,0.0030545545537792,1.5196188660092,18.03022490590281,0.1585442651642395,127.80434632647146,10298265022.209518,0.0
0.8876223663550254,0.0564340574992746,0.1762501190200385,0.0178838063906432,4.727452692645349,16.342867310922742,0.0792314764577163,105.61257272665836,9576285283.692291,0.000697449361274
0.2656667423368496,0.0533110590413114,4.380917315578107,0.0291955856598534,2.538663665289837,4.886827049812919,0.644607056676925,129.25008467314524,9336057009.498257,0.0005762230794195
0.359725440466722,0.077769522006951,5.35914506909859,0.020435239233729,1.3755564215823073,7.729444459160889,0.2287004097610951,119.595298313215,10765685992.10615,0.0012559762110316
3.560478169840079,0.0702813124989948,7.518680478259706,0.0122438074905614,6.261026975751383,11.791481679487838,0.0667165475751974,111.0742872822168,19473521277.233917,0.0
2.9316039987945044,0.0514772244980422,4.602030205688385,0.0109463044780774,1.2499638438454417,6.654119816423042,0.7583673010774162,121.80450232727452,10816305313.614853,0.0
4.346461016250606,0.0813681035636441,3.130483140759463,0.017349139235055,4.284536677139409,9.358593853192158,0.2928738461051848,120.35315116128676,14720694532.133476,0.0
0.4149664919011971,0.0107107265918164,9.625084564345084,0.0491554350432442,1.9411813012318615,1.3814293882981188,0.4289605690615443,116.84135879838472,13972808061.826212,0.0
4.35598886149853,0.0918555162069628,9.913447947910589,0.0020990394683594,7.268503166535534,10.157977940626164,0.0321084701123952,100.64809576386094,19845086049.73303,0.0
0.6489104763883755,0.0970132284571231,2.0277560622776587,0.0228952338835888,5.442588888844623,4.051235353149084,0.1756527582299365,99.08161468436418,10566498308.37995,0.0006166190667822
3.55574993357676,0.0993752505758468,4.007441252051766,0.0086207825504042,8.666399984317412,2.188877291177713,0.4155715666098982,127.800724044479,15592879458.028782,0.0
1.420215246915976,0.061884183110288,5.5951004167738,0.0531717994795069,5.9195112495040725,8.14931785282737,0.5738150958387007,123.9132189563413,14190747686.942244,0.0005468591195501
4.534680437131886,0.0678137665454567,8.16199660296698,0.002736756682421,9.327851313369502,3.6099433231112696,0.3042610410543935,98.4591559450159,14156399360.811396,0.0
3.1864825908443777,0.0423935906530656,3.248540197389052,0.0045988239098643,5.936135395326788,5.099258145490805,0.3330733976790914,114.28063530337424,9672770323.89273,0.0
1.1782234889992216,0.0289367952253561,6.358484659757854,0.0018543651425644,9.429940731849332,9.973439277507143,0.1531257678454622,126.11927300721948,10747006088.768774,0.0
2.2531119400187607,0.0606784995360186,9.417482888878745,0.0034773600431189,6.482312269541633,8.362129010243205,0.0867935561954123,97.49508014463572,19010885420.897564,0.0
2.114952760594519,0.008392616952258,6.603621043758539,0.0217148430821459,1.0360377726272232,3.1557879524732977,0.6083607673326606,112.93587681822692,10899872198.849266,0.0007241305259369
2.5422791663793816,0.0851582990106314,9.55854583814034,0.0215012724830492,2.231508880014764,8.698309810283845,0.8458301433189247,125.56721741625866,18528876614.039787,0.0011038164802386
0.4293882341844161,0.08815714617119,6.735479015605367,0.0821715553301872,8.750392695058117,14.408763822681609,0.3556451387288915,128.09340392628604,13582702704.937227,0.0005559438711605
4.374227276019086,0.0787693630720101,5.421973137493146,0.0197274035877095,4.416035229213988,5.182317854054261,0.6266732064776152,122.97256919812108,16462934112.162724,0.0007145461308692
1.2910195665373254,0.0160393890990126,8.432012695932299,0.0204391445684832,4.905269129853419,2.929918715793832,0.5424613049241832,129.7725241163797,11594511235.142056,0.0005787979613606
1.2138638127460748,0.0188632887544077,0.1443209059716539,0.096416964657153,5.4184447267188105,8.191025068774897,0.6407489596275866,79.87769724976879,14129371286.56572,0.0008795306783871
0.3958200037438805,0.0542637132881391,5.464945253472264,0.0102727531145783,1.3961939551826383,2.877414133695909,0.5027991605501447,102.85461938185196,12703875863.271269,0.0
1.7502577654433686,0.0684757078613531,0.6898093824611585,0.0137354545165674,1.1751754414576785,6.901244326989403,0.6207932225278776,115.21559983653816,9071408674.868176,0.0
1.2910195665373254,0.0160393890990126,8.432012695932299,0.0204391445684832,4.905269129853419,2.929918715793832,0.5424613049241832,129.7725241163797,11594511235.142056,0.0005787979613606
0.3958200037438805,0.0542637132881391,5.464945253472264,0.0102727531145783,1.3961939551826383,2.877414133695909,0.5027991605501447,102.85461938185196,12703875863.271269,0.0
3.645631403533758,0.0865902192140042,7.061098829542459,0.0122869454346836,7.243910178839835,7.503757490711561,0.020641949615526,112.44538025511524,13220595637.950806,0.0
3.890198230954229,0.0800173051562082,3.174798545451935,0.0764042033408313,3.1548034866241568,1.195582443591383,0.2253419758063735,80.32311610516383,17998239093.164097,0.0007561732742619
3.5702488879510947,0.0538453753681826,6.985547865155442,0.005653116112781,4.625867099478917,9.399083697013529,0.0546291248005803,120.73572784392852,12487712934.756195,0.0
3.743730285638144,0.0253570170398619,5.866709447882877,0.0054330344060098,3.3253375736986404,2.5232747439923915,0.4623119598183995,105.68101604985132,11159044338.65112,0.0
0.9885516914113256,0.0830507046632487,9.242344905250905,0.0224762514243539,1.1526937739861831,8.098270109775303,0.2408606792312353,119.51918937665192,10567098175.98992,0.0012513332821182
3.737005717249069,0.0270605043219979,2.165631399691517,0.0082607862421339,4.657478335971421,4.962286830634022,0.1617165983600841,121.76293590462546,11346237918.752298,0.0
0.8551666557550138,0.0882095547060415,7.872581889466301,0.0121897782453615,1.9866879768694576,6.365753869321575,0.462582234054504,108.71470264448315,9090593996.666763,0.0
0.8999845602435994,0.0434202684902478,5.29580659084317,0.0094923569196378,1.4063215274194554,2.2410750102745696,0.4562304240114879,118.12332710396248,10172388115.937847,0.0
3.737005717249069,0.0270605043219979,2.165631399691517,0.0082607862421339,4.657478335971421,4.962286830634022,0.1617165983600841,121.76293590462546,11346237918.752298,0.0
1.2210089599143754,0.0637093601446726,4.1796613078643405,0.0142836166338007,3.4370436871733823,8.076477370117242,0.5524401376130295,128.5673483696245,10861462424.622623,0.0
1.221779844980276,0.0637159122410205,4.178590951249586,0.0142476571019547,3.436591705086387,8.073766538770997,0.5524295502863191,128.5717078606114,10861909990.808878,0.0
2.8109280603753786,0.0525778801463758,5.018436451190124,0.0091530994865727,9.380804508825747,2.453984343385855,0.2993278138097723,110.27449466645314,11413599114.158085,0.0
4.16423233280208,0.0802917129924868,5.930105304439893,0.0160805814083586,2.0438494102768034,8.173836316911066,0.1045889739683629,125.3046368982028,13096585197.622255,0.0
2.80046626103413,0.0617396004172762,0.6810262220783112,0.0011528165794827,3.822917244762976,3.9664331934096175,0.4349519858771211,111.16272896257531,9027718555.20218,0.000506583570936
1.8542440628116037,0.0733147365851498,7.896264599635148,0.007001017150595,6.777960859996418,15.20292239729834,0.2066874350545465,109.93197636672004,15807239904.185484,0.0
3.809712974395248,0.0753773602153561,3.063828973341609,0.0150833038114713,2.174121673433331,6.127943629278464,0.124547659259152,128.73760463897557,13379307370.395044,0.0
2.768713038943935,0.0786363446757466,5.163816666172694,0.0181185250874887,1.5079835241876065,5.6810559158965575,0.3884289259798708,122.57965508469792,12638998087.839811,0.0
1.869644932705711,0.0552251408002276,8.779239068124257,0.0230149312797921,0.597726098179242,3.8910632473516578,0.4383391793290406,102.75792023977463,12473390048.083302,0.0008867847745299
1.6114978397152608,0.0596342476504042,8.392542512089529,0.013275720401404,5.660879689244434,3.8041406762045815,0.1019096297944504,94.6190364348586,17706203988.773014,0.0
3.6418718189430415,0.098397352157352,9.295098422988618,0.0185651820870551,1.5007827908115408,4.444117214186575,0.1210239545761587,93.10340106361726,18816073251.691284,0.0
4.923157005760287,0.0855002080406732,6.176966212023745,0.0134875272271737,4.686955516420055,6.677172228857388,0.153658853157474,122.31899561115456,12328914395.162878,0.0
3.285981824563314,0.053924175323374,0.4859831837645141,0.0202227218804363,1.2921589715396438,4.742702525193056,0.6023232251654573,123.1368665975953,10116287699.759476,0.0005504926402012
2.648165007960922,0.0548980986313786,7.5001310378225154,0.0312525017554512,3.6907623803284553,3.2877697508901087,0.7937134464089712,126.64140286664208,18136663433.169643,0.0009162095458315
4.571201659576658,0.0855589908243388,6.269693622619375,0.0556757622603942,8.295247831218783,7.80293876544042,0.1666296658159121,65.61284195296147,13421203822.969704,0.0013597322913705
3.737005717249069,0.0270605043219979,2.165631399691517,0.0082607862421339,4.657478335971421,4.962286830634022,0.1617165983600841,121.76293590462546,11346237918.752298,0.0
2.0026469679458594,0.0283695374681642,6.528134720307071,0.0058137575128247,3.5511547547787776,8.061203826691207,0.6802155216230824,83.22339586680297,10019136663.26424,0.0
4.28391733296722,0.0395627812203449,1.3840246867030308,0.0136155515898041,2.386462742968081,2.7454004993334773,0.1144793188519522,119.00977124031002,10131966512.028667,0.0
0.3242287308308152,0.0946027146334668,2.225755824254253,0.0179676994434637,3.362295310359297,8.47836592231232,0.1506826069810691,126.42358656194844,11217975224.66756,0.0
0.1085611101319189,0.0931061181492755,4.880324320870355,0.068341116637556,8.881218321880768,11.139363451949192,0.0651622505454474,115.94822594154392,13364353735.105396,0.0006489026411175
1.4399940364484485,0.0420367642878246,3.450115002790377,0.0306061902296658,4.058668113914517,3.428191422921766,0.7107364659721415,95.73243192582508,18031920184.173367,0.0010843782732135
4.322605321375767,0.0799111307476572,5.037575765929663,0.0095618293932579,5.607654612361497,4.101199377190332,0.2194646365528114,113.55362502597076,17364948600.532204,0.0
2.2155076381538965,0.0696756459833684,3.076619373696271,0.002521366746615,5.742529930300227,7.903635305698254,0.5354849295838136,123.79636389666852,14724194991.562534,0.0
1.906751677156768,0.0919415432994416,6.730592871897348,0.0058234012476438,4.054959443111431,3.5311967574025958,0.3859805904739737,123.26068353253376,9363203423.467417,0.0
0.2745404890642693,0.0409754384230942,3.725601020216095,0.0085161624423241,1.1709470426960418,2.1606734551626943,0.1141760336386809,95.06084696506062,14422514662.767645,0.0
1.364925215494969,0.04391912091467,1.524837902313963,0.0033305271777176,4.245401112818981,2.1991816736855,0.7742988656155815,106.42350130136587,19211594535.491585,0.0
0.1896877058356916,0.0070772928693197,4.9052040373877865,0.0041679984976713,0.5710510176955993,1.8539974538794013,0.6653501938986173,118.14740612860476,10089070978.395687,0.0
3.1252513761483027,0.0726098974060683,2.0207621209309083,0.0267047034002122,3.528545900304057,10.978277700108045,0.2095249576271587,101.16700688874596,12851070291.283728,0.0006268700233616
1.104276712657758,0.0896766106522866,2.303030562053135,0.0050238121835643,0.4966621378217776,1.723700601418031,0.3888222705751586,115.4800225383538,9212230574.288822,0.0
1.6445871755999837,0.0747237166402484,6.150576424804467,0.0025385631920161,3.882405620725826,6.405883765089123,0.6146332727856214,123.27346033096312,19588506927.608917,0.0
0.301473464308034,0.0076587912173123,4.585273925165864,0.0101673914096437,2.631943794750447,2.5363559047997013,0.6862186188918823,93.07993043283248,9241594723.207697,0.0
1.1555434889693432,0.0290226289154818,2.6788658852524443,0.0325312013279938,9.003791008761352,1.2406128472334337,0.766663891567519,98.730980612557,19299598887.739506,0.0006336848444872
3.970225569215716,0.037186759418576,7.213099085531451,0.0022683114722873,8.78019561737425,16.890643440986242,0.0588175697921089,63.15571757695789,19729315754.12032,0.0
3.4838300663304205,0.0630610799797179,8.872972811775268,0.0071353877460979,4.579718905000287,5.761526568000197,0.1086710771464019,114.41920705437244,14999165508.9841,0.0
2.003783992570509,0.0956213391944804,6.988214441212993,0.0107927166049983,4.786285755673271,9.025730963999107,0.1278706520231778,89.28315061983876,19221529644.1436,0.0
3.432921756686374,0.0967342663629876,2.707651367171167,0.0082464909226857,3.859638385246336,5.554559849389736,0.3065282768868603,125.07581900617268,9373170458.327986,0.0
3.059625187714499,0.08902170537427,9.235700702703994,0.0421244228032385,1.9729415728182864,6.271631101267813,0.823261646157759,71.35493558819914,13689751179.728872,0.0011364384291453
1.8767944658724205,0.0321577771204307,0.7169508623112136,0.009526964013918,1.042096228135334,5.6897747263459255,0.5539495276404056,116.73103706041692,14931568463.751225,0.0
2.748718165816428,0.0433338215821018,3.7331236412564577,0.0108317092417818,6.060254857234026,5.348110732212939,0.7228617410084173,91.91997882666168,16590375801.398584,0.0
2.259372768209259,0.0892871105159523,9.95798600063723,0.0155150683285538,4.183191632936139,11.866828962561186,0.4852185863200842,116.4793389885628,15252200557.814592,0.0
3.3873447808889847,0.0641166752250252,1.9868722837934043,0.0806864919768982,1.5415083722965344,2.2316112362346967,0.3634325531332021,80.14623397528213,14833751787.930576,0.0009188323705645
2.835725198313123,0.0646176097353398,3.6737058165802434,0.0278711940847914,9.49700217111532,7.521623186544175,0.8121199440215526,113.47326262141414,14041713110.58694,0.0008352890838961
1.658292526103152,0.020492369808796,9.224834648549288,0.0238386248536273,1.54500461127068,4.1356869261168825,0.8217039432173157,80.30223481062055,9228609871.644966,0.0007549654754953
1.221779844980276,0.0637159122410205,4.178590951249586,0.0142476571019547,3.436591705086387,8.073766538770997,0.5524295502863191,128.5717078606114,10861909990.808878,0.0
0.8909710241174741,0.031323396068142,7.6433187097125295,0.0205558779700235,6.024850387611676,3.607944350215022,0.2897753463596651,103.94860468318518,10600159427.731035,0.0009925379463035
3.764282196460868,0.0854360722764537,6.869501486501378,0.0199627037800258,6.654085228865121,8.616689460483585,0.3208114259590364,121.883610750403,11566740890.521473,0.0008400529827724
4.368604919468988,0.0870867461498811,2.5108427302366234,0.0127101683044731,6.277865439034311,3.593378800571969,0.1525501639989872,126.09197569852144,10135496309.649654,0.0
4.133711955043808,0.0832971861825884,3.480520457547199,0.0163356450371628,5.772785213557846,9.09439217647148,0.2601577594226702,126.89595395936009,14921827199.2089,0.0
3.3419529512088686,0.0271572728629253,7.588034251628737,0.0295427594793275,7.653376930022798,15.382924745261365,0.0999429634633857,120.02348543824895,18884746825.175205,0.0008551733652978
0.1230136226277562,0.0300088565602834,6.408387153149711,0.0164257710870724,7.882067096184984,7.872669470081267,0.4646347071714748,129.49932412562293,14838268560.409191,0.0
4.808826568006153,0.0765746265943785,4.075274354931656,0.0509403560333642,7.317596300669445,8.337841111085845,0.0652442366064656,73.22810226762464,14516009573.943771,0.001437016219674
1.5883904457066202,0.0688608646534652,7.384157034083944,0.0131441603837357,0.977147102469843,4.889293083603355,0.6876219654477511,118.6452764472173,12392173424.970634,0.0
4.486559942740854,0.0760280689929582,7.588708671835506,0.0616581917923924,3.4675132726158,1.1082313972840403,0.7951260718160412,78.69680571626482,9382776423.810118,0.001382857171404
4.961906965730424,0.0873596888460044,8.5133191171925,0.0337419056891235,4.054417406070978,13.533288941386816,0.512664737757054,93.41436536316104,16050540096.484648,0.0005544849100891
4.333424148766892,0.0644101399706267,2.3738472383066966,0.0434386385406438,1.959124624679848,4.627124846297626,0.7678724896998823,113.72643991660128,9423025917.42462,0.0009366486116943
3.1912600750302405,0.0624450185111344,9.007720085996288,0.0043355811000068,9.630269814285052,5.522265156418287,0.2162569765107084,99.0563477460558,18387767992.93996,0.0
4.119818579323776,0.055168096726521,2.5337732207714843,0.0215994381296836,5.124165317561587,6.2579440065608045,0.3928805417260069,119.03201649718318,14166119349.70805,0.0007388415222536
2.3338873576341337,0.068624150518965,8.819514999717798,0.014282811176205,9.597329918104936,6.449103280938751,0.0245503334498315,110.93177970684958,13202617044.4729,0.0
4.777610078031295,0.0350219951744895,2.041097742213488,0.0336140500089492,2.9401303425971244,10.62859278912828,0.8145601052739607,99.68235471763562,11753157807.109545,0.0007925159153784
3.3013875378330773,0.0350734467709095,1.5830782783763515,0.0298727794265905,1.4249992905440725,4.747197362706792,0.6086789440500303,108.23233112947378,10140808018.5585,0.0005784149171829
2.1725944711027783,0.0890066869347826,9.994852135937077,0.0164579100948462,3.931182784946624,11.680195745720194,0.4834758408642242,118.00526670477151,15339231792.261578,0.0
2.8109280603753786,0.0525778801463758,5.018436451190124,0.0091530994865727,9.380804508825747,2.453984343385855,0.2993278138097723,110.27449466645314,11413599114.158085,0.0
2.977549854021992,0.0787298419827359,8.405438737252078,0.0064433837972487,2.6004936446502094,4.527338855540234,0.6530215752705201,124.14063398634023,10259833390.72239,0.0
0.3191445216081781,0.0557804417762321,5.841090867172181,0.0342696222672932,0.7930964361245619,1.926366470042883,0.5848336738877075,128.94621019850882,11474111477.757769,0.0009226243549925
3.55574993357676,0.0993752505758468,4.007441252051766,0.0086207825504042,8.666399984317412,2.188877291177713,0.4155715666098982,127.800724044479,15592879458.028782,0.0
2.328694993616557,0.067348562988234,8.947019245467185,0.0553188159199414,1.494898918811982,2.4732075850416204,0.3394707455960155,89.35313981317712,11035769935.036455,0.0010394003003796
2.5770024618691307,0.0585351601851238,8.97178334806705,0.0046059077609425,9.03427653374363,7.118554682394231,0.1889766199298549,89.9618172531109,15386920240.151796,0.0
4.91111381529118,0.0757996242581011,3.8314870875237226,0.0217990458366951,5.143927598162786,13.57377174546082,0.0999138134466026,118.80680321525452,19803904150.73571,0.0005474426617479
0.4165524695404378,0.0596100499762024,8.668536265815497,0.0407289171408491,3.475552376173771,1.084975777752758,0.4846557784536716,98.40734433764192,10548699581.049473,0.0007861325052568
3.3968606104868244,0.073726848294231,4.878872322226799,0.0092448776385669,3.676059589063581,3.474193242210708,0.114608400615495,119.3315524583211,10668095834.679085,0.0
1.8000702476720651,0.0402921979543952,3.506307922800757,0.0247164789783137,1.6927099697320749,13.54530337265208,0.817560810577697,126.58784179194828,10002252595.575483,0.0006709023338571
1.434863530182814,0.0868346811606538,3.315108979229416,0.0030705646921346,7.827587038388216,7.765577091193382,0.206315428618428,102.64568639106828,9395901181.48648,0.0
4.506202318414681,0.0603950782109566,1.159303198827878,0.0281601732829037,2.4971671902963943,2.1354998205361944,0.8340030081595968,94.67258686963956,11301115899.330503,0.0006191251009853
2.904808513330324,0.0558375664184748,7.30081547143078,0.0054162483742523,9.280878361773556,6.747365359381968,0.1064132430920328,82.40930293995189,13055404129.750978,0.0
1.118825061841173,0.0880620903796445,2.2852999795986544,0.0044751753743465,0.3524817586955713,1.5421815371191987,0.4047821082401094,113.88126395989228,9391602015.481688,0.0
4.28391733296722,0.0395627812203449,1.3840246867030308,0.0136155515898041,2.386462742968081,2.7454004993334773,0.1144793188519522,119.00977124031002,10131966512.028667,0.0
2.421197546246442,0.0442116454773662,6.640218929183591,0.0480069135767531,9.458082974492878,3.5229297436204146,0.5108635451963099,111.17751824686604,9631396116.032215,0.000616816141847
1.868475026365172,0.0813099762426694,2.6910523450839614,0.0075201402658142,0.9618392287030474,3.7873727953297855,0.0916626827827952,91.1646502189656,13997518744.124857,0.0
3.628977980468867,0.0456029534205445,6.808041129386663,0.0020999806215926,6.869024153657891,15.496212347717949,0.0861806211961637,95.7822462735522,18002804679.254276,0.0
4.414028923622495,0.0977592871923467,0.4074571563011616,0.0130826339287198,4.8554839304673925,7.376306488113197,0.1214030490491638,73.69366922170516,13756588030.813587,0.0007778645482443
1.6445871755999837,0.0747237166402484,6.150576424804467,0.0025385631920161,3.882405620725826,6.405883765089123,0.6146332727856214,123.27346033096312,19588506927.608917,0.0
2.062924030504116,0.0419685640041022,8.404951651391315,0.0051402619411508,2.57192914714577,3.0346692202407195,0.5652713438634104,123.9885904493106,13803939375.297785,0.0
4.320904407293136,0.077678615812188,2.6571237117554736,0.0277522348593196,0.78076799601755,6.93585373266652,0.5310170070570784,116.99159769181932,15410524928.425186,0.0007978325024965
3.69306803986836,0.0982770188649161,1.636068255783501,0.0231489967593986,5.593070734190904,3.6740759483776784,0.2081431168641097,121.87523835327198,13655421036.065351,0.0009480248511349
2.849974589479549,0.0802301095638744,8.075094386575891,0.0177296268778969,2.909758880804972,4.243271719032611,0.6473063363591821,114.25028526069109,17738397707.14749,0.0
2.1725944711027783,0.0890066869347826,9.994852135937077,0.0164579100948462,3.931182784946624,11.680195745720194,0.4834758408642242,118.00526670477151,15339231792.261578,0.0
3.513630146330565,0.0618218736327631,0.4147832236382406,0.0064857284056847,3.0795059701952034,14.491690538297412,0.5348206130722817,106.12926437103606,11622981421.733164,0.000713747621824
0.5172911384612853,0.0401651577911077,7.124980309144702,0.0157937901443517,0.5092810177026771,1.855005566866782,0.7431392776790186,107.25938273194896,10919893329.40643,0.0
2.876808413184706,0.028667764161841,2.2934826230747536,0.0134685823699683,3.455406940839716,3.0757002463750207,0.6612230819233282,124.05835840863205,13323096989.109238,0.0
1.08325639006044,0.0686203173460919,6.567967464507864,0.0243100410797169,0.8710491952460181,6.400559264419145,0.4620979740853173,129.4670249714362,14794199607.706676,0.0007294379703045
1.854478255963692,0.0920951393745021,5.936380393296719,0.0046135015870379,0.8813328682248162,4.864129880275394,0.3480732265421474,126.91532854602988,10848137376.855831,0.0
3.98037913177776,0.0366012805665892,7.3418188914255635,0.0022823746590499,9.03849245134962,16.802125145856213,0.0584964831670675,63.0865484014612,19767382258.407608,0.0
2.505644905814812,0.0962179530845289,5.867637542347397,0.0264987320253229,1.8799441502579848,4.390263207568083,0.1841319897554379,83.9993756641041,11002120068.711931,0.0010111906610958
4.534680437131886,0.0678137665454567,8.16199660296698,0.002736756682421,9.327851313369502,3.6099433231112696,0.3042610410543935,98.4591559450159,14156399360.811396,0.0
1.0938968752130789,0.0894400987758773,2.2732054650789677,0.0049529631922603,0.5297849296596324,1.6850417812183454,0.3891125493741114,115.50900393043572,9250199552.150356,0.0
3.364041045511116,0.0278944239018203,8.78759930903429,0.022764069294917,3.8321510702735058,6.653759547942341,0.1252394573416491,125.44018826446715,16655479146.62724,0.0005604879981158
4.202335089803914,0.0999875603251449,4.309213723853108,0.0128133272195665,9.275283808882572,4.077577045755372,0.0511506463204801,128.9056371192126,10832460654.90185,0.0
3.6418718189430415,0.098397352157352,9.295098422988618,0.0185651820870551,1.5007827908115408,4.444117214186575,0.1210239545761587,93.10340106361726,18816073251.691284,0.0
4.084190582765573,0.0980140159917577,9.290287887909214,0.0044366231628869,4.416285472497991,8.044386092509152,0.0852298796795769,106.54757655699484,17323687598.57977,0.0
4.097256540784778,0.0370260884386177,5.809249616230447,0.006593331946132,3.155221016479811,3.318161059163778,0.5423844984589776,102.55563427836938,19799550850.7943,0.0
2.713040979075257,0.0898561194360822,2.477005974607927,0.0170613013911586,4.525928588023385,1.858558791925823,0.2025415066245486,128.18444993603055,11206447251.219748,0.0
0.8179666611792481,0.0789775481359128,1.3686408399229273,0.0170136900991811,0.8764648862078506,3.7768244617558775,0.206035999190836,121.57535513202023,10074701952.085863,0.0
4.694046410329944,0.0476305989146864,3.0846305451534834,0.0260353424579665,9.002143256088049,11.662565354309937,0.0340062462832211,71.17037649589167,19144182603.66717,0.0014465826172462
0.2444216922857693,0.0746752294244163,4.9351459257902,0.0231671037721309,1.282246305777034,6.3581081132246124,0.2617079816494367,118.3484663455852,11309961432.901426,0.000599895168101
4.327964863417376,0.0361294233529573,2.343665815797383,0.0152273598640869,3.8355187730264673,4.920002910905311,0.0749748112753854,126.232518040456,11782929160.673796,0.0
4.559808401521495,0.0920077616501127,3.3703807562785397,0.0034272261208304,6.693400815844901,17.3178248502928,0.112802869132493,97.99049358816792,15432914116.303185,0.0
0.4327404362651982,0.0855360110461185,6.187186063349458,0.0521835777843072,6.016636061766259,1.0723324424219396,0.2739974681802111,106.10902971858252,16193678068.247904,0.0012924058829079
2.1003939368433104,0.0417050126775979,8.034615863510481,0.0050980480939031,2.557407024201496,3.2474862139070417,0.5610123628316712,124.68216209651122,13990992735.368149,0.0
0.8469665905295621,0.043352461109527,5.196344163779229,0.0086896568413814,1.423756280243532,2.187905568959042,0.4470114172268474,118.53199602797488,9973723756.54404,0.0
2.406503745552881,0.0878474985250383,7.068331623015205,0.00478974755719,0.5751671993624704,4.425902266016683,0.2323375523362896,111.66156432202678,13190594478.268026,0.0
3.076495693264812,0.0862652172524638,8.044599772549663,0.0141990256386482,4.026510977366206,4.344918077926391,0.632376055922764,122.43274273353715,17846134921.204144,0.0
0.5676178064475795,0.0394463979642047,2.959437921525074,0.0363058756703998,2.3312567377500546,1.1583153067330016,0.5763776980179416,123.52016848013872,10679555507.513325,0.000565979359998
2.475150153651025,0.0790576322016148,6.799525091806125,0.0411149406874235,3.3614250635779905,7.948410516505948,0.4134892142380907,93.2995195120255,13644333330.415451,0.0010120376571389
2.5779622070477544,0.058538685124796,8.970943088581334,0.0046130307210363,9.03428482420851,7.116789719455316,0.189011066954591,89.9700441576186,15387539062.124292,0.0
3.2613726588934755,0.070638505891377,9.130057161393903,0.0141076194153477,8.460674260503824,6.244870602927466,0.8454395213565705,117.66497181829598,12474691718.550598,0.0
0.5730531414708799,0.0798845271192096,2.214784054055952,0.0031688578588817,6.951275065967246,3.56121638678842,0.0571575145052364,118.5041019553152,12278358541.052914,0.0
2.3338873576341337,0.068624150518965,8.819514999717798,0.014282811176205,9.597329918104936,6.449103280938751,0.0245503334498315,110.93177970684958,13202617044.4729,0.0
3.0675021659003243,0.0848237599984006,7.192068765616217,0.0127834869190013,2.4830018682789845,7.919362702843796,0.1898872715568823,124.6106387072799,13255513356.92015,0.0
2.895641264155795,0.047852447931345,4.934422546612643,0.0062336234241344,3.9314473021976455,3.883426352238875,0.0404068102923668,129.90235447861315,14104580548.239826,0.0
0.5221357452474252,0.0497236955338156,7.218152915842451,0.0197570631022697,8.559262711527724,7.75642536570476,0.8308156761030572,109.97869223399655,11341477576.822563,0.0007445285560394
1.8683022458001453,0.0813196385850685,2.690365163766445,0.007514626800287,0.9636282153529664,3.7870948599558254,0.0917639035284349,91.15934126184638,13999021971.21071,0.0
0.6454112022995284,0.0723709358638303,1.3297545955817731,0.0178275629656199,4.116151351486005,2.30776407796143,0.7195882546392951,105.7155263723986,9262274017.025871,0.0
3.128967212464857,0.0482376133157372,1.661691740423496,0.0196328375999877,2.397537509939655,2.945351325140327,0.1054348983564413,127.76870642358034,10377324273.45102,0.0006073562620526
4.71882698264796,0.0775462474474296,5.028497456649544,0.0057570392060545,9.929669383925914,6.680459449237481,0.0666001062781037,120.2562008285761,10873218688.257536,0.0
1.080424287909513,0.0557992294081332,4.550447726886442,0.0499079971733717,8.58271390489806,3.723829184935513,0.675060805822524,85.3279629810451,19313524717.9595,0.0007775290996352
0.9964419540826078,0.0664189925581294,0.8849701347258566,0.0360700006235002,8.697843654289551,17.698814560611165,0.1103601732198207,94.73242306106218,16451618665.990652,0.0007753656024119
3.6068671850200986,0.016169884946543,7.0288980627793,0.0079930986304677,8.630175258986817,14.366606474027408,0.7937283359824447,95.7717829948854,14251429681.228626,0.0
0.8483742748153847,0.0945437999677134,2.7235046180915057,0.0175756807161495,8.86664778668439,2.3149911547784345,0.038898395018162,93.67906242154996,9953354706.53064,0.0
4.99253647365016,0.0522268540379906,6.712515185106194,0.0016277723222972,7.361138535764773,19.633059253986413,0.3633331053786324,101.62092196573252,15375433434.339417,0.0
0.5262171014892284,0.0649989307828436,6.657322634681756,0.0073959899333735,5.043393734853474,5.814021923299944,0.3437375854052819,117.88052677117632,16745883202.654642,0.0
3.0050243176101747,0.068107922615256,8.684975707416593,0.0130972682559645,9.810485339097209,2.618189533670266,0.5947373590974334,103.92153739023183,10845799053.09637,0.0
1.0949228813940832,0.0897681820111186,2.3080986147688614,0.0052764873242493,0.4577498075793909,1.6797726265854152,0.3861415279221178,115.24380465658038,9221589155.97687,0.0
4.562176459313966,0.0649006262353046,3.5774586358744016,0.0250219021167915,3.449348765750922,8.018242479934747,0.0296443286060847,128.50016761269544,9663615716.417309,0.0007799832784544
4.190421730063894,0.0757532181431661,8.597341868410735,0.0036683333429548,9.13605718880262,6.107952655181811,0.1091526367218735,82.50743344248382,19210443233.471645,0.0
0.5581368956452757,0.0476879667656619,9.09523653032635,0.0343723758667634,1.3247816305190567,3.6868066903313808,0.4033324859368931,98.00786655116988,11232602916.01764,0.0011127223484651
3.674904044554235,0.0780897507716577,1.4078512062783122,0.0084870893719419,1.7844446750879086,4.422984523975647,0.2891168069812235,121.90715382002396,10486157054.294052,0.0
3.771945409004715,0.0770735587460289,6.913612903590416,0.0034256174962435,3.847221733741725,3.811881244574464,0.1438588302832269,124.92904153934,11151663029.2269,0.0
2.437674016124712,0.0268018361910426,4.963201863601489,0.0060172058274184,8.504800537936472,2.98637736999982,0.1880762452112183,94.57255308933247,10271075863.932594,0.0
0.3738246316907435,0.0977768460520321,5.01046822914036,0.0242517356278675,0.6834456934720542,8.225177344124074,0.0180034357688587,128.71448579178764,11393526009.744955,0.0006631313607014
2.3225767149024947,0.0674529410858252,8.932599028010172,0.0551981688756463,1.4883852379047902,2.465154576421984,0.3386288199318029,89.08927878995453,11068716681.45567,0.0010413147695033
2.944211976095374,0.0818848952125708,7.967012703429657,0.0151171989323724,3.736554543144974,4.255631883338599,0.6324137905174111,121.82131167478104,17958908221.604576,0.0
2.8086275375831367,0.061754395369291,0.6825899314490361,0.001060184173609,3.8187549171663706,3.95644723143066,0.4349932516474599,111.1221422955011,9033734211.872496,0.0005063536310261
4.493897046356627,0.0858460355407426,9.86511434671076,0.0312655032097383,4.910370418777529,10.638179495290933,0.222451678087771,85.40148101582203,19887632848.48673,0.0009516054337366
3.085264696283845,0.0958949780857948,1.1268138998538124,0.021963632254829,5.7315559390890805,3.0543411251252173,0.1893026042189763,121.03691523381684,14151030447.97515,0.0009398554559232
4.625476860609531,0.0599676079284099,1.1657893797850245,0.0320383229711611,2.009947841239088,2.227484156916389,0.5817401630502617,65.20833642219422,10995640788.264051,0.0008501557349314
3.805385564509784,0.0543455035613556,0.2420728919275421,0.0083563227777494,3.859782536098516,3.694771471798071,0.020496521515391,122.64238831713736,10433932516.823357,0.0006940880149758
2.7644988622748667,0.0970711900687944,9.223263743691552,0.0225311882797057,5.026274929806492,11.241958309645444,0.0641497476393274,120.52881216615228,15206649204.97576,0.0010330994933132
2.0917201440940656,0.0702948119348726,2.8980744266131384,0.0024327916537302,5.873193331043883,7.993885412783547,0.5196369273756516,123.8640540273523,14680811428.150784,0.0
0.8729944219752234,0.0490438589060525,4.9320268041332,0.0227390819626594,1.5451695100402625,6.213299494271357,0.6567252596700287,108.57802416993522,11326704795.858934,0.0009010807476437
4.199768728404122,0.0999510299757028,4.277255741108804,0.0127614454210325,9.325649100149786,4.042917668708648,0.0512643003690579,128.92370653594296,10817252603.108658,0.0
3.549607186151417,0.09862372820428,2.5294391005902632,0.0068347461852502,7.916458561440102,2.587865155553584,0.0256819897037467,126.09651653374442,14771178949.356403,0.0
3.4001856627966576,0.0376949505744927,5.448958172079989,0.0052412439483054,6.000662004282673,6.375733525139713,0.251036526151196,96.19609308485002,13503064087.337664,0.0
3.67426054044745,0.0781573529471544,1.4142584178031812,0.0085040955461481,1.8036513804274303,4.382464816974569,0.2866738262725271,122.04662716793976,10478342171.551376,0.0
2.728653965234525,0.0808861866650215,6.6780675882834855,0.0220050465493362,1.28435599216687,13.168808777510357,0.5638954470791779,127.38249535933002,12640199894.724522,0.0009872901425935
1.9358672212161792,0.0567308048121018,2.857372627580015,0.0030322248155055,9.90979407039146,12.448998602669157,0.2215672605814423,99.71022937425109,12564103967.361084,0.0
2.4034413514469986,0.0526984431104323,5.6015193995047685,0.0432019160404947,2.969798567929708,1.5260900780811395,0.6147145402840454,82.15533702109575,18040263111.15177,0.0005057948018299
2.4034413514469986,0.0153045968086098,0.8523413885070402,0.0432019160404947,2.969798567929708,1.5260900780811395,0.6147145402840454,82.15533702109575,17557187145.465813,0.0005057948018299
0.6057887269683427,0.0569841790554071,4.2063856825300325,0.0216929972487592,3.2196877710793337,2.457009874251159,0.349352884447963,93.24342688574428,12017143565.168966,0.0007878248000394
1.8906704147614315,0.0228011736987102,9.103834549496492,0.00959285388954,9.277927706617524,3.377042717194054,0.5799822235516359,118.45002625583436,10523813592.917322,0.0
3.667811178929017,0.0734457190439245,6.876876154266854,0.0113679586482662,3.2262257910218657,6.721460028640843,0.2692739361556388,127.97160086009356,12787609493.170042,0.0
3.737622687308415,0.0270715438184356,2.16501152706319,0.0082662248507521,4.658114981885535,4.961965595253337,0.1616900283297044,121.75782279764488,11347888102.498451,0.0
0.981834713277879,0.0223513824668147,7.816264082469923,0.0241176692705173,4.084837481034208,9.624510527043304,0.1739202868411703,124.04768709525638,17746777014.61749,0.0005575677909071
3.995463986722807,0.0754898955393719,4.490316877461906,0.0107012944192972,7.692627750433957,12.205101524436271,0.1270126918927956,123.26061426252932,10655147639.393894,0.0
4.115137048565706,0.084207533358715,5.962421216528057,0.0012863614215899,4.370211492420625,11.55820778201363,0.473558874097339,121.13280565973412,11713352218.577988,0.0
2.879797034626095,0.0499358622506934,4.902688498848276,0.0062267696522578,3.610446414430855,4.282629099410717,0.046243351008437,129.7234977716683,14090006906.5077,0.0
4.972347830817699,0.0624347532599179,5.29175673429348,0.021791302038024,7.863687474735404,13.304685171169588,0.0564497877476497,89.82873977288278,19346444353.75752,0.0014539437059843
1.2138638127460748,0.0188632887544077,0.1443209059716539,0.096416964657153,5.4184447267188105,8.191025068774897,0.6407489596275866,79.87769724976879,14129371286.56572,0.0008795306783871
2.4575464018361077,0.0683947164273583,7.78915285100138,0.0139886353097753,3.0838284676639747,8.618329720337385,0.0934660517205064,108.88652609210456,14727679699.21643,0.0
2.373186355359337,0.066416430114961,7.518559086463545,0.0063631107337905,7.591257358317248,5.938434796826584,0.5352123668678015,115.55734865030084,17934252229.04082,0.0
0.4293882341844161,0.08815714617119,6.735479015605367,0.0821715553301872,8.750392695058117,14.408763822681609,0.3556451387288915,128.09340392628604,13582702704.937227,0.0005559438711605
3.0325681410173795,0.0608448459624027,3.3027481898196265,0.0422669902077484,8.102243467204408,1.8407957924289,0.5351330406160874,88.2910608178525,14675013544.991564,0.0005064026900841
2.017878809466082,0.0517172702105445,7.587644462681698,0.0152985039741617,5.371588915101492,4.869273411482049,0.5372019108250393,110.74762438210496,15353540102.548569,0.0
2.547516621649853,0.0185839971253071,8.155322827049044,0.0085090607853664,4.063038847402075,16.197360843764393,0.4439323897242224,75.52523391643932,18425158592.33736,0.0
2.028110772108993,0.067274206388818,7.8560485185256494,0.0064947521348848,9.072838471542182,4.733197101916917,0.7116403712116731,108.1761501538983,9416067523.45451,0.0
3.038948197779627,0.0327112877721699,6.301241253592807,0.0324674044631396,1.9377735465197996,4.219775609635292,0.2466610176866372,111.88121552947888,13158421500.13827,0.0012748441902125
1.2990657233198628,0.0521781147863438,4.794591343268422,0.0255493252386045,0.5010698775044444,7.601647741307548,0.3576206048428155,127.22378318919274,11009312621.502523,0.0011535284246247
1.6426459629457524,0.0774677980753399,7.908733385586109,0.0248900957424762,7.313985477730634,3.80428970576331,0.3233414180020012,124.56752440163764,19467465906.617733,0.0005838624406705
0.5459511495377881,0.0876075755800165,1.4210932852568947,0.004511567167306,0.874256503038687,6.327307503673993,0.2802809923254682,128.35297101404905,10237406407.32982,0.0
3.608126661155561,0.0930483586951035,6.438472814077095,0.0382564880869318,6.099238461669809,9.212333544887947,0.6880454231469357,91.26440029853184,18993154430.555824,0.0013847903759566
2.835823286467878,0.0645884306767324,3.6703201709978823,0.0278545963718294,9.497224793866062,7.5239934680713025,0.8121685313425727,113.46040605858454,14046083830.095572,0.0008351664340593
2.2302891452854348,0.0920631719072359,9.329044456629552,0.0050719980707825,8.106686975248053,4.235691862551567,0.2496752205812138,90.96138660274792,17440568793.958675,0.0
2.837252994817896,0.0646174976048968,3.6758402952463305,0.0278488500070105,9.493920947579303,7.517215104327113,0.8120968712160823,113.46482689193309,14044434671.002071,0.0008355732859653
3.5895748118825086,0.0739575677716709,6.839820911772934,0.0108672553185113,3.305765493962192,6.896469522844248,0.2619139971027233,128.31384416324912,12777908418.72982,0.0
1.278125191179906,0.0183715316107014,3.828470057721659,0.0053419973718707,6.032442653933783,5.420821143569815,0.1844193920559586,110.95909164328926,10787914776.019247,0.0
1.258896310543233,0.0824278669873021,1.95393042958924,0.0145436100156332,3.6190934935495305,2.9892497698715568,0.3123859172275455,105.20672965745914,11875287580.379889,0.0
1.442026486052677,0.0326639831529206,4.162238964858717,0.0415943322822501,1.4180456206717535,3.403676787225942,0.762688032197192,79.0605023877697,9614595088.993608,0.0014172472499709
3.223312813117931,0.0926941920459194,5.69329734070524,0.002142757147502,2.762541628866588,8.482843153688808,0.2649602929101518,117.05544166526896,13980782276.028366,0.0
2.474244596799977,0.0628073110273311,1.196615443941366,0.0322670740270551,1.257141222671781,2.022130283292813,0.5077334878067088,65.54473602988921,10915135132.488665,0.0013129964452854
3.99229155636312,0.0854343650640613,3.1110132752531343,0.0400278283965958,2.2789385806467544,1.9470706410217595,0.5260526505214174,123.6440063147822,12890488824.892193,0.0007490981866981
2.525960397033064,0.0465842549494726,4.729213145205635,0.0191916383508393,7.718175659328698,8.985010995676522,0.7900758713331344,120.08656294772447,9764368982.935938,0.0010073322842443
3.9199882396573673,0.084757135344019,3.05105703656608,0.0404384312000935,2.3580300330020263,1.961773411684661,0.5298238533177352,124.7577058002854,12979031260.764605,0.0007467058244937
3.340082546169566,0.0343918237375813,1.938155829950876,0.0284294271301839,1.4423333962873657,5.053908432042921,0.5843812042433192,106.15055603836925,10169786010.5044,0.0005576647942668
2.768713038943935,0.0786363446757466,5.163816666172694,0.0181185250874887,1.5079835241876065,5.6810559158965575,0.3884289259798708,122.57965508469792,12638998087.839811,0.0
1.2910195665373254,0.0160393890990126,8.432012695932299,0.0204391445684832,4.905269129853419,2.929918715793832,0.5424613049241832,129.7725241163797,11594511235.142056,0.0005787979613606
3.394391550344958,0.0544366851527304,1.1871991273205744,0.0437946957217454,1.6919729491424793,6.327568584075888,0.5735597464413845,85.16432019303338,15166885237.145008,0.001235824629782
2.749961457623818,0.085981280391912,1.2588189349334316,0.0229051529496069,1.7145104819023644,1.819766302011439,0.412040850413966,108.42683371769972,10877983315.483427,0.0009507911078446
2.850262059540925,0.0243344435239585,3.3223612979946218,0.007300993127441,7.125217569785415,4.2417473645994,0.6701775614544585,127.08726598952364,18086917790.24203,0.0
3.9194540845362993,0.0230491928292817,9.80455297943182,0.0156151976256469,2.0424913978039574,3.507799616738797,0.3013839015249007,107.73349827867628,15545523353.534254,0.0
3.04039263919692,0.0598885918588909,3.3557874540471437,0.0400243819524652,8.12385343012325,1.909208189220024,0.5520816826589444,87.67561596563398,14443608663.345482,0.0005084249255628
3.761977208676255,0.0473369420631643,4.294077832024687,0.0067173827008783,5.89462857272524,4.934068398409352,0.453674998509751,121.23201670946476,9948037938.84126,0.0
1.5098410287013282,0.020032590462086,2.475548170104943,0.0167752541068588,2.1953903055171478,7.716271480791037,0.6676311661068443,109.9716362603188,15082220631.363695,0.0
2.7408047872158576,0.0531134020643059,5.0915368378644015,0.0558161226685324,2.9155658319639453,1.272955769141679,0.6236250879848294,67.84931435173608,11997314966.013304,0.0010300151700874
2.1180959990205057,0.0519181443275724,6.851426250807972,0.0093852520942343,2.6250335931496207,1.9761200977426785,0.3842366555389028,94.72443184929716,9645029725.27266,0.0
2.160287751177786,0.0499166836772759,5.635821485872631,0.0142160895161102,0.1753586269550593,7.84816538479284,0.7705304243310267,124.6646992176982,13814310411.893011,0.0
0.3952173847383314,0.0542657283405721,5.4636837703481165,0.0102482086924079,1.3940868711317915,2.879419894160568,0.5028396946527677,102.85333928162488,12704649600.727472,0.0
4.534680437131886,0.0678137665454567,8.16199660296698,0.002736756682421,9.327851313369502,3.6099433231112696,0.3042610410543935,98.4591559450159,14156399360.811396,0.0
2.6628562306025056,0.0775575064462711,6.090912773131104,0.0162099366950875,2.101581294321595,14.010064680006575,0.539537193335367,90.2387031563106,14131588012.302996,0.0
0.981834713277879,0.0223513824668147,7.816264082469923,0.0241176692705173,4.084837481034208,9.624510527043304,0.1739202868411703,124.04768709525638,17746777014.61749,0.0005575677909071
3.339120385673022,0.0624673842026329,5.992993457957954,0.0070366929998797,6.067138365582332,5.698078826408846,0.0327002301765116,124.94622310218432,12416585651.840729,0.0
2.85533877675525,0.0499898511726355,4.996710557403238,0.006306369543721,3.99366828023584,3.8437246489219192,0.0468372472363835,129.9944636994907,14218602605.581312,0.0
0.7716711349464944,0.07172201412296,3.399250332705154,0.024371113386221,1.181470151054431,1.731796860907478,0.390129167748538,72.42620242306445,14471648137.551851,0.000947107885182
3.6182985525533047,0.090540359845851,9.34440830741171,0.0926911310492077,6.302976134640034,1.7190437874812403,0.6751629535224857,87.08721084401807,13426533252.807043,0.0013675376176611
2.822660816125229,0.095253412279437,1.383184028107392,0.0420196401533462,0.1671489365822192,10.284906830050486,0.5497134429091856,124.73503210339724,17934383641.992023,0.0007926396731147
1.1376816655826425,0.0588187260054323,7.918399806834305,0.0272565877609728,2.743429865626748,5.070571680657362,0.5870561452181732,103.47923280439996,12480075494.921535,0.0009245967931871
0.2653194303595202,0.0533042066697018,4.3839149003096,0.0291689661800342,2.541734036081544,4.887934208026621,0.6447090723042591,129.21903909700234,9337583618.53584,0.0005765021183637
0.5663429414322659,0.0337053359024402,1.0249840277228452,0.0327895859482753,6.244742796565926,3.774241367937947,0.3109187749628653,77.65038217620273,13468212673.858404,0.0011771252334051
4.163390876252572,0.0762491516843835,8.461373400907474,0.0041202559776981,9.40529040072832,5.908805575291211,0.1061631546572669,82.35642117146301,19255828271.74608,0.0
2.180680759807618,0.0688778394077944,9.331292225376334,0.0092987890841319,5.1164583090537485,5.22556370073355,0.3104948822353597,93.75998242671974,14649143821.987885,0.0
3.8677129314484575,0.0856765429941345,7.669372515734167,0.0102953744919359,7.092810896102025,2.8662840186439227,0.604040724357069,104.57304537770467,15331984365.186617,0.0
3.033890747428732,0.0878328166104522,8.383549787205197,0.0134496298499491,3.445097633444254,2.911052334818411,0.6636347139591164,124.0082869708656,13297353249.033829,0.0
2.817222382714636,0.0913176776172249,4.309482630122429,0.007122790419888,9.084649095223265,4.0849327023127,0.1583720466508728,123.03131501361356,10039791837.786882,0.0
3.9199882396573673,0.084757135344019,3.05105703656608,0.0404384312000935,2.3580300330020263,1.961773411684661,0.5298238533177352,124.7577058002854,12979031260.764605,0.0007467058244937
1.221779844980276,0.0637159122410205,4.178590951249586,0.0142476571019547,3.436591705086387,8.073766538770997,0.5524295502863191,128.5717078606114,10861909990.808878,0.0
3.119200219367399,0.0888268262690363,0.5276093637175376,0.0644739148512936,5.501159646968982,3.355826212127745,0.6245595707143617,127.01617317540553,17353206912.693237,0.000942076059674
1.9166131209936783,0.0729202106444181,1.0309414909269392,0.0049644610174379,1.992437834150016,1.7021435917546135,0.1695839412385479,122.71882124501988,9637289547.49624,0.0
0.2745404890642693,0.0409754384230942,3.725601020216095,0.0085161624423241,1.1709470426960418,2.1606734551626943,0.1141760336386809,95.06084696506062,14422514662.767645,0.0
1.5098410287013282,0.020032590462086,2.475548170104943,0.0167752541068588,2.1953903055171478,7.716271480791037,0.6676311661068443,109.9716362603188,15082220631.363695,0.0
2.681265303528256,0.0346312709707451,4.457734268273456,0.0149103098801477,4.915096898271214,2.983003501028635,0.7094247183323259,110.89794808597628,10174236112.607214,0.0
2.323255076511406,0.0725047569516405,8.999504908780686,0.0098322545864355,4.092630076591166,5.3508761701571625,0.5305751612954064,122.12419899412724,19782986654.139183,0.0
0.9282761593020058,0.0165920905474825,2.0509197307719584,0.0186742276454341,2.3901730108906984,3.671444459652484,0.4172794264243315,113.9663003901572,11399120690.089458,0.0
1.6112664061611164,0.0842018523911184,3.1856182056548463,0.0289300002413459,0.4936962677671616,2.189895531020765,0.3214448231047991,117.62718957639808,9286108382.712276,0.0010804923897176
2.4451236804172534,0.0759074577302332,4.622124931396485,0.0210065966151306,4.773804164848386,6.796797560348727,0.4685213168722362,89.46630096540568,12112262727.9931,0.0006417784602923
2.9316039987945044,0.0514772244980422,4.602030205688385,0.0109463044780774,1.2499638438454417,6.654119816423042,0.7583673010774162,121.80450232727452,10816305313.614853,0.0
3.596575647882655,0.0912259764911495,8.728747548328071,0.0070861056932412,3.139565213826226,7.620000507162544,0.2562683810600181,68.20602840751879,13966145693.769466,0.0
2.8434820643358454,0.0802121494536492,8.073836059530418,0.0178412872734612,2.915257526771989,4.224655165565429,0.6472524496600607,114.3168181996719,17760476535.880836,0.0
1.2040570245065048,0.0376718973761417,4.113050910982347,0.0202260835187297,1.5734080953739609,5.9034398435133815,0.7328867713997307,93.87345640400896,11806773969.693289,0.0007989179013626
1.6502558550437485,0.096531272106156,5.556127163598648,0.0141084900414756,1.2338810935741005,4.840897401947725,0.3925374441679773,104.29481853866774,12275802473.278864,0.0
3.5201353030784013,0.0976910060796953,3.80725767096802,0.0098702503559093,8.614843109870376,2.045682518973845,0.4185946482285333,128.5881588352345,15595202528.535578,0.0
0.6801535995915365,0.0615688595391696,5.594862013916768,0.0031460161091512,3.598631548910142,3.311319094324567,0.2036663874939242,74.7114573695373,9527178376.46273,0.0
1.4761009232977027,0.0126457594625418,1.0654371722730172,0.0182590861611428,7.986145482511328,4.111280066201944,0.7239720178813995,120.88297470525534,11420592030.58608,0.0007071617869316
2.876015464990856,0.0554960151663579,5.046054730947408,0.0553388049254123,2.9996334111125065,1.2926710052279091,0.625961925869311,68.19913784296241,11927782480.96298,0.0010476261417788
0.3072394248535537,0.0538274816837602,5.465744062956873,0.0105569289396399,1.0685134108766927,2.813959233396552,0.4865255109211113,102.12954547705628,12718222267.779572,0.0
0.5676178064475795,0.0394463979642047,2.959437921525074,0.0363058756703998,2.3312567377500546,1.1583153067330016,0.5763776980179416,123.52016848013872,10679555507.513325,0.000565979359998
4.420383256639434,0.0928763296865299,8.38269395985269,0.0145611149559774,8.292086870545424,1.5100989017325577,0.6162916272081038,97.56497076339872,10593145618.72861,0.0
1.0336147010913224,0.0645322165356856,0.5426937913013246,0.0124550574068738,0.2265173143466036,1.3516740873823034,0.0763545022486171,113.5082437115024,10034954195.195938,0.0
3.360110510625384,0.0222749926009806,1.0096071706443026,0.0389384672498729,7.146219139121751,1.6128353070812496,0.8165578365153873,105.5956100486157,14028853658.1491,0.0014116086670691
3.028970176807337,0.089145592080769,0.541820898003342,0.0640589002115988,5.42085298916923,3.47780285891776,0.6220559687320589,126.75192806842335,17476336491.02814,0.0009462971982149
4.369613495406174,0.0246263554355698,4.635550227163189,0.0519830965038364,8.556999978787625,2.8690210103943583,0.8406840354557857,82.48479154235747,13751048191.492027,0.001263249180604
1.1366248949084672,0.0222647838646213,9.532655682934417,0.0415300624785907,1.950067964101704,4.035735691033859,0.1523856940910927,117.02829261314838,14379842018.56672,0.0009803285311032
3.158596686867469,0.0910311378583628,3.4790942115334773,0.0037086576230811,3.5140314386940306,17.56901786820396,0.1728381027828602,112.33289135296975,16394680784.991524,0.0
3.0071161111506903,0.0749430351596409,0.1683051811910537,0.0011944832071264,1.881647447557228,6.146347705782952,0.4863891130855348,124.31654485030626,9162873625.262262,0.0006784692826616
4.553707926623071,0.0418625833114527,6.052637063238362,0.0375253947420723,6.343307986481664,14.06521571209574,0.3907120328905452,119.871428431774,13139961869.81998,0.0009292410661915
3.700690845345521,0.0431793789148241,3.995880244366595,0.0089963728717692,2.6550570036245804,1.7627765459369948,0.1742331059073197,129.6626257414824,11166534445.481833,0.0
2.648724004556302,0.075764750300793,0.3014912090828009,0.0122996129025396,0.620818553145805,1.321319404130235,0.5098427359021279,106.84471245388752,10580593782.044085,0.0
4.190421730063894,0.0757532181431661,8.597341868410735,0.0036683333429548,9.13605718880262,6.107952655181811,0.1091526367218735,82.50743344248382,19210443233.471645,0.0
1.3628389616063612,0.0627254092796888,6.212051001637361,0.0037857754089842,5.66526051239134,5.455264129022109,0.1664652344884818,111.39326698207468,10711501395.46785,0.0
3.868274664052845,0.0984037566382813,5.098394566602793,0.0014009414653672,4.621018337886452,7.758356050810788,0.1481508882931891,126.60599065641762,13452095957.63185,0.0
4.615885391370782,0.0361723704454478,6.427591072674806,0.0557020370219466,6.407400687765814,10.432887362915382,0.8217025945971452,93.39613342403564,13543749743.36377,0.0012740675309843
0.9063435811953248,0.0719181871191166,7.498153320139739,0.0077962340909583,1.8967498665207665,6.121333107357449,0.6110691120077516,122.08850377208113,9238909411.598211,0.0
3.4150780884030336,0.0940571432883266,0.1341606306390076,0.0925813564541329,1.8322276948827243,16.62182889062441,0.7035788514218246,92.2859751366432,13753126781.847843,0.0007524372572126
2.7037290681512407,0.0558174249229016,1.3839731279014922,0.0379128637962382,3.804556593967292,3.098280508384237,0.5398663644637425,76.00283679838115,15468177411.117718,0.0006346736086579
1.2028107753644723,0.0203106255683723,3.8315674495481535,0.004002686244083,6.261226684180925,5.217408096900712,0.1736326793621473,111.39061077652156,10614754250.289345,0.0
2.0420518586656056,0.0679066791219145,8.905714641609325,0.0089756361331768,2.7170239934389797,3.618710569561394,0.6455066789390508,112.01568793835052,13148416602.35801,0.0
0.4293882341844161,0.08815714617119,6.735479015605367,0.0821715553301872,8.750392695058117,14.408763822681609,0.3556451387288915,128.09340392628604,13582702704.937227,0.0005559438711605
2.794205373874627,0.0173916798067647,4.0245486332549065,0.0107415995430633,7.9838168826572256,1.5496003554945474,0.1651999542590025,120.88059782121456,13133650068.272884,0.0
1.7282383870694835,0.0657981922654058,3.4740466855569814,0.0167346812894847,0.4326159287507563,6.922754150381132,0.1601910583234422,126.97210464185406,10583699606.98751,0.0
2.876808413184706,0.0901840994720751,8.37301813926151,0.0134685823699683,3.455406940839716,2.9730154513121647,0.6612230819233282,124.05835840863205,13323096989.109238,0.0
1.9684370745025053,0.0324433507109902,6.79286511623765,0.0061150728557212,3.657104396260175,7.431161638690957,0.6933113035590445,82.667622210598,10159728451.120464,0.0
2.4404757502162955,0.0311408436390934,4.1556899204403,0.011872273991407,3.544924466882577,9.66361054835394,0.4763428048630291,120.47752771450833,11033418752.356144,0.0
0.2443119369512308,0.074793941820217,4.94587601740488,0.0231266316531168,1.2866799860829623,6.370707606074734,0.2638695683110223,118.27288072455508,11376780886.138033,0.0005931379111213
3.1367376162360845,0.0826709946331688,9.908811815956804,0.0247867858591064,7.860090581936893,2.975042925723671,0.7658622545744577,114.30881503958712,12977095907.70734,0.000825527821447
0.9342363722115352,0.0603461364424807,7.258297443857316,0.0287611921319971,3.9801520936586985,4.317607457332963,0.3700588243776396,129.67193193884663,11391617166.014648,0.0005052463249559
3.60281641634172,0.0518274427032138,9.97578140729984,0.0013141068138199,9.773960806705354,13.411380959615816,0.1174902957312624,99.46559265244544,16720525208.593723,0.0
1.1126992368071371,0.0741407860405084,9.86571477651012,0.0160957235442213,3.2068201959325155,11.599602517954818,0.1738698365736144,91.99280379722906,19844178529.218727,0.0
3.9996791582034255,0.0705320125349178,2.131256583508313,0.0308591655501925,7.297529310064329,2.830971200255024,0.4483813327877086,75.16253009163916,15760103070.574352,0.0010332984629302
2.8434820643358454,0.0802121494536492,8.073836059530418,0.0178412872734612,2.915257526771989,4.224655165565429,0.6472524496600607,114.3168181996719,17760476535.880836,0.0
2.007146982298876,0.0260951021048724,4.129502461281743,0.0633834333285607,1.2854692061146578,7.152634727155512,0.7042609063188537,62.836055633168485,10407694843.329632,0.0013787338853421
0.7030844214362516,0.0345248555564027,4.773877810197922,0.0102529582853907,1.8649800337045568,1.3818163391088234,0.6307992422445844,126.14951758752522,10230592814.009502,0.0
3.462779909965519,0.0941635441382436,7.656352903144564,0.0054461445707693,5.783935383983067,2.721193170282365,0.5950574340625157,121.08031915315009,15140752151.17172,0.0
2.791102716149714,0.0394489329747643,4.964234163017835,0.0095140635150799,5.646364667117754,12.600092382084416,0.3789124295709024,86.33659809383924,11683169023.50064,0.0
0.9368080852603444,0.0938253556131219,4.543688314838925,0.0116236817789085,4.184261120487498,10.123429726683694,0.1227149836957308,110.98231286127516,12509369133.854065,0.0
0.9205711842326476,0.0226890324644536,7.671217203153291,0.0240756514192976,4.23594995673019,9.961592106403106,0.1656880407802746,126.643369845637,17493879846.347855,0.000564432809141
2.8861154567359764,0.0287628543080584,2.3398537915970863,0.0129146116323291,3.4055518724210803,2.9518449229424606,0.6533204076140747,122.69915064074893,13403040093.404938,0.0
3.059625187714499,0.08902170537427,9.235700702703994,0.0421244228032385,1.9729415728182864,6.271631101267813,0.823261646157759,71.35493558819914,13689751179.728872,0.0011364384291453
3.118050060611314,0.0312787405946724,0.9498899611297236,0.0473994399621648,8.140190163078836,7.753914775362725,0.5206943661308582,75.19376831604727,13695014006.212318,0.000922913686241
3.3389974507526747,0.016962939575275,9.246364742388405,0.0109671199043307,8.628983495917149,16.84113822556878,0.6239065088282426,80.75556718273135,15990157705.05682,0.0
1.0503045399126572,0.0455844814090119,6.589761081358236,0.0535350034891646,3.513704277127425,2.440370896088379,0.5683320205518496,79.09312400829948,9583743736.937395,0.0008152175064304
4.764122806011838,0.0888942699198257,5.1667246793934645,0.0073053978992893,6.281020164834724,10.739672616113037,0.1804856765551808,124.89950189067856,13995015881.935965,0.0
0.8469665905295621,0.043352461109527,5.196344163779229,0.0086896568413814,1.423756280243532,2.187905568959042,0.4470114172268474,118.53199602797488,9973723756.54404,0.0
4.345341640596245,0.0916334679486257,9.944775803929003,0.0021565588866917,7.231531094117406,10.192025834484037,0.0322849489476037,100.88148078787182,19822042093.36102,0.0
0.5220165740631065,0.0168269034165788,6.551547432639706,0.0201116638644763,8.140078620745976,11.74700703986416,0.7052872724329499,92.64474410754656,13511912896.911182,0.0013876734336052
2.0420518586656056,0.0679066791219145,8.905714641609325,0.0089756361331768,2.7170239934389797,3.618710569561394,0.6455066789390508,112.01568793835052,13148416602.35801,0.0
2.835725198313123,0.0646176097353398,3.6737058165802434,0.0278711940847914,9.49700217111532,7.521623186544175,0.8121199440215526,113.47326262141414,14041713110.58694,0.0008352890838961
0.5934450989832594,0.0866041249588696,1.3740992587964225,0.0052251996285536,0.7686568183352352,5.96958743252311,0.2903656665170611,127.17513551431632,10356748263.180456,0.0
1.2280977177667391,0.0283204335000775,7.964077359929477,0.033941869646206,0.7152803455003716,1.2331885832411371,0.7491557176906071,99.444787339434,19457268231.668262,0.0006020355950208
4.868429521577139,0.0742411676348035,6.123093445754916,0.0043064036458526,9.518790867867164,1.3954517202422618,0.4345680882571537,95.93131192295888,18361993204.053604,0.0
3.216958259766292,0.0562527137728492,4.184170300918968,0.0030651397765749,6.969985897483504,10.27267238770753,0.5356834382271901,114.00669872805037,16047599853.009394,0.0
1.8906704147614315,0.0228011736987102,9.103834549496492,0.00959285388954,9.277927706617524,3.377042717194054,0.5799822235516359,118.45002625583436,10523813592.917322,0.0
4.234488662482244,0.0442527139066211,2.713424554527046,0.0203890134518359,1.923619981786404,9.062738376078766,0.6430921039543059,121.48406324891609,13794820063.867563,0.0008808787664583
2.36505014490728,0.047478277019742,4.504370334012211,0.0105038209570176,1.286766927968812,3.166395055320433,0.3722442986421619,126.0766537288362,11981932613.428185,0.0
4.356639938886771,0.0294970238716832,1.4085680568224492,0.0540235340731938,8.653914781208323,9.98724891976249,0.6228036665727207,129.80656790462234,11790154654.568329,0.0009729513265816
2.863275117852896,0.0984182415128824,0.944734820218195,0.0411756003794856,0.5536110989055615,9.255851401616198,0.5254951648311097,123.10448980376556,17799653988.79339,0.0007934976952943
1.1499889097961995,0.0298568101080603,2.9765415867197733,0.036146517075296,3.4348220982717343,1.003880244168358,0.6805098883817804,107.70386337425464,19268578702.923584,0.0014454820732597
0.6390113026614676,0.0279475539626015,8.107062002556273,0.0078362662275032,3.224212986862332,2.1388923809009324,0.7320356772326279,105.68295203278022,11428098716.03433,0.0
2.050259305610281,0.0660964136490742,8.990512964741317,0.0082872898057814,2.807377852497066,3.488044143303283,0.657394343748312,112.04593560377326,13166162891.234652,0.0
4.163390876252572,0.0762491516843835,8.461373400907474,0.0041202559776981,9.40529040072832,5.908805575291211,0.1061631546572669,82.35642117146301,19255828271.74608,0.0
0.643220040449614,0.0140119435876786,1.22619078361803,0.0112645431251109,1.8154823450988968,2.595877685041565,0.645601128641767,113.59247311725478,14887116568.273712,0.0
0.8873087879229111,0.038002241148141,6.391233510193866,0.0050333508417946,1.116707954484386,3.740594252986391,0.565495575289266,107.21831388905228,11154438525.971403,0.0
1.2280977177667391,0.0283204335000775,7.964077359929477,0.033941869646206,0.7152803455003716,1.2331885832411371,0.7491557176906071,99.444787339434,19457268231.668262,0.0006020355950208
2.375703713156415,0.0352070189625668,9.145544804321109,0.0307034221422562,8.624584980610168,9.164178521001512,0.053760119694782,88.75821798610167,16888424042.1525,0.0011024520425462
0.581991459619393,0.0130828209315154,6.761445517484939,0.0482646151193115,0.1009699399271601,2.5119914518752644,0.6661603632763422,78.81291294810022,10705387611.247496,0.001077055583281
3.118050060611314,0.0312787405946724,0.9498899611297236,0.0473994399621648,8.140190163078836,7.753914775362725,0.5206943661308582,75.19376831604727,13695014006.212318,0.000922913686241
2.962037487175761,0.0292728626945535,6.348070919968086,0.0375424060610083,1.7125605326861395,4.269992538643243,0.6861612351181737,97.13259180048937,9876457335.764055,0.0007779400036791
4.719373419417796,0.0930291048389561,6.803088316676013,0.0219937346433697,2.19475760264291,8.770932956099465,0.0560758678756715,107.1248077241992,13848347525.73543,0.0009104016952175
3.662593114475244,0.0446671452645499,4.439508298326912,0.0175083468638429,4.650581526370735,1.3235824600619508,0.7380740548651316,112.2997865357632,11792689966.554531,0.0
1.855707834027681,0.0920890768553494,5.93664535378127,0.0046745620119883,0.8794613057656506,4.858621169316657,0.348182454771358,126.9220902938076,10847549638.192469,0.0
3.560478169840079,0.0702813124989948,7.518680478259706,0.0122438074905614,6.261026975751383,11.791481679487838,0.0667165475751974,111.0742872822168,19473521277.233917,0.0
1.8542440628116037,0.0733147365851498,7.896264599635148,0.007001017150595,6.777960859996418,15.20292239729834,0.2066874350545465,109.93197636672004,15807239904.185484,0.0
4.401356887955639,0.0795304743880393,3.660956430896532,0.002132040506786,8.1185277000819,16.76403636102983,0.1551387282231603,117.475161790265,13878878280.555777,0.0
0.8490360859392624,0.0433029446437768,5.190836096400626,0.0132351525444297,1.2194799614076328,2.2481438897396964,0.5372845915727124,119.12373966519978,10101294161.814018,0.0
1.775307201447854,0.0608458631917948,2.5483057669578617,0.0170465959637111,5.777310880594896,3.17928446353126,0.4461513546604982,123.23483846081768,10291340896.930777,0.0
0.6057887269683427,0.0569841790554071,4.2063856825300325,0.0216929972487592,3.2196877710793337,2.457009874251159,0.349352884447963,93.24342688574428,12017143565.168966,0.0007878248000394
1.9285171986358245,0.0933909936101763,6.105327015730796,0.0029252568407918,0.8939055167824094,4.885433125700804,0.3369766609341715,126.6928613094702,10829709096.432203,0.0
4.572961523789176,0.0848226845337607,9.201591528415122,0.0065916337631338,9.781902846594951,5.564201741100345,0.513494115236285,102.59159248810904,11412081666.396854,0.0
2.550335205117678,0.0767746900470297,8.760762503276624,0.025399659574382,1.2545307326397457,1.4221316764166958,0.7533369565577297,73.42909078354606,11957836247.060738,0.0014214157539725
0.981834713277879,0.0223513824668147,7.816264082469923,0.0241176692705173,4.084837481034208,9.624510527043304,0.1739202868411703,124.04768709525638,17746777014.61749,0.0005575677909071
4.972347830817699,0.0624347532599179,5.29175673429348,0.021791302038024,7.863687474735404,13.304685171169588,0.0564497877476497,89.82873977288278,19346444353.75752,0.0014539437059843
1.2592416779763729,0.0824232387527055,1.9533746077197056,0.0145509871091697,3.617544936586597,2.9914655422373384,0.3124938211056731,105.20704953931272,11876393976.81004,0.0
2.325100162719889,0.070004368345591,4.07951544631942,0.0221067487554651,1.352940651779337,3.893432695775047,0.1964085264659181,117.391243209511,12557661112.032324,0.0011663057081863
0.8271333311918174,0.073338890639024,8.583055463300083,0.0463739888770551,0.4650450068413135,3.674417860658937,0.4604134566289936,103.5239009796784,11787916619.75164,0.0013675784256228
4.371494935017247,0.0862930958498905,5.110464997631981,0.0156533834268063,3.253074105054277,3.540441066733873,0.4450870093120763,115.95362274227809,10496495645.246653,0.0
4.356639938886771,0.0294970238716832,1.4085680568224492,0.0540235340731938,8.653914781208323,9.98724891976249,0.6228036665727207,129.80656790462234,11790154654.568329,0.0009729513265816
0.160999430609709,0.0684858548081776,7.674997230772547,0.0085613978721364,0.5283525575126404,6.092123698767313,0.5072380347399303,99.9430849298118,14209482536.183128,0.0
4.91111381529118,0.0757996242581011,3.8314870875237226,0.0217990458366951,5.143927598162786,13.57377174546082,0.0999138134466026,118.80680321525452,19803904150.73571,0.0005474426617479
2.485379686492009,0.0314335294835674,2.693112269514154,0.0057640995781639,4.12547549761166,4.98707629865664,0.5837555716058932,95.57816150339642,9457533570.404564,0.0
4.4529343485769095,0.0905240752386667,8.888605619181199,0.0135491596423896,3.692843309822623,10.379900483869958,0.1072034565820401,108.51879638942358,11983029076.487017,0.0
2.734077586755548,0.0807529059206343,6.670424823036584,0.0219795451318167,1.2865421427673045,13.146880254457628,0.562822570927317,127.63809992378728,12627100305.989412,0.0009830254479555
0.5886455044925668,0.0199715098561674,1.9655773117135256,0.0173054197730634,4.500222076174512,3.301297566834608,0.2341256639001466,110.25144334165178,10839305826.040174,0.0
3.0675021659003243,0.0848237599984006,7.192068765616217,0.0127834869190013,2.4830018682789845,7.919362702843796,0.1898872715568823,124.6106387072799,13255513356.92015,0.0
2.242306529350282,0.0983151845084829,8.076597453522579,0.0120458194397406,1.806439613662088,7.152583934660895,0.1544039437236291,105.10269437608896,12458195583.120329,0.0
1.954162381704514,0.0909268821707341,5.833258323304657,0.0060472053838376,0.9530282629525908,4.99874474782158,0.3538269992842778,127.04980176917724,10830455066.85962,0.0
3.6056944361102703,0.0607838808204392,7.965334887816635,0.0058226019679767,4.121767769954805,6.238732978791317,0.3670689181898358,113.21398206678488,9368866267.299109,0.0
0.2611629879083332,0.053296459637193,4.370077171886768,0.0290506329820395,2.586831842981622,4.8965317781434985,0.6443902345076462,129.25955418047477,9321401415.006905,0.0005767841162933
2.319231395411812,0.0742113382731354,9.3040107025086,0.0163031496469063,5.757238932079216,4.026019547756875,0.5369052921195213,113.07181307013516,18942992570.62801,0.0
1.691847398188658,0.0774526527750408,5.699011538060241,0.0489355115393461,1.6575316615025046,13.316191567594863,0.4514309018035871,116.3131607069578,12825983663.70355,0.001041529368053
3.128967212464857,0.0482376133157372,1.661691740423496,0.0196328375999877,2.397537509939655,2.945351325140327,0.1054348983564413,127.76870642358034,10377324273.45102,0.0006073562620526
3.1646881566158096,0.0298566178128244,8.168374421754262,0.0085249749432814,7.6092724790561395,8.289304886029166,0.6027080650851189,74.1898953639506,14276572035.85656,0.0
2.995660875583627,0.0582466147697986,7.935998541690852,0.0232999084360671,4.543152768492454,1.6420831207946875,0.7972484325403238,116.0869530534176,12242761611.991545,0.0007260442447208
1.770373439153587,0.0788736108363033,3.547869912357205,0.038598812593356,0.5845794965893841,4.725254237252035,0.5910098524637484,108.65228417785931,16865994151.739702,0.0014152369711982
3.557110347261422,0.0617149776057136,3.58862239590236,0.0041211410525489,1.476738861163811,2.2685869164009347,0.5557028839691924,126.3766409752979,10191385856.739952,0.0
2.790551904535401,0.0394854357645601,4.959609739028959,0.0094716325983391,5.646895751709656,12.604916665283682,0.378793438669219,86.36113035114158,11682726624.384687,0.0
1.4019649503669211,0.0381853343600365,3.5230493691546045,0.0130917934687313,3.4652445780268253,2.7109994278357803,0.8323297758199355,128.90627485771446,11952840232.848104,0.0
2.032356520695959,0.0528882464529446,9.253464737549807,0.0272199518442984,2.558296922585686,5.094207021342416,0.654624007900134,129.77041201016692,9298167223.883747,0.0005680126606586
2.8807979348300914,0.0557738768688213,2.029683592149127,0.0121261633633257,9.62733681353203,17.492655421351703,0.4554845487571511,79.28918688464711,16018329342.70746,0.0
4.133711955043808,0.0832971861825884,3.480520457547199,0.0163356450371628,5.772785213557846,9.09439217647148,0.2601577594226702,126.89595395936009,14921827199.2089,0.0
2.042505864910196,0.0746269547420986,3.881252821313676,0.0161077018814271,2.866687305140395,5.868546876330682,0.1937148118787773,102.91380311193998,12514020393.293385,0.0
4.312350523502108,0.0334749200563759,5.377476117971712,0.0327297218342134,0.6277710611467954,4.81791591546488,0.8086253353895825,127.20023144406296,9444402356.59982,0.0006844973841459
2.5131980432574443,0.031823472957617,4.998145940649479,0.017022920114073,8.391904322072453,3.016421646269528,0.8362081558123393,118.9215167967671,14422105887.163431,0.0
1.0474812990063578,0.0222625363061985,7.022659252165215,0.0292648685075216,3.231700339509233,9.27067745112458,0.5929148551037253,127.09381210768578,11572458763.353798,0.0006395882447705
3.2155058000797028,0.0341236768075141,1.6139786091005417,0.0301773739804931,1.3911007627919627,4.582796130800015,0.6000127271131727,108.19288468678356,10029043129.961288,0.0006092964283886
4.206422135315338,0.0976721196318883,4.300597170832056,0.0128535401041837,9.21040593263155,3.847860088297598,0.0590675634698409,127.44118815615616,10652835450.7543,0.0
4.328386427894648,0.0998945160665252,5.321063809249084,0.0082339390628285,7.177770264870699,5.874488987237439,0.5113581093968621,106.70984069744917,10132132837.82154,0.0
1.9358672212161792,0.0567308048121018,2.857372627580015,0.0030322248155055,9.90979407039146,12.448998602669157,0.2215672605814423,99.71022937425109,12564103967.361084,0.0
3.487611405040853,0.0641250928459062,8.941302103009551,0.0068814616307171,4.691302708357699,6.332260334671427,0.1101169416701652,114.62593341321087,14637323380.174095,0.0
2.5859987509779065,0.0718096388220156,1.9224508124835136,0.0593509877891929,3.520242669607687,5.45411461996551,0.5313655202551447,104.14396451240826,13156658251.26422,0.0012989877994627
3.700690845345521,0.0431793789148241,3.995880244366595,0.0089963728717692,2.6550570036245804,1.7627765459369948,0.1742331059073197,129.6626257414824,11166534445.481833,0.0
4.929552515267936,0.0623990992221709,6.560768033669247,0.005595440238044,7.609843842054298,6.497833697521217,0.1573175034916628,84.08633402764488,16278262405.676022,0.0
4.600267348978652,0.04106427453354,3.08847742186532,0.0249069743401118,7.648065209467188,10.858214555735714,0.0350938343549605,91.13578968802884,19055381241.12805,0.0013634387170278
0.2178037822532491,0.0164846589015596,8.839626579403838,0.0061700410492419,6.542789007187244,7.896704238916642,0.8303382521389697,93.21398942806124,11993626823.247932,0.0
0.2463959657675883,0.0746803975326242,4.937757999438307,0.0231573195514801,1.2847378831491516,6.3628842303166735,0.2620022469034428,118.3784119551697,11314888632.772726,0.0005995249098011
4.852669573146931,0.0148942009306268,8.224774797674588,0.0685851513786865,6.146529548453461,11.208024864949072,0.7441507752599045,92.05080661797686,10973162193.370483,0.0
3.217045906635325,0.0932297339439356,8.398399134816744,0.0251104369347664,3.219566776155524,4.836255390765127,0.4455054574530322,121.0667826148647,19894920085.985413,0.0011087921533462
2.146767873768108,0.0885581316621466,9.995319616990315,0.0142633657715823,4.23385115890507,12.051805578684476,0.4862828807211881,115.79250311304092,15195610264.678722,0.0
0.3143080698820065,0.041125143515605,7.51167274636601,0.0231480054206171,4.827027857422686,1.4723304804268318,0.8187661747442784,83.61767520633055,14542916893.356432,0.0008065818586033
4.848089132660826,0.0942542322006226,8.219576084759577,0.008680658892443,6.521131401067493,6.664369998589606,0.2330522410833508,108.58865298593284,12918585609.677193,0.0
4.82276560342091,0.0904013349905572,3.4043498555090936,0.0030837040627823,2.143594693181782,7.436704963899691,0.2491111247938706,119.7493083215827,12556126073.437893,0.0
4.140646695252514,0.0800410937134,5.0988858078670845,0.0136815470484406,3.2174783669854623,3.5171223595718346,0.4584797471147143,117.11940217306586,10512925859.85437,0.0
3.0766106443358976,0.0815064348210483,4.759532226031987,0.0164647326908929,8.488980933117253,10.67774263724948,0.5398730100267067,120.56597161542088,17194495176.42936,0.0
3.6827126999089694,0.0276019151866189,6.417458000840523,0.0215884226955736,5.679315703982839,2.099170274131494,0.500433355202886,68.89859468198307,11015065221.651834,0.0011722950175021
2.1098231417939077,0.0872065086224307,5.97871361645028,0.0606539890366775,1.277248544388391,14.269951095446867,0.601596650870379,98.6561103614714,10427166178.66612,0.0009573963037335
4.346461016250606,0.0813681035636441,3.130483140759463,0.017349139235055,4.284536677139409,9.358593853192158,0.2928738461051848,120.35315116128676,14720694532.133476,0.0
2.748718165816428,0.0433338215821018,3.7331236412564577,0.0108317092417818,6.060254857234026,5.348110732212939,0.7228617410084173,91.91997882666168,16590375801.398584,0.0
4.178439209097037,0.0192700630873387,7.837740065272927,0.0179945181221611,6.6731850544072735,8.051293768928907,0.3304764803707297,101.58885472860672,13950831174.943836,0.0
1.8683022458001453,0.0813196385850685,2.690365163766445,0.007514626800287,0.9636282153529664,3.7870948599558254,0.0917639035284349,91.15934126184638,13999021971.21071,0.0
0.2522723086647471,0.0745511773864188,4.919989606166413,0.0231170036212518,1.2956616581099647,6.380457309643795,0.2627608875741103,118.40135435907004,11338911688.178171,0.0005991286211962
4.543614303112963,0.0674977019039787,6.1511927050255455,0.0058069122255577,5.107543795966547,8.475340077550644,0.1951230771069709,119.57896851925749,14366363654.872072,0.0
4.238237443488714,0.018279804123994,3.5293607129595435,0.0074828649012069,7.019395115810191,2.2993883101351984,0.5271104115173876,78.51428616544273,18202483310.91142,0.0
4.153973420800265,0.0801306303449767,5.890459966313174,0.0154469057891947,2.0877434666604597,8.300574891795195,0.101007945106039,125.23026629240972,12817433719.906246,0.0
3.737005717249069,0.0270605043219979,2.165631399691517,0.0082607862421339,4.657478335971421,4.962286830634022,0.1617165983600841,121.76293590462546,11346237918.752298,0.0
0.3264238492768413,0.0576972447031903,3.599681485270197,0.0186169846467276,1.71798153907306,2.817496066101038,0.3896235339815017,101.8650744772435,12276060110.916662,0.0
2.1483112711239194,0.0493287491335178,2.037168082634662,0.0239318315837878,2.254656878096527,4.553226146911063,0.537370580811052,128.30504371575256,10687120959.738728,0.0006438066523859
1.420215246915976,0.061884183110288,5.5951004167738,0.0531717994795069,5.9195112495040725,8.14931785282737,0.5738150958387007,123.9132189563413,14190747686.942244,0.0005468591195501
4.896755676434223,0.0522968570361467,6.51088790720935,0.002921945714364,7.505460546921067,19.49427031888689,0.3562191951696556,101.66653392753976,15563206596.773106,0.0
4.019307016018911,0.0642739323156541,8.92214354463894,0.0828868116139638,6.40003683034769,13.218170767304596,0.3735352978036336,92.7455928174568,11393623167.49535,0.0013226064156328
0.6656466554318982,0.017307937192439,5.332800311087498,0.0146736566427574,8.424615816277917,2.862148176016809,0.198630914034311,122.41460710466448,12445432194.216932,0.0
4.510663048625411,0.0843966410599254,6.123476086694505,0.0128351389993921,9.449028123108718,6.894908543296002,0.1052989408928191,113.7518599339152,13167146229.034369,0.0
2.036428026704783,0.069786777220041,2.8135920842599327,0.0028244807347469,6.012194495873048,7.984380095831008,0.4950144485987809,122.19548974038688,14488084293.314425,0.0
2.505644905814812,0.0962179530845289,5.867637542347397,0.0264987320253229,1.8799441502579848,4.390263207568083,0.1841319897554379,83.9993756641041,11002120068.711931,0.0010111906610958
3.806587337823955,0.0842511468569591,2.381269188837216,0.0462799205093554,0.5114420475397965,1.6893640352374573,0.0131079353786758,105.38492042675728,11795108430.64848,0.0008086449490037
1.4386454567262006,0.0596143053198725,8.5667336360252,0.0290139325963248,2.50221889693799,1.8006861891979504,0.7157748283795328,116.44463642823,11937721877.252544,0.0006607610864432
3.734787792907496,0.0783892619593819,6.121932367510463,0.0228373016822461,1.701805045431939,14.84124877600278,0.3330977705639338,127.11419028774516,9426849502.171043,0.0005650473067448
0.3952173847383314,0.0542657283405721,5.4636837703481165,0.0102482086924079,1.3940868711317915,2.879419894160568,0.5028396946527677,102.85333928162488,12704649600.727472,0.0
2.373186355359337,0.066416430114961,7.518559086463545,0.0063631107337905,7.591257358317248,5.938434796826584,0.5352123668678015,115.55734865030084,17934252229.04082,0.0
1.7132504096282115,0.0286600579806572,2.2168549511575777,0.008786376288211,2.4729916122241757,8.709749422221295,0.5118566339091251,124.6286741312864,13139462649.076605,0.0
1.2302958221176197,0.0636910590916022,4.170570507031865,0.0145184514206339,3.430514032945928,8.021248509277857,0.5521457586104562,128.40372861637124,10875989831.149431,0.0
4.368604919468988,0.0870867461498811,2.5108427302366234,0.0127101683044731,6.277865439034311,3.593378800571969,0.1525501639989872,126.09197569852144,10135496309.649654,0.0
1.849361700340969,0.0880404514494532,5.719032070901829,0.0138838163994642,3.4401041083642334,3.1193931251645908,0.8135635234836467,109.18050910156882,12305071280.07042,0.0
2.790551904535401,0.0394854357645601,4.959609739028959,0.0094716325983391,5.646895751709656,12.604916665283682,0.378793438669219,86.36113035114158,11682726624.384687,0.0
0.2653194303595202,0.0533042066697018,4.3839149003096,0.0291689661800342,2.541734036081544,4.887934208026621,0.6447090723042591,129.21903909700234,9337583618.53584,0.0005765021183637
0.3132663062644402,0.0540421658363714,4.3737831586639215,0.0307693662168091,2.5114675522602736,5.069793891933174,0.6411582362570165,129.41578565800876,9266730344.288898,0.0005760180574721
1.869644932705711,0.0552251408002276,8.779239068124257,0.0230149312797921,0.597726098179242,3.8910632473516578,0.4383391793290406,102.75792023977463,12473390048.083302,0.0008867847745299
2.2047163311915368,0.0616862801244963,7.520909755800976,0.0025155272951629,1.103565375628746,3.9728118828360857,0.6538946374544616,116.95749188135676,14295079375.539291,0.0
2.3044128410512594,0.0547206199425866,1.0277606154529384,0.0385609304183477,4.256109132645271,2.1995465330257566,0.5973198342728355,75.4027662025456,11986771581.444994,0.0007443964367672
1.954162381704514,0.0909268821707341,5.833258323304657,0.0060472053838376,0.9530282629525908,4.99874474782158,0.3538269992842778,127.04980176917724,10830455066.85962,0.0
4.490603814151386,0.0291841829892152,6.959871422157023,0.0022421559490776,8.350491119464689,3.5098268283156107,0.335083385991025,91.94004008065376,9080855266.891972,0.0
3.687217841566652,0.089556311136837,2.346454830874492,0.0062997006154277,4.592002068917942,9.402171597169358,0.056594390255007,127.00556028011783,15321241711.99502,0.0
3.5201353030784013,0.0976910060796953,3.80725767096802,0.0098702503559093,8.614843109870376,2.045682518973845,0.4185946482285333,128.5881588352345,15595202528.535578,0.0
1.0205185656995723,0.0220939303954443,7.692760700887657,0.0248696574830763,3.72602254791726,9.271767356366414,0.1835070025339026,122.189951534003,17716823164.443333,0.0005404061049766
4.339346825741601,0.0730146821413261,4.9049687428940425,0.0126878110978191,4.230916621458045,10.43323861401726,0.4157505708243065,125.5314448059314,11308832397.907892,0.0
0.9265938415259252,0.022655839111102,7.671443113703372,0.0243102307038724,4.25843442377103,9.97507031061781,0.165341333480397,126.69722246139052,17483902400.183193,0.0005636017910387
2.999778819973173,0.0702925244352242,0.6024325410787327,0.0094902338581873,2.252812921855677,4.787010204693359,0.7524989955656527,117.06236600239498,10327041054.55082,0.0
0.1069845094585502,0.0093745042771762,9.323752789636398,0.089810826011711,9.702329107653286,12.769482893239294,0.1032867557151725,87.46171486931622,17080796274.51528,0.0008660416961427
2.897159570625085,0.0907415950371885,4.532203195971824,0.0080836634248237,8.896775976183383,4.029880271733699,0.1807459120828336,121.92848670386232,9795219190.796535,0.0
4.52788920538424,0.0566221841257064,2.514150160413536,0.0138701544920234,7.377356625173723,6.437114190793007,0.2304824392495688,86.17322821466988,19259759819.028103,0.0
3.4204914260140016,0.060170748375141,0.4010105758127892,0.0062390661569337,3.271195931074147,14.60047838576577,0.534785090467937,106.40726754856092,11903003604.690664,0.0007282588813126
3.486800693592319,0.074616568896946,6.752002689982358,0.0101220598814801,3.315391646405986,6.488129852021042,0.2355360773929028,129.22576818115698,12755163191.989252,0.0
1.2190369539431114,0.0530315264084413,7.51143939954972,0.005218836335836,4.7470494827564815,4.31115623783518,0.3217260167157501,124.56506689233927,11433059026.65341,0.0
2.7340373553232022,0.0942379667560447,1.1463919767968798,0.0407756649452579,1.526309492957053,2.196145936145129,0.4540905595166249,128.82922584900302,19811213307.46365,0.0009532263617
3.3013875378330773,0.0350734467709095,1.5830782783763515,0.0298727794265905,1.4249992905440725,4.747197362706792,0.6086789440500303,108.23233112947378,10140808018.5585,0.0005784149171829
1.2280977177667391,0.0283204335000775,7.964077359929477,0.033941869646206,0.7152803455003716,1.2331885832411371,0.7491557176906071,99.444787339434,19457268231.668262,0.0006020355950208
2.5577117368870192,0.0328080621236066,4.159834849380469,0.0093079017043944,3.600183873618439,9.21952684093263,0.4729464794500814,118.07726361938508,11255192498.452578,0.0
1.8895666969080056,0.057313861482581,6.7324033899913305,0.0095909336462044,4.502876984873218,7.727533304905901,0.3483040504137557,90.74487289826578,9199454198.42913,0.0
2.654404633778797,0.0346069148709403,4.166593844178623,0.0164744775020489,5.040742935376038,2.6363034426727454,0.7140695686930453,111.14661234852534,10061325733.185904,0.0
2.267631818224506,0.0459538318027847,9.13712894508982,0.0126441089109489,1.513319099776277,4.109622070178515,0.1620599058869523,118.94843912148536,16776913430.0026,0.0
3.420169790527825,0.0248082602634026,5.896031426436011,0.0235433594123933,0.8558638881633719,1.146420852791849,0.6140256422394935,107.28175568784468,9661917152.430355,0.0008226726410859
0.4293882341844161,0.08815714617119,6.735479015605367,0.0821715553301872,8.750392695058117,14.408763822681609,0.3556451387288915,128.09340392628604,13582702704.937227,0.0005559438711605
4.243658675806269,0.0808283165030522,6.456853988212478,0.0048285860347549,8.539067243243814,8.734509831806742,0.2939945916283248,104.5145582109312,16168617054.182505,0.0
2.8861154567359764,0.0287628543080584,2.3398537915970863,0.0129146116323291,3.4055518724210803,2.9518449229424606,0.6533204076140747,122.69915064074893,13403040093.404938,0.0
0.8170227580665668,0.0077045573844443,5.242439872030064,0.0029803678515604,9.383640125098491,10.30239894372721,0.1400629250450263,109.20744507361346,10634081867.286297,0.0
4.420383256639434,0.0928763296865299,8.38269395985269,0.0145611149559774,8.292086870545424,1.5100989017325577,0.6162916272081038,97.56497076339872,10593145618.72861,0.0
2.054640178736778,0.0654308864333726,7.402029379810892,0.0079313815169375,4.640802716962401,5.7873086723126805,0.3536492011480968,118.28012860298897,12388033004.306845,0.0
1.2597791021963043,0.0824166389899396,1.9559307003134865,0.0145326076624049,3.617138247114657,2.995707237280637,0.3126001019062536,105.20460662280846,11876908311.152847,0.0
0.5450705157023887,0.0875987489379304,1.422318492448485,0.0045195321685957,0.8728993076807785,6.331671656676165,0.2803742692485438,128.36622843871402,10238841589.088991,0.0
1.0027332186414566,0.0684786314777155,2.895550962370626,0.0290774843139282,3.629775367997155,4.416122718089726,0.5226681743786307,105.3621699018584,11162930857.026222,0.000553263850475
2.68207098377529,0.0346647091422179,4.455021033734005,0.0149187416169988,4.913853925296313,2.987566281262986,0.7093188415864173,110.89321936123854,10171240902.743176,0.0
3.579479072082856,0.0353277113243743,9.468604136477872,0.0012832850676433,9.541255449951704,9.001540579052254,0.0450106507443936,96.33276390179834,14487976618.82567,0.0
3.3142217643305223,0.0982957607794149,7.726305416779704,0.0201981528273853,0.383727342247553,6.439461936179675,0.0343770405028923,97.22489910402396,11555622746.571535,0.0010348808080702
2.916681793233828,0.0353364989859946,5.534358198792773,0.0072311301003395,2.773961153108722,1.845484427320884,0.2893408936737489,118.17408220980845,17085098725.003843,0.0
2.5166663380132595,0.0510527139345652,7.948443342320955,0.021872371981229,2.983152719166701,13.257546298125222,0.2880007358041594,104.74847221405967,13942825447.17933,0.0013012439392209
1.5143365912660245,0.0655014011219238,6.926845100956893,0.0467551017221093,3.2212059445135783,2.67897644980674,0.7074174196844202,91.42952507418757,9932091533.488089,0.0010142189951202
4.425298632932959,0.0485565249055919,3.11153876674568,0.0067554724979835,0.7120893198203337,6.202157335160895,0.2301712938748821,126.6367344173066,18095431824.7143,0.0
2.307071865628877,0.0386225312664854,6.324943488694277,0.006968353556006,2.698303797288855,5.467310452714734,0.637860213246339,91.35592678236712,10202817523.5696,0.0
2.3338873576341337,0.068624150518965,8.819514999717798,0.014282811176205,9.597329918104936,6.449103280938751,0.0245503334498315,110.93177970684958,13202617044.4729,0.0
4.775884490069378,0.0774353995497407,3.5103318438444053,0.0414471147302621,0.6700842991268515,16.371281555021735,0.5253313739204579,114.5811726334186,14238363622.837086,0.0012440900174258
1.0951003164185225,0.0500383280304625,7.1671413682149225,0.0103107247564285,3.6629815668243344,1.2255790017239503,0.3771546578302962,123.93895303289467,10082743703.866491,0.0
0.6397053977219771,0.0279591301444412,8.10518354215213,0.0078285953038219,3.219752428848787,2.145960036360826,0.7318530982163037,105.684810888291,11429247122.396463,0.0
1.5098410287013282,0.020032590462086,2.475548170104943,0.0167752541068588,2.1953903055171478,7.716271480791037,0.6676311661068443,109.9716362603188,15082220631.363695,0.0
0.5012492375857479,0.0460775617259016,4.482084762630349,0.0341792498655077,1.0722063846399958,3.2502850819395164,0.7835067999927635,79.71777079979626,11785293243.58079,0.0005427109645777
4.559808401521495,0.0920077616501127,3.3703807562785397,0.0034272261208304,6.693400815844901,17.3178248502928,0.112802869132493,97.99049358816792,15432914116.303185,0.0
2.1725944711027783,0.0890066869347826,9.994852135937077,0.0164579100948462,3.931182784946624,11.680195745720194,0.4834758408642242,118.00526670477151,15339231792.261578,0.0
2.017878809466082,0.0517172702105445,7.587644462681698,0.0152985039741617,5.371588915101492,4.869273411482049,0.5372019108250393,110.74762438210496,15353540102.548569,0.0
1.0825939183176885,0.0648815116398228,0.4436302297539024,0.0123799771411445,0.3208493923576626,1.4589878799172424,0.0805236918892323,113.47577730621602,10358020723.079613,0.0
1.4831319379482144,0.0598358570853673,0.9462166988294796,0.0541816078600334,0.536648566048575,1.2756613326821695,0.7397689329429125,80.9442305222637,15194240995.146109,0.0007231631368825
0.6277549581162014,0.038397098968065,1.2032461145077975,0.0164811860461296,2.897008736315515,5.482478985411677,0.0793401539798388,121.29988647117844,12215734519.10628,0.0
2.8466763286254104,0.0820344225923996,8.0990873834062,0.0186675505090002,2.8581517321501058,4.243146822888168,0.6498970626730934,114.22281147991464,17759688317.315636,0.0
0.5011589181344926,0.0732215266701602,5.513291702983961,0.0076223031744778,2.479770155398646,5.845798081176521,0.3713329089544409,127.3928426149091,16565329713.973412,0.0
3.128967212464857,0.0482376133157372,1.661691740423496,0.0196328375999877,2.397537509939655,2.945351325140327,0.1054348983564413,127.76870642358034,10377324273.45102,0.0006073562620526
1.3684219193607976,0.0599023696462356,8.70391318877116,0.029300300318717,2.502387147723496,2.153057884389284,0.7227451472148393,115.75967841149416,11854074383.2767,0.0006746363233161
2.509222649699645,0.0597301836405262,8.857593253774084,0.0093570834496612,9.90126243978697,6.946175346125087,0.1714460770291532,93.48894004095214,16228515598.290146,0.0
4.095462550984163,0.0207989872673379,3.4642405115968047,0.0044507506328448,4.016859813390056,2.497717649016385,0.4943949317692906,100.98957452535076,9396602129.645555,0.0
0.8271333311918174,0.073338890639024,8.583055463300083,0.0463739888770551,0.4650450068413135,3.674417860658937,0.4604134566289936,103.5239009796784,11787916619.75164,0.0013675784256228
4.862074523090751,0.0778723485641565,3.527696702257197,0.0399618319367923,0.5446982325775362,8.652878899641424,0.6456013337564165,107.819769841356,12007783267.507002,0.0007898895673434
2.8466763286254104,0.0820344225923996,8.0990873834062,0.0186675505090002,2.8581517321501058,4.243146822888168,0.6498970626730934,114.22281147991464,17759688317.315636,0.0
2.911750407828774,0.0848484835994259,6.082788174244332,0.0226448535084755,1.3792888618820416,7.397925155345826,0.3450362692930498,81.71943435798279,10748654453.075008,0.0012890412905146
3.063108179800322,0.0889877194657339,9.234106598107129,0.0421370621588707,1.9664523661109323,6.259842513411956,0.8228411818980682,71.30348483266961,13679502772.555565,0.0011360366384454
4.234488662482244,0.0442527139066211,2.713424554527046,0.0203890134518359,1.923619981786404,9.062738376078766,0.6430921039543059,121.48406324891609,13794820063.867563,0.0008808787664583
3.583881669264732,0.0151610110296336,6.88524721347477,0.0084389444725597,8.769059983964308,14.417991771352131,0.7865311068846257,96.09574446012238,14587724674.657938,0.0
4.5491686178991335,0.0688313505156911,5.280906739007769,0.0211298253763841,8.787916182531545,14.974314575048544,0.365752713310687,75.91444394965022,18322130442.463627,0.0012553194458295
3.217045906635325,0.0932297339439356,8.398399134816744,0.0251104369347664,3.219566776155524,4.836255390765127,0.4455054574530322,121.0667826148647,19894920085.985413,0.0011087921533462
0.6397053977219771,0.0279591301444412,8.10518354215213,0.0078285953038219,3.219752428848787,2.145960036360826,0.7318530982163037,105.684810888291,11429247122.396463,0.0
2.505644905814812,0.0962179530845289,5.867637542347397,0.0264987320253229,1.8799441502579848,4.390263207568083,0.1841319897554379,83.9993756641041,11002120068.711931,0.0010111906610958
4.422940212901311,0.0720138679666825,4.900106894650209,0.0121270252415821,4.224522581683376,10.521463554090415,0.4341294968987519,123.81336310409183,11249552319.062737,0.0
2.0393510407662583,0.0818086639903491,2.606625008947587,0.0384756466433891,9.611834074817908,1.1738976632424485,0.5847071431389835,94.21591513441942,13455659667.6928,0.001009322382767
2.4355039403147924,0.045365817201613,6.370436791814583,0.0109005622724531,6.414213211729574,3.937577855237251,0.3131243473628599,105.1037372158804,14273641362.82008,0.0
3.472717708218829,0.0616358199840295,8.515205776174144,0.0088583673274943,6.539484699424002,8.879369027353619,0.3277908130314473,60.60493821560746,19023797076.659546,0.0
2.85533877675525,0.0499898511726355,4.996710557403238,0.006306369543721,3.99366828023584,3.8437246489219192,0.0468372472363835,129.9944636994907,14218602605.581312,0.0
2.7477261452791097,0.0229516772107802,3.143662812266939,0.0077198257379457,7.161726701083152,4.365358037066759,0.6909686317331986,127.93595245570162,18094010233.71761,0.0
2.6287016990370278,0.0205385401311038,7.474529358612589,0.0142613843709234,7.592744856397056,16.004482668859687,0.4785622508182969,61.57530742618013,17786403750.625652,0.0
4.544560926551564,0.0610947529468941,1.3915538947132733,0.0314592953610878,1.815041801501155,2.101970886073562,0.5691687564298421,63.53238737012253,10936347090.899208,0.0008482184455267
2.608066529072486,0.0666684397971087,6.89878585118093,0.0091758337387486,3.1088937607302025,9.177866936065223,0.4499166113761967,124.20329190632712,11740228485.574211,0.0
1.5405470570084487,0.0682735623990517,7.518241460366161,0.0131306055567978,0.7376689166482844,5.180004336146841,0.685444179785978,119.52598443054367,12423070851.882568,0.0
1.442026486052677,0.0326639831529206,4.162238964858717,0.0415943322822501,1.4180456206717535,3.403676787225942,0.762688032197192,79.0605023877697,9614595088.993608,0.0014172472499709
4.443484089835666,0.0938011274793064,8.970068662124264,0.013183221089866,7.235220827747769,15.527220551649838,0.2824962328777596,92.56531104414395,16681927091.597183,0.0
4.680108260947491,0.0879266985286272,8.987891826816744,0.01351578424197,5.56220566698642,8.38795482415877,0.157362046532878,108.36845046640592,14258990256.417274,0.0
1.9475846131327093,0.0272480680527813,8.470901349675945,0.0432181473834733,0.3119807680937178,3.550236253471648,0.7651274977323594,112.08905781240884,10366637515.720495,0.0009691984081087
2.837252994817896,0.0646174976048968,3.6758402952463305,0.0278488500070105,9.493920947579303,7.517215104327113,0.8120968712160823,113.46482689193309,14044434671.002071,0.0008355732859653
2.836166620113478,0.0341174657296651,4.694496853048244,0.0048094524777258,7.895941377912768,14.411553573414247,0.447106852800091,94.00020008641066,13418952244.987164,0.0
2.599959001137612,0.0753310264828394,0.4869381950601644,0.0111096232928725,0.2395568147382862,1.430110881494997,0.5088123701581746,105.9911970730753,10355341875.099056,0.0
2.0420518586656056,0.0679066791219145,8.905714641609325,0.0089756361331768,2.7170239934389797,3.618710569561394,0.6455066789390508,112.01568793835052,13148416602.35801,0.0
3.678318734630917,0.0324248325653686,8.569437995545904,0.0038975849630793,7.855160725533266,17.18111635043242,0.2964289033783548,77.79988082826729,14848624059.608809,0.0
4.420383256639434,0.0928763296865299,8.38269395985269,0.0145611149559774,8.292086870545424,1.5100989017325577,0.6162916272081038,97.56497076339872,10593145618.72861,0.0
0.359725440466722,0.077769522006951,5.35914506909859,0.020435239233729,1.3755564215823073,7.729444459160889,0.2287004097610951,119.595298313215,10765685992.10615,0.0012559762110316
1.853529753859736,0.0733193196870638,7.899389159691446,0.0070099193587201,6.7782561325939925,15.208576911859826,0.2066975668153688,109.9011704778804,15806335780.035204,0.0
4.484539093780022,0.0467176800279652,5.365724488478554,0.0263424649656035,1.4494943936723872,4.470474203573921,0.7861097500100426,126.3276443586564,9656537587.29401,0.0008317441381916
1.014176482703637,0.0757376923367275,7.712804597507016,0.061542826710174,3.956753196601856,1.59583914382195,0.7653250810245946,76.14471089849121,9685565818.940569,0.0013782550828168
4.097729903242235,0.0545432636816135,6.503697980723869,0.0020688918029159,5.883971242714848,7.499320357947649,0.2257728414884602,110.04830509582852,11239801074.285007,0.0
2.85533877675525,0.0499898511726355,4.996710557403238,0.006306369543721,3.99366828023584,3.8437246489219192,0.0468372472363835,129.9944636994907,14218602605.581312,0.0
1.6711106433674117,0.0676735759572979,4.556594033783955,0.0036442405609713,9.978074278134308,6.458409047872896,0.0712362826469207,122.4291455752374,11006749947.080671,0.0
2.7277619689594044,0.0274477346605686,3.0057571069926867,0.0355791895824359,3.5134187183895365,2.466835135947062,0.5918742816372418,120.10422154552973,9127757586.685478,0.0005729200566147
0.2444216922857693,0.0746752294244163,4.9351459257902,0.0231671037721309,1.282246305777034,6.3581081132246124,0.2617079816494367,118.3484663455852,11309961432.901426,0.000599895168101
0.2641565985202813,0.0528988237333759,4.409772449537113,0.0286725542015647,2.5589534056745182,5.09491361778348,0.6548310632425265,129.47473023117288,9294208790.575752,0.0005681746903981
2.0026469679458594,0.0283695374681642,6.528134720307071,0.0058137575128247,3.5511547547787776,8.061203826691207,0.6802155216230824,83.22339586680297,10019136663.26424,0.0
2.3338873576341337,0.068624150518965,8.819514999717798,0.014282811176205,9.597329918104936,6.449103280938751,0.0245503334498315,110.93177970684958,13202617044.4729,0.0
3.487611405040853,0.0641250928459062,8.941302103009551,0.0068814616307171,4.691302708357699,6.332260334671427,0.1101169416701652,114.62593341321087,14637323380.174095,0.0
1.7502577654433686,0.0684757078613531,0.6898093824611585,0.0137354545165674,1.1751754414576785,6.901244326989403,0.6207932225278776,115.21559983653816,9071408674.868176,0.0
2.1405911975413807,0.0710506527211859,5.15065908593915,0.0104096162865856,3.238446040673901,14.433927443507905,0.7328817106360036,108.30064644365238,12209425456.332832,0.0
1.7078920406563975,0.0589243796413531,4.318406821972304,0.0650736402629057,8.296522141559862,4.035369049257053,0.8024360329805545,90.85710769335071,15764667587.521164,0.000757048118252
2.8175339945858178,0.0913413148564567,4.308524829202725,0.0071018517283006,9.08638924152686,4.089028292990354,0.1583753908508413,123.02437389667756,10042046101.515314,0.0
1.3000212633015655,0.0367257506404598,6.573888269943168,0.0121993013335,8.791376589407204,3.4240848191338715,0.1118380683171918,118.81483795198398,11900061885.292166,0.0
3.6931341618661913,0.0296938933793728,2.9765415867197733,0.034946941664082,3.4348220982717343,1.003880244168358,0.6805098883817804,107.70386337425464,19268578702.923584,0.0010054044402907
1.8381004254227629,0.0269123186166027,6.852156024926268,0.0551316674329621,4.343322883354079,3.498712592496583,0.1544402259559219,123.15825096856436,10287919112.654018,0.0006837570940888
1.4992758745853758,0.0205989188803837,2.575278173745527,0.0174387773787561,2.2145706159005814,7.8333345647515396,0.6686847345307287,111.24794669100638,15063501403.086945,0.0
4.535247981207112,0.0678805774392991,8.17301808773906,0.0026757395540576,9.325736650174104,3.608698894426271,0.3040402183631256,98.7899884526857,14145868559.963911,0.0
3.674904044554235,0.0780897507716577,1.4078512062783122,0.0084870893719419,1.7844446750879086,4.422984523975647,0.2891168069812235,121.90715382002396,10486157054.294052,0.0
1.6725822063028315,0.0517852849867143,9.063707103018794,0.0259229237151431,1.949309500788174,2.110219867707645,0.8125800536356573,101.1970770582224,10708946826.858952,0.0006448334682978
4.470495047123346,0.0763577117632924,2.6108747780737613,0.0145402815554673,0.6746013041282403,2.878687253291754,0.1677503053482432,119.33353302678718,12400274882.776764,0.0
1.8906704147614315,0.0228011736987102,9.103834549496492,0.00959285388954,9.277927706617524,3.377042717194054,0.5799822235516359,118.45002625583436,10523813592.917322,0.0
4.414028923622495,0.0977592871923467,0.4074571563011616,0.0130826339287198,4.8554839304673925,7.376306488113197,0.1214030490491638,73.69366922170516,13756588030.813587,0.0007778645482443
3.4556841306838444,0.0114157817854655,6.469001882096361,0.0521097045942124,9.009268527643258,1.018887515992709,0.0360319379332612,107.79965286960712,12402310487.785864,0.0
2.7472130985223053,0.0339105085333293,4.375913986262465,0.0070268395363594,1.2011864247334856,6.90285200616632,0.5852816074530531,118.57296555165854,15276981190.238403,0.0
4.362652562998233,0.0755543834936045,9.35922171351142,0.0047221220478082,8.54944007858431,5.59148485421285,0.5164437768674315,106.2430537396396,11585013381.308172,0.0
2.8086275375831367,0.061754395369291,0.6825899314490361,0.001060184173609,3.8187549171663706,3.95644723143066,0.4349932516474599,111.1221422955011,9033734211.872496,0.0005063536310261
3.8603097961427912,0.0913769429285986,4.415614722589677,0.0015149257942539,0.3151129535956265,6.549649125817663,0.2839026093317594,128.54809995952056,11156011221.946112,0.0
3.209344429496797,0.0133396403018248,7.491219930171252,0.0079118544912248,7.3010770812728,12.70205931167351,0.3504334842329021,69.04214860974895,19632256205.068825,0.0
0.9841299638036582,0.0583789669873063,2.041766168747177,0.0169560340049006,2.205336948256486,1.5592725789840989,0.8205813161998251,121.7201135451963,12163434670.502577,0.0
2.042505864910196,0.0746269547420986,3.881252821313676,0.0161077018814271,2.866687305140395,5.868546876330682,0.1937148118787773,102.91380311193998,12514020393.293385,0.0
4.945111698874771,0.0626617699383743,5.3073789491309,0.0205211688380082,7.815598652923094,13.066368054002185,0.0412870663189777,90.41425395742866,19509386520.373783,0.0014674312767893
3.0065107257218235,0.0793136536083358,4.379316476230135,0.0389408995524257,9.167423621277315,9.138771885900288,0.1209115690566307,122.15154618747776,9447361966.351646,0.001439807539993
3.1334763678013204,0.0513626035862668,0.105742817871539,0.0068363609613778,0.3623943961567683,12.446130733591175,0.7350453725943747,124.53779831752075,11062118265.244917,0.0005749423013427
2.95883698057652,0.0896927436481614,5.95411638407892,0.0307169789318505,1.6060808878758892,4.181113238833486,0.3229125867978697,70.55591229264725,9077779928.306458,0.0011987061776442
2.3686613729788024,0.0339899585739561,0.6300605724892183,0.016269231132847,1.2524505836003883,4.153752388261786,0.2797446960301016,126.85094643032994,12455665654.261082,0.0
2.962037487175761,0.0292728626945535,6.348070919968086,0.0375424060610083,1.7125605326861395,4.269992538643243,0.6861612351181737,97.13259180048937,9876457335.764055,0.0007779400036791
3.308420783806396,0.0510809188511388,9.402791214925273,0.002931507416651,9.452728937356218,9.00204423254453,0.5398889962051072,129.95550838968893,9664060421.359358,0.0
4.770088415515218,0.0278825188005364,5.373306979282573,0.0133062456518432,6.1242780035810735,7.978958440528173,0.1845802833192672,86.52873350583278,15112436114.1351,0.0
1.8683022458001453,0.0813196385850685,2.690365163766445,0.007514626800287,0.9636282153529664,3.7870948599558254,0.0917639035284349,91.15934126184638,13999021971.21071,0.0
2.0439525240236978,0.0464936337475306,5.2916140008116335,0.0152619882563379,2.6370191041308884,8.082108191873472,0.3618023447364016,109.26863296214565,14926425145.915567,0.0
3.1794142520892703,0.0192769324340476,6.163481050438062,0.0232260579711485,1.6568757137833634,4.27170363885562,0.5094294677643422,106.9927519600378,10021609744.981243,0.0007316764355483
4.356639938886771,0.0294970238716832,1.4085680568224492,0.0540235340731938,8.653914781208323,9.98724891976249,0.6228036665727207,129.80656790462234,11790154654.568329,0.0009729513265816
4.532258249760259,0.0729099305071904,3.945932287563101,0.0655081571802682,4.103555630687891,3.37850616868166,0.3254381870389282,91.95283520861148,19732669821.138702,0.0008387057851448
3.2852364088321604,0.0515312259525755,3.0279361323817566,0.0251044578670697,0.4166745911298036,9.86680991478218,0.491514436637173,104.82574918437538,12967831443.753494,0.0006128276162339
0.5461392490506907,0.087630528236425,1.422349297291909,0.0044909656625454,0.8767493938640807,6.323672912207093,0.2803206297691256,128.33340892965586,10238330250.375238,0.0
2.820086588450409,0.0443621203705575,3.134321777910421,0.0049707266909888,2.758047837675908,10.662261374609422,0.5018895049863921,84.23969416789097,17887102930.097908,0.0
2.3554633281231765,0.0546653943111332,9.1743730118045,0.0183049976579409,5.131613706233973,5.519434842786731,0.7966729788151973,124.37758766035968,11716140576.071363,0.0
4.135689157829041,0.0965778626795803,0.6038681552045005,0.0292718184364672,0.590009141381257,15.355520470151571,0.747220750768925,96.57526961754031,12492130774.848911,0.0009926301657099
4.368604919468988,0.0870867461498811,2.5108427302366234,0.0127101683044731,6.277865439034311,3.593378800571969,0.1525501639989872,126.09197569852144,10135496309.649654,0.0
2.5791951144721224,0.0967849169139665,8.682949531073257,0.0197444835267349,8.898466892438563,6.49845320333208,0.6485273275669312,111.11557830781486,11522094446.48414,0.0005493743613575
4.346904534744291,0.0888002573224667,8.717751196321306,0.0037045054067075,7.436253200206786,6.757325200493844,0.3452419713443306,118.9904335048544,18416002340.404648,0.0
3.443591455488193,0.070644157372541,8.095794723972071,0.0092480877934596,9.249313925137574,17.29756177694853,0.1082771106722182,94.49029696372024,19611512872.738934,0.0
3.4082760478209626,0.0668298817690959,4.586624067913628,0.032683358250146,7.790896164686812,10.197417052319862,0.7014627645162258,65.17141465817124,14867700446.418163,0.0005604269468172
2.510843349700161,0.070213170095831,4.809357337026577,0.0244480855078386,1.347967109388952,2.001358059834269,0.2987823200772516,127.29371823657834,16265829779.921053,0.0010172650766835
0.6390113026614676,0.0279475539626015,8.107062002556273,0.0078362662275032,3.224212986862332,2.1388923809009324,0.7320356772326279,105.68295203278022,11428098716.03433,0.0
3.0489511899349817,0.0599060939302478,3.369678652310768,0.0401890981553444,8.116215332418408,1.908571493600309,0.5530019177647806,87.59412455552504,14437438389.299335,0.0005084550421185
0.2151411111680365,0.0859788591445011,8.099195406191152,0.0105379520396277,6.291857008310214,1.764982468099454,0.5811702460488071,119.08469772927292,10109321752.152777,0.0
4.343104959690511,0.0735011946379691,9.513420974967072,0.0273851718074074,6.153615345021521,1.023224017341633,0.6311800321184587,74.19094059117765,13596653453.785078,0.0014422486669321
1.3598802417900644,0.0437067788502143,1.4924133736013068,0.0035527695223235,4.2257757044456365,2.227817561682605,0.7763167446175723,106.3726123948323,19218020579.956627,0.0
3.67426054044745,0.0781573529471544,1.4142584178031812,0.0085040955461481,1.8036513804274303,4.382464816974569,0.2866738262725271,122.04662716793976,10478342171.551376,0.0
0.9610900533664144,0.0690008854772888,7.317243772317062,0.0064754104829519,2.0782919212181743,5.778526353922465,0.5990729907261932,118.88957462168638,9209598817.05396,0.0
4.826523370909548,0.0672903297438978,3.217867387814588,0.0715294470685614,4.043673931339714,1.2515234227636398,0.4054177878075334,81.82906599935356,16953024981.130234,0.0005701822176819
3.053805818976329,0.0864303889604359,7.157861737976979,0.012086135678728,2.408083597469717,8.012853983817395,0.1770265276618784,124.13526632742374,13267443946.611408,0.0
0.7890060735499533,0.0438254184315957,5.803189267478898,0.0269185145514651,1.3307032625169115,2.76659444060097,0.8151932095401211,81.53918273135751,12107130992.511152,0.0006111894046015
0.6136925677934655,0.0714105508004218,8.762085403459132,0.003006418966387,0.8182659852968039,10.255477604444025,0.4079669595057425,113.8866249827145,18252239656.82058,0.0
0.5459511495377881,0.0876075755800165,1.4210932852568947,0.004511567167306,0.874256503038687,6.327307503673993,0.2802809923254682,128.35297101404905,10237406407.32982,0.0
3.2090316410102497,0.0823870777189107,6.949145090750397,0.0018703629263763,3.346179244861375,12.122662687420483,0.0393293760155608,106.72959396452757,18845650792.68728,0.0
2.3019865174584138,0.0387982446984137,6.304469542244726,0.0079068168024877,2.536525054690932,5.148144687463454,0.6310653575397996,92.32446806990596,10035417330.72258,0.0
0.5459511495377881,0.0876075755800165,1.4210932852568947,0.004511567167306,0.874256503038687,6.327307503673993,0.2802809923254682,128.35297101404905,10237406407.32982,0.0
3.6228749823445936,0.0456025389918881,6.800893534380306,0.0025743681414686,6.889025487365911,15.471539480083065,0.0863051691832537,95.8586065555153,17965093883.79489,0.0
3.308420783806396,0.0510809188511388,9.402791214925273,0.002931507416651,9.452728937356218,9.00204423254453,0.5398889962051072,129.95550838968893,9664060421.359358,0.0
3.99612582591548,0.0639787762404815,9.025837336800452,0.0840757768974103,6.174374112476931,12.979121824152749,0.3596003110242831,88.45394379584933,11205849789.850355,0.0013132871524429
0.5795179069036518,0.0858570861173397,1.2052404527368272,0.0036333383856793,0.840175246339842,6.53012810156248,0.276402602964986,127.76762093063284,10149771531.017448,0.0
1.321516256147369,0.05964181775922,5.51416961660806,0.0625967357269769,5.6260456316567,4.702825022084688,0.2829069251716845,76.09048378992281,16857295708.179129,0.0012156341633387
3.4860592800143158,0.0693142963592727,3.770764853027819,0.0010602788185547,8.382159974745006,6.844289320785616,0.0615869044022374,95.132196061726,19685235264.67804,0.0
2.0420518586656056,0.0679066791219145,8.905714641609325,0.0089756361331768,2.7170239934389797,3.618710569561394,0.6455066789390508,112.01568793835052,13148416602.35801,0.0
3.5702488879510947,0.0538453753681826,6.985547865155442,0.005653116112781,4.625867099478917,9.399083697013529,0.0546291248005803,120.73572784392852,12487712934.756195,0.0
1.865362850740264,0.0921625676892446,5.939345843181872,0.0046938712171492,0.8740208138613726,4.890381462003014,0.3473543844895759,126.98204141147686,10842955122.958778,0.0
4.947554446366065,0.0782029762402488,5.6435851440977,0.0165501450078672,2.251933179676579,8.595361892424679,0.0520018324006531,129.1296447910182,13858765307.763985,0.0
2.1747381138295903,0.0893139990106786,9.995631254252842,0.0156989204319949,3.9272113393923394,11.742513815412426,0.4839292021330222,117.98710940053874,15322494052.95028,0.0
0.5450705157023887,0.0875987489379304,1.422318492448485,0.0045195321685957,0.8728993076807785,6.331671656676165,0.2803742692485438,128.36622843871402,10238841589.088991,0.0
1.0383606128937437,0.0740637280773506,7.563009198712717,0.0616195336869363,3.867487854521392,1.2674021696689266,0.7602802884703054,78.42696602782718,9377131270.104918,0.001357620870522
0.8551666557550138,0.0882095547060415,7.872581889466301,0.0121897782453615,1.9866879768694576,6.365753869321575,0.462582234054504,108.71470264448315,9090593996.666763,0.0
0.348890818061607,0.0971164838445901,8.982140647343213,0.0280980276561444,9.053600389876284,5.457517400132429,0.5201801304079718,91.76675675813529,10363874112.6032,0.0013878832142523
0.9797326569599286,0.0803981371976941,4.952208194245685,0.0191187847438066,2.973250392304211,4.305018373976992,0.772097087514237,116.75323131347848,16445050700.24913,0.0006715762414509
0.9054697436800044,0.0812999424622884,0.885984931212635,0.0165638327749188,0.2803115724560839,3.4000542481664557,0.6982391532169335,99.32862671195704,9711814331.408484,0.0
2.3095707276785005,0.0672955047732382,8.933285581092184,0.0552835537858677,1.5236848442905833,2.4791713919283787,0.3381470192416017,89.07313767870795,11080233090.660872,0.0010401016746996
2.791102716149714,0.0394489329747643,4.964234163017835,0.0095140635150799,5.646364667117754,12.600092382084416,0.3789124295709024,86.33659809383924,11683169023.50064,0.0
3.179826531393706,0.0524324274638082,8.696780705646217,0.0052422912024775,9.231268064495511,6.758211474777319,0.2024063154427239,71.34556068111846,17604958298.272903,0.0
4.869715544950603,0.0743017596429162,6.144372100610056,0.0043509370743881,9.512579380342064,1.418041606381147,0.4345579874907974,95.9000748437544,18350624523.23924,0.0
4.34418624801441,0.0268407596470159,1.105035628613182,0.0237570553699114,2.045657228440401,10.571377908639777,0.2577197523958066,118.5289680199504,13231840278.329945,0.0010176474213566
4.375656385178996,0.0813743094118071,3.0277860830317658,0.0173367202705164,4.209992189363613,9.371362747016889,0.2927363336784413,119.90043901323716,14693702940.162472,0.0
2.148176172829505,0.0327266381938899,4.295457611585549,0.0146527584539414,1.0942039022535637,2.859926540896055,0.6064643755795855,129.10822569379897,9876968471.595531,0.0
1.5883904457066202,0.0688608646534652,7.384157034083944,0.0131441603837357,0.977147102469843,4.889293083603355,0.6876219654477511,118.6452764472173,12392173424.970634,0.0
3.5201353030784013,0.0976910060796953,3.80725767096802,0.0098702503559093,8.614843109870376,2.045682518973845,0.4185946482285333,128.5881588352345,15595202528.535578,0.0
3.055180246553069,0.0853792016728359,9.154849975269482,0.0034834666102188,8.607764248205354,2.522230201082128,0.6862237855030924,112.59532260993612,11249185022.60798,0.0
4.109635280420907,0.0898086447011899,2.3943880321309527,0.0045611877209763,8.80845362572082,5.462623317535411,0.0158918969045191,122.87203095380194,13020944124.286407,0.0
2.017878809466082,0.0517172702105445,7.587644462681698,0.0152985039741617,5.371588915101492,4.869273411482049,0.5372019108250393,110.74762438210496,15353540102.548569,0.0
3.948255514859176,0.0601726757841126,1.294828574983321,0.051879357194076,1.9087839938431928,1.1217185842104669,0.1733325124766096,79.34420182590955,17871881346.97287,0.0008320103856948
2.36505014490728,0.047478277019742,4.504370334012211,0.0105038209570176,1.286766927968812,3.166395055320433,0.3722442986421619,126.0766537288362,11981932613.428185,0.0
4.985073800297067,0.0929615194703965,1.9230208119050516,0.0556619061519795,9.788071389495114,11.586284009651273,0.0492539750436218,101.93689755630363,15829917275.401882,0.00055772687022
3.4787790444650493,0.0808980402798523,0.436757381149674,0.0195708530019914,8.463309228955469,6.962922615569844,0.0576009830759678,78.14446635530105,11285497825.725576,0.0006770527138177
3.227027736589147,0.0927834138696612,5.70567264574219,0.0021176470660122,2.782676330391366,8.522945602785374,0.2637067345279659,117.16324613469784,14035449439.57684,0.0
3.432921756686374,0.0967342663629876,2.707651367171167,0.0082464909226857,3.859638385246336,5.554559849389736,0.3065282768868603,125.07581900617268,9373170458.327986,0.0
4.985073800297067,0.0929615194703965,1.9230208119050516,0.0556619061519795,9.788071389495114,11.586284009651273,0.0492539750436218,101.93689755630363,15829917275.401882,0.00055772687022
3.7658391415813353,0.060175253710213,5.4960304936572495,0.0064566380622863,4.2530649679257815,6.421928776610232,0.4878978616777871,100.91198493583376,11646585602.18036,0.0
1.7631826038350682,0.0593480476749473,1.6671125997706384,0.0033278905252689,6.48687200445349,4.030124383618825,0.8269603008715146,83.49826076188418,9779715082.806353,0.0
3.138129557558676,0.0217450730067122,7.889974115518822,0.0055016104137748,1.9916479777870055,4.984300100063324,0.191570185554971,110.3852025209202,10231868145.330408,0.0
4.674178683766979,0.0965060145209613,1.74998455166914,0.001465960928428,7.231542028818636,16.83177804286115,0.1046457434784713,109.66240675872643,15427611522.019873,0.0
4.82276560342091,0.0904013349905572,3.4043498555090936,0.0030837040627823,2.143594693181782,7.436704963899691,0.2491111247938706,119.7493083215827,12556126073.437893,0.0
2.8086275375831367,0.061754395369291,0.6825899314490361,0.001060184173609,3.8187549171663706,3.95644723143066,0.4349932516474599,111.1221422955011,9033734211.872496,0.0005063536310261
3.184771404730192,0.0502070019933107,4.919623057788876,0.0448702097423595,1.6894131215449435,2.21905412068547,0.1661855097070579,97.33629836593369,16717744494.445118,0.0011853716713964
4.674178683766979,0.0965060145209613,1.74998455166914,0.001465960928428,7.231542028818636,16.83177804286115,0.1046457434784713,109.66240675872643,15427611522.019873,0.0
2.505644905814812,0.0962179530845289,5.867637542347397,0.0264987320253229,1.8799441502579848,4.390263207568083,0.1841319897554379,83.9993756641041,11002120068.711931,0.0010111906610958
1.981186470698282,0.0691934127258466,8.497231459313078,0.0508465699097273,6.797176200904968,2.5556017786654253,0.7701272703813159,79.38425570754542,15470981988.412483,0.001174155746255
0.2745404890642693,0.0409754384230942,3.725601020216095,0.0085161624423241,1.1709470426960418,2.1606734551626943,0.1141760336386809,95.06084696506062,14422514662.767645,0.0
2.7271429238965657,0.0669536420124114,3.7124359076582327,0.0274016886625655,1.1292562491955231,6.925598517899129,0.5294933616464094,118.57322633518136,11097373911.24552,0.0008194317655166
3.472717708218829,0.0616358199840295,8.515205776174144,0.0088583673274943,6.539484699424002,8.879369027353619,0.3277908130314473,60.60493821560746,19023797076.659546,0.0
3.63914377657258,0.0984541520790241,9.493185343730168,0.0180792678698623,1.4137725584356915,4.552660626607636,0.1098636839665543,93.1335662908944,18850735167.225742,0.0
3.63914377657258,0.0984541520790241,9.493185343730168,0.0180792678698623,1.4137725584356915,4.552660626607636,0.1098636839665543,93.1335662908944,18850735167.225742,0.0
2.2155076381538965,0.0696756459833684,3.076619373696271,0.002521366746615,5.742529930300227,7.903635305698254,0.5354849295838136,123.79636389666852,14724194991.562534,0.0
3.352897752810118,0.0920576505678603,6.408859032394212,0.0041576819924101,4.49807073705596,7.957060566029654,0.1449740250993985,110.32582889212408,19132479528.02161,0.0
0.8179666611792481,0.0789775481359128,1.3686408399229273,0.0170136900991811,0.8764648862078506,3.7768244617558775,0.206035999190836,121.57535513202023,10074701952.085863,0.0
0.5314741524005826,0.0197493515859548,7.762576182095733,0.0057293519847372,6.564611055582802,3.687447899389378,0.8170694477877957,120.28083067945812,12579743431.624325,0.0
4.638635302531559,0.0992092487864685,6.7186029757414,0.0017562244286695,8.011204781823851,12.416671102172517,0.1062714929708419,101.12621010532006,19688470964.10627,0.0
0.5587056674316851,0.0858549522721025,1.190422947836249,0.0036854537749547,0.6872710240633035,6.683131118669468,0.2762234189476258,128.62052084118594,10138031475.381647,0.0
4.534680437131886,0.0678137665454567,8.16199660296698,0.002736756682421,9.327851313369502,3.6099433231112696,0.3042610410543935,98.4591559450159,14156399360.811396,0.0
2.840425987263686,0.0593361624398978,3.5756132260358067,0.0570993863060038,1.3672042121119716,4.912648225687772,0.568889908176033,119.5174598933122,9248785489.96453,0.000932732643421
2.566706913159796,0.0861503798071574,3.4608761517714424,0.0092707728596971,2.3142571288859672,7.854234182908822,0.4423262277915121,127.7126951841289,13809380581.23439,0.0
0.2653194303595202,0.0533042066697018,4.3839149003096,0.0291689661800342,2.541734036081544,4.887934208026621,0.6447090723042591,129.21903909700234,9337583618.53584,0.0005765021183637
2.749961457623818,0.085981280391912,1.2588189349334316,0.0229051529496069,1.7145104819023644,1.819766302011439,0.412040850413966,108.42683371769972,10877983315.483427,0.0009507911078446
1.6788207173841243,0.0939313010714129,3.273240883418841,0.0253762674854447,3.536918013856074,1.3742347029394937,0.2460308671687852,96.2795800360139,14572818599.43113,0.0014326405567797
4.961906965730424,0.0873596888460044,8.5133191171925,0.0337419056891235,4.054417406070978,13.533288941386816,0.512664737757054,93.41436536316104,16050540096.484648,0.0005544849100891
3.0325681410173795,0.0608448459624027,3.3027481898196265,0.0422669902077484,8.102243467204408,1.8407957924289,0.5351330406160874,88.2910608178525,14675013544.991564,0.0005064026900841
1.850777813711162,0.0727738503686946,9.320220364739797,0.0232851002507416,8.241912869341451,5.77026451543808,0.1945283656174631,115.5768198639866,17304217826.18389,0.001466277541451
1.120379152898742,0.0875910678906507,2.2794340543510563,0.0044874263705144,0.353456854643139,1.54754461027201,0.4044398430861083,114.1134733539375,9375777196.19232,0.0
3.9833533730335207,0.0794306399849083,4.183012510150877,0.0111779570716388,2.707952477163896,9.906021543649384,0.1077266263450414,126.53373862309442,12039834082.92995,0.0
4.773523997436553,0.057354058058331,6.1307557995716255,0.0026133265079771,5.741740085296779,6.650681393640984,0.5419843307602009,115.79933703239956,13554520173.088436,0.0
1.4834198488381225,0.0669448166639795,7.141451396696352,0.0254175038111963,2.7463998708052504,7.198722110849679,0.4422773005738418,114.6394275810706,14512480959.836931,0.0013891296893528
4.443694675780887,0.08161206516345,3.1625317189824536,0.0169513214197872,4.161978283012889,9.191339935274325,0.2959824287347262,121.09109793386702,14875363030.481916,0.0
4.324176910394963,0.069967472654684,5.9646443382685,0.0159664718085369,7.498629471660597,7.78823971146227,0.6434376572646651,122.73130744488502,9179879112.939823,0.0
2.323255076511406,0.0725047569516405,8.999504908780686,0.0098322545864355,4.092630076591166,5.3508761701571625,0.5305751612954064,122.12419899412724,19782986654.139183,0.0
2.8271067880618537,0.0866138592757169,2.562139025022636,0.0262494500047455,1.4375561067453284,16.100638808533454,0.7844937557142276,116.46608059198988,9666355008.257172,0.0006742347958281
0.4979258789962347,0.0731895361428699,5.512848302806897,0.0076712238439004,2.474306136269511,5.8442029269154805,0.3717241721912103,127.35349541790916,16562059802.28225,0.0
4.260782621928938,0.0581392138015882,3.471447334602524,0.0178657655501047,2.583034798646721,7.939624532737755,0.1370232705634261,87.38213258121333,15509348157.523746,0.0
1.885365468795094,0.083242635254954,2.6233272103178185,0.0074449158595068,1.2937615668515967,3.319205298495008,0.0905558501453516,92.16978116607255,14028198996.69918,0.0
4.543775572706908,0.0599834631080886,0.7105599873865678,0.0718558566184514,1.6982999191445964,7.227723510485409,0.3224687869048425,113.03493232119436,10793627407.116486,0.000733452183149
1.2785087367585386,0.0183756245080556,3.827065655841065,0.0053521987229285,6.032611759065446,5.423826422279857,0.1843832110653711,110.96610596802758,10786339537.693497,0.0
4.0840203338289145,0.0980315981857672,9.288748021499966,0.0044484869705714,4.415699270860363,8.041944562162794,0.0849677599635417,106.54345850174772,17324275282.16204,0.0
4.944218441115262,0.0782697641137111,5.647431046814751,0.0165916558155216,2.2528175143645206,8.588709664201582,0.0517310420222619,129.1552281651584,13859250798.604786,0.0
3.119200219367399,0.0888268262690363,0.5276093637175376,0.0644739148512936,5.501159646968982,3.355826212127745,0.6245595707143617,127.01617317540553,17353206912.693237,0.000942076059674
3.339120385673022,0.0624673842026329,5.992993457957954,0.0070366929998797,6.067138365582332,5.698078826408846,0.0327002301765116,124.94622310218432,12416585651.840729,0.0
3.3968606104868244,0.073726848294231,4.878872322226799,0.0092448776385669,3.676059589063581,3.474193242210708,0.114608400615495,119.3315524583211,10668095834.679085,0.0
4.443694675780887,0.08161206516345,3.1625317189824536,0.0169513214197872,4.161978283012889,9.191339935274325,0.2959824287347262,121.09109793386702,14875363030.481916,0.0
0.9227046802582034,0.0363374280955376,6.296179113955595,0.0067945145282932,1.1804640903475545,1.5736119320401003,0.7530531216829196,85.77087817465201,11539893891.665686,0.0
4.70718504708171,0.0339530876413558,0.6949919438987018,0.0010795525358277,3.2542081900773754,3.1162557721264745,0.5747403633585471,118.65811808683428,9705066380.721504,0.0
4.42016023304758,0.092230227100041,8.403918350430754,0.0142179815203518,3.5564305054853,17.709584816776374,0.2907363374786041,119.14617681484393,16001833546.074434,0.0
2.987335317114392,0.0260951021048724,4.129502461281743,0.0638356933886838,1.2854692061146578,7.152634727155512,0.6920626036726236,62.836055633168485,10407694843.329632,0.0014730692519416
