sigma_2,t_1,t_2,infall_1,infall_2,sfe,delta_sfe,imf_upper,mgal,nb
4.7206066416162376,0.0842752928189157,5.9499186044477295,0.0398535501363327,2.5578862579020205,11.86768207626282,0.2716452445776196,74.75343158551809,13081850734.14726,0.0008005321339866
4.77130532176988,0.0901334570751843,7.041956803767362,0.065218675210763,5.559650057289545,4.21246133376109,0.7207376021122159,106.52628584881236,9713023788.396662,0.0008083091094634
0.4379624989844813,0.0250989925654594,4.9452896886421165,0.0175182051845964,0.3223509088576527,8.018232062924739,0.8172980892384506,78.03721967951988,17600256877.207897,0.0
3.37646831240318,0.0223225455830298,9.472596309119766,0.0458260843478197,6.937484186375387,10.310086752810264,0.7250546483908374,71.95350204339962,9516406653.725136,0.0011256873199743
1.9208957839829224,0.05227516075765,9.243403005584767,0.0468149268188455,7.631662761642604,4.214559477276755,0.4905496888570586,111.85982947135594,19323579218.53731,0.000984627461902
3.706317511471096,0.0735952496284278,7.853155576517,0.0650198567342786,7.939784606827583,1.0223954640715716,0.6932071634730894,92.63780310923828,10115675170.828243,0.0007635195173871
2.051506493366667,0.0909716278586796,8.098514212368274,0.0661239426742183,3.867903424306741,5.998784964613152,0.3282472118672402,79.75375516065344,11913879462.45674,0.0013761156992579
0.5350971896787419,0.05951601144666,6.281619854045824,0.0453225035273563,9.0859253977943,10.539572933894249,0.711713339005346,106.62446698415825,16382292475.202875,0.0005359589366077
2.733156111976192,0.0986329528280797,1.102694678203285,0.0859418009581682,6.521848905323328,9.081457168369074,0.0148107481001509,94.2122169770978,14098242405.667393,0.0007624935418597
0.5057412756079877,0.0644154380882791,5.874746765361144,0.0887272216922804,3.635683800138151,2.910365244237614,0.2267802107374754,115.72429195880508,11255933811.767202,0.000694547179745
4.15945545478502,0.0891876859877642,8.71619161008675,0.0684140361088326,5.456701816609393,13.59021249319798,0.5141443261928832,113.4848041957,12853390189.986776,0.0007119300003525
1.8593369055780105,0.0656270137906162,8.56386506636895,0.0574414067107163,7.502779878690761,7.997489613603843,0.5106586907556795,111.44761721649182,13587558373.826736,0.0008469273893479
1.948920166274949,0.0909710726245174,8.732289392274314,0.0735286185107839,5.657857669082514,5.110145967581676,0.8065045922371582,84.51714898234093,17314378538.091602,0.0006512525669326
0.1623817820622023,0.0607693629025409,5.959550861189681,0.0547566489948458,2.43286043141312,8.014295730724053,0.4282881224565998,105.88927581703231,15721363368.909777,0.0006804464548519
0.57003815885998,0.0125493809843782,5.267003947328113,0.0920366754033576,3.0301250102387267,11.469231265566371,0.431479732167277,108.72796929156696,9017394343.307589,0.000562052703452
1.1682366158432205,0.0954898044358145,5.366150712758399,0.0692188976095508,8.624689762230647,6.413300400308772,0.4088549869045577,98.96937627068904,17965166986.20855,0.0006086054531881
0.3230861541564809,0.0352361492230618,6.037005077129448,0.0319693863819737,6.470781961415071,11.64558420433391,0.3459633794527398,85.68218501436007,14004798458.20534,0.0008160608787095
0.174952436203128,0.0620837458406669,6.301511012158724,0.0957037015858521,5.165535494427044,1.8009434794041146,0.120893260702708,119.22744430082554,10574174164.928225,0.0007695451200896
0.4821060904941394,0.0414629557637111,7.016310087325845,0.0999760420213192,4.815959157046136,5.833720214406409,0.3998538596342741,121.1478064489334,10569907461.768356,0.0007369736162507
0.9350423949069449,0.0756963427478147,8.009475142521248,0.0694662398982221,5.735949142192306,4.014056933494162,0.4549598528147748,93.14579776382443,16148165958.419945,0.0005833512441612
1.0649411088889953,0.0719084781215209,4.897492707537605,0.0588206094727651,9.87330786355891,9.388454999598991,0.8043682306484293,126.585066621073,12266777870.556004,0.0005060257356736
0.6914590369830007,0.0925161238833862,6.133041524014411,0.0994370642788776,6.596685030102779,3.4582132997888286,0.3591500473668312,120.9882354265414,12903459583.38619,0.000516965511375
0.6330090566579276,0.0985941230335361,6.03146759512066,0.0829515110988876,5.172613066621817,4.157043830275775,0.647210039288109,60.62905680258051,12793522534.282097,0.0011585217537371
0.1636538184244906,0.0608902132712654,4.7918327387117206,0.0859329190026598,2.5333746306094227,9.637342578380816,0.1789493466072244,121.84033691201957,12152384781.298286,0.000543855331058
2.055892419018607,0.0445610404837315,4.680882882328876,0.0589162453069364,5.74175081307893,6.990404842663078,0.578393250296992,82.45107495127903,13732675096.00075,0.0005111248551412
3.848217889766768,0.0346952042136833,8.530089953112652,0.0672457694612016,3.848113728563189,4.752804687565273,0.341823544699711,96.5757387109956,15396724529.926464,0.0009641316752527
3.018291808578513,0.0837689645114048,6.363803715423081,0.0821966260835658,0.6404861053260199,4.89098907908145,0.3042343830478523,96.33871693496828,9125696695.574871,0.0014183550979092
1.4520570705147702,0.0617637226858395,4.5183836379785,0.03809503585582,9.221817188619852,7.280114177015071,0.3944947437627226,100.73387964147206,16145725478.09665,0.0006906872131332
0.157716601949218,0.0811900930151992,7.036084142568924,0.0875222038848465,9.151524114817404,8.205058212136109,0.7540613133191628,123.5470519915557,10989397594.692797,0.0006340562635971
4.063103539263425,0.0725067065768524,9.678201075415249,0.0671340808775503,7.743383263701897,2.2427565380840413,0.8370473278961978,92.51165312894877,9855697116.354343,0.000849114431289
0.3173101018329823,0.0339192351721592,8.081562927523757,0.0572813171058714,2.7752659753582187,8.002986789131848,0.7727938094218186,118.88060112042466,17716103768.62207,0.0007028556968436
1.0957381071813743,0.0734930215386432,6.253809994963472,0.0821685504761616,0.3393938476859064,8.62696995260601,0.3882098681886461,60.44372277926357,14898923257.166996,0.0010735588017946
0.9019105534042348,0.074436804627444,3.768947232019944,0.0393157124601219,1.1616783983218553,13.643460077018377,0.1747462834598124,128.60302225068207,18841752064.83748,0.0009792579860665
4.15945545478502,0.0891876859877642,8.71619161008675,0.0684140361088326,5.456701816609393,13.59021249319798,0.5141443261928832,113.4848041957,12853390189.986776,0.0007119300003525
0.774835081695281,0.0881901481488825,9.355032728981447,0.0224844592985691,2.087793292487033,9.48306893249014,0.0465153118325916,118.85536365371568,14590626221.93152,0.0011521881236368
1.572690031817892,0.0881231164697689,3.5845997077815785,0.0385205836487477,3.403956217037557,9.597819219815376,0.3103366495592109,62.24015428553713,17729848633.61045,0.0007801884489921
0.4541458218689589,0.0650325657238819,6.206841268293148,0.0872800441434124,3.5291391381288677,3.105575336162014,0.2068741113209099,116.17636640450912,11278705199.839771,0.0006985793711533
0.8788503690230061,0.037599388519911,4.573819949371005,0.0795780630212572,2.160671635018105,6.66839580434138,0.7138607273669534,97.87692575804336,13097149813.2053,0.0008178525415273
0.9126867130082638,0.0870438931854604,8.230581522824313,0.0862937433494829,8.938486286251944,5.4157311293970505,0.4857323929344635,110.3410334851672,10731670024.838469,0.0007020886180183
2.802398653395232,0.0593204892505331,3.59723010909232,0.0635740285322436,2.370047908474421,2.6429048797969976,0.5621259693903439,77.56618161312817,16438941666.628262,0.0010583729503963
2.4903329456757914,0.0626537359390419,9.036200254949604,0.0704114341780086,0.5205811660353923,9.454579526796408,0.6437389631264419,79.62160424313717,12913838202.793304,0.0009755606595944
3.0853651122164347,0.0748651658718945,2.616851663210087,0.0091145861562948,0.1834095295903934,17.18864426085171,0.3286586158347409,86.34403290679222,17795209009.543316,0.0
0.6797372246142143,0.0367254999768193,4.697635252840211,0.0776591739706742,2.40463485523271,7.493511847921598,0.7227452018821156,100.22784732190686,12898991267.062395,0.0008313004880414
4.233917604716535,0.0902260712201118,9.53081511537962,0.05311746901854,8.686088861860368,15.280027291009196,0.5221664871820525,74.25257569951751,10586223559.9693,0.0008660198240365
1.139594065519003,0.0620521152791685,3.650060110349702,0.0451703453717508,3.527013636791648,10.843894542560534,0.3772970060913302,65.15765586839709,15699086457.686,0.0007083933099275
0.1714176957705683,0.0658723793684732,6.945353083973485,0.0481308669229915,5.522135513773017,9.22613010241422,0.8049665377315409,98.54411967374644,9424523710.746532,0.0007668864553725
4.500509981458894,0.0551271274873158,6.406590085451123,0.0400098020873934,4.310285993459241,9.867059276213288,0.6251791578884136,69.31974798290459,12814540152.203531,0.0012512364156755
0.1410449867179515,0.0550215198899467,7.447100023026493,0.0817661812989218,0.8766033988995243,10.129086829948728,0.5445839314495269,104.23969664931364,11511265823.732063,0.0005601874112934
1.2561515579551226,0.094288751793896,1.848464897338551,0.0927321219710105,1.4783923715257268,2.678078426384264,0.599407489391342,89.30085936346038,18075092543.885685,0.0010053718437776
1.1536361509047683,0.0898147061338591,5.9152981721641975,0.083361522487907,7.72982094821599,4.691140594653833,0.627449690852431,106.45165265780042,16132231617.980972,0.0005833966319393
1.312516778449143,0.0817969834910043,8.600418795400724,0.0869914672723458,9.75126545724601,4.510356885520038,0.3812467905703559,128.1518616654194,12271092840.045956,0.0008096773844528
3.2121555286687253,0.0898646038125374,6.974682559618149,0.0507986508465824,9.212896424695334,4.909016733714089,0.4045737256636447,61.13731124182652,12487168872.285826,0.0006771830030065
1.28515445099637,0.0638031448476735,3.290115014015515,0.0944690604661708,9.80504620647003,1.841965274276056,0.2886993544498918,92.7895636347874,13108799965.12662,0.0006315194022804
0.4119529028427411,0.0824163211184766,5.553778053511232,0.0981683784462577,6.522335922317812,4.294402498731388,0.3585774494389833,109.7767804083739,12953622961.285744,0.0005703611636954
0.8212363452181919,0.0560860939371313,7.405999162246051,0.0945438445781461,3.3034673259283904,3.603374119915237,0.3379832101703982,121.23585982255604,10517750948.503218,0.0007782457522048
3.3027411431277005,0.0906367522817852,9.556007005897571,0.0584497244577266,3.3085552440272874,5.971256082725189,0.0927264304917261,104.6786918507358,12311428471.756975,0.0014171790851812
4.457640105293599,0.023452262981714,1.7313550466856298,0.0204452941977951,7.129534924519938,19.39717707714093,0.7269720954642626,60.43510683385882,19119820334.70553,0.0008430616852764
3.562682052224634,0.0931196480819527,5.604245859001255,0.0626774390373174,6.341748719321977,11.138698652939084,0.3325926317949242,70.20459160355156,12943547852.328115,0.0007582224028573
1.1536361509047683,0.0898147061338591,5.9152981721641975,0.083361522487907,7.72982094821599,4.691140594653833,0.627449690852431,106.45165265780042,16132231617.980972,0.0005833966319393
1.637604790430014,0.0819087075935089,5.599308343451777,0.0551225843481025,7.428866091727792,4.0438978288827405,0.5818173881960497,112.44689606625332,13951171317.067768,0.0007202568754075
2.499911680864049,0.0365172433336348,3.5243478708007734,0.0670925652096657,9.062768110827731,14.056516876614651,0.3239568169891851,88.81457117551032,10217387258.09678,0.0007848226497458
0.4782413972111696,0.0967905140566555,1.6570801484498372,0.0815921207170417,8.70907648914887,7.192280740667554,0.4547839572319976,104.1079634165459,15563214986.300953,0.0005707944843307
3.7615001743405694,0.0912792168847015,7.247923740275064,0.0613731410553451,8.140605148463749,4.741668938881296,0.5282111670152976,72.21716687875403,11402817877.40322,0.0006833042149107
0.9900957997115089,0.0653730443637629,2.965979681767391,0.0577987553160868,7.545207353116083,5.769772163953415,0.045185821829155,103.46571527715976,19015274639.636494,0.0007548176923596
2.7369506448843084,0.0689908010896759,1.2269177484071585,0.0381267482996655,0.26692183890852,7.023562343852403,0.3639520250157556,123.07328788264304,11416939749.115889,0.0006941270050618
2.473375765214484,0.0587633342883606,3.100681104633991,0.0520849769122678,4.892135859314502,3.588309654551751,0.330174149841423,89.5572294812615,17970774355.358776,0.0010115417222103
1.4761159107829018,0.0820737029800007,5.042565992632195,0.0868387870629335,7.712657492607051,8.254353749274165,0.3721895242166804,98.72604695162946,13923047167.677551,0.0005336168467084
0.5892822965189934,0.0926433353729106,5.11588132265825,0.0493676741183682,8.204829271227899,3.127314123126849,0.1479444412156596,110.21192321405616,12099017454.24478,0.0005502504187477
4.31222366762369,0.0933236820837578,5.755358295419229,0.0560446282513904,6.573222995915748,3.4807023208644527,0.6577566652766756,79.59132341789044,12704060337.41152,0.0007741461526605
3.97695511468038,0.0765412200303841,8.965152389737433,0.0190553741894837,4.133041735750186,1.0622141942375534,0.674623530500371,73.83166802025377,19873230166.582764,0.0008808727917118
0.4263761611325818,0.0460796117880745,0.1070962148564141,0.0261481108655378,0.6219491121641065,4.542025150146144,0.2458058533478071,67.48791097452184,12906562964.298817,0.000813996706384
0.830042626807911,0.099836014182563,5.987990969487886,0.0918664787502065,3.554660901229992,2.900775758160007,0.6041201463196807,100.46355361686716,15749903450.288448,0.0006822288075519
0.4518411424870713,0.0983329398080005,2.640526682400926,0.0949829392900895,4.605090537846183,8.264386340106427,0.483598378388261,114.74591977593428,15867600083.675142,0.0005773367905612
1.0881569855747488,0.0808954265926076,4.86795414342653,0.0627978381220226,5.900664621228639,9.32441188451584,0.5690621081280257,105.99069032363874,15652778721.656223,0.000603064389202
2.1197715876098715,0.0736252744420348,6.576059767739609,0.030765734406493,8.959889833048436,3.28665830309048,0.421330096565515,100.17765524915916,9707275462.797112,0.0007141943072034
3.514213140176705,0.0781230754894179,5.559700779364574,0.0246891938836033,7.085319907125049,6.003265081397614,0.5130319419566214,74.46158483394792,15237887913.669683,0.0008091320242205
1.353297703202466,0.0530975733091842,6.633312999508094,0.0326494633900104,0.6315787756655833,11.423077657124852,0.4866111139870039,101.8248072710162,19435644504.98416,0.0005908405920649
0.1015570435171092,0.0416879769236338,9.057020761461557,0.0432698279772431,5.810435242310772,7.2212444396438675,0.6657184081638657,99.03171224568216,15206168639.286114,0.0006665032062412
1.7651898197026108,0.0545634864460232,2.5840482370776763,0.0722122609902856,2.056693218077372,6.857337409423145,0.0412654116803935,86.6892734364366,11124708779.770874,0.0009565677896721
1.690075303057508,0.0694659363438715,7.508760774520674,0.0679536544773036,7.748571304870336,3.800790238589409,0.4718706162813678,126.15035046999536,14116166911.012293,0.0007240339155489
4.814426927259062,0.0629398067435701,7.036038728408642,0.0364177358762711,8.035227703039416,9.300698429271815,0.8193967250529709,70.4271671527261,18756129400.33119,0.0009005460119033
0.103420875447466,0.0939433842969021,6.616236327321449,0.0845477606417984,9.31163594283242,2.144958447062507,0.7416056546004413,124.1624371279925,9283678296.230392,0.0007771386557125
0.3408791296104306,0.0580998594082506,7.287124934215103,0.0951442120281094,4.366962780314731,3.718402403531999,0.2551403460857923,117.9583519692028,10202270215.480087,0.0007776308262765
2.049140872348662,0.0913775936579229,4.670362322799486,0.0268680378992343,6.466740814708508,15.000377968497888,0.1394625059805818,74.45058028501738,11156009646.232449,0.0008435327048738
4.1347471800398,0.0809824814679698,7.316511896459162,0.0586169326233366,9.796549356411106,8.497569562938134,0.7980923678114505,95.20197812562016,9161205392.55579,0.0012092637159433
4.907628725399594,0.0708080418334938,9.13576213974779,0.0353937342688153,8.338758172408882,8.023983681222514,0.8160975793855154,63.55674609099568,10326955187.65404,0.0005253297649281
2.896845491382153,0.0733538340246137,1.253515179152816,0.0957732293841568,7.834680935759144,3.3410723073937825,0.3158325388456814,127.88854155607766,11828013068.200705,0.0006145928768903
2.7462363821217224,0.0554288894704352,9.73532520770723,0.061576609536004,3.995011009942549,17.25227566882241,0.3940347738371966,129.18120846352627,10247597927.057362,0.0006878100736577
1.2549103654036995,0.0953899450328365,3.224187472167379,0.0397300870939987,1.6006146389437428,14.36792525625368,0.0501707194569883,99.854637857441,15701783693.861197,0.0007855347333037
4.062808427587381,0.0501306233949715,2.070749099425518,0.0659441983812633,0.2389139972934431,6.721946927588316,0.0768185280025666,127.3738161250911,9180865186.735998,0.0006385002917363
4.351401237552775,0.0979857322470543,8.088990330249592,0.0481888096846796,4.34847759209789,9.400730173031098,0.4717839711685827,62.03371821068728,10046595552.194626,0.0008036738855688
0.3398989439018421,0.0566153328658283,6.88164830493604,0.0972974885680177,4.899607103627898,2.989374213253287,0.0802934537259394,127.54371078720798,10511264843.46875,0.001022188302265
4.326102912033202,0.0454845404124534,9.74590334960583,0.0583894536666464,6.642544727138672,7.186924701432147,0.5754704618623699,60.79842917531739,9039441033.857246,0.0012870297136676
4.943593711066883,0.0991385072309856,9.412822436788987,0.0507954492198227,7.86805098067947,12.038677692607802,0.6474636718234391,88.99153158261625,11545659157.403831,0.001003532419152
1.040616845092833,0.0951774424579627,9.790846450394303,0.0831391174770608,9.887289866182869,6.581103460423084,0.1385880704659504,128.34743814015204,13427330323.03896,0.0005541845315034
2.840167280100657,0.09942412147336,3.803259654577273,0.0255446992175846,7.289895918377293,11.527121471956404,0.2650795184291651,62.00900101925885,10725979158.606388,0.0007142862306903
2.831099815434588,0.0297126188774546,7.26161151084238,0.0940100855254403,4.571361608053072,3.841961956134437,0.5246538207075822,118.94000879095287,10858989657.257076,0.0008163745047303
2.0286311490750406,0.0650377641850428,8.7537038798935,0.0842060278508112,7.443468866433245,1.0510722879963978,0.6655355411899708,123.6658475872698,14140008415.486994,0.0007156745533609
0.3408791296104306,0.0580998594082506,7.287124934215103,0.0951442120281094,4.366962780314731,3.718402403531999,0.2551403460857923,117.9583519692028,10202270215.480087,0.0007776308262765
0.8079997884500091,0.0490182458355386,7.578139161858259,0.0889128892149209,2.669107017828282,6.303699988546539,0.44722012784285,112.23161383845162,10137030081.92254,0.0007921404019627
1.0610930738121174,0.095635968848552,8.47427223059091,0.0762893574308842,0.7226445747371162,5.278209458968528,0.1638935296995059,89.7512900191574,18628863888.868706,0.001007692682202
2.106494950572862,0.0549118532313229,7.829670042526127,0.0770468028415108,5.6238101337482025,10.381022113232078,0.1516702763932269,62.308681689690765,15878813520.405062,0.0006129377867171
1.1658424605332227,0.0879822375314888,8.827323876580369,0.0944507890326269,7.69689394380136,6.217275948651703,0.7390174486509385,112.34154189806476,12152969518.559698,0.0005868990005938
3.244556120550372,0.0402684366410868,9.787806216201313,0.0705402970516,6.900614840500353,7.602911229058636,0.4339649218895702,77.20006878605174,11707665788.646576,0.0013298275842435
2.518782410211745,0.0540157817078404,3.0962923561652134,0.0049341918636335,7.564250117049311,18.629450744838756,0.6029692495964196,70.56972822867174,15975579267.025097,0.0
1.0890573243368584,0.0523793435347156,8.154322855555264,0.0653907217640594,4.57378994332003,4.700047841403016,0.7554643006509515,93.0534123760526,15185836051.570814,0.0007977627775347
0.8296824685958143,0.0998926030314886,5.979305688980054,0.0919263319801585,3.5552837378777298,2.901614435722058,0.6042100593360985,100.44018784819404,15747150530.111858,0.0006823072588832
2.9770182974426564,0.0962809210887161,8.739534045447757,0.0379162699278088,2.616073326286553,11.3376231231874,0.3119277693767214,67.38873189066855,10295743179.559406,0.0006486204081938
2.961028169025849,0.0890504948458836,9.582847561299427,0.0425454127861592,0.2911831564434791,3.478788503687483,0.2074535879668992,95.1196257651138,16140648305.519062,0.0012421157063185
0.4941039387338276,0.061294367224271,7.622340325649736,0.0986259703809174,3.2999684358571946,5.836027535300324,0.1383595016178455,129.6972425572536,9617201174.58804,0.0007521032322127
2.418493922000162,0.0916957853218737,4.8431676177397645,0.0394647403394432,5.085726571970078,6.271816544994238,0.5004656749982623,78.6490307003043,15497553735.745226,0.0007045534986497
0.9765322886477966,0.0779715129368692,5.153268642625206,0.0370524344565579,8.28428924758122,9.470086658833976,0.1055892671833202,106.8295112160015,13968577141.046455,0.0007520267398083
0.6129015845491478,0.0789137229347698,5.418826738378384,0.0803776986338601,0.802279675745508,8.412452819554918,0.0176943698701321,72.1955647616148,18937980430.978645,0.0006270735993894
2.4890095749850607,0.0989181400009422,4.024478914741256,0.0886287449694734,6.997686659350677,1.8659672864555812,0.5468124165566025,101.81198102650788,12757649225.811983,0.0008213640446137
2.604777376326348,0.0535853200093757,5.963693023282221,0.094034250681545,3.782533612217508,2.6812665198315107,0.4498352199218043,113.56903600985454,12153098467.180595,0.0010557535673154
0.1555199525373179,0.0535464802692707,9.447234618155436,0.0372600242519937,6.042248125284482,19.85067345963894,0.7948668087353706,88.5461511847706,19930590625.892517,0.0007878232104457
4.766835323910118,0.0734239944250896,3.928373669748729,0.0584562948796519,6.6908362775657135,12.76574635208268,0.3355502898874037,65.5964550362998,14627258432.815142,0.0005221272899021
0.5681132539741323,0.0625791782150361,0.7921075149035367,0.0493996256286399,0.6379676757612763,6.961836022623809,0.0423155161224892,111.59960781835764,19932597995.58372,0.0008552400014858
1.1579871013136571,0.0905582144767379,5.846460943056605,0.06393784122847,8.730051226368921,3.628383947527512,0.39556655934787,115.14356553751963,15471728778.357475,0.0006670234848079
4.982762595522045,0.0823242712236935,3.237551270463834,0.0576829492542899,5.660827474344834,1.4485488522716352,0.8102258127917911,94.92541429657062,12235564785.555004,0.0007952823974991
2.1000771935286227,0.0831583587992777,5.930503250491712,0.0171687100072832,9.838047369077607,4.403636461920348,0.3072543320834831,104.84662884808569,9016943323.995935,0.0
4.419657644498061,0.0176291374173873,6.988858255958451,0.0310285268761121,5.061043760637825,9.191992538488128,0.4992847728037701,77.31337740357098,9418125785.900225,0.000910142607439
0.4773454864150712,0.0620914345715208,7.042403542547432,0.0414544599514957,8.106429373574006,10.485324379487931,0.6982493846199882,106.31656082754246,16798955461.079117,0.0005675368290566
2.076492433537053,0.0746843221005576,9.14077275848372,0.092193943128711,6.387075226552593,9.381101035972932,0.4734282750849174,106.5166156887978,14264291896.237272,0.000638935951869
3.2667790230530205,0.0660412206819101,9.94940605777716,0.0977230052023515,9.548126414737592,2.399455282414222,0.7471135293793678,70.32066752742779,16916855868.72692,0.0005859097708594
1.4267234802616886,0.0764085367237275,1.94726118613088,0.0814360081989176,5.966609818338633,2.226670026638612,0.5969705760547592,109.39838959703792,10045731932.20678,0.0005415636347556
3.440798462714141,0.0825502704154035,7.9607268046405375,0.0297664933991689,9.362305312687353,15.091258588476574,0.3924557717285592,73.22382654834146,9001678405.470104,0.0008759390985146
3.314965031983407,0.0836947449487053,8.15516154064279,0.029141957156541,9.416997276258464,15.084200645829306,0.4379084435406462,73.82322071406523,9650425525.485186,0.0008814832524307
4.131701670947183,0.0844383017208233,8.873781064886558,0.0549205031322737,9.175832765773254,6.456390873426147,0.5953384664703945,89.08478640169727,11140664765.426147,0.0011465915899934
2.87530569786278,0.0773835751723224,3.2545290991894853,0.0667426688729359,3.63541538272724,15.55692273045333,0.2511328251528062,80.57848459560282,11550370830.481976,0.0006307094412295
1.2747750668529485,0.0995008245868696,7.551559023077429,0.0325964870349394,8.001116758536325,8.662110202092855,0.7576511402644264,114.91020147357496,14152846703.358885,0.0005488698613848
0.1169375900306348,0.0909657493280882,5.427442820648468,0.0783418492925666,5.368470408709101,8.17778307134631,0.6847200536041761,113.1562410555954,10357941152.94078,0.000647208940249
0.2461618713397509,0.0994048682545947,5.039033777601805,0.0904130488156504,4.562147779794593,7.569348646843272,0.3145903183382268,120.45867746130122,15563732949.31993,0.00062556399196
4.153460698876251,0.0770489777857034,7.272882411855491,0.0401364641021619,8.669088401322457,11.955485102808318,0.5896839822055602,126.95866963435331,17394448065.933556,0.0005671558070115
0.5240752668526627,0.0519516109230429,8.717756023782774,0.0289509642008088,7.106258311394969,14.668213933722331,0.5917305422614848,122.69780364547556,14859478228.929268,0.0006966817855527
4.1347471800398,0.0809824814679698,7.316511896459162,0.0586169326233366,9.796549356411106,8.497569562938134,0.7980923678114505,95.20197812562016,9161205392.55579,0.0012092637159433
1.155876125627198,0.0904000523523107,5.889101334282883,0.0837909026493028,7.542144382969716,4.605848719687413,0.6061808753645388,106.13245229679838,16206631396.716188,0.0005714178444449
4.4230297219990415,0.0791147515273076,6.921715570108944,0.0509635803224628,9.409641444227276,7.121784885744399,0.7737509189820853,110.64631195000298,10304687568.430342,0.001244792810515
4.769777365245217,0.0859577591398847,9.121705243966126,0.0962538607548393,2.780172365641345,10.34420862320389,0.172605788657105,74.37387276690231,11960872003.563202,0.0006067846542935
2.9631825097518885,0.0446078066049294,4.917667364093076,0.0439498674613924,8.010118095966455,17.900318981845384,0.2226505950110232,75.46397622328989,10071699355.031803,0.0007627212867015
0.2378403369629727,0.0574083975323937,8.568384708616312,0.0948617994800107,2.479503062645089,2.354892287795097,0.2502054911000034,120.46501057900382,9112046390.283058,0.0009850388009417
3.214297106920108,0.0829787151462192,6.389260137751572,0.0955323431522274,7.442981443810336,4.613651299853364,0.0570473070431474,125.70706294419112,14786086040.531069,0.0008507646033399
1.3929014797610475,0.0983054344732634,5.38608304293149,0.0841965814425084,8.610298589869739,4.409152190417596,0.6886609012152544,109.85470377052192,16892717312.107038,0.0005384737115384
3.851802621078355,0.0754515651694795,6.387622111413522,0.0774983720906997,9.651271791112135,6.202699990252614,0.4975089778688469,73.41170955897385,17388495633.539394,0.0007626355630252
4.204811102290122,0.032340736156799,0.3979929942559493,0.0230602534055616,3.5262668624044187,14.779107180074313,0.795293135683584,76.34157274695364,19758986124.529583,0.0005802483904638
2.0921509997799457,0.022860948300545,9.00909448096482,0.0189629597370827,4.479634344739968,15.32879841934213,0.678083468779315,101.80705176952355,13307220281.71855,0.0007033619378022
0.5405869386089922,0.0804054113092699,8.70858284251456,0.0727213235045515,2.261381265868797,2.8508274205039683,0.0894335582831565,82.52096381567686,9602946027.997398,0.0010456432143016
0.696492053481902,0.0630848388482838,5.302348521186436,0.0984016373632072,1.6322352846692212,19.524462622369143,0.8189804978234156,118.76321161916836,9968546621.365692,0.0008509676493015
4.77130532176988,0.0901334570751843,7.041956803767362,0.065218675210763,5.559650057289545,4.21246133376109,0.7207376021122159,106.52628584881236,9713023788.396662,0.0008083091094634
4.1347471800398,0.0809824814679698,7.316511896459162,0.0586169326233366,9.796549356411106,8.497569562938134,0.7980923678114505,95.20197812562016,9161205392.55579,0.0012092637159433
1.912233764522676,0.0724105106298525,2.321277237768117,0.0904004261215048,1.4279432373770924,7.796256482569368,0.0416420808904429,80.12378766347288,9845516973.976965,0.000846578849326
3.591278111854126,0.0535537578994771,0.5116266920392466,0.013410474635515,9.792709694293077,18.35902604776155,0.6008371774025084,77.94859253954851,16667887566.36583,0.0011465756734685
4.096098748352601,0.0717785889611383,8.757185161908595,0.0407955903667345,7.842624004821218,1.1055412222151446,0.6585667748578086,67.24394004657192,18908109373.61114,0.0006881043062542
2.432575969168388,0.0791632716656753,6.14626618233415,0.0591635400623789,4.72897874184506,5.34459513975242,0.0511813140228684,89.88058800010161,15185080286.141022,0.0011006672055389
3.454509419427773,0.0558569572623442,2.765288195481188,0.0433692120051777,1.4810350741746547,8.594190738649832,0.1250736894429993,106.57456398150264,9673506211.131607,0.0009089924404294
1.164911017808797,0.0316057780170904,5.914677370919622,0.0397812460291353,5.10309290678899,14.485601856006523,0.5239926744608285,97.42464142388306,14420586387.165874,0.0006468642547209
3.514213140176705,0.0781230754894179,5.559700779364574,0.0246891938836033,7.085319907125049,6.003265081397614,0.5130319419566214,74.46158483394792,15237887913.669683,0.0008091320242205
3.431977233350169,0.046900734437223,3.947833607890663,0.0577522005827213,0.1876331983071086,7.61016744037228,0.6833364858797267,78.20080969513788,16012804449.216633,0.0009979108240658
0.4633678171913351,0.0307636686210206,5.358864512419864,0.0296580998652315,2.361615004899906,11.047084050255574,0.1862482996609087,111.73785955143128,14631909176.201902,0.0010055924088082
0.3978506658671921,0.0374398426913688,9.397701013853,0.0479487201606833,5.927861164814763,10.361788638109818,0.0425249347194984,99.06916768006474,12209758552.636158,0.000707321572606
4.763557351736535,0.0513680445332747,6.961728653581032,0.0577609400756145,7.779505689137972,5.371775536673854,0.1645702537409029,96.44288959093396,10602012533.288048,0.0010561404448298
0.7109209762056111,0.0901382899644679,3.1411746469173285,0.0583631983071434,9.255860969524216,8.568175099417024,0.7775783930957925,114.0320061488029,13542088710.14378,0.0005150674665818
0.4121876301941757,0.0459094428687463,0.1460840812003937,0.0263343650958024,0.6328618809076295,4.508059864730006,0.2458899919333069,67.17051544620674,12930659640.00833,0.000813197360552
1.8170039405375848,0.093049402094239,3.0108103195323754,0.0840168711760938,7.587846646510125,5.169207285529267,0.7041158205667356,125.19171088814149,11844773988.51231,0.0008524559189821
3.1117728932617736,0.0966871738487405,5.062208394633035,0.0873189483651485,6.07231830574661,6.96148685180957,0.4196938001425279,98.10878796845569,12976110198.164814,0.0006888587404607
4.15945545478502,0.0891876859877642,8.71619161008675,0.0684140361088326,5.456701816609393,13.59021249319798,0.5141443261928832,113.4848041957,12853390189.986776,0.0007119300003525
4.572935939915216,0.0809310975773279,4.760747639914537,0.0586746595470522,2.5513093319347537,9.730840616276362,0.3384130694556307,87.63706413086616,10597936579.28339,0.0009456508277565
1.6559741462156143,0.0628865638485265,1.096457436817729,0.0559457707538367,0.921001772244314,10.694103909166264,0.1291003866348656,98.83527896116874,19834719628.828667,0.0008034916229798
1.1415548998148846,0.0897967294260844,6.019952610329247,0.0283426626086243,7.644020715481333,7.189788056967522,0.6884888099079867,108.59149300054943,16029619020.52768,0.0005810909898745
0.336812205166853,0.0478588866363017,5.269549591904191,0.0918822672379818,1.5105204439015771,17.459826482283976,0.7906483726916156,114.3182393131026,9262815462.973928,0.0009550158147674
1.1995759950433589,0.0904105822399233,5.819133615850767,0.0632529658250051,8.75502641044006,3.5617494584469,0.3872276328218927,115.03934940617532,15601601738.918318,0.0006637352506072
0.6829895445187176,0.0825937416435993,1.9935585675650944,0.0626009652695876,1.7606973216039976,11.537712136142224,0.0664610316443492,81.73480394285086,18035032880.270046,0.0007301639969982
4.093469094308047,0.0890728155098805,8.22188416994249,0.0555263222188848,4.423387089099669,10.169666539063382,0.5031499947547166,84.93907052684469,13114391441.721228,0.0008866627472956
4.36287588106904,0.058102189641309,7.080483276959848,0.0264923282887922,2.356799817773272,14.064046919366016,0.3519438079235774,112.70521400508372,11100199713.017494,0.0009818115605406
1.8311868035083645,0.0488235190315523,8.060155138806783,0.0618118826077848,4.798181860872748,8.871465543607982,0.6487730850540078,65.31567824414624,11042498537.488297,0.0008093332205987
0.743149650714896,0.0663997112556206,6.231540071902932,0.0858352909038553,4.8763643239473184,2.859719264804929,0.330304355241691,107.3325379292412,13105272153.998182,0.0007930299598919
2.545703074575957,0.08621191508443,6.802404944445249,0.0074856334108831,3.251130337266332,12.853215347279924,0.0493298092080225,115.7422538171508,17520372037.65611,0.0
1.1644674058450004,0.0445687746295749,8.899245772561244,0.0837640489532772,3.8791151000300648,8.059640111124702,0.0957660285878425,125.97749064113832,11543375823.71774,0.0005207402440103
4.710854313532288,0.0897717691081485,6.025212222173553,0.0406016984809899,5.55829836288682,10.781216583611084,0.2321127331669042,95.79080933081168,9816218088.82449,0.0007512152965136
0.2782979232668439,0.0587450973639157,7.486939751956206,0.0964072231081023,4.231375947897655,3.234822851256119,0.2566700037165881,117.58007138319437,10349577003.615002,0.0007722483087931
4.053501256314171,0.0717374796243712,7.443854154226649,0.0428260256379641,9.225556665696953,10.14306790039098,0.6416547661894629,66.91450688642627,9794439306.848703,0.0005876996135222
2.341134030082939,0.0953544399683571,4.164899755532154,0.0676538597541386,0.606182593936213,7.026235501097879,0.0854050257092215,104.90459873924132,15102708554.205776,0.0012894277112538
0.5527443833110482,0.0109559050019339,5.37276783522856,0.0906652694602006,3.292445923435052,11.51332722805046,0.4375229352607442,109.06212951290918,9029709275.757814,0.0005582853646595
0.1835311198231814,0.0800529385295805,6.194478656290101,0.0961731095774665,5.414753271701222,1.5647325103577288,0.2725511913065627,127.5509422322232,13299312941.42199,0.0006940072077566
2.0940562838723378,0.0488027995777068,6.063298023416992,0.0401776273015058,7.773436838637778,10.463805308341062,0.607496413453149,95.7542925810899,14413590113.981258,0.0006032822420935
0.4859839135602837,0.0561001250597999,7.794113299993256,0.0851405392196876,6.199180071938391,13.015446167625177,0.4139639671676919,120.40224647336572,14014297226.39664,0.000932142533184
0.8658627668213873,0.0411630837808163,6.105523584778968,0.030116514981346,3.610711836594928,13.213168086848883,0.3117157310156596,122.0634931235846,15524153774.714428,0.0010544583953502
3.482616897793531,0.0807321279984769,3.646989805510341,0.0841035387453639,5.921297203030941,2.638429135065101,0.4755970942090534,104.83074737403192,13274474705.747316,0.0009440701202636
0.2673996118139454,0.0908731806157914,3.788648065600464,0.0627101444622727,4.201709480866053,9.179324951400387,0.2038184142973375,118.1635141662197,16974502972.293032,0.0006024803865294
2.538040562993727,0.0921705292333648,3.419421689350528,0.0428062668784761,2.3199996721518743,18.533982818206063,0.8449194695954693,74.06746589240902,16439462999.109018,0.0009261293748358
0.5060876703107445,0.0610933845776688,8.429326711522224,0.0664787472591796,5.008770001996587,3.4456510374246694,0.819184226761201,104.9826349390755,18266531317.052555,0.000797038215729
4.682206161228604,0.095567269100531,5.653885634208946,0.0568511347797939,5.362960452661894,4.975178378873121,0.6568186169932636,106.65385651276377,11241385400.192638,0.0006972018054335
3.696381811831461,0.0758589785572421,8.800017100877689,0.0239303694131211,6.664923497142924,1.281626158274513,0.6915716856803934,73.44550419014955,19843257709.8517,0.0011224132967211
2.4561091089483837,0.0711010656991607,7.111990996565343,0.0517628798781526,8.94533285367984,16.010163370437052,0.6754916782219389,62.77794223347398,19073794871.717503,0.0012550560081365
0.157716601949218,0.0811900930151992,7.036084142568924,0.0875222038848465,9.151524114817404,8.205058212136109,0.7540613133191628,123.5470519915557,10989397594.692797,0.0006340562635971
0.1428530710949282,0.0317130981428567,3.079156974680704,0.03736171819479,3.5037887877277827,11.566155882202526,0.3144122376463157,77.71848849624693,15849258507.839205,0.0007293908210988
3.5080344605239,0.0432788464601149,4.524310594883287,0.0533599596827171,1.7947566171356537,8.154068378142696,0.6665833320536421,78.32185626625771,18510299029.86125,0.0010607251665205
4.31222366762369,0.0933236820837578,5.755358295419229,0.0560446282513904,6.573222995915748,3.4807023208644527,0.6577566652766756,79.59132341789044,12704060337.41152,0.0007741461526605
1.3778462424549676,0.0698281120683748,6.786718980587166,0.0834961669654028,2.6906717151516246,1.9116490333460263,0.3947970238008172,113.935136256106,14600134907.84376,0.0008502194635567
4.159815432188957,0.0793088962188299,9.485410483690716,0.0825387100163746,7.941225165344151,1.5156988415706163,0.2710850184981138,74.96079191598521,9427805246.54502,0.0008222239206734
0.4780139701200159,0.061803117586511,6.425405920527535,0.0454948672449028,9.302564759986746,10.528573105760575,0.7188360916589036,107.46757773095216,16139542780.345482,0.0005299887326191
0.2883398758076353,0.0850664142547049,3.2367371078160145,0.0329561450183334,3.701534561670968,15.287589526378891,0.1010894029490623,73.28126005159588,19874008839.566406,0.0008355290649526
2.7180689193003027,0.0489236514273209,4.882145619981154,0.041143742844709,0.4357071588003341,9.06181935078956,0.4427708491060599,79.4804920142627,15208064749.35783,0.0007183377065529
1.148599754625541,0.0898275082337224,5.913801630365402,0.0837365385998659,7.710100474954213,4.705361511062033,0.6279639763006036,106.42375995415942,16131886961.382652,0.0005828845924631
1.3075949099255395,0.0898161781810262,5.55470519109605,0.0559222040319405,9.603866978663318,2.8444509926613355,0.2000170550258251,118.21337785497892,13597333507.005074,0.0007273488063947
0.4121876301941757,0.0459094428687463,0.1460840812003937,0.0263343650958024,0.6328618809076295,4.508059864730006,0.2458899919333069,67.17051544620674,12930659640.00833,0.000813197360552
0.7653464187364718,0.0490589582260995,3.2551762885643654,0.0382970243078542,3.871780183758084,14.57798112572613,0.3409228251964989,71.62595461995996,15630941899.02989,0.0006842509310867
0.4856528456563183,0.081865128378534,3.9613670492775377,0.0536424506504066,5.090448582541511,9.5497080673485,0.5409158722774554,91.17981494146088,17991469487.516415,0.0005140404392761
2.2873914407868265,0.0930066739123027,5.322472466594264,0.0824383725435236,6.326844744803374,7.890411284650971,0.5261371295821311,120.86691221193983,9080057770.66382,0.0008122025179352
0.4734771059827519,0.0557725814201685,5.18573678344682,0.0360015702605273,0.1956292821213251,12.597563852355076,0.2671928675658269,65.85332577456292,18288755839.127934,0.0009100795716276
0.9780620068566828,0.0782285012656515,5.243959964477842,0.0364925181524711,8.68362607591007,9.298900403196948,0.1071781730160172,105.03048943563134,14084478222.16124,0.000762298056309
0.2461618713397509,0.0994048682545947,5.039033777601805,0.0904130488156504,4.562147779794593,7.569348646843272,0.3145903183382268,120.45867746130122,15563732949.31993,0.00062556399196
2.045493521563869,0.0674806394288377,2.725509915996801,0.0503884228228039,2.693980815065632,11.804940043542018,0.102342507726861,102.42941398288438,16885098072.256372,0.0008401631836034
1.0722029762094436,0.049248561280208,2.929181737450252,0.0929119854844473,4.563928537585994,2.434715556967884,0.140970738972576,93.78349116346668,15097548253.207098,0.0005604256120147
1.6215402603850904,0.0638812294176184,4.2636587371260175,0.0297436549944482,0.1199715470098276,8.882522008454814,0.4571746437924724,94.74499053337868,15566029897.258429,0.0007641805448488
4.78339378747024,0.0451063746337837,9.590759417103364,0.0282029782329111,9.816741420801822,1.36545134054154,0.8430570806417936,63.26485713247229,13248858684.668531,0.001115388938404
0.4541458218689589,0.0650325657238819,6.206841268293148,0.0872800441434124,3.5291391381288677,3.105575336162014,0.2068741113209099,116.17636640450912,11278705199.839771,0.0006985793711533
1.2683149242743386,0.0622231625332345,5.707407423645815,0.0683335792632974,3.416977087335401,6.191401299317629,0.7770121294660893,89.25189199566715,17097160221.204632,0.0008375302132529
2.882047315846336,0.0459954732709615,1.9688709828598248,0.0543055299166903,5.524408669044285,3.2517977203958006,0.6350086369987242,63.10432575994105,19733337913.36161,0.0011265122695416
3.6888005207453127,0.0651007814416015,6.535499931947411,0.0508985770999899,7.560672239154327,3.645891807088487,0.5575301046234694,92.25585145896652,18206781079.15317,0.0005052795809352
1.040616845092833,0.0951774424579627,9.790846450394303,0.0831391174770608,9.887289866182869,6.581103460423084,0.1385880704659504,128.34743814015204,13427330323.03896,0.0005541845315034
0.6194668420039884,0.0690668078293405,5.561531282664433,0.0806755941651342,3.153736116124578,11.450270126555989,0.425965718372984,111.48362481261944,11771562213.156384,0.0006126951457174
2.541914270405531,0.0778665924617514,3.388172865107243,0.0040517213401313,9.917471052467487,6.774883117070931,0.6740465006777138,85.96939991020372,9014479652.000448,0.0
0.2518872708215202,0.0663514769036288,6.940009636165528,0.0646647500510938,3.425497656360041,1.0612613437783196,0.3327577029655895,128.12386114025273,9599603313.55817,0.000676064402765
0.7256958165438355,0.0460075281507502,7.963189760946243,0.0809591857098949,2.941709990290489,9.869887871780769,0.5111995984566903,106.66549892047284,10525487144.696146,0.0007641597042362
3.385449107378723,0.0580821843385057,1.771738161498574,0.0294666676083426,5.719036480152045,1.997015743113507,0.162054141892912,113.21417862573242,16273028814.121208,0.0009529622680958
4.5558213999234205,0.0861410568940005,5.613929902746734,0.0913780441760426,7.445034131360245,7.45212830116781,0.6004908807897941,71.43019340756352,13426125597.793348,0.0006468795130329
3.313199853247612,0.0411257420541646,5.46155084839264,0.0410398575381706,0.8241971999802317,9.344930409056456,0.1639039011329753,97.55600436281642,17157933701.697878,0.0011857212515773
0.3179079228842766,0.0497856230667584,8.251210980732457,0.0628628085542727,9.853669087732936,5.875598222594898,0.6626095151005779,88.55526667242549,17857054335.497093,0.0006329804349207
2.534045381101376,0.0697029777724815,9.856809957930196,0.0584598252343002,5.10946369695126,8.359483759820593,0.7980485644714455,102.3490171725513,9906462102.913645,0.0007400507039314
4.096098748352601,0.0717785889611383,8.757185161908595,0.0407955903667345,7.842624004821218,1.1055412222151446,0.6585667748578086,67.24394004657192,18908109373.61114,0.0006881043062542
1.8987303842430308,0.0708922831011292,3.914679323023577,0.0197196940517236,2.109918234626532,3.74817370338352,0.2286211951458141,84.4216310317635,16327956459.998297,0.0009302120402141
2.448920647967322,0.0582646239643295,9.407871103681511,0.0475147957720664,6.638370121866887,7.668803007981897,0.785096777461222,71.5641488419962,11290108681.20724,0.0011215005763432
4.55987056836353,0.0752762589628,4.694791453487172,0.0353770613651464,9.227107359952276,2.094920192295878,0.7341553963323897,71.14477977394542,18281375334.70225,0.0008242775419867
0.7256958165438355,0.0460075281507502,7.963189760946243,0.0809591857098949,2.941709990290489,9.869887871780769,0.5111995984566903,106.66549892047284,10525487144.696146,0.0007641597042362
2.3993669991258204,0.0615801670894282,5.411063994385764,0.059791400989153,1.3508447509025363,10.266056786385017,0.087554691437734,126.86996797633051,10373573629.638428,0.0006437268951685
2.945362416540495,0.0725713303477014,2.5605342672094165,0.0379433791455843,2.708908458437706,9.548332422585029,0.316002993470196,95.48431935094648,11973700047.60823,0.0007348502657806
0.3004016400932744,0.0888805760666745,3.595355517232397,0.0869922681499189,2.7214541176263856,10.709763223873228,0.3056757766624277,106.02772168490628,14358930371.211,0.0005016576038492
0.9275209745756492,0.0951716305779718,2.9263016300447373,0.0994762867192323,1.1801898673220057,4.24722082722949,0.1200475693048156,117.55782054968132,13177799372.2585,0.0007603168594682
3.4773101854492823,0.0929574548996517,8.78909381509326,0.0496771320279703,7.7021088433352,10.78894248240255,0.4326195778303079,67.27904762159692,10387409425.823286,0.0008449427549599
0.743149650714896,0.0663997112556206,6.231540071902932,0.0858352909038553,4.8763643239473184,2.859719264804929,0.330304355241691,107.3325379292412,13105272153.998182,0.0007930299598919
3.0016141571900383,0.0956873820478876,2.182688850793077,0.0863445496394709,8.431964516026556,11.418291770303828,0.0346298828549103,86.90490141793892,11556216953.9451,0.0007627461203553
3.5316612879266893,0.0653554230056398,8.042404977183269,0.0377121230420751,4.664377866093487,8.560665647945559,0.7136626532401676,80.93269809572503,9984350201.492365,0.0008720907075935
2.276788153544236,0.0517435914015896,7.82651834269631,0.023798128899631,0.1249707223716093,11.76030296472772,0.2110145322936763,82.2287241118805,17886922469.28292,0.0011507421727251
2.4013497390735363,0.0785147431518691,8.930974704897697,0.0460912981948664,0.5754275969608718,8.112851862231965,0.5695559538264916,122.42357762607423,19812993694.761234,0.0010815792316474
0.4978744725517658,0.0422776594158361,3.156770017284273,0.0378305736366857,4.138895970049296,15.928314305585689,0.3623732430387822,74.23303855545107,15712030137.57566,0.000629634816952
0.2471579845903914,0.0887254737618008,3.6068965526055714,0.0859591158990789,2.6962293326390294,10.799136534626111,0.2970454503952044,106.14461778914256,14372745507.05486,0.0005190364639661
2.622932133984158,0.0687658163356849,6.402509580900044,0.098567392093377,2.541133879707533,2.1518342155204166,0.3543588840202997,119.78434464735,12112756348.636726,0.0005414289060513
0.4307495146829177,0.0862399182534247,5.510787467174432,0.0954194080637647,6.626936279997358,5.372759544952017,0.3324041521362729,109.8336614144578,12815830540.142946,0.0005764762987077
2.59141080427521,0.0996277193318134,8.81111836149603,0.0990561687338508,5.059852217943849,1.258695932674628,0.0424645882285796,63.24547271260656,12474805738.61182,0.0005932014842641
4.121019443605891,0.08650297838872,9.757010169423465,0.0549024444923746,4.642489743974149,14.393008821722717,0.3147347857555844,91.55886068466556,14321101226.83498,0.0008792633008032
2.52951587488972,0.0949079572314016,5.515060892228796,0.084140300582628,6.767828632159152,3.709845334631934,0.2856863751661135,72.12501445711138,13124130010.961325,0.0007033424998847
2.814702977413489,0.0646478174218409,5.689838531575492,0.09775162402274,4.457832394420649,2.52101807495651,0.4592164892045832,108.34817165707676,15681963860.896269,0.0007549842833446
2.745789921964917,0.0437723250591755,4.533086425420012,0.0345789784234161,8.532480867618244,18.40336235723917,0.2211618928578105,81.08082857900428,9981669277.60295,0.000833821603294
0.2085390865406174,0.0863551185049342,1.0191312539958584,0.0422099933838099,7.18439912557606,2.248913384759149,0.2856423355196611,89.57068592273188,13874372398.288803,0.0005330225870526
0.8308774888158699,0.0908396684115665,7.5497109966691776,0.0315181684559998,5.025591332437327,10.2526400650891,0.1465962225929067,128.32631599340763,14392325285.24381,0.0009727451829992
2.6410525478010403,0.0640820746090095,5.480673300787537,0.0394511263778575,7.683523873747317,11.652361549626493,0.5721426359528826,96.04691236656969,13378538552.804928,0.0006338241962158
3.27525138327294,0.0947718530360103,8.355594832640422,0.0672440989474599,6.562577177148697,7.653817341649375,0.4021979035148906,89.80377527961271,14580228488.159529,0.0008383658407013
0.174952436203128,0.0620837458406669,6.301511012158724,0.0957037015858521,5.165535494427044,1.8009434794041146,0.120893260702708,119.22744430082554,10574174164.928225,0.0007695451200896
2.046714625014084,0.0651344210686461,8.76892277269798,0.0842310263031816,7.427353061266149,1.0757158051474522,0.665637389960779,123.70501888711335,14117289572.645365,0.0007162320947813
3.629375724542808,0.081706332313756,9.36903697220293,0.0999862594153377,3.345457843118589,2.755329437610071,0.3321241122052996,67.16638149569062,11980444292.307207,0.0005251988985418
3.8721274951727054,0.0824745199819919,7.462997482768404,0.0937998283148004,6.862444311011634,10.691186348170255,0.7322997108704654,70.49214964463425,10918673555.17982,0.0006440159038851
4.159815432188957,0.0793088962188299,9.485410483690716,0.0825387100163746,7.941225165344151,1.5156988415706163,0.2710850184981138,74.96079191598521,9427805246.54502,0.0008222239206734
1.148599754625541,0.0898275082337224,5.913801630365402,0.0837365385998659,7.710100474954213,4.705361511062033,0.6279639763006036,106.42375995415942,16131886961.382652,0.0005828845924631
0.7970510791175798,0.0888512407290083,1.9094772782524816,0.0815813272726761,0.6212022156132789,10.348584947022072,0.5247514980531698,90.77021978020916,17201637256.34494,0.0010217435026726
0.8260977735633579,0.0583943736999319,8.810875792297463,0.0577493045372225,5.950423458391558,5.815788898197555,0.3633886279222252,106.44579756341754,19244477951.546444,0.0009968478649373
2.676083855580959,0.0979146235881759,1.0186840929951286,0.0864979859080316,6.54730887086157,9.062128519122682,0.0123094856201668,94.93399407431204,14130067548.502745,0.0007827504774271
0.157716601949218,0.0811900930151992,7.036084142568924,0.0875222038848465,9.151524114817404,8.205058212136109,0.7540613133191628,123.5470519915557,10989397594.692797,0.0006340562635971
0.5434199596635203,0.0999538782336185,4.981209380136516,0.0866919277951576,2.197221374416306,4.063343893924466,0.7574714260605312,66.97741495325128,17116695630.278185,0.0008853504478405
4.130906871249231,0.080809498189973,7.31034968628071,0.0585503607393228,9.790133024703827,8.497063088794329,0.7976870244560097,95.18924181842884,9166908612.23343,0.0012117818363056
4.929345046775246,0.0636813424064172,6.940728148788856,0.083361321036072,7.18259315215491,11.339677496346882,0.4657827563380876,93.31899724271584,9286216318.77347,0.0009137863867638
2.467565611665043,0.0553206761279514,4.848284235846313,0.0766161083402455,5.061142353203379,4.9487991535240985,0.4394321778043317,126.86842316691234,15789168440.966908,0.0010071496910627
0.3461584922095458,0.059580870065187,6.7315052203890575,0.0940570551402522,4.83861710183246,2.9490273036012056,0.2144365456433695,118.15456034911844,10402913604.075476,0.0007825948096963
0.5240752668526627,0.0519516109230429,8.717756023782774,0.0289509642008088,7.106258311394969,14.668213933722331,0.5917305422614848,122.69780364547556,14859478228.929268,0.0006966817855527
1.7547980722214924,0.0612407196942239,1.0926001415115307,0.0386585979815877,3.071120029441773,10.90379227360193,0.1458557566954363,101.775293994655,16605368638.088049,0.0010809089600089
1.5392948348343674,0.0868243394196521,6.911216828819235,0.0807480430234938,7.768892902556508,5.542800754597714,0.310539934759151,96.41645494533542,15243044860.155476,0.0007270736908858
4.9036462424858485,0.0971276641122902,1.4864636431298877,0.0555227970716318,2.885124715205382,11.554235441378182,0.6312450431434384,73.87818818290945,10893093639.139542,0.0008447007818934
0.660657091141573,0.0858550724228558,6.104414786993045,0.0986647048270171,6.4447704303937705,3.3615017785757324,0.3570224697551297,121.23616997479236,12952618420.996798,0.000510166700998
3.712357727810638,0.0731308474173822,9.853589687835902,0.009306510857658,3.171830639012494,4.7542747953561975,0.4418575533515124,72.38260690468817,19891682025.34723,0.0
1.22599098393271,0.0735827089217421,6.834881146086288,0.0565460217830799,0.7898657632864482,11.660236334442814,0.5119741329191099,101.49296895833002,14423539028.608484,0.0013459563348615
1.4520570705147702,0.0617637226858395,4.5183836379785,0.03809503585582,9.221817188619852,7.280114177015071,0.3944947437627226,100.73387964147206,16145725478.09665,0.0006906872131332
4.299296874324734,0.092031830210601,5.778591027493628,0.0582536702710863,7.011716933770797,2.093848614992695,0.6590635061583251,80.05115320321156,11813012605.833254,0.0007300566790256
0.2085390865406174,0.0863551185049342,1.0191312539958584,0.0422099933838099,7.18439912557606,2.248913384759149,0.2856423355196611,89.57068592273188,13874372398.288803,0.0005330225870526
2.504309404771756,0.0515856076731598,8.097294458285516,0.0347275294451172,1.505880171857655,11.854709461122244,0.6941218277420507,71.00054238649886,15140858613.232174,0.0007843760837239
3.851802621078355,0.0754515651694795,6.387622111413522,0.0774983720906997,9.651271791112135,6.202699990252614,0.4975089778688469,73.41170955897385,17388495633.539394,0.0007626355630252
2.076492433537053,0.0746843221005576,9.14077275848372,0.092193943128711,6.387075226552593,9.381101035972932,0.4734282750849174,106.5166156887978,14264291896.237272,0.000638935951869
0.3932541817204317,0.0952259040655635,6.683211600642212,0.0982651352665466,7.977546473723763,2.799105274992989,0.5027614022089164,99.76898352987536,15848986301.784569,0.000699574201299
0.8658627668213873,0.0411630837808163,6.105523584778968,0.030116514981346,3.610711836594928,13.213168086848883,0.3117157310156596,122.0634931235846,15524153774.714428,0.0010544583953502
2.1535401200809643,0.0735561135291717,6.575039513883449,0.0313344878169701,8.612669763957435,3.445185788340385,0.4238805240599754,101.62204520579556,9865838336.61359,0.0007127543519669
1.9563966975033549,0.0550402239620684,3.642749369414005,0.0503577551844245,5.332704750030026,17.94136549973959,0.197865711426485,98.28026186220598,13359651906.367098,0.0010056454323598
0.3978506658671921,0.0374398426913688,9.397701013853,0.0479487201606833,5.927861164814763,10.361788638109818,0.0425249347194984,99.06916768006474,12209758552.636158,0.000707321572606
3.0778363851339825,0.0737847422718262,6.809713154753504,0.0362319214408369,8.885807406703433,7.466437698373358,0.5132936337793973,106.2448122447295,14073933716.430798,0.0014145391083058
2.925404265767559,0.0967976333181898,8.658601235694855,0.0825853064087255,5.797347936346014,4.904083555068865,0.2401716750238914,77.30446986878047,13443723439.051949,0.0007116291156544
4.403886799430076,0.0997202269133047,8.981493287799214,0.0610121486032473,7.192325123864287,10.505354084763196,0.4657630552089466,61.12193442693405,10957251857.73991,0.000814856778918
0.1424328751281084,0.0766410684607417,0.2757268587862496,0.0344433668398805,2.9518666139179683,1.0177155553009156,0.1580494749897187,78.15632512788864,14960530062.25388,0.0007424973796327
0.4941039387338276,0.061294367224271,7.622340325649736,0.0986259703809174,3.2999684358571946,5.836027535300324,0.1383595016178455,129.6972425572536,9617201174.58804,0.0007521032322127
2.022473986689842,0.0540820512448236,7.811250750520625,0.0773319274090667,5.704740552023063,10.319093609895356,0.1470090025617726,62.94777498577557,15875955015.970284,0.0006241168212789
1.002350420703794,0.0679189567645393,3.300089640605956,0.0692775786952372,1.0588617900407729,13.599527286522374,0.2843767272330325,115.20306493281544,13898580701.385822,0.0008465754842611
1.6413661609875698,0.0655590223517714,6.241019327814229,0.0669406777711452,8.336653524412522,8.82136428154682,0.5838282410540496,103.95385334364693,15708505866.472294,0.0006068887907812
3.188984376650432,0.0816850138441231,3.3615526285762414,0.036804341951778,7.142692560043081,18.724762706215675,0.823265260584207,64.24091166902843,19381497353.61532,0.0010895318479426
4.314233045097702,0.0452452604046314,9.776832610230022,0.030720430274362,6.854367462061081,7.589660588823802,0.613739592469557,65.9493837080743,9990396201.754154,0.0009555941144755
0.5766686464829063,0.0866743663977178,4.747187946054354,0.0301568507525426,8.684189270536832,10.37449355730534,0.1066244544671396,96.15295183010336,14459059716.22773,0.0007956586434876
2.683385934069609,0.0689467715416399,5.851232100599873,0.0557485416640851,3.8383482633324353,12.44983799007699,0.2658579988330219,102.55279808494625,13220895212.254774,0.00097264111586
3.4418651224072754,0.032040897886605,5.420647122164004,0.0296042861013274,7.599780271568238,12.625211322295344,0.5703721561318393,114.81210433952468,12643610184.309864,0.0006145131364322
3.66391648000664,0.0323557673230439,7.049559728403743,0.0280106480515617,1.9198028994518568,19.2661424353414,0.0893029913077789,125.8899200350768,14576516316.511349,0.0007648724497443
4.007008495267452,0.0484209835317051,7.7895760010771165,0.0613820705746423,6.709000192561832,6.376798418996327,0.5907937289188433,88.42213832611664,15091995851.28735,0.000733296823538
2.877556707938418,0.0992003459166823,5.192068529391987,0.085260174573264,5.486435431879542,3.3246634997785063,0.7119185742498638,60.498659961866935,13113141820.218046,0.0006101928994987
1.3043866278519802,0.0832334968916144,0.8651010145182901,0.0484565320707714,7.596715750827318,1.0737506382891746,0.38693583535181,80.08013532648737,10811610994.380585,0.0005935409479853
3.153329063998771,0.0630678869474267,7.649790427362546,0.0589723077519644,5.217139833487666,11.951455203559378,0.6068981542883145,108.58886461856456,9722373610.775736,0.0007358256553973
1.1536361509047683,0.0898147061338591,5.9152981721641975,0.083361522487907,7.72982094821599,4.691140594653833,0.627449690852431,106.45165265780042,16132231617.980972,0.0005833966319393
1.4373346543227927,0.0989863310883813,6.868301536385454,0.0190100067310448,6.737162473341594,15.2596052897253,0.1915397507912466,70.63271036177589,9816417500.180428,0.0005892765272496
0.3847337364509444,0.0696936221903066,5.619201777493694,0.0824904328592887,2.951470845732786,5.699755892697385,0.4038247114045512,108.49078145472735,13917815013.939089,0.0007301258674713
3.5316612879266893,0.0653554230056398,8.042404977183269,0.0377121230420751,4.664377866093487,8.560665647945559,0.7136626532401676,80.93269809572503,9984350201.492365,0.0008720907075935
0.9151368710990976,0.0915243577129948,7.604154356408301,0.0765267053464223,1.5723957873563728,13.397738111747216,0.8343008806209419,77.40290839305707,14018526058.903875,0.0007504790283019
4.811165176631976,0.0953318913426709,4.445758609933868,0.0514403177098417,5.141715609389767,2.373468239590578,0.7716651877519413,86.1069098197805,13843168266.59084,0.0008532085905969
2.698155363939938,0.0882600633962994,5.248103620978001,0.0975212227700567,3.712533975398528,1.9811779595795056,0.0742707220853577,103.13269772615251,14571658200.93712,0.0005526010067443
2.125405391383558,0.0625430580324085,6.533973405659078,0.076835342892326,1.0847514345368774,2.6788036216281195,0.5491966966027341,112.52616092719046,13219612263.49896,0.0010463913438053
1.5860151951893522,0.091118835648378,3.6936158985641647,0.0312163030235761,3.553806870650199,5.63837999972828,0.4778538621906681,104.2848509397182,11995746734.09202,0.0010517444280558
4.641496956653711,0.0959041244026559,7.426483606251741,0.0533929333819587,4.847164887127264,10.9245146537703,0.529592149583746,77.81718649579216,13871793381.585968,0.0006947595572127
0.4223855508375165,0.0565088125149304,6.943325425734446,0.0868109064741642,5.253976851693546,1.7794440942588072,0.3254164607627807,103.26237544400458,11495336328.412764,0.0007073629080306
4.186530888854574,0.0566353133104604,7.867172766297809,0.060435029297648,8.634589203249694,7.581221418638555,0.7975752229405819,86.63802143722215,14199500759.242271,0.0005201127014094
2.603084442599313,0.0535378254762407,5.96729822555696,0.0940326403768481,3.788314239934345,16.95456275002353,0.6058296719795724,115.12252467360626,12142154063.50302,0.0010593732748711
2.3663115655598075,0.0578721826253135,9.772555905911524,0.0284333424939388,6.515903119355202,9.425621010286903,0.807871307499824,119.59346475566542,9564017242.538742,0.0010547577213901
1.3200300604330206,0.067076167482258,4.483078501516736,0.0606739551422315,5.983202798862654,4.655672132268994,0.5010078179130206,98.69750043164156,13678335119.575428,0.0005408154433711
4.753888119435724,0.0720525901817401,9.49753377421098,0.0191047284328259,2.0461453671122287,12.125200085752152,0.7314141897882598,67.78607631355419,18344595182.990486,0.0006328099447085
4.56026847300478,0.0919821509524233,4.813904766325136,0.0970379104419544,4.766555545833539,7.493952270996581,0.5036383364829754,83.68343779406845,10435508648.08782,0.0006707333291255
2.3993669991258204,0.0615801670894282,5.411063994385764,0.059791400989153,1.3508447509025363,10.266056786385017,0.087554691437734,126.86996797633051,10373573629.638428,0.0006437268951685
2.7554700276098942,0.0539750547757367,3.8045884062187976,0.0976275647797809,4.639074812716638,2.877698273492851,0.3554784675482786,125.03859424402262,9568305257.563396,0.0006118732403128
1.910340415929966,0.0866030863443011,5.9395309531104346,0.0704197348078309,7.767868116042253,10.08892627797714,0.4020451233745289,105.38704073019338,19463264165.77788,0.0005162307142387
0.1410449867179515,0.0550215198899467,7.447100023026493,0.0817661812989218,0.8766033988995243,10.129086829948728,0.5445839314495269,104.23969664931364,11511265823.732063,0.0005601874112934
2.2550878142694524,0.0729476213027052,4.2816909155183565,0.0656414290305719,4.021138378724984,18.227493956473417,0.2228865564468933,75.64907607461824,14648067586.928366,0.0007487689859501
0.9765322886477966,0.0779715129368692,5.153268642625206,0.0370524344565579,8.28428924758122,9.470086658833976,0.1055892671833202,106.8295112160015,13968577141.046455,0.0007520267398083
3.1520534298328893,0.0935286870691793,5.67600282771469,0.0172509945435889,9.930683272181,17.097182619757902,0.8065322694822471,85.29779835175006,17229457195.713387,0.0
3.3801168631500063,0.057325908416607,1.8411332842319117,0.0297269736369935,5.3533754577907375,2.158510568280696,0.1588598244963562,113.21786127254995,16122537793.648006,0.0009294220126298
1.7703072781275464,0.0519051630470616,3.32271368438202,0.0924467984018114,3.8785806929564233,3.787651717492714,0.2039478673852643,110.19703889256267,12823892143.75282,0.0005998404563733
4.414316351075368,0.0775267513903797,6.9095236013389565,0.0768843451097945,7.8606792350702674,5.299654765551598,0.6021624318555149,72.47728681797587,13675739961.264736,0.0006389745087159
1.4149308190579204,0.0865580121403955,5.927093101797659,0.0918373423678615,3.123994511195106,3.2182054308805093,0.4342843438477312,83.30072856206324,14265306136.194233,0.0007958550289814
2.406148289902199,0.0838156027801528,5.929507118703979,0.0912590830537914,4.032106564997796,4.319646087715036,0.5340933278081363,86.68160586790934,14833873352.193497,0.0007538897062113
0.4773454864150712,0.0620914345715208,7.042403542547432,0.0414544599514957,8.106429373574006,10.485324379487931,0.6982493846199882,106.31656082754246,16798955461.079117,0.0005675368290566
4.36287588106904,0.058102189641309,7.080483276959848,0.0264923282887922,2.356799817773272,14.064046919366016,0.3519438079235774,112.70521400508372,11100199713.017494,0.0009818115605406
4.971074109942779,0.0713797524987461,8.759849010707502,0.0335544807158806,7.1513146319531735,5.203865344972577,0.8189461962823383,75.80295955364645,15769182444.662148,0.000622039676708
1.4019091495637148,0.0650524623624516,3.5099356280657017,0.0934909703220966,5.399938246491857,4.031473614153057,0.5950948438634271,108.83367628691586,10877669520.130884,0.0006178858651583
4.901604226187667,0.088489387466019,6.575048393881734,0.0833415302597636,6.642238744266234,7.521847748219351,0.6893638411294226,103.07210859996673,13460153169.882729,0.0005160482797642
0.7790592617573834,0.0963704660687333,3.005988571327496,0.0965785554052085,9.88381083441798,5.038675339261054,0.7711967706597279,123.05748628438204,15780863613.462782,0.0005751967977909
0.9284533043190988,0.0646536188626326,7.870305606287039,0.079823720966233,2.9102227962573104,8.227920743630374,0.6140468750618118,95.62051157146377,13856721906.467173,0.0009150216447989
1.241879268455142,0.097604720467199,6.938292396437369,0.0929100864423955,9.770739455979424,2.903242691663993,0.7094483012899591,118.94900409547748,13715688088.52723,0.0007282706062181
1.5262033077670216,0.0630436263722725,4.9462130464927965,0.0910479752663859,4.647553836605223,2.648888253493605,0.7343563256125278,90.65508306214944,18299097560.10233,0.0007712798834057
3.912378440611595,0.0956178005451009,3.326699884581391,0.0294671400304372,5.92099246089618,19.043876167124747,0.8443515547145964,62.073136685035664,19073158925.13904,0.0007637723898675
1.2314212161796636,0.0776392068428514,5.030537942907619,0.0661927646481438,0.1210177804954775,10.551062536301515,0.6968429957171164,98.09326022741784,13855542318.121471,0.0009932466942325
1.4149308190579204,0.0865580121403955,5.927093101797659,0.0918373423678615,3.123994511195106,3.2182054308805093,0.4342843438477312,83.30072856206324,14265306136.194233,0.0007958550289814
2.872001924369824,0.0926294404837847,1.664767343357156,0.0700220033923731,9.897644720714432,14.982726576987911,0.6882192037038356,100.07492059780424,11230277853.0759,0.0005150249253
2.415849192597859,0.0698535160764486,7.512043874970143,0.0196889031740528,6.194021182623358,12.907898639980695,0.6399260811560992,119.82530009244228,14961652616.39442,0.0011880399222969
3.7615001743405694,0.0912792168847015,7.247923740275064,0.0613731410553451,8.140605148463749,4.741668938881296,0.5282111670152976,72.21716687875403,11402817877.40322,0.0006833042149107
1.0788001850303437,0.0846937543149165,2.4219035574912304,0.0591366941875583,1.5643057242297658,13.890425606984468,0.0424478657437128,96.27123759821067,18855423473.640797,0.0007434597588955
0.3647644557229542,0.0575041643802324,9.419926157346229,0.0837123517679561,4.476206048069131,2.7891232683533835,0.060014112432301,111.50067673129271,10316958642.862831,0.0005201602858482
1.631532750810986,0.0820585513970222,6.954459695692097,0.0717517684545467,5.569816708724948,3.3295878938621093,0.715703819329689,93.73117723463434,18160280796.11489,0.0006911028121381
0.4827235558651778,0.0613984680673313,4.819660667318134,0.0570374244993438,4.564161231560544,4.457751067166419,0.221658041123814,102.51693089646452,11205050051.581142,0.0007737913759604
1.0595052486706964,0.0901199008008916,5.9702342472776975,0.0864925945043435,7.494336021180151,5.167243011109574,0.6398241693154028,105.50542575728048,15959324317.490437,0.000588076806174
2.9136681170230854,0.092243016424942,8.143339740687786,0.0710258079570339,7.319986522382692,10.739498946043753,0.0472940182636951,62.18168521143941,9238866912.00439,0.0007040660930003
3.5080344605239,0.0432788464601149,4.524310594883287,0.0533599596827171,1.7947566171356537,8.154068378142696,0.6665833320536421,78.32185626625771,18510299029.86125,0.0010607251665205
0.5302135354165893,0.0932824144131431,2.4552166305143013,0.0588172262046679,7.736984397581332,7.448769935583861,0.0770352373207646,89.1756405046909,17787793153.382633,0.0005002456040144
0.3408791296104306,0.0580998594082506,7.287124934215103,0.0951442120281094,4.366962780314731,3.718402403531999,0.2551403460857923,117.9583519692028,10202270215.480087,0.0007776308262765
0.2738485795680334,0.0958218415044591,5.408128376121379,0.089470890368697,5.661710161778491,10.964712878177153,0.5386771112646236,117.81410083620874,13276636403.450466,0.0005728686235253
2.0286311490750406,0.0650377641850428,8.7537038798935,0.0842060278508112,7.443468866433245,1.0510722879963978,0.6655355411899708,123.6658475872698,14140008415.486994,0.0007156745533609
2.618785149420816,0.0053143267363371,4.472724745966159,0.0759250062692182,8.529962723068332,14.212932178495333,0.2061257374807043,99.43869279296108,9097393619.201258,0.0009918552834739
4.923110191629652,0.0975214401047675,9.75921555939656,0.0750357340613426,7.143442839670426,11.75126011940417,0.8233510718699439,82.15761374055428,9466466389.298372,0.0005615085174072
0.5529435877228464,0.0843138994801015,3.15157927249822,0.0677495073872176,5.851293000298997,3.2381309711943427,0.0243082790916963,104.05086418033385,13507778923.136349,0.0005633395186594
0.3897809986731291,0.045857617988867,0.1461220095559514,0.0263195494832351,0.604244223829894,4.5048130447317005,0.2473383111475989,67.17742101971585,12951136604.263044,0.0008163657619502
1.026954169860427,0.0807941005892336,5.846261818993373,0.0399956514883002,5.98031055054075,1.3118554503432904,0.4424271352036071,117.83554029204775,10576646591.361176,0.0005729224081294
1.6142600864108196,0.0572281660307693,3.4318167572083382,0.0831379420137593,5.281984302017358,3.634396598562958,0.5063434749005412,102.48253424561383,13015222883.382215,0.0006077208812585
4.639794750569334,0.0809727339804992,5.013316687455578,0.0560570225670799,6.426206016114541,19.132096615861787,0.5835792489280203,100.50721990712653,9071783241.72558,0.0010045256572777
1.272776275369668,0.0932034480411787,5.874539219682683,0.0988175377338858,6.623129683377244,3.2572435889814995,0.612712196248466,111.11781211416866,12207259519.272013,0.0006151209665086
4.4427927420437845,0.0869950952204559,8.972988974098275,0.0328233141542379,9.798776886112435,12.11941594543262,0.6716003379229556,63.56152028946366,10391504260.384212,0.0009632329161454
2.284428015191937,0.0928749626719064,5.376901632427983,0.0833712822717231,6.324386658248708,7.880161117453661,0.5257784323460459,120.85217695614588,9081008298.2493,0.000812668565488
3.9123330149012414,0.0956316542247253,3.3244364628242606,0.0294677694862264,5.921205803247287,19.047920374415707,0.8443445471204096,62.08734244869365,19072905400.97211,0.0007636319770168
3.1751497070744605,0.0811713164468214,9.77437443171054,0.0217257268864244,7.699042483168327,6.28420019113167,0.7607706252280934,63.364016483920565,9619299589.862473,0.0009878868915102
0.6998856977307865,0.0800221540992093,6.41249247311769,0.0880343976952312,8.817924073211612,5.327204313882583,0.7857691257461099,106.99312674549688,16893930177.741863,0.0006654155467455
1.8759410882030243,0.0964776333572526,9.270215981973156,0.0882167313080505,1.6662040871465529,5.732283220232528,0.6504056853495758,62.03870883324127,9092459090.459068,0.001045731782897
2.685869920592399,0.0877065117335239,5.346936734894015,0.0984025941604243,3.93604753140409,2.1998384033912126,0.0726530758417043,102.7142486932287,14447440772.156124,0.0005424053011209
2.085336632608149,0.0416084779267777,5.985550123008952,0.088979853277951,3.1259372728456243,5.305499403805456,0.2384096717046538,118.43988397013312,12161033560.895918,0.000976747795652
4.668268839622386,0.0953964110837357,7.456335394128578,0.054676400962495,4.865610278725029,11.004097823489657,0.5364042162075617,78.91513711978637,13917217572.508324,0.0006979888330907
0.6998856977307865,0.0800221540992093,6.41249247311769,0.0880343976952312,8.817924073211612,5.327204313882583,0.7857691257461099,106.99312674549688,16893930177.741863,0.0006654155467455
3.4254188883954275,0.0972373339479977,8.583847501327762,0.0856379916021179,4.426259814734309,8.182948573672952,0.09304232922941,68.67221481033233,11514053905.240269,0.0006900170742713
3.2740951640315044,0.0759714360089988,7.516136261668664,0.0393594546205864,3.169700169910001,15.730967357489,0.4034367267316382,98.1251617925519,16799113704.409666,0.0011000468323812
0.8850596029238238,0.0979565424503792,5.271674036847089,0.0811719078468513,9.696155536974446,6.690282189753627,0.4451526597473149,119.76721593616897,10006293585.07776,0.0009837709169915
3.792395288493942,0.0386344180288799,9.508240589507482,0.0783142926707084,3.09084218927191,8.159354210398057,0.5539361625310482,76.87285230009888,13119809973.77622,0.0011743784171837
1.1839535850597782,0.0763555111097304,3.666336604266637,0.0514305426172948,3.503519459015072,9.879084181779335,0.3145200842651812,90.73115176976434,14892152309.90208,0.0009813459244191
3.3167195037077,0.0836839094835584,8.155597042490994,0.0290996819209883,9.414538462256507,15.072435770251971,0.4392227700537006,73.7485039823067,9633471393.26919,0.0008819980536044
0.3408791296104306,0.0580998594082506,7.287124934215103,0.0951442120281094,4.366962780314731,3.718402403531999,0.2551403460857923,117.9583519692028,10202270215.480087,0.0007776308262765
0.1170903864510629,0.0458629895546021,8.421300161367794,0.0508515563984349,6.877054875801631,5.80492512747021,0.6045175190971994,88.88018295496116,16443656214.840332,0.0005516414109322
1.1256059340500115,0.0905532934992248,6.09788380323969,0.0829657510259441,7.860751255717155,4.591903134716296,0.6137461702223223,107.08099613223108,16285856509.223871,0.0005797814033364
2.2873914407868265,0.0930066739123027,5.322472466594264,0.0824383725435236,6.326844744803374,7.890411284650971,0.5261371295821311,120.86691221193983,9080057770.66382,0.0008122025179352
4.664249225918805,0.0963634367115213,7.398556297015423,0.0547587229749492,4.564118016352074,11.254251735636638,0.5364152896790793,78.95071543164428,13937340606.550726,0.0007034298961319
0.2390378532138991,0.0996844182136065,4.870046784108084,0.0914781107417168,4.790711650912593,7.550415237742565,0.309662103384773,119.87504618131472,15321040898.60714,0.0006488775748468
4.894127898767579,0.018147512855972,8.771995989929941,0.0458437481835736,2.78126268022517,8.56060106352633,0.8143890089562841,73.14438902732282,18587792604.29411,0.0008520387406933
2.3372799548983885,0.0556086368716101,9.014204559845124,0.0477933874040472,4.448266168205626,16.509705480868934,0.7198632514263682,88.3007671932228,18731556648.8486,0.0010541737950289
0.5267664188581678,0.0593411704271351,5.4362498400107,0.0496252394424034,1.0430511441545158,6.355320866016541,0.778760668989559,87.74570763470477,18667661248.068108,0.0008291723547206
1.120585788395825,0.0842213639668339,2.4728799920483127,0.0581108401314523,1.8444584852609291,13.902046460647428,0.0466469169748001,96.2945967011148,18830464121.70325,0.0007492629160287
4.457640105293599,0.023452262981714,1.7313550466856298,0.0204452941977951,7.129534924519938,19.39717707714093,0.7269720954642626,60.43510683385882,19119820334.70553,0.0008430616852764
0.1754536095450202,0.0488270917874552,9.870574193452123,0.0929976229145637,8.361894856124346,6.268473718753327,0.6649303395037469,78.46994435140556,18538711249.26794,0.0008279836912232
4.303868211780049,0.0460694940352862,9.994211437695617,0.0286583938814891,6.652391111838232,7.682574310440441,0.6229919361469258,65.74951766067869,9798914990.23101,0.0009433399733861
4.77130532176988,0.0901334570751843,7.041956803767362,0.065218675210763,5.559650057289545,4.21246133376109,0.7207376021122159,106.52628584881236,9713023788.396662,0.0008083091094634
2.4854507285812955,0.0760740225836413,2.030280025407015,0.0765895694992661,1.1114818980614545,11.879386520466296,0.2916132335086456,70.26111986735458,13475819200.083769,0.0008599570227211
2.986082078722227,0.0629933348258399,9.921607011260596,0.0272078853619236,9.41056261679324,12.442582932542235,0.6410995974457054,120.95584216591384,11198066618.571306,0.0007171808990951
4.847344752227878,0.0995023829948468,9.51090446865888,0.0682827387314611,9.784452666834657,4.646775589642686,0.7233082073998782,68.5044323875948,10016310863.405144,0.0013057188883769
2.062641427344678,0.0653581597760148,9.74668173492156,0.0843637140311269,6.298617714598971,1.2364133455893,0.7247733081593731,123.23099663620036,14695413976.83914,0.0006836862288807
2.737105492469021,0.0779765266132924,6.763768103133144,0.0866491023315955,1.61480430344611,6.552900159442125,0.3155023065320184,85.68420737580519,9060104417.261978,0.0014924474396491
1.3066857932071476,0.0897000299329811,5.52746067457247,0.055894578537098,9.568946148428225,2.866453378149925,0.2005229162679562,118.17173195510124,13610254182.70492,0.0007253386106501
2.534045381101376,0.0697029777724815,9.856809957930196,0.0584598252343002,5.10946369695126,8.359483759820593,0.7980485644714455,102.3490171725513,9906462102.913645,0.0007400507039314
0.2746109830917134,0.0836829898032012,3.204101489446746,0.097815925749508,3.288874891000808,3.2763851167565203,0.3321622899471658,100.05962611012792,14090614025.36248,0.0008065326259074
2.5057611055079003,0.0560941802091996,7.655465017794657,0.0491729571950919,0.1304563081846478,16.24439194646547,0.7862936297565893,92.75357101969774,12388845173.375587,0.0010168448729214
0.997458662877188,0.0903483805371134,4.244096714117909,0.0824815863663447,9.99409081237502,5.065801602996181,0.5316289360327111,110.81094024775848,15044730688.583849,0.000623130480187
4.907152429631942,0.0707530817161598,9.102060182311613,0.035467589747468,8.334412083376016,8.013593381356554,0.8165935943436182,63.873784230841,10322745593.492374,0.0005254666318354
4.827520291318024,0.0296023152111393,6.139665785964486,0.0944815838085371,0.4110794870423584,7.611250126556153,0.1805921279637618,121.336843446782,9726710205.149822,0.0006859449541822
0.6018939192825468,0.0852056817447453,5.21661484217487,0.0484423027435282,9.45551311881364,10.084420505355563,0.2535715822851201,88.04969247633892,13754255575.446054,0.0008422803016294
2.130330999748641,0.0736722258942683,6.681195167909468,0.0288416973066436,8.665424743347446,3.174568674010121,0.4116176116558005,99.5354541387636,9670042742.947927,0.0007164169119066
1.148599754625541,0.0898275082337224,5.913801630365402,0.0837365385998659,7.710100474954213,4.705361511062033,0.6279639763006036,106.42375995415942,16131886961.382652,0.0005828845924631
0.2035375438400659,0.0653004508539497,6.884529233053502,0.0470889417208696,5.563650805608529,9.312640328644722,0.8062757148474562,98.09983586774692,9429628573.555384,0.000771925021419
1.37841134765905,0.069827386589375,6.785584754204248,0.0834969083836389,2.6906565917529948,1.9121641400650955,0.3947399851223838,113.9606195161637,14600503624.146042,0.0008500182538037
3.876172613131304,0.0841296304653507,9.381075622826463,0.0603785695322419,8.077178977585476,5.164594799877892,0.0775141303227917,71.22572732639813,13598606742.52621,0.0007571336201897
0.4669116052598466,0.0662688278398297,6.14256674778124,0.0893027658117775,3.584412282230128,2.764851272541175,0.2080639806267388,116.3597572777024,11249290712.017427,0.0006978876300581
0.5330963992485057,0.0857255249721709,3.046432986455747,0.0690763155610138,5.820522728331032,2.993282394098564,0.0192590611786992,105.18550273659376,13391414728.048824,0.000546500451277
3.744623817753789,0.0910638393772898,7.245959380108664,0.0612917703724001,8.201408635162379,4.739632077138493,0.5281369251663842,72.18282806826303,11409771633.220102,0.0006841996988745
3.0778363851339825,0.0737847422718262,6.809713154753504,0.0362319214408369,8.885807406703433,7.466437698373358,0.5132936337793973,106.2448122447295,14073933716.430798,0.0014145391083058
2.4013497390735363,0.0785147431518691,8.930974704897697,0.0460912981948664,0.5754275969608718,8.112851862231965,0.5695559538264916,122.42357762607423,19812993694.761234,0.0010815792316474
0.3284557850069948,0.0690677690873107,4.041923269073703,0.0640414584396179,4.584802261711891,12.521213180024228,0.3233281744294385,99.88317920554825,15565129722.945488,0.00061361040654
0.6349651218628141,0.0994792800754544,2.5219998148254503,0.0987737254327951,9.388555920852797,3.812353062016004,0.6538145363199359,111.70317555687664,16038428849.626892,0.0005273644987351
3.728080014939192,0.0973689122319702,9.29982193547903,0.0523067956830086,0.998471078271376,9.446204937300436,0.1850885338686537,72.17531130254659,11830674000.440428,0.0006725115196457
2.1197715876098715,0.0736252744420348,6.576059767739609,0.030765734406493,8.959889833048436,3.28665830309048,0.421330096565515,100.17765524915916,9707275462.797112,0.0007141943072034
4.901604226187667,0.088489387466019,6.575048393881734,0.0833415302597636,6.642238744266234,7.521847748219351,0.6893638411294226,103.07210859996673,13460153169.882729,0.0005160482797642
1.850309488488309,0.0500480805585215,6.963365853273423,0.0763787044391968,5.019165964183818,5.356607802079404,0.6590829081284526,117.96476245058956,15847575729.937365,0.0008426231645039
0.7049604571409006,0.0483631896927087,3.3373706259949776,0.0403278109960797,4.010294790260869,14.340957124668366,0.3718213637433534,71.13691148931109,15763436325.81609,0.0006618472219001
1.8931721574075349,0.0414374071695464,6.006227044747791,0.0887078677682041,3.0586476565358924,11.58265960388527,0.2390844349591663,118.55746071280922,12117233387.198929,0.0009765040378878
3.846359675656898,0.0935185327596469,9.670773296769095,0.0544679178814321,5.439229979111949,8.769202910132012,0.4808535235468186,65.63190692292393,11653102872.428185,0.0009017280574347
3.2575922139718907,0.0656882340827614,9.914200297797082,0.0976875072192727,9.51324387255814,2.3845627670282714,0.7418899907093524,70.58972540860898,16883370393.4433,0.0005850020472758
0.9765322886477966,0.0779715129368692,5.153268642625206,0.0370524344565579,8.28428924758122,9.470086658833976,0.1055892671833202,106.8295112160015,13968577141.046455,0.0007520267398083
0.4132630593435104,0.0647857876508727,6.221284300398422,0.0868024271841241,3.426676253857508,3.3105991386218445,0.189346047889251,116.07831232594046,11195507896.022194,0.0007090598930857
0.660657091141573,0.0858550724228558,6.104414786993045,0.0986647048270171,6.4447704303937705,3.3615017785757324,0.3570224697551297,121.23616997479236,12952618420.996798,0.000510166700998
3.664507756148812,0.0937222033074791,8.099379923694451,0.0235283875561496,8.328122572453632,19.3781465217067,0.0423200655519951,67.33979483906381,11542608261.21928,0.0010391467343749
2.840167280100657,0.09942412147336,3.803259654577273,0.0255446992175846,7.289895918377293,11.527121471956404,0.2650795184291651,62.00900101925885,10725979158.606388,0.0007142862306903
1.22599098393271,0.0735827089217421,6.834881146086288,0.0565460217830799,0.7898657632864482,11.660236334442814,0.5119741329191099,101.49296895833002,14423539028.608484,0.0013459563348615
2.756425512572782,0.0971112871592459,9.502307596039016,0.0924166559759797,4.04113081974529,2.63581649261387,0.2261955722537394,86.31310822883316,13935095419.128428,0.0005367471280291
2.5246029004210184,0.0785977005925793,3.460201274635443,0.0027432449417058,9.87062458422958,6.762745954213274,0.6854815311992514,85.9735347575795,9086613625.586538,0.0
1.5263371183646788,0.041680986803535,3.687691649378237,0.0240899753873813,2.055229929442928,16.687543402397807,0.4715231345913371,69.24747221662022,16787287902.134775,0.0006963596486286
1.272776275369668,0.0932034480411787,5.874539219682683,0.0988175377338858,6.623129683377244,3.2572435889814995,0.612712196248466,111.11781211416866,12207259519.272013,0.0006151209665086
2.605455645536163,0.053554051276926,5.96227431059098,0.0940596784617098,3.782922598068192,2.678729062770612,0.4497874239069212,113.5888119571138,12152928073.118284,0.0010558844492129
4.984260459906729,0.0706089415664461,8.091478094715969,0.0705880295170174,4.37716005167222,6.901406259943186,0.8383006472797415,114.91969057816196,9092506102.016935,0.0011300810796627
2.582821180506911,0.0537226700589563,5.9448948989202215,0.0939607556245784,3.801533356866668,17.1688268789885,0.6017890072580819,115.71227383176236,12114427194.733534,0.0010589151375757
3.2571615212930647,0.0657050132334801,9.932362030852062,0.0977071281314872,9.528240039014609,2.383291603869898,0.7420368807090197,70.58836840382772,16867050275.452332,0.0005843401155281
1.0355646139363497,0.0414069807666479,6.673442375359723,0.0579297360553353,2.9104804631714263,8.767640129047653,0.1239156154256716,116.86610888941706,12934382683.66738,0.0006730211584486
3.2676687395945234,0.0662869551897374,9.97145453946796,0.0977759959777186,9.548258163449947,2.470663020563815,0.749114191073218,70.36344279013146,16890094607.0571,0.0005852607721642
4.567614950883237,0.093213289428232,8.033586588069605,0.0708424233331345,3.4252935240176425,9.765773119805152,0.5513948580777602,95.74097413079306,14049620369.022743,0.0006456539767674
0.8534542796993201,0.0572438745203846,9.99643812333167,0.0768823983247823,0.75090973204288,12.01088070757857,0.7880080889640713,75.44997661495883,14103745312.406462,0.0008136199809664
2.624654676517817,0.0782903904080576,9.772873569381536,0.0299644389967139,6.530238910684541,9.380879788291836,0.8479620300876088,94.33190882183818,9690093312.198854,0.0010771481792872
3.501058165288415,0.0809654706550919,3.657225819402462,0.0841445754841927,5.945832211690857,2.5713756866134108,0.4768993340855547,104.99883032608008,13307149897.38277,0.0009431713051248
0.9618208872760472,0.0778724670594189,5.297398573576261,0.0378959623841664,8.306796903718476,9.594718447912886,0.0976965576005328,106.54906589654476,13997346907.798838,0.0007387127782127
2.915537100997901,0.0882058096518478,9.195112572596823,0.0783786671207652,4.528104530939142,5.394770240055962,0.3837299678129371,62.28651049193573,12204030521.249872,0.0007180728341669
4.457640105293599,0.023452262981714,1.7313550466856298,0.0204452941977951,7.129534924519938,19.39717707714093,0.7269720954642626,60.43510683385882,19119820334.70553,0.0008430616852764
4.093392960723913,0.0890513407008933,8.223323761555127,0.0555137874675808,4.423477627653295,10.168274483093022,0.5031619379895343,84.94651633720224,13115479894.306564,0.0008866047934965
0.1470794740287159,0.0598075536545783,7.786932770375815,0.0502149212584773,9.577403670760852,11.91151971184958,0.7944449140276229,106.53730531525945,17597896076.46354,0.0005618586445241
1.0788001850303437,0.0846937543149165,2.4219035574912304,0.0591366941875583,1.5643057242297658,13.890425606984468,0.0424478657437128,96.27123759821067,18855423473.640797,0.0007434597588955
3.314965031983407,0.0836947449487053,8.15516154064279,0.029141957156541,9.416997276258464,15.084200645829306,0.4379084435406462,73.82322071406523,9650425525.485186,0.0008814832524307
1.5262033077670216,0.0630436263722725,4.9462130464927965,0.0910479752663859,4.647553836605223,2.648888253493605,0.7343563256125278,90.65508306214944,18299097560.10233,0.0007712798834057
1.040616845092833,0.0951774424579627,9.790846450394303,0.0831391174770608,9.887289866182869,6.581103460423084,0.1385880704659504,128.34743814015204,13427330323.03896,0.0005541845315034
0.7852989584764358,0.0551943835792359,9.721886868793463,0.0515033970732226,0.9242560588578272,15.29694159215012,0.6358485978273967,121.63681784831,9801341341.123352,0.0009418952715769
2.106494950572862,0.0549118532313229,7.829670042526127,0.0770468028415108,5.6238101337482025,10.381022113232078,0.1516702763932269,62.308681689690765,15878813520.405062,0.0006129377867171
2.4034900992557207,0.0645019031078318,7.648850349222759,0.055007567319544,2.0452491738300638,3.7855032737017353,0.2406217546071665,90.23517851312,17282267781.875126,0.0013161686147795
0.3293584785946151,0.0629896316377678,4.620195717948662,0.046179278943939,9.699906038022664,8.94408438162506,0.0623206424895728,98.25073448697944,11204357568.879717,0.0005123147237116
2.9943539071786693,0.0844975095890372,8.916614385066502,0.0873099994879507,9.371377850939036,4.304630787450931,0.3723072207972179,92.3386987421278,14179151488.720297,0.0006506581111479
4.834182317981343,0.0889159791463038,7.590467524518838,0.0552162619129797,5.440481091096866,10.60498504518608,0.5428608490042962,106.17322628960858,13277870223.460333,0.0006459355404721
4.17727385989084,0.0762244835592493,6.242375308283336,0.0614946357511857,7.745513171133694,10.086606715798592,0.6111478284445343,72.44671978255978,12073414753.635298,0.0007662494446363
0.2786495859431802,0.0708495287654688,9.681245171079253,0.0885461008279418,7.366559023952377,6.194451342766617,0.660951534823467,126.11297163109512,16803766680.074957,0.000513836729428
0.3408791296104306,0.0580998594082506,7.287124934215103,0.0951442120281094,4.366962780314731,3.718402403531999,0.2551403460857923,117.9583519692028,10202270215.480087,0.0007776308262765
1.0705486675719738,0.0903585784666539,4.031270850021977,0.0811282523167953,9.952388123533863,4.965500503101666,0.5320272786883877,110.84223689957231,15115648240.78164,0.0006221692434805
0.7220529556483897,0.0494237867842428,3.3207730805755893,0.0393568758462335,3.913287746119191,14.420684365391857,0.3474667183811383,71.34032839910444,15638985073.49956,0.0006688430022389
4.069018003422046,0.0854833932522616,6.389329949932583,0.042525785802792,6.746929515216392,5.767655778774837,0.560705408723029,65.21549093778185,12429864598.830626,0.0008267618055148
3.92371191284456,0.066249838091346,2.88322584583996,0.0312545799311195,0.6830883327068825,12.11571028054094,0.1198280940894917,87.45168578500402,9382544376.794847,0.0009280991118263
0.93499590263291,0.048784241507605,9.545222808482796,0.0599006076996178,8.696812908033422,2.819506120052895,0.6684356994257938,97.76298206506368,15870529272.47244,0.000601073257972
2.7369506448843084,0.0689908010896759,1.2269177484071585,0.0381267482996655,0.26692183890852,7.023562343852403,0.3639520250157556,123.07328788264304,11416939749.115889,0.0006941270050618
2.5901755454875963,0.050700055228553,4.89544225415553,0.0945738786180453,0.1803657510122589,4.801452863801554,0.5126821223884369,116.91669908073102,10599253574.51979,0.0005842992871989
0.830042626807911,0.099836014182563,5.987990969487886,0.0918664787502065,3.554660901229992,2.900775758160007,0.6041201463196807,100.46355361686716,15749903450.288448,0.0006822288075519
3.235602889945844,0.0806222160966806,5.541836334501633,0.0917886297608467,6.215746312306443,2.497704062010538,0.5542843826695479,98.11586588958252,13289346313.176956,0.0009116236950309
3.237450976827706,0.0913183419789189,4.030116920327458,0.0749867768656192,6.08880136844022,11.196264912795822,0.4385866795174604,76.82380186664811,12194763337.068129,0.000945501675915
1.1415548998148846,0.0897967294260844,6.019952610329247,0.0283426626086243,7.644020715481333,7.189788056967522,0.6884888099079867,108.59149300054943,16029619020.52768,0.0005810909898745
0.5330963992485057,0.0857255249721709,3.046432986455747,0.0690763155610138,5.820522728331032,2.993282394098564,0.0192590611786992,105.18550273659376,13391414728.048824,0.000546500451277
4.923110191629652,0.0975214401047675,9.75921555939656,0.0750357340613426,7.143442839670426,11.75126011940417,0.8233510718699439,82.15761374055428,9466466389.298372,0.0005615085174072
0.2786495859431802,0.0708495287654688,9.681245171079253,0.0885461008279418,7.366559023952377,6.194451342766617,0.660951534823467,126.11297163109512,16803766680.074957,0.000513836729428
2.5294589620330625,0.0395831775600087,2.555434757873612,0.0389807354493482,2.7795864160025423,12.43677872460676,0.1140091595066561,129.7538380705459,19097827544.858814,0.000898418357488
1.0788001850303437,0.0846937543149165,2.4219035574912304,0.0591366941875583,1.5643057242297658,13.890425606984468,0.0424478657437128,96.27123759821067,18855423473.640797,0.0007434597588955
2.38475294392488,0.0620911133700136,5.032045714931041,0.0315410319315368,2.6282639970462687,12.918898481140756,0.0577876744629439,110.29457448679804,17278002483.67239,0.0009422220978855
2.8059378178412286,0.0922471400546439,3.361710690818843,0.0085139203366779,3.0364787103640167,14.953310095746268,0.6971935589714926,65.52513708432738,17899844348.5516,0.0
0.964873754982792,0.0348672521006738,7.919514434814037,0.0920632586869529,4.150332119864126,19.50928566996652,0.3178307105490949,93.74443551482244,15038833054.726557,0.0010319408153466
4.56026847300478,0.0919821509524233,4.813904766325136,0.0970379104419544,4.766555545833539,7.493952270996581,0.5036383364829754,83.68343779406845,10435508648.08782,0.0006707333291255
0.1835311198231814,0.0800529385295805,6.194478656290101,0.0961731095774665,5.414753271701222,1.5647325103577288,0.2725511913065627,127.5509422322232,13299312941.42199,0.0006940072077566
2.0909655772488285,0.0980475029682212,1.7489589637369976,0.0934701182419243,7.456353038878073,2.835183963425618,0.4233922613929321,126.38608515377696,9468299523.446138,0.0005701997883288
0.2875429986689811,0.0708440920565345,9.699678584075654,0.0884545490662948,7.365690092115405,6.193376910846133,0.6535092321957644,125.918504341153,16798501170.661936,0.0005136201228059
3.462071430115857,0.0853621413838837,2.2203702288670786,0.0617259553759269,5.627194962339014,9.208200787096713,0.6065571619613187,85.07113388348313,12067667889.145924,0.0009716517553685
4.160017015858716,0.0794359209620643,5.430629856362844,0.0417925665653332,5.480256274793431,3.081842521106776,0.5813459171065419,93.725117163304,11446339640.270994,0.0008577298526231
1.8104618199879168,0.0886064302037938,9.6376205452511,0.09046869204243,4.478997689218711,6.373014327079623,0.1325254743394556,76.72703712673523,9239971398.086643,0.0005961544300522
0.3420197720265515,0.0578407007123995,9.470566911728085,0.0822942901619618,4.379737157759399,2.749260977529038,0.0606933107577075,111.69934235698015,10392085423.024754,0.0005286590901867
0.6802103356399326,0.038542339151135,4.667365952894495,0.0774170122294628,2.149405778704708,6.708600668814411,0.7214155478093806,98.95649159702808,13095706358.56953,0.00082825709683
1.1789513785464094,0.0379026583085125,3.024295924658917,0.0364415540612863,4.554287126168969,11.066342010732102,0.2539111805081928,109.74108332674584,16412554012.169668,0.0007131546539114
2.0575882130078997,0.0630208737367818,5.096374767404298,0.0523028113235002,8.96636190030736,17.756787694133006,0.270432088556383,81.82751438432624,15048633484.64848,0.0009500357723866
1.2195537028436152,0.07712919077067,5.044333784591824,0.0662086608612718,0.2430968578454956,10.894217597172032,0.6973787235949369,97.32966532946662,13767182038.01036,0.0009936136676588
0.696492053481902,0.0630848388482838,5.302348521186436,0.0984016373632072,1.6322352846692212,19.524462622369143,0.8189804978234156,118.76321161916836,9968546621.365692,0.0008509676493015
0.5015594592924274,0.0513047290270174,7.20255054480271,0.0277026515731644,5.875414649413203,9.298441711711131,0.7237881136650596,119.73735086779304,15380792670.514132,0.0005352391469376
2.284428015191937,0.0928749626719064,5.376901632427983,0.0833712822717231,6.324386658248708,7.880161117453661,0.5257784323460459,120.85217695614588,9081008298.2493,0.000812668565488
0.3011427421340825,0.0383321642036179,9.077735176966565,0.0210929627902432,8.152762593060352,9.205702078970113,0.3728073947924283,93.0386083969122,11296953717.50539,0.0008040085290544
1.4267234802616886,0.0764085367237275,1.94726118613088,0.0814360081989176,5.966609818338633,2.226670026638612,0.5969705760547592,109.39838959703792,10045731932.20678,0.0005415636347556
0.5434199596635203,0.0999538782336185,4.981209380136516,0.0866919277951576,2.197221374416306,4.063343893924466,0.7574714260605312,66.97741495325128,17116695630.278185,0.0008853504478405
0.3113977325373859,0.0897509909223984,3.762507638713572,0.0293478808043665,7.127261854505866,3.964669250466987,0.0976391220216303,97.78879874686302,15722263177.897804,0.0005915941714019
2.839000233887816,0.0825136810833362,8.62149288357854,0.0517835847404317,7.250146798899748,19.569371605510785,0.3843980144741481,82.69323806550044,12842600253.336773,0.000843899508137
4.929345046775246,0.0636813424064172,6.940728148788856,0.083361321036072,7.18259315215491,11.339677496346882,0.4657827563380876,93.31899724271584,9286216318.77347,0.0009137863867638
4.401941599624359,0.0462663943977683,9.721512001751668,0.031860379924735,6.718143446687153,7.578961378830805,0.6172635096140214,65.96918453274372,9997525760.243872,0.0009449522154512
0.486752149349444,0.0561435252876388,7.788543796013847,0.0851634613937358,6.202516374641628,13.013832137545116,0.4138679143617287,120.38010936769722,14010228194.860777,0.0009324422597429
2.624654676517817,0.0782903904080576,9.772873569381536,0.0299644389967139,6.530238910684541,9.380879788291836,0.8479620300876088,94.33190882183818,9690093312.198854,0.0010771481792872
1.0841108863689588,0.0708888169644396,6.709336487009068,0.0765176321266829,4.67364508110232,4.086052874452775,0.5143566376798695,99.386721302795,15681976212.785612,0.0008151346744526
0.4633424230611974,0.0620494942723098,7.049335212276024,0.0414744535269909,8.112351201906032,10.50408746163436,0.6961803458579199,106.42512751431148,16814765830.413652,0.0005672685391682
1.3075949099255395,0.0898161781810262,5.55470519109605,0.0559222040319405,9.603866978663318,2.8444509926613355,0.2000170550258251,118.21337785497892,13597333507.005074,0.0007273488063947
0.5681132539741323,0.0625791782150361,0.7921075149035367,0.0493996256286399,0.6379676757612763,6.961836022623809,0.0423155161224892,111.59960781835764,19932597995.58372,0.0008552400014858
0.1555199525373179,0.0535464802692707,9.447234618155436,0.0372600242519937,6.042248125284482,19.85067345963894,0.7948668087353706,88.5461511847706,19930590625.892517,0.0007878232104457
1.7152974595351205,0.0875689488064886,7.622634278316594,0.0824692371699462,8.60804577400399,3.99759595988811,0.738075474164824,111.59222081651669,18410876007.358665,0.0006372991237386
0.157716601949218,0.0811900930151992,7.036084142568924,0.0875222038848465,9.151524114817404,8.205058212136109,0.7540613133191628,123.5470519915557,10989397594.692797,0.0006340562635971
1.0909656350056514,0.0928695600435967,3.7957171824843887,0.0929383168178643,9.638374868993026,6.931104267646777,0.0829614053106906,95.3179480382594,16033236729.655966,0.0006894467275748
0.3408791296104306,0.0580998594082506,7.287124934215103,0.0951442120281094,4.366962780314731,3.718402403531999,0.2551403460857923,117.9583519692028,10202270215.480087,0.0007776308262765
4.4427927420437845,0.0869950952204559,8.972988974098275,0.0328233141542379,9.798776886112435,12.11941594543262,0.6716003379229556,63.56152028946366,10391504260.384212,0.0009632329161454
0.174659074037869,0.047532392477488,8.125446821732643,0.0734365102852526,3.4243435259974047,1.1230917511601044,0.4779681808903173,114.12213917128344,9924253559.307907,0.0005130950002774
2.168192413912083,0.0952110253393074,8.547695469889716,0.0665149677120196,3.7523941725852574,14.86663800732392,0.2301816561500153,63.2070698134402,16586984946.4641,0.0008519244078762
0.7049604571409006,0.0483631896927087,3.3373706259949776,0.0403278109960797,4.010294790260869,14.340957124668366,0.3718213637433534,71.13691148931109,15763436325.81609,0.0006618472219001
1.6032465008227317,0.0774848194915698,9.23468632899968,0.0866315759097542,9.781326471629308,3.127421503669606,0.5738837454564004,122.40037318429896,13020842322.092873,0.0007199635728454
1.239472862056796,0.0454689603298827,8.110644157498994,0.096841881242707,0.7771609877175972,11.16981416332254,0.2651993162882913,123.8869021741148,9206840330.405731,0.0007491614170963
0.3572210582749619,0.0597769824146636,6.7365826914278815,0.0942202223064517,4.8311056020482885,2.9575421331613683,0.2148819644535929,118.16042059656128,10405681878.97482,0.0007817065682635
2.518891318190381,0.0781773241785687,4.529029578885965,0.0492362901714421,5.725886476447532,10.876394146026875,0.6601337465220227,90.98118076566256,13897903659.253326,0.0007075312295255
0.8713342299855595,0.0534842131722253,6.191700855324736,0.0549715236285145,6.426767175985733,9.649829292908493,0.3520608460076978,91.1747031027782,15622067106.490606,0.0006483864746341
0.5639413378306591,0.0656896261440972,5.920467147175463,0.08781168090691,3.614420152685877,3.145127464802977,0.2541738187127441,115.61521926115432,11334638460.180107,0.000690387165977
1.1511659394968718,0.0629807829292659,8.286258538814437,0.0887728671566468,2.3648998753223496,2.2790784802528794,0.5022668948910737,102.8223394591628,14587929673.706326,0.0005348286223318
1.533509115042643,0.0889273148700604,5.129101592277556,0.0496205230025668,9.97415335161314,3.5520947308073003,0.2155791036798282,108.53508917326673,16133919280.529385,0.0007639291749
0.825522029432503,0.0582991740052365,8.806040432915346,0.0580063171757966,5.877903778509498,5.752413472400893,0.3630186002711554,106.51537370658208,19243142691.927406,0.0009946665116101
2.049470831592512,0.0913700357531647,4.672331767352755,0.0268794830428354,6.466833502782319,14.998985638308955,0.1394520475579199,74.44865879927661,11155009828.88448,0.0008431167615029
4.757386962495867,0.038499962751206,7.15052568114506,0.0640720030591755,0.9209421783699074,11.610992622103463,0.081067449847402,88.48505177011722,15297886016.72179,0.0006325158905791
4.671820351942361,0.0548652615073814,8.75099370871087,0.0684366574315005,4.113235171256455,4.237611458833102,0.5792308198839257,98.8448065208584,13924948090.309212,0.0006697546112013
0.3936957408844141,0.0848286086394264,3.568654729012261,0.0822635820253185,2.207595159907356,4.2342000020451165,0.5707886346523616,94.37633091228636,15326656836.885756,0.0007185054520808
1.5923421350867693,0.0555705815412005,8.915618687920453,0.0693708002594955,4.25209077702073,2.0726979679112283,0.4717967709260077,82.73841784325828,11878948893.814144,0.0010872734452866
1.727258899663578,0.0480924906484028,5.980546768815687,0.0943659565870539,3.9690844416645135,2.570665814099955,0.5120644941648244,73.22428453533016,13402426953.94707,0.0005177222133013
1.1494548886347933,0.0898133895005872,5.9133669541523926,0.0837485714487518,7.712059614082565,4.7065918077338,0.6280235578069242,106.4157067247323,16131864103.915833,0.0005828330913635
3.748604789089655,0.0916135037759911,7.247486184976145,0.0610131513557151,8.22451014274204,4.743354923481016,0.5299571245800737,72.21176633573228,11406430689.6618,0.0006845807559244
3.0232891921941607,0.0776654583520292,1.371613829156192,0.0601400846425063,2.332077990570339,6.889828344312899,0.0784260479454281,122.8409938476566,11664150846.309624,0.0007171834624112
4.2526544511109625,0.0982568601639145,5.404188006838503,0.0850660625531666,4.393285292246662,8.040502420471924,0.0549180115238563,66.10341604075342,10331059536.400574,0.0006974575617944
4.694044589997463,0.0504914915723969,7.812939509182603,0.0511963831761985,7.686438035027115,17.66038300726151,0.4178581141001586,118.87410389683768,13683235593.789822,0.0014752787969432
0.8602103498353454,0.0541830932918758,8.656523213624707,0.0456686432738571,5.201274299318096,4.65639497779312,0.4032779801294723,78.82766200960467,16987012598.33469,0.0005660982742431
0.774835081695281,0.0881901481488825,9.355032728981447,0.0224844592985691,2.087793292487033,9.48306893249014,0.0465153118325916,118.85536365371568,14590626221.93152,0.0011521881236368
2.753363211554967,0.0786915452970396,8.328437316072877,0.0591182042531004,3.699557645733482,7.468353231920528,0.8311368947394884,84.69212955622275,9695041058.481888,0.0007780026010147
4.299296874324734,0.092031830210601,5.778591027493628,0.0582536702710863,7.011716933770797,2.093848614992695,0.6590635061583251,80.05115320321156,11813012605.833254,0.0007300566790256
2.7851601069966057,0.0512774185038682,4.952697682794252,0.0510336644540119,3.3915788227165717,7.191308392763231,0.5824309634989221,87.17254316172539,17271948714.966606,0.0010267355868288
0.743149650714896,0.0663997112556206,6.231540071902932,0.0858352909038553,4.8763643239473184,2.859719264804929,0.330304355241691,107.3325379292412,13105272153.998182,0.0007930299598919
3.5316612879266893,0.0653554230056398,8.042404977183269,0.0377121230420751,4.664377866093487,8.560665647945559,0.7136626532401676,80.93269809572503,9984350201.492365,0.0008720907075935
4.514268562854643,0.078722527936577,6.404593626876429,0.0748378139469762,9.907587884131528,6.181088777878555,0.5240360485643356,67.55880129832723,16828046268.023449,0.0007455900261321
3.5080262612606994,0.0635946046338944,4.490359734456884,0.0951093446501745,0.8441449327089309,1.3535206847958392,0.2693009139247804,94.1827232614666,15544207686.047625,0.0008723305274091
4.737478016812541,0.0984049713534212,9.42432790500717,0.0861828519621174,1.6477311938445254,5.691777748880769,0.5477317653236237,93.67591940919296,15053632935.02961,0.0005224924268479
1.0063412478062244,0.0757231280925871,5.582431780290599,0.0828958929064239,6.318799631308279,4.223934057448859,0.3508211810722801,94.92173294515196,14669847702.35706,0.0006823641796842
0.4773454864150712,0.0620914345715208,7.042403542547432,0.0414544599514957,8.106429373574006,10.485324379487931,0.6982493846199882,106.31656082754246,16798955461.079117,0.0005675368290566
0.9651690895415486,0.0626754069924944,8.819388617749,0.0833848737008748,4.228651528127757,8.562012376096705,0.4001527850159008,114.74799831262436,10723467080.49518,0.0007632749790023
0.1424328751281084,0.0766410684607417,0.2757268587862496,0.0344433668398805,2.9518666139179683,1.0177155553009156,0.1580494749897187,78.15632512788864,14960530062.25388,0.0007424973796327
2.448783226935043,0.0342018097268049,1.7120842484469885,0.0515468194946862,8.942968916612607,19.08925924899337,0.4869995725571435,108.24239208727182,13601255218.508144,0.0005153902045731
2.4034900992557207,0.0645019031078318,7.648850349222759,0.055007567319544,2.0452491738300638,3.7855032737017353,0.2406217546071665,90.23517851312,17282267781.875126,0.0013161686147795
1.2813395101300504,0.0955637477543707,5.433590621338056,0.0669716282274816,8.586335395567708,6.236348958882302,0.4170832561784393,99.0142365222136,18124284700.5304,0.000584716695695
0.6063233902000735,0.067437452129393,9.532130108549511,0.0697844915095127,8.637567241476683,5.054660861069415,0.7978382544713426,120.44498779000033,11157551514.910095,0.0005643238704345
2.1197715876098715,0.0736252744420348,6.576059767739609,0.030765734406493,8.959889833048436,3.28665830309048,0.421330096565515,100.17765524915916,9707275462.797112,0.0007141943072034
4.811165176631976,0.0953318913426709,4.445758609933868,0.0514403177098417,5.141715609389767,2.373468239590578,0.7716651877519413,86.1069098197805,13843168266.59084,0.0008532085905969
1.539727994101447,0.0893649843837414,8.054584672778283,0.0803067570459996,4.016372392316308,9.792905673777971,0.1749243589364962,111.3937730691811,12918811290.358974,0.000880932301417
1.806975788368283,0.0948389433044463,6.627634270477131,0.0980429129644698,4.877548356114055,3.354608511433092,0.6162788446834528,70.38695438788407,12517169854.99842,0.000657764172228
0.2296107922540235,0.0977354865542382,7.464714428545792,0.0823583371507775,0.3731802731996708,5.8531986913764005,0.151072996299622,86.5908946650096,17869512630.758854,0.0005733837827876
4.4230297219990415,0.0791147515273076,6.921715570108944,0.0509635803224628,9.409641444227276,7.121784885744399,0.7737509189820853,110.64631195000298,10304687568.430342,0.001244792810515
0.3978506658671921,0.0374398426913688,9.397701013853,0.0479487201606833,5.927861164814763,10.361788638109818,0.0425249347194984,99.06916768006474,12209758552.636158,0.000707321572606
0.213697503396799,0.0484307784861164,5.028470828771119,0.0547403518651119,5.282555676107555,2.98905002915867,0.1397914684055485,105.13673313075608,11370325891.919952,0.0008868814562549
0.4992146548447534,0.0562158804862226,5.158311130512251,0.0353101706390078,0.2133527188730232,12.440946449476998,0.2673966194966434,66.16649440614945,18248376349.97513,0.0009029783001992
4.862261957783357,0.0900855236084613,5.914459117305041,0.0611755737873433,4.834119232415207,9.419435995594712,0.3361901564044712,94.13406218224308,12365531512.691126,0.0007235428907038
4.694700457860827,0.096263874347775,7.580710239618528,0.0538140222989463,4.912383334419891,10.382197586127242,0.5356474679219029,80.30075329181524,13895957980.326365,0.0006994890999473
1.3237573362775676,0.013789228629653,6.159553395416804,0.0696010489228398,3.293004368631677,8.515603261022102,0.0354318526127865,93.9608790942302,12436373916.49777,0.0007699914466257
0.9733231898304106,0.0797681663430615,5.84914363249312,0.0395020195979177,5.689211981864363,1.6435672157524694,0.4408250711191157,117.77415318014292,10626905065.376266,0.0005829775778336
1.005698612271969,0.0617688615674255,7.38269270388231,0.0397671366013781,4.165502789721667,6.852380160047593,0.4944861080539012,111.5061711263531,12904714892.324432,0.0005087213435204
2.276788153544236,0.0517435914015896,7.82651834269631,0.023798128899631,0.1249707223716093,11.76030296472772,0.2110145322936763,82.2287241118805,17886922469.28292,0.0011507421727251
3.4808255616325385,0.0806814846981232,3.638071509988504,0.0840653493927143,5.913646466235104,2.649538693860843,0.4770872920623797,104.7825407741996,13273609447.054556,0.0009435551787301
3.6888005207453127,0.0651007814416015,6.535499931947411,0.0508985770999899,7.560672239154327,3.645891807088487,0.5575301046234694,92.25585145896652,18206781079.15317,0.0005052795809352
2.0024047151040643,0.0845138017477309,8.65086176805821,0.0475824438290055,7.63593497203998,16.15366223084477,0.7649465340167261,108.77443470531556,18179211852.483665,0.0008855949913834
1.4481397072525806,0.0612113431645563,4.535957870946147,0.0381452438915531,9.21711148664627,7.328814922683578,0.3943029673116517,100.83798346708576,16145535157.201736,0.000692312053836
2.604777376326348,0.0535853200093757,5.963693023282221,0.094034250681545,3.782533612217508,2.6812665198315107,0.4498352199218043,113.56903600985454,12153098467.180595,0.0010557535673154
1.806975788368283,0.0948389433044463,6.627634270477131,0.0980429129644698,4.877548356114055,3.354608511433092,0.6162788446834528,70.38695438788407,12517169854.99842,0.000657764172228
1.0307111139600489,0.0517096707999074,4.148911331553977,0.0837324370560344,6.357114956746018,5.042750235355046,0.5530622646189671,129.04660723346095,13584698317.25656,0.0008395485384152
4.5558213999234205,0.0861410568940005,5.613929902746734,0.0913780441760426,7.445034131360245,7.45212830116781,0.6004908807897941,71.43019340756352,13426125597.793348,0.0006468795130329
0.3936957408844141,0.0848286086394264,3.568654729012261,0.0822635820253185,2.207595159907356,4.2342000020451165,0.5707886346523616,94.37633091228636,15326656836.885756,0.0007185054520808
3.748604789089655,0.0916135037759911,7.247486184976145,0.0610131513557151,8.22451014274204,4.743354923481016,0.5299571245800737,72.21176633573228,11406430689.6618,0.0006845807559244
1.0154744966907687,0.0911933984439812,5.968331565007522,0.0841042175267671,7.788255346671359,4.888748756216495,0.6397920542184813,108.74096928828064,16172385776.668297,0.0005708035982751
4.13233659625881,0.0681382593640029,4.917432925830254,0.0422459946366152,3.7630088106056343,11.61356990959484,0.3536767708173605,103.97179333658372,12265915600.660627,0.0007148748900179
3.2121555286687253,0.0898646038125374,6.974682559618149,0.0507986508465824,9.212896424695334,4.909016733714089,0.4045737256636447,61.13731124182652,12487168872.285826,0.0006771830030065
0.7220529556483897,0.0494237867842428,3.3207730805755893,0.0393568758462335,3.913287746119191,14.420684365391857,0.3474667183811383,71.34032839910444,15638985073.49956,0.0006688430022389
4.51371240695998,0.0636687434928022,8.255237060469835,0.0078714541296903,2.246287042631068,8.249625275602199,0.781105839316254,63.30200003097488,17493617733.719776,0.0
1.823545890147072,0.0584715002905475,7.084692848909062,0.0812187248633633,7.810851110238214,9.685797088971889,0.6693141079559874,110.99182326630104,13938630816.50244,0.0006243561324171
1.4075184980930548,0.0799685368950522,2.877386824501134,0.0848577129095534,2.464884265093849,3.672678267613931,0.3744968803715033,110.67730756975772,13160116207.020132,0.0005183732256906
1.012759819627631,0.071413893381981,3.4490152562607173,0.0799761734721602,2.1772983109306336,6.942937438686509,0.4190406041335349,109.63611339909431,13910305976.911036,0.0007302673291666
0.3298579327626355,0.0467236918778879,4.601543592664946,0.0993123810040699,7.512535086524825,3.604442278517147,0.2666039846379421,121.54298659169652,9092471134.896408,0.0005950271896005
4.98600289602534,0.0343365339348594,0.9798024752199044,0.0120788759801451,5.298743559514219,16.274365187486623,0.705799120907943,80.4554493886656,19468949678.065453,0.0006754558291761
1.1642669270350114,0.0743793362724294,5.819498758600867,0.0595301777141049,6.183308167274668,4.80574916017625,0.4141365467657437,104.97761614156676,15134091773.062117,0.0009064501921267
0.4210730786342483,0.082448374031154,5.541057175384384,0.0981467620677795,6.531844188770137,4.32274084913572,0.3582393651656252,109.76311581889992,12943664321.673445,0.0005705477444495
2.965807472419968,0.0735008697953155,2.4372822115896176,0.0381942328744444,2.6507464349685907,9.590843811195914,0.3178289241644533,96.19882047854074,11954058946.37395,0.0007434567863899
3.419448168489976,0.0894908644142912,4.697105473989935,0.0758265470781984,6.483332783436792,3.317064208530643,0.516538687447089,108.52656629830146,13441428410.553038,0.000532078831794
0.5329689770306875,0.0857636037220967,3.071987775459885,0.0690609361632461,5.825435851398314,2.992157483571652,0.019326565167333,105.23636656574044,13428391277.359203,0.0005475675227347
0.3853723440562937,0.0696869892261548,5.618327303613447,0.0824925113474588,2.9512228426636065,5.699406039510038,0.4038104485230667,108.49108795984674,13919317232.138391,0.0007299651985774
1.2023289338780938,0.0942428504236588,7.540387036590945,0.0951670942028395,4.728180752317533,3.1712044525562866,0.3278560472697554,79.53653188082205,10208446210.012104,0.0011072722239415
1.55095781207776,0.0614197584121644,2.880234686207671,0.0748381177727838,3.494470156467245,2.9824082919385217,0.2379958790920245,89.23413837865401,16074833270.28857,0.0005385241891025
4.668268839622386,0.0953964110837357,7.456335394128578,0.054676400962495,4.865610278725029,11.004097823489657,0.5364042162075617,78.91513711978637,13917217572.508324,0.0006979888330907
1.2554734712713815,0.089810536432506,5.674419835108114,0.0656404716842556,8.954206403254581,3.490913069524112,0.1000998011833467,114.22028743142,14475503039.402897,0.0006764695702916
0.4266383298832575,0.09061062277674,9.390879921213877,0.0884703137159634,7.725692589764384,1.832779750079574,0.8290205276355417,125.64349777176972,13720940598.005192,0.0005158114593521
0.1410676810355459,0.0598314281782364,8.591159014851828,0.0925515170481372,2.524418532927698,2.0922098347307574,0.2617975367419081,119.67156687486828,9041691980.464506,0.0010077249564996
0.1410449867179515,0.0550215198899467,7.447100023026493,0.0817661812989218,0.8766033988995243,10.129086829948728,0.5445839314495269,104.23969664931364,11511265823.732063,0.0005601874112934
0.8384901392644133,0.0484457202087658,7.460729015865917,0.0905957173960388,2.614006954854428,6.575347529466798,0.4615505293773443,113.3036440592456,9926137360.641949,0.0007848681999341
3.8259602501181034,0.0398086080493427,9.161041660092678,0.0059058758989709,6.457087189473066,13.881405021335556,0.8410828578351629,64.81583606781834,17488141539.63807,0.0
3.8660397122548726,0.0550119397297876,8.171299083264048,0.0280548416231722,8.481009615565515,10.979969891845585,0.7108989933674428,107.66272280274482,10833193406.518345,0.0007793880770529
1.2683149242743386,0.0622231625332345,5.707407423645815,0.0683335792632974,3.416977087335401,6.191401299317629,0.7770121294660893,89.25189199566715,17097160221.204632,0.0008375302132529
3.267131329166969,0.0660679945463421,9.94284669457689,0.097780247360691,9.5342030859551,2.393700982961477,0.74739258902426,70.35157288514776,16892683415.482676,0.0005857324268814
0.4780139701200159,0.061803117586511,6.425405920527535,0.0454948672449028,9.302564759986746,10.528573105760575,0.7188360916589036,107.46757773095216,16139542780.345482,0.0005299887326191
3.017833038225478,0.0837470147743052,6.359428203081258,0.0821426064952009,0.6439496817876567,4.881834225586537,0.3043501898862409,96.35310915724853,9128700829.658752,0.0014184508813063
2.0448568483469773,0.0986968021228715,7.515780122934888,0.035099373312073,2.3512084149800527,8.510768816442209,0.1846584094956734,123.1316214984078,13610992971.5465,0.0011892205799212
1.727258899663578,0.0480924906484028,5.980546768815687,0.0943659565870539,3.9690844416645135,2.570665814099955,0.5120644941648244,73.22428453533016,13402426953.94707,0.0005177222133013
4.6350257688484655,0.0845587259708623,6.078648299952362,0.0520681483902843,6.815508144120294,2.7503627888271898,0.7315284558583502,72.38614081244778,10783081391.552572,0.0007599316941944
2.5901755454875963,0.050700055228553,4.89544225415553,0.0945738786180453,0.1803657510122589,4.801452863801554,0.5126821223884369,116.91669908073102,10599253574.51979,0.0005842992871989
2.604304857909717,0.0879269520161633,6.145410089904287,0.0930071172481235,6.327825084585455,6.633880870483005,0.7261014132397962,117.64916723523146,17455430131.631912,0.0008157750159174
1.6579023438597913,0.0572507256754011,3.1482099361125444,0.0200974541066568,5.315730340041396,1.5083547258682448,0.2765550773754192,98.02175639743112,14842598659.045792,0.0008262472291128
3.313199853247612,0.0411257420541646,5.46155084839264,0.0410398575381706,0.8241971999802317,9.344930409056456,0.1639039011329753,97.55600436281642,17157933701.697878,0.0011857212515773
0.8804141846621164,0.0473695252603039,4.123079329375512,0.0331571791156199,0.4731019824751829,14.296868021033088,0.2245099764965017,80.7787458183338,14201388536.635073,0.000691056522491
3.6965797785493537,0.0752063326001082,5.479480297808261,0.0857362655693167,4.723606913882357,2.3334132949287216,0.562528280820453,128.40336704211927,13437390071.58034,0.0008167273741739
0.1623817820622023,0.0607693629025409,5.959550861189681,0.0547566489948458,2.43286043141312,8.014295730724053,0.4282881224565998,105.88927581703231,15721363368.909777,0.0006804464548519
0.5330963992485057,0.0857255249721709,3.046432986455747,0.0690763155610138,5.820522728331032,2.993282394098564,0.0192590611786992,105.18550273659376,13391414728.048824,0.000546500451277
1.7152974595351205,0.0875689488064886,7.622634278316594,0.0824692371699462,8.60804577400399,3.99759595988811,0.738075474164824,111.59222081651669,18410876007.358665,0.0006372991237386
1.912233764522676,0.0724105106298525,2.321277237768117,0.0904004261215048,1.4279432373770924,7.796256482569368,0.0416420808904429,80.12378766347288,9845516973.976965,0.000846578849326
3.4773101854492823,0.0929574548996517,8.78909381509326,0.0496771320279703,7.7021088433352,10.78894248240255,0.4326195778303079,67.27904762159692,10387409425.823286,0.0008449427549599
0.5514116672122865,0.0909757404827286,0.3766447012230354,0.0919800434870254,3.4354405720482397,4.61755113765085,0.4248440178931372,113.85609435319876,14336678114.031136,0.0006513378299752
0.7348345355583618,0.0763540149033671,7.155879732192319,0.0622227189753435,4.061582829251585,3.3014208943846555,0.4094313702095615,113.31573645791592,10206677473.183788,0.0008360750554579
1.970314156314485,0.0590123502979145,3.612962495356484,0.0284243280553108,4.468724619958832,2.28064464248606,0.5781243141042804,77.28042175956664,18613248805.367428,0.0007649959107867
1.3240111466272886,0.014525051806482,6.596046723424012,0.0699452644873539,2.745193913298354,8.53263419798483,0.025722418551836,95.37696267762702,12584539860.55439,0.0
1.0004996558201915,0.0951106971372005,1.5829430503159048,0.092615839753961,1.4882550869099886,3.1216364099989318,0.5961755969956228,89.01752211573299,18242422396.788174,0.0010427232104366
4.901604226187667,0.088489387466019,6.575048393881734,0.0833415302597636,6.642238744266234,7.521847748219351,0.6893638411294226,103.07210859996673,13460153169.882729,0.0005160482797642
1.912233764522676,0.0724105106298525,2.321277237768117,0.0904004261215048,1.4279432373770924,7.796256482569368,0.0416420808904429,80.12378766347288,9845516973.976965,0.000846578849326
1.0630459049366752,0.0930909006360045,7.011177145696019,0.0649653750525729,8.528164094654088,6.728155628327786,0.380765962616269,107.90760403193448,18036313560.895348,0.0008066457392712
1.6104187987493714,0.0560596456558271,5.056555832133743,0.0682240362712017,9.341301616051927,1.5428993910969682,0.273439696225247,89.33330519572179,11226283135.570492,0.0008753218636906
1.008368116225803,0.0968931469826686,4.550996775772535,0.0596245697770455,7.464404367600809,5.566687495246739,0.047929627022547,99.77879830563197,13320364552.67458,0.0006636548455101
3.744623817753789,0.0910638393772898,7.245959380108664,0.0612917703724001,8.201408635162379,4.739632077138493,0.5281369251663842,72.18282806826303,11409771633.220102,0.0006841996988745
2.401067662294834,0.0372876221586064,9.153271307686111,0.0890189422413243,5.281688803625828,6.1861874754329005,0.6368024088458889,103.24597868443922,15821098987.2057,0.0008421265021611
1.2869682032023446,0.02207689131196,8.99459893610218,0.0446181530013447,0.8570355704289503,17.60197251823799,0.1930366940351862,127.42873444852184,11206015404.385324,0.0006496960901535
4.515246950316073,0.0805911086288932,7.255335982994494,0.0564941419471612,8.733549358877069,2.2783286294940344,0.4520166475761416,100.03130257490656,12720547544.38452,0.0012174522770529
4.6888386338817165,0.0912816456182226,4.265066226404957,0.0333598830343011,7.6744878928923,11.183120526154166,0.6619891578441882,70.5111774490934,18024837296.96513,0.0005901945729091
0.9179207010124376,0.0800948431129735,3.1435701996600205,0.0151975990191086,4.163517286077436,2.0976136835877632,0.1732171851764129,88.57673654909138,16092007862.194511,0.0
3.5073530087818807,0.0920633758255296,6.755505762857039,0.0181470656211671,2.72141900444227,17.81093874981918,0.1625775822234412,117.06153067075064,18549777242.704,0.0
4.646820583096841,0.0874427200333612,8.566961449531991,0.0942262938471547,7.284169290617033,12.466241456440113,0.6569974024937735,83.6586716054133,9183491007.222092,0.0005080700137059
0.788249465373879,0.0551341568674751,9.714089341904003,0.0513806224508683,0.9305087510843943,15.281329938582788,0.6361092692556521,121.72084008002072,9786363426.764702,0.0009428569495398
2.016338162123813,0.0659870935080607,8.995204590070136,0.0836895468053485,7.192418487977113,1.3879610257747772,0.6712850138095919,123.3359475561477,14156801935.94802,0.000728442969426
0.4518411424870713,0.0983329398080005,2.640526682400926,0.0949829392900895,4.605090537846183,8.264386340106427,0.483598378388261,114.74591977593428,15867600083.675142,0.0005773367905612
3.23285991158815,0.0691397991890544,2.559639030271936,0.0393785520150731,6.949999566430517,5.845175522398848,0.8204914048220239,79.80946837698284,17270599211.93933,0.0008099606892861
1.2314212161796636,0.0776392068428514,5.030537942907619,0.0661927646481438,0.1210177804954775,10.551062536301515,0.6968429957171164,98.09326022741784,13855542318.121471,0.0009932466942325
4.108784693095045,0.0810911559443221,9.220734297943949,0.0533727392443589,7.016600819442656,10.964122163952702,0.8258992708681844,64.1698408710035,11558279835.857763,0.0005448616554661
1.6097625348369806,0.0572380462460181,3.4317075228374136,0.0829870396662545,5.356478975366228,3.568422168121653,0.5063940224380389,102.68021310115932,13031161675.194958,0.0006046396213226
1.2314212161796636,0.0776392068428514,5.030537942907619,0.0661927646481438,0.1210177804954775,10.551062536301515,0.6968429957171164,98.09326022741784,13855542318.121471,0.0009932466942325
4.311791038113279,0.0792289909403264,3.1030091623272518,0.0866581260724116,9.809253936310666,4.190619413359141,0.6353068364747895,98.46346281326826,9653692952.747717,0.0008171503092166
1.6579023438597913,0.0572507256754011,3.1482099361125444,0.0200974541066568,5.315730340041396,1.5083547258682448,0.2765550773754192,98.02175639743112,14842598659.045792,0.0008262472291128
3.745109340540044,0.0910652455851965,7.244826291204458,0.0612991266577957,8.200382412931303,4.73964077301665,0.5281604232625288,72.17961133896758,11408131649.194418,0.0006842630545914
1.1839535850597782,0.0763555111097304,3.666336604266637,0.0514305426172948,3.503519459015072,9.879084181779335,0.3145200842651812,90.73115176976434,14892152309.90208,0.0009813459244191
1.2594627591698822,0.087504566806715,5.089110208151597,0.0215962091330679,9.08929621566392,3.0484787487060103,0.6033033937109369,119.64536443224952,12288954375.443611,0.0005317132751667
2.0550944321848674,0.0987735075478467,1.7331562420559297,0.0945329446464561,7.520208885173226,3.1305053262825258,0.428085774977223,127.45383747231917,9359102224.129135,0.0005655564682357
0.9976752422690156,0.0910422579654355,5.992180958555747,0.0840987526296737,7.7947226281926785,4.776782490265365,0.6388223232139623,109.11230172806552,16152434958.951723,0.0005691516959255
3.983726786355376,0.0780295236616603,8.710786964144475,0.0191878632480894,4.332395133064039,1.2141397490967396,0.6764609353130161,74.97621278305058,19929310207.47204,0.0008743308714312
2.911169576428451,0.0869357106310841,2.111025139238065,0.0956638217652391,8.271045373725117,9.361185986872306,0.5576209085419214,105.13718561942366,10090619631.266323,0.0005472276170323
1.008368116225803,0.0968931469826686,4.550996775772535,0.0596245697770455,7.464404367600809,5.566687495246739,0.047929627022547,99.77879830563197,13320364552.67458,0.0006636548455101
0.1759040350993459,0.0228151422787705,4.834112823120908,0.0852711155191971,3.303982827902951,8.727262852733142,0.7401757224905341,102.15403204778838,10672697385.277285,0.0008039793022925
3.84743594077564,0.0713732457581895,2.8680786261895825,0.067256918825957,3.845935087922931,4.882862199932271,0.3413544925664904,96.67736621546284,15386083409.397003,0.0009611532618242
2.0290342462577704,0.0650525543182597,8.75462535689313,0.0842214336092085,7.442903876309531,1.0508733565088964,0.6657848809034635,123.67232442835504,14140264534.68806,0.0007156865208231
3.0232891921941607,0.0776654583520292,1.371613829156192,0.0601400846425063,2.332077990570339,6.889828344312899,0.0784260479454281,122.8409938476566,11664150846.309624,0.0007171834624112
0.1748388813756174,0.0620711799112161,6.29959921405806,0.0956908769984286,5.1649801330962735,1.7975402052906244,0.1208922003559082,119.22935559038103,10574779409.28321,0.0007696176351953
2.223732294169368,0.0783595262741589,2.999776077879536,0.0882232903108856,4.7811596022923455,2.352032133518499,0.4292799599694473,116.97662798146426,11416975128.78587,0.0006134670380417
1.0705486675719738,0.0903585784666539,4.031270850021977,0.0811282523167953,9.952388123533863,4.965500503101666,0.5320272786883877,110.84223689957231,15115648240.78164,0.0006221692434805
0.6340026622696284,0.0993290178484205,7.710152297836045,0.080423405468976,1.159229270701266,7.440340433271949,0.2848166958905415,101.72865135329714,13926662487.723372,0.00101896900156
0.1748388813756174,0.0620711799112161,6.29959921405806,0.0956908769984286,5.1649801330962735,1.7975402052906244,0.1208922003559082,119.22935559038103,10574779409.28321,0.0007696176351953
0.9765322886477966,0.0779715129368692,5.153268642625206,0.0370524344565579,8.28428924758122,9.470086658833976,0.1055892671833202,106.8295112160015,13968577141.046455,0.0007520267398083
0.9275209745756492,0.0951716305779718,2.9263016300447373,0.0994762867192323,1.1801898673220057,4.24722082722949,0.1200475693048156,117.55782054968132,13177799372.2585,0.0007603168594682
1.1083295904081285,0.0703115826548234,4.919052649432662,0.0989730294306808,9.87904089911996,9.203316350911452,0.3914313341397125,94.32193028781312,16353315633.9403,0.0009157792635484
0.1111489509711491,0.0757965659365417,6.250877570684052,0.0893149256175306,7.950300779485602,8.32275709137026,0.1818134956952417,94.38210589275909,15384477316.373528,0.0008798282885452
3.0126194573909366,0.0903636166847039,6.700856454007966,0.0475353871193409,3.2999552123325957,15.835113312436873,0.0639747779506714,106.7437645273368,16500344911.015274,0.0009819384613628
3.088339735251936,0.0862851589663873,4.717082978975738,0.0756097924365515,4.691409698438938,4.102636908717621,0.5447529989541869,115.74765584463988,13040505750.512403,0.0005575710658532
3.927878611617116,0.0654263587995551,6.886613415321177,0.0325406798877281,2.3879203961840805,9.724339005235516,0.6626739812035116,129.79497353892936,11617585433.765808,0.0011349404578544
4.457059606573541,0.0877734621848188,4.976762587411132,0.0947407514509929,9.624570988791064,5.640862263609001,0.5961020157182277,73.18102131350217,17364854359.46573,0.0007480052073886
0.1095927965887785,0.0616887309300048,7.830776889000845,0.0498035753615328,9.63112219906758,11.979590645569814,0.7926398850540188,104.74947296913712,17681707066.22891,0.0005419047905378
2.676083855580959,0.0979146235881759,1.0186840929951286,0.0864979859080316,6.54730887086157,9.062128519122682,0.0123094856201668,94.93399407431204,14130067548.502745,0.0007827504774271
4.827520291318024,0.0296023152111393,6.139665785964486,0.0944815838085371,0.4110794870423584,7.611250126556153,0.1805921279637618,121.336843446782,9726710205.149822,0.0006859449541822
3.477047163345005,0.0394028328843898,5.559424972133952,0.092415034289286,7.367736522002867,1.9953669241308676,0.6328302562692532,91.69876134526638,13937243197.977575,0.0005241716737611
4.430848025473212,0.0768260323432299,9.38675029972141,0.0351868404042816,4.661479283451547,9.228330829112462,0.8451503498091562,117.93939688188723,10057098428.952415,0.0010642986264697
1.6443152909593306,0.0848379973169904,1.090916565411912,0.0215074804337952,0.7275175608629166,9.722771061953049,0.4049624045947064,107.90477235232204,13590566331.428513,0.0005430450681286
4.501227743565947,0.0963221418941583,7.1301083845934246,0.0764212294721626,4.573299845829312,11.010859916262184,0.0857987063683606,69.82855179271091,13880797691.078815,0.0005132939673878
1.308084307676837,0.0711974873175226,6.723516887083279,0.0818335881956931,2.494054012552813,1.8506787551310988,0.3924230058260396,113.73480394387654,14603484319.686876,0.0008414871020677
0.5240752668526627,0.0519516109230429,8.717756023782774,0.0289509642008088,7.106258311394969,14.668213933722331,0.5917305422614848,122.69780364547556,14859478228.929268,0.0006966817855527
1.6516554300599446,0.0774992806796782,4.586917571332453,0.0174500280833916,2.8513744340696263,4.239322690333323,0.014354821067916,88.38561012850853,14706214050.028406,0.0
3.6173791485229647,0.078985574114532,4.208992472289363,0.0545097375795333,8.648987585760823,11.55870835448661,0.369607981128128,127.1075964376067,9033479670.979809,0.0006585248201372
4.682206161228604,0.095567269100531,5.653885634208946,0.0568511347797939,5.362960452661894,4.975178378873121,0.6568186169932636,106.65385651276377,11241385400.192638,0.0006972018054335
0.2171090790183545,0.0724174923132667,2.2051574309907105,0.0854093241828005,5.126804802321539,7.36185957752237,0.790506584268281,124.549930617622,16382332434.876942,0.0006470629938644
2.756425512572782,0.0971112871592459,9.502307596039016,0.0924166559759797,4.04113081974529,2.63581649261387,0.2261955722537394,86.31310822883316,13935095419.128428,0.0005367471280291
2.2808054092925336,0.0941298587750854,3.652422048772408,0.0581699681289281,5.146483203643546,7.1833784808889165,0.0782030749741229,86.46771441129111,13079049394.852686,0.0008461537965242
0.6025380615044811,0.0588768905119767,3.028752285437502,0.0867057348434887,7.991053744771333,2.900756501069634,0.1665977912298815,109.14355767284466,10793781428.601562,0.0006781138563976
2.986992320841677,0.0447718888372605,4.956922938198714,0.0466060920476946,7.93214065225964,17.499392145966763,0.242579948486308,74.6512732002098,9998251514.987385,0.0007688877207917
3.5564448756258287,0.0522383524537995,7.37141529698256,0.0781304415321966,7.207058276901002,7.644390329117241,0.035081510346393,91.23070009233668,14134724243.27769,0.0005305540670971
1.690075303057508,0.0694659363438715,7.508760774520674,0.0679536544773036,7.748571304870336,3.800790238589409,0.4718706162813678,126.15035046999536,14116166911.012293,0.0007240339155489
1.3163640407683157,0.0645843823430614,2.3409644274711177,0.0524508999451253,5.248556019431474,7.083590981172573,0.6584984335683493,87.32136668288187,18150420362.32849,0.0008856020868891
1.1644674058450004,0.0445687746295749,8.899245772561244,0.0837640489532772,3.8791151000300648,8.059640111124702,0.0957660285878425,125.97749064113832,11543375823.71774,0.0005207402440103
3.220946489757895,0.0763897842328504,3.927028999497237,0.0189672933735449,8.601031077441073,5.529034711933717,0.7010974206224362,88.14879718260039,9051138226.989426,0.0008790655154848
4.67455069915053,0.0913433636803663,3.765287566821754,0.0348565607633641,7.637923859451766,10.271431693837611,0.6525660757937424,74.16356515573477,17835974482.90142,0.0005805605409811
0.3868902891806091,0.0374049767762042,9.39441165224931,0.048094813592629,5.950460542158863,10.421746719538902,0.0433493673099211,99.04247851432184,12207183063.10639,0.0007079848548971
0.7117295019636993,0.0660584631212441,1.2859341080527824,0.0558344105581532,2.754254204593432,7.630634478511489,0.0975169738493239,78.72268355633533,14360952252.1135,0.0011022266876786
1.6843703357787088,0.0825202764746729,4.1281142723442805,0.0583943976842919,4.584003178962646,8.452037619930344,0.6170757314187983,62.56988160785976,10278021710.65865,0.0007070956352094
0.4541157062839507,0.0409985049205662,8.20278087220841,0.0839740058535572,3.0998051509121054,5.028220650753444,0.3939691667119794,111.99955205643072,9856042720.206783,0.0005631819891865
1.4387808691577757,0.0824485560156647,5.051251151330584,0.0873902115358474,7.781036518984043,7.926069763139456,0.3610836171943811,99.05684320712956,13888223162.74545,0.0005294163441264
0.3810096228052229,0.0694032230898118,5.436064917903899,0.0826226058132879,2.957266812295924,5.8018435818569385,0.4344935664797849,109.28548689283971,13687570495.67254,0.0007107507562632
2.0888797146715645,0.059824884556219,5.157252760187817,0.0795034963674464,1.9544991073061493,4.984474634170066,0.0645098870389306,104.92407490792448,14618227634.74135,0.0014389710039112
0.6763972623363381,0.0712848509867479,1.149447039270806,0.0551761430136312,1.1282916843106912,10.373376790728573,0.0185432733440105,89.06911830180906,19850845443.509598,0.0007933368519325
0.3420197720265515,0.0578407007123995,9.470566911728085,0.0822942901619618,4.379737157759399,2.749260977529038,0.0606933107577075,111.69934235698015,10392085423.024754,0.0005286590901867
1.1579871013136571,0.0905582144767379,5.846460943056605,0.06393784122847,8.730051226368921,3.628383947527512,0.39556655934787,115.14356553751963,15471728778.357475,0.0006670234848079
0.5330963992485057,0.0857255249721709,3.046432986455747,0.0690763155610138,5.820522728331032,2.993282394098564,0.0192590611786992,105.18550273659376,13391414728.048824,0.000546500451277
1.1953305018731883,0.086993365008645,9.513828034592018,0.0433284044371791,7.533227256119519,2.3308004483206664,0.6881686389405675,84.0894937954909,18515043298.33565,0.0007794350643304
0.3810096228052229,0.0694032230898118,5.436064917903899,0.0826226058132879,2.957266812295924,5.8018435818569385,0.4344935664797849,109.28548689283971,13687570495.67254,0.0007107507562632
3.267131329166969,0.0660679945463421,9.94284669457689,0.097780247360691,9.5342030859551,2.393700982961477,0.74739258902426,70.35157288514776,16892683415.482676,0.0005857324268814
1.4487645576759969,0.0834179798561043,7.381156903122157,0.062308778110963,8.900175288625054,2.9332746507793104,0.1919503839597465,127.58008703614682,12899196715.25169,0.0006660635006658
0.174952436203128,0.0620837458406669,6.301511012158724,0.0957037015858521,5.165535494427044,1.8009434794041146,0.120893260702708,119.22744430082554,10574174164.928225,0.0007695451200896
3.868165456886815,0.0927344225779083,4.80071148528033,0.0828673422533348,4.848950138883332,4.684576821283808,0.4037059955107356,101.2619413376016,14711390484.534475,0.0008304714619283
1.095531667039593,0.0951537374519927,9.65927672060218,0.0733926463341904,9.456204046869663,5.944740933005572,0.1608778266595656,127.60677022438594,12537853323.3749,0.000603990586553
4.233917604716535,0.0902260712201118,9.53081511537962,0.05311746901854,8.686088861860368,15.280027291009196,0.5221664871820525,74.25257569951751,10586223559.9693,0.0008660198240365
1.7847160449243011,0.0654837021116232,5.365870633461388,0.0703265386570314,6.02990341448,5.841838140771276,0.5043924464880074,109.11016812365564,16034845687.428867,0.0006023126215352
2.610273192501125,0.0774837077087437,6.526811922500054,0.0503710054076988,3.298755962188189,12.10209404081565,0.4535421106226496,100.9969712483513,15109463827.29675,0.0008904572445213
4.42066440710202,0.0358389309695102,6.863321868432656,0.0646479989320139,2.7795426591455783,4.562038834889368,0.7556453391607135,95.80997718338256,9069771585.623056,0.0005647158030876
4.883558411254505,0.0730444507862115,9.655857855945916,0.0504342813939953,8.047731842354587,5.195492730207493,0.6363710686769513,72.21833317172596,12375897631.502916,0.0011576786998577
1.8931721574075349,0.0414374071695464,6.006227044747791,0.0887078677682041,3.0586476565358924,11.58265960388527,0.2390844349591663,118.55746071280922,12117233387.198929,0.0009765040378878
0.4158971320601192,0.0669894918984824,9.434720188068802,0.0852909680151069,7.341406021425096,2.7512582255160023,0.4603733665371348,112.84714772718463,14930185598.814877,0.0005792825701121
4.303868211780049,0.0460694940352862,9.994211437695617,0.0286583938814891,6.652391111838232,7.682574310440441,0.6229919361469258,65.74951766067869,9798914990.23101,0.0009433399733861
4.670314781590982,0.0916893979789685,4.030071329130895,0.0346957296643954,7.809019959112832,10.784915746541156,0.6690264513231852,73.86515815510946,17918520003.020115,0.0005858011763342
0.3847337364509444,0.0696936221903066,5.619201777493694,0.0824904328592887,2.951470845732786,5.699755892697385,0.4038247114045512,108.49078145472735,13917815013.939089,0.0007301258674713
4.989429600251255,0.0972101382415963,7.277849684847776,0.0562924483109212,8.683039062214949,4.699023556780313,0.5779825828595098,61.18492828880336,10356659969.992975,0.0006521702934488
0.3853723440562937,0.0696869892261548,5.618327303613447,0.0824925113474588,2.9512228426636065,5.699406039510038,0.4038104485230667,108.49108795984674,13919317232.138391,0.0007299651985774
4.311909946870499,0.0987550829479059,9.913016545385654,0.0508923485247492,9.42813356019181,18.166005965786056,0.750342905608969,70.40935822064094,9533320182.908989,0.0005596056130988
1.9098698028652188,0.0992107006360563,8.389316058017723,0.086795168072652,4.999443248210814,6.397522676986583,0.5063215297371761,64.7189559672381,10955590868.941433,0.0006046692996813
4.834182317981343,0.0889159791463038,7.590467524518838,0.0552162619129797,5.440481091096866,10.60498504518608,0.5428608490042962,106.17322628960858,13277870223.460333,0.0006459355404721
3.017833038225478,0.0837470147743052,6.359428203081258,0.0821426064952009,0.6439496817876567,4.881834225586537,0.3043501898862409,96.35310915724853,9128700829.658752,0.0014184508813063
0.4038623379961552,0.0700138095905817,7.463796960639573,0.0817455867077938,1.365780717535359,9.188181989554751,0.4224796585485741,78.7908013873844,11434139766.259,0.0007966791860896
3.462071430115857,0.0853621413838837,2.2203702288670786,0.0617259553759269,5.627194962339014,9.208200787096713,0.6065571619613187,85.07113388348313,12067667889.145924,0.0009716517553685
1.6260306781076956,0.083462759820798,6.962504429475057,0.094382360353784,7.478918854523599,7.601661270278461,0.5699815663210258,111.63975144661492,14872816434.829536,0.0006087023355694
0.2632080263384945,0.099472843480142,5.081280319719587,0.0904132936420799,4.7611705716384245,7.6670224502765,0.3128648292373081,119.10229388489388,15468095205.586246,0.0006273488161829
1.1595586234671271,0.0812823334465361,7.830064751420363,0.0877156078441244,9.431258866983702,4.430530423554946,0.4080519701504063,107.8611462071482,13117699651.191196,0.0006315486869495
0.2171090790183545,0.0724174923132667,2.2051574309907105,0.0854093241828005,5.126804802321539,7.36185957752237,0.790506584268281,124.549930617622,16382332434.876942,0.0006470629938644
0.4534661922705912,0.0409968508783659,8.200851520145445,0.083963926055537,3.100274394716278,5.026126734337343,0.3942364098845796,112.01244161606932,9855294799.310646,0.0005631319204313
1.348933506129671,0.0974379669901474,5.410239238159945,0.084657625686588,8.78866572117764,4.467759258923049,0.6878838855853007,110.94843823861528,16722905610.719442,0.0005295820371639
4.063103539263425,0.0725067065768524,9.678201075415249,0.0671340808775503,7.743383263701897,2.2427565380840413,0.8370473278961978,92.51165312894877,9855697116.354343,0.000849114431289
3.499233801906449,0.0777478406199065,8.690327923556143,0.0805050552650528,8.929179124803078,3.4969970683000504,0.6446477603354043,71.18794771108966,14310604370.210598,0.0006319119548009
0.1820576731216807,0.0800692037210451,6.195370795872203,0.0961963528181706,5.414601009325503,1.5627342880044672,0.272410490733723,127.53585290753745,13295859098.504148,0.0006934849160615
2.59141080427521,0.0996277193318134,8.81111836149603,0.0990561687338508,5.059852217943849,1.258695932674628,0.0424645882285796,63.24547271260656,12474805738.61182,0.0005932014842641
1.912233764522676,0.0724105106298525,2.321277237768117,0.0904004261215048,1.4279432373770924,7.796256482569368,0.0416420808904429,80.12378766347288,9845516973.976965,0.000846578849326
0.6555321637300716,0.08024931942462,6.825313873122243,0.0863741628591382,1.363559134797163,3.6909841460318273,0.0618649931365963,98.28306747317852,12969919892.280052,0.0011719020472995
0.3470921170485522,0.0595921055809252,6.72939588385836,0.0940670399538048,4.838467078312953,2.9527980421687268,0.2143464598894558,118.13393208864284,10401436317.859602,0.0007825725718541
2.753363211554967,0.0786915452970396,8.328437316072877,0.0591182042531004,3.699557645733482,7.468353231920528,0.8311368947394884,84.69212955622275,9695041058.481888,0.0007780026010147
2.619221526368728,0.097093928597122,9.164403327706983,0.0790665244872793,5.028300677877305,10.106243886975518,0.471105666582952,61.88681717725923,12500745222.91671,0.0007743974032909
4.522963759736736,0.0872013969117245,9.455978470043547,0.0448922520213768,7.358287958394428,15.515685207979974,0.7272461675662902,77.78443477134927,10975230017.450571,0.0011597809624841
2.154619958721096,0.0815768747028105,5.290013505522619,0.0539560112510637,4.668878403842118,8.901351745187064,0.6146291916181598,77.97749638221357,12168680734.451963,0.0006627532000449
2.0086339834439,0.0731886630747243,4.086161564502594,0.0609135082696071,6.5572816197146215,5.388371973611718,0.5625847202373779,90.7449058585138,11094249351.296412,0.0005904211223887
2.1187228663131847,0.0697026239647846,4.94736286858015,0.0821421698574461,5.187941250764328,2.33231543046829,0.332969417995421,107.96434265092138,14237836283.771118,0.0007602086974096
4.31222366762369,0.0933236820837578,5.755358295419229,0.0560446282513904,6.573222995915748,3.4807023208644527,0.6577566652766756,79.59132341789044,12704060337.41152,0.0007741461526605
2.986082078722227,0.0629933348258399,9.921607011260596,0.0272078853619236,9.41056261679324,12.442582932542235,0.6410995974457054,120.95584216591384,11198066618.571306,0.0007171808990951
1.012759819627631,0.071413893381981,3.4490152562607173,0.0799761734721602,2.1772983109306336,6.942937438686509,0.4190406041335349,109.63611339909431,13910305976.911036,0.0007302673291666
1.18419852010275,0.0508112859140094,8.007958680587656,0.0744667332686644,5.874779009698444,10.002762290125077,0.3392308196276365,77.72124137558264,13116141352.736324,0.0008778577186692
2.949147292885439,0.0442805974849655,4.879330603196836,0.0453539755606201,7.92721392126692,17.97815449985698,0.2391309208613002,74.74950018415741,10085292233.377558,0.0007685887487525
1.2314212161796636,0.0776392068428514,5.030537942907619,0.0661927646481438,0.1210177804954775,10.551062536301515,0.6968429957171164,98.09326022741784,13855542318.121471,0.0009932466942325
3.728080014939192,0.0973689122319702,9.29982193547903,0.0523067956830086,0.998471078271376,9.446204937300436,0.1850885338686537,72.17531130254659,11830674000.440428,0.0006725115196457
3.744623817753789,0.0910638393772898,7.245959380108664,0.0612917703724001,8.201408635162379,4.739632077138493,0.5281369251663842,72.18282806826303,11409771633.220102,0.0006841996988745
0.4518411424870713,0.0983329398080005,2.640526682400926,0.0949829392900895,4.605090537846183,8.264386340106427,0.483598378388261,114.74591977593428,15867600083.675142,0.0005773367905612
2.4319729788990228,0.0828595460689307,8.718024988107844,0.0883144389360652,6.927903579527767,3.155620339965964,0.6513174166353684,126.156624933165,19544792455.066517,0.0005897684767705
0.8688680370143739,0.0624773902815682,9.036740315274724,0.0841510167164538,7.590947216365576,1.1824482094839002,0.5907299238819581,109.53060600617604,15851100636.733116,0.0006842180418561
1.497481472255113,0.0397778517543236,6.946794704272644,0.0847656618333258,0.9955155372186896,11.140299531855776,0.3373703928062262,119.9747770436517,9564982593.992476,0.0006675629997891
1.952331642453372,0.0637099001866541,7.985209461147042,0.0463313130373275,2.6547134230388285,2.5742067588699813,0.5320910574592733,99.20108087166923,18345652256.748367,0.0009335111528253
3.912923822480697,0.0956295487776588,3.3228056649790885,0.0294905296790565,5.924475481529439,19.04997194812019,0.8439637211488754,62.11045097812986,19069589020.25537,0.000763877199349
2.154619958721096,0.0815768747028105,5.290013505522619,0.0539560112510637,4.668878403842118,8.901351745187064,0.6146291916181598,77.97749638221357,12168680734.451963,0.0006627532000449
2.3372799548983885,0.0556086368716101,9.014204559845124,0.0477933874040472,4.448266168205626,16.509705480868934,0.7198632514263682,88.3007671932228,18731556648.8486,0.0010541737950289
4.435904434408367,0.0493637147378006,5.8080639575558335,0.0568791576390449,4.780186790367151,4.66227036500373,0.0847013580139407,89.23206186602715,11136382894.31847,0.0013912769967273
3.8999551935290615,0.085386344276231,8.666448072854852,0.05969040841314,4.62193765937142,16.48457750918797,0.1347654199405283,66.59332257907427,10292592665.943493,0.0007025803970892
2.831099815434588,0.0297126188774546,7.26161151084238,0.0940100855254403,4.571361608053072,3.841961956134437,0.5246538207075822,118.94000879095287,10858989657.257076,0.0008163745047303
0.1078326592537229,0.0394739248870324,9.121379183444414,0.0445568459194554,5.807837173256043,7.046813956920433,0.659273351527024,98.711715058505,15302055044.544304,0.0006553840823875
4.9036462424858485,0.0971276641122902,1.4864636431298877,0.0555227970716318,2.885124715205382,11.554235441378182,0.6312450431434384,73.87818818290945,10893093639.139542,0.0008447007818934
1.0595052486706964,0.0901199008008916,5.9702342472776975,0.0864925945043435,7.494336021180151,5.167243011109574,0.6398241693154028,105.50542575728048,15959324317.490437,0.000588076806174
3.157580038009965,0.0669349071004553,2.9120143921108608,0.0850014360230863,3.7315408894271305,7.94606918109879,0.3541414852664665,103.1987122309862,12414665573.262371,0.0007313211432047
4.084032803358223,0.0810041181389162,7.173395730295233,0.0588942929177669,9.680923761862038,8.44801950502377,0.7960850566925833,95.40440516661606,9203468876.61381,0.0011974654655988
1.986131074572616,0.0879065423957526,7.486717501210457,0.0628186068114715,8.589498193388314,12.672261189329369,0.1229988135503376,64.30896519675785,10556376985.6031,0.0006931654272889
0.8545514479384618,0.0336429780972085,6.262655078909657,0.0334807781171087,0.9656802728154564,9.545950630217195,0.1425687814157661,60.45868233847611,18335519131.64081,0.000753227823334
4.455166669534842,0.0518596133210566,6.685602088358201,0.0297655914942184,9.872498705085173,5.548796725505753,0.651505541274311,89.26974068115788,9533508536.44534,0.0014114304813874
4.515246950316073,0.0805911086288932,7.255335982994494,0.0564941419471612,8.733549358877069,2.2783286294940344,0.4520166475761416,100.03130257490656,12720547544.38452,0.0012174522770529
3.8660397122548726,0.0550119397297876,8.171299083264048,0.0280548416231722,8.481009615565515,10.979969891845585,0.7108989933674428,107.66272280274482,10833193406.518345,0.0007793880770529
0.7066587897202905,0.0869723233787692,4.3505767259497965,0.0986981034966393,4.79089670521863,7.078699334769547,0.4479477612956508,124.57022849021013,9863601247.975157,0.0005044143087776
0.8260977735633579,0.0583943736999319,8.810875792297463,0.0577493045372225,5.950423458391558,5.815788898197555,0.3633886279222252,106.44579756341754,19244477951.546444,0.0009968478649373
1.4462128816409758,0.0861260056837358,4.751299279789739,0.0991622336708582,3.197292577091869,5.139613631894206,0.5189366068505828,105.88125906734513,16326036617.927946,0.0008616819883308
4.496932537263649,0.0844968741770609,4.739943989980712,0.0873260379180418,9.40085392596593,6.400071233446411,0.718587743743109,116.28028762805994,10223907810.384209,0.0012064221554259
4.719334860874704,0.0432415751461946,5.296652309621907,0.0670671722754121,4.80186431364305,4.899834388338515,0.3428679798540991,110.86259405981384,15290451637.129684,0.0006089816329056
1.1415548998148846,0.0897967294260844,6.019952610329247,0.0283426626086243,7.644020715481333,7.189788056967522,0.6884888099079867,108.59149300054943,16029619020.52768,0.0005810909898745
4.286583633326685,0.0450913150030977,8.831920180746053,0.048029789276545,0.8518538858013751,14.865434563724287,0.8281804184219869,82.87876326078784,12676297075.824097,0.0012654707822819
0.7790592617573834,0.0963704660687333,3.005988571327496,0.0965785554052085,9.88381083441798,5.038675339261054,0.7711967706597279,123.05748628438204,15780863613.462782,0.0005751967977909
0.3116776604168159,0.0580815131511172,6.227972072087916,0.0934654354029728,3.2917115340017555,5.862659355872487,0.2160211971449124,117.10934562134292,11964370901.540482,0.0006581732100571
1.148599754625541,0.0898275082337224,5.913801630365402,0.0837365385998659,7.710100474954213,4.705361511062033,0.6279639763006036,106.42375995415942,16131886961.382652,0.0005828845924631
1.2515556320473442,0.089760221084735,5.693590483599259,0.0655306465472293,8.939090124467448,3.498157860230559,0.1013343006245093,114.15756311380524,14473365914.730589,0.0006765949050409
2.624654676517817,0.0782903904080576,9.772873569381536,0.0299644389967139,6.530238910684541,9.380879788291836,0.8479620300876088,94.33190882183818,9690093312.198854,0.0010771481792872
3.126646067970948,0.0596725163269515,7.743098588368803,0.038306505776069,1.985098239567809,9.580185076178408,0.6455493248928059,72.59276763244898,12681791805.458117,0.0007862688879383
4.858684474522338,0.0779051823455818,9.387547185975324,0.0730280148313159,7.342213404046187,1.650550431441532,0.4026105946880721,81.93892907758915,17043983076.680258,0.0009387993851778
4.511809722843463,0.0923717955918693,7.753684024681336,0.0804595164246741,3.521711250904991,8.868918150280143,0.180047807254186,75.4391034992393,14011976631.845867,0.0005268579310161
1.6236640968889449,0.0822459456665752,7.018894269871724,0.0938007773551088,7.598327041957994,7.86066032310995,0.5777153675553482,112.23892489996504,14798603252.283815,0.0006175379455103
4.974206735928196,0.0529492388615621,1.628365719558788,0.0436148322647278,3.375972075757322,1.913481661133597,0.688381660673664,83.38477399984241,18512734886.614845,0.0007795885257466
3.144376432008492,0.0608326160013662,1.6917244470901522,0.0612666829076383,4.170860852369036,9.857762453284185,0.020999019302546,75.70702827567958,15003397372.011423,0.00071096888147
1.7131702936328297,0.0549398639341702,5.718616293493891,0.0666790218232792,9.677120995661271,13.770323848213735,0.5276112351376767,85.13726221161731,12326732501.097048,0.0005195896195522
0.2069278897205081,0.0842263111719427,6.224597308163511,0.0963509506575492,9.781846058733429,2.3164773446736877,0.4494083958165223,80.21944777149864,16473080380.902763,0.0006853800182793
4.899737963244755,0.0431178450246395,6.086035030543603,0.0385804557947768,8.064526124493625,4.674217801885908,0.2590991176913777,85.75871795836264,15569026793.8391,0.0011745349900725
2.683385934069609,0.0689467715416399,5.851232100599873,0.0557485416640851,3.8383482633324353,12.44983799007699,0.2658579988330219,102.55279808494625,13220895212.254774,0.00097264111586
1.6104187987493714,0.0560596456558271,5.056555832133743,0.0682240362712017,9.341301616051927,1.5428993910969682,0.273439696225247,89.33330519572179,11226283135.570492,0.0008753218636906
2.142448736018653,0.0662168908330689,5.949966674981555,0.0648111632871192,1.6191332511216463,5.516637916537219,0.3893245874577353,69.50231616826748,14132219379.393192,0.0007423727573133
1.7847160449243011,0.0654837021116232,5.365870633461388,0.0703265386570314,6.02990341448,5.841838140771276,0.5043924464880074,109.11016812365564,16034845687.428867,0.0006023126215352
2.046714625014084,0.0651344210686461,8.76892277269798,0.0842310263031816,7.427353061266149,1.0757158051474522,0.665637389960779,123.70501888711335,14117289572.645365,0.0007162320947813
1.120585788395825,0.0842213639668339,2.4728799920483127,0.0581108401314523,1.8444584852609291,13.902046460647428,0.0466469169748001,96.2945967011148,18830464121.70325,0.0007492629160287
0.7590404740535872,0.0564084835266633,6.275980447198877,0.0763871102979189,3.360225240018806,1.1531558173695793,0.6233236137506997,100.9890506268816,12637303764.97689,0.0007041698557387
1.8700771954567497,0.0414555809108725,6.2718375509514015,0.0889420837019192,3.498036796991454,11.394333238852331,0.2219012730234385,116.94265502978692,12084086803.745953,0.0009632306140754
4.16490358999633,0.0958911970001097,5.941909374343172,0.0887063235329201,4.756825809980066,11.288906847571893,0.4742207512095556,62.13157796474696,13413932845.552391,0.0005465583697195
2.060438747506644,0.0658220848726023,5.410598477594125,0.064650354975446,2.0307294870666333,6.30482680627506,0.2351807202743961,72.08442662445898,14185610857.437525,0.0007526077209151
1.316319151091256,0.0714635531469499,6.972927296733003,0.0873800462600015,1.7467224209297794,5.0524892861583055,0.1561480521145377,106.22110714488258,10726323041.318832,0.0009122872709129
3.645983403230733,0.0617645075469712,3.599294244379796,0.0618423203215851,9.9808802246588,6.96326311460756,0.7833701912189236,112.76724358362137,9583750400.931248,0.0007185457385046
3.913096745023667,0.0956409928728267,3.324079746212421,0.0294742929697739,5.923955425122781,19.049427913913068,0.8440250970798252,62.10587537057718,19071487232.45628,0.0007638614552189
0.2880200224943329,0.0979057638082292,5.573346302007975,0.0880603841893036,6.737650002687567,10.504709128047423,0.3457935126555699,118.9844119572408,13587475917.512316,0.0006014974593203
2.473375765214484,0.0587633342883606,3.100681104633991,0.0520849769122678,4.892135859314502,3.588309654551751,0.330174149841423,89.5572294812615,17970774355.358776,0.0010115417222103
0.9735150212969924,0.0922653640175781,5.955767722860967,0.0735849317205651,8.027704228891748,7.700557801362481,0.3192463915601186,102.20376916417698,11606488809.36609,0.0007847227422193
0.4856528456563183,0.081865128378534,3.9613670492775377,0.0536424506504066,5.090448582541511,9.5497080673485,0.5409158722774554,91.17981494146088,17991469487.516415,0.0005140404392761
2.406148289902199,0.0838156027801528,5.929507118703979,0.0912590830537914,4.032106564997796,4.319646087715036,0.5340933278081363,86.68160586790934,14833873352.193497,0.0007538897062113
1.0844690804171315,0.0906171830714132,5.996940430074807,0.0834223715736823,7.796751539542598,4.804061215175532,0.6318536522164738,109.20554088570049,16177892282.474163,0.0005621430225493
1.0649411088889953,0.0719084781215209,4.897492707537605,0.0588206094727651,9.87330786355891,9.388454999598991,0.8043682306484293,126.585066621073,12266777870.556004,0.0005060257356736
1.9112675474884857,0.0523075110275327,9.23649084834774,0.0466852556311251,7.630170310926647,4.208052735577389,0.4905215167293885,111.8938529350442,19331467686.054737,0.0009850500630645
1.8987303842430308,0.0708922831011292,3.914679323023577,0.0197196940517236,2.109918234626532,3.74817370338352,0.2286211951458141,84.4216310317635,16327956459.998297,0.0009302120402141
2.401067662294834,0.0372876221586064,9.153271307686111,0.0890189422413243,5.281688803625828,6.1861874754329005,0.6368024088458889,103.24597868443922,15821098987.2057,0.0008421265021611
4.894127898767579,0.018147512855972,8.771995989929941,0.0458437481835736,2.78126268022517,8.56060106352633,0.8143890089562841,73.14438902732282,18587792604.29411,0.0008520387406933
4.519452406692468,0.092394491354548,7.757543826556662,0.0802614972226614,3.505849674206337,8.853247522428537,0.1800451380321291,75.44621272546804,14019997296.855946,0.0005247004568889
0.696492053481902,0.0630848388482838,5.302348521186436,0.0984016373632072,1.6322352846692212,19.524462622369143,0.8189804978234156,118.76321161916836,9968546621.365692,0.0008509676493015
3.983726786355376,0.0780295236616603,8.710786964144475,0.0191878632480894,4.332395133064039,1.2141397490967396,0.6764609353130161,74.97621278305058,19929310207.47204,0.0008743308714312
1.9208957839829224,0.05227516075765,9.243403005584767,0.0468149268188455,7.631662761642604,4.214559477276755,0.4905496888570586,111.85982947135594,19323579218.53731,0.000984627461902
4.894127898767579,0.018147512855972,8.771995989929941,0.0458437481835736,2.78126268022517,8.56060106352633,0.8143890089562841,73.14438902732282,18587792604.29411,0.0008520387406933
4.670314781590982,0.0916893979789685,4.030071329130895,0.0346957296643954,7.809019959112832,10.784915746541156,0.6690264513231852,73.86515815510946,17918520003.020115,0.0005858011763342
1.2561515579551226,0.094288751793896,1.848464897338551,0.0927321219710105,1.4783923715257268,2.678078426384264,0.599407489391342,89.30085936346038,18075092543.885685,0.0010053718437776
2.9942263732981798,0.0914799977866618,3.656919982720538,0.0767635204112144,7.049036697690533,5.121720886125041,0.1209782557934817,87.97930177690483,12498567898.901497,0.000811497429388
1.1411299158751835,0.0468311427173876,4.938932265007092,0.0673331681008309,9.596778567755573,7.757436702119124,0.2084716623417301,128.28722529293003,10929019976.525215,0.0006014792518676
0.5186020431134655,0.051864127762958,8.340337102385973,0.0864947969721052,7.436513807792089,4.646279219339189,0.2236470857155769,118.57750135252012,14870210936.598345,0.0008951695659653
2.045493521563869,0.0674806394288377,2.725509915996801,0.0503884228228039,2.693980815065632,11.804940043542018,0.102342507726861,102.42941398288438,16885098072.256372,0.0008401631836034
0.8548838236377037,0.0335592271567352,6.286127012903711,0.0338117223910106,0.9807343848711904,9.564932297300706,0.1414995855947275,60.59854513891523,18347881738.80846,0.0007535948042779
3.197203187118779,0.0936612296799047,5.806131640157225,0.0944330693644879,8.39563120811604,5.290348322119568,0.3066611669008163,121.75028409804656,19345570334.970043,0.0007951585029074
0.3419677874701871,0.0581403706469314,7.282554743079164,0.0951189814794021,4.371288516185985,3.721711549611873,0.2548723724362483,117.98405280493098,10203533121.282288,0.000777477845339
4.540389716519883,0.0896160481089422,0.3497085304933808,0.0769643647614886,8.630805731899565,5.951191000202272,0.1795170203329741,125.67329398301354,14592552028.0682,0.0006538295555953
3.766498213653577,0.0888189351978496,6.901806797395399,0.0642686636339033,7.878942111391385,4.780007643582361,0.588972537671401,72.3886269698729,11223435336.306616,0.0007008181558066
4.578136456593704,0.0852773421733034,8.757694946256851,0.0716715695614565,8.221801023381351,7.809935296985545,0.5031635036945711,92.8688402500441,11268382979.17404,0.0010337447403866
0.8186020847029483,0.0925314061927441,6.122227368226138,0.0676732909441728,5.514712313211323,5.6636207265547815,0.4526891752384306,108.76808246494784,15134384702.940355,0.0005438294708407
1.5956787812823192,0.0973965961192693,5.897504001744234,0.0766968126602221,8.70304356262046,4.721201033900334,0.6167522971648014,110.66519969285028,15944800904.880789,0.0005112878500316
1.9273587963088687,0.0716092027939302,5.653358145052739,0.0699964582319851,9.785454842446883,9.553021261939795,0.6518887202940286,105.8227604187816,10661918588.772247,0.0005629966388065
2.930614475741305,0.0959369353549295,0.1683278992201003,0.0893195326367207,5.510081774510787,11.250531733451725,0.3256604861263908,112.06977671665692,9383713719.356749,0.0007468764098147
0.4551069927394809,0.0500031687979447,7.189898615672636,0.0431401261756779,9.34424001946487,5.256154242736833,0.6743687570165473,88.40584985072104,16661961857.776297,0.0005578738498622
3.496940065766457,0.0772264597573088,8.681594413651986,0.0807083643126637,8.926016038974018,3.492335563400333,0.6440194405815707,71.19403392450445,14347730142.74108,0.0006335877308754
3.4808255616325385,0.0806814846981232,3.638071509988504,0.0840653493927143,5.913646466235104,2.649538693860843,0.4770872920623797,104.7825407741996,13273609447.054556,0.0009435551787301
4.5727704391571455,0.0576122144125542,5.614134801002992,0.0400274173421335,8.920788759830304,9.671221523967246,0.4971224167608878,70.36288340451196,11370559877.62059,0.0009332519637286
3.688694902182952,0.0675064050781361,8.816167014255322,0.0333044244634879,4.730620966416545,3.613296372002511,0.3203025538876317,79.23117161374006,11313172591.381186,0.0013701703107598
3.656715164136606,0.0968622935423179,9.3663998136994,0.0517591867727323,0.8948892871429333,9.237370336868592,0.1896607113168495,72.50133399773924,11764467952.059122,0.0006832736055953
3.790781616412605,0.0584880134841791,5.669502677322193,0.0650413463933719,3.966095911404362,1.0253342952020716,0.2776201615321432,102.031151394661,13089642982.487385,0.0013529771610919
0.9806050678903496,0.0781765393858174,5.135758389259849,0.0371043817556218,8.291505793263276,9.459895308835858,0.1057404279813438,106.80212651518823,13962499293.194696,0.0007528586644903
4.91378210805287,0.0396534906071999,5.569453407074617,0.026502110602399,0.9313024658064164,7.493521274314715,0.8043684923139905,77.3070742926767,19656717009.269924,0.000882700482801
4.1347471800398,0.0809824814679698,7.316511896459162,0.0586169326233366,9.796549356411106,8.497569562938134,0.7980923678114505,95.20197812562016,9161205392.55579,0.0012092637159433
3.42437160725377,0.0514646454182761,9.106497309937357,0.0744266894812562,2.9256867053462488,8.477055663362652,0.3253912874618109,91.01485066230236,13690377240.969397,0.0014870322213402
0.5078381664299949,0.0663358343888494,5.064534249511215,0.062299967839691,7.667836091263426,4.309886516959168,0.0265635343830721,128.6659843918176,9376180323.482277,0.0009532950049644
0.991786095760062,0.0508097826504553,2.034984127354777,0.0900057098732821,9.90265625294704,4.589814322578143,0.1879675895205233,117.78648108482402,10543709880.637585,0.0005658047453387
3.7278788154414175,0.091062633307849,7.235367194338828,0.0616203068706668,8.180610207738773,4.73442700536086,0.5281839930595478,72.19009619052295,11466049825.64497,0.0006841630064227
4.670314781590982,0.0916893979789685,4.030071329130895,0.0346957296643954,7.809019959112832,10.784915746541156,0.6690264513231852,73.86515815510946,17918520003.020115,0.0005858011763342
2.5200011172618675,0.0805502165063426,6.850945052274093,0.0611182386455874,7.890956373116151,1.4559451726461958,0.8285400600738219,81.59725282235149,16795201686.9798,0.0005851586747259
2.543637422917054,0.0868171555852759,6.943619453767169,0.0129831473174097,3.1527289982611464,12.727624863208568,0.0490627709496078,115.77017652160448,17557990222.642265,0.0
0.2461618713397509,0.0994048682545947,5.039033777601805,0.0904130488156504,4.562147779794593,7.569348646843272,0.3145903183382268,120.45867746130122,15563732949.31993,0.00062556399196
0.830042626807911,0.099836014182563,5.987990969487886,0.0918664787502065,3.554660901229992,2.900775758160007,0.6041201463196807,100.46355361686716,15749903450.288448,0.0006822288075519
1.3599509893771238,0.0331623199305016,9.057940946290223,0.0796629345593445,3.2137587330074604,5.2650486398657135,0.3226741555583364,97.41616785402674,18746787255.286907,0.0009054711322656
1.035852610499134,0.0504390517052634,7.737312190437207,0.0913367554270893,2.946186852713448,2.7813665192064008,0.328394896368286,107.2199848429731,12754725367.650034,0.0007709152581958
1.0757006026851903,0.0908851620860414,4.160696180845389,0.0821727460342974,9.98080998343599,4.889684279275722,0.5313436992203185,110.01590913651027,15309334971.459703,0.0006054765106029
1.3778462424549676,0.0698281120683748,6.786718980587166,0.0834961669654028,2.6906717151516246,1.9116490333460263,0.3947970238008172,113.935136256106,14600134907.84376,0.0008502194635567
0.8186020847029483,0.0925314061927441,6.122227368226138,0.0676732909441728,5.514712313211323,5.6636207265547815,0.4526891752384306,108.76808246494784,15134384702.940355,0.0005438294708407
4.670314781590982,0.0916893979789685,4.030071329130895,0.0346957296643954,7.809019959112832,10.784915746541156,0.6690264513231852,73.86515815510946,17918520003.020115,0.0005858011763342
0.4541458218689589,0.0650325657238819,6.206841268293148,0.0872800441434124,3.5291391381288677,3.105575336162014,0.2068741113209099,116.17636640450912,11278705199.839771,0.0006985793711533
0.8688680370143739,0.0624773902815682,9.036740315274724,0.0841510167164538,7.590947216365576,1.1824482094839002,0.5907299238819581,109.53060600617604,15851100636.733116,0.0006842180418561
2.86430637309986,0.0879435432747108,6.954118999544859,0.0528377594402071,0.1643769798734972,12.574226048955005,0.8084765576180765,81.43360785328998,15960949497.451723,0.0009225924296665
2.290453477440838,0.0604694185960159,4.6367075344194495,0.0559248081889194,3.670722223287028,9.03219683615541,0.4091274485573765,116.00352446275244,11711639576.596891,0.0006815125427186
4.3531856689250175,0.0543415238661097,8.092505807893277,0.0225854822095543,3.5767785856666867,7.73337648164883,0.1455330510678602,78.36377508860443,18826244989.961857,0.0008703225183133
0.9651690895415486,0.0626754069924944,8.819388617749,0.0833848737008748,4.228651528127757,8.562012376096705,0.4001527850159008,114.74799831262436,10723467080.49518,0.0007632749790023
4.403886799430076,0.0997202269133047,8.981493287799214,0.0610121486032473,7.192325123864287,10.505354084763196,0.4657630552089466,61.12193442693405,10957251857.73991,0.000814856778918
1.0992426956104289,0.0726159251748404,5.928260718074737,0.0722225372641551,7.574763718339793,12.70252671892339,0.6693908865812465,90.85027866396466,15897876135.364336,0.0005629284638989
3.453641361728814,0.049966361871377,2.5641840736572554,0.0387507746304787,7.918109635403832,9.899253960793356,0.7457502826822282,63.28462615703497,12660213899.757113,0.0007048903807023
0.7876403399425574,0.0455160770847564,9.290773422877889,0.0709960786750259,5.379075647237285,9.052895558698648,0.6324334320390993,115.24783900042534,14614452888.0507,0.0006493907104048
0.9765322886477966,0.0779715129368692,5.153268642625206,0.0370524344565579,8.28428924758122,9.470086658833976,0.1055892671833202,106.8295112160015,13968577141.046455,0.0007520267398083
3.890699989898878,0.0797131928150092,8.41832523228591,0.0864708541456023,9.802661413437958,4.679961854443861,0.8212553900982515,94.13029978851388,9499244980.371256,0.00095658412886
1.631532750810986,0.0820585513970222,6.954459695692097,0.0717517684545467,5.569816708724948,3.3295878938621093,0.715703819329689,93.73117723463434,18160280796.11489,0.0006911028121381
0.8432738879972528,0.0707655446730145,5.698945932003412,0.0201147001506023,5.919007472008241,2.566459795579765,0.465939565651568,119.18115971714514,9944123204.148815,0.0005744561091688
1.9817425185673767,0.0942604147993176,8.096304743670235,0.0994402371682196,5.621706270055008,3.682756168193689,0.3266680788388732,88.95837152105815,13058451898.231396,0.0006169659297195
0.6426102751778701,0.0997485092431687,2.522882773255224,0.0989318925460598,9.396877725817204,3.836081900621093,0.6552244662677663,111.7186721470217,16033747146.722776,0.000526927854097
1.6198588228082635,0.09490696813342,9.8030519983103,0.0982216513846195,9.009517961858013,7.438120500102736,0.462661315163851,113.67402677497316,14898090211.540363,0.0007374407022067
0.7448942012978442,0.0141394174979007,9.567831929496547,0.0226797247746591,2.039777730388503,14.28018076562591,0.0539551387614931,80.91574224756262,12150845537.425116,0.0006527479659655
4.56026847300478,0.0919821509524233,4.813904766325136,0.0970379104419544,4.766555545833539,7.493952270996581,0.5036383364829754,83.68343779406845,10435508648.08782,0.0006707333291255
1.7662670119856698,0.054634375622188,5.355575797587575,0.0761602541872179,1.5464028968184491,2.5902849800279744,0.405177905019411,96.65600619435106,15032620402.853012,0.0007105165873513
2.137480775196793,0.0508754467306829,6.280840298253107,0.0766922091392306,2.580348671785422,7.6746739676253295,0.8287348961001676,120.24453760453588,12892970256.72255,0.0008217377616266
3.912378440611595,0.0956178005451009,3.326699884581391,0.0294671400304372,5.92099246089618,19.043876167124747,0.8443515547145964,62.073136685035664,19073158925.13904,0.0007637723898675
1.120585788395825,0.0842213639668339,2.4728799920483127,0.0581108401314523,1.8444584852609291,13.902046460647428,0.0466469169748001,96.2945967011148,18830464121.70325,0.0007492629160287
0.9900957997115089,0.0653730443637629,2.965979681767391,0.0577987553160868,7.545207353116083,5.769772163953415,0.045185821829155,103.46571527715976,19015274639.636494,0.0007548176923596
3.804800828125895,0.0947825501626121,9.824595553683604,0.0534555984666305,5.665490962392098,11.179770538637392,0.7439652024022723,84.03561988061949,10020504853.612196,0.0005306511409574
3.705499030332037,0.0357886222898609,9.84572105280224,0.0426235817181002,4.202199050714969,12.113431512016856,0.4855536268207627,83.11784137954083,18897766575.111706,0.0009632205646619
0.4003183007477545,0.0792239096892285,8.432300420043532,0.0903035130330514,1.8411476364666144,10.06275748982614,0.2492679126385695,81.2117706487876,9042897986.78218,0.0006204191984299
1.7700835688791472,0.0919226019645569,3.154589566928649,0.0823312706857381,9.882918418716924,8.664331498049036,0.1176129925832384,113.38835742062648,16214487003.522812,0.0007161762444653
4.496931446620432,0.0924067228040737,7.748484170884655,0.0805473850567251,3.5160052724747537,8.889208315132283,0.1804078133173813,75.37070617243471,14026555557.163736,0.0005268770301956
0.3113977325373859,0.0897509909223984,3.762507638713572,0.0293478808043665,7.127261854505866,3.964669250466987,0.0976391220216303,97.78879874686302,15722263177.897804,0.0005915941714019
4.522963759736736,0.0872013969117245,9.455978470043547,0.0448922520213768,7.358287958394428,15.515685207979974,0.7272461675662902,77.78443477134927,10975230017.450571,0.0011597809624841
4.069018003422046,0.0854833932522616,6.389329949932583,0.042525785802792,6.746929515216392,5.767655778774837,0.560705408723029,65.21549093778185,12429864598.830626,0.0008267618055148
4.668268839622386,0.0953964110837357,7.456335394128578,0.054676400962495,4.865610278725029,11.004097823489657,0.5364042162075617,78.91513711978637,13917217572.508324,0.0006979888330907
1.943406447324468,0.0648576923392779,8.823525159935265,0.0838821332829388,7.510729227791731,1.223262884142574,0.6677519007502425,122.68928514500988,14182929350.323282,0.0007124844027365
2.1524906537218023,0.0803179918358306,4.228612611708109,0.0545237704053164,1.9247380661839848,15.667397402833606,0.6876269507639277,95.87083401448352,19460776419.281555,0.0012197665609848
1.206644615821285,0.0532630631121692,5.292424391687745,0.0742026792200185,2.004889551210903,10.751917856517553,0.732445802515324,96.9272302419144,15756655970.365108,0.000785602925129
2.779200820802851,0.0564218661292575,6.590105252135874,0.0865303005092518,9.44287448640585,1.9314943525446184,0.8449816770565565,127.90042396978204,13309181735.536491,0.0008028261091426
0.8260977735633579,0.0583943736999319,8.810875792297463,0.0577493045372225,5.950423458391558,5.815788898197555,0.3633886279222252,106.44579756341754,19244477951.546444,0.0009968478649373
3.912378440611595,0.0956178005451009,3.326699884581391,0.0294671400304372,5.92099246089618,19.043876167124747,0.8443515547145964,62.073136685035664,19073158925.13904,0.0007637723898675
1.0771616734223608,0.090318120326657,4.030480603674726,0.0812042410110686,9.975025816935387,4.999972378856257,0.5318480128251325,110.8643117141541,15108545268.121605,0.0006221680351216
0.213697503396799,0.0484307784861164,5.028470828771119,0.0547403518651119,5.282555676107555,2.98905002915867,0.1397914684055485,105.13673313075608,11370325891.919952,0.0008868814562549
2.1000771935286227,0.0831583587992777,5.930503250491712,0.0171687100072832,9.838047369077607,4.403636461920348,0.3072543320834831,104.84662884808569,9016943323.995935,0.0
1.8662882763981457,0.0601150144864253,8.872345037918828,0.0632319312172972,1.1490478385532727,1.8499790159585112,0.6320741018863105,93.6070673024687,18892063464.368294,0.0008426676030695
1.120585788395825,0.0842213639668339,2.4728799920483127,0.0581108401314523,1.8444584852609291,13.902046460647428,0.0466469169748001,96.2945967011148,18830464121.70325,0.0007492629160287
1.3579612617873609,0.0387464228840336,6.960312064711219,0.0847642030853034,1.0646719240765925,11.13467183938787,0.3486537307007852,120.41994138503904,9773441571.755947,0.0006559335506082
0.4385751718130448,0.0558882034784633,7.672263170130285,0.0599931667764309,9.017863789848075,11.190826415489031,0.6662778268771283,89.94710225130528,17991797953.555016,0.0005708949833819
0.987314531946346,0.0443126875599112,8.993290216561304,0.0657933419471797,3.3117915860167884,4.041054924959476,0.3484003882003695,118.96574538775654,9615116276.805136,0.0005416154485721
0.7049604571409006,0.0483631896927087,3.3373706259949776,0.0403278109960797,4.010294790260869,14.340957124668366,0.3718213637433534,71.13691148931109,15763436325.81609,0.0006618472219001
0.4158971320601192,0.0669894918984824,9.434720188068802,0.0852909680151069,7.341406021425096,2.7512582255160023,0.4603733665371348,112.84714772718463,14930185598.814877,0.0005792825701121
3.897692969028135,0.0337765539643669,8.482257373670853,0.0660648119258175,3.8909139715857526,4.741784776971854,0.3409847524069258,97.32964754834748,15403224482.501204,0.0009608756591522
0.3408791296104306,0.0580998594082506,7.287124934215103,0.0951442120281094,4.366962780314731,3.718402403531999,0.2551403460857923,117.9583519692028,10202270215.480087,0.0007776308262765
0.2470787629357419,0.0579316186167586,5.360504747928607,0.0801796307548945,0.5751543908743854,11.926944662574568,0.3046123249595842,111.10324115138452,10568784848.32692,0.000702095808066
3.790781616412605,0.0584880134841791,5.669502677322193,0.0650413463933719,3.966095911404362,1.0253342952020716,0.2776201615321432,102.031151394661,13089642982.487385,0.0013529771610919
0.3835202025553026,0.0458485162802176,7.215599095226256,0.0968616911759942,4.184890504605084,2.4280394877482143,0.1915321084742794,110.1720783847012,10589983852.180492,0.0007272401241206
2.901076088041862,0.0860031014789472,5.42075776990316,0.0495337052472835,4.1459843240416125,11.449599909198092,0.4785961572624536,77.27061223922784,16575601685.73597,0.0008012113383055
0.1428530710949282,0.0317130981428567,3.079156974680704,0.03736171819479,3.5037887877277827,11.566155882202526,0.3144122376463157,77.71848849624693,15849258507.839205,0.0007293908210988
1.4636285652406056,0.0412007233832118,7.185152767292808,0.0812057771316078,0.6904597413198998,11.01270279934854,0.3380209104548835,120.16148145504594,9388859040.831318,0.0006588428523345
4.932609400598393,0.0963269030761049,7.004053789357818,0.0509618424307031,5.658223006784812,5.92220939259883,0.5055466517411651,89.40461999393791,10388336191.54081,0.0008461331216227
1.4487645576759969,0.0834179798561043,7.381156903122157,0.062308778110963,8.900175288625054,2.9332746507793104,0.1919503839597465,127.58008703614682,12899196715.25169,0.0006660635006658
2.9756115344119,0.0938552167477958,1.5478853030968511,0.0992741521580566,1.1827447519804104,5.280939743133295,0.523879067243174,83.90351399325615,16313937186.969372,0.0006734713554633
4.549839597035271,0.0474646005298031,8.077245229528998,0.0328231639967007,4.363605759655082,2.5116835972219334,0.7922239130889481,64.14162968266652,18525105639.653404,0.0012140847899392
4.31222366762369,0.0933236820837578,5.755358295419229,0.0560446282513904,6.573222995915748,3.4807023208644527,0.6577566652766756,79.59132341789044,12704060337.41152,0.0007741461526605
2.290453477440838,0.0604694185960159,4.6367075344194495,0.0559248081889194,3.670722223287028,9.03219683615541,0.4091274485573765,116.00352446275244,11711639576.596891,0.0006815125427186
2.276788153544236,0.0517435914015896,7.82651834269631,0.023798128899631,0.1249707223716093,11.76030296472772,0.2110145322936763,82.2287241118805,17886922469.28292,0.0011507421727251
2.745789921964917,0.0437723250591755,4.533086425420012,0.0345789784234161,8.532480867618244,18.40336235723917,0.2211618928578105,81.08082857900428,9981669277.60295,0.000833821603294
0.2693765554027629,0.0509487659109975,9.814931035056697,0.0331956939255376,9.12911353175197,10.376221533979782,0.6685290982041627,97.4840699426857,18247264773.39889,0.0007181160992462
1.2549103654036995,0.0953899450328365,3.224187472167379,0.0397300870939987,1.6006146389437428,14.36792525625368,0.0501707194569883,99.854637857441,15701783693.861197,0.0007855347333037
2.779200820802851,0.0564218661292575,6.590105252135874,0.0865303005092518,9.44287448640585,1.9314943525446184,0.8449816770565565,127.90042396978204,13309181735.536491,0.0008028261091426
2.8551728716148324,0.0588278015791812,5.245100125075493,0.097263610928998,2.980006153106818,4.14032956965999,0.5049516945785889,111.70690931450324,17836050790.08346,0.0009187346742965
0.4780139701200159,0.061803117586511,6.425405920527535,0.0454948672449028,9.302564759986746,10.528573105760575,0.7188360916589036,107.46757773095216,16139542780.345482,0.0005299887326191
3.7652713066739913,0.0290307290261309,8.539771368370987,0.0660067474758704,0.9101193845993324,4.120957127479478,0.4071021261775326,97.26335375552378,15417248088.32785,0.0010551035434376
3.214297106920108,0.0829787151462192,6.389260137751572,0.0955323431522274,7.442981443810336,4.613651299853364,0.0570473070431474,125.70706294419112,14786086040.531069,0.0008507646033399
0.3922669725684902,0.0536899175486692,7.427592623252193,0.0816244883675893,0.2119784573469325,9.93484714755291,0.5400502957721087,105.12272383626988,11623755857.62772,0.0005926412404361
2.683385934069609,0.0689467715416399,5.851232100599873,0.0557485416640851,3.8383482633324353,12.44983799007699,0.2658579988330219,102.55279808494625,13220895212.254774,0.00097264111586
0.613238862208155,0.0468886144100451,5.7093933609794085,0.0851082908330524,3.164292210874573,5.646946207373338,0.5088554663011564,108.53101355865084,11659938408.65804,0.0008087999381524
0.7653464187364718,0.0490589582260995,3.2551762885643654,0.0382970243078542,3.871780183758084,14.57798112572613,0.3409228251964989,71.62595461995996,15630941899.02989,0.0006842509310867
0.3116776604168159,0.0580815131511172,6.227972072087916,0.0934654354029728,3.2917115340017555,5.862659355872487,0.2160211971449124,117.10934562134292,11964370901.540482,0.0006581732100571
0.6943223294070702,0.0763004412164753,6.926838287721267,0.0606160157526831,4.090976292897046,3.182352242736436,0.4089118199350062,114.02995423156366,10218719219.75884,0.0008478361165571
4.4230297219990415,0.0791147515273076,6.921715570108944,0.0509635803224628,9.409641444227276,7.121784885744399,0.7737509189820853,110.64631195000298,10304687568.430342,0.001244792810515
0.759929865035728,0.060725816521496,6.492994617517899,0.0845810713339988,3.519561888980095,2.4675838810406745,0.7147029376390106,82.96250583684055,18240349594.786148,0.0007709283586699
0.825522029432503,0.0582991740052365,8.806040432915346,0.0580063171757966,5.877903778509498,5.752413472400893,0.3630186002711554,106.51537370658208,19243142691.927406,0.0009946665116101
0.3230861541564809,0.0352361492230618,6.037005077129448,0.0319693863819737,6.470781961415071,11.64558420433391,0.3459633794527398,85.68218501436007,14004798458.20534,0.0008160608787095
3.2361353911908157,0.0869492328061824,8.281835922065687,0.0700324188242705,8.5538323739404,4.2929665521862495,0.463783128211263,60.02942802470464,14251838254.45328,0.0007178965846585
3.912378440611595,0.0956178005451009,3.326699884581391,0.0294671400304372,5.92099246089618,19.043876167124747,0.8443515547145964,62.073136685035664,19073158925.13904,0.0007637723898675
2.8342495768007905,0.0759607769218667,9.973419176582013,0.0947641087348476,9.490801808259832,1.544609578807535,0.7578623196330888,71.85126552630848,16182872476.46326,0.000735430736243
0.3408791296104306,0.0580998594082506,7.287124934215103,0.0951442120281094,4.366962780314731,3.718402403531999,0.2551403460857923,117.9583519692028,10202270215.480087,0.0007776308262765
0.5686806746825065,0.0590350226532244,4.102041830534794,0.0365546528399296,9.315817323137034,11.092011226835078,0.8368664993904313,81.76470406490918,18398618687.92664,0.0009469641615193
3.734987826219336,0.0779574123253013,9.013900074650806,0.0209268188661295,4.020660049489312,1.0610279333535275,0.6745436798385362,73.97103044823682,19891887013.86027,0.0013018358425546
1.536168247215263,0.0881143163303183,3.9942081069213367,0.0656502717991202,1.4215051432565513,11.37452323063266,0.6953369945532574,95.1792251571654,19759964235.79697,0.0009584523143241
1.727258899663578,0.0480924906484028,5.980546768815687,0.0943659565870539,3.9690844416645135,2.570665814099955,0.5120644941648244,73.22428453533016,13402426953.94707,0.0005177222133013
2.093361108253783,0.044270634686433,9.772181218184198,0.0604600988132132,7.049436002824217,13.732494161432554,0.7741037405079563,113.62092100444345,9952836011.88739,0.0006670998867821
3.1393773391936715,0.0844554094975231,7.655044154076298,0.0618415418298771,8.985746823975738,1.8422168343875809,0.6960756091359723,73.07918437485044,15906500015.114288,0.0005586134861777
4.311791038113279,0.0792289909403264,3.1030091623272518,0.0866581260724116,9.809253936310666,4.190619413359141,0.6353068364747895,98.46346281326826,9653692952.747717,0.0008171503092166
1.3552403019546,0.0271299031013733,5.53011643602528,0.0052110047490845,5.926394886293766,5.661626443557872,0.48690333325528,113.76642521696134,11645260341.79521,0.0
1.2030009125280268,0.0952769216444068,1.877396820546505,0.0091254538936392,1.889751927780072,14.109940047905882,0.7346596270401095,73.80713287669724,18185353239.722206,0.0
1.9273587963088687,0.0716092027939302,5.653358145052739,0.0699964582319851,9.785454842446883,9.553021261939795,0.6518887202940286,105.8227604187816,10661918588.772247,0.0005629966388065
0.774835081695281,0.0881901481488825,9.355032728981447,0.0224844592985691,2.087793292487033,9.48306893249014,0.0465153118325916,118.85536365371568,14590626221.93152,0.0011521881236368
0.6294027539384678,0.0551853512583864,8.052945420312001,0.085501820796733,4.257684581442298,4.17001219340707,0.3553289253715385,103.13844567381088,11936328420.431845,0.000597794530473
2.4388420725796376,0.0926726221907036,9.56075162344792,0.0777124282487312,8.571724784543804,8.93044646671402,0.3129739881522706,72.05902356737829,17574226034.756836,0.0008105849480712
4.912073497565292,0.058876137632538,6.656525891961213,0.0578453067811672,1.377590267701395,4.440008588129029,0.7727167492180713,66.2830440325423,14149338281.016005,0.0014269225853088
4.502709241984378,0.0509548463564942,6.604914027353182,0.0285181864699376,9.803121358001246,5.457181222334821,0.647167385855284,89.03120356348751,9308714741.335184,0.0014132650992989
3.0126194573909366,0.0903636166847039,6.700856454007966,0.0475353871193409,3.2999552123325957,15.835113312436873,0.0639747779506714,106.7437645273368,16500344911.015274,0.0009819384613628
0.4452600996818209,0.0799657396513055,3.794453692366106,0.0765416242329946,6.422694554259957,2.497235991175268,0.3031325452228371,116.8167265927318,14188696931.48651,0.0006008150745042
0.3419207668820924,0.0625484216985254,0.8479160646007732,0.0483202134625765,0.4295971349401045,7.267805914714763,0.0817667394117987,110.8649655138385,19892340625.727657,0.0009091833574797
2.7585478798522045,0.0767191318011578,8.586504703331418,0.0428850661626429,3.6832541757350334,9.378514992693152,0.718067154140761,68.69551946087594,16556697328.555756,0.0014723453933347
2.604304857909717,0.0879269520161633,6.145410089904287,0.0930071172481235,6.327825084585455,6.633880870483005,0.7261014132397962,117.64916723523146,17455430131.631912,0.0008157750159174
0.3419677874701871,0.0581403706469314,7.282554743079164,0.0951189814794021,4.371288516185985,3.721711549611873,0.2548723724362483,117.98405280493098,10203533121.282288,0.000777477845339
1.815303761646318,0.085666056645672,4.445736985587955,0.0485739837708216,5.826519865212381,9.847920979380069,0.1515688934297571,73.59128139362343,16481216856.395496,0.0007151542846943
1.8759410882030243,0.0964776333572526,9.270215981973156,0.0882167313080505,1.6662040871465529,5.732283220232528,0.6504056853495758,62.03870883324127,9092459090.459068,0.001045731782897
0.9736226259702152,0.0845623793258501,6.696840204324097,0.0568034509502489,9.559670233187893,2.7672379969418013,0.4210199747295722,104.31901290153276,9113888995.09244,0.0007539388345383
3.744627231001703,0.0910522926893529,7.24558084235195,0.0612874158734312,8.201543215954517,4.739937278180208,0.5281547768558987,72.18114740749319,11409045148.763727,0.0006842024773895
0.6392701332071716,0.087901918267709,3.9901139757056407,0.0776830753994103,5.230877044882208,9.13907310514652,0.0186280292551217,103.48828568074067,14468686272.309536,0.0005476848659498
4.401941599624359,0.0462663943977683,9.721512001751668,0.031860379924735,6.718143446687153,7.578961378830805,0.6172635096140214,65.96918453274372,9997525760.243872,0.0009449522154512
0.6354938530301352,0.0859707216465338,3.169879242210756,0.0689793834978363,5.860200861907347,3.369274652034488,0.0259345272418302,105.08814206180745,13511620105.199093,0.000556353484238
1.9290484327943815,0.0635546387954335,7.811271076948909,0.0547366743066422,4.3008520302046485,7.614912374127535,0.5535056076858913,60.57312895694875,11382494192.5397,0.0009661768517602
2.732158810046412,0.0986353831970452,1.103238970390445,0.0859286822471629,6.521469817805457,9.082754226727378,0.0147818467849362,94.20287774480153,14098486321.405972,0.0007625588875631
4.351401237552775,0.0979857322470543,8.088990330249592,0.0481888096846796,4.34847759209789,9.400730173031098,0.4717839711685827,62.03371821068728,10046595552.194626,0.0008036738855688
4.409864388118201,0.0715102867163423,1.814528047631505,0.0788261678612528,7.686944727647202,4.754954575099982,0.4963426407571075,109.39286495505904,13365100997.632038,0.0005329362839273
1.5392948348343674,0.0868243394196521,6.911216828819235,0.0807480430234938,7.768892902556508,5.542800754597714,0.310539934759151,96.41645494533542,15243044860.155476,0.0007270736908858
2.440246355261214,0.0783874032467905,3.495122444008976,0.0025319735601417,9.93050469842881,7.155743950648044,0.6671873490475244,87.63949735131014,9189034142.636024,0.0
2.5200011172618675,0.0805502165063426,6.850945052274093,0.0611182386455874,7.890956373116151,1.4559451726461958,0.8285400600738219,81.59725282235149,16795201686.9798,0.0005851586747259
1.479581393597998,0.0667224280191662,1.2199057062382326,0.0330635157453584,6.7928364785509325,2.237456025721907,0.2956552037590904,73.3400898816399,9982684110.029432,0.000522735766887
0.7778324353299203,0.0691138182029166,6.729254896069915,0.0781344404117402,6.82978927045778,6.962931227397628,0.2099605300812185,112.10554677817105,11750004002.71572,0.0005885550061204
0.450829244402858,0.0700868481797199,1.4721912431385271,0.0338346343460852,1.5069927931273546,2.5062111578178388,0.0247225711762368,87.92253383912822,15415295838.035568,0.0008111524795516
4.715912804047192,0.076096196642873,4.360849348564409,0.0560383620087718,5.124012964055547,8.751034300542393,0.7508603161203187,79.53368548274611,10255306759.28671,0.0006943945006233
2.8220447052718383,0.060126130022786,9.45948147534118,0.0164244612825071,8.29816161116007,3.3100044995461824,0.614676412640857,92.52621574117192,12097690830.58658,0.0
4.602954447572784,0.0439628921462311,8.419103927755037,0.0848716478694246,9.444271015838568,4.991804024072736,0.2181578117320884,62.99817313767724,11833629236.65006,0.0011782499678058
3.0126194573909366,0.0903636166847039,6.700856454007966,0.0475353871193409,3.2999552123325957,15.835113312436873,0.0639747779506714,106.7437645273368,16500344911.015274,0.0009819384613628
2.604777376326348,0.0535853200093757,5.963693023282221,0.094034250681545,3.782533612217508,2.6812665198315107,0.4498352199218043,113.56903600985454,12153098467.180595,0.0010557535673154
1.047415112062999,0.0903651612056944,4.039707867865228,0.0811920893946426,9.959741726731403,4.967339206916885,0.5323063234676202,110.41196712729882,15077457196.388514,0.0006222950445116
2.1524906537218023,0.0803179918358306,4.228612611708109,0.0545237704053164,1.9247380661839848,15.667397402833606,0.6876269507639277,95.87083401448352,19460776419.281555,0.0012197665609848
3.2575922139718907,0.0656882340827614,9.914200297797082,0.0976875072192727,9.51324387255814,2.3845627670282714,0.7418899907093524,70.58972540860898,16883370393.4433,0.0005850020472758
4.932609400598393,0.0963269030761049,7.004053789357818,0.0509618424307031,5.658223006784812,5.92220939259883,0.5055466517411651,89.40461999393791,10388336191.54081,0.0008461331216227
1.9029456248325336,0.0675876106988299,3.189606432517051,0.0575313649468116,3.477489287657219,12.410458938907926,0.0813951605227814,97.62839209707752,16980506642.307962,0.0007749183893052
3.244343981616778,0.0869526850960457,8.302911903381808,0.0698736779715105,8.545209239119929,4.298936420475622,0.4652381816128055,60.03594960008664,14233273788.905085,0.0007173580485715
1.737083275228409,0.0743782797661014,1.0333037433351877,0.0644523423552501,1.1418284239037146,14.521339518323046,0.1919248416861968,105.45367830361688,19715644847.95049,0.0007256751494433
2.276788153544236,0.0517435914015896,7.82651834269631,0.023798128899631,0.1249707223716093,11.76030296472772,0.2110145322936763,82.2287241118805,17886922469.28292,0.0011507421727251
0.450829244402858,0.0700868481797199,1.4721912431385271,0.0338346343460852,1.5069927931273546,2.5062111578178388,0.0247225711762368,87.92253383912822,15415295838.035568,0.0008111524795516
1.097914354460081,0.0904938255051747,5.803017924294922,0.0829352814533625,7.757171322885815,4.563668942182859,0.6248537959088002,107.93002671587564,16014693616.70413,0.0005826316507519
0.1284784119724939,0.0361209251307563,8.974004521812875,0.0197489314961211,8.052254268309381,9.394645586822763,0.3637428961780841,94.06912295385447,13048839241.322693,0.0010006038271817
4.811165176631976,0.0953318913426709,4.445758609933868,0.0514403177098417,5.141715609389767,2.373468239590578,0.7716651877519413,86.1069098197805,13843168266.59084,0.0008532085905969
0.7431250315192143,0.0866072909958471,5.742500176704383,0.0469330718435806,1.2417194093756436,5.814694593651372,0.6325862022063393,90.42565809369611,18469744770.889706,0.000886563727646
0.4655399258157709,0.0681507104648412,3.00302919645187,0.0797186159580772,9.88661726494331,5.658541232698743,0.2944935305084795,96.44319186191636,13571822173.305853,0.0005973316595433
1.0948950647556233,0.0629509998055602,8.537700300488975,0.0806120094694178,3.797611426613974,3.919398857119559,0.8395446248220382,100.35400330185598,13206192485.608942,0.0007297400370726
0.5681132539741323,0.0625791782150361,0.7921075149035367,0.0493996256286399,0.6379676757612763,6.961836022623809,0.0423155161224892,111.59960781835764,19932597995.58372,0.0008552400014858
3.146813786701636,0.0978906446253751,4.705567772995533,0.0870067613395798,5.373322880225492,5.30091446242619,0.7114765511981803,65.30943446213297,12961215996.770128,0.0006793257126943
2.7851601069966057,0.0512774185038682,4.952697682794252,0.0510336644540119,3.3915788227165717,7.191308392763231,0.5824309634989221,87.17254316172539,17271948714.966606,0.0010267355868288
1.8987303842430308,0.0708922831011292,3.914679323023577,0.0197196940517236,2.109918234626532,3.74817370338352,0.2286211951458141,84.4216310317635,16327956459.998297,0.0009302120402141
4.972443456278382,0.0627374669890624,8.304489076215074,0.0599112103524733,9.960253036147185,4.749893510918588,0.5057180138890354,90.721762375235,10119545929.019247,0.0009607898928864
3.0126194573909366,0.0903636166847039,6.700856454007966,0.0475353871193409,3.2999552123325957,15.835113312436873,0.0639747779506714,106.7437645273368,16500344911.015274,0.0009819384613628
3.983726786355376,0.0780295236616603,8.710786964144475,0.0191878632480894,4.332395133064039,1.2141397490967396,0.6764609353130161,74.97621278305058,19929310207.47204,0.0008743308714312
1.55095781207776,0.0614197584121644,2.880234686207671,0.0748381177727838,3.494470156467245,2.9824082919385217,0.2379958790920245,89.23413837865401,16074833270.28857,0.0005385241891025
0.3116776604168159,0.0580815131511172,6.227972072087916,0.0934654354029728,3.2917115340017555,5.862659355872487,0.2160211971449124,117.10934562134292,11964370901.540482,0.0006581732100571
3.501058165288415,0.0809654706550919,3.657225819402462,0.0841445754841927,5.945832211690857,2.5713756866134108,0.4768993340855547,104.99883032608008,13307149897.38277,0.0009431713051248
0.2882144698714904,0.0622716465015544,6.20219399154383,0.0958409631616483,5.131936743107803,1.8236350226135225,0.1168301262183945,117.648269901584,10446725143.730473,0.0007566991479516
1.1198747072353703,0.0831630202972336,2.4935688956528,0.0571071575941413,1.8383766755703064,14.020378980264312,0.0527463728744927,95.58276408979631,18914055903.27232,0.00075555288565
2.541914270405531,0.0778665924617514,3.388172865107243,0.0040517213401313,9.917471052467487,6.774883117070931,0.6740465006777138,85.96939991020372,9014479652.000448,0.0
0.7066587897202905,0.0869723233787692,4.3505767259497965,0.0986981034966393,4.79089670521863,7.078699334769547,0.4479477612956508,124.57022849021013,9863601247.975157,0.0005044143087776
2.698155363939938,0.0882600633962994,5.248103620978001,0.0975212227700567,3.712533975398528,1.9811779595795056,0.0742707220853577,103.13269772615251,14571658200.93712,0.0005526010067443
1.3778462424549676,0.0698281120683748,6.786718980587166,0.0834961669654028,2.6906717151516246,1.9116490333460263,0.3947970238008172,113.935136256106,14600134907.84376,0.0008502194635567
0.1467910551317496,0.0775015467700155,2.552575137960107,0.0770816583708568,8.970113017373873,3.763810197483239,0.3851735722445341,98.80548346193878,17726011158.573086,0.0006741292362186
4.773651504247451,0.0501454773128173,6.889037719062547,0.0566369818750538,7.741638663702589,5.352646354385152,0.1673583529564595,96.7793415553794,10606794566.220827,0.0010554446672145
3.3997366286580584,0.0874070935893757,8.137198720523067,0.0495285842065224,6.733894318794666,10.516018457936992,0.3431791076966275,67.25181465064327,10106458008.165874,0.0008686472895251
2.499911680864049,0.0365172433336348,3.5243478708007734,0.0670925652096657,9.062768110827731,14.056516876614651,0.3239568169891851,88.81457117551032,10217387258.09678,0.0007848226497458
2.732158810046412,0.0986353831970452,1.103238970390445,0.0859286822471629,6.521469817805457,9.082754226727378,0.0147818467849362,94.20287774480153,14098486321.405972,0.0007625588875631
1.6097625348369806,0.0572380462460181,3.4317075228374136,0.0829870396662545,5.356478975366228,3.568422168121653,0.5063940224380389,102.68021310115932,13031161675.194958,0.0006046396213226
2.74337182015992,0.0778784597750798,5.741615461251263,0.0414124381249479,5.912807037216679,13.596499716161036,0.4906171069681143,108.72103592924384,11455109161.520063,0.0009153529053522
2.737105492469021,0.0779765266132924,6.763768103133144,0.0866491023315955,1.61480430344611,6.552900159442125,0.3155023065320184,85.68420737580519,9060104417.261978,0.0014924474396491
4.901728772730867,0.047823130304274,7.190884249064387,0.0141185935289747,5.553818053702498,6.244006684371282,0.3965556813580019,77.46140388892402,9208115806.740189,0.0
2.5320519361032625,0.0935240016412368,3.5386064206565986,0.0441093679918603,2.5072064815579598,18.552822537372226,0.8355671004147446,73.72456963211522,16506770968.34264,0.0009505788871814
0.9765322886477966,0.0779715129368692,5.153268642625206,0.0370524344565579,8.28428924758122,9.470086658833976,0.1055892671833202,106.8295112160015,13968577141.046455,0.0007520267398083
4.218807151863562,0.0969611268470768,9.547691286425504,0.0453923263605213,9.831569344879906,11.59099697715174,0.7698815750273431,80.06905838766497,9673396402.803127,0.0006417208862536
3.28285014696559,0.0616483682337536,4.53587849938532,0.0566163715987072,9.25489457527442,14.27719763003649,0.2461772012499277,62.22173845014365,12776696523.793669,0.000608184712056
0.336812205166853,0.0478588866363017,5.269549591904191,0.0918822672379818,1.5105204439015771,17.459826482283976,0.7906483726916156,114.3182393131026,9262815462.973928,0.0009550158147674
1.111921329252642,0.0844363157773653,4.6365335126355935,0.0946734965322563,4.918037425433699,5.144753547544632,0.2873299664414966,90.56767028956948,13043735662.487822,0.0007685498894203
1.755459619307905,0.0395177135468358,9.569508634551685,0.0988730736676841,8.676975568830166,3.766839655643377,0.6578050662578032,121.50051114526848,9602131187.174671,0.0005045639210473
0.4618255038335534,0.0643550082303433,5.825080041240114,0.0941715854166812,1.505257500928097,3.545662196881547,0.4153924044596555,108.04289759684386,10640974359.7634,0.000575889034832
0.4586914606067946,0.0221201280893164,5.912925543737272,0.0227048150595634,2.116072906244488,9.35598461899542,0.0724257108409258,65.2698705013691,13253000899.833223,0.000527018410685
4.439952273896099,0.0924430548904739,8.044024121660785,0.0772801905308244,1.6518475049578352,1.512607279241519,0.1756778992254403,93.1582361467812,18412659176.142143,0.0
0.8267257221730683,0.0853877271934863,4.622605550250824,0.0543553295427592,5.3945155871825134,4.62941700217795,0.1304847348076965,99.18081232208328,14279627907.136992,0.0006008187458922
1.035852610499134,0.0504390517052634,7.737312190437207,0.0913367554270893,2.946186852713448,2.7813665192064008,0.328394896368286,107.2199848429731,12754725367.650034,0.0007709152581958
4.1347471800398,0.0809824814679698,7.316511896459162,0.0586169326233366,9.796549356411106,8.497569562938134,0.7980923678114505,95.20197812562016,9161205392.55579,0.0012092637159433
2.093361108253783,0.044270634686433,9.772181218184198,0.0604600988132132,7.049436002824217,13.732494161432554,0.7741037405079563,113.62092100444345,9952836011.88739,0.0006670998867821
0.1100526404150808,0.0901625636233162,7.586680518347069,0.0775490949544591,1.144410933804637,2.173000232063302,0.4185853805344357,114.58784769555211,12569143794.136211,0.0009056343303595
0.2880200224943329,0.0979057638082292,5.573346302007975,0.0880603841893036,6.737650002687567,10.504709128047423,0.3457935126555699,118.9844119572408,13587475917.512316,0.0006014974593203
1.3262158439297251,0.0864022457568662,4.842652961851921,0.0951822314137964,3.235883715946234,4.846136161600268,0.5280660841325979,105.05355215409554,15632325113.527626,0.0008187199114074
4.36287588106904,0.058102189641309,7.080483276959848,0.0264923282887922,2.356799817773272,14.064046919366016,0.3519438079235774,112.70521400508372,11100199713.017494,0.0009818115605406
1.924899704179223,0.0699518437652384,1.5623303015707262,0.0414693345491986,1.8230753549261047,10.875057132543631,0.441915093040538,102.57541811933666,12223459022.941393,0.0007715041371141
0.2171090790183545,0.0724174923132667,2.2051574309907105,0.0854093241828005,5.126804802321539,7.36185957752237,0.790506584268281,124.549930617622,16382332434.876942,0.0006470629938644
1.1657370085305887,0.0898877382386633,5.8898984807715085,0.0836959177241309,7.727966971183387,4.758610654639488,0.6273286972553944,106.39808352382492,16113174192.360365,0.0005832328566036
3.5080262612606994,0.0635946046338944,4.490359734456884,0.0951093446501745,0.8441449327089309,1.3535206847958392,0.2693009139247804,94.1827232614666,15544207686.047625,0.0008723305274091
4.409864388118201,0.0715102867163423,1.814528047631505,0.0788261678612528,7.686944727647202,4.754954575099982,0.4963426407571075,109.39286495505904,13365100997.632038,0.0005329362839273
0.486752149349444,0.0561435252876388,7.788543796013847,0.0851634613937358,6.202516374641628,13.013832137545116,0.4138679143617287,120.38010936769722,14010228194.860777,0.0009324422597429
0.2693765554027629,0.0509487659109975,9.814931035056697,0.0331956939255376,9.12911353175197,10.376221533979782,0.6685290982041627,97.4840699426857,18247264773.39889,0.0007181160992462
4.983056260125497,0.0654849348983045,5.871138304888175,0.0890388707502035,6.9858884193327215,3.908903763402025,0.822591957050401,66.88763844018393,14509698719.841057,0.0005380063845621
4.214880625857842,0.0759605517944908,5.828005799625926,0.0883723982555392,8.944677205610901,3.2488962329745186,0.6061878418653756,86.67358040508734,9975650959.69355,0.0005918289250736
0.2892323695790452,0.0828990627519432,1.2792421539118224,0.0929441084187243,9.394580446305197,4.854633957328229,0.6486032752101277,105.44154156384528,16949666090.202406,0.0005823304501943
1.617409452457663,0.0825676252629946,7.025114160470896,0.0904649609138937,7.441828552027336,7.543039992082045,0.5681303572957491,112.02859294807668,14940081883.912107,0.0006086956137774
3.664507756148812,0.0937222033074791,8.099379923694451,0.0235283875561496,8.328122572453632,19.3781465217067,0.0423200655519951,67.33979483906381,11542608261.21928,0.0010391467343749
0.4878192846562136,0.0615326587720743,4.804626362932204,0.0570690452364537,4.574968734294975,4.482411855547898,0.2209109495127988,102.5050298433727,11187420562.127502,0.0007755659717971
3.212515474009874,0.0578151760468194,5.516716269760065,0.012827590496828,0.2414203522102755,17.350642368927602,0.3141323152164982,85.77697512357726,17849566866.229343,0.0
2.603084442599313,0.0535378254762407,5.96729822555696,0.0940326403768481,3.788314239934345,16.95456275002353,0.6058296719795724,115.12252467360626,12142154063.50302,0.0010593732748711
2.418493922000162,0.0916957853218737,4.8431676177397645,0.0394647403394432,5.085726571970078,6.271816544994238,0.5004656749982623,78.6490307003043,15497553735.745226,0.0007045534986497
1.754127731857608,0.0947759680474126,6.619683691188632,0.098553070335684,4.989960061089238,3.774281333279328,0.6184886321769626,71.3804508963018,12352111671.983768,0.0006622865700585
3.303107283132078,0.0935116382916215,6.476239757400715,0.0790653268186716,5.229904527210628,11.471310579308684,0.498808769218917,88.88207607265116,10621204322.885736,0.0007832844820781
0.8942795241034971,0.0454047847676458,2.2910631625517683,0.0261761355296345,0.9531615172514796,18.753417864783785,0.0820469142814408,79.81420585155483,12414708184.853558,0.0005852383959534
2.0628317772911275,0.0934225572384015,3.656543624074956,0.0581509826677854,5.713694217390152,6.9567295233304005,0.0920944818034962,85.62008297751309,13081692896.552956,0.000841689761272
0.8981938062298911,0.0750478913218255,8.799418827454708,0.0793001023246895,8.369550277504052,6.31014766887341,0.5350149783677394,116.52287073594648,9524044314.587791,0.0006251626005973
4.285104384998997,0.04595295702465,9.781478670894009,0.0286034991217092,6.600539661771762,7.67816947191804,0.6220520328681511,65.87363690059455,9795884448.546482,0.0009587130503367
1.1977322916431266,0.0486773518824527,3.813782889255698,0.0421690930229553,4.9839122601287,12.663978301235428,0.5788161869673093,103.98941400315324,16668710873.45587,0.0006918581042162
0.9215344844899456,0.0508755319876164,2.464296184696669,0.003252018141382,7.009335130398413,3.0319391227563437,0.0688671405661771,101.23142340336004,12890859447.65335,0.0
4.068905601292927,0.0549445389245948,6.593521076978144,0.0160015274686041,3.74793207140129,13.930428786119595,0.3160885180344319,94.82192656473369,11930404813.6401,0.0
3.7454825703500334,0.047485162184464,5.818533820053241,0.0230138422550801,2.273829666597056,11.600468173678712,0.1565075595842963,104.99079094812032,12570884292.92175,0.0007775936133943
3.2121555286687253,0.0898646038125374,6.974682559618149,0.0507986508465824,9.212896424695334,4.909016733714089,0.4045737256636447,61.13731124182652,12487168872.285826,0.0006771830030065
1.2835374632061574,0.0881380504953388,2.743079341509155,0.0519869285161935,0.7101504757849376,13.015309458664875,0.1593707458940043,116.56697352730272,15078397410.055044,0.0007895370973156
1.0788001850303437,0.0846937543149165,2.4219035574912304,0.0591366941875583,1.5643057242297658,13.890425606984468,0.0424478657437128,96.27123759821067,18855423473.640797,0.0007434597588955
1.940118111678212,0.0810307480967678,6.965154310452663,0.0917708443335212,5.4800725334560605,4.35673364143946,0.30339524025775,76.43634978291307,14115765626.965427,0.000769811166182
2.74337182015992,0.0778784597750798,5.741615461251263,0.0414124381249479,5.912807037216679,13.596499716161036,0.4906171069681143,108.72103592924384,11455109161.520063,0.0009153529053522
0.5529435877228464,0.0843138994801015,3.15157927249822,0.0677495073872176,5.851293000298997,3.2381309711943427,0.0243082790916963,104.05086418033385,13507778923.136349,0.0005633395186594
0.5434199596635203,0.0999538782336185,4.981209380136516,0.0866919277951576,2.197221374416306,4.063343893924466,0.7574714260605312,66.97741495325128,17116695630.278185,0.0008853504478405
3.043518070597276,0.0914877165998494,6.821906026524825,0.0468673586532355,3.199648238392984,15.814293046132674,0.0490599344494759,108.01480554659663,16504987027.76089,0.0009762667710757
3.1109473691433305,0.0881182640061155,6.452684992188897,0.039602507458776,9.818427995794872,4.163973242025758,0.7407575517272854,87.764659738372,11327251678.174612,0.00136560760288
1.5263371183646788,0.041680986803535,3.687691649378237,0.0240899753873813,2.055229929442928,16.687543402397807,0.4715231345913371,69.24747221662022,16787287902.134775,0.0006963596486286
0.157716601949218,0.0811900930151992,7.036084142568924,0.0875222038848465,9.151524114817404,8.205058212136109,0.7540613133191628,123.5470519915557,10989397594.692797,0.0006340562635971
1.7403755644052328,0.0478756973242024,6.061358961841573,0.094365103514838,4.026015966012707,2.8329175977261416,0.5084034187751754,74.64874354510012,13390146592.163754,0.0005134065010739
2.0306603015852773,0.062172631369087,6.032140948216285,0.0691878984632633,2.167336448194289,6.227871344498868,0.2560161534813935,71.45962932294024,14159022115.995152,0.0007583122720114
4.715167889439467,0.0525447809700483,4.336560462395087,0.0224768363797402,2.871024443059705,17.25451990282606,0.175349128437384,94.10963254301234,10850092643.087645,0.0006587282044034
4.539642227430845,0.0814079508454497,8.049458237921744,0.0800307341558364,7.263653792943072,4.235206574014772,0.3349865230672049,66.30930648284121,10015671864.755615,0.0006689329325761
3.0302353572991803,0.0674788948126153,7.3714849989515505,0.099774664939347,9.509057998466856,1.3178987419165875,0.7225227153155501,123.51129719629004,14833329720.0817,0.0008489692587083
4.522963759736736,0.0872013969117245,9.455978470043547,0.0448922520213768,7.358287958394428,15.515685207979974,0.7272461675662902,77.78443477134927,10975230017.450571,0.0011597809624841
0.6914127149501013,0.0286569487881483,9.308728613363437,0.0113991382220817,8.240153390497275,10.244563787935885,0.7557655587101744,103.59003703135816,19546920210.85704,0.0
1.272776275369668,0.0932034480411787,5.874539219682683,0.0988175377338858,6.623129683377244,3.2572435889814995,0.612712196248466,111.11781211416866,12207259519.272013,0.0006151209665086
1.889944467470304,0.0416791886049525,5.11274019053769,0.0536931855556331,8.866309946222405,17.36564117939295,0.3811168457275343,93.26678701407572,19915648789.958557,0.0006174835443506
0.7590404740535872,0.0564084835266633,6.275980447198877,0.0763871102979189,3.360225240018806,1.1531558173695793,0.6233236137506997,100.9890506268816,12637303764.97689,0.0007041698557387
2.610273192501125,0.0774837077087437,6.526811922500054,0.0503710054076988,3.298755962188189,12.10209404081565,0.4535421106226496,100.9969712483513,15109463827.29675,0.0008904572445213
0.3977284877141218,0.060613041660432,6.8545726249495145,0.0926504699812059,5.106801758231302,3.034810885050891,0.214741183146831,118.34387786371224,10535670584.607635,0.0007864003741397
0.7382728394288786,0.0415849828184219,7.810706383346526,0.0452002791423095,6.497988209625888,4.602834967171393,0.3064106227070888,100.4073110385202,14744093150.487425,0.0005158579335149
3.565749369524731,0.0662940996737034,5.221531554827725,0.057527257837682,7.549507068141047,8.841731677041313,0.1832502796321896,75.12263451818905,10125610161.909294,0.0007562902190938
1.073345118483781,0.0900888512471231,6.026057697486806,0.0845536142331862,7.659711159948472,4.775917931966936,0.6398531627877584,106.62945580243988,16065756220.48398,0.0005859385040911
2.7180689193003027,0.0489236514273209,4.882145619981154,0.041143742844709,0.4357071588003341,9.06181935078956,0.4427708491060599,79.4804920142627,15208064749.35783,0.0007183377065529
0.2390378532138991,0.0996844182136065,4.870046784108084,0.0914781107417168,4.790711650912593,7.550415237742565,0.309662103384773,119.87504618131472,15321040898.60714,0.0006488775748468
2.0888797146715645,0.059824884556219,5.157252760187817,0.0795034963674464,1.9544991073061493,4.984474634170066,0.0645098870389306,104.92407490792448,14618227634.74135,0.0014389710039112
0.9623800319715404,0.063077013626915,8.712710867063223,0.0808095125285092,7.060149265478615,11.96675225956668,0.7278580282537649,91.25808778671768,16996191627.386024,0.0005944475298062
1.4351629411787188,0.0799694094461183,9.179443123279938,0.0720865283662696,7.018017615435715,8.06718350148678,0.4067667945086668,82.8063044477739,17066706722.860598,0.0009194586784154
1.095531667039593,0.0951537374519927,9.65927672060218,0.0733926463341904,9.456204046869663,5.944740933005572,0.1608778266595656,127.60677022438594,12537853323.3749,0.000603990586553
1.4149308190579204,0.0865580121403955,5.927093101797659,0.0918373423678615,3.123994511195106,3.2182054308805093,0.4342843438477312,83.30072856206324,14265306136.194233,0.0007958550289814
4.066640812074634,0.0691532015614319,0.3266305128909067,0.0596244725890944,5.85914512889508,11.173210978241114,0.7361011600603934,71.22040521972124,9090785059.93866,0.0006870497373437
0.4327966564840954,0.0531134348952432,5.001752973396898,0.097219616912668,5.0818136217312135,1.5675422834511807,0.1283549444689641,103.77658863629928,10758822310.604458,0.0006895832272779
4.9036462424858485,0.0971276641122902,1.4864636431298877,0.0555227970716318,2.885124715205382,11.554235441378182,0.6312450431434384,73.87818818290945,10893093639.139542,0.0008447007818934
0.7778324353299203,0.0691138182029166,6.729254896069915,0.0781344404117402,6.82978927045778,6.962931227397628,0.2099605300812185,112.10554677817105,11750004002.71572,0.0005885550061204
2.59141080427521,0.0996277193318134,8.81111836149603,0.0990561687338508,5.059852217943849,1.258695932674628,0.0424645882285796,63.24547271260656,12474805738.61182,0.0005932014842641
3.0778363851339825,0.0737847422718262,6.809713154753504,0.0362319214408369,8.885807406703433,7.466437698373358,0.5132936337793973,106.2448122447295,14073933716.430798,0.0014145391083058
1.164911017808797,0.0316057780170904,5.914677370919622,0.0397812460291353,5.10309290678899,14.485601856006523,0.5239926744608285,97.42464142388306,14420586387.165874,0.0006468642547209
1.627958677862144,0.099772857427186,6.839253366255037,0.0974574929651746,7.4829874829340115,5.280611362009391,0.3423504341886719,111.33050523585344,11717782023.58374,0.0006161910710863
2.0909655772488285,0.0980475029682212,1.7489589637369976,0.0934701182419243,7.456353038878073,2.835183963425618,0.4233922613929321,126.38608515377696,9468299523.446138,0.0005701997883288
1.139594065519003,0.0620521152791685,3.650060110349702,0.0451703453717508,3.527013636791648,10.843894542560534,0.3772970060913302,65.15765586839709,15699086457.686,0.0007083933099275
0.6455367246159519,0.0447037620686337,5.346064842521987,0.049006268283129,2.754866549126504,6.960950119229311,0.2520988301882502,78.23289056046302,13857258324.424788,0.0005641443240496
0.3847337364509444,0.0696936221903066,5.619201777493694,0.0824904328592887,2.951470845732786,5.699755892697385,0.4038247114045512,108.49078145472735,13917815013.939089,0.0007301258674713
3.734987826219336,0.0779574123253013,9.013900074650806,0.0209268188661295,4.020660049489312,1.0610279333535275,0.6745436798385362,73.97103044823682,19891887013.86027,0.0013018358425546
1.2674259542601118,0.0943928943322355,5.048862961714049,0.0998587735236856,4.195652438959812,5.793107516500632,0.1874970654757739,107.15347430532285,13676157982.305304,0.00092732137061
2.205514117246438,0.0800772551119261,5.992870072612164,0.0046860898708323,6.751916346408798,10.89998658411747,0.5699529023131824,107.49837696893292,13785473054.62087,0.0
2.3445761017683253,0.0561950544508743,1.9597416418455835,0.0482380948214844,0.5309584704684397,12.481611742666209,0.179497673550642,61.37849334905994,11402865475.101814,0.0008894255830965
0.1636538184244906,0.0608902132712654,4.7918327387117206,0.0859329190026598,2.5333746306094227,9.637342578380816,0.1789493466072244,121.84033691201957,12152384781.298286,0.000543855331058
1.148599754625541,0.0898275082337224,5.913801630365402,0.0837365385998659,7.710100474954213,4.705361511062033,0.6279639763006036,106.42375995415942,16131886961.382652,0.0005828845924631
0.8287080234371904,0.0990693142894766,0.1529188878533929,0.0332617796929871,8.126007399301269,11.08049009563538,0.1331658564410469,86.4795629237671,17244440849.318005,0.000589449526669
1.4149308190579204,0.0865580121403955,5.927093101797659,0.0918373423678615,3.123994511195106,3.2182054308805093,0.4342843438477312,83.30072856206324,14265306136.194233,0.0007958550289814
0.157716601949218,0.0811900930151992,7.036084142568924,0.0875222038848465,9.151524114817404,8.205058212136109,0.7540613133191628,123.5470519915557,10989397594.692797,0.0006340562635971
1.3837983455141545,0.0482630030839643,7.654377244394972,0.0648580000135479,2.318631555505859,18.439174555709236,0.2218279305726049,114.37088686635076,12780660272.666656,0.0005704536139033
0.5329689770306875,0.0857636037220967,3.071987775459885,0.0690609361632461,5.825435851398314,2.992157483571652,0.019326565167333,105.23636656574044,13428391277.359203,0.0005475675227347
0.3461584922095458,0.059580870065187,6.7315052203890575,0.0940570551402522,4.83861710183246,2.9490273036012056,0.2144365456433695,118.15456034911844,10402913604.075476,0.0007825948096963
1.9098698028652188,0.0992107006360563,8.389316058017723,0.086795168072652,4.999443248210814,6.397522676986583,0.5063215297371761,64.7189559672381,10955590868.941433,0.0006046692996813
3.981411656784076,0.0767682336768693,8.955687350725082,0.0191379876960736,4.142316395264859,1.0205643494416234,0.673554400050822,73.98041547452993,19933054982.64157,0.0008804222704852
0.6069022366640974,0.0604329759344334,8.476456639941722,0.0670538584257204,5.116257846883085,3.4055007087215468,0.8177538641837557,107.69572075062486,18451244431.439457,0.000799050268276
2.0245333474343568,0.0679861769597218,2.8040790914607063,0.0504796360005943,2.6750989518254995,11.83210111640992,0.093700495342206,102.46840555283973,16959008555.88336,0.0008430755330103
1.0544714336326002,0.0879142509694129,3.911057363429431,0.0813701191150624,9.987143054505076,5.324318873062465,0.5430913939464637,110.6415993247941,14783632217.034883,0.0006278163525705
0.7169111989179069,0.0427670302833723,5.248513216395431,0.050937934041342,2.748874304643909,7.249860825972238,0.2322479727207275,78.09349786571737,13687757269.050093,0.0005762775797621
3.7454825703500334,0.047485162184464,5.818533820053241,0.0230138422550801,2.273829666597056,11.600468173678712,0.1565075595842963,104.99079094812032,12570884292.92175,0.0007775936133943
0.1303661841337366,0.0920174157615105,5.532603415630255,0.0864167514920928,5.164661223219512,14.145461865432065,0.7086412248168479,128.49830486800926,10219224991.05275,0.0005339915870277
3.833301970923942,0.0475416842249881,6.06645749304001,0.0204290555658703,4.618160219608985,12.613716281785097,0.4655422499085337,64.2293517664302,16827664146.857672,0.0013048543002093
0.7169111989179069,0.0427670302833723,5.248513216395431,0.050937934041342,2.748874304643909,7.249860825972238,0.2322479727207275,78.09349786571737,13687757269.050093,0.0005762775797621
3.3855498742104198,0.0980275366711573,4.11194829926191,0.0903423145261342,4.837570514396091,8.072135331196195,0.5759744131097674,69.62598764316765,12394376767.882769,0.0007070559631379
0.5330963992485057,0.0857255249721709,3.046432986455747,0.0690763155610138,5.820522728331032,2.993282394098564,0.0192590611786992,105.18550273659376,13391414728.048824,0.000546500451277
3.56084289012671,0.0841187951277707,7.597032079178457,0.0507642139783774,6.104086121238597,13.12271523390346,0.3145299242454877,83.14979034900102,11408365076.75981,0.0008403170957691
4.670314781590982,0.0916893979789685,4.030071329130895,0.0346957296643954,7.809019959112832,10.784915746541156,0.6690264513231852,73.86515815510946,17918520003.020115,0.0005858011763342
3.622154314101941,0.0766980755031108,2.731086042888608,0.0697426826167788,9.138104641825024,11.022346632740938,0.4266276727002844,79.04916420783877,11239002554.94066,0.0007231184429575
0.7522413984729205,0.0599343153203905,8.615881624687745,0.0696658411768629,4.599251690403189,5.329253690300542,0.0176371549752177,116.8004032212958,12149383152.311213,0.0007823343417641
0.5029219538291088,0.0573845222743543,7.480813801095266,0.0965061481243079,3.8800635036213302,3.405388263873607,0.2502481924606163,120.44680915471032,9733784324.847364,0.0007666183755717
0.660657091141573,0.0858550724228558,6.104414786993045,0.0986647048270171,6.4447704303937705,3.3615017785757324,0.3570224697551297,121.23616997479236,12952618420.996798,0.000510166700998
1.2439059352619737,0.088099113188557,6.542034134232408,0.0681858182386972,7.956158005941551,3.109493676320412,0.1338536274506816,117.480340260749,13926333678.055264,0.0008211734954624
1.727258899663578,0.0480924906484028,5.980546768815687,0.0943659565870539,3.9690844416645135,2.570665814099955,0.5120644941648244,73.22428453533016,13402426953.94707,0.0005177222133013
0.1633936312176192,0.0794201757554812,6.041656722121903,0.0955091864737457,5.36082213290854,1.705764694596039,0.2714638232751763,127.83666527039873,13505416666.28606,0.0006940723243911
1.1977322916431266,0.0486773518824527,3.813782889255698,0.0421690930229553,4.9839122601287,12.663978301235428,0.5788161869673093,103.98941400315324,16668710873.45587,0.0006918581042162
3.6424580186327935,0.0449350870653009,7.396246908023247,0.0681852048050003,6.463019874550292,7.957992636489685,0.265438566668071,111.8983307093886,14839529628.975277,0.000817824072662
2.471292419587507,0.0880070154998173,3.671664246791557,0.0941783682908245,4.938326100725116,2.944230647794602,0.5190734789227096,104.02702177309452,15305652292.759888,0.0006718578656631
0.3408791296104306,0.0580998594082506,7.287124934215103,0.0951442120281094,4.366962780314731,3.718402403531999,0.2551403460857923,117.9583519692028,10202270215.480087,0.0007776308262765
2.925404265767559,0.0967976333181898,8.658601235694855,0.0825853064087255,5.797347936346014,4.904083555068865,0.2401716750238914,77.30446986878047,13443723439.051949,0.0007116291156544
0.7382728394288786,0.0415849828184219,7.810706383346526,0.0452002791423095,6.497988209625888,4.602834967171393,0.3064106227070888,100.4073110385202,14744093150.487425,0.0005158579335149
2.467565611665043,0.0553206761279514,4.848284235846313,0.0766161083402455,5.061142353203379,4.9487991535240985,0.4394321778043317,126.86842316691234,15789168440.966908,0.0010071496910627
0.7169111989179069,0.0427670302833723,5.248513216395431,0.050937934041342,2.748874304643909,7.249860825972238,0.2322479727207275,78.09349786571737,13687757269.050093,0.0005762775797621
3.6888005207453127,0.0651007814416015,6.535499931947411,0.0508985770999899,7.560672239154327,3.645891807088487,0.5575301046234694,92.25585145896652,18206781079.15317,0.0005052795809352
4.982762595522045,0.0823242712236935,3.237551270463834,0.0576829492542899,5.660827474344834,1.4485488522716352,0.8102258127917911,94.92541429657062,12235564785.555004,0.0007952823974991
4.971074109942779,0.0713797524987461,8.759849010707502,0.0335544807158806,7.1513146319531735,5.203865344972577,0.8189461962823383,75.80295955364645,15769182444.662148,0.000622039676708
1.6516554300599446,0.0774992806796782,4.586917571332453,0.0174500280833916,2.8513744340696263,4.239322690333323,0.014354821067916,88.38561012850853,14706214050.028406,0.0
0.3314445888607092,0.055928660239537,7.676496830276067,0.0598215554247786,8.912741479873066,11.191296315117844,0.6488799611303575,89.89802513797021,17912815590.924866,0.0005603376847385
1.5392948348343674,0.0868243394196521,6.911216828819235,0.0807480430234938,7.768892902556508,5.542800754597714,0.310539934759151,96.41645494533542,15243044860.155476,0.0007270736908858
0.1100526404150808,0.0901625636233162,7.586680518347069,0.0775490949544591,1.144410933804637,2.173000232063302,0.4185853805344357,114.58784769555211,12569143794.136211,0.0009056343303595
3.706317511471096,0.0735952496284278,7.853155576517,0.0650198567342786,7.939784606827583,1.0223954640715716,0.6932071634730894,92.63780310923828,10115675170.828243,0.0007635195173871
1.2311815088089617,0.0807743794808842,5.155154260982169,0.0733156810470728,3.5259279505615115,9.198578480541732,0.493160178165554,110.94429978782206,16542275981.67793,0.0009723572742739
2.0441589955074493,0.0878634422775502,9.626118424580838,0.0880073293042018,3.2491377820488063,4.514636829999153,0.2166201075228906,70.94171800391145,12483701580.97446,0.0005136024694936
1.0075412202769412,0.0757106637057279,5.58078860299205,0.0828998016165723,6.318333619106182,4.223276665486465,0.3507943807831433,94.92230888363474,14672670443.542503,0.0006820627246422
0.4669116052598466,0.0662688278398297,6.14256674778124,0.0893027658117775,3.584412282230128,2.764851272541175,0.2080639806267388,116.3597572777024,11249290712.017427,0.0006978876300581
0.9864741682444204,0.0698572465504287,7.743252944930899,0.0418742241105267,1.3808997317511984,6.046135195255947,0.5193579438143809,95.08050714559242,18318960352.55075,0.0009631399137034
2.5246029004210184,0.0785977005925793,3.460201274635443,0.0027432449417058,9.87062458422958,6.762745954213274,0.6854815311992514,85.9735347575795,9086613625.586538,0.0
0.9933318612449362,0.0883595899406764,8.07063545510731,0.084687892687462,8.56680326675564,2.2029330381279397,0.1322159571876813,120.63991028699726,11252153814.894768,0.0005328961979023
0.6691340396249345,0.0745729758515972,8.53974497760687,0.0712481764833557,8.150945263299317,10.403982407514905,0.8175473689947829,112.74833821960496,18028247873.71121,0.0005684544982666
3.606181155348812,0.0446538094479993,6.291614600555957,0.0344316924517039,4.866256324382126,4.607889913527045,0.4594549404489764,98.9749917844577,18432930691.65144,0.0009953299964146
2.9756115344119,0.0938552167477958,1.5478853030968511,0.0992741521580566,1.1827447519804104,5.280939743133295,0.523879067243174,83.90351399325615,16313937186.969372,0.0006734713554633
1.6568585160905989,0.0777032008978728,3.689137018730504,0.0850284819438592,6.778018223401959,7.417415334754977,0.3532388789617691,119.60137220280392,14221259458.830036,0.0005933800514362
0.3932541817204317,0.0952259040655635,6.683211600642212,0.0982651352665466,7.977546473723763,2.799105274992989,0.5027614022089164,99.76898352987536,15848986301.784569,0.000699574201299
1.0909656350056514,0.0928695600435967,3.7957171824843887,0.0929383168178643,9.638374868993026,6.931104267646777,0.0829614053106906,95.3179480382594,16033236729.655966,0.0006894467275748
2.8573148170952103,0.0961457989111383,3.4151671932753187,0.0379570733184096,4.453406490654918,4.38999249114433,0.6146931557956195,90.87684762277554,13172198948.09988,0.0007954008179126
1.1595586234671271,0.0812823334465361,7.830064751420363,0.0877156078441244,9.431258866983702,4.430530423554946,0.4080519701504063,107.8611462071482,13117699651.191196,0.0006315486869495
4.923110191629652,0.0975214401047675,9.75921555939656,0.0750357340613426,7.143442839670426,11.75126011940417,0.8233510718699439,82.15761374055428,9466466389.298372,0.0005615085174072
1.0649411088889953,0.0719084781215209,4.897492707537605,0.0588206094727651,9.87330786355891,9.388454999598991,0.8043682306484293,126.585066621073,12266777870.556004,0.0005060257356736
3.2452333294856746,0.0986439972824501,5.264521660467678,0.0357954317478866,2.620222859904089,5.941229328477798,0.5775995217833788,63.74566860435808,16682952291.144836,0.0009083237732953
2.986992320841677,0.0447718888372605,4.956922938198714,0.0466060920476946,7.93214065225964,17.499392145966763,0.242579948486308,74.6512732002098,9998251514.987385,0.0007688877207917
2.5195751196001344,0.0947772430273173,5.512382543756378,0.0841215224423894,6.77359751549509,3.681383135511441,0.2838470862652788,72.13257277648,13151377186.247684,0.0007044272514788
1.272776275369668,0.0932034480411787,5.874539219682683,0.0988175377338858,6.623129683377244,3.2572435889814995,0.612712196248466,111.11781211416866,12207259519.272013,0.0006151209665086
1.631532750810986,0.0820585513970222,6.954459695692097,0.0717517684545467,5.569816708724948,3.3295878938621093,0.715703819329689,93.73117723463434,18160280796.11489,0.0006911028121381
2.69750861803875,0.0746799546188897,4.455450370832659,0.0576832010400834,3.582484515836347,4.615009702266235,0.2462506180454198,105.25566584438404,13416372015.401966,0.0005799198052002
4.671893141173324,0.0953769643900674,7.520760351761167,0.0547916980587103,4.860145578902917,10.672202581401844,0.5404800178564996,79.1610106913092,13751791640.21344,0.0006971021413049
0.1800180886158595,0.0804688609025311,8.332884048579823,0.076840529106182,8.732855064263031,2.241052483242552,0.6578759761879175,119.92454562322402,13932439852.404243,0.0005837362160912
0.174952436203128,0.0620837458406669,6.301511012158724,0.0957037015858521,5.165535494427044,1.8009434794041146,0.120893260702708,119.22744430082554,10574174164.928225,0.0007695451200896
1.9098698028652188,0.0992107006360563,8.389316058017723,0.086795168072652,4.999443248210814,6.397522676986583,0.5063215297371761,64.7189559672381,10955590868.941433,0.0006046692996813
0.3419677874701871,0.0581403706469314,7.282554743079164,0.0951189814794021,4.371288516185985,3.721711549611873,0.2548723724362483,117.98405280493098,10203533121.282288,0.000777477845339
1.0446593878274923,0.0380118569358839,9.016718308412344,0.0704116292640169,1.347424360310083,2.6914104014282163,0.406414614081865,95.22870569756935,12999525418.219288,0.000714504906987
4.137428539099377,0.0756620102474289,5.2206602827786455,0.0442884538944621,4.4427501246634025,6.168985582712125,0.3529586999254058,91.74484657435926,16662176465.069635,0.0009827818435905
3.197203187118779,0.0936612296799047,5.806131640157225,0.0944330693644879,8.39563120811604,5.290348322119568,0.3066611669008163,121.75028409804656,19345570334.970043,0.0007951585029074
2.687532820932832,0.0551089935010154,5.877064116483104,0.0949219186604733,3.4986977831883075,16.794262897669658,0.5981208775436335,114.02160062318092,12052818569.873024,0.0010347798101422
4.540389716519883,0.0896160481089422,0.3497085304933808,0.0769643647614886,8.630805731899565,5.951191000202272,0.1795170203329741,125.67329398301354,14592552028.0682,0.0006538295555953
1.1644674058450004,0.0445687746295749,8.899245772561244,0.0837640489532772,3.8791151000300648,8.059640111124702,0.0957660285878425,125.97749064113832,11543375823.71774,0.0005207402440103
3.972024366494528,0.0779574123253013,9.013900074650806,0.0209268188661295,4.020660049489312,1.0610279333535275,0.6745436798385362,73.97103044823682,19891887013.86027,0.0008798530873591
4.561188534853766,0.0740233508076216,3.279319934745509,0.0811845310926797,9.343268276336955,4.88243492746706,0.6754149897700499,87.52427596244574,17985448858.576637,0.000780612110638
1.0807876243461187,0.0831497355424498,6.805173322554779,0.0976124283327233,9.443930388342231,5.256053785607891,0.5258277074705578,114.33157880003743,13214862251.837349,0.00056554679632
0.8981938062298911,0.0750478913218255,8.799418827454708,0.0793001023246895,8.369550277504052,6.31014766887341,0.5350149783677394,116.52287073594648,9524044314.587791,0.0006251626005973
1.2700823802668475,0.0876820493330534,9.238657595729627,0.068881055846743,8.385842231028033,8.063109067029954,0.711271329372002,120.7719763158996,17641227083.519127,0.0006093286679176
2.754234862481992,0.0861458509057848,1.7804771085223128,0.0916912924705912,2.572621708249343,8.67928661396547,0.3328973653329884,80.09890868581194,13539445343.69949,0.0009158435066737
0.555568546200717,0.0842103754994777,1.4725175679662592,0.0927214012323988,1.1154035697041127,7.016877915510104,0.3856117794308877,115.873179911059,18656924954.69266,0.0007838195603446
4.403886799430076,0.0997202269133047,8.981493287799214,0.0610121486032473,7.192325123864287,10.505354084763196,0.4657630552089466,61.12193442693405,10957251857.73991,0.000814856778918
0.4158971320601192,0.0669894918984824,9.434720188068802,0.0852909680151069,7.341406021425096,2.7512582255160023,0.4603733665371348,112.84714772718463,14930185598.814877,0.0005792825701121
1.7403755644052328,0.0478756973242024,6.061358961841573,0.094365103514838,4.026015966012707,2.8329175977261416,0.5084034187751754,74.64874354510012,13390146592.163754,0.0005134065010739
0.7382728394288786,0.0415849828184219,7.810706383346526,0.0452002791423095,6.497988209625888,4.602834967171393,0.3064106227070888,100.4073110385202,14744093150.487425,0.0005158579335149
0.5766686464829063,0.0866743663977178,4.747187946054354,0.0301568507525426,8.684189270536832,10.37449355730534,0.1066244544671396,96.15295183010336,14459059716.22773,0.0007956586434876
4.068905601292927,0.0549445389245948,6.593521076978144,0.0160015274686041,3.74793207140129,13.930428786119595,0.3160885180344319,94.82192656473369,11930404813.6401,0.0
0.4586914606067946,0.0221201280893164,5.912925543737272,0.0227048150595634,2.116072906244488,9.35598461899542,0.0724257108409258,65.2698705013691,13253000899.833223,0.000527018410685
1.070489707686184,0.0652879164804637,7.70502299719314,0.0582339502903959,1.8514070930975368,7.592871940860348,0.4792921270048942,89.55748458693941,18586332461.330013,0.0010164194544666
4.929345046775246,0.0636813424064172,6.940728148788856,0.083361321036072,7.18259315215491,11.339677496346882,0.4657827563380876,93.31899724271584,9286216318.77347,0.0009137863867638
2.1363536312053246,0.0756961905437793,5.832266879406863,0.0831585119103054,1.089668278538063,9.253148568606322,0.2428263923335128,98.08801897480411,9486142890.895515,0.0013204262501557
3.114039621465111,0.0764791745739658,9.206687679855058,0.0420609306132402,4.440436220876569,8.564247127187377,0.6280685631914857,116.0973068950342,11068019239.596296,0.0009702644732341
0.2880200224943329,0.0979057638082292,5.573346302007975,0.0880603841893036,6.737650002687567,10.504709128047423,0.3457935126555699,118.9844119572408,13587475917.512316,0.0006014974593203
2.447234441716346,0.0600386000508184,9.55692793834305,0.0493456582406906,6.706407903670489,7.4758111989119485,0.7848355761699682,71.37312907670048,11178074210.451675,0.0011144169680558
4.9768754833101765,0.032998175672714,7.381589468299365,0.0372809901895801,2.193825799503692,5.23031378994843,0.7838922537136056,71.32466863723712,19248900169.54288,0.0005681042273932
2.308212157031232,0.0662131624009471,9.5290529337403,0.0407156903619558,3.190056470901523,13.30177565709407,0.5154389901638857,118.61789660382236,18072519713.086792,0.001037618248429
3.790781616412605,0.0584880134841791,5.669502677322193,0.0650413463933719,3.966095911404362,1.0253342952020716,0.2776201615321432,102.031151394661,13089642982.487385,0.0013529771610919
2.448913519830153,0.0698392595327909,9.848968463688268,0.058750638890035,5.234989137142356,8.371399188402792,0.782667406416411,102.1360590356818,10063503977.485975,0.000726698867735
0.5434199596635203,0.0999538782336185,4.981209380136516,0.0866919277951576,2.197221374416306,4.063343893924466,0.7574714260605312,66.97741495325128,17116695630.278185,0.0008853504478405
2.0306603015852773,0.062172631369087,6.032140948216285,0.0691878984632633,2.167336448194289,6.227871344498868,0.2560161534813935,71.45962932294024,14159022115.995152,0.0007583122720114
2.2873914407868265,0.0930066739123027,5.322472466594264,0.0824383725435236,6.326844744803374,7.890411284650971,0.5261371295821311,120.86691221193983,9080057770.66382,0.0008122025179352
0.7852989584764358,0.0551943835792359,9.721886868793463,0.0515033970732226,0.9242560588578272,15.29694159215012,0.6358485978273967,121.63681784831,9801341341.123352,0.0009418952715769
1.0723274994844865,0.0736529230247821,3.119207837134406,0.0621873662882844,8.89973463324816,2.3286200332628644,0.1798031573751519,92.2140616868586,15026039874.913612,0.0005189758991279
1.6526873792935377,0.0499088348474252,5.299994745264054,0.0396645701593818,1.4308238620325693,8.140576416185253,0.0428727548637261,87.25053013519485,19901163830.186096,0.0007643567080902
4.65092782353904,0.0915976645752898,4.075530869665029,0.0365775237275357,7.806333669675335,10.869810206853254,0.6690659363191236,72.81463874486822,17946021569.333282,0.0005834473938075
4.609042131517766,0.0728697064189531,7.666071129949441,0.0761970757851158,9.17611357511418,2.1347228844155834,0.4002543694191965,78.62006494316394,14624222689.5527,0.0006840626393153
4.0990909108307445,0.0808151359983235,7.431298412678165,0.0576898276376152,9.730225670653654,8.3382555296038,0.8072375895063997,95.61583580121544,9276050613.81129,0.0012035253890617
4.6888386338817165,0.0912816456182226,4.265066226404957,0.0333598830343011,7.6744878928923,11.183120526154166,0.6619891578441882,70.5111774490934,18024837296.96513,0.0005901945729091
1.8944248035990288,0.092119052990577,4.485716792452966,0.0243046600203322,8.544215230282257,16.1389515195677,0.1853542797544503,64.79915246853614,10179296291.98943,0.000795201060743
0.4541458218689589,0.0650325657238819,6.206841268293148,0.0872800441434124,3.5291391381288677,3.105575336162014,0.2068741113209099,116.17636640450912,11278705199.839771,0.0006985793711533
2.154619958721096,0.0815768747028105,5.290013505522619,0.0539560112510637,4.668878403842118,8.901351745187064,0.6146291916181598,77.97749638221357,12168680734.451963,0.0006627532000449
4.744811872008159,0.0739567272982689,4.874877152223243,0.0850678349294745,7.023272101535501,9.718863424302947,0.4532350850903481,71.62705005508701,13978428776.72579,0.0007591886505708
0.2825633273830571,0.0692932215713203,6.653258388683193,0.0875213060798777,1.3446093210793209,5.546139507398129,0.5573911955532438,111.35151094548496,14757063257.02297,0.0005848313300883
3.970485459652297,0.0743818442463981,2.017775169305729,0.0746818058941824,8.774616600895627,1.5957364827728246,0.6443060400515275,116.82757712288476,9302801792.71246,0.0013446717030974
1.005698612271969,0.0617688615674255,7.38269270388231,0.0397671366013781,4.165502789721667,6.852380160047593,0.4944861080539012,111.5061711263531,12904714892.324432,0.0005087213435204
1.0063412478062244,0.0757231280925871,5.582431780290599,0.0828958929064239,6.318799631308279,4.223934057448859,0.3508211810722801,94.92173294515196,14669847702.35706,0.0006823641796842
4.3259866214893625,0.0618300078929146,8.549453094222134,0.0088336531199659,2.080834325248869,8.260181807843367,0.7880001792138743,65.93653224715034,17543047956.57223,0.0
4.943593711066883,0.0991385072309856,9.412822436788987,0.0507954492198227,7.86805098067947,12.038677692607802,0.6474636718234391,88.99153158261625,11545659157.403831,0.001003532419152
3.6888005207453127,0.0651007814416015,6.535499931947411,0.0508985770999899,7.560672239154327,3.645891807088487,0.5575301046234694,92.25585145896652,18206781079.15317,0.0005052795809352
3.144376432008492,0.0608326160013662,1.6917244470901522,0.0612666829076383,4.170860852369036,9.857762453284185,0.020999019302546,75.70702827567958,15003397372.011423,0.00071096888147
2.733156111976192,0.0986329528280797,1.102694678203285,0.0859418009581682,6.521848905323328,9.081457168369074,0.0148107481001509,94.2122169770978,14098242405.667393,0.0007624935418597
3.734987826219336,0.0779574123253013,9.013900074650806,0.0209268188661295,4.020660049489312,1.0610279333535275,0.6745436798385362,73.97103044823682,19891887013.86027,0.0013018358425546
3.848217889766768,0.0346952042136833,8.530089953112652,0.0672457694612016,3.848113728563189,4.752804687565273,0.341823544699711,96.5757387109956,15396724529.926464,0.0009641316752527
4.131701670947183,0.0844383017208233,8.873781064886558,0.0549205031322737,9.175832765773254,6.456390873426147,0.5953384664703945,89.08478640169727,11140664765.426147,0.0011465915899934
3.961844714309802,0.0994088799679937,3.652297465335024,0.0461307041022242,5.25558701341928,3.265943885194826,0.7205697488799234,79.81976156298224,13997684204.49978,0.0005698729375514
2.634378414336604,0.0714685641035926,9.692968415851867,0.0996610000737822,6.810175067109656,4.172218574766836,0.4989751639041679,116.499309302356,13144561670.97672,0.0007630735201641
4.56617532526771,0.067061515614694,1.9457934054699988,0.0574120397073398,6.999387631283201,11.583915777494628,0.2480581885929315,71.5962344755528,12541293557.908009,0.0007759415390044
0.830042626807911,0.099836014182563,5.987990969487886,0.0918664787502065,3.554660901229992,2.900775758160007,0.6041201463196807,100.46355361686716,15749903450.288448,0.0006822288075519
2.154487367052907,0.0666575868531268,5.948077596770003,0.0630966462998438,1.6337329484764072,5.459504626568492,0.3889710532986046,69.70245721093349,14040289377.168072,0.0007424998413144
1.910340415929966,0.0866030863443011,5.9395309531104346,0.0704197348078309,7.767868116042253,10.08892627797714,0.4020451233745289,105.38704073019338,19463264165.77788,0.0005162307142387
1.8593369055780105,0.0656270137906162,8.56386506636895,0.0574414067107163,7.502779878690761,7.997489613603843,0.5106586907556795,111.44761721649182,13587558373.826736,0.0008469273893479
4.553431757882826,0.0704025487637291,8.448808102622314,0.0644898917074535,7.528774692767815,7.391005062515459,0.7268410347819542,92.88252749815354,9822386189.257963,0.0009618401616401
2.9456631656930794,0.0731539022795742,7.4216050337275155,0.0239101154071183,4.8251294000791445,12.99137601884406,0.464389686741071,67.52767016253591,15140290168.692425,0.001240439842882
0.8243490262572819,0.0495393350033936,7.790992249111393,0.0916027864571161,4.037733638597841,13.526456967666128,0.465456987179777,119.57299543689857,11719255737.178593,0.0006968153341635
2.3880658269809047,0.0769571496430985,8.675882144910172,0.0458758620244313,0.515690344059105,8.28548340036203,0.5728087269296338,119.98088618496232,19661685365.83421,0.0010965740109776
0.588227709465401,0.0596817299964759,9.887858375169245,0.0582075032995305,7.871204930187324,6.842430217935578,0.2158325233102518,129.75200028447537,10981883875.522024,0.0005592275675308
2.7462363821217224,0.0554288894704352,9.73532520770723,0.061576609536004,3.995011009942549,17.25227566882241,0.3940347738371966,129.18120846352627,10247597927.057362,0.0006878100736577
4.725852662977139,0.0706277722444414,7.28026051181014,0.0440768676608778,9.216445914731692,9.974815543869193,0.6518791410030544,74.7428628443715,15851091517.08688,0.0005272535578796
0.3230861541564809,0.0352361492230618,6.037005077129448,0.0319693863819737,6.470781961415071,11.64558420433391,0.3459633794527398,85.68218501436007,14004798458.20534,0.0008160608787095
0.4586914606067946,0.0221201280893164,5.912925543737272,0.0227048150595634,2.116072906244488,9.35598461899542,0.0724257108409258,65.2698705013691,13253000899.833223,0.000527018410685
3.8660397122548726,0.0550119397297876,8.171299083264048,0.0280548416231722,8.481009615565515,10.979969891845585,0.7108989933674428,107.66272280274482,10833193406.518345,0.0007793880770529
0.8186020847029483,0.0925314061927441,6.122227368226138,0.0676732909441728,5.514712313211323,5.6636207265547815,0.4526891752384306,108.76808246494784,15134384702.940355,0.0005438294708407
3.482616897793531,0.0807321279984769,3.646989805510341,0.0841035387453639,5.921297203030941,2.638429135065101,0.4755970942090534,104.83074737403192,13274474705.747316,0.0009440701202636
2.049470831592512,0.0913700357531647,4.672331767352755,0.0268794830428354,6.466833502782319,14.998985638308955,0.1394520475579199,74.44865879927661,11155009828.88448,0.0008431167615029
4.3655751469460125,0.0641941120525489,8.571152735523844,0.0088786389055058,2.231613387962322,8.112497402181736,0.7966235272114721,65.07376299574099,17528508236.076035,0.0
0.7703691457174261,0.0493919157606624,8.905427965334077,0.0841674885735082,1.5392122347698023,8.76022697685616,0.6732753411376278,113.99038332013906,9287789238.856735,0.0007163181661611
0.4263761611325818,0.0460796117880745,0.1070962148564141,0.0261481108655378,0.6219491121641065,4.542025150146144,0.2458058533478071,67.48791097452184,12906562964.298817,0.000813996706384
1.1539882482147077,0.0898922761620258,5.945668202634769,0.0835974080589927,7.685397795610253,4.725018381867621,0.6272072649678678,106.1751292276072,16133180105.031143,0.0005819914515723
3.021946990570281,0.0776943968537805,6.988193200650054,0.0464963864172073,7.886181827764287,16.200581254796376,0.091259470995494,80.43791029787789,9229374267.130615,0.0007751758214135
0.7522413984729205,0.0599343153203905,8.615881624687745,0.0696658411768629,4.599251690403189,5.329253690300542,0.0176371549752177,116.8004032212958,12149383152.311213,0.0007823343417641
4.383500493296444,0.045073140170562,8.94427629705997,0.0518062400721741,1.0047997821631076,15.115594270160134,0.8097391509599796,84.41739258258092,12770541505.66037,0.0012871194181944
0.3936957408844141,0.0848286086394264,3.568654729012261,0.0822635820253185,2.207595159907356,4.2342000020451165,0.5707886346523616,94.37633091228636,15326656836.885756,0.0007185054520808
0.1834135905413748,0.0800551417200687,6.198435797971818,0.0961884643116166,5.41387473855014,1.5589256040137538,0.2727634112144167,127.5567238916235,13296886948.905355,0.0006940792866567
3.71699753769815,0.0737312972897796,2.79222989728055,0.049397819515717,0.5840510784744413,12.140689682670953,0.1781609057268228,101.5267219300469,16972110933.340357,0.0008366574565763
0.3461584922095458,0.059580870065187,6.7315052203890575,0.0940570551402522,4.83861710183246,2.9490273036012056,0.2144365456433695,118.15456034911844,10402913604.075476,0.0007825948096963
3.7212723549155697,0.0827739699914007,6.4826617217535984,0.0698622572210474,7.718760179738493,5.626947430275998,0.7709847478516231,81.85802413282927,15428624434.607136,0.0005859534622379
3.0232891921941607,0.0776654583520292,1.371613829156192,0.0601400846425063,2.332077990570339,6.889828344312899,0.0784260479454281,122.8409938476566,11664150846.309624,0.0007171834624112
3.3968727326431334,0.073701444144032,4.939080258253937,0.0436155107308901,7.469578809453826,9.237766431009462,0.375038854452668,114.84434677910652,9300524505.382462,0.0005453931335936
1.5392684731165234,0.0356075475474915,8.615794445077913,0.03712679316082,0.4453210198500116,15.636013652930345,0.6675505958161211,122.20542138502188,12851278895.696964,0.0008702315864579
3.744623817753789,0.0910638393772898,7.245959380108664,0.0612917703724001,8.201408635162379,4.739632077138493,0.5281369251663842,72.18282806826303,11409771633.220102,0.0006841996988745
0.9763196529647246,0.0626688655630981,8.852274208266627,0.0833938955002705,4.252316906767832,8.553417294676517,0.3995552899703485,114.75967396685805,10720828450.10197,0.0007652703735435
4.758557630941369,0.0906542429937386,2.3021929102564243,0.0010060466647638,4.88143148802942,19.83513700150317,0.7566335422355004,75.17159036757144,19754873364.5516,0.0
1.1539882482147077,0.0898922761620258,5.945668202634769,0.0835974080589927,7.685397795610253,4.725018381867621,0.6272072649678678,106.1751292276072,16133180105.031143,0.0005819914515723
1.6568585160905989,0.0777032008978728,3.689137018730504,0.0850284819438592,6.778018223401959,7.417415334754977,0.3532388789617691,119.60137220280392,14221259458.830036,0.0005933800514362
4.91378210805287,0.0396534906071999,5.569453407074617,0.026502110602399,0.9313024658064164,7.493521274314715,0.8043684923139905,77.3070742926767,19656717009.269924,0.000882700482801
0.7184751638525172,0.0856049850484862,0.9266399502944096,0.0675906214202497,8.308262788315794,5.556169466459973,0.6713836680919175,127.79640671158776,10415389706.021715,0.0005041839071896
3.068803005008111,0.0967811640488401,8.907513604730788,0.0894197071767508,4.991657246043783,1.3051118926822314,0.3176504821633522,73.35937906830863,13444592203.296276,0.0007199393899206
0.3647644557229542,0.0575041643802324,9.419926157346229,0.0837123517679561,4.476206048069131,2.7891232683533835,0.060014112432301,111.50067673129271,10316958642.862831,0.0005201602858482
3.744623817753789,0.0910638393772898,7.245959380108664,0.0612917703724001,8.201408635162379,4.739632077138493,0.5281369251663842,72.18282806826303,11409771633.220102,0.0006841996988745
2.3817850173099053,0.0905201037519359,8.136831850387177,0.0976473053760606,8.63646278477073,7.70079084875075,0.6511968939815448,77.51756037497341,9844799283.139277,0.000527807174963
0.1820576731216807,0.0800692037210451,6.195370795872203,0.0961963528181706,5.414601009325503,1.5627342880044672,0.272410490733723,127.53585290753745,13295859098.504148,0.0006934849160615
2.703628681486202,0.0647341952876023,6.201129688477883,0.0373844641420234,2.068749045385508,14.191851527495729,0.0772050452062083,120.77776307342532,11277347735.787502,0.0007201673020387
1.0578338075617173,0.0490153315393052,8.102228178398493,0.0804378501807523,5.271381566687147,12.08377222063096,0.0363126144854739,81.48561024866002,11882546536.024843,0.0007766161923369
3.7615001743405694,0.0912792168847015,7.247923740275064,0.0613731410553451,8.140605148463749,4.741668938881296,0.5282111670152976,72.21716687875403,11402817877.40322,0.0006833042149107
1.6118248724349151,0.0572249624513833,3.430329923263713,0.0831660492530466,5.286452542180053,3.633518528122128,0.5061754086932907,102.5005132310876,13016298174.062904,0.0006072530845576
1.0771616734223608,0.090318120326657,4.030480603674726,0.0812042410110686,9.975025816935387,4.999972378856257,0.5318480128251325,110.8643117141541,15108545268.121605,0.0006221680351216
0.6034872195843032,0.0605522484212993,8.472372834203659,0.0670454194564702,5.119625101401954,3.408829298693392,0.8180748381051917,107.64818479414036,18447518424.253338,0.0008004732529556
3.068803005008111,0.0967811640488401,8.907513604730788,0.0894197071767508,4.991657246043783,1.3051118926822314,0.3176504821633522,73.35937906830863,13444592203.296276,0.0007199393899206
2.683385934069609,0.0689467715416399,5.851232100599873,0.0557485416640851,3.8383482633324353,12.44983799007699,0.2658579988330219,102.55279808494625,13220895212.254774,0.00097264111586
4.091985344842452,0.058628967723909,5.888826879935687,0.0878836341514367,0.5307120670029754,1.4698035477796445,0.1257491034070249,114.47328917761294,18401713796.36631,0.0008381607905945
0.9215344844899456,0.0508755319876164,2.464296184696669,0.003252018141382,7.009335130398413,3.0319391227563437,0.0688671405661771,101.23142340336004,12890859447.65335,0.0
0.1591181458715514,0.0986529135827881,4.932494256672601,0.0690631960115617,8.540874080720458,7.6928169718297505,0.1369144380299323,99.2209181621377,14209581613.16436,0.0005617911508805
4.311791038113279,0.0792289909403264,3.1030091623272518,0.0866581260724116,9.809253936310666,4.190619413359141,0.6353068364747895,98.46346281326826,9653692952.747717,0.0008171503092166
2.0978008806817896,0.0951233896227134,4.715467253612762,0.0479826686081865,0.8784680951227045,5.881487353888088,0.2108267310643222,129.06407709600575,14892824685.050465,0.000762401117272
2.401366537426108,0.0637528063772925,7.183005819437874,0.0695850036502348,1.9884442240912124,6.958238358115282,0.6891090850286534,97.68389924859936,14417202294.000284,0.0009691457926718
2.0448568483469773,0.0986968021228715,7.515780122934888,0.035099373312073,2.3512084149800527,8.510768816442209,0.1846584094956734,123.1316214984078,13610992971.5465,0.0011892205799212
1.2701124962191674,0.0877057264949045,9.238944314774177,0.0688814555655668,8.38602498074422,8.065289084956854,0.7113410989970085,120.77929032515974,17642384030.170647,0.000609305457832
0.8722128976800315,0.0479231300271286,4.156974838915792,0.0338437277638151,0.5075924910417355,14.285392479979029,0.2135197021907205,81.2790493648445,14156868051.54186,0.0006866744869879
1.6198588228082635,0.09490696813342,9.8030519983103,0.0982216513846195,9.009517961858013,7.438120500102736,0.462661315163851,113.67402677497316,14898090211.540363,0.0007374407022067
0.3447914957762379,0.0613973278183724,4.6609353612036655,0.0970268512589181,4.779422880078611,1.8744078088823368,0.494557873836341,86.30639766756255,15222893945.536633,0.0006420970656623
1.959140563420523,0.0566464416071922,3.8070260522554142,0.0989475697104904,7.163415945748097,4.252006678729239,0.3223596298562043,113.53503518061665,16942495616.915554,0.0006726159404241
4.043271689312174,0.0684185055522301,9.055769531550062,0.0368490675383647,7.224804687929444,1.8996918966953291,0.3616489198127841,129.112678794474,14054481424.496847,0.0013159401297853
2.59141080427521,0.0996277193318134,8.81111836149603,0.0990561687338508,5.059852217943849,1.258695932674628,0.0424645882285796,63.24547271260656,12474805738.61182,0.0005932014842641
4.842018871381445,0.0889868135569465,6.969867052107288,0.0648650823515733,5.512604365965889,4.221394124360576,0.7218699049853986,106.98778363789611,9703329868.126904,0.0008084277759341
2.569417830885561,0.0993271981957338,8.810665610275382,0.0992825935805244,4.868505046381557,2.125273816101912,0.0509708783051567,63.6460460303454,12213063845.950298,0.000578257875123
0.3408791296104306,0.0580998594082506,7.287124934215103,0.0951442120281094,4.366962780314731,3.718402403531999,0.2551403460857923,117.9583519692028,10202270215.480087,0.0007776308262765
1.241879268455142,0.097604720467199,6.938292396437369,0.0929100864423955,9.770739455979424,2.903242691663993,0.7094483012899591,118.94900409547748,13715688088.52723,0.0007282706062181
4.750582466268848,0.088416571799853,6.974728979110597,0.0939028193965305,5.667107474838048,14.17995424235555,0.1676078764544693,74.41475655893849,12849492919.332735,0.0005567293527542
1.391480920933697,0.0692293075083975,6.881749304057908,0.0821206686354039,2.691638256982996,1.6170197882449608,0.3860333416995269,113.90687885284244,14699669691.9427,0.0008565191814182
0.5892822965189934,0.0926433353729106,5.11588132265825,0.0493676741183682,8.204829271227899,3.127314123126849,0.1479444412156596,110.21192321405616,12099017454.24478,0.0005502504187477
3.617593791938425,0.0603552297558032,8.015557666872978,0.0420716890993692,9.114364892984751,18.02617291059654,0.4266580689779207,98.6872028207418,10564995293.876696,0.0006016508208261
0.5140021280119423,0.0585180626510159,7.576601084037563,0.0938727322368365,4.352690253357834,3.852164991049488,0.269380301873645,119.74087863393098,9999575269.26822,0.0007868119408257
0.696492053481902,0.0630848388482838,5.302348521186436,0.0984016373632072,1.6322352846692212,19.524462622369143,0.8189804978234156,118.76321161916836,9968546621.365692,0.0008509676493015
1.799727241196755,0.0695556496122263,6.249364417129019,0.0989007390323079,3.653495910813669,1.4169201415253152,0.4185282481265482,125.0941197160222,14288646997.86958,0.0006630308013784
1.1124417623421727,0.0699207026293997,4.431295168694424,0.0474531604912298,6.623894916319861,8.761854782259945,0.8019287376205775,98.135821804583,13127267860.98032,0.0006665084559989
0.825522029432503,0.0582991740052365,8.806040432915346,0.0580063171757966,5.877903778509498,5.752413472400893,0.3630186002711554,106.51537370658208,19243142691.927406,0.0009946665116101
2.499911680864049,0.0365172433336348,3.5243478708007734,0.0670925652096657,9.062768110827731,14.056516876614651,0.3239568169891851,88.81457117551032,10217387258.09678,0.0007848226497458
0.5078381664299949,0.0663358343888494,5.064534249511215,0.062299967839691,7.667836091263426,4.309886516959168,0.0265635343830721,128.6659843918176,9376180323.482277,0.0009532950049644
1.4226407884022878,0.0788896433678541,5.415135672860615,0.0626535488563904,1.1140175721827057,19.86899482084587,0.4582267599434297,100.28597427057844,18903128580.712963,0.0007767202593064
3.2575922139718907,0.0656882340827614,9.914200297797082,0.0976875072192727,9.51324387255814,2.3845627670282714,0.7418899907093524,70.58972540860898,16883370393.4433,0.0005850020472758
2.7462363821217224,0.0554288894704352,9.73532520770723,0.061576609536004,3.995011009942549,17.25227566882241,0.3940347738371966,129.18120846352627,10247597927.057362,0.0006878100736577
1.631532750810986,0.0820585513970222,6.954459695692097,0.0717517684545467,5.569816708724948,3.3295878938621093,0.715703819329689,93.73117723463434,18160280796.11489,0.0006911028121381
0.555568546200717,0.0842103754994777,1.4725175679662592,0.0927214012323988,1.1154035697041127,7.016877915510104,0.3856117794308877,115.873179911059,18656924954.69266,0.0007838195603446
1.1536361509047683,0.0898147061338591,5.9152981721641975,0.083361522487907,7.72982094821599,4.691140594653833,0.627449690852431,106.45165265780042,16132231617.980972,0.0005833966319393
2.1187228663131847,0.0697026239647846,4.94736286858015,0.0821421698574461,5.187941250764328,2.33231543046829,0.332969417995421,107.96434265092138,14237836283.771118,0.0007602086974096
4.401890440219852,0.0991035051690444,9.021944398408426,0.0581556368501796,8.143676646859568,5.180916278612562,0.7365176829040321,60.4829111887893,11310704825.715227,0.0005242797996226
1.943406447324468,0.0648576923392779,8.823525159935265,0.0838821332829388,7.510729227791731,1.223262884142574,0.6677519007502425,122.68928514500988,14182929350.323282,0.0007124844027365
1.5726372227823913,0.0882360610458096,3.582597161286674,0.0389616518620567,3.405199140442201,9.67885221663236,0.301172382597185,62.16603985427647,17745378179.79324,0.0007868076192626
0.4385751718130448,0.0558882034784633,7.672263170130285,0.0599931667764309,9.017863789848075,11.190826415489031,0.6662778268771283,89.94710225130528,17991797953.555016,0.0005708949833819
2.9072400227672253,0.0782202823739203,7.023748751460604,0.0976043688204488,7.871802675526509,6.469502451090715,0.6446177913108072,102.92442689305744,11926260385.944456,0.000902605567758
2.9661427470803474,0.0882488332988633,4.418607022489512,0.0861278921207282,9.260242998641523,13.29465906238127,0.0685040775970142,98.4894885060686,12061604017.529491,0.0008863686307351
4.2526544511109625,0.0982568601639145,5.404188006838503,0.0850660625531666,4.393285292246662,8.040502420471924,0.0549180115238563,66.10341604075342,10331059536.400574,0.0006974575617944
4.121019443605891,0.08650297838872,9.757010169423465,0.0549024444923746,4.642489743974149,14.393008821722717,0.3147347857555844,91.55886068466556,14321101226.83498,0.0008792633008032
0.991878644006453,0.0391291583736958,1.7941331791898154,0.0254509136113322,2.4181333162091363,17.53912634876246,0.4539429897601282,74.16549457469202,17220113345.058144,0.000724898168059
0.1111489509711491,0.0757965659365417,6.250877570684052,0.0893149256175306,7.950300779485602,8.32275709137026,0.1818134956952417,94.38210589275909,15384477316.373528,0.0008798282885452
1.9499503096834283,0.0609950817549999,2.2642675399277543,0.0988483983778516,8.118373158720969,9.745818176968516,0.5408772886175242,90.60814510572932,13129397918.223442,0.0006072490030487
3.462071430115857,0.0853621413838837,2.2203702288670786,0.0617259553759269,5.627194962339014,9.208200787096713,0.6065571619613187,85.07113388348313,12067667889.145924,0.0009716517553685
0.5330963992485057,0.0857255249721709,3.046432986455747,0.0690763155610138,5.820522728331032,2.993282394098564,0.0192590611786992,105.18550273659376,13391414728.048824,0.000546500451277
0.7638441697560465,0.0756215826850113,1.245676459918467,0.0879377128473918,2.2308844324393857,5.739497781516135,0.2426143428221141,110.49900700687832,13394709473.418455,0.000749755912291
0.9785327670403896,0.078025273526993,5.160007668980973,0.0369032858383668,8.285474341728863,9.496859480064234,0.1022681730640789,106.81854593759468,13972905957.529123,0.0007526709322127
1.2369301582245622,0.066610351775832,8.880015798059834,0.0635564757006651,4.744215936425423,1.5616722104530112,0.1788319299794574,129.8422843579758,9435235090.091118,0.0007338837738671
3.2575922139718907,0.0656882340827614,9.914200297797082,0.0976875072192727,9.51324387255814,2.3845627670282714,0.7418899907093524,70.58972540860898,16883370393.4433,0.0005850020472758
0.4754171033833324,0.058579513107582,6.844637406421738,0.0996358263510661,4.882656538162643,3.0260412509602737,0.0584162528074416,127.44968198966802,10482722199.38308,0.0010147437408153
1.040616845092833,0.0951774424579627,9.790846450394303,0.0831391174770608,9.887289866182869,6.581103460423084,0.1385880704659504,128.34743814015204,13427330323.03896,0.0005541845315034
0.7109209762056111,0.0901382899644679,3.1411746469173285,0.0583631983071434,9.255860969524216,8.568175099417024,0.7775783930957925,114.0320061488029,13542088710.14378,0.0005150674665818
0.743149650714896,0.0663997112556206,6.231540071902932,0.0858352909038553,4.8763643239473184,2.859719264804929,0.330304355241691,107.3325379292412,13105272153.998182,0.0007930299598919
0.2004312007862846,0.0732196375914865,6.80871011438199,0.0944166948549816,7.10828072475355,7.761833405371572,0.6968153084499917,125.10313252783166,9181303978.139675,0.0005913374145191
1.1761503758849268,0.0544921099861561,7.987458955054369,0.0618795514736202,0.3470821570727714,8.575034457492498,0.4434206271593028,106.79756376229382,14303117564.43803,0.0008158000054023
0.2738485795680334,0.0958218415044591,5.408128376121379,0.089470890368697,5.661710161778491,10.964712878177153,0.5386771112646236,117.81410083620874,13276636403.450466,0.0005728686235253
4.494069212730682,0.0976775011448073,9.329325572063183,0.0888477594262588,9.120209284413107,3.559592773745649,0.6358094912886646,72.50212292826983,9456999948.055412,0.0011470572591629
3.352563921792465,0.0903418029536643,9.427819944094267,0.0577144136467459,3.226339817107242,6.128847994893455,0.1117030552599982,105.12786457603931,12164131034.21611,0.0014067088083983
0.6779840481127698,0.0865096761364855,6.596275993679025,0.0737643350655486,6.731283952433171,7.727248326131515,0.4760139840886981,109.13312316756073,12318524581.088749,0.0006891530080648
1.3200300604330206,0.067076167482258,4.483078501516736,0.0606739551422315,5.983202798862654,4.655672132268994,0.5010078179130206,98.69750043164156,13678335119.575428,0.0005408154433711
0.3947420325664496,0.0702975630129986,7.418928114073567,0.0995171266559103,5.379208984742577,1.5888829572678858,0.2349514854737211,128.76772799760153,13233695909.472109,0.0006729697640043
1.096856311649644,0.095266111614811,9.655307700294031,0.073354092195816,9.462571766252657,5.9545059219010925,0.1604298551309435,127.6246062934654,12538602809.351028,0.000603525645945
3.6888005207453127,0.0651007814416015,6.535499931947411,0.0508985770999899,7.560672239154327,3.645891807088487,0.5575301046234694,92.25585145896652,18206781079.15317,0.0005052795809352
1.382944441814262,0.0665388729368542,3.630305813717588,0.0440026367107108,4.551036410307017,17.493683020106904,0.437655484168717,64.07681494578307,15646634415.976154,0.0005780805528156
3.1436132988374594,0.0818186084459692,1.2617233924306412,0.0276585769115039,3.597316404748117,19.06063212184245,0.6241626624226787,65.79895596190934,18673098684.584457,0.0006904006732916
1.0766766257287437,0.0446973090600017,7.494561637517995,0.0717344339396667,9.572764179251283,16.19569036218111,0.4733128995541417,98.94729098123184,16081339124.243353,0.0005517126905967
1.6032465008227317,0.0774848194915698,9.23468632899968,0.0866315759097542,9.781326471629308,3.127421503669606,0.5738837454564004,122.40037318429896,13020842322.092873,0.0007199635728454
1.572690031817892,0.0881231164697689,3.5845997077815785,0.0385205836487477,3.403956217037557,9.597819219815376,0.3103366495592109,62.24015428553713,17729848633.61045,0.0007801884489921
2.0575882130078997,0.0630208737367818,5.096374767404298,0.0523028113235002,8.96636190030736,17.756787694133006,0.270432088556383,81.82751438432624,15048633484.64848,0.0009500357723866
0.6553769161722928,0.0382429947508922,4.686694359395467,0.0772926937250025,2.236471568006591,6.6795659905381815,0.7246956974302232,99.22561244757674,13127083395.735231,0.0008286709077797
3.482616897793531,0.0807321279984769,3.646989805510341,0.0841035387453639,5.921297203030941,2.638429135065101,0.4755970942090534,104.83074737403192,13274474705.747316,0.0009440701202636
0.7649309054710706,0.0495957238545024,8.970056841630434,0.0849845649924676,1.27323012088079,8.944973840642973,0.6851325512007209,112.33012591854448,9369249089.429169,0.0006856337242676
1.7352369726888222,0.0742830537473679,1.039463370814922,0.0646220287948978,1.1339179516603972,14.528293329922176,0.1911818597263577,105.5045265979122,19714696188.694717,0.000726689029202
3.721391360255246,0.099691270387568,6.600853673075152,0.0991875077508564,5.935772059150656,1.763317371979964,0.1646139863718582,91.96287956946163,12949119004.459692,0.0006671930856375
1.6888254573523789,0.0471938543967999,6.074055265941985,0.0934556170796113,3.995288431790444,2.4277911674961907,0.523376724146208,72.6149343728735,13216056728.25896,0.0005133994739846
2.839000233887816,0.0825136810833362,8.62149288357854,0.0517835847404317,7.250146798899748,19.569371605510785,0.3843980144741481,82.69323806550044,12842600253.336773,0.000843899508137
0.8907202333430329,0.0785428763126882,5.038224198965265,0.0368130927623436,8.262758690292424,9.708708804790916,0.1220515382127952,107.1477986940005,13985580989.300173,0.0007597384090676
1.7131702936328297,0.0549398639341702,5.718616293493891,0.0666790218232792,9.677120995661271,13.770323848213735,0.5276112351376767,85.13726221161731,12326732501.097048,0.0005195896195522
2.048217623256539,0.062298385590075,9.099055972996975,0.0846719686523628,7.317498793942794,1.0724272698947632,0.6594031927155647,124.53580846492616,14023481799.083008,0.0007022573182365
3.873221743833207,0.0653946432875511,8.285019072975837,0.0508746783070673,6.142519313627908,13.842795517382234,0.6446017933297831,121.74692456916785,12787368245.019464,0.0006930545244974
0.2632080263384945,0.099472843480142,5.081280319719587,0.0904132936420799,4.7611705716384245,7.6670224502765,0.3128648292373081,119.10229388489388,15468095205.586246,0.0006273488161829
1.638165017711948,0.0588075845324042,4.325353458784192,0.0719105258561017,2.0369887442367967,4.201710977496091,0.2392881981436012,126.9290888913294,11901993157.877916,0.0006700237175369
0.2883398758076353,0.0850664142547049,3.2367371078160145,0.0329561450183334,3.701534561670968,15.287589526378891,0.1010894029490623,73.28126005159588,19874008839.566406,0.0008355290649526
4.05911987467039,0.0684155232291128,5.2654009678056255,0.0674785064242243,6.007194870689146,6.9387787824370095,0.0635853111163938,94.3577859992847,11987240315.43841,0.0008557387614364
4.4230297219990415,0.0791147515273076,6.921715570108944,0.0509635803224628,9.409641444227276,7.121784885744399,0.7737509189820853,110.64631195000298,10304687568.430342,0.001244792810515
2.418493922000162,0.0916957853218737,4.8431676177397645,0.0394647403394432,5.085726571970078,6.271816544994238,0.5004656749982623,78.6490307003043,15497553735.745226,0.0007045534986497
4.64942644071014,0.0773793681111876,5.7204793568071,0.0101329528987012,9.268402585899354,10.451751709289113,0.7529309654344054,77.23646872202737,19810255038.36734,0.0
2.831099815434588,0.0297126188774546,7.26161151084238,0.0940100855254403,4.571361608053072,3.841961956134437,0.5246538207075822,118.94000879095287,10858989657.257076,0.0008163745047303
2.9456631656930794,0.0731539022795742,7.4216050337275155,0.0239101154071183,4.8251294000791445,12.99137601884406,0.464389686741071,67.52767016253591,15140290168.692425,0.001240439842882
0.3329533750071527,0.0918980572143123,4.84905892573568,0.0853949120985075,5.283172127158133,12.752136309216198,0.3426328405525679,115.02637859504084,15524105136.596449,0.0005062848690451
0.708670320727035,0.0869030731834423,4.368014787121094,0.0977303461095462,4.84956717169522,7.230802928245486,0.4565652318186887,124.25549258673922,9906375060.879229,0.0005043639171914
4.095168106147284,0.0794016516239209,9.31273393522943,0.0757672451307956,4.564283424222842,5.505445334061537,0.3423859317678811,71.80268857598345,9108536768.478294,0.0009566283340933
4.326102912033202,0.0454845404124534,9.74590334960583,0.0583894536666464,6.642544727138672,7.186924701432147,0.5754704618623699,60.79842917531739,9039441033.857246,0.0012870297136676
1.8970802377532383,0.0726288309358332,2.332732257139957,0.0902358288673982,1.4194894570189034,7.781408470407714,0.0411018925502778,80.14441924404453,9839377566.977425,0.0008461959855335
0.2539977428958839,0.0835002681316838,1.5418393713260117,0.0777482466402904,3.248276333041288,17.326580231425663,0.024811349515633,124.3633894951214,15810557013.792992,0.0006117045444363
2.0245333474343568,0.0679861769597218,2.8040790914607063,0.0504796360005943,2.6750989518254995,11.83210111640992,0.093700495342206,102.46840555283973,16959008555.88336,0.0008430755330103
2.733902380343003,0.0969581919559848,9.491224949389473,0.0923824464156008,4.061969583874708,2.718617684364005,0.2262825495031392,86.15723283806761,13953656169.389734,0.0005390089967222
2.447234441716346,0.0600386000508184,9.55692793834305,0.0493456582406906,6.706407903670489,7.4758111989119485,0.7848355761699682,71.37312907670048,11178074210.451675,0.0011144169680558
0.6807649467512878,0.064232400647687,7.428759622925709,0.0681807900302859,2.727794683520255,4.957721652270855,0.3984202972185705,105.98742253360666,14521114442.091228,0.0008626168340115
1.1977322916431266,0.0486773518824527,3.813782889255698,0.0421690930229553,4.9839122601287,12.663978301235428,0.5788161869673093,103.98941400315324,16668710873.45587,0.0006918581042162
1.095531667039593,0.0951537374519927,9.65927672060218,0.0733926463341904,9.456204046869663,5.944740933005572,0.1608778266595656,127.60677022438594,12537853323.3749,0.000603990586553
0.6998856977307865,0.0800221540992093,6.41249247311769,0.0880343976952312,8.817924073211612,5.327204313882583,0.7857691257461099,106.99312674549688,16893930177.741863,0.0006654155467455
4.997267913116928,0.0918830744560014,9.374851648691306,0.0866973764889584,4.4698799950105625,5.363415270869124,0.5263511627977312,75.34168030289992,10673714939.766994,0.00061815199806
0.2085390865406174,0.0863551185049342,1.0191312539958584,0.0422099933838099,7.18439912557606,2.248913384759149,0.2856423355196611,89.57068592273188,13874372398.288803,0.0005330225870526
0.3932541817204317,0.0952259040655635,6.683211600642212,0.0982651352665466,7.977546473723763,2.799105274992989,0.5027614022089164,99.76898352987536,15848986301.784569,0.000699574201299
0.157716601949218,0.0811900930151992,7.036084142568924,0.0875222038848465,9.151524114817404,8.205058212136109,0.7540613133191628,123.5470519915557,10989397594.692797,0.0006340562635971
3.1436132988374594,0.0818186084459692,1.2617233924306412,0.0276585769115039,3.597316404748117,19.06063212184245,0.6241626624226787,65.79895596190934,18673098684.584457,0.0006904006732916
1.2700823802668475,0.0876820493330534,9.238657595729627,0.068881055846743,8.385842231028033,8.063109067029954,0.711271329372002,120.7719763158996,17641227083.519127,0.0006093286679176
3.562682052224634,0.0931196480819527,5.604245859001255,0.0626774390373174,6.341748719321977,11.138698652939084,0.3325926317949242,70.20459160355156,12943547852.328115,0.0007582224028573
4.555440689386817,0.0956726636507583,8.724228455695862,0.0484664544370228,0.3286622471877279,13.348468847322795,0.1207066144278083,71.96107314396433,11897867815.076424,0.0005543319087708
1.6527790074186073,0.0596870673257171,6.004711275423475,0.0220438039181874,7.270338928183391,13.06582582263984,0.8319867814819709,111.04343654150476,17252865760.45656,0.0005743483453422
4.160017015858716,0.0794359209620643,5.430629856362844,0.0417925665653332,5.480256274793431,3.081842521106776,0.5813459171065419,93.725117163304,11446339640.270994,0.0008577298526231
0.9765322886477966,0.0779715129368692,5.153268642625206,0.0370524344565579,8.28428924758122,9.470086658833976,0.1055892671833202,106.8295112160015,13968577141.046455,0.0007520267398083
0.943680114641221,0.0161264669367547,6.571388692077276,0.0994455402021194,1.3348066828297522,6.94996759914039,0.1123391285312289,116.30017598705214,9689261722.116142,0.0006995120262848
1.3740302112676983,0.0911015119939845,4.423860165580471,0.0900542156026233,9.182957438764117,4.901196597366301,0.8143555375604784,112.8945366893522,16954308454.287111,0.000575348533095
4.30379201626285,0.0983645988120325,9.981091524952896,0.0503576146789683,9.420446209460929,18.051757620510127,0.7536409089040762,72.63659138685738,9024607241.823437,0.0005570962178667
0.4223855508375165,0.0565088125149304,6.943325425734446,0.0868109064741642,5.253976851693546,1.7794440942588072,0.3254164607627807,103.26237544400458,11495336328.412764,0.0007073629080306
1.1943540795980645,0.0991137728428964,5.48458781004462,0.0712704379294335,8.596389552220312,6.91045854602992,0.4114295547642528,100.43556630664048,17702742984.49785,0.0006289961553813
4.907152429631942,0.0707530817161598,9.102060182311613,0.035467589747468,8.334412083376016,8.013593381356554,0.8165935943436182,63.873784230841,10322745593.492374,0.0005254666318354
4.155818729869743,0.0758052090996797,8.252930494404913,0.0482752012974206,8.298859336275054,13.478773509383238,0.8067548970361355,80.53004785734936,9424999096.837292,0.001274191051263
1.8759410882030243,0.0964776333572526,9.270215981973156,0.0882167313080505,1.6662040871465529,5.732283220232528,0.6504056853495758,62.03870883324127,9092459090.459068,0.001045731782897
0.5313322252325089,0.0667646724494945,5.029099369874976,0.0632002799813608,7.567998241061146,4.3346209359111,0.0321072320624664,127.72869935784722,9287369868.03749,0.0009521105332984
0.8186020847029483,0.0925314061927441,6.122227368226138,0.0676732909441728,5.514712313211323,5.6636207265547815,0.4526891752384306,108.76808246494784,15134384702.940355,0.0005438294708407
2.760964480890725,0.0707051856524218,2.4895571832658865,0.0809215059350482,3.707735276681235,7.237595328592214,0.3958249202314038,94.88473897895877,13169728928.795609,0.0006431922759453
0.1095927965887785,0.0616887309300048,7.830776889000845,0.0498035753615328,9.63112219906758,11.979590645569814,0.7926398850540188,104.74947296913712,17681707066.22891,0.0005419047905378
3.0636498262782768,0.0411727498001339,5.633670685310321,0.021902890766623,6.299221503674804,11.520446272917075,0.2154425570820143,116.96751945340826,14404959145.584526,0.0014580531806042
0.4586914606067946,0.0221201280893164,5.912925543737272,0.0227048150595634,2.116072906244488,9.35598461899542,0.0724257108409258,65.2698705013691,13253000899.833223,0.000527018410685
1.059418731668704,0.0679718098780012,7.900653626980572,0.0642680393114738,6.232703378367419,9.817209085258432,0.7847814615006956,126.84484882894635,17454033051.92651,0.0007433188994288
1.5730107877971538,0.0899629720092944,4.175516147968695,0.0334644683799841,3.5651954967888035,5.611724834757901,0.4634420463895652,105.01405304111226,11787073176.935322,0.0010515565212645
0.613238862208155,0.0468886144100451,5.7093933609794085,0.0851082908330524,3.164292210874573,5.646946207373338,0.5088554663011564,108.53101355865084,11659938408.65804,0.0008087999381524
3.499233801906449,0.0777478406199065,8.690327923556143,0.0805050552650528,8.929179124803078,3.4969970683000504,0.6446477603354043,71.18794771108966,14310604370.210598,0.0006319119548009
0.6408027901549499,0.0591626376913355,7.007815610622412,0.0830767187057552,4.895272883847393,3.6910268722044446,0.1198346037531249,108.3201985799939,12060782024.09628,0.00075776941016
4.284350179351538,0.0908681466004252,2.967385732228069,0.0525193972382588,6.913716306343414,11.85670600262213,0.3661560479574386,120.50538711229156,9068034326.400656,0.0006316475972735
2.3569990695365632,0.0963457267722214,7.681222899778298,0.0151593317549804,4.703972553178994,1.1839464631330012,0.2681546022821337,89.34010832018245,17367751525.496807,0.0
3.142451647517256,0.084325377270212,7.647113347326552,0.0616985061759042,8.963283665636416,1.8179985107492984,0.6952351556095161,73.18712156361612,15916617840.53162,0.0005590495917626
2.448913519830153,0.0698392595327909,9.848968463688268,0.058750638890035,5.234989137142356,8.371399188402792,0.782667406416411,102.1360590356818,10063503977.485975,0.000726698867735
0.7054347014049109,0.0821543344573303,2.0711503064140837,0.0624264679119452,1.7609845967613271,11.721668502183617,0.0752785757354381,81.7198308283747,17980117917.135365,0.0007321830351148
2.3201912724765847,0.0726581814929484,8.846674553545927,0.0260729899808478,1.5552702877032716,14.985266282406483,0.534176475856857,108.16735330846566,13764147820.214533,0.0012303999419654
4.834182317981343,0.0889159791463038,7.590467524518838,0.0552162619129797,5.440481091096866,10.60498504518608,0.5428608490042962,106.17322628960858,13277870223.460333,0.0006459355404721
3.97695511468038,0.0765412200303841,8.965152389737433,0.0190553741894837,4.133041735750186,1.0622141942375534,0.674623530500371,73.83166802025377,19873230166.582764,0.0008808727917118
0.6133112824229855,0.0958669501907179,1.295136954460032,0.0640667346779633,9.171856312077155,3.690706901641544,0.1667898448598281,97.25561899797272,16371638373.507095,0.0005175219121587
2.8573148170952103,0.0961457989111383,3.4151671932753187,0.0379570733184096,4.453406490654918,4.38999249114433,0.6146931557956195,90.87684762277554,13172198948.09988,0.0007954008179126
1.4373346543227927,0.0989863310883813,6.868301536385454,0.0190100067310448,6.737162473341594,15.2596052897253,0.1915397507912466,70.63271036177589,9816417500.180428,0.0005892765272496
0.1337475519420963,0.0862451826264641,6.791017808691095,0.0878375886484795,5.174648218646207,3.890670418723252,0.5137943960888561,120.00966290728428,17462296280.5973,0.000604927817491
0.1748388813756174,0.0620711799112161,6.29959921405806,0.0956908769984286,5.1649801330962735,1.7975402052906244,0.1208922003559082,119.22935559038103,10574779409.28321,0.0007696176351953
0.2089339815794544,0.0836512383262186,1.4018450647739804,0.0990006094593191,5.752165911974486,2.6873266762195414,0.5337157199120087,117.01207523623864,10737338241.108582,0.0005485682748973
3.499233801906449,0.0777478406199065,8.690327923556143,0.0805050552650528,8.929179124803078,3.4969970683000504,0.6446477603354043,71.18794771108966,14310604370.210598,0.0006319119548009
2.448783226935043,0.0342018097268049,1.7120842484469885,0.0515468194946862,8.942968916612607,19.08925924899337,0.4869995725571435,108.24239208727182,13601255218.508144,0.0005153902045731
1.7847160449243011,0.0654837021116232,5.365870633461388,0.0703265386570314,6.02990341448,5.841838140771276,0.5043924464880074,109.11016812365564,16034845687.428867,0.0006023126215352
1.5149503994957945,0.0638589108053755,5.950770835422309,0.0749508433331645,5.299020621138532,4.388168804070858,0.3323001264075249,76.84764628874873,12035530360.690786,0.0008365607545157
0.774835081695281,0.0881901481488825,9.355032728981447,0.0224844592985691,2.087793292487033,9.48306893249014,0.0465153118325916,118.85536365371568,14590626221.93152,0.0011521881236368
4.376035397316195,0.0952450791217005,9.450892559807182,0.0783913080544534,1.0793342655374487,1.4812677185584704,0.1706438897695257,90.8867236720626,18163167195.71512,0.0006552708086119
0.8788503690230061,0.037599388519911,4.573819949371005,0.0795780630212572,2.160671635018105,6.66839580434138,0.7138607273669534,97.87692575804336,13097149813.2053,0.0008178525415273
4.883558411254505,0.0730444507862115,9.655857855945916,0.0504342813939953,8.047731842354587,5.195492730207493,0.6363710686769513,72.21833317172596,12375897631.502916,0.0011576786998577
2.698115129840972,0.0882584464092512,5.268916614576384,0.0976808725062589,3.707286266422315,2.008105477817048,0.0748326880223686,103.39146614470634,14521053363.426414,0.0005530513866873
0.964873754982792,0.0348672521006738,7.919514434814037,0.0920632586869529,4.150332119864126,19.50928566996652,0.3178307105490949,93.74443551482244,15038833054.726557,0.0010319408153466
0.9761432567126892,0.0743273525070808,5.271532186585315,0.0956522024601784,6.573613297993968,5.251673439590436,0.7766926726998594,107.22197091000083,16248345212.766373,0.0005916972060181
3.92371191284456,0.066249838091346,2.88322584583996,0.0312545799311195,0.6830883327068825,12.11571028054094,0.1198280940894917,87.45168578500402,9382544376.794847,0.0009280991118263
4.527017992128715,0.0869841080622214,8.639188259488126,0.0034635033250891,2.1885023982846112,2.7372463515857746,0.6339207228212964,68.26111372770093,19126850797.14933,0.0
0.4564754207053654,0.050142431498159,8.288813223922613,0.0298048078023582,7.058944699634774,12.627323215560931,0.7362235904788696,90.45032946982565,11786114240.253445,0.0008372951921771
0.3940075165611034,0.0821907633902614,2.098973757900743,0.078225766417159,9.321310158685865,8.505658967451023,0.045588708067787,111.82433079944548,17188480559.77828,0.0006197479662489
1.1943540795980645,0.0991137728428964,5.48458781004462,0.0712704379294335,8.596389552220312,6.91045854602992,0.4114295547642528,100.43556630664048,17702742984.49785,0.0006289961553813
3.234965971475272,0.0766141564979667,8.116710155673521,0.0446816842811823,5.077429598682525,9.437106380043987,0.6053476219144377,100.98020797144596,10875453277.891151,0.0009335943460176
3.5073530087818807,0.0920633758255296,6.755505762857039,0.0181470656211671,2.72141900444227,17.81093874981918,0.1625775822234412,117.06153067075064,18549777242.704,0.0
1.2012136207792343,0.0948600124325986,7.626044251274176,0.09533149492476,4.605221134311942,3.2743612419093875,0.3158717682288315,78.96320130550511,10189950038.83067,0.0011278210537682
4.15945545478502,0.0891876859877642,8.71619161008675,0.0684140361088326,5.456701816609393,13.59021249319798,0.5141443261928832,113.4848041957,12853390189.986776,0.0007119300003525
2.59141080427521,0.0996277193318134,8.81111836149603,0.0990561687338508,5.059852217943849,1.258695932674628,0.0424645882285796,63.24547271260656,12474805738.61182,0.0005932014842641
4.575170804924232,0.0812803867837473,7.114100433582055,0.0060290694306525,9.4463986976654,9.347838894497125,0.7278962047814114,105.62538748018154,18496400502.06136,0.0
0.7540343067624403,0.0590785667857585,8.20449609131076,0.0411752425048811,8.539630979487601,7.137996535376315,0.4000078513233434,95.34463221129404,12909433923.744564,0.0006206051207416
0.6802103356399326,0.038542339151135,4.667365952894495,0.0774170122294628,2.149405778704708,6.708600668814411,0.7214155478093806,98.95649159702808,13095706358.56953,0.00082825709683
0.7883276332019221,0.0439496698409391,7.807748856545755,0.0895152727278549,3.992362552579727,3.2930055985344757,0.062401298583393,116.14809974457674,10341502682.49294,0.0008656176356046
1.0807876243461187,0.0831497355424498,6.805173322554779,0.0976124283327233,9.443930388342231,5.256053785607891,0.5258277074705578,114.33157880003743,13214862251.837349,0.00056554679632
3.664507756148812,0.0937222033074791,8.099379923694451,0.0235283875561496,8.328122572453632,19.3781465217067,0.0423200655519951,67.33979483906381,11542608261.21928,0.0010391467343749
0.4541458218689589,0.0650325657238819,6.206841268293148,0.0872800441434124,3.5291391381288677,3.105575336162014,0.2068741113209099,116.17636640450912,11278705199.839771,0.0006985793711533
1.37841134765905,0.069827386589375,6.785584754204248,0.0834969083836389,2.6906565917529948,1.9121641400650955,0.3947399851223838,113.9606195161637,14600503624.146042,0.0008500182538037
4.721569163655701,0.0909864970630657,9.435859277245044,0.0414678918213992,9.413752380098222,10.674774571196584,0.6745331689482303,102.60259610293092,9056458764.025415,0.001367637421886
1.3933666545551038,0.0728220625707682,3.6348927478765742,0.070784854235062,2.0091102182101976,11.56006874257195,0.6437906418425922,89.38130289774271,17012710163.902164,0.0008157295228011
4.694891827291931,0.0812130852958114,9.705682114923333,0.0467722440215773,3.7141413158181686,5.484917706949844,0.0716209637200455,75.79593477537499,15325550723.19666,0.0009104421343343
2.142448736018653,0.0662168908330689,5.949966674981555,0.0648111632871192,1.6191332511216463,5.516637916537219,0.3893245874577353,69.50231616826748,14132219379.393192,0.0007423727573133
2.137480775196793,0.0508754467306829,6.280840298253107,0.0766922091392306,2.580348671785422,7.6746739676253295,0.8287348961001676,120.24453760453588,12892970256.72255,0.0008217377616266
2.517066555760996,0.0473896089449419,9.034166894797885,0.0597061444177475,1.8395717775655975,2.7446527805014327,0.5845325485983067,76.41399248435444,17912403582.182514,0.0007722899778
0.157716601949218,0.0811900930151992,7.036084142568924,0.0875222038848465,9.151524114817404,8.205058212136109,0.7540613133191628,123.5470519915557,10989397594.692797,0.0006340562635971
1.3778462424549676,0.0698281120683748,6.786718980587166,0.0834961669654028,2.6906717151516246,1.9116490333460263,0.3947970238008172,113.935136256106,14600134907.84376,0.0008502194635567
1.1995759950433589,0.0904105822399233,5.819133615850767,0.0632529658250051,8.75502641044006,3.5617494584469,0.3872276328218927,115.03934940617532,15601601738.918318,0.0006637352506072
4.501227743565947,0.0963221418941583,7.1301083845934246,0.0764212294721626,4.573299845829312,11.010859916262184,0.0857987063683606,69.82855179271091,13880797691.078815,0.0005132939673878
1.5355494831688654,0.0880950325062242,4.003235291021729,0.0656855780064496,1.4241827076254276,11.378008727659989,0.6954085324655216,95.15740627260736,19762764389.994488,0.0009580224456462
0.3940669998409923,0.0464772392203125,7.41675826945114,0.0984853539906863,4.258874836005989,2.6956563147188684,0.1830811200719451,110.18282760526716,10475748446.100306,0.0007430598891845
4.496932537263649,0.0844968741770609,4.739943989980712,0.0873260379180418,9.40085392596593,6.400071233446411,0.718587743743109,116.28028762805994,10223907810.384209,0.0012064221554259
2.467565611665043,0.0553206761279514,4.848284235846313,0.0766161083402455,5.061142353203379,4.9487991535240985,0.4394321778043317,126.86842316691234,15789168440.966908,0.0010071496910627
4.831000722533095,0.0963119089286288,7.101681057026545,0.0746489669349262,6.049756302843544,3.289258296129694,0.7791279821970991,106.4507872620462,9296969415.94442,0.0007263811707938
0.2071520739425722,0.0413715980466913,9.436710224121736,0.098189083572959,3.8771303685420815,8.491720721860482,0.2790523670011813,117.17231015290912,11404236801.695076,0.0006181433173529
0.1303661841337366,0.0920174157615105,5.532603415630255,0.0864167514920928,5.164661223219512,14.145461865432065,0.7086412248168479,128.49830486800926,10219224991.05275,0.0005339915870277
3.6284862841080936,0.0897823371465425,3.1599390396434544,0.0821658496825017,5.78029415560652,7.894899706506289,0.2725707111953289,84.46635396051119,11098508188.088049,0.0009254716768472
0.9524727303926388,0.0392165420925132,8.97535388700752,0.0850515229336068,6.580275039086447,6.401122797605802,0.1361391347231179,125.99952458398624,13513970899.308825,0.0005309112865633
2.733156111976192,0.0986329528280797,1.102694678203285,0.0859418009581682,6.521848905323328,9.081457168369074,0.0148107481001509,94.2122169770978,14098242405.667393,0.0007624935418597
0.1178086752925228,0.0435224441139826,2.730872530433174,0.0399372629601956,1.483819970080012,12.478073527348352,0.6769374568380817,75.48615572012939,15251944536.693745,0.0006744361013111
1.1381054277450633,0.0897248581103531,5.934848935337498,0.0837510273345914,7.7092683384629215,4.6750535395759805,0.6278898906941075,106.5026741721136,16129205941.017874,0.0005829053462797
0.7200832444237265,0.0489982571676375,3.332011364544777,0.0409244088318729,3.933327000888572,14.02480335255124,0.378248452521585,70.94271805207636,15744015143.354343,0.000650682700043
2.612352800530624,0.0535321212713605,5.961579597804947,0.0939367272409207,3.783372360745353,16.970744737063438,0.6045743746372441,115.04311553841772,12140458069.6541,0.0010590967538801
0.5211233348766252,0.0671541024251018,6.214162100229077,0.0794742027536953,7.4844161040736035,2.9699240142006724,0.0983021417259075,93.81505163541962,13896683363.044697,0.0006561450299799
1.0598200540679823,0.0571522763266949,2.067896410569878,0.0853341590241183,6.273393647019546,5.527734556847546,0.2071797574841291,97.1082103423873,10084570764.234154,0.0005372173207764
2.091931212014344,0.0662261706669269,6.415775863066723,0.0723829059182941,4.49766997611373,3.5415968642585685,0.378277261191269,124.020539452989,13774630074.63234,0.0006452728988802
3.748604789089655,0.0916135037759911,7.247486184976145,0.0610131513557151,8.22451014274204,4.743354923481016,0.5299571245800737,72.21176633573228,11406430689.6618,0.0006845807559244
0.951044061610256,0.0614426530079234,7.640956428400143,0.0354752519334169,9.31929798726121,13.234167379297686,0.5162096840244318,79.92038068621648,14763256466.321268,0.0005957820756279
2.130330999748641,0.0736722258942683,6.681195167909468,0.0288416973066436,8.665424743347446,3.174568674010121,0.4116176116558005,99.5354541387636,9670042742.947927,0.0007164169119066
1.070489707686184,0.0652879164804637,7.70502299719314,0.0582339502903959,1.8514070930975368,7.592871940860348,0.4792921270048942,89.55748458693941,18586332461.330013,0.0010164194544666
0.7382728394288786,0.0415849828184219,7.810706383346526,0.0452002791423095,6.497988209625888,4.602834967171393,0.3064106227070888,100.4073110385202,14744093150.487425,0.0005158579335149
2.945362416540495,0.0725713303477014,2.5605342672094165,0.0379433791455843,2.708908458437706,9.548332422585029,0.316002993470196,95.48431935094648,11973700047.60823,0.0007348502657806
3.0232891921941607,0.0776654583520292,1.371613829156192,0.0601400846425063,2.332077990570339,6.889828344312899,0.0784260479454281,122.8409938476566,11664150846.309624,0.0007171834624112
4.682206161228604,0.095567269100531,5.653885634208946,0.0568511347797939,5.362960452661894,4.975178378873121,0.6568186169932636,106.65385651276377,11241385400.192638,0.0006972018054335
3.531150886916755,0.0546032886234529,5.445931199786072,0.0131606731634696,7.43874163184304,1.1419745544905204,0.4496861048756815,73.49063336598286,14467735803.131151,0.0
1.0841108863689588,0.0708888169644396,6.709336487009068,0.0765176321266829,4.67364508110232,4.086052874452775,0.5143566376798695,99.386721302795,15681976212.785612,0.0008151346744526
2.142448736018653,0.0662168908330689,5.949966674981555,0.0648111632871192,1.6191332511216463,5.516637916537219,0.3893245874577353,69.50231616826748,14132219379.393192,0.0007423727573133
0.4541458218689589,0.0650325657238819,6.206841268293148,0.0872800441434124,3.5291391381288677,3.105575336162014,0.2068741113209099,116.17636640450912,11278705199.839771,0.0006985793711533
4.77130532176988,0.0901334570751843,7.041956803767362,0.065218675210763,5.559650057289545,4.21246133376109,0.7207376021122159,106.52628584881236,9713023788.396662,0.0008083091094634
1.097914354460081,0.0904938255051747,5.803017924294922,0.0829352814533625,7.757171322885815,4.563668942182859,0.6248537959088002,107.93002671587564,16014693616.70413,0.0005826316507519
4.668648052892092,0.0916892867348355,4.026564604642538,0.0347361516778774,7.816750622352978,10.783161017064684,0.6685702834307798,73.88396627435465,17921776556.96766,0.0005860772588287
1.253539835655913,0.0830363562309354,7.699427775416018,0.0897579847217077,9.542444358835558,4.366420366334843,0.4053660980819397,110.4821605797088,13054038923.648155,0.0006330584530872
0.7245175274000399,0.0899023579306926,6.096031182499831,0.0996749566607836,6.575569543432948,3.36606282005082,0.3532774900810982,120.40259446203372,12820860529.35387,0.0005096756451442
1.8202433154868567,0.061444336102129,1.992472132406416,0.0567740184743475,4.2437818102884455,8.913363343973465,0.1132583893187915,96.98997632534056,16399058379.271955,0.0008939746442931
0.7054347014049109,0.0821543344573303,2.0711503064140837,0.0624264679119452,1.7609845967613271,11.721668502183617,0.0752785757354381,81.7198308283747,17980117917.135365,0.0007321830351148
1.9259917769080843,0.0780862734475177,6.341709246732799,0.0939685681031345,4.484989577097646,1.4277855012632044,0.416538750718166,122.34029406601954,13003821361.50462,0.0006337428379766
0.1443298922009654,0.0892771114852434,5.414300446722065,0.089741282024405,4.528335146588269,6.369198980213104,0.2348992024126138,129.96948709233135,13673724913.32497,0.0005462869560044
1.4948063584914464,0.0537150404901615,1.9687826354573328,0.0187212313689511,3.2992438456297544,14.103265115250151,0.5697426057607421,91.88290141032223,15316616319.166388,0.0
1.3130511797280542,0.0237945375194551,4.470852777548172,0.0814012592439591,8.11948014078113,1.9959937031807096,0.210068988012716,63.70335989816356,13565478936.249285,0.0007157798189832
2.065987418071949,0.0519253539615415,2.878001404251223,0.0562282133482797,4.747566051638194,18.419209731145767,0.1934810378923367,96.65041698392704,13357426117.45569,0.001011294604
3.630695818235803,0.0703296670690959,6.404173526856521,0.0421925361119884,5.452232150364821,10.33779353090941,0.5615590668817563,64.95625017896646,12842208716.738274,0.000706498415218
4.16490358999633,0.0958911970001097,5.941909374343172,0.0887063235329201,4.756825809980066,11.288906847571893,0.4742207512095556,62.13157796474696,13413932845.552391,0.0005465583697195
0.6555321637300716,0.08024931942462,6.825313873122243,0.0863741628591382,1.363559134797163,3.6909841460318273,0.0618649931365963,98.28306747317852,12969919892.280052,0.0011719020472995
2.245398710023094,0.0907275938980821,6.682587056416841,0.091830679147361,6.778507263299578,5.455828300918863,0.517564683055657,96.9914831263641,13285989402.597918,0.0005624823942344
3.2717063537195545,0.0927293096917829,5.779554605035467,0.0949724392389996,8.37579121701318,4.913633427629431,0.3031447691370634,122.21316118754802,19400637278.68886,0.0008222168915134
0.3298579327626355,0.0467236918778879,4.601543592664946,0.0993123810040699,7.512535086524825,3.604442278517147,0.2666039846379421,121.54298659169652,9092471134.896408,0.0005950271896005
2.610549594177124,0.0837416129043175,6.815371518499066,0.0582785875649147,6.101351240851773,10.638498415948376,0.8043269402401748,96.13050327531356,9186376588.953804,0.0005957054634609
4.621796879412868,0.0919925905414507,4.02596977923284,0.0351332565719524,7.816254372967364,10.78056757115657,0.6655520827795954,74.03459457893479,17912187535.175873,0.0005795437242168
4.359311194631956,0.0878356594732663,1.5810404206620354,0.0875921328561608,8.59504143214284,8.49022779919838,0.6594290763717927,89.75738431955747,9373687235.96371,0.0006813698010372
1.073345118483781,0.0900888512471231,6.026057697486806,0.0845536142331862,7.659711159948472,4.775917931966936,0.6398531627877584,106.62945580243988,16065756220.48398,0.0005859385040911
0.4256437559114798,0.0449930408758464,6.543991321789595,0.0673909493575179,2.435048161588338,8.474442825372956,0.2348556770778287,109.97379905461544,12275042006.528208,0.0007638572190736
3.454509419427773,0.0558569572623442,2.765288195481188,0.0433692120051777,1.4810350741746547,8.594190738649832,0.1250736894429993,106.57456398150264,9673506211.131607,0.0009089924404294
2.5294589620330625,0.0395831775600087,2.555434757873612,0.0389807354493482,2.7795864160025423,12.43677872460676,0.1140091595066561,129.7538380705459,19097827544.858814,0.000898418357488
1.062725093778357,0.073493532419796,5.869285918694453,0.0573298096086166,6.180457223381474,4.959379189884386,0.4186729511833139,106.59033792240106,15066991461.95972,0.0008970797271456
0.8473438232919317,0.0654433249879235,6.857777748724619,0.0725319346496276,0.9387136602125524,12.18014539061312,0.5875622967683733,102.82254570901868,9403523389.725355,0.0007714905977028
0.6133112824229855,0.0958669501907179,1.295136954460032,0.0640667346779633,9.171856312077155,3.690706901641544,0.1667898448598281,97.25561899797272,16371638373.507095,0.0005175219121587
1.2311815088089617,0.0807743794808842,5.155154260982169,0.0733156810470728,3.5259279505615115,9.198578480541732,0.493160178165554,110.94429978782206,16542275981.67793,0.0009723572742739
0.8607098605638521,0.0815097349847245,9.457637186380044,0.0121474012286861,5.87858579140324,16.94806710732414,0.8190825899455934,72.8435182081372,17400252890.499237,0.0
2.284428015191937,0.0928749626719064,5.376901632427983,0.0833712822717231,6.324386658248708,7.880161117453661,0.5257784323460459,120.85217695614588,9081008298.2493,0.000812668565488
3.774052241654589,0.0990461191917397,9.835728842177764,0.0141659999919313,9.732757128873072,15.469492833370394,0.8296787013844704,69.18669926123968,11863684076.009794,0.0
1.425592395747007,0.0648331851381458,3.531449585865385,0.0937090275600839,5.38477501682735,4.019910047847197,0.5915582810588185,108.8170103110152,10918356071.981194,0.0006175907721489
1.1097363484485994,0.074082552865551,4.874691396378107,0.0586396402005556,9.748166995384612,8.859795592902426,0.7849084597051075,126.03155592916085,12328155411.027027,0.0005070462810557
2.319762516342338,0.0709684499071509,3.633271951457425,0.0251964293632293,5.5618361962535925,9.087844585628003,0.6643136912779072,96.1124511822625,19420697898.58176,0.0010572562793926
3.053258956418852,0.0916139794488635,6.80088923699211,0.0463814463827987,3.280681810598084,15.87997734642216,0.0580145087191131,107.14371489992315,16507996015.66329,0.0009811544081227
1.7651898197026108,0.0545634864460232,2.5840482370776763,0.0722122609902856,2.056693218077372,6.857337409423145,0.0412654116803935,86.6892734364366,11124708779.770874,0.0009565677896721
0.9976752422690156,0.0910422579654355,5.992180958555747,0.0840987526296737,7.7947226281926785,4.776782490265365,0.6388223232139623,109.11230172806552,16152434958.951723,0.0005691516959255
2.7567380014946767,0.0971892128029008,9.50372741583866,0.0924741738056506,4.040797743447345,2.63523863212503,0.2256034659194021,86.29763778123842,13937558002.890402,0.0005355259396568
1.2700823802668475,0.0876820493330534,9.238657595729627,0.068881055846743,8.385842231028033,8.063109067029954,0.711271329372002,120.7719763158996,17641227083.519127,0.0006093286679176
2.1197715876098715,0.0736252744420348,6.576059767739609,0.030765734406493,8.959889833048436,3.28665830309048,0.421330096565515,100.17765524915916,9707275462.797112,0.0007141943072034
4.385492526724602,0.0548441185462638,9.789431435436168,0.0272338361660917,6.656026613386395,8.751608558662642,0.7009038515418947,71.45834077701113,10219352052.273172,0.0008510656680082
4.091985344842452,0.058628967723909,5.888826879935687,0.0878836341514367,0.5307120670029754,1.4698035477796445,0.1257491034070249,114.47328917761294,18401713796.36631,0.0008381607905945
1.9627567444404896,0.0827489185839567,6.101723258473004,0.0773765174473215,7.835390008058447,6.307977114430454,0.5478576756753372,102.76238614074242,14079601148.8014,0.0006435735216005
2.505440920038,0.089103802559553,7.222875123974531,0.0492256739695266,6.469615490747679,8.60761357502659,0.3965223603084403,84.33583264699121,12016977774.640663,0.001023605287211
2.0441589955074493,0.0878634422775502,9.626118424580838,0.0880073293042018,3.2491377820488063,4.514636829999153,0.2166201075228906,70.94171800391145,12483701580.97446,0.0005136024694936
0.987119399829521,0.0904821609719546,4.3030825478908366,0.0809739608782086,9.79447747070362,5.065528406232676,0.5195072410411083,111.33050017772403,15292489179.976557,0.0006076314389701
2.5074054956449587,0.0916525987452079,5.407897211593014,0.0740264011616113,3.970319960091616,16.96098280207802,0.2425722088443071,92.06660212582558,10215116242.19786,0.0008832376396885
3.114039621465111,0.0764791745739658,9.206687679855058,0.0420609306132402,4.440436220876569,8.564247127187377,0.6280685631914857,116.0973068950342,11068019239.596296,0.0009702644732341
1.9607235565010508,0.0677714970432548,2.659261538533967,0.0505492381047658,2.7795181309578205,11.793328548206254,0.1029105599563943,101.96819202243732,17011007653.907145,0.0008462407272491
1.1536361509047683,0.0898147061338591,5.9152981721641975,0.083361522487907,7.72982094821599,4.691140594653833,0.627449690852431,106.45165265780042,16132231617.980972,0.0005833966319393
2.5374946583486664,0.0468279696410348,6.639972837784251,0.0829617748973055,1.822038328370164,7.492182671708957,0.4432536809826006,83.37100392443519,14724137037.63429,0.0014525032789199
4.757386962495867,0.038499962751206,7.15052568114506,0.0640720030591755,0.9209421783699074,11.610992622103463,0.081067449847402,88.48505177011722,15297886016.72179,0.0006325158905791
3.477047163345005,0.0394028328843898,5.559424972133952,0.092415034289286,7.367736522002867,1.9953669241308676,0.6328302562692532,91.69876134526638,13937243197.977575,0.0005241716737611
0.1276851423993079,0.0903481739386577,6.163338246028973,0.0837875056166141,7.70711081049146,7.076148885232613,0.238591395048311,116.00887176710673,13821542205.28625,0.0007534874370613
1.137341414063458,0.0871324912115682,9.285951478815022,0.0478061717089763,2.540250595212305,1.783256866446994,0.2506849492901766,120.71741114523806,13130572777.203514,0.000819410215221
0.3835202025553026,0.0458485162802176,7.215599095226256,0.0968616911759942,4.184890504605084,2.4280394877482143,0.1915321084742794,110.1720783847012,10589983852.180492,0.0007272401241206
2.537382262034616,0.0992084697712523,8.889131620523534,0.0988899227796321,5.169091275958947,1.4485094770196048,0.0402748107829623,62.64341144516716,12558604042.953075,0.0006053642919696
1.1579871013136571,0.0905582144767379,5.846460943056605,0.06393784122847,8.730051226368921,3.628383947527512,0.39556655934787,115.14356553751963,15471728778.357475,0.0006670234848079
3.912378440611595,0.0956178005451009,3.326699884581391,0.0294671400304372,5.92099246089618,19.043876167124747,0.8443515547145964,62.073136685035664,19073158925.13904,0.0007637723898675
0.2112577774684666,0.0771745637565075,4.756761437157067,0.0882319246970398,2.754369483317572,11.516804181038632,0.3311562478095293,89.34149634940817,10285062558.85842,0.0005805850191021
0.935113876123076,0.0439478109698282,3.920287629032453,0.0594635646782276,8.300753791359352,13.804911158773454,0.3059831455617903,68.34283461504334,15771121974.615736,0.0005316630504029
0.8186020847029483,0.0925314061927441,6.122227368226138,0.0676732909441728,5.514712313211323,5.6636207265547815,0.4526891752384306,108.76808246494784,15134384702.940355,0.0005438294708407
1.6009246151933028,0.0404842458891413,6.718242010877496,0.0131791201488748,3.608671078101489,1.9711758974766995,0.1461377857380339,72.29348471704151,15454344524.895405,0.0
4.820969049900019,0.0366222025850628,9.146604539560272,0.0247699867244358,7.890763034255247,9.56296279631376,0.7178172224662075,69.72894494604255,10068995142.409172,0.0009560724764332
3.744623817753789,0.0910638393772898,7.245959380108664,0.0612917703724001,8.201408635162379,4.739632077138493,0.5281369251663842,72.18282806826303,11409771633.220102,0.0006841996988745
3.851802621078355,0.0754515651694795,6.387622111413522,0.0774983720906997,9.651271791112135,6.202699990252614,0.4975089778688469,73.41170955897385,17388495633.539394,0.0007626355630252
2.7589002646547294,0.0952917721066769,8.495347002492487,0.0780814599926563,6.1294834057725485,4.86350840704802,0.5227646166306411,64.79299431594464,9434224353.282623,0.0006383150440499
3.2575922139718907,0.0656882340827614,9.914200297797082,0.0976875072192727,9.51324387255814,2.3845627670282714,0.7418899907093524,70.58972540860898,16883370393.4433,0.0005850020472758
4.946845775338803,0.0992014787923745,3.710557607428785,0.0361050972475048,4.023956290020032,12.120970046778684,0.7135749103122475,61.692599789664186,13050929298.461523,0.0008460849417227
0.5527443833110482,0.0109559050019339,5.37276783522856,0.0906652694602006,3.292445923435052,11.51332722805046,0.4375229352607442,109.06212951290918,9029709275.757814,0.0005582853646595
1.8206147442485263,0.08038879507121,2.909718018716564,0.0764867522969329,5.346590675243029,2.915903388054681,0.2622304688470394,121.11480646293305,13316358700.880404,0.0005301182500776
3.005580089003728,0.0599302728781669,5.007792672299775,0.0510735635745033,8.575291822774865,12.91271808193478,0.4537032590222989,86.10723893754997,9664568886.036842,0.0006812354106152
1.3887930698840898,0.0500457122875373,7.156046836095699,0.0869652179887966,0.1846717736831921,10.178514928584136,0.4706024370714323,107.71303348257376,15399925128.598858,0.0005912692101535
0.2720706920366272,0.0908795211559479,3.794120956468123,0.0627326467809198,4.195990998547149,9.193894857322936,0.2051466792336533,118.10998392739803,16961877498.47189,0.0006025181777668
1.3579612617873609,0.0387464228840336,6.960312064711219,0.0847642030853034,1.0646719240765925,11.13467183938787,0.3486537307007852,120.41994138503904,9773441571.755947,0.0006559335506082
2.1187228663131847,0.0697026239647846,4.94736286858015,0.0821421698574461,5.187941250764328,2.33231543046829,0.332969417995421,107.96434265092138,14237836283.771118,0.0007602086974096
1.2700823802668475,0.0876820493330534,9.238657595729627,0.068881055846743,8.385842231028033,8.063109067029954,0.711271329372002,120.7719763158996,17641227083.519127,0.0006093286679176
4.285104384998997,0.04595295702465,9.781478670894009,0.0286034991217092,6.600539661771762,7.67816947191804,0.6220520328681511,65.87363690059455,9795884448.546482,0.0009587130503367
3.2740951640315044,0.0759714360089988,7.516136261668664,0.0393594546205864,3.169700169910001,15.730967357489,0.4034367267316382,98.1251617925519,16799113704.409666,0.0011000468323812
1.8774943345030528,0.0705381130152368,1.322032881424128,0.0417515146451119,1.789305142890631,10.57107460263847,0.4351374362527488,104.6096219385106,12625902853.35307,0.0007665675144893
3.188984376650432,0.0816850138441231,3.3615526285762414,0.036804341951778,7.142692560043081,18.724762706215675,0.823265260584207,64.24091166902843,19381497353.61532,0.0010895318479426
0.7471303742542297,0.0535550632640372,6.458911030390401,0.0831809825493883,2.493997825163441,2.974822355816821,0.6357582202740807,94.9524013565204,15980474333.97309,0.0007381960877214
4.419620483019858,0.0879710991345312,9.50995142244926,0.0724002081895302,5.17940917515565,14.243279087450698,0.2881446461656355,111.91884595326046,14279825060.845495,0.0007098165750818
2.5901755454875963,0.050700055228553,4.89544225415553,0.0945738786180453,0.1803657510122589,4.801452863801554,0.5126821223884369,116.91669908073102,10599253574.51979,0.0005842992871989
0.4655399258157709,0.0681507104648412,3.00302919645187,0.0797186159580772,9.88661726494331,5.658541232698743,0.2944935305084795,96.44319186191636,13571822173.305853,0.0005973316595433
2.762817869634183,0.0340482491877061,7.536826904143252,0.0428945614752897,6.16421857455888,15.006894175944575,0.8253538521595393,67.68221017454134,9548318235.9144,0.0009377866256585
1.4487645576759969,0.0834179798561043,7.381156903122157,0.062308778110963,8.900175288625054,2.9332746507793104,0.1919503839597465,127.58008703614682,12899196715.25169,0.0006660635006658
2.085336632608149,0.0416084779267777,5.985550123008952,0.088979853277951,3.1259372728456243,5.305499403805456,0.2384096717046538,118.43988397013312,12161033560.895918,0.000976747795652
1.5407044087993391,0.0675833862849238,4.708231429499871,0.0697243676995396,6.936180527863749,4.811800584722617,0.4068634145482114,104.2787772678722,15805648481.658691,0.0005739448210711
0.7000451421923206,0.0481715495745225,3.332618384597264,0.0403033843226643,4.007242368959434,14.324022255703044,0.3722404968709291,71.0293748131021,15749135144.6415,0.0006610954246057
0.8432738879972528,0.0707655446730145,5.698945932003412,0.0201147001506023,5.919007472008241,2.566459795579765,0.465939565651568,119.18115971714514,9944123204.148815,0.0005744561091688
1.312516778449143,0.0817969834910043,8.600418795400724,0.0869914672723458,9.75126545724601,4.510356885520038,0.3812467905703559,128.1518616654194,12271092840.045956,0.0008096773844528
3.890699989898878,0.0797131928150092,8.41832523228591,0.0864708541456023,9.802661413437958,4.679961854443861,0.8212553900982515,94.13029978851388,9499244980.371256,0.00095658412886
1.799727241196755,0.0695556496122263,6.249364417129019,0.0989007390323079,3.653495910813669,1.4169201415253152,0.4185282481265482,125.0941197160222,14288646997.86958,0.0006630308013784
0.8942795241034971,0.0454047847676458,2.2910631625517683,0.0261761355296345,0.9531615172514796,18.753417864783785,0.0820469142814408,79.81420585155483,12414708184.853558,0.0005852383959534
4.519452406692468,0.092394491354548,7.757543826556662,0.0802614972226614,3.505849674206337,8.853247522428537,0.1800451380321291,75.44621272546804,14019997296.855946,0.0005247004568889
0.1272417279670048,0.0471336354031694,9.920736142467218,0.0863552481655821,9.793950808008216,5.166860288468431,0.5059117147501666,115.24124244015871,11531372605.430729,0.0005400088273624
1.505885099482085,0.0746246709723042,4.223032111524237,0.0964203680902953,1.9679929807674683,16.072208857867707,0.172931716409393,127.39593581189476,14755997872.054577,0.0007427592279681
1.1658424605332227,0.0879822375314888,8.827323876580369,0.0944507890326269,7.69689394380136,6.217275948651703,0.7390174486509385,112.34154189806476,12152969518.559698,0.0005868990005938
4.307844291070457,0.0928276542953516,7.036339977223423,0.0908637680857787,7.185350380253454,6.502739711214974,0.6601922262528598,64.58487413557842,9536403227.613289,0.0006291138769335
1.755459619307905,0.0395177135468358,9.569508634551685,0.0988730736676841,8.676975568830166,3.766839655643377,0.6578050662578032,121.50051114526848,9602131187.174671,0.0005045639210473
0.5766686464829063,0.0866743663977178,4.747187946054354,0.0301568507525426,8.684189270536832,10.37449355730534,0.1066244544671396,96.15295183010336,14459059716.22773,0.0007956586434876
1.5006614865291446,0.0989034277397392,5.654965248373513,0.0762015287721918,6.998795397552359,2.031570751806291,0.8058627633060995,101.67274431003835,19303855602.2808,0.0006205425167598
4.318046569420869,0.0464019290026855,9.7909656887562,0.0291325310171829,6.738679322576143,7.688655980755464,0.6159935774906465,65.83911505576984,9942228838.533604,0.00096565314619
2.5294589620330625,0.0395831775600087,2.555434757873612,0.0389807354493482,2.7795864160025423,12.43677872460676,0.1140091595066561,129.7538380705459,19097827544.858814,0.000898418357488
0.4735457753770359,0.0582534727885693,3.711029057159765,0.0471244410316738,4.717417907728174,10.03899751333052,0.2906464997692625,88.85897676715808,15294685304.281973,0.0006542260334872
0.2220915888938704,0.088054429511968,6.806576233926298,0.0874283202353877,5.375659137304859,3.7383714486927793,0.5072253276953678,120.95658132013745,17401433968.29194,0.0006053799913656
2.0245333474343568,0.0679861769597218,2.8040790914607063,0.0504796360005943,2.6750989518254995,11.83210111640992,0.093700495342206,102.46840555283973,16959008555.88336,0.0008430755330103
0.3905031338221509,0.0913842272097954,7.2738607243659645,0.0813979197586378,5.682455046597109,1.3305449472254598,0.5461497161402514,78.87420459546897,17403769244.48403,0.0007016609746884
2.7503512153313494,0.0736215438873378,8.486267025467688,0.0171370483698768,8.998687842177809,2.0032716362556187,0.5921948511954321,86.76488778008002,11541674483.04187,0.0
0.4551069927394809,0.0500031687979447,7.189898615672636,0.0431401261756779,9.34424001946487,5.256154242736833,0.6743687570165473,88.40584985072104,16661961857.776297,0.0005578738498622
0.3599997506280721,0.0581979399179537,7.288636650554951,0.0951401469475021,4.394820444503769,3.710241857626354,0.25513638699232,117.88329018365914,10194553567.977713,0.000776878837861
0.2903811079337778,0.0879299151862603,5.767563874514434,0.0936390639215827,6.792909020340304,3.439215742742533,0.2274220728930799,120.1863318231012,9217736810.722511,0.0008799779597882
2.806623801421633,0.0503761744906014,5.030139245295002,0.0508352807357335,3.552594804145284,7.175054598119624,0.5773806268599037,87.501031603604,17079987074.570616,0.001032515445706
4.753888119435724,0.0720525901817401,9.49753377421098,0.0191047284328259,2.0461453671122287,12.125200085752152,0.7314141897882598,67.78607631355419,18344595182.990486,0.0006328099447085
1.1682366158432205,0.0954898044358145,5.366150712758399,0.0692188976095508,8.624689762230647,6.413300400308772,0.4088549869045577,98.96937627068904,17965166986.20855,0.0006086054531881
1.7847160449243011,0.0654837021116232,5.365870633461388,0.0703265386570314,6.02990341448,5.841838140771276,0.5043924464880074,109.11016812365564,16034845687.428867,0.0006023126215352
1.9377576527189,0.0958173079627599,4.79291148769286,0.0553461088775638,8.033539452111853,2.82913330037923,0.3066325771925024,125.50692631349308,13282943108.77381,0.0007037947516535
3.277068154701304,0.0927447982498738,5.788910796631786,0.0943669152725008,8.375376550189626,4.8856584469443884,0.3021914056099127,122.12390505284354,19449243403.46635,0.000824064925334
1.4226407884022878,0.0788896433678541,5.415135672860615,0.0626535488563904,1.1140175721827057,19.86899482084587,0.4582267599434297,100.28597427057844,18903128580.712963,0.0007767202593064
0.987314531946346,0.0443126875599112,8.993290216561304,0.0657933419471797,3.3117915860167884,4.041054924959476,0.3484003882003695,118.96574538775654,9615116276.805136,0.0005416154485721
2.733156111976192,0.0986329528280797,1.102694678203285,0.0859418009581682,6.521848905323328,9.081457168369074,0.0148107481001509,94.2122169770978,14098242405.667393,0.0007624935418597
3.3027411431277005,0.0906367522817852,9.556007005897571,0.0584497244577266,3.3085552440272874,5.971256082725189,0.0927264304917261,104.6786918507358,12311428471.756975,0.0014171790851812
0.4902559646166994,0.0723512620234893,5.602228615125845,0.0858727986396301,4.27811566641627,6.571026064797922,0.3995876165773696,110.48472604315889,13613526583.35834,0.0007175911635308
4.609616602215559,0.0935271338288119,9.345471556096188,0.0921569595508177,6.441500142195964,13.045644042684152,0.7749323066240427,81.33962260364025,9005258099.072193,0.0006276845099159
0.3826896299927789,0.0784173684957,3.1914624580481004,0.0506371669385913,3.619311877609152,11.883396836864874,0.250672490237607,117.93706982509926,15966462257.188225,0.0007323174369876
3.804800828125895,0.0947825501626121,9.824595553683604,0.0534555984666305,5.665490962392098,11.179770538637392,0.7439652024022723,84.03561988061949,10020504853.612196,0.0005306511409574
2.3038498465000146,0.0780905433075343,7.645185599587853,0.0682227129768962,0.1176063486454225,8.078196580381013,0.0746624731144456,79.696972358082,16793503551.015934,0.0005101013663148
0.3173101018329823,0.0339192351721592,8.081562927523757,0.0572813171058714,2.7752659753582187,8.002986789131848,0.7727938094218186,118.88060112042466,17716103768.62207,0.0007028556968436
3.834516520197161,0.0620499027715565,4.758775596295317,0.0692048286320887,6.822470298909665,6.687946879171815,0.409572028763574,115.09498597350756,11589970038.821896,0.0007571554295829
1.423139741190606,0.0648204010447785,3.5332587797858617,0.0937238934992841,5.383029113455547,4.0219162120931,0.5915277094795433,108.83943895021676,10917054955.061018,0.0006178856534869
4.974206735928196,0.0870466708759483,9.508534544031704,0.0432825529602167,3.375972075757322,2.327556492368708,0.688381660673664,84.06667896886616,18512734886.614845,0.0007795885257466
0.3408791296104306,0.0580998594082506,7.287124934215103,0.0951442120281094,4.366962780314731,3.718402403531999,0.2551403460857923,117.9583519692028,10202270215.480087,0.0007776308262765
2.947107784457613,0.0705287148628084,6.765651552414536,0.060519923472739,8.946719891683593,9.684238485719783,0.7942415503731656,126.54664394556882,14488922807.358353,0.0005491893223217
2.074438845639881,0.0539657792472449,0.9725978269646433,0.0766012148537737,5.148479740070072,9.325696951628837,0.3091309628968664,65.00395385979375,17060547319.90562,0.0005701500133678
1.1186081695496557,0.0667893626716308,5.97369844997398,0.0940949825787812,3.980991746774337,1.9507297315909964,0.225045039505566,113.7746214700796,9660287734.049805,0.0008886026453833
3.071749250089362,0.0781715982071993,4.101642515006168,0.0495009358026975,2.3260106047702083,16.25001054822153,0.3825538545540156,72.10579066683063,10657552677.722012,0.0007165583230236
1.3887930698840898,0.0500457122875373,7.156046836095699,0.0869652179887966,0.1846717736831921,10.178514928584136,0.4706024370714323,107.71303348257376,15399925128.598858,0.0005912692101535
1.28515445099637,0.0638031448476735,3.290115014015515,0.0944690604661708,9.80504620647003,1.841965274276056,0.2886993544498918,92.7895636347874,13108799965.12662,0.0006315194022804
1.4886545409511107,0.0618807623888323,6.701623109082142,0.060746037194731,0.80312062669914,19.795846234087232,0.1057746531322769,117.26076172565712,14165601505.166683,0.0005886118543621
3.3997366286580584,0.0874070935893757,8.137198720523067,0.0495285842065224,6.733894318794666,10.516018457936992,0.3431791076966275,67.25181465064327,10106458008.165874,0.0008686472895251
0.6802103356399326,0.038542339151135,4.667365952894495,0.0774170122294628,2.149405778704708,6.708600668814411,0.7214155478093806,98.95649159702808,13095706358.56953,0.00082825709683
1.047415112062999,0.0903651612056944,4.039707867865228,0.0811920893946426,9.959741726731403,4.967339206916885,0.5323063234676202,110.41196712729882,15077457196.388514,0.0006222950445116
2.560955331359182,0.07150167723729,7.203069207501224,0.0072014260393928,0.6633432312085072,16.423412409694073,0.2778062759327856,120.70739607383643,16492222141.650074,0.0
2.1187228663131847,0.0697026239647846,4.94736286858015,0.0821421698574461,5.187941250764328,2.33231543046829,0.332969417995421,107.96434265092138,14237836283.771118,0.0007602086974096
3.0375230847242216,0.0932358409854339,2.2179685174108523,0.0863479964289299,8.385718975277262,11.387956703087823,0.0300009045671742,87.80476270893715,11451538999.02286,0.0007552370124391
2.911169576428451,0.0869357106310841,2.111025139238065,0.0956638217652391,8.271045373725117,9.361185986872306,0.5576209085419214,105.13718561942366,10090619631.266323,0.0005472276170323
0.6408027901549499,0.0591626376913355,7.007815610622412,0.0830767187057552,4.895272883847393,3.6910268722044446,0.1198346037531249,108.3201985799939,12060782024.09628,0.00075776941016
0.8091219242623419,0.0752322307793316,7.246313757280781,0.0867432282874482,4.18647126870574,5.626135989027064,0.2108625435479472,87.75946445782677,13697885328.148108,0.0009371492890996
1.435255263043994,0.0846927753929607,6.773315828439901,0.0773539784324408,8.696303169614573,3.649909026223564,0.2565869137633297,109.82673383418803,13062271767.52106,0.0006552713568427
3.702400587299257,0.064564953474028,6.143666929071537,0.0492566353530349,7.50965951052443,3.611181958357454,0.565711080357879,90.6986174480057,18034843866.555862,0.0005042602556114
1.4073051430518115,0.0633938870992438,7.248920231384893,0.0638950753246545,0.8843350802196628,12.66269953345147,0.5579652869666177,89.88485219382798,11649516257.877407,0.0007712522050026
0.2786495859431802,0.0708495287654688,9.681245171079253,0.0885461008279418,7.366559023952377,6.194451342766617,0.660951534823467,126.11297163109512,16803766680.074957,0.000513836729428
3.792395288493942,0.0386344180288799,9.508240589507482,0.0783142926707084,3.09084218927191,8.159354210398057,0.5539361625310482,76.87285230009888,13119809973.77622,0.0011743784171837
1.9208957839829224,0.05227516075765,9.243403005584767,0.0468149268188455,7.631662761642604,4.214559477276755,0.4905496888570586,111.85982947135594,19323579218.53731,0.000984627461902
2.622932133984158,0.0687658163356849,6.402509580900044,0.098567392093377,2.541133879707533,2.1518342155204166,0.3543588840202997,119.78434464735,12112756348.636726,0.0005414289060513
1.914567288730299,0.0732090938509658,2.2762998922613966,0.0912000082382872,1.297723081202515,7.55606255131728,0.0373396800197838,82.11972498307306,9910504561.99493,0.000840174597174
1.391480920933697,0.0692293075083975,6.881749304057908,0.0821206686354039,2.691638256982996,1.6170197882449608,0.3860333416995269,113.90687885284244,14699669691.9427,0.0008565191814182
0.2845734302346722,0.0309945618021435,9.42539481860202,0.0179620070587954,3.808367365199665,7.492632970942997,0.8323555742349503,125.5997689852122,15849354553.970217,0.0
1.1417552301343392,0.0763290651917579,2.556417188349128,0.0621083162099728,5.219616407384014,2.529788450680634,0.1843573352732661,108.16968050569332,11102198554.461773,0.0005609027321671
2.915537100997901,0.0882058096518478,9.195112572596823,0.0783786671207652,4.528104530939142,5.394770240055962,0.3837299678129371,62.28651049193573,12204030521.249872,0.0007180728341669
1.8851098562802004,0.0977208157435752,4.070321798998869,0.0016830088307471,0.9865427887109576,8.124561149712573,0.4182766807044711,94.89522955813828,13851658998.557789,0.0
1.040616845092833,0.0951774424579627,9.790846450394303,0.0831391174770608,9.887289866182869,6.581103460423084,0.1385880704659504,128.34743814015204,13427330323.03896,0.0005541845315034
4.320643024601051,0.0960934802406897,6.364630546701033,0.0224622317987253,3.372994244957184,10.435499399465352,0.6930146058038499,104.81094002989953,19498266522.049583,0.0012680969653393
1.554059187017743,0.0704840610067943,8.915859020464454,0.0681706330179817,8.989374544642175,3.767753448491737,0.1030812196736845,124.836047797142,13130987713.0047,0.0006523059063597
1.1097363484485994,0.074082552865551,4.874691396378107,0.0586396402005556,9.748166995384612,8.859795592902426,0.7849084597051075,126.03155592916085,12328155411.027027,0.0005070462810557
0.7705980408116855,0.0760768732689397,6.869005340658777,0.065034878690085,7.88594796332915,12.688200203909783,0.3696876617356198,108.29242655002474,14386090171.237122,0.0006611681161236
0.2568263873505235,0.0815754830872559,6.3447259186864615,0.0392335278153105,3.1482920839310413,12.285961490814264,0.2802395948798961,94.15876600619008,19534735615.21572,0.0008572022562399
2.78973499675133,0.0799732250909252,9.244332855788151,0.0784206934083679,9.165403950120387,4.210083761494214,0.4852415583523591,70.14262043989389,14999007103.937653,0.0007090560280278
1.0075412202769412,0.0757106637057279,5.58078860299205,0.0828998016165723,6.318333619106182,4.223276665486465,0.3507943807831433,94.92230888363474,14672670443.542503,0.0006820627246422
3.926657891536886,0.088164276963221,7.537198088842182,0.0646073541580063,8.99053174263639,5.715630745005562,0.732902960941064,61.44986537631642,9068862093.452812,0.0005481516279983
4.671893141173324,0.0953769643900674,7.520760351761167,0.0547916980587103,4.860145578902917,10.672202581401844,0.5404800178564996,79.1610106913092,13751791640.21344,0.0006971021413049
1.7662670119856698,0.054634375622188,5.355575797587575,0.0761602541872179,1.5464028968184491,2.5902849800279744,0.405177905019411,96.65600619435106,15032620402.853012,0.0007105165873513
4.929345046775246,0.0636813424064172,6.940728148788856,0.083361321036072,7.18259315215491,11.339677496346882,0.4657827563380876,93.31899724271584,9286216318.77347,0.0009137863867638
2.016338162123813,0.0659870935080607,8.995204590070136,0.0836895468053485,7.192418487977113,1.3879610257747772,0.6712850138095919,123.3359475561477,14156801935.94802,0.000728442969426
0.1176318937377859,0.0362039838487314,9.000378449148393,0.0196098578090351,8.084920649798056,9.447616730692593,0.3655661350484851,93.66786529376712,11290654084.430471,0.000803342727167
4.31222366762369,0.0933236820837578,5.755358295419229,0.0560446282513904,6.573222995915748,3.4807023208644527,0.6577566652766756,79.59132341789044,12704060337.41152,0.0007741461526605
0.9735150212969924,0.0922653640175781,5.955767722860967,0.0735849317205651,8.027704228891748,7.700557801362481,0.3192463915601186,102.20376916417698,11606488809.36609,0.0007847227422193
1.047759009739614,0.0721082493263381,8.012988732523452,0.0771891440171292,3.8528665581671695,8.917575665242083,0.703661527124977,60.47905786915463,12750128862.181105,0.0009395553370665
1.7847160449243011,0.0654837021116232,5.365870633461388,0.0703265386570314,6.02990341448,5.841838140771276,0.5043924464880074,109.11016812365564,16034845687.428867,0.0006023126215352
3.244343981616778,0.0869526850960457,8.302911903381808,0.0698736779715105,8.545209239119929,4.298936420475622,0.4652381816128055,60.03594960008664,14233273788.905085,0.0007173580485715
2.0628317772911275,0.0934225572384015,3.656543624074956,0.0581509826677854,5.713694217390152,6.9567295233304005,0.0920944818034962,85.62008297751309,13081692896.552956,0.000841689761272
0.6534472990536355,0.0971091000710553,4.529958341245882,0.0666216642633898,2.737600557948955,10.353546907323564,0.1748235307501386,89.65728518806493,15018744528.465157,0.0010208039102909
0.8308774888158699,0.0908396684115665,7.5497109966691776,0.0315181684559998,5.025591332437327,10.2526400650891,0.1465962225929067,128.32631599340763,14392325285.24381,0.0009727451829992
3.147078003640798,0.0817149280477965,1.2882898581899338,0.0275460991794885,3.5967572631844864,19.046706567573988,0.6244062446123173,65.51768284578891,18635638051.58517,0.0006926402272883
3.2334174902592543,0.0803430509444206,5.5786490565266185,0.0917084675380243,6.21702861270749,2.472877947893813,0.555578935483972,97.9241690332468,13293493632.229515,0.0009105033437974
2.276788153544236,0.0517435914015896,7.82651834269631,0.023798128899631,0.1249707223716093,11.76030296472772,0.2110145322936763,82.2287241118805,17886922469.28292,0.0011507421727251
1.6618079528966336,0.0613484103075178,7.972562737745664,0.0270622093533753,5.768384948231957,3.974375193529936,0.2458769984716659,88.32980164655946,10499434324.0703,0.0013278807263115
1.4487645576759969,0.0834179798561043,7.381156903122157,0.062308778110963,8.900175288625054,2.9332746507793104,0.1919503839597465,127.58008703614682,12899196715.25169,0.0006660635006658
4.906242928351088,0.0596137285698629,7.817448884747744,0.0497672018554333,9.120696168054948,1.2373979948999807,0.4901231239150777,78.5614790423894,17698427744.377018,0.0009103035283741
1.0191495632163288,0.052944640690624,6.624162946840059,0.0845042794915114,2.557370806265308,3.560552941860941,0.7654931074111284,95.97701404599572,17508018437.416374,0.0007345351077486
0.2068042905189151,0.0191322605977008,4.790826388519212,0.0145746911398318,7.465631873884231,14.8107204575897,0.1586044274553746,63.57045729752513,13609263735.415562,0.0
2.605455645536163,0.053554051276926,5.96227431059098,0.0940596784617098,3.782922598068192,2.678729062770612,0.4497874239069212,113.5888119571138,12152928073.118284,0.0010558844492129
0.8177842141551394,0.0725022939686691,6.289137591051299,0.0945317152587521,9.451770001878792,9.845605357868752,0.1866238047193291,120.3431938372448,12932700971.782827,0.0005188404266964
1.030196670387398,0.0703644978826961,3.5096541668568526,0.0847093296488398,0.5120248518914451,5.173894092765452,0.2052463802411837,109.86123748291192,14760784427.73592,0.0005104893554805
3.1393773391936715,0.0844554094975231,7.655044154076298,0.0618415418298771,8.985746823975738,1.8422168343875809,0.6960756091359723,73.07918437485044,15906500015.114288,0.0005586134861777
1.1644674058450004,0.0445687746295749,8.899245772561244,0.0837640489532772,3.8791151000300648,8.059640111124702,0.0957660285878425,125.97749064113832,11543375823.71774,0.0005207402440103
4.932609400598393,0.0963269030761049,7.004053789357818,0.0509618424307031,5.658223006784812,5.92220939259883,0.5055466517411651,89.40461999393791,10388336191.54081,0.0008461331216227
0.4271079050976335,0.0570489028749783,5.910488798361926,0.0966045385203584,6.466705575290708,4.337564840558402,0.2640959163518755,118.89764654801134,10183068325.802382,0.0007439046244789
4.702840688811036,0.0666772923303374,7.636313288759344,0.076506929745718,8.940150034251662,14.054206760785982,0.4138180026272209,99.08220962710988,11248859158.166409,0.0008254616164982
3.756399898616328,0.0917801349044878,7.107466222777646,0.0609057751316983,8.134285734087143,4.369541844173698,0.5295426339836452,72.30003769359861,11444231847.257338,0.0006766380278919
0.4886617750744109,0.0481996937113651,3.8127269371976618,0.0410858844853271,4.051793424554089,14.572297990515066,0.399090561642715,74.66923181364983,16588306442.421612,0.0006646254749635
1.314000279392456,0.0978696519001364,8.533710493546154,0.0599184383584097,5.025260802640658,7.766040821447905,0.48058829946105,73.35766189396105,14923443035.440128,0.0007495507642313
3.726506182653636,0.090747509275176,7.309532204262512,0.0615935423824206,8.173428391532468,4.859764929318356,0.5228542845899133,73.13288255514169,11462749963.572033,0.0006821366736341
1.1494548886347933,0.0898133895005872,5.9133669541523926,0.0837485714487518,7.712059614082565,4.7065918077338,0.6280235578069242,106.4157067247323,16131864103.915833,0.0005828330913635
2.8496553539487586,0.0995908349861037,3.726079670605197,0.0244359057037131,7.272880744313821,11.617966735253022,0.2551313893211588,61.321880761930274,10745850461.903383,0.0007102044394718
3.572438235306445,0.0768031274200681,8.188613437253618,0.0468680060323756,5.957116409929086,9.483142420898904,0.6436842102519351,73.81709782307101,10758592026.666395,0.0009461901965857
2.440246355261214,0.0783874032467905,3.495122444008976,0.0025319735601417,9.93050469842881,7.155743950648044,0.6671873490475244,87.63949735131014,9189034142.636024,0.0
4.553626092802924,0.0559957676217159,5.801267963151949,0.0202496352989855,8.630784113470924,7.050143850616537,0.6592960104518029,62.23564302112691,11432112509.741545,0.000968815190668
4.284350179351538,0.0908681466004252,2.967385732228069,0.0525193972382588,6.913716306343414,11.85670600262213,0.3661560479574386,120.50538711229156,9068034326.400656,0.0006316475972735
0.3419677874701871,0.0581403706469314,7.282554743079164,0.0951189814794021,4.371288516185985,3.721711549611873,0.2548723724362483,117.98405280493098,10203533121.282288,0.000777477845339
4.907628725399594,0.0708080418334938,9.13576213974779,0.0353937342688153,8.338758172408882,8.023983681222514,0.8160975793855154,63.55674609099568,10326955187.65404,0.0005253297649281
0.3408791296104306,0.0580998594082506,7.287124934215103,0.0951442120281094,4.366962780314731,3.718402403531999,0.2551403460857923,117.9583519692028,10202270215.480087,0.0007776308262765
3.38885484104504,0.0968187479825507,8.480724743611447,0.0587920238137078,6.402294219538892,6.855388381802842,0.5600985364423382,69.04145004766892,10407186501.36836,0.0010047191973945
1.1244272544265277,0.0503019302074365,2.193479863469198,0.0322615090840681,9.943438099101003,4.907776119835825,0.5275903895255096,74.01217554713675,9019140137.958706,0.0006327480806824
1.9324043089269969,0.0597937591491395,8.608411299558156,0.0793853125493531,4.2950401815978845,9.46781568648176,0.5380427245644981,77.1236516683541,10996764643.15337,0.0008638491233307
1.7703072781275464,0.0519051630470616,3.32271368438202,0.0924467984018114,3.8785806929564233,3.787651717492714,0.2039478673852643,110.19703889256267,12823892143.75282,0.0005998404563733
1.3445929607318745,0.0962439681774457,5.900930773870547,0.0865978851571479,4.45391412984008,3.3681714533973555,0.4924508155380253,125.0888733948116,9713797567.36762,0.000516968520741
2.1456816439761948,0.063792256022003,8.720590459858812,0.08300829675791,7.225024128478696,1.1544526758761835,0.6666229654466982,122.82079699490488,14180766138.073503,0.0007209242872006
0.2617093096597943,0.0985727958760193,5.735293318269229,0.0475124355671269,9.247359350540613,10.433631172564391,0.2198468347391657,114.9017167757452,13006466594.206087,0.0007030188572579
1.4481397072525806,0.0612113431645563,4.535957870946147,0.0381452438915531,9.21711148664627,7.328814922683578,0.3943029673116517,100.83798346708576,16145535157.201736,0.000692312053836
3.803141593519616,0.0662261167249619,5.190483143440043,0.0333418256879467,6.535184790021544,8.290829180077298,0.3625026014090623,83.69571044421927,13984702413.748287,0.0009573747907026
0.9736226259702152,0.0845623793258501,6.696840204324097,0.0568034509502489,9.559670233187893,2.7672379969418013,0.4210199747295722,104.31901290153276,9113888995.09244,0.0007539388345383
1.631532750810986,0.0820585513970222,6.954459695692097,0.0717517684545467,5.569816708724948,3.3295878938621093,0.715703819329689,93.73117723463434,18160280796.11489,0.0006911028121381
4.018863450711972,0.0843533009602738,6.332230743852824,0.0434269705334316,6.810157116820559,5.729711366132307,0.5597336194892197,65.54187252109709,12447635384.627424,0.0008194118108923
4.324560983680755,0.0454945914907806,9.746302555988768,0.058422393301161,6.643215432266621,7.180558881711287,0.5758187403493081,60.78516428038394,9034605557.727304,0.0012869560548844
3.8660397122548726,0.0550119397297876,8.171299083264048,0.0280548416231722,8.481009615565515,10.979969891845585,0.7108989933674428,107.66272280274482,10833193406.518345,0.0007793880770529
1.0757006026851903,0.0908851620860414,4.160696180845389,0.0821727460342974,9.98080998343599,4.889684279275722,0.5313436992203185,110.01590913651027,15309334971.459703,0.0006054765106029
2.7567380014946767,0.0971892128029008,9.50372741583866,0.0924741738056506,4.040797743447345,2.63523863212503,0.2256034659194021,86.29763778123842,13937558002.890402,0.0005355259396568
0.3672805602080625,0.0553009016936274,0.872297145022438,0.0239447453303335,1.704275583529156,12.692491980613848,0.2006372166769829,98.39509003268134,17284640114.107597,0.0005095554279979
0.1647303585646597,0.035199994358187,5.368167061399013,0.045297007466358,1.5542280395387345,1.1781253870624937,0.2280517049779049,83.79912821836658,12573044502.092764,0.0005344658435785
0.157716601949218,0.0811900930151992,7.036084142568924,0.0875222038848465,9.151524114817404,8.205058212136109,0.7540613133191628,123.5470519915557,10989397594.692797,0.0006340562635971
3.3997366286580584,0.0874070935893757,8.137198720523067,0.0495285842065224,6.733894318794666,10.516018457936992,0.3431791076966275,67.25181465064327,10106458008.165874,0.0008686472895251
2.839000233887816,0.0825136810833362,8.62149288357854,0.0517835847404317,7.250146798899748,19.569371605510785,0.3843980144741481,82.69323806550044,12842600253.336773,0.000843899508137
1.9617980453046533,0.0943036108001626,8.42834090346896,0.0969006208226862,9.491559835126347,7.222663595215058,0.5509737904067712,114.43059286320386,17596412177.85823,0.0007514111215465
0.2390378532138991,0.0996844182136065,4.870046784108084,0.0914781107417168,4.790711650912593,7.550415237742565,0.309662103384773,119.87504618131472,15321040898.60714,0.0006488775748468
1.5460887772675147,0.0217243790369417,8.583415811678616,0.0260977269653923,0.5967435208904112,17.614229835806345,0.1719675451966152,128.20638914715985,12064332718.185442,0.0007017733967923
4.455166669534842,0.0518596133210566,6.685602088358201,0.0297655914942184,9.872498705085173,5.548796725505753,0.651505541274311,89.26974068115788,9533508536.44534,0.0014114304813874
0.9900957997115089,0.0653730443637629,2.965979681767391,0.0577987553160868,7.545207353116083,5.769772163953415,0.045185821829155,103.46571527715976,19015274639.636494,0.0007548176923596
1.0154744966907687,0.0911933984439812,5.968331565007522,0.0841042175267671,7.788255346671359,4.888748756216495,0.6397920542184813,108.74096928828064,16172385776.668297,0.0005708035982751
4.084032803358223,0.0810041181389162,7.173395730295233,0.0588942929177669,9.680923761862038,8.44801950502377,0.7960850566925833,95.40440516661606,9203468876.61381,0.0011974654655988
0.6244973016570053,0.0977300072300826,1.2814136553178146,0.0587047307070917,5.794678906855759,1.114602023339588,0.4086197833988567,97.72795705621913,12051463392.106762,0.0005495292913249
1.1720571322852502,0.0730886304060764,8.895121213588864,0.0746453400846229,2.0601518236311884,11.060668052266331,0.268290545913854,84.40490519265882,10783267668.192007,0.0006918808378418
1.120585788395825,0.0842213639668339,2.4728799920483127,0.0581108401314523,1.8444584852609291,13.902046460647428,0.0466469169748001,96.2945967011148,18830464121.70325,0.0007492629160287
3.562682052224634,0.0931196480819527,5.604245859001255,0.0626774390373174,6.341748719321977,11.138698652939084,0.3325926317949242,70.20459160355156,12943547852.328115,0.0007582224028573
3.470536908663308,0.0542226734784773,4.442799356305869,0.0930039900515821,1.9975397048930448,3.036787796606682,0.4033798532250516,106.26329378454643,13317369818.767788,0.0007576131125928
0.3230861541564809,0.0352361492230618,6.037005077129448,0.0319693863819737,6.470781961415071,11.64558420433391,0.3459633794527398,85.68218501436007,14004798458.20534,0.0008160608787095
1.6104187987493714,0.0560596456558271,5.056555832133743,0.0682240362712017,9.341301616051927,1.5428993910969682,0.273439696225247,89.33330519572179,11226283135.570492,0.0008753218636906
0.2880200224943329,0.0979057638082292,5.573346302007975,0.0880603841893036,6.737650002687567,10.504709128047423,0.3457935126555699,118.9844119572408,13587475917.512316,0.0006014974593203
4.86851891715415,0.0231674899262024,7.8959380836810045,0.0803466475846982,2.978751314145923,4.111201741437194,0.6700277909738661,82.80813506725666,10406990476.210732,0.0007737212729791
0.5766686464829063,0.0866743663977178,4.747187946054354,0.0301568507525426,8.684189270536832,10.37449355730534,0.1066244544671396,96.15295183010336,14459059716.22773,0.0007956586434876
1.0250960132680575,0.080935115819103,5.849055295472455,0.0399299774748581,5.971043205156539,1.2845279260249285,0.4428825709363696,117.73823038297064,10574018528.37555,0.0005734975124365
4.901728772730867,0.047823130304274,7.190884249064387,0.0141185935289747,5.553818053702498,6.244006684371282,0.3965556813580019,77.46140388892402,9208115806.740189,0.0
1.2561515579551226,0.094288751793896,1.848464897338551,0.0927321219710105,1.4783923715257268,2.678078426384264,0.599407489391342,89.30085936346038,18075092543.885685,0.0010053718437776
1.9324043089269969,0.0597937591491395,8.608411299558156,0.0793853125493531,4.2950401815978845,9.46781568648176,0.5380427245644981,77.1236516683541,10996764643.15337,0.0008638491233307
3.2224854583716813,0.076371942899981,5.410140384987531,0.0308098058752936,6.705002431339243,10.250372919732175,0.4428054370411134,79.10694608071007,13745621427.182564,0.0009550861928837
0.830042626807911,0.099836014182563,5.987990969487886,0.0918664787502065,3.554660901229992,2.900775758160007,0.6041201463196807,100.46355361686716,15749903450.288448,0.0006822288075519
4.451101012123068,0.0929765029845127,9.426253021533926,0.0652558311374357,7.420690951398427,10.350309549175048,0.7266279515212303,65.63161905108696,10971934757.43203,0.0006851751443582
3.726100640552174,0.0366001853894137,7.121729276444254,0.0739509171012915,6.689089903655438,12.554010424045416,0.334403801739514,105.13265467355151,12026283606.315208,0.0013457418189737
0.3826896299927789,0.0784173684957,3.1914624580481004,0.0506371669385913,3.619311877609152,11.883396836864874,0.250672490237607,117.93706982509926,15966462257.188225,0.0007323174369876
0.349903985398756,0.0580969944208388,7.288856059458781,0.0951112996766833,4.367115915964872,3.7320429540843536,0.2555513063274651,117.8753546423367,10219132802.483343,0.0007768872815526
0.2085390865406174,0.0863551185049342,1.0191312539958584,0.0422099933838099,7.18439912557606,2.248913384759149,0.2856423355196611,89.57068592273188,13874372398.288803,0.0005330225870526
4.572935939915216,0.0809310975773279,4.760747639914537,0.0586746595470522,2.5513093319347537,9.730840616276362,0.3384130694556307,87.63706413086616,10597936579.28339,0.0009456508277565
1.1761053524752003,0.0884952349521968,5.887431734231174,0.082469109041702,7.523970605743306,4.491543137787038,0.6352507855606533,107.63463866521172,16429420039.70997,0.0005849899202322
1.6424307170089163,0.0889865311582412,8.857488416880841,0.0901110554018,4.710205169915223,5.772689649644193,0.1303733838810893,77.97845865468386,9292620097.936232,0.0005950319791348
4.200054814094948,0.0995327777136021,7.896223442268617,0.0697791422242404,9.26737040065074,11.709239960543654,0.7614137253141231,82.56874746731725,9972039990.388348,0.0006527495209509
4.773651504247451,0.0501454773128173,6.889037719062547,0.0566369818750538,7.741638663702589,5.352646354385152,0.1673583529564595,96.7793415553794,10606794566.220827,0.0010554446672145
4.3025118841920245,0.0984765081340974,6.339609083174289,0.0981839886531282,7.840642163355499,4.836800494132614,0.7459061408026114,72.16282403552447,12760422084.626572,0.000516174449382
2.4059124797260614,0.0645268938242295,7.674058963236512,0.0549771794999931,2.031110288413941,3.751423689383551,0.2398931303129451,90.14865312810612,17285741640.64889,0.0013177965957558
2.9136681170230854,0.092243016424942,8.143339740687786,0.0710258079570339,7.319986522382692,10.739498946043753,0.0472940182636951,62.18168521143941,9238866912.00439,0.0007040660930003
1.017410044962383,0.0761218536490008,0.7736636354871788,0.0501275222377719,0.8026153457454887,11.5060009436126,0.0390065786102204,92.34856309960814,17270499885.548977,0.0008274844708983
1.0781072554607238,0.0827303641472622,6.794878517918199,0.0976249727600143,9.462281343653723,5.181546218266448,0.5263352417372824,114.36677507529794,13249720732.033146,0.0005656693388126
0.4523712858402304,0.0625341566250104,8.365239564520738,0.0547143626040048,5.358159886054335,3.5298618892396267,0.658205991903932,120.58569378932862,15696838319.741674,0.000649825978763
0.3113977325373859,0.0897509909223984,3.762507638713572,0.0293478808043665,7.127261854505866,3.964669250466987,0.0976391220216303,97.78879874686302,15722263177.897804,0.0005915941714019
0.6829895445187176,0.0825937416435993,1.9935585675650944,0.0626009652695876,1.7606973216039976,11.537712136142224,0.0664610316443492,81.73480394285086,18035032880.270046,0.0007301639969982
1.6198588228082635,0.09490696813342,9.8030519983103,0.0982216513846195,9.009517961858013,7.438120500102736,0.462661315163851,113.67402677497316,14898090211.540363,0.0007374407022067
2.2377232391114195,0.0594261495548542,8.321665158210914,0.0713782953275527,2.4376925277887405,3.2941040643731934,0.5383407582823543,128.98009654361636,19365708273.052998,0.0006886521710801
1.0063412478062244,0.0757231280925871,5.582431780290599,0.0828958929064239,6.318799631308279,4.223934057448859,0.3508211810722801,94.92173294515196,14669847702.35706,0.0006823641796842
0.8432738879972528,0.0707655446730145,5.698945932003412,0.0201147001506023,5.919007472008241,2.566459795579765,0.465939565651568,119.18115971714514,9944123204.148815,0.0005744561091688
2.878253281000705,0.0153578068934669,8.763688155791622,0.0799603575485407,1.3233065436324127,3.4856089333507145,0.2106321147988316,95.73981188063512,17028193105.691929,0.0009619896313398
3.638924570390983,0.0705941110743941,6.383809851616397,0.0283212993331187,8.886565609325562,1.2780586713372395,0.6241874276201538,67.28458515855311,17765436530.208035,0.0006818443920634
4.249419632001661,0.0869380785523972,3.4106677724098016,0.0658940716054367,3.340639384593284,11.458079542250506,0.5007270717773972,74.44792189602911,11669466633.1694,0.0008356617200869
3.235602889945844,0.0806222160966806,5.541836334501633,0.0917886297608467,6.215746312306443,2.497704062010538,0.5542843826695479,98.11586588958252,13289346313.176956,0.0009116236950309
1.4149308190579204,0.0865580121403955,5.927093101797659,0.0918373423678615,3.123994511195106,3.2182054308805093,0.4342843438477312,83.30072856206324,14265306136.194233,0.0007958550289814
1.9098698028652188,0.0992107006360563,8.389316058017723,0.086795168072652,4.999443248210814,6.397522676986583,0.5063215297371761,64.7189559672381,10955590868.941433,0.0006046692996813
1.1579871013136571,0.0905582144767379,5.846460943056605,0.06393784122847,8.730051226368921,3.628383947527512,0.39556655934787,115.14356553751963,15471728778.357475,0.0006670234848079
0.598097487533016,0.0607100101818615,8.417081802478522,0.068487571787487,5.049311936456388,3.0890847938914026,0.8173651068148627,108.04728425361488,18464676801.09344,0.0008051840692563
3.766498213653577,0.0888189351978496,6.901806797395399,0.0642686636339033,7.878942111391385,4.780007643582361,0.588972537671401,72.3886269698729,11223435336.306616,0.0007008181558066
2.0376096715721483,0.0676049853979083,2.754489627727638,0.0504123935595516,2.6789874932669986,11.796433320042402,0.0992868787201465,102.45218755409508,16928063968.74091,0.0008412251908657
3.496940065766457,0.0772264597573088,8.681594413651986,0.0807083643126637,8.926016038974018,3.492335563400333,0.6440194405815707,71.19403392450445,14347730142.74108,0.0006335877308754
0.157716601949218,0.0811900930151992,7.036084142568924,0.0875222038848465,9.151524114817404,8.205058212136109,0.7540613133191628,123.5470519915557,10989397594.692797,0.0006340562635971
0.5766422968286709,0.0751586224454558,3.503661260775744,0.052966608196835,1.6706777595570963,4.5862284670866735,0.3639099758904461,87.52189110993153,13179143621.114574,0.0008225200268264
2.049140872348662,0.0913775936579229,4.670362322799486,0.0268680378992343,6.466740814708508,15.000377968497888,0.1394625059805818,74.45058028501738,11156009646.232449,0.0008435327048738
4.160017015858716,0.0794359209620643,5.430629856362844,0.0417925665653332,5.480256274793431,3.081842521106776,0.5813459171065419,93.725117163304,11446339640.270994,0.0008577298526231
2.9953691808209904,0.084467367330764,8.916997407572612,0.0873053721922395,9.377555595742674,4.301900445300567,0.3730418250667953,92.33833160976872,14170693879.173489,0.0006510528903605
2.7105579020145063,0.0883834283286175,5.273274503048635,0.0977169614846501,3.6914824130970807,2.2136649914218443,0.0778832796331093,103.11083322378938,14569885157.398308,0.0005523152232026
2.622932133984158,0.0687658163356849,6.402509580900044,0.098567392093377,2.541133879707533,2.1518342155204166,0.3543588840202997,119.78434464735,12112756348.636726,0.0005414289060513
0.7066587897202905,0.0869723233787692,4.3505767259497965,0.0986981034966393,4.79089670521863,7.078699334769547,0.4479477612956508,124.57022849021013,9863601247.975157,0.0005044143087776
4.906242928351088,0.0596137285698629,7.817448884747744,0.0497672018554333,9.120696168054948,1.2373979948999807,0.4901231239150777,78.5614790423894,17698427744.377018,0.0009103035283741
1.2097557636818783,0.0492513446877131,7.961353458121652,0.0740474535078325,5.943618452241949,10.11644454636524,0.3528355012470423,77.32136742806328,13343572129.037588,0.0008749793331047
2.39364982074807,0.0918061435782996,4.852802975031972,0.0379090357615825,5.0864103634397,6.200115669217613,0.5063594472868052,79.17732761425545,15559309812.641209,0.0006894838258729
1.1164458187539636,0.091061771133744,6.055022816112239,0.0815082392213844,7.816659661903291,4.772999763735453,0.6265717226266827,108.7440178822272,16837477158.258951,0.0005896069124105
4.2916886509783705,0.0902440173683936,8.204577132683129,0.0981549742805587,2.97154653029357,7.730429836085129,0.5153868073474772,100.58370293758526,13672875119.07968,0.0006210365893444
1.4948063584914464,0.0537150404901615,1.9687826354573328,0.0187212313689511,3.2992438456297544,14.103265115250151,0.5697426057607421,91.88290141032223,15316616319.166388,0.0
1.359754316292024,0.0698889025701763,6.773730699074068,0.0832525114163029,2.687867328613512,1.8994225474533044,0.3947440854826629,113.99906800124069,14614957722.639778,0.0008510131504781
0.7256958165438355,0.0460075281507502,7.963189760946243,0.0809591857098949,2.941709990290489,9.869887871780769,0.5111995984566903,106.66549892047284,10525487144.696146,0.0007641597042362
4.81632518874963,0.0549237860728748,6.896853844052635,0.0555307705453481,4.00765160958375,4.558104472287106,0.3445637026322973,90.74836314519608,14795363833.820002,0.0013593788960554
0.6642570816007038,0.0858315691085351,6.090549181242784,0.0974748374521647,6.370338761274146,3.667205099870006,0.3490581296005123,120.76627010292655,12999417589.062117,0.0005066583938748
1.3460595831136866,0.0947750069010718,6.879531313723006,0.0851795182756794,8.409957481453986,3.949714509973689,0.6686386297269088,100.61558469241952,17161308905.816856,0.0005167466632005
4.900131429237526,0.0975120508895419,9.786948793072863,0.0747955433298637,7.118292777219205,11.80049245407971,0.8291372232496533,82.34159104383922,9466937024.990171,0.0005639064064535
1.819256873798265,0.0991760614631573,2.606945354778336,0.0203341181197427,6.337335500844799,8.780900913057478,0.3942651518518447,86.79675214410115,18370089539.261555,0.0007960345597447
1.667213784515927,0.0889727935409017,8.842914831287493,0.0902721274244443,4.710064160245482,5.774280095259988,0.1312083549065174,78.12938844623191,9307281747.399555,0.0005954978824113
0.9736226259702152,0.0845623793258501,6.696840204324097,0.0568034509502489,9.559670233187893,2.7672379969418013,0.4210199747295722,104.31901290153276,9113888995.09244,0.0007539388345383
3.405345570038933,0.0451612569828482,7.187271426254712,0.035262300731201,1.992440297969235,19.9500032398634,0.1210827362304515,98.93786659976134,17673074454.804127,0.000847550002481
4.715167889439467,0.0525447809700483,4.336560462395087,0.0224768363797402,2.871024443059705,17.25451990282606,0.175349128437384,94.10963254301234,10850092643.087645,0.0006587282044034
0.9765322886477966,0.0779715129368692,5.153268642625206,0.0370524344565579,8.28428924758122,9.470086658833976,0.1055892671833202,106.8295112160015,13968577141.046455,0.0007520267398083
1.017410044962383,0.0761218536490008,0.7736636354871788,0.0501275222377719,0.8026153457454887,11.5060009436126,0.0390065786102204,92.34856309960814,17270499885.548977,0.0008274844708983
2.2723245634041884,0.0725370303097259,8.802950129921477,0.0261404823646167,1.5690925175720205,14.897777423595969,0.5430070850592636,107.9732484741133,13971353540.86085,0.0012415744099216
0.6845003145803907,0.0449087370806655,8.753513204549837,0.0697109900995938,7.197463958663415,5.838076027636783,0.214648748212729,103.92434484291611,19100733081.28248,0.0009883200378286
1.55095781207776,0.0614197584121644,2.880234686207671,0.0748381177727838,3.494470156467245,2.9824082919385217,0.2379958790920245,89.23413837865401,16074833270.28857,0.0005385241891025
0.7445196377506467,0.0456026873050641,7.834576023138618,0.0801076754014236,2.924780447215169,9.870461873126306,0.509779002408063,106.90805486070003,10533549573.244492,0.0007647573557584
2.452390837060636,0.0947206537661821,4.140499580184793,0.0804974229235525,4.230684281194899,1.844292810709966,0.014748013269044,98.94912828111808,14759108190.491894,0.0006047854368673
1.601283380744257,0.0592575193478843,4.254353029016832,0.0735103157376577,2.112288765959901,4.378279475030862,0.2300643797841483,125.72571452298952,11729217232.225536,0.0006812860108685
0.7547281570227089,0.0452856395976128,4.398172971069508,0.0346095822600362,0.5887079946731095,14.501025116226444,0.23957159566831,81.47185301849474,13922578790.959658,0.0006449677439706
1.4233019659618222,0.0648319187214925,3.5321666635657163,0.0937317555381176,5.383138194288598,4.020650117970438,0.5915355050417912,108.83969872349005,10914740773.99638,0.0006175357682067
3.734987826219336,0.0779574123253013,9.013900074650806,0.0209268188661295,4.020660049489312,1.0610279333535275,0.6745436798385362,73.97103044823682,19891887013.86027,0.0013018358425546
0.2597855377725808,0.0574047566635776,8.681959986125655,0.0961582068766409,2.463257840850251,1.572133822118771,0.2433681884028668,120.32990758319258,9032331129.139702,0.0009709005451936
2.986992320841677,0.0447718888372605,4.956922938198714,0.0466060920476946,7.93214065225964,17.499392145966763,0.242579948486308,74.6512732002098,9998251514.987385,0.0007688877207917
1.1186081695496557,0.0667893626716308,5.97369844997398,0.0940949825787812,3.980991746774337,1.9507297315909964,0.225045039505566,113.7746214700796,9660287734.049805,0.0008886026453833
0.1470794740287159,0.0598075536545783,7.786932770375815,0.0502149212584773,9.577403670760852,11.91151971184958,0.7944449140276229,106.53730531525945,17597896076.46354,0.0005618586445241
3.983726786355376,0.0780295236616603,8.710786964144475,0.0191878632480894,4.332395133064039,1.2141397490967396,0.6764609353130161,74.97621278305058,19929310207.47204,0.0008743308714312
0.216811838352599,0.0504120508481561,5.105206134310274,0.0485210129189235,1.9949646038217907,11.175583344673848,0.4320588244347259,61.97371387539983,11342301643.498957,0.0005478838721887
1.026954169860427,0.0807941005892336,5.846261818993373,0.0399956514883002,5.98031055054075,1.3118554503432904,0.4424271352036071,117.83554029204775,10576646591.361176,0.0005729224081294
0.1820576731216807,0.0800692037210451,6.195370795872203,0.0961963528181706,5.414601009325503,1.5627342880044672,0.272410490733723,127.53585290753745,13295859098.504148,0.0006934849160615
2.733156111976192,0.0986329528280797,1.102694678203285,0.0859418009581682,6.521848905323328,9.081457168369074,0.0148107481001509,94.2122169770978,14098242405.667393,0.0007624935418597
2.1187228663131847,0.0697026239647846,4.94736286858015,0.0821421698574461,5.187941250764328,2.33231543046829,0.332969417995421,107.96434265092138,14237836283.771118,0.0007602086974096
0.1170903864510629,0.0458629895546021,8.421300161367794,0.0508515563984349,6.877054875801631,5.80492512747021,0.6045175190971994,88.88018295496116,16443656214.840332,0.0005516414109322
4.326102912033202,0.0454845404124534,9.74590334960583,0.0583894536666464,6.642544727138672,7.186924701432147,0.5754704618623699,60.79842917531739,9039441033.857246,0.0012870297136676
3.499233801906449,0.0777478406199065,8.690327923556143,0.0805050552650528,8.929179124803078,3.4969970683000504,0.6446477603354043,71.18794771108966,14310604370.210598,0.0006319119548009
2.6665545739689347,0.0979669582348365,9.313125819631622,0.0798830465271036,4.946345576802393,9.939624948564754,0.4651209893803523,61.56077830049738,12647369534.633003,0.0007608225063872
2.432575969168388,0.0791632716656753,6.14626618233415,0.0591635400623789,4.72897874184506,5.34459513975242,0.0511813140228684,89.88058800010161,15185080286.141022,0.0011006672055389
4.130906871249231,0.080809498189973,7.31034968628071,0.0585503607393228,9.790133024703827,8.497063088794329,0.7976870244560097,95.18924181842884,9166908612.23343,0.0012117818363056
0.1835311198231814,0.0800529385295805,6.194478656290101,0.0961731095774665,5.414753271701222,1.5647325103577288,0.2725511913065627,127.5509422322232,13299312941.42199,0.0006940072077566
2.604777376326348,0.0535853200093757,5.963693023282221,0.094034250681545,3.782533612217508,2.6812665198315107,0.4498352199218043,113.56903600985454,12153098467.180595,0.0010557535673154
0.4669116052598466,0.0662688278398297,6.14256674778124,0.0893027658117775,3.584412282230128,2.764851272541175,0.2080639806267388,116.3597572777024,11249290712.017427,0.0006978876300581
1.6097625348369806,0.0572380462460181,3.4317075228374136,0.0829870396662545,5.356478975366228,3.568422168121653,0.5063940224380389,102.68021310115932,13031161675.194958,0.0006046396213226
0.174952436203128,0.0620837458406669,6.301511012158724,0.0957037015858521,5.165535494427044,1.8009434794041146,0.120893260702708,119.22744430082554,10574174164.928225,0.0007695451200896
3.2571615212930647,0.0657050132334801,9.932362030852062,0.0977071281314872,9.528240039014609,2.383291603869898,0.7420368807090197,70.58836840382772,16867050275.452332,0.0005843401155281
0.2461618713397509,0.0994048682545947,5.039033777601805,0.0904130488156504,4.562147779794593,7.569348646843272,0.3145903183382268,120.45867746130122,15563732949.31993,0.00062556399196
4.1347471800398,0.0809824814679698,7.316511896459162,0.0586169326233366,9.796549356411106,8.497569562938134,0.7980923678114505,95.20197812562016,9161205392.55579,0.0012092637159433
3.4098741543906432,0.0684189103648155,9.986729347950876,0.048630608834696,0.1128434228883485,7.757013509627646,0.3385533166847209,68.7382940247218,17661289388.78054,0.0006432198201142
2.756425512572782,0.0971112871592459,9.502307596039016,0.0924166559759797,4.04113081974529,2.63581649261387,0.2261955722537394,86.31310822883316,13935095419.128428,0.0005367471280291
1.1097363484485994,0.074082552865551,4.874691396378107,0.0586396402005556,9.748166995384612,8.859795592902426,0.7849084597051075,126.03155592916085,12328155411.027027,0.0005070462810557
0.6936723490606601,0.0475839423480618,9.298092101387756,0.0877029558446399,0.9554121283428992,9.271444367382207,0.6896089119832097,100.40369954929106,9483613713.45806,0.000608205968365
0.57003815885998,0.0125493809843782,5.267003947328113,0.0920366754033576,3.0301250102387267,11.469231265566371,0.431479732167277,108.72796929156696,9017394343.307589,0.000562052703452
0.3113977325373859,0.0897509909223984,3.762507638713572,0.0293478808043665,7.127261854505866,3.964669250466987,0.0976391220216303,97.78879874686302,15722263177.897804,0.0005915941714019
1.505885099482085,0.0746246709723042,4.223032111524237,0.0964203680902953,1.9679929807674683,16.072208857867707,0.172931716409393,127.39593581189476,14755997872.054577,0.0007427592279681
0.1636538184244906,0.0608902132712654,4.7918327387117206,0.0859329190026598,2.5333746306094227,9.637342578380816,0.1789493466072244,121.84033691201957,12152384781.298286,0.000543855331058
4.894127898767579,0.018147512855972,8.771995989929941,0.0458437481835736,2.78126268022517,8.56060106352633,0.8143890089562841,73.14438902732282,18587792604.29411,0.0008520387406933
2.3135565629797004,0.0968885674704406,1.9122515514324911,0.0886089723098138,9.947753219947542,11.33359235977399,0.1812809630643424,89.74915783808406,17351248923.072052,0.0007011267573459
4.5727704391571455,0.0576122144125542,5.614134801002992,0.0400274173421335,8.920788759830304,9.671221523967246,0.4971224167608878,70.36288340451196,11370559877.62059,0.0009332519637286
4.1175203032533165,0.0809891745214933,7.258264009767031,0.0586038087946174,9.795784614737954,8.497418889514435,0.7972581570070064,95.15973487691744,9175967689.54831,0.0012100100364676
2.167419999914192,0.0825086145012743,6.867066481641567,0.050567090179706,4.679826953912239,16.248782388113575,0.236758595244595,90.78986333707503,17132256852.56769,0.0006444219654883
0.9765322886477966,0.0779715129368692,5.153268642625206,0.0370524344565579,8.28428924758122,9.470086658833976,0.1055892671833202,106.8295112160015,13968577141.046455,0.0007520267398083
0.450829244402858,0.0700868481797199,1.4721912431385271,0.0338346343460852,1.5069927931273546,2.5062111578178388,0.0247225711762368,87.92253383912822,15415295838.035568,0.0008111524795516
3.713874391919329,0.0731827026991168,9.865010051763727,0.0091310870268329,3.148158560421321,4.759301423669524,0.4431658029079617,72.35299091082277,19887121364.71299,0.0
3.5080344605239,0.0432788464601149,4.524310594883287,0.0533599596827171,1.7947566171356537,8.154068378142696,0.6665833320536421,78.32185626625771,18510299029.86125,0.0010607251665205
0.759929865035728,0.060725816521496,6.492994617517899,0.0845810713339988,3.519561888980095,2.4675838810406745,0.7147029376390106,82.96250583684055,18240349594.786148,0.0007709283586699
1.4267234802616886,0.0764085367237275,1.94726118613088,0.0814360081989176,5.966609818338633,2.226670026638612,0.5969705760547592,109.39838959703792,10045731932.20678,0.0005415636347556
1.588122312107758,0.0575582694383824,6.252969877858199,0.0295210330716226,9.151154796678506,16.508414380530475,0.0784243046216901,85.17495745481942,13721967613.215742,0.0009325106366062
0.3298579327626355,0.0467236918778879,4.601543592664946,0.0993123810040699,7.512535086524825,3.604442278517147,0.2666039846379421,121.54298659169652,9092471134.896408,0.0005950271896005
1.0744827673598587,0.0904049597675664,4.014027382869143,0.0810151987046679,9.98289658372757,4.965900390415712,0.5288770779494524,110.86541103943422,15159161814.83806,0.0006232495723032
0.6784314029850109,0.047212834311075,7.951818147560383,0.0836081804708864,4.533095947066601,3.6572252430442616,0.488673141000938,96.59591300746592,11178459117.362925,0.0006832636253553
0.6427785105864537,0.0997556489982178,2.5214449711675,0.098949490753472,9.396918384233,3.837781476702431,0.6551070049996487,111.71676879780632,16035708418.758812,0.0005267460778671
3.702400587299257,0.064564953474028,6.143666929071537,0.0492566353530349,7.50965951052443,3.611181958357454,0.565711080357879,90.6986174480057,18034843866.555862,0.0005042602556114
0.3470921170485522,0.0595921055809252,6.72939588385836,0.0940670399538048,4.838467078312953,2.9527980421687268,0.2143464598894558,118.13393208864284,10401436317.859602,0.0007825725718541
4.16490358999633,0.0958911970001097,5.941909374343172,0.0887063235329201,4.756825809980066,11.288906847571893,0.4742207512095556,62.13157796474696,13413932845.552391,0.0005465583697195
2.6846859647067367,0.0615430118324729,7.305632290597893,0.0867588212798578,3.7280436139939512,2.199574267425824,0.0872408147727419,108.7231636446153,10365747475.555462,0.001103535959759
0.3754182328928944,0.0537666028303698,4.972682335159941,0.0981269415470271,2.314621464526444,2.789897153454357,0.0936800288410659,127.39990969418544,12219957093.867428,0.0005247914556149
0.2880200224943329,0.0979057638082292,5.573346302007975,0.0880603841893036,6.737650002687567,10.504709128047423,0.3457935126555699,118.9844119572408,13587475917.512316,0.0006014974593203
0.2035375438400659,0.0653004508539497,6.884529233053502,0.0470889417208696,5.563650805608529,9.312640328644722,0.8062757148474562,98.09983586774692,9429628573.555384,0.000771925021419
1.0800975214304247,0.0828922947157585,4.113103637076262,0.0884722904508822,9.008816777808368,7.131053231164652,0.7991282135898502,119.83135610145176,15993296048.364023,0.0005759494361975
1.6990883031729591,0.054725730207494,4.162849407980664,0.0470445470968367,5.571364782566554,7.999321590917922,0.4577313771870688,61.36188546972693,14207248101.23658,0.0006058425363376
0.3810096228052229,0.0694032230898118,5.436064917903899,0.0826226058132879,2.957266812295924,5.8018435818569385,0.4344935664797849,109.28548689283971,13687570495.67254,0.0007107507562632
2.704213086070346,0.0980230469315459,1.0142407596699532,0.0849280485068282,6.581423949476018,9.011361976957684,0.0122986838611474,94.3678579304746,14067461047.52002,0.000761929211889
4.435904434408367,0.0493637147378006,5.8080639575558335,0.0568791576390449,4.780186790367151,4.66227036500373,0.0847013580139407,89.23206186602715,11136382894.31847,0.0013912769967273
1.4487645576759969,0.0834179798561043,7.381156903122157,0.062308778110963,8.900175288625054,2.9332746507793104,0.1919503839597465,127.58008703614682,12899196715.25169,0.0006660635006658
4.16173657045422,0.080970965838694,7.392676056740987,0.0584693261817761,9.858083469437736,8.523939320774458,0.7991606280736465,95.09424965673524,9138713435.0057,0.0012155420350196
1.359754316292024,0.0698889025701763,6.773730699074068,0.0832525114163029,2.687867328613512,1.8994225474533044,0.3947440854826629,113.99906800124069,14614957722.639778,0.0008510131504781
2.3372799548983885,0.0556086368716101,9.014204559845124,0.0477933874040472,4.448266168205626,16.509705480868934,0.7198632514263682,88.3007671932228,18731556648.8486,0.0010541737950289
1.986131074572616,0.0879065423957526,7.486717501210457,0.0628186068114715,8.589498193388314,12.672261189329369,0.1229988135503376,64.30896519675785,10556376985.6031,0.0006931654272889
2.604777376326348,0.0535853200093757,5.963693023282221,0.094034250681545,3.782533612217508,2.6812665198315107,0.4498352199218043,113.56903600985454,12153098467.180595,0.0010557535673154
1.7610633309894668,0.0680108194926803,2.6674342426008444,0.0523002415555548,2.294228706077808,17.992101964385192,0.331674512880995,65.23725007778337,14476714754.47414,0.0007236425256343
1.086909232423185,0.0443833779471188,9.998502097021168,0.0599152877169018,2.2526745056091344,1.5870527111072892,0.5683485322747841,81.5486955770611,18157832030.328342,0.0008086575695919
4.702840688811036,0.0666772923303374,7.636313288759344,0.076506929745718,8.940150034251662,14.054206760785982,0.4138180026272209,99.08220962710988,11248859158.166409,0.0008254616164982
0.68143396424658,0.080303603716309,6.656252026152221,0.0864568803590037,1.4792491973405253,3.866592964366797,0.0524488318892382,97.78200768306124,12968554267.682388,0.0011877687949912
0.9275209745756492,0.0951716305779718,2.9263016300447373,0.0994762867192323,1.1801898673220057,4.24722082722949,0.1200475693048156,117.55782054968132,13177799372.2585,0.0007603168594682
0.6218480633486706,0.0434784888383438,2.5825356759810454,0.0416548126446867,8.349480589539647,14.87925649922237,0.1537900310423463,94.46222818084324,12058725911.585815,0.0006084494946964
2.4034900992557207,0.0645019031078318,7.648850349222759,0.055007567319544,2.0452491738300638,3.7855032737017353,0.2406217546071665,90.23517851312,17282267781.875126,0.0013161686147795
4.894127898767579,0.018147512855972,8.771995989929941,0.0458437481835736,2.78126268022517,8.56060106352633,0.8143890089562841,73.14438902732282,18587792604.29411,0.0008520387406933
0.7245175274000399,0.0899023579306926,6.096031182499831,0.0996749566607836,6.575569543432948,3.36606282005082,0.3532774900810982,120.40259446203372,12820860529.35387,0.0005096756451442
4.857043177313032,0.0779355679716598,9.387364075692847,0.073031678403344,7.344350008921056,1.655090057875661,0.4030979991192641,81.96168759754919,17046714560.846056,0.0009387078527301
2.2616820348341022,0.0705951127278296,4.013394208737065,0.0394066681639444,4.68703514560673,9.623585945153549,0.234263586138172,116.82861824517492,12166098707.37922,0.0008305402876478
0.9430281535434518,0.0488313893046965,9.560283177987667,0.0598216871987195,8.705482729755998,2.816243582204732,0.6683558573505888,97.69084792885722,15873998953.774424,0.0006004687700795
0.1178086752925228,0.0435224441139826,2.730872530433174,0.0399372629601956,1.483819970080012,12.478073527348352,0.6769374568380817,75.48615572012939,15251944536.693745,0.0006744361013111
4.455166669534842,0.0518596133210566,6.685602088358201,0.0297655914942184,9.872498705085173,5.548796725505753,0.651505541274311,89.26974068115788,9533508536.44534,0.0014114304813874
1.216081956669106,0.0421451013602694,7.117523497099612,0.0370774382879665,7.659937169022097,15.904863914494896,0.4415591582780156,82.77112008071926,13123731873.620909,0.000564835337542
2.103611189029221,0.0686370924385906,9.743089971362588,0.0395320686964589,2.00593534771967,11.361427067927108,0.4618062118691234,64.09628901730973,17890743714.04995,0.0007364025234098
3.3270014431727235,0.0950994776788145,8.17938282890616,0.085082976879157,4.663822910932735,8.129581898664867,0.0813214332519355,68.1410902181387,10614202922.15492,0.0007065171486079
0.3847337364509444,0.0696936221903066,5.619201777493694,0.0824904328592887,2.951470845732786,5.699755892697385,0.4038247114045512,108.49078145472735,13917815013.939089,0.0007301258674713
3.851802621078355,0.0754515651694795,6.387622111413522,0.0774983720906997,9.651271791112135,6.202699990252614,0.4975089778688469,73.41170955897385,17388495633.539394,0.0007626355630252
0.157716601949218,0.0811900930151992,7.036084142568924,0.0875222038848465,9.151524114817404,8.205058212136109,0.7540613133191628,123.5470519915557,10989397594.692797,0.0006340562635971
1.7868989390308605,0.0872364973048455,4.624894172277088,0.0656469705237207,8.965406112342857,14.925714424433858,0.2483945837172461,66.49824074458124,11306652229.942762,0.0008107207750634
1.9324043089269969,0.0597937591491395,8.608411299558156,0.0793853125493531,4.2950401815978845,9.46781568648176,0.5380427245644981,77.1236516683541,10996764643.15337,0.0008638491233307
2.085336632608149,0.0416084779267777,5.985550123008952,0.088979853277951,3.1259372728456243,5.305499403805456,0.2384096717046538,118.43988397013312,12161033560.895918,0.000976747795652
0.3034418465890598,0.0449568138298735,4.918086841696653,0.0483721273214432,4.383904579860951,7.221552402401427,0.211798639119744,68.65358510294185,12661127543.75367,0.0005296569603699
4.200054814094948,0.0995327777136021,7.896223442268617,0.0697791422242404,9.26737040065074,11.709239960543654,0.7614137253141231,82.56874746731725,9972039990.388348,0.0006527495209509
0.4178111790474975,0.0568812819965664,5.241644989807115,0.0707464494460061,0.844269237252908,12.267521059988573,0.2247934945395493,106.74770994422016,14534258435.058136,0.0007395064835642
1.264613465085248,0.043916286343193,9.233373096094931,0.0990640154435562,7.211328860974674,4.353929489627656,0.0833151898419749,120.83845515901004,11246840485.553652,0.0008253418757371
3.5744183133500376,0.09525642763524,0.4960698796100853,0.09235408962669,6.816224129320858,11.465358380272,0.6012840312494062,90.03394470266198,9929212288.59639,0.0006066932418577
0.6675425519577188,0.0413410225366715,3.8199947545994495,0.0321905504745315,5.154339522538283,15.325017896276584,0.3061712870955056,63.29690250734609,16908152898.103165,0.0006443314758026
4.668648052892092,0.0916892867348355,4.026564604642538,0.0347361516778774,7.816750622352978,10.783161017064684,0.6685702834307798,73.88396627435465,17921776556.96766,0.0005860772588287
2.467565611665043,0.0553206761279514,4.848284235846313,0.0766161083402455,5.061142353203379,4.9487991535240985,0.4394321778043317,126.86842316691234,15789168440.966908,0.0010071496910627
1.0075412202769412,0.0757106637057279,5.58078860299205,0.0828998016165723,6.318333619106182,4.223276665486465,0.3507943807831433,94.92230888363474,14672670443.542503,0.0006820627246422
1.799727241196755,0.0695556496122263,6.249364417129019,0.0989007390323079,3.653495910813669,1.4169201415253152,0.4185282481265482,125.0941197160222,14288646997.86958,0.0006630308013784
1.597501050416388,0.0743402074893428,5.550981086907436,0.0037011610559123,3.792548086624004,9.19711841869394,0.0104960031274043,125.66586183168184,17143288567.56174,0.0
1.1717890149857555,0.0954765274040808,5.386304950328473,0.0693887809734495,8.61831033573264,6.40222331361321,0.4093289262260889,98.87974301252513,17974869374.587612,0.000609524974707
1.0807876243461187,0.0831497355424498,6.805173322554779,0.0976124283327233,9.443930388342231,5.256053785607891,0.5258277074705578,114.33157880003743,13214862251.837349,0.00056554679632
1.8529611080227828,0.0556716595013704,6.689873624268325,0.0450260700447523,1.92746124481239,8.680411691097502,0.697302594984124,100.45040824970086,15587812075.342464,0.0009722194495592
0.8186020847029483,0.0925314061927441,6.122227368226138,0.0676732909441728,5.514712313211323,5.6636207265547815,0.4526891752384306,108.76808246494784,15134384702.940355,0.0005438294708407
2.5829863591161124,0.0639890890570204,5.525291817320956,0.0402785908520993,7.40510220226911,12.250859446098062,0.5715473657531683,102.57569616466598,13364829283.215582,0.000624427152155
1.18419852010275,0.0508112859140094,8.007958680587656,0.0744667332686644,5.874779009698444,10.002762290125077,0.3392308196276365,77.72124137558264,13116141352.736324,0.0008778577186692
1.4226407884022878,0.0788896433678541,5.415135672860615,0.0626535488563904,1.1140175721827057,19.86899482084587,0.4582267599434297,100.28597427057844,18903128580.712963,0.0007767202593064
1.5252428002312437,0.0715605758850052,0.9610889688055504,0.0221734088683245,1.4356687303516562,8.402445059677193,0.3830477624613099,105.6807548671241,14308939036.501429,0.0007892274116834
2.0628317772911275,0.0934225572384015,3.656543624074956,0.0581509826677854,5.713694217390152,6.9567295233304005,0.0920944818034962,85.62008297751309,13081692896.552956,0.000841689761272
0.620737671928168,0.0278718535982225,4.478844290889276,0.074517546504639,7.210750558012388,2.458585048408159,0.3779640871550981,87.54586148370477,9835734680.536371,0.0005393978742309
1.3467080279081851,0.0817875064708469,7.653524600987206,0.0897847357032095,9.555225203398352,4.0732189332068325,0.4029691740384367,110.3638377832735,13054731246.385134,0.0006263565400544
2.753363211554967,0.0786915452970396,8.328437316072877,0.0591182042531004,3.699557645733482,7.468353231920528,0.8311368947394884,84.69212955622275,9695041058.481888,0.0007780026010147
3.8480895940308457,0.0965286674850169,3.225063856285176,0.0291302771759431,5.893549147791723,18.883875202953988,0.8333528984376277,62.13434151237362,19054615532.91922,0.0007621534020794
2.571875258770643,0.0591543866766645,9.069342350688313,0.0152381229463376,4.9796971300158575,8.33829499502165,0.8223761920963459,128.71788971421114,9558918438.38202,0.0
3.726070018869577,0.0928517735649462,7.1479928538259605,0.0706304284699968,5.739521707275959,7.395387369614505,0.4020365772622731,85.04341937888492,12581908024.922792,0.0008012380034925
3.38885484104504,0.0968187479825507,8.480724743611447,0.0587920238137078,6.402294219538892,6.855388381802842,0.5600985364423382,69.04145004766892,10407186501.36836,0.0010047191973945
1.6888254573523789,0.0471938543967999,6.074055265941985,0.0934556170796113,3.995288431790444,2.4277911674961907,0.523376724146208,72.6149343728735,13216056728.25896,0.0005133994739846
0.1885163563257405,0.0593978428272232,5.545262185264497,0.0904248791644098,1.8209638345193155,1.5428970398542532,0.4271562548846921,108.6185341681946,9688783446.434824,0.000674100247705
3.79284227452167,0.07136134727381,1.5997884515458012,0.093219255655746,2.297808520264337,13.784903353880797,0.1914763575801235,64.5431847100977,14581677878.720049,0.000516251915239
2.065275655417598,0.0985690438986236,7.500937325438304,0.0349000722611889,2.350963838121067,8.63567246309565,0.1820369828704489,123.04681682128124,13627830233.50788,0.0011930326950737
1.44380005454492,0.0531240129011808,9.848304882540011,0.0313470113967586,9.823642195721032,11.115427401974452,0.6215983847810864,119.60599547250544,19589254210.21723,0.0006523406157472
0.696492053481902,0.0630848388482838,5.302348521186436,0.0984016373632072,1.6322352846692212,19.524462622369143,0.8189804978234156,118.76321161916836,9968546621.365692,0.0008509676493015
2.9942263732981798,0.0914799977866618,3.656919982720538,0.0767635204112144,7.049036697690533,5.121720886125041,0.1209782557934817,87.97930177690483,12498567898.901497,0.000811497429388
3.2224854583716813,0.076371942899981,5.410140384987531,0.0308098058752936,6.705002431339243,10.250372919732175,0.4428054370411134,79.10694608071007,13745621427.182564,0.0009550861928837
4.496931446620432,0.0924067228040737,7.748484170884655,0.0805473850567251,3.5160052724747537,8.889208315132283,0.1804078133173813,75.37070617243471,14026555557.163736,0.0005268770301956
0.997458662877188,0.0903483805371134,4.244096714117909,0.0824815863663447,9.99409081237502,5.065801602996181,0.5316289360327111,110.81094024775848,15044730688.583849,0.000623130480187
0.5434199596635203,0.0999538782336185,4.981209380136516,0.0866919277951576,2.197221374416306,4.063343893924466,0.7574714260605312,66.97741495325128,17116695630.278185,0.0008853504478405
4.088129298810171,0.059043276007207,8.214372693953715,0.0614298130607773,3.9365631042944704,6.414775191467834,0.7808760847040089,94.08007800139218,14217037262.934662,0.0006321178798181
3.017833038225478,0.0837470147743052,6.359428203081258,0.0821426064952009,0.6439496817876567,4.881834225586537,0.3043501898862409,96.35310915724853,9128700829.658752,0.0014184508813063
1.1494548886347933,0.0898133895005872,5.9133669541523926,0.0837485714487518,7.712059614082565,4.7065918077338,0.6280235578069242,106.4157067247323,16131864103.915833,0.0005828330913635
0.6294027539384678,0.0551853512583864,8.052945420312001,0.085501820796733,4.257684581442298,4.17001219340707,0.3553289253715385,103.13844567381088,11936328420.431845,0.000597794530473
1.239472862056796,0.0454689603298827,8.110644157498994,0.096841881242707,0.7771609877175972,11.16981416332254,0.2651993162882913,123.8869021741148,9206840330.405731,0.0007491614170963
2.619221526368728,0.097093928597122,9.164403327706983,0.0790665244872793,5.028300677877305,10.106243886975518,0.471105666582952,61.88681717725923,12500745222.91671,0.0007743974032909
0.7256958165438355,0.0460075281507502,7.963189760946243,0.0809591857098949,2.941709990290489,9.869887871780769,0.5111995984566903,106.66549892047284,10525487144.696146,0.0007641597042362
1.1536361509047683,0.0898147061338591,5.9152981721641975,0.083361522487907,7.72982094821599,4.691140594653833,0.627449690852431,106.45165265780042,16132231617.980972,0.0005833966319393
0.3826896299927789,0.0784173684957,3.1914624580481004,0.0506371669385913,3.619311877609152,11.883396836864874,0.250672490237607,117.93706982509926,15966462257.188225,0.0007323174369876
2.3829371053150443,0.0980582820734624,6.861636750814119,0.08607087122645,6.634295554054914,2.9649801951648755,0.41661948338778,107.58313718584084,12601694316.190887,0.0006550961794037
1.631532750810986,0.0820585513970222,6.954459695692097,0.0717517684545467,5.569816708724948,3.3295878938621093,0.715703819329689,93.73117723463434,18160280796.11489,0.0006911028121381
4.5807511493025945,0.0535617048265158,5.958240557770207,0.0285008425864619,8.93669922082242,7.138121554478918,0.5899344301217385,60.71349619619423,11813603703.246706,0.0009725203939444
2.0376096715721483,0.0676049853979083,2.754489627727638,0.0504123935595516,2.6789874932669986,11.796433320042402,0.0992868787201465,102.45218755409508,16928063968.74091,0.0008412251908657
4.414316351075368,0.0775267513903797,6.9095236013389565,0.0768843451097945,7.8606792350702674,5.299654765551598,0.6021624318555149,72.47728681797587,13675739961.264736,0.0006389745087159
0.8658627668213873,0.0411630837808163,6.105523584778968,0.030116514981346,3.610711836594928,13.213168086848883,0.3117157310156596,122.0634931235846,15524153774.714428,0.0010544583953502
1.6410741598148568,0.0538791156733812,7.135881784149623,0.0468525982178992,5.642104570297416,4.209998140349573,0.4929934775477925,94.16872163276928,15630156447.6961,0.0007729263204828
3.454509419427773,0.0558569572623442,2.765288195481188,0.0433692120051777,1.4810350741746547,8.594190738649832,0.1250736894429993,106.57456398150264,9673506211.131607,0.0009089924404294
1.3075949099255395,0.0898161781810262,5.55470519109605,0.0559222040319405,9.603866978663318,2.8444509926613355,0.2000170550258251,118.21337785497892,13597333507.005074,0.0007273488063947
2.745789921964917,0.0437723250591755,4.533086425420012,0.0345789784234161,8.532480867618244,18.40336235723917,0.2211618928578105,81.08082857900428,9981669277.60295,0.000833821603294
2.418493922000162,0.0916957853218737,4.8431676177397645,0.0394647403394432,5.085726571970078,6.271816544994238,0.5004656749982623,78.6490307003043,15497553735.745226,0.0007045534986497
4.670314781590982,0.0916893979789685,4.030071329130895,0.0346957296643954,7.809019959112832,10.784915746541156,0.6690264513231852,73.86515815510946,17918520003.020115,0.0005858011763342
0.1658371807189864,0.0805671468268362,5.224136751933675,0.0987496211838057,8.501268725498266,3.560957638323033,0.7294680353246042,108.61763622116509,12961916711.09115,0.0007013895105153
0.8186020847029483,0.0925314061927441,6.122227368226138,0.0676732909441728,5.514712313211323,5.6636207265547815,0.4526891752384306,108.76808246494784,15134384702.940355,0.0005438294708407
1.01083934421416,0.0813141742451392,4.612371885407062,0.0871841282240552,4.728796866182071,3.63557674242886,0.4621297192594534,95.34710607098624,14261736655.487677,0.000676439689545
0.9860268959088484,0.0616930991314127,3.367603182989682,0.0919039223999037,2.8533059701794223,3.4808508719420037,0.2039464591726947,125.66439530566224,10303221610.67244,0.0006146738337309
4.1347471800398,0.0809824814679698,7.316511896459162,0.0586169326233366,9.796549356411106,8.497569562938134,0.7980923678114505,95.20197812562016,9161205392.55579,0.0012092637159433
0.6829895445187176,0.0825937416435993,1.9935585675650944,0.0626009652695876,1.7606973216039976,11.537712136142224,0.0664610316443492,81.73480394285086,18035032880.270046,0.0007301639969982
3.053258956418852,0.0916139794488635,6.80088923699211,0.0463814463827987,3.280681810598084,15.87997734642216,0.0580145087191131,107.14371489992315,16507996015.66329,0.0009811544081227
4.9396469454868495,0.0787515537106179,9.404244664395955,0.0975867461560069,6.470893408817395,4.123941844336428,0.7025401127478337,67.62846180713652,17391714420.376633,0.0006432936828885
3.790781616412605,0.0584880134841791,5.669502677322193,0.0650413463933719,3.966095911404362,1.0253342952020716,0.2776201615321432,102.031151394661,13089642982.487385,0.0013529771610919
0.4551069927394809,0.0500031687979447,7.189898615672636,0.0431401261756779,9.34424001946487,5.256154242736833,0.6743687570165473,88.40584985072104,16661961857.776297,0.0005578738498622
3.3270014431727235,0.0950994776788145,8.17938282890616,0.085082976879157,4.663822910932735,8.129581898664867,0.0813214332519355,68.1410902181387,10614202922.15492,0.0007065171486079
4.1347471800398,0.0809824814679698,7.316511896459162,0.0586169326233366,9.796549356411106,8.497569562938134,0.7980923678114505,95.20197812562016,9161205392.55579,0.0012092637159433
1.0909656350056514,0.0928695600435967,3.7957171824843887,0.0929383168178643,9.638374868993026,6.931104267646777,0.0829614053106906,95.3179480382594,16033236729.655966,0.0006894467275748
0.4827235558651778,0.0613984680673313,4.819660667318134,0.0570374244993438,4.564161231560544,4.457751067166419,0.221658041123814,102.51693089646452,11205050051.581142,0.0007737913759604
2.676083855580959,0.0979146235881759,1.0186840929951286,0.0864979859080316,6.54730887086157,9.062128519122682,0.0123094856201668,94.93399407431204,14130067548.502745,0.0007827504774271
2.0909655772488285,0.0980475029682212,1.7489589637369976,0.0934701182419243,7.456353038878073,2.835183963425618,0.4233922613929321,126.38608515377696,9468299523.446138,0.0005701997883288
4.409864388118201,0.0715102867163423,1.814528047631505,0.0788261678612528,7.686944727647202,4.754954575099982,0.4963426407571075,109.39286495505904,13365100997.632038,0.0005329362839273
0.3258214454052964,0.0214652446857451,2.712441651848757,0.0055904824871928,3.932358075060117,2.171587652382015,0.7275122626477278,123.49080503079706,12264689213.59385,0.0
4.3025118841920245,0.0984765081340974,6.339609083174289,0.0981839886531282,7.840642163355499,4.836800494132614,0.7459061408026114,72.16282403552447,12760422084.626572,0.000516174449382
3.2676687395945234,0.0662869551897374,9.97145453946796,0.0977759959777186,9.548258163449947,2.470663020563815,0.749114191073218,70.36344279013146,16890094607.0571,0.0005852607721642
1.382944441814262,0.0665388729368542,3.630305813717588,0.0440026367107108,4.551036410307017,17.493683020106904,0.437655484168717,64.07681494578307,15646634415.976154,0.0005780805528156
4.088129298810171,0.059043276007207,8.214372693953715,0.0614298130607773,3.9365631042944704,6.414775191467834,0.7808760847040089,94.08007800139218,14217037262.934662,0.0006321178798181
0.1303661841337366,0.0920174157615105,5.532603415630255,0.0864167514920928,5.164661223219512,14.145461865432065,0.7086412248168479,128.49830486800926,10219224991.05275,0.0005339915870277
4.265033674448276,0.0951221771683501,3.0582042973271086,0.0033653433287462,8.53636140949636,9.059504334486038,0.728126696983535,100.006522017986,10885995974.44088,0.0
2.971611024524878,0.0489624002843589,1.937952561507248,0.0658223797296973,8.248648847505367,8.384009474938146,0.4153248634727227,77.99710149606418,16807666233.670618,0.0014273136066892
1.6236640968889449,0.0822459456665752,7.018894269871724,0.0938007773551088,7.598327041957994,7.86066032310995,0.5777153675553482,112.23892489996504,14798603252.283815,0.0006175379455103
1.1083295904081285,0.0703115826548234,4.919052649432662,0.0989730294306808,9.87904089911996,9.203316350911452,0.3914313341397125,94.32193028781312,16353315633.9403,0.0009157792635484
0.9275209745756492,0.0951716305779718,2.9263016300447373,0.0994762867192323,1.1801898673220057,4.24722082722949,0.1200475693048156,117.55782054968132,13177799372.2585,0.0007603168594682
1.8944248035990288,0.092119052990577,4.485716792452966,0.0243046600203322,8.544215230282257,16.1389515195677,0.1853542797544503,64.79915246853614,10179296291.98943,0.000795201060743
1.348933506129671,0.0974379669901474,5.410239238159945,0.084657625686588,8.78866572117764,4.467759258923049,0.6878838855853007,110.94843823861528,16722905610.719442,0.0005295820371639
2.5195751196001344,0.0947772430273173,5.512382543756378,0.0841215224423894,6.77359751549509,3.681383135511441,0.2838470862652788,72.13257277648,13151377186.247684,0.0007044272514788
2.704213086070346,0.0980230469315459,1.0142407596699532,0.0849280485068282,6.581423949476018,9.011361976957684,0.0122986838611474,94.3678579304746,14067461047.52002,0.000761929211889
0.4541458218689589,0.0650325657238819,6.206841268293148,0.0872800441434124,3.5291391381288677,3.105575336162014,0.2068741113209099,116.17636640450912,11278705199.839771,0.0006985793711533
3.0778363851339825,0.0737847422718262,6.809713154753504,0.0362319214408369,8.885807406703433,7.466437698373358,0.5132936337793973,106.2448122447295,14073933716.430798,0.0014145391083058
0.2555972399320213,0.0563869691125894,8.56351445376163,0.0955502967804825,2.6420973085581814,2.355966213970186,0.2605077420652836,120.30138098553223,9075517189.064152,0.0009994895052453
1.1658424605332227,0.0879822375314888,8.827323876580369,0.0944507890326269,7.69689394380136,6.217275948651703,0.7390174486509385,112.34154189806476,12152969518.559698,0.0005868990005938
0.660657091141573,0.0858550724228558,6.104414786993045,0.0986647048270171,6.4447704303937705,3.3615017785757324,0.3570224697551297,121.23616997479236,12952618420.996798,0.000510166700998
4.907152429631942,0.0707530817161598,9.102060182311613,0.035467589747468,8.334412083376016,8.013593381356554,0.8165935943436182,63.873784230841,10322745593.492374,0.0005254666318354
0.4845204689542463,0.0786828380326664,6.029611860428455,0.098912099738668,3.2156535759677656,2.055300708079697,0.1212748000349856,89.79797968695233,10287324412.853756,0.0010075658638032
1.3541573284766566,0.0911934643619161,6.969031526948471,0.0450969354110188,3.365893082805425,10.513416626980227,0.0288924289222584,96.33612858954244,16674750237.71901,0.0012650691108522
2.074438845639881,0.0539657792472449,0.9725978269646433,0.0766012148537737,5.148479740070072,9.325696951628837,0.3091309628968664,65.00395385979375,17060547319.90562,0.0005701500133678
1.5757776014694334,0.061945118812345,4.420157860464101,0.0612580333583134,2.79345849486778,12.358683558885158,0.2105941121001031,124.777625823154,16582064208.594398,0.0010413196126839
0.1025735337586518,0.0901570834156419,6.176887702768104,0.0836160625623794,7.743556602572209,7.012457025557292,0.2348125090090677,116.15668982745036,13822043678.028582,0.0007595437521729
0.660657091141573,0.0858550724228558,6.104414786993045,0.0986647048270171,6.4447704303937705,3.3615017785757324,0.3570224697551297,121.23616997479236,12952618420.996798,0.000510166700998
1.8529611080227828,0.0556716595013704,6.689873624268325,0.0450260700447523,1.92746124481239,8.680411691097502,0.697302594984124,100.45040824970086,15587812075.342464,0.0009722194495592
3.748604789089655,0.0916135037759911,7.247486184976145,0.0610131513557151,8.22451014274204,4.743354923481016,0.5299571245800737,72.21176633573228,11406430689.6618,0.0006845807559244
4.5807511493025945,0.0535617048265158,5.958240557770207,0.0285008425864619,8.93669922082242,7.138121554478918,0.5899344301217385,60.71349619619423,11813603703.246706,0.0009725203939444
1.952331642453372,0.0637099001866541,7.985209461147042,0.0463313130373275,2.6547134230388285,2.5742067588699813,0.5320910574592733,99.20108087166923,18345652256.748367,0.0009335111528253
3.043518070597276,0.0914877165998494,6.821906026524825,0.0468673586532355,3.199648238392984,15.814293046132674,0.0490599344494759,108.01480554659663,16504987027.76089,0.0009762667710757
2.276788153544236,0.0517435914015896,7.82651834269631,0.023798128899631,0.1249707223716093,11.76030296472772,0.2110145322936763,82.2287241118805,17886922469.28292,0.0011507421727251
2.076492433537053,0.0746843221005576,9.14077275848372,0.092193943128711,6.387075226552593,9.381101035972932,0.4734282750849174,106.5166156887978,14264291896.237272,0.000638935951869
2.501227756238612,0.0589964604603015,6.811380065932135,0.0381712073932314,7.592719393550423,8.213691295971845,0.7754797539914241,73.8396388005458,19305892206.85185,0.0007520329575195
1.040616845092833,0.0951774424579627,9.790846450394303,0.0831391174770608,9.887289866182869,6.581103460423084,0.1385880704659504,128.34743814015204,13427330323.03896,0.0005541845315034
4.31222366762369,0.0933236820837578,5.755358295419229,0.0560446282513904,6.573222995915748,3.4807023208644527,0.6577566652766756,79.59132341789044,12704060337.41152,0.0007741461526605
3.0232891921941607,0.0776654583520292,1.371613829156192,0.0601400846425063,2.332077990570339,6.889828344312899,0.0784260479454281,122.8409938476566,11664150846.309624,0.0007171834624112
1.312516778449143,0.0817969834910043,8.600418795400724,0.0869914672723458,9.75126545724601,4.510356885520038,0.3812467905703559,128.1518616654194,12271092840.045956,0.0008096773844528
0.8558994239840988,0.0673048507912128,0.7047121981869807,0.0670885743750091,1.872302949407916,10.32473581506149,0.1692285692211624,88.08958759586228,18868638151.86072,0.000802332441416
4.299296874324734,0.092031830210601,5.778591027493628,0.0582536702710863,7.011716933770797,2.093848614992695,0.6590635061583251,80.05115320321156,11813012605.833254,0.0007300566790256
4.901728772730867,0.047823130304274,7.190884249064387,0.0141185935289747,5.553818053702498,6.244006684371282,0.3965556813580019,77.46140388892402,9208115806.740189,0.0
1.44190785432564,0.0672453060917047,7.961138158606611,0.0415180072497098,2.415746008355597,10.99292739202088,0.4467868577687456,66.78211075150324,17475196853.54409,0.0007072407391719
0.6867911857870727,0.0695014979693347,9.153571546225212,0.0545843950486389,2.811474093123263,12.91622074955669,0.5915468855066699,79.46413717242682,16422912013.995005,0.0009830496886694
4.280727770282961,0.0989593766352697,7.694231573168533,0.0804833863484725,6.825540918354905,3.3655060324646446,0.5568019286204539,96.85287208325144,9860164386.14788,0.0010769798243006
0.6363340788323399,0.0238266684594524,4.689572764591827,0.0735341109866102,7.577084226280511,2.252460025749457,0.3425919845184044,88.52433082292822,9673565636.262444,0.0005446367245849
1.1399773490385412,0.0881837933401535,5.9196480406962175,0.0820493224450791,7.618842765773047,4.859345213584897,0.6298295624798673,107.14427904406296,16515993360.347645,0.0005927498550922
2.831099815434588,0.0297126188774546,7.26161151084238,0.0940100855254403,4.571361608053072,3.841961956134437,0.5246538207075822,118.94000879095287,10858989657.257076,0.0008163745047303
1.4498348386945663,0.045665044669453,4.871735915233365,0.0592345953882566,1.1062118008648945,6.808082450412276,0.1182231035404413,124.62005860907568,12988633511.409794,0.000687062557732
3.851802621078355,0.0754515651694795,6.387622111413522,0.0774983720906997,9.651271791112135,6.202699990252614,0.4975089778688469,73.41170955897385,17388495633.539394,0.0007626355630252
0.555568546200717,0.0842103754994777,1.4725175679662592,0.0927214012323988,1.1154035697041127,7.016877915510104,0.3856117794308877,115.873179911059,18656924954.69266,0.0007838195603446
4.680988584656142,0.0582922153758254,5.877082505867086,0.0416596804096816,8.92892071947397,9.207999756743623,0.46057972607383,70.07708148738232,11659752109.119904,0.0009264982868563
3.0126194573909366,0.0903636166847039,6.700856454007966,0.0475353871193409,3.2999552123325957,15.835113312436873,0.0639747779506714,106.7437645273368,16500344911.015274,0.0009819384613628
3.2575922139718907,0.0656882340827614,9.914200297797082,0.0976875072192727,9.51324387255814,2.3845627670282714,0.7418899907093524,70.58972540860898,16883370393.4433,0.0005850020472758
2.610549594177124,0.0837416129043175,6.815371518499066,0.0582785875649147,6.101351240851773,10.638498415948376,0.8043269402401748,96.13050327531356,9186376588.953804,0.0005957054634609
3.4493127658358755,0.0813702539705473,8.054549522557407,0.0528797298595105,9.315285140773875,11.0059963791044,0.6431502577857036,81.97779348133611,9243453480.077202,0.0009244320833541
2.947107784457613,0.0705287148628084,6.765651552414536,0.060519923472739,8.946719891683593,9.684238485719783,0.7942415503731656,126.54664394556882,14488922807.358353,0.0005491893223217
1.3933666545551038,0.0728220625707682,3.6348927478765742,0.070784854235062,2.0091102182101976,11.56006874257195,0.6437906418425922,89.38130289774271,17012710163.902164,0.0008157295228011
0.4541458218689589,0.0650325657238819,6.206841268293148,0.0872800441434124,3.5291391381288677,3.105575336162014,0.2068741113209099,116.17636640450912,11278705199.839771,0.0006985793711533
3.7733724541348814,0.0386652392025248,9.508004607130466,0.0785535880076916,3.114113928211464,8.08974855068366,0.5533279036501388,76.79628875784356,13127735677.4688,0.0011754245188871
0.5060876703107445,0.0610933845776688,8.429326711522224,0.0664787472591796,5.008770001996587,3.4456510374246694,0.819184226761201,104.9826349390755,18266531317.052555,0.000797038215729
1.1097363484485994,0.074082552865551,4.874691396378107,0.0586396402005556,9.748166995384612,8.859795592902426,0.7849084597051075,126.03155592916085,12328155411.027027,0.0005070462810557
2.9756115344119,0.0938552167477958,1.5478853030968511,0.0992741521580566,1.1827447519804104,5.280939743133295,0.523879067243174,83.90351399325615,16313937186.969372,0.0006734713554633
0.7348345355583618,0.0763540149033671,7.155879732192319,0.0622227189753435,4.061582829251585,3.3014208943846555,0.4094313702095615,113.31573645791592,10206677473.183788,0.0008360750554579
0.875746736554439,0.0718441663276766,5.222827810035189,0.0888946921557841,4.760115393374125,1.738956621969603,0.1067449344238319,116.69265421331612,12825053812.07619,0.0007294776296179
4.912073497565292,0.058876137632538,6.656525891961213,0.0578453067811672,1.377590267701395,4.440008588129029,0.7727167492180713,66.2830440325423,14149338281.016005,0.0014269225853088
0.8688680370143739,0.0624773902815682,9.036740315274724,0.0841510167164538,7.590947216365576,1.1824482094839002,0.5907299238819581,109.53060600617604,15851100636.733116,0.0006842180418561
1.169561177144211,0.0902630864424173,6.078561817784036,0.0878459938064658,1.2050428693787587,5.926086880709747,0.198772333451269,60.32150856734278,14831635051.905846,0.0011359827638171
1.3837983455141545,0.0482630030839643,7.654377244394972,0.0648580000135479,2.318631555505859,18.439174555709236,0.2218279305726049,114.37088686635076,12780660272.666656,0.0005704536139033
0.5186020431134655,0.051864127762958,8.340337102385973,0.0864947969721052,7.436513807792089,4.646279219339189,0.2236470857155769,118.57750135252012,14870210936.598345,0.0008951695659653
3.0467596250555986,0.0760391885507404,1.39299785697037,0.0860989088199957,6.140308650426088,8.881193796815095,0.4605124522872246,114.82533123289468,19467019836.30192,0.000763449711914
1.3075949099255395,0.0898161781810262,5.55470519109605,0.0559222040319405,9.603866978663318,2.8444509926613355,0.2000170550258251,118.21337785497892,13597333507.005074,0.0007273488063947
3.235504899587708,0.0805340642354844,5.526804071096652,0.0917830433218944,6.215676329059619,2.50451472487441,0.5543945882476266,97.96962139207218,13257993379.070717,0.0009117556658916
0.3835202025553026,0.0458485162802176,7.215599095226256,0.0968616911759942,4.184890504605084,2.4280394877482143,0.1915321084742794,110.1720783847012,10589983852.180492,0.0007272401241206
3.2575922139718907,0.0656882340827614,9.914200297797082,0.0976875072192727,9.51324387255814,2.3845627670282714,0.7418899907093524,70.58972540860898,16883370393.4433,0.0005850020472758
3.454509419427773,0.0558569572623442,2.765288195481188,0.0433692120051777,1.4810350741746547,8.594190738649832,0.1250736894429993,106.57456398150264,9673506211.131607,0.0009089924404294
1.754127731857608,0.0947759680474126,6.619683691188632,0.098553070335684,4.989960061089238,3.774281333279328,0.6184886321769626,71.3804508963018,12352111671.983768,0.0006622865700585
3.6284862841080936,0.0897823371465425,3.1599390396434544,0.0821658496825017,5.78029415560652,7.894899706506289,0.2725707111953289,84.46635396051119,11098508188.088049,0.0009254716768472
2.0245333474343568,0.0679861769597218,2.8040790914607063,0.0504796360005943,2.6750989518254995,11.83210111640992,0.093700495342206,102.46840555283973,16959008555.88336,0.0008430755330103
4.5807511493025945,0.0535617048265158,5.958240557770207,0.0285008425864619,8.93669922082242,7.138121554478918,0.5899344301217385,60.71349619619423,11813603703.246706,0.0009725203939444
1.5263371183646788,0.041680986803535,3.687691649378237,0.0240899753873813,2.055229929442928,16.687543402397807,0.4715231345913371,69.24747221662022,16787287902.134775,0.0006963596486286
0.8186020847029483,0.0925314061927441,6.122227368226138,0.0676732909441728,5.514712313211323,5.6636207265547815,0.4526891752384306,108.76808246494784,15134384702.940355,0.0005438294708407
2.877556707938418,0.0992003459166823,5.192068529391987,0.085260174573264,5.486435431879542,3.3246634997785063,0.7119185742498638,60.498659961866935,13113141820.218046,0.0006101928994987
2.290453477440838,0.0604694185960159,4.6367075344194495,0.0559248081889194,3.670722223287028,9.03219683615541,0.4091274485573765,116.00352446275244,11711639576.596891,0.0006815125427186
2.3663115655598075,0.0578721826253135,9.772555905911524,0.0284333424939388,6.515903119355202,9.425621010286903,0.807871307499824,119.59346475566542,9564017242.538742,0.0010547577213901
0.3329533750071527,0.0918980572143123,4.84905892573568,0.0853949120985075,5.283172127158133,12.752136309216198,0.3426328405525679,115.02637859504084,15524105136.596449,0.0005062848690451
4.5558213999234205,0.0861410568940005,5.613929902746734,0.0913780441760426,7.445034131360245,7.45212830116781,0.6004908807897941,71.43019340756352,13426125597.793348,0.0006468795130329
0.9765322886477966,0.0779715129368692,5.153268642625206,0.0370524344565579,8.28428924758122,9.470086658833976,0.1055892671833202,106.8295112160015,13968577141.046455,0.0007520267398083
4.982308423165207,0.0290230892695637,1.2171084224198896,0.01438281345775,9.686773104600004,17.644978195037286,0.8170571479276955,85.7273165861078,17897676867.2498,0.0006734239600459
2.7586064973016517,0.054814310098527,5.388462378164726,0.0335480600447403,2.885835711280667,10.731366529294904,0.5534711389238027,90.50796115492136,17414864202.362633,0.0011533388874262
1.070868099464196,0.0775162444559558,5.968557811697183,0.059138449082108,6.347802880009444,4.936239969337837,0.4112434379472696,105.6373418750157,15116919129.553465,0.0009096092041861
0.660657091141573,0.0858550724228558,6.104414786993045,0.0986647048270171,6.4447704303937705,3.3615017785757324,0.3570224697551297,121.23616997479236,12952618420.996798,0.000510166700998
3.1393773391936715,0.0844554094975231,7.655044154076298,0.0618415418298771,8.985746823975738,1.8422168343875809,0.6960756091359723,73.07918437485044,15906500015.114288,0.0005586134861777
2.69750861803875,0.0746799546188897,4.455450370832659,0.0576832010400834,3.582484515836347,4.615009702266235,0.2462506180454198,105.25566584438404,13416372015.401966,0.0005799198052002
4.7206066416162376,0.0842752928189157,5.9499186044477295,0.0398535501363327,2.5578862579020205,11.86768207626282,0.2716452445776196,74.75343158551809,13081850734.14726,0.0008005321339866
0.9900957997115089,0.0653730443637629,2.965979681767391,0.0577987553160868,7.545207353116083,5.769772163953415,0.045185821829155,103.46571527715976,19015274639.636494,0.0007548176923596
3.589887149118772,0.077714234883694,0.7184968829285673,0.0262527110884389,0.5064645556761412,18.125768292551168,0.6480061760078513,63.36321721351948,17867717876.483418,0.0010451365918783
4.311245578269568,0.0679673534771706,1.183093358181286,0.0688329932572167,4.508239150808103,14.234102021150491,0.3604325422353074,105.5747943452636,11846247367.767174,0.0009453835124276
0.613238862208155,0.0468886144100451,5.7093933609794085,0.0851082908330524,3.164292210874573,5.646946207373338,0.5088554663011564,108.53101355865084,11659938408.65804,0.0008087999381524
0.8941523431540833,0.094130899016203,0.7951944847272671,0.0859410869189218,5.603219435581817,1.2938301473070624,0.5455570502795439,121.78411722694231,10145031310.440147,0.00052681401538
1.2471511442118044,0.0878551885169094,8.033822579647861,0.0422592741454786,8.21893312927772,3.544932803684476,0.6652349208352891,106.81324019317596,16340844431.521698,0.0005528613096055
0.9524727303926388,0.0392165420925132,8.97535388700752,0.0850515229336068,6.580275039086447,6.401122797605802,0.1361391347231179,125.99952458398624,13513970899.308825,0.0005309112865633
0.5485852753994873,0.0727410380296921,4.642118484482801,0.0798867323914406,0.1458139855194757,2.8223354274917942,0.1644786890100106,107.86615354434124,14005259261.346682,0.0009584269267419
3.482616897793531,0.0807321279984769,3.646989805510341,0.0841035387453639,5.921297203030941,2.638429135065101,0.4755970942090534,104.83074737403192,13274474705.747316,0.0009440701202636
1.2168834045297354,0.0638763411373098,2.805571593270985,0.0957604364524793,8.470480132747234,4.238159254026682,0.4107648494337464,84.62975939348622,12447141539.257608,0.0006644285108982
0.8099956907190176,0.0879145136401266,3.359163032437928,0.0816178537453288,9.781479506512753,5.567607270726858,0.4880611827465094,115.75250924321244,14236285667.9623,0.0006638231443168
3.56084289012671,0.0841187951277707,7.597032079178457,0.0507642139783774,6.104086121238597,13.12271523390346,0.3145299242454877,83.14979034900102,11408365076.75981,0.0008403170957691
0.4669116052598466,0.0662688278398297,6.14256674778124,0.0893027658117775,3.584412282230128,2.764851272541175,0.2080639806267388,116.3597572777024,11249290712.017427,0.0006978876300581
2.0245333474343568,0.0679861769597218,2.8040790914607063,0.0504796360005943,2.6750989518254995,11.83210111640992,0.093700495342206,102.46840555283973,16959008555.88336,0.0008430755330103
4.320643024601051,0.0960934802406897,6.364630546701033,0.0224622317987253,3.372994244957184,10.435499399465352,0.6930146058038499,104.81094002989953,19498266522.049583,0.0012680969653393
1.0595052486706964,0.0901199008008916,5.9702342472776975,0.0864925945043435,7.494336021180151,5.167243011109574,0.6398241693154028,105.50542575728048,15959324317.490437,0.000588076806174
4.136392281015295,0.0904130888336045,8.962991048592572,0.0773379200953762,6.748794323813718,1.8700883814217448,0.4656665707768951,82.79689482755333,13566219724.552883,0.000862137013775
2.778687736145708,0.0674364628478479,8.02411047024889,0.0549457976649817,7.141688956690087,7.191039809251297,0.7757053011807373,66.47397082843453,11270115862.204275,0.0010913172404073
0.7000451421923206,0.0481715495745225,3.332618384597264,0.0403033843226643,4.007242368959434,14.324022255703044,0.3722404968709291,71.0293748131021,15749135144.6415,0.0006610954246057
0.1276851423993079,0.0903481739386577,6.163338246028973,0.0837875056166141,7.70711081049146,7.076148885232613,0.238591395048311,116.00887176710673,13821542205.28625,0.0007534874370613
2.3829371053150443,0.0980582820734624,6.861636750814119,0.08607087122645,6.634295554054914,2.9649801951648755,0.41661948338778,107.58313718584084,12601694316.190887,0.0006550961794037
3.2676687395945234,0.0662869551897374,9.97145453946796,0.0977759959777186,9.548258163449947,2.470663020563815,0.749114191073218,70.36344279013146,16890094607.0571,0.0005852607721642
3.748604789089655,0.0916135037759911,7.247486184976145,0.0610131513557151,8.22451014274204,4.743354923481016,0.5299571245800737,72.21176633573228,11406430689.6618,0.0006845807559244
1.0125476191323066,0.081532422843573,4.663565661847276,0.0872360378956943,4.794414806676878,3.5942331914016656,0.4611791810889742,95.42536074651112,14237458076.344744,0.0006802171400688
3.0232891921941607,0.0776654583520292,1.371613829156192,0.0601400846425063,2.332077990570339,6.889828344312899,0.0784260479454281,122.8409938476566,11664150846.309624,0.0007171834624112
2.59141080427521,0.0996277193318134,8.81111836149603,0.0990561687338508,5.059852217943849,1.258695932674628,0.0424645882285796,63.24547271260656,12474805738.61182,0.0005932014842641
4.000785787560632,0.0804893885407174,6.690040440278814,0.0672177176819698,7.633291859976937,1.2165519317954652,0.3275366818957577,83.24422462615061,9612052164.612646,0.0009368636494663
1.6118248724349151,0.0572249624513833,3.430329923263713,0.0831660492530466,5.286452542180053,3.633518528122128,0.5061754086932907,102.5005132310876,13016298174.062904,0.0006072530845576
3.612270344141482,0.0631218901252045,5.877295885477505,0.05692206312567,9.564930970097976,9.759965524483958,0.7675549120585877,118.57400289887596,10150903651.486923,0.0008773393004805
2.59141080427521,0.0996277193318134,8.81111836149603,0.0990561687338508,5.059852217943849,1.258695932674628,0.0424645882285796,63.24547271260656,12474805738.61182,0.0005932014842641
2.3663115655598075,0.0578721826253135,9.772555905911524,0.0284333424939388,6.515903119355202,9.425621010286903,0.807871307499824,119.59346475566542,9564017242.538742,0.0010547577213901
2.074438845639881,0.0539657792472449,0.9725978269646433,0.0766012148537737,5.148479740070072,9.325696951628837,0.3091309628968664,65.00395385979375,17060547319.90562,0.0005701500133678
2.569417830885561,0.0993271981957338,8.810665610275382,0.0992825935805244,4.868505046381557,2.125273816101912,0.0509708783051567,63.6460460303454,12213063845.950298,0.000578257875123
0.7522413984729205,0.0599343153203905,8.615881624687745,0.0696658411768629,4.599251690403189,5.329253690300542,0.0176371549752177,116.8004032212958,12149383152.311213,0.0007823343417641
2.074438845639881,0.0539657792472449,0.9725978269646433,0.0766012148537737,5.148479740070072,9.325696951628837,0.3091309628968664,65.00395385979375,17060547319.90562,0.0005701500133678
0.4615433583836372,0.0667649786907515,6.96130505272498,0.0888063391631553,3.433613349150292,3.58546769346646,0.2665792845506504,117.435115031231,10759155870.877386,0.0006937026346176
3.702400587299257,0.064564953474028,6.143666929071537,0.0492566353530349,7.50965951052443,3.611181958357454,0.565711080357879,90.6986174480057,18034843866.555862,0.0005042602556114
2.38475294392488,0.0620911133700136,5.032045714931041,0.0315410319315368,2.6282639970462687,12.918898481140756,0.0577876744629439,110.29457448679804,17278002483.67239,0.0009422220978855
1.4636285652406056,0.0412007233832118,7.185152767292808,0.0812057771316078,0.6904597413198998,11.01270279934854,0.3380209104548835,120.16148145504594,9388859040.831318,0.0006588428523345
1.72696443652858,0.0678022544388643,2.508711355359301,0.0522255780191009,2.339491898576478,18.181703783081925,0.3305162726188993,64.54997849500883,14533705708.551376,0.0007268853086314
0.7522413984729205,0.0599343153203905,8.615881624687745,0.0696658411768629,4.599251690403189,5.329253690300542,0.0176371549752177,116.8004032212958,12149383152.311213,0.0007823343417641
2.7567380014946767,0.0971892128029008,9.50372741583866,0.0924741738056506,4.040797743447345,2.63523863212503,0.2256034659194021,86.29763778123842,13937558002.890402,0.0005355259396568
0.3004016400932744,0.0888805760666745,3.595355517232397,0.0869922681499189,2.7214541176263856,10.709763223873228,0.3056757766624277,106.02772168490628,14358930371.211,0.0005016576038492
0.4523712858402304,0.0625341566250104,8.365239564520738,0.0547143626040048,5.358159886054335,3.5298618892396267,0.658205991903932,120.58569378932862,15696838319.741674,0.000649825978763
3.846359675656898,0.0935185327596469,9.670773296769095,0.0544679178814321,5.439229979111949,8.769202910132012,0.4808535235468186,65.63190692292393,11653102872.428185,0.0009017280574347
1.148599754625541,0.0898275082337224,5.913801630365402,0.0837365385998659,7.710100474954213,4.705361511062033,0.6279639763006036,106.42375995415942,16131886961.382652,0.0005828845924631
4.65092782353904,0.0915976645752898,4.075530869665029,0.0365775237275357,7.806333669675335,10.869810206853254,0.6690659363191236,72.81463874486822,17946021569.333282,0.0005834473938075
0.2825633273830571,0.0692932215713203,6.653258388683193,0.0875213060798777,1.3446093210793209,5.546139507398129,0.5573911955532438,111.35151094548496,14757063257.02297,0.0005848313300883
1.2030009125280268,0.0952769216444068,1.877396820546505,0.0091254538936392,1.889751927780072,14.109940047905882,0.7346596270401095,73.80713287669724,18185353239.722206,0.0
2.1000771935286227,0.0831583587992777,5.930503250491712,0.0171687100072832,9.838047369077607,4.403636461920348,0.3072543320834831,104.84662884808569,9016943323.995935,0.0
1.44190785432564,0.0672453060917047,7.961138158606611,0.0415180072497098,2.415746008355597,10.99292739202088,0.4467868577687456,66.78211075150324,17475196853.54409,0.0007072407391719
0.68143396424658,0.080303603716309,6.656252026152221,0.0864568803590037,1.4792491973405253,3.866592964366797,0.0524488318892382,97.78200768306124,12968554267.682388,0.0011877687949912
0.5434199596635203,0.0999538782336185,4.981209380136516,0.0866919277951576,2.197221374416306,4.063343893924466,0.7574714260605312,66.97741495325128,17116695630.278185,0.0008853504478405
4.671893141173324,0.0953769643900674,7.520760351761167,0.0547916980587103,4.860145578902917,10.672202581401844,0.5404800178564996,79.1610106913092,13751791640.21344,0.0006971021413049
0.9146966835704702,0.035735658172121,6.244702498075989,0.0571894278501805,8.402092559977685,6.596281969712423,0.2654317784139484,110.0564774064156,11173343402.667265,0.000598310450738
4.561188534853766,0.0740233508076216,3.279319934745509,0.0811845310926797,9.343268276336955,4.88243492746706,0.6754149897700499,87.52427596244574,17985448858.576637,0.000780612110638
4.65580844942154,0.0809637372543643,2.814355584742364,0.0966783516633323,1.7652137290615897,1.897889085596675,0.2348295545877829,96.54059968571283,14043950017.867964,0.0008091325280194
0.9215344844899456,0.0508755319876164,2.464296184696669,0.003252018141382,7.009335130398413,3.0319391227563437,0.0688671405661771,101.23142340336004,12890859447.65335,0.0
0.5329689770306875,0.0857636037220967,3.071987775459885,0.0690609361632461,5.825435851398314,2.992157483571652,0.019326565167333,105.23636656574044,13428391277.359203,0.0005475675227347
2.6217630640191683,0.0825307691124585,8.642886626815091,0.0794329982857585,6.113258010427409,10.782458398895638,0.4028322377694329,71.29597721520975,11966425417.077934,0.0009394363124469
0.5162661136385033,0.0427697980537018,8.293853888891068,0.0823416928776148,2.92271968075786,4.945599244277717,0.3955988369411277,111.28146252834443,9772406570.86291,0.0005685332550541
2.541914270405531,0.0778665924617514,3.388172865107243,0.0040517213401313,9.917471052467487,6.774883117070931,0.6740465006777138,85.96939991020372,9014479652.000448,0.0
0.3408791296104306,0.0580998594082506,7.287124934215103,0.0951442120281094,4.366962780314731,3.718402403531999,0.2551403460857923,117.9583519692028,10202270215.480087,0.0007776308262765
3.9143486132817937,0.0480448393570463,4.163328130352677,0.0822316600631631,3.589547664198889,14.544513032246654,0.684716373608532,118.60875354539144,12575917002.879835,0.0008044715790413
4.694891827291931,0.0812130852958114,9.705682114923333,0.0467722440215773,3.7141413158181686,5.484917706949844,0.0716209637200455,75.79593477537499,15325550723.19666,0.0009104421343343
4.698472207410916,0.0666791309251153,7.62509698517302,0.0765914083928307,8.935560937681394,14.051029690602366,0.4130436476609357,99.1170025633915,11258738873.01616,0.0008257476379345
1.8944248035990288,0.092119052990577,4.485716792452966,0.0243046600203322,8.544215230282257,16.1389515195677,0.1853542797544503,64.79915246853614,10179296291.98943,0.000795201060743
2.87530569786278,0.0773835751723224,3.2545290991894853,0.0667426688729359,3.63541538272724,15.55692273045333,0.2511328251528062,80.57848459560282,11550370830.481976,0.0006307094412295
1.1839535850597782,0.0763555111097304,3.666336604266637,0.0514305426172948,3.503519459015072,9.879084181779335,0.3145200842651812,90.73115176976434,14892152309.90208,0.0009813459244191
0.1754536095450202,0.0488270917874552,9.870574193452123,0.0929976229145637,8.361894856124346,6.268473718753327,0.6649303395037469,78.46994435140556,18538711249.26794,0.0008279836912232
0.6779840481127698,0.0865096761364855,6.596275993679025,0.0737643350655486,6.731283952433171,7.727248326131515,0.4760139840886981,109.13312316756073,12318524581.088749,0.0006891530080648
3.4913305499673446,0.0807278269577,3.633466852384368,0.084185540978622,5.90805409146482,2.6647392348333474,0.4758212410307735,104.83692669175431,13267418887.10682,0.000944122210231
2.0337303445539585,0.0902582930697636,3.856570679298483,0.0914790403288724,1.4916825990570368,12.256691977874274,0.0380644771150212,122.98804356383256,10352658656.186026,0.0008105661916245
3.868165456886815,0.0927344225779083,4.80071148528033,0.0828673422533348,4.848950138883332,4.684576821283808,0.4037059955107356,101.2619413376016,14711390484.534475,0.0008304714619283
0.9545425855317596,0.0473467147315158,4.103210278423927,0.0466533464016249,1.5354245672092488,11.944491689211617,0.2316447849424881,92.57355937063,12821241490.949013,0.000682708119451
4.4230297219990415,0.0791147515273076,6.921715570108944,0.0509635803224628,9.409641444227276,7.121784885744399,0.7737509189820853,110.64631195000298,10304687568.430342,0.001244792810515
1.4524742797659858,0.0659216997329813,3.5098460541835785,0.0654697713214675,0.9002771150897693,6.2013726029746845,0.1297512429505657,93.15371626448344,10957894037.047749,0.0007956089160569
2.0286311490750406,0.0650377641850428,8.7537038798935,0.0842060278508112,7.443468866433245,1.0510722879963978,0.6655355411899708,123.6658475872698,14140008415.486994,0.0007156745533609
0.3853723440562937,0.0696869892261548,5.618327303613447,0.0824925113474588,2.9512228426636065,5.699406039510038,0.4038104485230667,108.49108795984674,13919317232.138391,0.0007299651985774
2.308212157031232,0.0662131624009471,9.5290529337403,0.0407156903619558,3.190056470901523,13.30177565709407,0.5154389901638857,118.61789660382236,18072519713.086792,0.001037618248429
0.340271406295359,0.0581142972351578,7.285374373708929,0.0951605651033957,4.365661558795001,3.712310324569532,0.2549693094061451,117.95153653810048,10200952738.784966,0.0007776220969628
2.69750861803875,0.0746799546188897,4.455450370832659,0.0576832010400834,3.582484515836347,4.615009702266235,0.2462506180454198,105.25566584438404,13416372015.401966,0.0005799198052002
4.56162506542358,0.0413806915544205,7.725399099446367,0.0443218360728362,0.5263044533325142,12.554369729202934,0.3343595955828427,129.7193712734974,13553223540.352978,0.0006325990611583
1.1083295904081285,0.0703115826548234,4.919052649432662,0.0989730294306808,9.87904089911996,9.203316350911452,0.3914313341397125,94.32193028781312,16353315633.9403,0.0009157792635484
2.076492433537053,0.0746843221005576,9.14077275848372,0.092193943128711,6.387075226552593,9.381101035972932,0.4734282750849174,106.5166156887978,14264291896.237272,0.000638935951869
1.569478840856421,0.0966823680414599,4.1868798221208205,0.0814100004995193,7.3906512691842,5.670623348653292,0.6041462110710591,122.1960208587535,13328562356.576763,0.0006857056632113
1.6142600864108196,0.0572281660307693,3.4318167572083382,0.0831379420137593,5.281984302017358,3.634396598562958,0.5063434749005412,102.48253424561383,13015222883.382215,0.0006077208812585
3.912378440611595,0.0956178005451009,3.326699884581391,0.0294671400304372,5.92099246089618,19.043876167124747,0.8443515547145964,62.073136685035664,19073158925.13904,0.0007637723898675
0.8212363452181919,0.0560860939371313,7.405999162246051,0.0945438445781461,3.3034673259283904,3.603374119915237,0.3379832101703982,121.23585982255604,10517750948.503218,0.0007782457522048
0.1748388813756174,0.0620711799112161,6.29959921405806,0.0956908769984286,5.1649801330962735,1.7975402052906244,0.1208922003559082,119.22935559038103,10574779409.28321,0.0007696176351953
3.2575922139718907,0.0656882340827614,9.914200297797082,0.0976875072192727,9.51324387255814,2.3845627670282714,0.7418899907093524,70.58972540860898,16883370393.4433,0.0005850020472758
1.6516554300599446,0.0774992806796782,4.586917571332453,0.0174500280833916,2.8513744340696263,4.239322690333323,0.014354821067916,88.38561012850853,14706214050.028406,0.0
2.290453477440838,0.0604694185960159,4.6367075344194495,0.0559248081889194,3.670722223287028,9.03219683615541,0.4091274485573765,116.00352446275244,11711639576.596891,0.0006815125427186
1.1198747072353703,0.0831630202972336,2.4935688956528,0.0571071575941413,1.8383766755703064,14.020378980264312,0.0527463728744927,95.58276408979631,18914055903.27232,0.00075555288565
1.9208957839829224,0.05227516075765,9.243403005584767,0.0468149268188455,7.631662761642604,4.214559477276755,0.4905496888570586,111.85982947135594,19323579218.53731,0.000984627461902
1.6699773570676182,0.0552978760944922,6.625310846242008,0.077908833582758,8.349488741837934,16.394108773494754,0.4227452800216207,83.67402807820069,16530389330.91843,0.0011210376436375
0.2746887322088706,0.0588432857719256,7.4789260776408515,0.0963753975186523,4.216906639972214,3.2470336970372817,0.2579996240787299,117.356675198393,10342924546.204016,0.0007699630922198
1.514501412844922,0.0683270029588276,2.4804170125521137,0.0417260552469406,2.996463829228425,15.562960166369738,0.1983573147828045,65.14318113332959,16430463477.276978,0.000735919682597
2.911169576428451,0.0869357106310841,2.111025139238065,0.0956638217652391,8.271045373725117,9.361185986872306,0.5576209085419214,105.13718561942366,10090619631.266323,0.0005472276170323
2.5200011172618675,0.0805502165063426,6.850945052274093,0.0611182386455874,7.890956373116151,1.4559451726461958,0.8285400600738219,81.59725282235149,16795201686.9798,0.0005851586747259
0.1633936312176192,0.0794201757554812,6.041656722121903,0.0955091864737457,5.36082213290854,1.705764694596039,0.2714638232751763,127.83666527039873,13505416666.28606,0.0006940723243911
1.6527790074186073,0.0596870673257171,6.004711275423475,0.0220438039181874,7.270338928183391,13.06582582263984,0.8319867814819709,111.04343654150476,17252865760.45656,0.0005743483453422
4.641496956653711,0.0959041244026559,7.426483606251741,0.0533929333819587,4.847164887127264,10.9245146537703,0.529592149583746,77.81718649579216,13871793381.585968,0.0006947595572127
4.883558411254505,0.0730444507862115,9.655857855945916,0.0504342813939953,8.047731842354587,5.195492730207493,0.6363710686769513,72.21833317172596,12375897631.502916,0.0011576786998577
0.1633936312176192,0.0794201757554812,6.041656722121903,0.0955091864737457,5.36082213290854,1.705764694596039,0.2714638232751763,127.83666527039873,13505416666.28606,0.0006940723243911
3.912923822480697,0.0956295487776588,3.3228056649790885,0.0294905296790565,5.924475481529439,19.04997194812019,0.8439637211488754,62.11045097812986,19069589020.25537,0.000763877199349
4.64942644071014,0.0773793681111876,5.7204793568071,0.0101329528987012,9.268402585899354,10.451751709289113,0.7529309654344054,77.23646872202737,19810255038.36734,0.0
1.3778462424549676,0.0698281120683748,6.786718980587166,0.0834961669654028,2.6906717151516246,1.9116490333460263,0.3947970238008172,113.935136256106,14600134907.84376,0.0008502194635567
3.518523812783118,0.0782452640894357,5.590540675522893,0.0247921754049213,7.063084119379977,6.004591238308149,0.512706080492347,74.74373177361072,15236508235.028034,0.0008070636429286
4.721569163655701,0.0909864970630657,9.435859277245044,0.0414678918213992,9.413752380098222,10.674774571196584,0.6745331689482303,102.60259610293092,9056458764.025415,0.001367637421886
2.518891318190381,0.0781773241785687,4.529029578885965,0.0492362901714421,5.725886476447532,10.876394146026875,0.6601337465220227,90.98118076566256,13897903659.253326,0.0007075312295255
4.8760626221000445,0.0710590915106725,1.6848860281405855,0.0563666189311851,6.23852986427969,15.117343257013433,0.7621604633616406,63.386714604880986,9352487189.548174,0.0007238766177864
2.027763706287184,0.0650271547142007,8.752939885119801,0.0841983904028124,7.443599246428802,1.054360324993419,0.6655047821118235,123.67697627725332,14137041276.978037,0.0007157503885256
0.935113876123076,0.0439478109698282,3.920287629032453,0.0594635646782276,8.300753791359352,13.804911158773454,0.3059831455617903,68.34283461504334,15771121974.615736,0.0005316630504029
0.8186020847029483,0.0925314061927441,6.122227368226138,0.0676732909441728,5.514712313211323,5.6636207265547815,0.4526891752384306,108.76808246494784,15134384702.940355,0.0005438294708407
2.87530569786278,0.0773835751723224,3.2545290991894853,0.0667426688729359,3.63541538272724,15.55692273045333,0.2511328251528062,80.57848459560282,11550370830.481976,0.0006307094412295
2.448920647967322,0.0582646239643295,9.407871103681511,0.0475147957720664,6.638370121866887,7.668803007981897,0.785096777461222,71.5641488419962,11290108681.20724,0.0011215005763432
1.631532750810986,0.0820585513970222,6.954459695692097,0.0717517684545467,5.569816708724948,3.3295878938621093,0.715703819329689,93.73117723463434,18160280796.11489,0.0006911028121381
1.1720571322852502,0.0730886304060764,8.895121213588864,0.0746453400846229,2.0601518236311884,11.060668052266331,0.268290545913854,84.40490519265882,10783267668.192007,0.0006918808378418
2.604304857909717,0.0879269520161633,6.145410089904287,0.0930071172481235,6.327825084585455,6.633880870483005,0.7261014132397962,117.64916723523146,17455430131.631912,0.0008157750159174
2.1197715876098715,0.0736252744420348,6.576059767739609,0.030765734406493,8.959889833048436,3.28665830309048,0.421330096565515,100.17765524915916,9707275462.797112,0.0007141943072034
1.9499503096834283,0.0609950817549999,2.2642675399277543,0.0988483983778516,8.118373158720969,9.745818176968516,0.5408772886175242,90.60814510572932,13129397918.223442,0.0006072490030487
0.2888419762257291,0.0508899317951872,2.041295348462648,0.0578957223187397,8.283395730936721,15.061667352199317,0.2874683629334602,78.38870973784812,14237097979.068232,0.0005083382344889
0.722449537199696,0.0460351436065105,7.958880475062518,0.0809554043917824,2.9407261883999896,9.865941372130209,0.5109224172425463,106.68186410173162,10524800442.365854,0.0007638404931696
1.9290484327943815,0.0635546387954335,7.811271076948909,0.0547366743066422,4.3008520302046485,7.614912374127535,0.5535056076858913,60.57312895694875,11382494192.5397,0.0009661768517602
3.56084289012671,0.0841187951277707,7.597032079178457,0.0507642139783774,6.104086121238597,13.12271523390346,0.3145299242454877,83.14979034900102,11408365076.75981,0.0008403170957691
1.0948950647556233,0.0629509998055602,8.537700300488975,0.0806120094694178,3.797611426613974,3.919398857119559,0.8395446248220382,100.35400330185598,13206192485.608942,0.0007297400370726
1.7131702936328297,0.0549398639341702,5.718616293493891,0.0666790218232792,9.677120995661271,13.770323848213735,0.5276112351376767,85.13726221161731,12326732501.097048,0.0005195896195522
2.471292419587507,0.0880070154998173,3.671664246791557,0.0941783682908245,4.938326100725116,2.944230647794602,0.5190734789227096,104.02702177309452,15305652292.759888,0.0006718578656631
3.126646067970948,0.0596725163269515,7.743098588368803,0.038306505776069,1.985098239567809,9.580185076178408,0.6455493248928059,72.59276763244898,12681791805.458117,0.0007862688879383
0.5587804958877779,0.0410632615636183,7.679998811341743,0.0206328388036,6.227527348124156,3.871100782624394,0.6882819357560817,121.61863168193366,19799796401.553032,0.0006135092662488
1.5785140071637005,0.0881289249859156,3.5985432643704605,0.0382718101848759,3.400612754160752,9.64671535550215,0.3123689441269598,62.21564411549841,17739079749.228584,0.0007813146597527
0.8043129577996021,0.0875260241715555,9.378621043357876,0.0572395186075869,5.649984291341647,6.793826897402323,0.0857913911469487,129.7436980993825,10502392274.956398,0.0005694212929659
0.2539977428958839,0.0835002681316838,1.5418393713260117,0.0777482466402904,3.248276333041288,17.326580231425663,0.024811349515633,124.3633894951214,15810557013.792992,0.0006117045444363
1.5407044087993391,0.0675833862849238,4.708231429499871,0.0697243676995396,6.936180527863749,4.811800584722617,0.4068634145482114,104.2787772678722,15805648481.658691,0.0005739448210711
4.744087791051186,0.0639147913941571,2.157274653567464,0.0495770432907954,5.71413877576605,10.009309916550269,0.1672377600779768,68.94287157768841,12428062154.647394,0.0007929258712704
0.6055114664076565,0.0648086788742995,5.722979015668641,0.0659702859324261,1.7482564986427278,8.246218004698788,0.6450456343162451,101.32275664525578,17006458209.488115,0.0008282512202462
0.5330963992485057,0.0857255249721709,3.046432986455747,0.0690763155610138,5.820522728331032,2.993282394098564,0.0192590611786992,105.18550273659376,13391414728.048824,0.000546500451277
0.3936957408844141,0.0848286086394264,3.568654729012261,0.0822635820253185,2.207595159907356,4.2342000020451165,0.5707886346523616,94.37633091228636,15326656836.885756,0.0007185054520808
4.084032803358223,0.0810041181389162,7.173395730295233,0.0588942929177669,9.680923761862038,8.44801950502377,0.7960850566925833,95.40440516661606,9203468876.61381,0.0011974654655988
4.068905601292927,0.0549445389245948,6.593521076978144,0.0160015274686041,3.74793207140129,13.930428786119595,0.3160885180344319,94.82192656473369,11930404813.6401,0.0
0.964873754982792,0.0348672521006738,7.919514434814037,0.0920632586869529,4.150332119864126,19.50928566996652,0.3178307105490949,93.74443551482244,15038833054.726557,0.0010319408153466
3.088339735251936,0.0862851589663873,4.717082978975738,0.0756097924365515,4.691409698438938,4.102636908717621,0.5447529989541869,115.74765584463988,13040505750.512403,0.0005575710658532
3.142451647517256,0.084325377270212,7.647113347326552,0.0616985061759042,8.963283665636416,1.8179985107492984,0.6952351556095161,73.18712156361612,15916617840.53162,0.0005590495917626
2.290453477440838,0.0604694185960159,4.6367075344194495,0.0559248081889194,3.670722223287028,9.03219683615541,0.4091274485573765,116.00352446275244,11711639576.596891,0.0006815125427186
0.1792635120464648,0.0617397016900351,9.121928055148729,0.0350925113241885,9.694226634039762,2.7289508985099804,0.7383777159003249,116.5099751833448,15849243364.44361,0.0005475577193746
0.9806050678903496,0.0781765393858174,5.135758389259849,0.0371043817556218,8.291505793263276,9.459895308835858,0.1057404279813438,106.80212651518823,13962499293.194696,0.0007528586644903
3.56084289012671,0.0841187951277707,7.597032079178457,0.0507642139783774,6.104086121238597,13.12271523390346,0.3145299242454877,83.14979034900102,11408365076.75981,0.0008403170957691
3.756399898616328,0.0917801349044878,7.107466222777646,0.0609057751316983,8.134285734087143,4.369541844173698,0.5295426339836452,72.30003769359861,11444231847.257338,0.0006766380278919
1.6823040956278474,0.0637966038469015,4.523568972343392,0.0803719445987785,5.651578766813885,4.850644458144322,0.5508490703409072,108.8462033115537,13607287671.331928,0.0006098631378365
2.045493521563869,0.0674806394288377,2.725509915996801,0.0503884228228039,2.693980815065632,11.804940043542018,0.102342507726861,102.42941398288438,16885098072.256372,0.0008401631836034
4.514268562854643,0.078722527936577,6.404593626876429,0.0748378139469762,9.907587884131528,6.181088777878555,0.5240360485643356,67.55880129832723,16828046268.023449,0.0007455900261321
0.2924404963124599,0.0447681264121592,5.21629938640491,0.0021213623092084,3.789696764770141,5.046041944413394,0.7123615340881019,98.34473055998828,13917745331.134254,0.0
4.496932537263649,0.0844968741770609,4.739943989980712,0.0873260379180418,9.40085392596593,6.400071233446411,0.718587743743109,116.28028762805994,10223907810.384209,0.0012064221554259
0.2880200224943329,0.0979057638082292,5.573346302007975,0.0880603841893036,6.737650002687567,10.504709128047423,0.3457935126555699,118.9844119572408,13587475917.512316,0.0006014974593203
1.0154744966907687,0.0911933984439812,5.968331565007522,0.0841042175267671,7.788255346671359,4.888748756216495,0.6397920542184813,108.74096928828064,16172385776.668297,0.0005708035982751
3.6173791485229647,0.078985574114532,4.208992472289363,0.0545097375795333,8.648987585760823,11.55870835448661,0.369607981128128,127.1075964376067,9033479670.979809,0.0006585248201372
3.2575922139718907,0.0656882340827614,9.914200297797082,0.0976875072192727,9.51324387255814,2.3845627670282714,0.7418899907093524,70.58972540860898,16883370393.4433,0.0005850020472758
0.9774955005120686,0.0695470804134564,7.561851025429527,0.0445260380182803,1.278757795285786,6.0409256032891845,0.5248738886097282,95.41609920596478,18315215872.381027,0.0009376107231853
4.16173657045422,0.080970965838694,7.392676056740987,0.0584693261817761,9.858083469437736,8.523939320774458,0.7991606280736465,95.09424965673524,9138713435.0057,0.0012155420350196
3.744623817753789,0.0910638393772898,7.245959380108664,0.0612917703724001,8.201408635162379,4.739632077138493,0.5281369251663842,72.18282806826303,11409771633.220102,0.0006841996988745
0.3922168048667099,0.051619740354812,5.4564341498465625,0.0634319022940085,4.491563681517343,5.7674856442212965,0.7757776081332451,116.54317463405448,16656682724.96777,0.0005009720457487
0.4223855508375165,0.0565088125149304,6.943325425734446,0.0868109064741642,5.253976851693546,1.7794440942588072,0.3254164607627807,103.26237544400458,11495336328.412764,0.0007073629080306
3.704176985885886,0.0088457816974169,5.410874069550521,0.0807060656488515,5.441026639401426,7.333392505419495,0.5218771960443838,87.26300854485577,10375892921.260933,0.0005903160076885
1.1363615528386348,0.098270104309979,9.542665954066536,0.0740726537453865,9.459440043880347,5.880408053612358,0.1513122195031576,129.8397920790189,12507820288.172966,0.0005993806355009
2.8573148170952103,0.0961457989111383,3.4151671932753187,0.0379570733184096,4.453406490654918,4.38999249114433,0.6146931557956195,90.87684762277554,13172198948.09988,0.0007954008179126
3.981411656784076,0.0767682336768693,8.955687350725082,0.0191379876960736,4.142316395264859,1.0205643494416234,0.673554400050822,73.98041547452993,19933054982.64157,0.0008804222704852
1.453441156559815,0.0477568762500112,7.501153398247958,0.0653692042131093,1.1189533408373775,12.427314422971255,0.0789406639369618,78.13499759206404,13454892984.816906,0.0008588784687723
0.5720775865367703,0.0555067355072768,6.312103922307084,0.0858093810069277,3.3572361817555763,3.0397566529544724,0.0305874001454278,102.04192977081806,10861102271.165504,0.0008023082467902
3.462071430115857,0.0853621413838837,2.2203702288670786,0.0617259553759269,5.627194962339014,9.208200787096713,0.6065571619613187,85.07113388348313,12067667889.145924,0.0009716517553685
0.4058134242637198,0.0459432443691448,0.1823773999741815,0.0262515448232851,0.6284976854992885,4.54327903124102,0.2479165481597212,67.13090248162655,12924885187.019506,0.000812330461254
1.6142600864108196,0.0572281660307693,3.4318167572083382,0.0831379420137593,5.281984302017358,3.634396598562958,0.5063434749005412,102.48253424561383,13015222883.382215,0.0006077208812585
0.8848710884995696,0.0859203093539636,5.240469028205457,0.074842680254236,6.535299490073785,4.851904214137343,0.6331770356149133,113.99468894889128,16352733409.344648,0.0007125281503654
3.25956332836289,0.0654644947137543,9.99603107773587,0.0977535853286501,9.472069086407409,2.4980154098310487,0.7430149656041432,70.32724841720857,16968214563.054447,0.0005878180595843
4.42066440710202,0.0358389309695102,6.863321868432656,0.0646479989320139,2.7795426591455783,4.562038834889368,0.7556453391607135,95.80997718338256,9069771585.623056,0.0005647158030876
4.249419632001661,0.0869380785523972,3.4106677724098016,0.0658940716054367,3.340639384593284,11.458079542250506,0.5007270717773972,74.44792189602911,11669466633.1694,0.0008356617200869
3.702400587299257,0.064564953474028,6.143666929071537,0.0492566353530349,7.50965951052443,3.611181958357454,0.565711080357879,90.6986174480057,18034843866.555862,0.0005042602556114
4.974206735928196,0.0870466708759483,9.508534544031704,0.0432825529602167,3.375972075757322,2.327556492368708,0.688381660673664,84.06667896886616,18512734886.614845,0.0007795885257466
2.467565611665043,0.0553206761279514,4.848284235846313,0.0766161083402455,5.061142353203379,4.9487991535240985,0.4394321778043317,126.86842316691234,15789168440.966908,0.0010071496910627
1.6823040956278474,0.0637966038469015,4.523568972343392,0.0803719445987785,5.651578766813885,4.850644458144322,0.5508490703409072,108.8462033115537,13607287671.331928,0.0006098631378365
3.068803005008111,0.0967811640488401,8.907513604730788,0.0894197071767508,4.991657246043783,1.3051118926822314,0.3176504821633522,73.35937906830863,13444592203.296276,0.0007199393899206
1.8085379128866408,0.0540488553590736,5.372663084078754,0.0776046873922347,1.7389597393643133,2.320885177487159,0.4028942152108559,98.22757899520964,14886823899.99197,0.000702954596244
2.0376096715721483,0.0676049853979083,2.754489627727638,0.0504123935595516,2.6789874932669986,11.796433320042402,0.0992868787201465,102.45218755409508,16928063968.74091,0.0008412251908657
0.1748388813756174,0.0620711799112161,6.29959921405806,0.0956908769984286,5.1649801330962735,1.7975402052906244,0.1208922003559082,119.22935559038103,10574779409.28321,0.0007696176351953
0.4655399258157709,0.0681507104648412,3.00302919645187,0.0797186159580772,9.88661726494331,5.658541232698743,0.2944935305084795,96.44319186191636,13571822173.305853,0.0005973316595433
4.2526544511109625,0.0982568601639145,5.404188006838503,0.0850660625531666,4.393285292246662,8.040502420471924,0.0549180115238563,66.10341604075342,10331059536.400574,0.0006974575617944
2.538040562993727,0.0921705292333648,3.419421689350528,0.0428062668784761,2.3199996721518743,18.533982818206063,0.8449194695954693,74.06746589240902,16439462999.109018,0.0009261293748358
2.204811807871807,0.0601658989188659,1.267349119365633,0.06627427298226,5.888602647699298,3.371329093734488,0.3283677229200189,92.40944345067332,13767536468.173853,0.0006169259732493
1.1511659394968718,0.0629807829292659,8.286258538814437,0.0887728671566468,2.3648998753223496,2.2790784802528794,0.5022668948910737,102.8223394591628,14587929673.706326,0.0005348286223318
1.37841134765905,0.069827386589375,6.785584754204248,0.0834969083836389,2.6906565917529948,1.9121641400650955,0.3947399851223838,113.9606195161637,14600503624.146042,0.0008500182538037
1.1219945514866256,0.0912104476803716,6.263594704699595,0.0924321084341963,4.613081428033918,5.671797941769645,0.4658807039494979,85.60334072799603,14148372012.34233,0.0007571152202785
0.7054347014049109,0.0821543344573303,2.0711503064140837,0.0624264679119452,1.7609845967613271,11.721668502183617,0.0752785757354381,81.7198308283747,17980117917.135365,0.0007321830351148
2.1456816439761948,0.063792256022003,8.720590459858812,0.08300829675791,7.225024128478696,1.1544526758761835,0.6666229654466982,122.82079699490488,14180766138.073503,0.0007209242872006
0.5078381664299949,0.0663358343888494,5.064534249511215,0.062299967839691,7.667836091263426,4.309886516959168,0.0265635343830721,128.6659843918176,9376180323.482277,0.0009532950049644
4.383500493296444,0.045073140170562,8.94427629705997,0.0518062400721741,1.0047997821631076,15.115594270160134,0.8097391509599796,84.41739258258092,12770541505.66037,0.0012871194181944
2.74337182015992,0.0778784597750798,5.741615461251263,0.0414124381249479,5.912807037216679,13.596499716161036,0.4906171069681143,108.72103592924384,11455109161.520063,0.0009153529053522
2.594189297406857,0.0998763886959086,8.804500326516337,0.0990335862644457,4.859776215921733,1.1510861893810551,0.0459911804686509,63.353757841787086,12481029362.699087,0.000582273782874
3.6584825634309976,0.0972180513022579,9.398411047631075,0.0904525276823101,6.765152043300545,3.210544332740729,0.4445877061145898,78.81547809712785,11569174061.10636,0.0008644558779386
0.7597792312970476,0.0607357186215754,6.225652511581995,0.0965354781906895,8.447248886448389,3.8284858542562006,0.5346835033412823,119.8395530393968,10868441621.64958,0.0005632577986638
4.842018871381445,0.0889868135569465,6.969867052107288,0.0648650823515733,5.512604365965889,4.221394124360576,0.7218699049853986,106.98778363789611,9703329868.126904,0.0008084277759341
0.588227709465401,0.0596817299964759,9.887858375169245,0.0582075032995305,7.871204930187324,6.842430217935578,0.2158325233102518,129.75200028447537,10981883875.522024,0.0005592275675308
3.27166106543419,0.0431011004900304,5.188591110201062,0.0239627455041134,7.546027983514924,10.390149870386807,0.5347124704116122,109.66188958947494,14902417898.79004,0.0014655832234956
0.2825633273830571,0.0692932215713203,6.653258388683193,0.0875213060798777,1.3446093210793209,5.546139507398129,0.5573911955532438,111.35151094548496,14757063257.02297,0.0005848313300883
3.27166106543419,0.0431011004900304,5.188591110201062,0.0239627455041134,7.546027983514924,10.390149870386807,0.5347124704116122,109.66188958947494,14902417898.79004,0.0014655832234956
4.066640812074634,0.0691532015614319,0.3266305128909067,0.0596244725890944,5.85914512889508,11.173210978241114,0.7361011600603934,71.22040521972124,9090785059.93866,0.0006870497373437
0.1410449867179515,0.0550215198899467,7.447100023026493,0.0817661812989218,0.8766033988995243,10.129086829948728,0.5445839314495269,104.23969664931364,11511265823.732063,0.0005601874112934
4.2895219960369335,0.0925213989172729,7.042621619318193,0.0900543718432668,7.319771233613655,6.2712906172100045,0.6506886618223444,64.15414787410813,9668891799.388851,0.0006253431435638
0.174952436203128,0.0620837458406669,6.301511012158724,0.0957037015858521,5.165535494427044,1.8009434794041146,0.120893260702708,119.22744430082554,10574174164.928225,0.0007695451200896
4.8760626221000445,0.0710590915106725,1.6848860281405855,0.0563666189311851,6.23852986427969,15.117343257013433,0.7621604633616406,63.386714604880986,9352487189.548174,0.0007238766177864
0.611009238645856,0.063024426072142,5.453737396387375,0.0651663413842514,0.8145885053380739,5.623095962054135,0.101029686671335,73.84790681701698,19226962867.794083,0.0006777851227393
3.005580089003728,0.0599302728781669,5.007792672299775,0.0510735635745033,8.575291822774865,12.91271808193478,0.4537032590222989,86.10723893754997,9664568886.036842,0.0006812354106152
0.5140021280119423,0.0585180626510159,7.576601084037563,0.0938727322368365,4.352690253357834,3.852164991049488,0.269380301873645,119.74087863393098,9999575269.26822,0.0007868119408257
4.58405673563516,0.0800524267408883,8.347467233028734,0.074353392263807,7.07546375963322,4.18020095192427,0.6459558467131681,69.45016716680482,16598796749.15898,0.0006694976710788
4.043782620965335,0.0843449389469732,4.243881405059419,0.0606006254385058,4.885807745611155,7.886790222158724,0.0385371974478789,127.57226170904067,9180973267.44242,0.0005937172018729
1.0630459049366752,0.0930909006360045,7.011177145696019,0.0649653750525729,8.528164094654088,6.728155628327786,0.380765962616269,107.90760403193448,18036313560.895348,0.0008066457392712
1.193369630238117,0.0333002854176947,5.716401681295898,0.0526522476395052,8.614784672020876,19.333269928350955,0.4782050182859197,96.59447278406334,11770265850.784643,0.0005174890259066
3.5375561938539595,0.0578285946546384,9.70063870418366,0.0655074474920509,7.880492579048365,11.466229154241397,0.6427361807085852,126.43425844511265,13571693492.236609,0.0007754222089963
1.0080511475183012,0.042819065505306,7.43600675619375,0.0068175949609532,3.849702972280466,10.301181998256231,0.5876690789757913,120.2777593327001,15325587342.374027,0.0
3.017833038225478,0.0837470147743052,6.359428203081258,0.0821426064952009,0.6439496817876567,4.881834225586537,0.3043501898862409,96.35310915724853,9128700829.658752,0.0014184508813063
2.7180689193003027,0.0489236514273209,4.882145619981154,0.041143742844709,0.4357071588003341,9.06181935078956,0.4427708491060599,79.4804920142627,15208064749.35783,0.0007183377065529
2.320375358998412,0.0892838807713516,6.090130938675605,0.0299782891016234,6.052570665464668,6.0106394831375685,0.477892979844937,62.53182008158584,13218997827.41337,0.0008704645807879
2.753363211554967,0.0786915452970396,8.328437316072877,0.0591182042531004,3.699557645733482,7.468353231920528,0.8311368947394884,84.69212955622275,9695041058.481888,0.0007780026010147
4.544975402851199,0.0479863999654579,8.061166302589614,0.0274754234006073,3.847989075149224,2.826480005436648,0.8463836814552791,63.18290154739816,18570615189.170605,0.0011749894222257
3.0778363851339825,0.0737847422718262,6.809713154753504,0.0362319214408369,8.885807406703433,7.466437698373358,0.5132936337793973,106.2448122447295,14073933716.430798,0.0014145391083058
1.4373346543227927,0.0989863310883813,6.868301536385454,0.0190100067310448,6.737162473341594,15.2596052897253,0.1915397507912466,70.63271036177589,9816417500.180428,0.0005892765272496
0.7427739423470855,0.0903941802187162,3.02579864771076,0.0969400304194694,0.7398182445847185,4.641708155505207,0.0709722333616855,108.46684854893644,13086896047.970762,0.0007989924185617
0.4119529028427411,0.0824163211184766,5.553778053511232,0.0981683784462577,6.522335922317812,4.294402498731388,0.3585774494389833,109.7767804083739,12953622961.285744,0.0005703611636954
0.1323630550352174,0.0914870383814937,5.23408340976864,0.0992962814849476,9.287046677232476,6.732067460296119,0.0701961732777792,113.23424897357032,12534962996.998665,0.0007016173114653
0.6642570816007038,0.0858315691085351,6.090549181242784,0.0974748374521647,6.370338761274146,3.667205099870006,0.3490581296005123,120.76627010292655,12999417589.062117,0.0005066583938748
4.923110191629652,0.0975214401047675,9.75921555939656,0.0750357340613426,7.143442839670426,11.75126011940417,0.8233510718699439,82.15761374055428,9466466389.298372,0.0005615085174072
4.811165176631976,0.0953318913426709,4.445758609933868,0.0514403177098417,5.141715609389767,2.373468239590578,0.7716651877519413,86.1069098197805,13843168266.59084,0.0008532085905969
0.5720775865367703,0.0555067355072768,6.312103922307084,0.0858093810069277,3.3572361817555763,3.0397566529544724,0.0305874001454278,102.04192977081806,10861102271.165504,0.0008023082467902
0.909015709739506,0.0862109658064857,3.939361555632429,0.0821235049381645,9.700375183420004,4.808111481206097,0.5427023934849162,110.75050137239693,15144359078.165447,0.0006013884833707
2.698155363939938,0.0882600633962994,5.248103620978001,0.0975212227700567,3.712533975398528,1.9811779595795056,0.0742707220853577,103.13269772615251,14571658200.93712,0.0005526010067443
3.277068154701304,0.0927447982498738,5.788910796631786,0.0943669152725008,8.375376550189626,4.8856584469443884,0.3021914056099127,122.12390505284354,19449243403.46635,0.000824064925334
4.81632518874963,0.0549237860728748,6.896853844052635,0.0555307705453481,4.00765160958375,4.558104472287106,0.3445637026322973,90.74836314519608,14795363833.820002,0.0013593788960554
4.4427927420437845,0.0869950952204559,8.972988974098275,0.0328233141542379,9.798776886112435,12.11941594543262,0.6716003379229556,63.56152028946366,10391504260.384212,0.0009632329161454
2.167419999914192,0.0825086145012743,6.867066481641567,0.050567090179706,4.679826953912239,16.248782388113575,0.236758595244595,90.78986333707503,17132256852.56769,0.0006444219654883
4.048450078180268,0.0711448552736321,6.803007421596478,0.0515419519459265,8.932705842494222,15.991665220564856,0.6790235857750715,62.873286355915695,19082085965.39307,0.0007081179061578
1.0781072554607238,0.0827303641472622,6.794878517918199,0.0976249727600143,9.462281343653723,5.181546218266448,0.5263352417372824,114.36677507529794,13249720732.033146,0.0005656693388126
1.0705486675719738,0.0903585784666539,4.031270850021977,0.0811282523167953,9.952388123533863,4.965500503101666,0.5320272786883877,110.84223689957231,15115648240.78164,0.0006221692434805
3.668907809741942,0.0810679095208063,7.244005228978412,0.0700534184795748,3.567520853631148,7.589926582687847,0.4328882138850796,110.42693533015417,12584981921.182438,0.0006874120867797
0.7214227494637303,0.0957647620892177,4.222074411196929,0.0458512454204589,5.389688900602464,3.8857747108222593,0.1475975279023033,100.6598560967388,13560604035.605698,0.0007493280205259
4.646820583096841,0.0874427200333612,8.566961449531991,0.0942262938471547,7.284169290617033,12.466241456440113,0.6569974024937735,83.6586716054133,9183491007.222092,0.0005080700137059
2.753363211554967,0.0786915452970396,8.328437316072877,0.0591182042531004,3.699557645733482,7.468353231920528,0.8311368947394884,84.69212955622275,9695041058.481888,0.0007780026010147
3.2121555286687253,0.0898646038125374,6.974682559618149,0.0507986508465824,9.212896424695334,4.909016733714089,0.4045737256636447,61.13731124182652,12487168872.285826,0.0006771830030065
2.619221526368728,0.097093928597122,9.164403327706983,0.0790665244872793,5.028300677877305,10.106243886975518,0.471105666582952,61.88681717725923,12500745222.91671,0.0007743974032909
2.805256698991467,0.0603302155431992,3.8586215213152055,0.0498959691094572,6.824903171649869,8.07555049084577,0.1417059698864814,125.50605622272316,9951445960.574482,0.0005892897338601
1.8434646991535064,0.0445014202256315,4.96655471331933,0.0821669470966067,6.904763140750911,5.503187107531439,0.4424877468807745,67.90172134051987,12731434238.48316,0.0005828543993306
0.743149650714896,0.0663997112556206,6.231540071902932,0.0858352909038553,4.8763643239473184,2.859719264804929,0.330304355241691,107.3325379292412,13105272153.998182,0.0007930299598919
1.0598200540679823,0.0571522763266949,2.067896410569878,0.0853341590241183,6.273393647019546,5.527734556847546,0.2071797574841291,97.1082103423873,10084570764.234154,0.0005372173207764
0.3113977325373859,0.0897509909223984,3.762507638713572,0.0293478808043665,7.127261854505866,3.964669250466987,0.0976391220216303,97.78879874686302,15722263177.897804,0.0005915941714019
3.238683853018868,0.0900519573995328,4.202081322506397,0.0748808271940779,6.075163542574954,11.305406536890311,0.4358616536996575,76.41753863589683,12341913957.814243,0.0009642940813756
1.1164458187539636,0.091061771133744,6.055022816112239,0.0815082392213844,7.816659661903291,4.772999763735453,0.6265717226266827,108.7440178822272,16837477158.258951,0.0005896069124105
4.56617532526771,0.067061515614694,1.9457934054699988,0.0574120397073398,6.999387631283201,11.583915777494628,0.2480581885929315,71.5962344755528,12541293557.908009,0.0007759415390044
4.894127898767579,0.018147512855972,8.771995989929941,0.0458437481835736,2.78126268022517,8.56060106352633,0.8143890089562841,73.14438902732282,18587792604.29411,0.0008520387406933
2.0296469640589585,0.0650347689607324,8.75316853657278,0.0842033844542261,7.445116755343464,1.048275540711758,0.665660407876481,123.66616346018492,14139642258.150938,0.0007158431079404
1.6762533974023792,0.0571289289160075,3.1439885112126933,0.0201055470265016,5.315474572391788,1.4981305607645807,0.2764057789770612,97.86499109307712,14821432613.891985,0.0008297270715444
2.0628317772911275,0.0934225572384015,3.656543624074956,0.0581509826677854,5.713694217390152,6.9567295233304005,0.0920944818034962,85.62008297751309,13081692896.552956,0.000841689761272
1.569478840856421,0.0966823680414599,4.1868798221208205,0.0814100004995193,7.3906512691842,5.670623348653292,0.6041462110710591,122.1960208587535,13328562356.576763,0.0006857056632113
3.4493127658358755,0.0813702539705473,8.054549522557407,0.0528797298595105,9.315285140773875,11.0059963791044,0.6431502577857036,81.97779348133611,9243453480.077202,0.0009244320833541
3.313199853247612,0.0411257420541646,5.46155084839264,0.0410398575381706,0.8241971999802317,9.344930409056456,0.1639039011329753,97.55600436281642,17157933701.697878,0.0011857212515773
3.6682435141650576,0.0708996814151323,6.992937756719583,0.0568490500612594,9.941521101981085,15.439493571084707,0.7249781198456288,88.84049770549495,18799451240.21005,0.0011292154752519
0.9922693621010884,0.0965133310148466,1.4389130846424345,0.0938038988473058,1.55205382730868,2.494590740137258,0.6298280852154897,88.9538244488148,18131972959.256687,0.0010500987614572
1.3923748806894651,0.0674108381337183,6.953149320260974,0.0814588176617521,2.66497699616121,2.0372032463631427,0.3962328277324601,113.76121946347874,14593306408.723429,0.00083235422936
1.9029456248325336,0.0675876106988299,3.189606432517051,0.0575313649468116,3.477489287657219,12.410458938907926,0.0813951605227814,97.62839209707752,16980506642.307962,0.0007749183893052
0.4773454868023677,0.0620914346082604,7.04240354213781,0.0414544594751553,8.106429374308004,10.485324378972738,0.6982493838192473,106.31656082885446,16798955461.079117,0.0005675362093867
3.402150967081768,0.0874724299063066,8.148863685104756,0.0495965471446951,6.719017990836679,10.533403570837558,0.341877096895523,67.28486075217285,10088383288.980766,0.0008695417688524
4.713493719454475,0.0410648398558046,9.18599223825453,0.0830514097338513,8.216542011481323,12.516683245889148,0.7214623722784012,124.01220973427176,11203540161.21667,0.0007333045952729
1.2012136207792343,0.0948600124325986,7.626044251274176,0.09533149492476,4.605221134311942,3.2743612419093875,0.3158717682288315,78.96320130550511,10189950038.83067,0.0011278210537682
3.440798462714141,0.0825502704154035,7.9607268046405375,0.0297664933991689,9.362305312687353,15.091258588476574,0.3924557717285592,73.22382654834146,9001678405.470104,0.0008759390985146
0.6376351113883055,0.0996519436699299,2.517486172223268,0.098985496534669,9.396971476101138,3.8837273177234928,0.6552010324068533,111.71512358717322,16028578487.454742,0.000526758653642
2.505440920038,0.089103802559553,7.222875123974531,0.0492256739695266,6.469615490747679,8.60761357502659,0.3965223603084403,84.33583264699121,12016977774.640663,0.001023605287211
1.0960959878367855,0.0420413685139,5.1032937221549375,0.0508709072677637,2.587896540050356,4.179406220805524,0.4000499432966927,99.31974473048577,13337374490.589115,0.0013674423268374
0.3847337364509444,0.0696936221903066,5.619201777493694,0.0824904328592887,2.951470845732786,5.699755892697385,0.4038247114045512,108.49078145472735,13917815013.939089,0.0007301258674713
1.6527790074186073,0.0596870673257171,6.004711275423475,0.0220438039181874,7.270338928183391,13.06582582263984,0.8319867814819709,111.04343654150476,17252865760.45656,0.0005743483453422
2.8639867387891145,0.0492981103283313,6.07374623015393,0.0365698810495046,8.051020637502209,18.447292403741667,0.2220115288131626,85.28590237994138,9606871087.402449,0.0007306192480754
2.448913519830153,0.0698392595327909,9.848968463688268,0.058750638890035,5.234989137142356,8.371399188402792,0.782667406416411,102.1360590356818,10063503977.485975,0.000726698867735
0.2085390865406174,0.0863551185049342,1.0191312539958584,0.0422099933838099,7.18439912557606,2.248913384759149,0.2856423355196611,89.57068592273188,13874372398.288803,0.0005330225870526
2.3038498465000146,0.0780905433075343,7.645185599587853,0.0682227129768962,0.1176063486454225,8.078196580381013,0.0746624731144456,79.696972358082,16793503551.015934,0.0005101013663148
0.5329689770306875,0.0857636037220967,3.071987775459885,0.0690609361632461,5.825435851398314,2.992157483571652,0.019326565167333,105.23636656574044,13428391277.359203,0.0005475675227347
1.4631855608301327,0.0798682603414498,3.1658238154163443,0.051687641470058,2.7818184340374925,6.084844155430391,0.2970869488395932,90.81079976205189,16071763214.0787,0.0008825941901489
1.2683149242743386,0.0622231625332345,5.707407423645815,0.0683335792632974,3.416977087335401,6.191401299317629,0.7770121294660893,89.25189199566715,17097160221.204632,0.0008375302132529
1.3778462424549676,0.0698281120683748,6.786718980587166,0.0834961669654028,2.6906717151516246,1.9116490333460263,0.3947970238008172,113.935136256106,14600134907.84376,0.0008502194635567
1.472444072070791,0.085534311019176,5.732955229849467,0.0870231988017414,5.874471324368069,3.00950575899148,0.0810473791831835,115.05054137957246,12747590379.209677,0.0007668870300882
1.943406447324468,0.0648576923392779,8.823525159935265,0.0838821332829388,7.510729227791731,1.223262884142574,0.6677519007502425,122.68928514500988,14182929350.323282,0.0007124844027365
3.614223219324731,0.0848322151668742,9.133569696301675,0.0464765469615005,9.516496630025037,13.0401421974797,0.5597937989350265,71.28515074878798,10118888975.301502,0.0010032682507708
2.406148289902199,0.0838156027801528,5.929507118703979,0.0912590830537914,4.032106564997796,4.319646087715036,0.5340933278081363,86.68160586790934,14833873352.193497,0.0007538897062113
3.27166106543419,0.0431011004900304,5.188591110201062,0.0239627455041134,7.546027983514924,10.390149870386807,0.5347124704116122,109.66188958947494,14902417898.79004,0.0014655832234956
1.1649904388025547,0.0640400832200705,8.27550566425184,0.0805669804568772,7.524211676762704,10.483635784402132,0.6707089813439223,100.89691317233448,15975867396.067242,0.0006055546007332
0.9350423949069449,0.0756963427478147,8.009475142521248,0.0694662398982221,5.735949142192306,4.014056933494162,0.4549598528147748,93.14579776382443,16148165958.419945,0.0005833512441612
1.2638227962623003,0.070939326227348,7.6765313672736895,0.0777320783171442,0.5714224148601615,11.903860120212816,0.0390455529041241,87.80815966266977,13496174787.967133,0.0005557705220709
2.0391441242307096,0.0822035559605302,4.917484806367972,0.0586570811792557,0.1972125851178396,9.23476817383358,0.1975266841868037,60.09561608567094,18467675169.457348,0.0013372881468722
3.720251849515377,0.0581602382468826,4.400494393460755,0.0215476737424126,7.318926511002452,7.987000476886237,0.3579149976447996,73.48702331174732,13520280641.80851,0.0009684362698862
0.8981938062298911,0.0750478913218255,8.799418827454708,0.0793001023246895,8.369550277504052,6.31014766887341,0.5350149783677394,116.52287073594648,9524044314.587791,0.0006251626005973
0.2171090790183545,0.0724174923132667,2.2051574309907105,0.0854093241828005,5.126804802321539,7.36185957752237,0.790506584268281,124.549930617622,16382332434.876942,0.0006470629938644
3.37646831240318,0.0223225455830298,9.472596309119766,0.0458260843478197,6.937484186375387,10.310086752810264,0.7250546483908374,71.95350204339962,9516406653.725136,0.0011256873199743
4.356657021422696,0.0770708406237906,1.2043667216708536,0.0727386498958777,1.261700042340855,9.45346747175893,0.2033393817638702,87.37874821435703,13354230367.70596,0.000967741974056
2.87530569786278,0.0773835751723224,3.2545290991894853,0.0667426688729359,3.63541538272724,15.55692273045333,0.2511328251528062,80.57848459560282,11550370830.481976,0.0006307094412295
2.0223533950052044,0.0640626465727137,8.698443596956357,0.0821268488098484,7.451749966812805,1.0082291398779213,0.6597838729841964,123.43703953907476,14171109555.899784,0.0007219912798937
2.4903329456757914,0.0626537359390419,9.036200254949604,0.0704114341780086,0.5205811660353923,9.454579526796408,0.6437389631264419,79.62160424313717,12913838202.793304,0.0009755606595944
1.1164458187539636,0.091061771133744,6.055022816112239,0.0815082392213844,7.816659661903291,4.772999763735453,0.6265717226266827,108.7440178822272,16837477158.258951,0.0005896069124105
1.0803090501469772,0.0448989319296573,4.748325948733283,0.0233897965561121,1.205577853592043,9.525111896897856,0.574134852607374,107.4621615651236,11326803068.50924,0.0008787010978918
1.0771616734223608,0.090318120326657,4.030480603674726,0.0812042410110686,9.975025816935387,4.999972378856257,0.5318480128251325,110.8643117141541,15108545268.121605,0.0006221680351216
0.9765322886477966,0.0779715129368692,5.153268642625206,0.0370524344565579,8.28428924758122,9.470086658833976,0.1055892671833202,106.8295112160015,13968577141.046455,0.0007520267398083
1.539727994101447,0.0893649843837414,8.054584672778283,0.0803067570459996,4.016372392316308,9.792905673777971,0.1749243589364962,111.3937730691811,12918811290.358974,0.000880932301417
2.612352800530624,0.0535321212713605,5.961579597804947,0.0939367272409207,3.783372360745353,16.970744737063438,0.6045743746372441,115.04311553841772,12140458069.6541,0.0010590967538801
3.851802621078355,0.0754515651694795,6.387622111413522,0.0774983720906997,9.651271791112135,6.202699990252614,0.4975089778688469,73.41170955897385,17388495633.539394,0.0007626355630252
0.3932541817204317,0.0952259040655635,6.683211600642212,0.0982651352665466,7.977546473723763,2.799105274992989,0.5027614022089164,99.76898352987536,15848986301.784569,0.000699574201299
2.6259595435285883,0.0907315600973818,3.203972047738666,0.0395257490193812,2.3028854701102417,18.35190512421991,0.8457850038755925,74.66820956547835,16226582039.579544,0.0009191180800665
1.1485436774093325,0.0630870094316944,3.4362243429251467,0.0447203929175898,3.5150902046962744,10.703489656742498,0.3878769629352682,64.57295558959562,15658552222.376072,0.0006920114637412
3.144376432008492,0.0608326160013662,1.6917244470901522,0.0612666829076383,4.170860852369036,9.857762453284185,0.020999019302546,75.70702827567958,15003397372.011423,0.00071096888147
0.757855699089225,0.056345961571703,6.285432059672597,0.0762161748491511,3.3492751666911724,1.1641822784574138,0.6235756437816498,101.01866727849306,12656598576.451696,0.0007042643185114
1.6931302191167787,0.0815702000646873,2.295317798683641,0.059195918863535,0.3978511268093824,13.78242990982775,0.1571883233205841,114.1061396393494,17961917446.25063,0.0008222088503928
2.7105579020145063,0.0883834283286175,5.273274503048635,0.0977169614846501,3.6914824130970807,2.2136649914218443,0.0778832796331093,103.11083322378938,14569885157.398308,0.0005523152232026
0.8606469359596627,0.0573395894780703,9.994276668406792,0.0768903170730971,0.7582580335449811,11.978536243512778,0.7893282783581257,75.48834285125115,14081024641.926456,0.0008107679658562
0.4786022858654497,0.0396959492142079,6.1451242984320045,0.0849696809817944,3.797670903395893,8.194041181844183,0.5189233969359729,105.59322310072004,9178774094.03887,0.0007758578929591
1.6527790074186073,0.0596870673257171,6.004711275423475,0.0220438039181874,7.270338928183391,13.06582582263984,0.8319867814819709,111.04343654150476,17252865760.45656,0.0005743483453422
2.4013497390735363,0.0785147431518691,8.930974704897697,0.0460912981948664,0.5754275969608718,8.112851862231965,0.5695559538264916,122.42357762607423,19812993694.761234,0.0010815792316474
1.2701124962191674,0.0877057264949045,9.238944314774177,0.0688814555655668,8.38602498074422,8.065289084956854,0.7113410989970085,120.77929032515974,17642384030.170647,0.000609305457832
2.142448736018653,0.0662168908330689,5.949966674981555,0.0648111632871192,1.6191332511216463,5.516637916537219,0.3893245874577353,69.50231616826748,14132219379.393192,0.0007423727573133
2.1662787232091043,0.0994755245154547,8.449534510397976,0.0624346767697447,5.115199190502001,6.026050291455639,0.2039254275707238,62.71833616852166,12756825799.329784,0.0014625744138088
2.350814416648373,0.0443702081444914,6.392893828456868,0.0913957550902679,8.408526704011175,11.841808272818588,0.666215445357749,107.91016843237718,10419351686.97598,0.0005934519831872
1.5973504779873822,0.0523340346558249,7.184100651182345,0.0464374353346146,5.702971767157694,4.258256439634817,0.48094488160633,94.15762155491002,15579563646.788338,0.0007818562321452
4.907628725399594,0.0708080418334938,9.13576213974779,0.0353937342688153,8.338758172408882,8.023983681222514,0.8160975793855154,63.55674609099568,10326955187.65404,0.0005253297649281
3.238683853018868,0.0900519573995328,4.202081322506397,0.0748808271940779,6.075163542574954,11.305406536890311,0.4358616536996575,76.41753863589683,12341913957.814243,0.0009642940813756
1.871811654668692,0.0500114532970288,5.231263960675979,0.0313380480503839,9.23913496014274,15.515273775222546,0.1048197753918859,76.07668051751288,9967623027.761164,0.0007119615186877
1.1717890149857555,0.0954765274040808,5.386304950328473,0.0693887809734495,8.61831033573264,6.40222331361321,0.4093289262260889,98.87974301252513,17974869374.587612,0.000609524974707
2.1267048665773483,0.0836955965030123,6.450735591915473,0.087302369475648,6.220945722102098,10.700022316539544,0.4122176645781766,61.38719786401989,16034915421.576736,0.0007344211793225
0.9860268959088484,0.0616930991314127,3.367603182989682,0.0919039223999037,2.8533059701794223,3.4808508719420037,0.2039464591726947,125.66439530566224,10303221610.67244,0.0006146738337309
1.0376314238860498,0.0650675639088963,9.526016720667013,0.0782162832433972,3.8935817165014,8.907004617394723,0.4397606434598406,70.95029980754201,10795196549.980812,0.0010125501818593
1.806975788368283,0.0948389433044463,6.627634270477131,0.0980429129644698,4.877548356114055,3.354608511433092,0.6162788446834528,70.38695438788407,12517169854.99842,0.000657764172228
4.326102912033202,0.0454845404124534,9.74590334960583,0.0583894536666464,6.642544727138672,7.186924701432147,0.5754704618623699,60.79842917531739,9039441033.857246,0.0012870297136676
4.30379201626285,0.0983645988120325,9.981091524952896,0.0503576146789683,9.420446209460929,18.051757620510127,0.7536409089040762,72.63659138685738,9024607241.823437,0.0005570962178667
0.5587804958877779,0.0410632615636183,7.679998811341743,0.0206328388036,6.227527348124156,3.871100782624394,0.6882819357560817,121.61863168193366,19799796401.553032,0.0006135092662488
2.3201912724765847,0.0726581814929484,8.846674553545927,0.0260729899808478,1.5552702877032716,14.985266282406483,0.534176475856857,108.16735330846566,13764147820.214533,0.0012303999419654
0.1633936312176192,0.0794201757554812,6.041656722121903,0.0955091864737457,5.36082213290854,1.705764694596039,0.2714638232751763,127.83666527039873,13505416666.28606,0.0006940723243911
4.502709241984378,0.0509548463564942,6.604914027353182,0.0285181864699376,9.803121358001246,5.457181222334821,0.647167385855284,89.03120356348751,9308714741.335184,0.0014132650992989
1.148599754625541,0.0898275082337224,5.913801630365402,0.0837365385998659,7.710100474954213,4.705361511062033,0.6279639763006036,106.42375995415942,16131886961.382652,0.0005828845924631
1.5263371183646788,0.041680986803535,3.687691649378237,0.0240899753873813,2.055229929442928,16.687543402397807,0.4715231345913371,69.24747221662022,16787287902.134775,0.0006963596486286
0.8658627668213873,0.0411630837808163,6.105523584778968,0.030116514981346,3.610711836594928,13.213168086848883,0.3117157310156596,122.0634931235846,15524153774.714428,0.0010544583953502
1.8014016851959502,0.0305663107742842,8.011325625589079,0.031369798467893,9.92275929737774,17.72589423782256,0.5885747740145763,81.96611926583418,18461868319.19012,0.0006879124892469
0.4992146548447534,0.0562158804862226,5.158311130512251,0.0353101706390078,0.2133527188730232,12.440946449476998,0.2673966194966434,66.16649440614945,18248376349.97513,0.0009029783001992
1.0630459049366752,0.0930909006360045,7.011177145696019,0.0649653750525729,8.528164094654088,6.728155628327786,0.380765962616269,107.90760403193448,18036313560.895348,0.0008066457392712
2.534045381101376,0.0697029777724815,9.856809957930196,0.0584598252343002,5.10946369695126,8.359483759820593,0.7980485644714455,102.3490171725513,9906462102.913645,0.0007400507039314
1.806975788368283,0.0948389433044463,6.627634270477131,0.0980429129644698,4.877548356114055,3.354608511433092,0.6162788446834528,70.38695438788407,12517169854.99842,0.000657764172228
2.629567492389539,0.0815483733146971,7.294645335266479,0.0553275218892823,1.1084181953070933,12.9867053133041,0.6783396499178569,78.4038471084048,11879187417.08614,0.0011925250912211
2.685869920592399,0.0877065117335239,5.346936734894015,0.0984025941604243,3.93604753140409,2.1998384033912126,0.0726530758417043,102.7142486932287,14447440772.156124,0.0005424053011209
4.420996258950519,0.0769467817103328,0.89113588053174,0.0527939538345423,6.9709106775753975,14.0066144013551,0.3134975684150137,71.63600554892528,12493598955.899778,0.0010151714664017
1.505885099482085,0.0746246709723042,4.223032111524237,0.0964203680902953,1.9679929807674683,16.072208857867707,0.172931716409393,127.39593581189476,14755997872.054577,0.0007427592279681
2.137480775196793,0.0508754467306829,6.280840298253107,0.0766922091392306,2.580348671785422,7.6746739676253295,0.8287348961001676,120.24453760453588,12892970256.72255,0.0008217377616266
2.543637422917054,0.0868171555852759,6.943619453767169,0.0129831473174097,3.1527289982611464,12.727624863208568,0.0490627709496078,115.77017652160448,17557990222.642265,0.0
0.1700385536855723,0.0983065311710721,3.1895853486014523,0.0915272279540043,1.9613469568905788,9.965486200898948,0.1626806157472551,129.8661716714447,10343635034.372684,0.0005158086268518
4.318046569420869,0.0464019290026855,9.7909656887562,0.0291325310171829,6.738679322576143,7.688655980755464,0.6159935774906465,65.83911505576984,9942228838.533604,0.00096565314619
1.7847160449243011,0.0654837021116232,5.365870633461388,0.0703265386570314,6.02990341448,5.841838140771276,0.5043924464880074,109.11016812365564,16034845687.428867,0.0006023126215352
2.762817869634183,0.0340482491877061,7.536826904143252,0.0428945614752897,6.16421857455888,15.006894175944575,0.8253538521595393,67.68221017454134,9548318235.9144,0.0009377866256585
1.7662670119856698,0.054634375622188,5.355575797587575,0.0761602541872179,1.5464028968184491,2.5902849800279744,0.405177905019411,96.65600619435106,15032620402.853012,0.0007105165873513
1.631532750810986,0.0820585513970222,6.954459695692097,0.0717517684545467,5.569816708724948,3.3295878938621093,0.715703819329689,93.73117723463434,18160280796.11489,0.0006911028121381
1.073345118483781,0.0900888512471231,6.026057697486806,0.0845536142331862,7.659711159948472,4.775917931966936,0.6398531627877584,106.62945580243988,16065756220.48398,0.0005859385040911
0.3419677874701871,0.0581403706469314,7.282554743079164,0.0951189814794021,4.371288516185985,3.721711549611873,0.2548723724362483,117.98405280493098,10203533121.282288,0.000777477845339
1.6526873792935377,0.0499088348474252,5.299994745264054,0.0396645701593818,1.4308238620325693,8.140576416185253,0.0428727548637261,87.25053013519485,19901163830.186096,0.0007643567080902
1.005698612271969,0.0617688615674255,7.38269270388231,0.0397671366013781,4.165502789721667,6.852380160047593,0.4944861080539012,111.5061711263531,12904714892.324432,0.0005087213435204
2.0245333474343568,0.0679861769597218,2.8040790914607063,0.0504796360005943,2.6750989518254995,11.83210111640992,0.093700495342206,102.46840555283973,16959008555.88336,0.0008430755330103
0.9396935948125364,0.0595699037826777,6.433293371066377,0.0926559940530815,8.102377661515824,6.010251274536641,0.6844298436981292,97.86610854579904,12396398366.52954,0.0005641634867529
0.1414064421060397,0.0891488337473543,5.396984664443299,0.0896122470032732,4.599858676194748,6.376455460055958,0.2374747955012564,129.98270815081318,13625251309.2967,0.0005442950905711
4.250526625531191,0.0876363890530211,6.5306044934597125,0.0671037241459861,8.18241120179714,5.82273368316338,0.7239696634250843,65.04339254215759,9941424022.789051,0.0006547825860039
0.6631860525530004,0.0483083690607969,3.3101619744937905,0.0392917066724566,4.056126220129895,14.644970467011207,0.3419331166479433,70.91601715045775,15429037139.092876,0.0006718443840151
0.3461584922095458,0.059580870065187,6.7315052203890575,0.0940570551402522,4.83861710183246,2.9490273036012056,0.2144365456433695,118.15456034911844,10402913604.075476,0.0007825948096963
2.991500172631877,0.0399030079919483,3.2755156764744204,0.0464007857931458,8.358075838908237,4.968669407589208,0.5852243071704023,70.45739379572836,14947423619.092604,0.0005154353393379
3.9143486132817937,0.0480448393570463,4.163328130352677,0.0822316600631631,3.589547664198889,14.544513032246654,0.684716373608532,118.60875354539144,12575917002.879835,0.0008044715790413
3.1393773391936715,0.0844554094975231,7.655044154076298,0.0618415418298771,8.985746823975738,1.8422168343875809,0.6960756091359723,73.07918437485044,15906500015.114288,0.0005586134861777
3.188984376650432,0.0816850138441231,3.3615526285762414,0.036804341951778,7.142692560043081,18.724762706215675,0.823265260584207,64.24091166902843,19381497353.61532,0.0010895318479426
4.007008495267452,0.0484209835317051,7.7895760010771165,0.0613820705746423,6.709000192561832,6.376798418996327,0.5907937289188433,88.42213832611664,15091995851.28735,0.000733296823538
2.245609891731079,0.0899667065875094,6.092604450196482,0.0299040829457478,6.070007213262605,6.090119097325291,0.4800397952723216,63.242014172723614,13216860899.031044,0.0008689591993817
0.3408791296104306,0.0580998594082506,7.287124934215103,0.0951442120281094,4.366962780314731,3.718402403531999,0.2551403460857923,117.9583519692028,10202270215.480087,0.0007776308262765
2.961028169025849,0.0890504948458836,9.582847561299427,0.0425454127861592,0.2911831564434791,3.478788503687483,0.2074535879668992,95.1196257651138,16140648305.519062,0.0012421157063185
3.5316612879266893,0.0653554230056398,8.042404977183269,0.0377121230420751,4.664377866093487,8.560665647945559,0.7136626532401676,80.93269809572503,9984350201.492365,0.0008720907075935
0.4256437559114798,0.0449930408758464,6.543991321789595,0.0673909493575179,2.435048161588338,8.474442825372956,0.2348556770778287,109.97379905461544,12275042006.528208,0.0007638572190736
3.629375724542808,0.081706332313756,9.36903697220293,0.0999862594153377,3.345457843118589,2.755329437610071,0.3321241122052996,67.16638149569062,11980444292.307207,0.0005251988985418
0.9126867130082638,0.0870438931854604,8.230581522824313,0.0862937433494829,8.938486286251944,5.4157311293970505,0.4857323929344635,110.3410334851672,10731670024.838469,0.0007020886180183
1.193369630238117,0.0333002854176947,5.716401681295898,0.0526522476395052,8.614784672020876,19.333269928350955,0.4782050182859197,96.59447278406334,11770265850.784643,0.0005174890259066
1.0807876243461187,0.0831497355424498,6.805173322554779,0.0976124283327233,9.443930388342231,5.256053785607891,0.5258277074705578,114.33157880003743,13214862251.837349,0.00056554679632
0.825522029432503,0.0582991740052365,8.806040432915346,0.0580063171757966,5.877903778509498,5.752413472400893,0.3630186002711554,106.51537370658208,19243142691.927406,0.0009946665116101
4.672990038902544,0.0952564632153291,7.5521064209205155,0.0548158593766262,4.839453027749095,10.56238634350374,0.5434478398607246,79.19788381880457,13731561488.618134,0.0006956026520065
0.1633936312176192,0.0794201757554812,6.041656722121903,0.0955091864737457,5.36082213290854,1.705764694596039,0.2714638232751763,127.83666527039873,13505416666.28606,0.0006940723243911
4.160017015858716,0.0794359209620643,5.430629856362844,0.0417925665653332,5.480256274793431,3.081842521106776,0.5813459171065419,93.725117163304,11446339640.270994,0.0008577298526231
0.9766983804869888,0.0843549191374734,5.478831152943205,0.0719215427221889,9.393740800474244,6.964237465254951,0.7468029528837105,126.9121878866669,10590768972.54866,0.0007357636535415
2.7411945957745885,0.0785469789480748,8.312788763881413,0.0591657039124099,3.718690326030181,7.434340233801316,0.8306535041094542,84.72808024228024,9714867446.464642,0.0007776128584632
3.377335686248541,0.0834372736564538,8.447644111386449,0.0649516948370377,8.579259132714444,5.778402147848931,0.7676504340585245,73.78402270757661,9049360005.215506,0.0006309353803473
0.7117295019636993,0.0660584631212441,1.2859341080527824,0.0558344105581532,2.754254204593432,7.630634478511489,0.0975169738493239,78.72268355633533,14360952252.1135,0.0011022266876786
4.250526625531191,0.0876363890530211,6.5306044934597125,0.0671037241459861,8.18241120179714,5.82273368316338,0.7239696634250843,65.04339254215759,9941424022.789051,0.0006547825860039
0.3940075165611034,0.0821907633902614,2.098973757900743,0.078225766417159,9.321310158685865,8.505658967451023,0.045588708067787,111.82433079944548,17188480559.77828,0.0006197479662489
1.012759819627631,0.071413893381981,3.4490152562607173,0.0799761734721602,2.1772983109306336,6.942937438686509,0.4190406041335349,109.63611339909431,13910305976.911036,0.0007302673291666
2.7503512153313494,0.0736215438873378,8.486267025467688,0.0171370483698768,8.998687842177809,2.0032716362556187,0.5921948511954321,86.76488778008002,11541674483.04187,0.0
0.7471303742542297,0.0535550632640372,6.458911030390401,0.0831809825493883,2.493997825163441,2.974822355816821,0.6357582202740807,94.9524013565204,15980474333.97309,0.0007381960877214
1.6236640968889449,0.0822459456665752,7.018894269871724,0.0938007773551088,7.598327041957994,7.86066032310995,0.5777153675553482,112.23892489996504,14798603252.283815,0.0006175379455103
4.838163837396897,0.0167229575891101,8.711399395564216,0.046405398938763,2.999664418277737,8.55465700456207,0.8225719744874638,72.41376851688855,18921674106.729527,0.0008653330880726
0.8981938062298911,0.0750478913218255,8.799418827454708,0.0793001023246895,8.369550277504052,6.31014766887341,0.5350149783677394,116.52287073594648,9524044314.587791,0.0006251626005973
0.1651259307242751,0.079896855063357,0.8097896556424161,0.096570008487725,8.766726997604124,4.088312713188858,0.7115258829835399,124.51912864992306,10109441558.99887,0.0011323289044659
0.8186020847029483,0.0925314061927441,6.122227368226138,0.0676732909441728,5.514712313211323,5.6636207265547815,0.4526891752384306,108.76808246494784,15134384702.940355,0.0005438294708407
4.894127898767579,0.018147512855972,8.771995989929941,0.0458437481835736,2.78126268022517,8.56060106352633,0.8143890089562841,73.14438902732282,18587792604.29411,0.0008520387406933
0.4178111790474975,0.0568812819965664,5.241644989807115,0.0707464494460061,0.844269237252908,12.267521059988573,0.2247934945395493,106.74770994422016,14534258435.058136,0.0007395064835642
3.126646067970948,0.0596725163269515,7.743098588368803,0.038306505776069,1.985098239567809,9.580185076178408,0.6455493248928059,72.59276763244898,12681791805.458117,0.0007862688879383
3.97695511468038,0.0765412200303841,8.965152389737433,0.0190553741894837,4.133041735750186,1.0622141942375534,0.674623530500371,73.83166802025377,19873230166.582764,0.0008808727917118
3.726070018869577,0.0928517735649462,7.1479928538259605,0.0706304284699968,5.739521707275959,7.395387369614505,0.4020365772622731,85.04341937888492,12581908024.922792,0.0008012380034925
0.3258886008051601,0.086400059062256,1.44636663288982,0.0580432568685219,5.221770233375185,8.540531095154986,0.3749740626368391,116.51114910079376,13487807773.427471,0.0005667564999815
2.3038498465000146,0.0780905433075343,7.645185599587853,0.0682227129768962,0.1176063486454225,8.078196580381013,0.0746624731144456,79.696972358082,16793503551.015934,0.0005101013663148
4.821802266193731,0.0880593029237474,6.873057373120664,0.0652123011120373,5.494725527065673,4.292819381197062,0.7244062929292369,106.98747253830516,9619930599.274431,0.0008094541226662
1.7449036244139235,0.0870623905311687,7.5774566989387955,0.0946034618657218,3.4236337238516485,6.348604461312142,0.3057578030233993,92.36205921565556,14594120817.519558,0.0005445228188187
2.624654676517817,0.0782903904080576,9.772873569381536,0.0299644389967139,6.530238910684541,9.380879788291836,0.8479620300876088,94.33190882183818,9690093312.198854,0.0010771481792872
2.5200011172618675,0.0805502165063426,6.850945052274093,0.0611182386455874,7.890956373116151,1.4559451726461958,0.8285400600738219,81.59725282235149,16795201686.9798,0.0005851586747259
1.48762804818034,0.0461199788202755,8.889921215293098,0.0765677747093767,3.2608300918542312,6.149523048335617,0.5563309718951231,96.08801671025766,18118976356.044968,0.0007287792670172
0.3173099539374359,0.0980554756361022,5.487067400974328,0.0896834308013057,6.9737257346361705,10.433147142288886,0.3547061211089637,120.48302856268784,13801095196.159843,0.000595789298227
4.773651504247451,0.0501454773128173,6.889037719062547,0.0566369818750538,7.741638663702589,5.352646354385152,0.1673583529564595,96.7793415553794,10606794566.220827,0.0010554446672145
1.948920166274949,0.0909710726245174,8.732289392274314,0.0735286185107839,5.657857669082514,5.110145967581676,0.8065045922371582,84.51714898234093,17314378538.091602,0.0006512525669326
0.8064214735025595,0.0683955958396981,2.616639376845684,0.0850677584033743,8.158327801443784,1.7332347828804489,0.1639481607728614,100.31718338549526,9285570742.196323,0.000680706832111
3.79284227452167,0.07136134727381,1.5997884515458012,0.093219255655746,2.297808520264337,13.784903353880797,0.1914763575801235,64.5431847100977,14581677878.720049,0.000516251915239
0.620737671928168,0.0278718535982225,4.478844290889276,0.074517546504639,7.210750558012388,2.458585048408159,0.3779640871550981,87.54586148370477,9835734680.536371,0.0005393978742309
4.5558213999234205,0.0861410568940005,5.613929902746734,0.0913780441760426,7.445034131360245,7.45212830116781,0.6004908807897941,71.43019340756352,13426125597.793348,0.0006468795130329
2.538040562993727,0.0921705292333648,3.419421689350528,0.0428062668784761,2.3199996721518743,18.533982818206063,0.8449194695954693,74.06746589240902,16439462999.109018,0.0009261293748358
1.799727241196755,0.0695556496122263,6.249364417129019,0.0989007390323079,3.653495910813669,1.4169201415253152,0.4185282481265482,125.0941197160222,14288646997.86958,0.0006630308013784
4.31222366762369,0.0933236820837578,5.755358295419229,0.0560446282513904,6.573222995915748,3.4807023208644527,0.6577566652766756,79.59132341789044,12704060337.41152,0.0007741461526605
1.3740302112676983,0.0911015119939845,4.423860165580471,0.0900542156026233,9.182957438764117,4.901196597366301,0.8143555375604784,112.8945366893522,16954308454.287111,0.000575348533095
1.047415112062999,0.0903651612056944,4.039707867865228,0.0811920893946426,9.959741726731403,4.967339206916885,0.5323063234676202,110.41196712729882,15077457196.388514,0.0006222950445116
0.2673996118139454,0.0908731806157914,3.788648065600464,0.0627101444622727,4.201709480866053,9.179324951400387,0.2038184142973375,118.1635141662197,16974502972.293032,0.0006024803865294
1.095531667039593,0.0951537374519927,9.65927672060218,0.0733926463341904,9.456204046869663,5.944740933005572,0.1608778266595656,127.60677022438594,12537853323.3749,0.000603990586553
4.863213542572409,0.058023619806251,7.679610308334953,0.0500957158247195,9.209840892897525,1.546201971706009,0.4840104409549314,78.28390486545959,17427855720.2431,0.0009124772964774
4.667093736805714,0.0917264358937762,4.025064484006343,0.0347636106574677,7.815121471778892,10.794363649811675,0.6688328074201562,73.85729303215304,17916457270.464966,0.0005861532962289
3.2667790230530205,0.0660412206819101,9.94940605777716,0.0977230052023515,9.548126414737592,2.399455282414222,0.7471135293793678,70.32066752742779,16916855868.72692,0.0005859097708594
3.790781616412605,0.0584880134841791,5.669502677322193,0.0650413463933719,3.966095911404362,1.0253342952020716,0.2776201615321432,102.031151394661,13089642982.487385,0.0013529771610919
2.4748499737741114,0.0541214636025081,6.119922417619068,0.0768009443999491,3.386795929395904,6.753716093558526,0.7674229286164338,123.45126047919058,14696624545.065031,0.0007365617098533
0.1411702748412462,0.0185860447864521,9.74358670633145,0.0283193915047886,6.905685922135845,9.207709462567731,0.5369627170397359,91.55621264801692,12997922231.338345,0.000931751580753
3.2717063537195545,0.0927293096917829,5.779554605035467,0.0949724392389996,8.37579121701318,4.913633427629431,0.3031447691370634,122.21316118754802,19400637278.68886,0.0008222168915134
1.1236589798491945,0.0894194256409233,4.297177405192167,0.0828064307508953,9.71240709563665,5.111048334973936,0.5281426825261692,110.68049649705492,15078597104.242954,0.0006531045698422
1.1488185092766825,0.0882341144464524,8.807239958818691,0.0944054573607782,7.708772922813186,6.237071761910115,0.7406516834949282,112.1003387978201,12181950503.268726,0.0005859791613744
4.383500493296444,0.045073140170562,8.94427629705997,0.0518062400721741,1.0047997821631076,15.115594270160134,0.8097391509599796,84.41739258258092,12770541505.66037,0.0012871194181944
0.4757503551100438,0.0669493822774402,4.075885580762077,0.0400459566941933,7.486478536979717,11.327190886080482,0.3912967852498311,102.99539777296502,16152213341.037868,0.0005394417452659
4.3025118841920245,0.0984765081340974,6.339609083174289,0.0981839886531282,7.840642163355499,4.836800494132614,0.7459061408026114,72.16282403552447,12760422084.626572,0.000516174449382
0.3398989439018421,0.0566153328658283,6.88164830493604,0.0972974885680177,4.899607103627898,2.989374213253287,0.0802934537259394,127.54371078720798,10511264843.46875,0.001022188302265
0.8548838236377037,0.0335592271567352,6.286127012903711,0.0338117223910106,0.9807343848711904,9.564932297300706,0.1414995855947275,60.59854513891523,18347881738.80846,0.0007535948042779
0.49323372313385,0.0612929495801782,7.621909036771473,0.0986213474894377,3.298102858814683,5.836948178730083,0.1382964111367361,129.699799787939,9616290896.650757,0.0007520122657505
1.5818883379530146,0.0915000188186304,1.563570461955928,0.0652915196440629,0.8818667285130477,3.3881264228461383,0.0122571780530171,88.97272641624124,19787054616.57629,0.00073983730481
3.407268319928192,0.069175489908285,7.948075863914074,0.0509481097456176,6.66305126367785,14.72986758686012,0.1648134222281467,61.2399835160856,9288970122.404718,0.0007787925622798
1.8700771954567497,0.0414555809108725,6.2718375509514015,0.0889420837019192,3.498036796991454,11.394333238852331,0.2219012730234385,116.94265502978692,12084086803.745953,0.0009632306140754
0.708670320727035,0.0869030731834423,4.368014787121094,0.0977303461095462,4.84956717169522,7.230802928245486,0.4565652318186887,124.25549258673922,9906375060.879229,0.0005043639171914
3.848217889766768,0.0346952042136833,8.530089953112652,0.0672457694612016,3.848113728563189,4.752804687565273,0.341823544699711,96.5757387109956,15396724529.926464,0.0009641316752527
4.511809722843463,0.0923717955918693,7.753684024681336,0.0804595164246741,3.521711250904991,8.868918150280143,0.180047807254186,75.4391034992393,14011976631.845867,0.0005268579310161
1.382944441814262,0.0665388729368542,3.630305813717588,0.0440026367107108,4.551036410307017,17.493683020106904,0.437655484168717,64.07681494578307,15646634415.976154,0.0005780805528156
0.486752149349444,0.0561435252876388,7.788543796013847,0.0851634613937358,6.202516374641628,13.013832137545116,0.4138679143617287,120.38010936769722,14010228194.860777,0.0009324422597429
2.049470831592512,0.0913700357531647,4.672331767352755,0.0268794830428354,6.466833502782319,14.998985638308955,0.1394520475579199,74.44865879927661,11155009828.88448,0.0008431167615029
2.3880658269809047,0.0769571496430985,8.675882144910172,0.0458758620244313,0.515690344059105,8.28548340036203,0.5728087269296338,119.98088618496232,19661685365.83421,0.0010965740109776
4.318046569420869,0.0464019290026855,9.7909656887562,0.0291325310171829,6.738679322576143,7.688655980755464,0.6159935774906465,65.83911505576984,9942228838.533604,0.00096565314619
3.79284227452167,0.07136134727381,1.5997884515458012,0.093219255655746,2.297808520264337,13.784903353880797,0.1914763575801235,64.5431847100977,14581677878.720049,0.000516251915239
0.1636538184244906,0.0608902132712654,4.7918327387117206,0.0859329190026598,2.5333746306094227,9.637342578380816,0.1789493466072244,121.84033691201957,12152384781.298286,0.000543855331058
4.56026847300478,0.0919821509524233,4.813904766325136,0.0970379104419544,4.766555545833539,7.493952270996581,0.5036383364829754,83.68343779406845,10435508648.08782,0.0006707333291255
3.4493127658358755,0.0813702539705473,8.054549522557407,0.0528797298595105,9.315285140773875,11.0059963791044,0.6431502577857036,81.97779348133611,9243453480.077202,0.0009244320833541
1.120585788395825,0.0842213639668339,2.4728799920483127,0.0581108401314523,1.8444584852609291,13.902046460647428,0.0466469169748001,96.2945967011148,18830464121.70325,0.0007492629160287
0.6994291366457223,0.0367640848348107,6.919161512303914,0.0729331951289862,6.664004378060818,12.329817651226772,0.3398760669136316,104.62992077265883,11944864232.53159,0.0011838922101081
3.005580089003728,0.0599302728781669,5.007792672299775,0.0510735635745033,8.575291822774865,12.91271808193478,0.4537032590222989,86.10723893754997,9664568886.036842,0.0006812354106152
2.0108991228382576,0.0873928376880301,9.616178377150884,0.087612026031081,3.2709876137772222,4.209680345890795,0.2150368796506666,70.40114634390015,12407898180.327547,0.00051289450225
2.22130611845423,0.0744155373126688,7.099317546531715,0.038910495457351,9.124217201367696,7.810937336929052,0.1427461089819517,109.49235084096838,13947168169.998756,0.000936562308926
0.1414064408875265,0.0891488348074092,5.396984662285558,0.0896122485015862,4.599858676099973,6.376455459763288,0.2374747964679451,129.9827081513579,13625251309.2967,0.0005442925138335
0.8099956907190176,0.0879145136401266,3.359163032437928,0.0816178537453288,9.781479506512753,5.567607270726858,0.4880611827465094,115.75250924321244,14236285667.9623,0.0006638231443168
2.9471267886561288,0.0448614735049481,8.99692172556524,0.0373558421774339,8.990850511480032,19.35312619953072,0.4702439881714315,96.04677431407174,10620182763.022068,0.0006541961355478
2.418493922000162,0.0916957853218737,4.8431676177397645,0.0394647403394432,5.085726571970078,6.271816544994238,0.5004656749982623,78.6490307003043,15497553735.745226,0.0007045534986497
4.638689045254503,0.0735535570441337,4.005711925277841,0.0970118400976224,4.934517146103102,10.297161293318917,0.1666100117027577,63.43644394492575,15347747613.5042,0.0005887708962945
2.02541969500272,0.0678887889489287,2.7657778390025856,0.0504418345030646,2.6638333067052127,11.796133439647454,0.0947008140881894,102.4680487005075,16946848552.263296,0.0008413653293435
1.148599754625541,0.0898275082337224,5.913801630365402,0.0837365385998659,7.710100474954213,4.705361511062033,0.6279639763006036,106.42375995415942,16131886961.382652,0.0005828845924631
4.414316351075368,0.0775267513903797,6.9095236013389565,0.0768843451097945,7.8606792350702674,5.299654765551598,0.6021624318555149,72.47728681797587,13675739961.264736,0.0006389745087159
3.5316612879266893,0.0653554230056398,8.042404977183269,0.0377121230420751,4.664377866093487,8.560665647945559,0.7136626532401676,80.93269809572503,9984350201.492365,0.0008720907075935
1.5960243094709587,0.052364222668339,7.17557085216711,0.0466242422576376,5.7052561022486445,4.316989242335616,0.4804721361619536,93.94518092753243,15579144452.237,0.0007821778226104
1.433373636391677,0.0664648246846898,5.16573656383006,0.0392268299755082,8.263150380504372,1.6433328708352106,0.3386875898624174,94.56601070557636,16499327448.319752,0.0005542263714455
2.0055479157135805,0.0616896170559857,6.899664204089687,0.0187296647403362,9.73296389973656,19.85558716936415,0.6321580360256516,93.27972926438706,15168180071.734272,0.0
0.5330963992485057,0.0857255249721709,3.046432986455747,0.0690763155610138,5.820522728331032,2.993282394098564,0.0192590611786992,105.18550273659376,13391414728.048824,0.000546500451277
0.5302341171345908,0.060008230045584,7.54426662592193,0.0808058728715122,1.7205452248255373,10.604280042462271,0.48648712154452,96.29826026552358,12803836972.052702,0.0007159546132486
1.497481472255113,0.0397778517543236,6.946794704272644,0.0847656618333258,0.9955155372186896,11.140299531855776,0.3373703928062262,119.9747770436517,9564982593.992476,0.0006675629997891
1.272776275369668,0.0932034480411787,5.874539219682683,0.0988175377338858,6.623129683377244,3.2572435889814995,0.612712196248466,111.11781211416866,12207259519.272013,0.0006151209665086
2.610549594177124,0.0837416129043175,6.815371518499066,0.0582785875649147,6.101351240851773,10.638498415948376,0.8043269402401748,96.13050327531356,9186376588.953804,0.0005957054634609
1.3778462424549676,0.0698281120683748,6.786718980587166,0.0834961669654028,2.6906717151516246,1.9116490333460263,0.3947970238008172,113.935136256106,14600134907.84376,0.0008502194635567
3.833301970923942,0.0475416842249881,6.06645749304001,0.0204290555658703,4.618160219608985,12.613716281785097,0.4655422499085337,64.2293517664302,16827664146.857672,0.0013048543002093
1.1817695061446882,0.0515587956205202,7.112665723299231,0.0865146762108931,0.2529359127227785,10.079797963951538,0.4695520443172516,108.05909670639024,15358559101.522009,0.0005841587978961
4.946845775338803,0.0992014787923745,3.710557607428785,0.0361050972475048,4.023956290020032,12.120970046778684,0.7135749103122475,61.692599789664186,13050929298.461523,0.0008460849417227
3.3122235101937414,0.0612325012269949,4.100579807013015,0.0451347815567292,6.115009177529061,10.393509339442002,0.3203125840672683,84.90343904057525,14011260331.524258,0.0008887097241721
1.5231287213760591,0.0978896710265027,5.370630789326104,0.0811250516464925,9.990870258039132,5.318242176142657,0.8184494653771067,100.6815899678772,18994060375.81028,0.0005242132607368
3.499233801906449,0.0777478406199065,8.690327923556143,0.0805050552650528,8.929179124803078,3.4969970683000504,0.6446477603354043,71.18794771108966,14310604370.210598,0.0006319119548009
4.290152184234512,0.087885877007317,6.720834549184521,0.0765665139831599,5.987724004633735,4.486540126408369,0.7874530296204784,85.98392659752732,9803828935.732924,0.0007080991033435
3.851802621078355,0.0754515651694795,6.387622111413522,0.0774983720906997,9.651271791112135,6.202699990252614,0.4975089778688469,73.41170955897385,17388495633.539394,0.0007626355630252
0.1337475519420963,0.0862451826264641,6.791017808691095,0.0878375886484795,5.174648218646207,3.890670418723252,0.5137943960888561,120.00966290728428,17462296280.5973,0.000604927817491
4.0356313662497305,0.0603394530314259,1.8318073400406567,0.0650426569330193,0.1710970965030029,6.366998390037727,0.0567586973881301,125.23820434664644,9239423187.268782,0.000685719363464
3.0126194573909366,0.0903636166847039,6.700856454007966,0.0475353871193409,3.2999552123325957,15.835113312436873,0.0639747779506714,106.7437645273368,16500344911.015274,0.0009819384613628
0.1410449867179515,0.0550215198899467,7.447100023026493,0.0817661812989218,0.8766033988995243,10.129086829948728,0.5445839314495269,104.23969664931364,11511265823.732063,0.0005601874112934
4.682206161228604,0.095567269100531,5.653885634208946,0.0568511347797939,5.362960452661894,4.975178378873121,0.6568186169932636,106.65385651276377,11241385400.192638,0.0006972018054335
2.9631825097518885,0.0446078066049294,4.917667364093076,0.0439498674613924,8.010118095966455,17.900318981845384,0.2226505950110232,75.46397622328989,10071699355.031803,0.0007627212867015
3.068803005008111,0.0967811640488401,8.907513604730788,0.0894197071767508,4.991657246043783,1.3051118926822314,0.3176504821633522,73.35937906830863,13444592203.296276,0.0007199393899206
3.1628540388389093,0.0780819773913306,8.681719228791103,0.0548044317424169,9.126856037586249,9.734177750301493,0.8190725698355166,63.02187678305853,9736745782.1221,0.0011111308003829
2.840167280100657,0.09942412147336,3.803259654577273,0.0255446992175846,7.289895918377293,11.527121471956404,0.2650795184291651,62.00900101925885,10725979158.606388,0.0007142862306903
0.5720775865367703,0.0555067355072768,6.312103922307084,0.0858093810069277,3.3572361817555763,3.0397566529544724,0.0305874001454278,102.04192977081806,10861102271.165504,0.0008023082467902
2.594189297406857,0.0998763886959086,8.804500326516337,0.0990335862644457,4.859776215921733,1.1510861893810551,0.0459911804686509,63.353757841787086,12481029362.699087,0.000582273782874
1.799727241196755,0.0695556496122263,6.249364417129019,0.0989007390323079,3.653495910813669,1.4169201415253152,0.4185282481265482,125.0941197160222,14288646997.86958,0.0006630308013784
1.1511659394968718,0.0629807829292659,8.286258538814437,0.0887728671566468,2.3648998753223496,2.2790784802528794,0.5022668948910737,102.8223394591628,14587929673.706326,0.0005348286223318
1.8955951395723605,0.0609099232544603,1.660320076252882,0.0418557879497955,4.469413793839805,4.029328465250592,0.2553002740115928,114.17436819855834,16238788269.049349,0.0008686858879733
1.37841134765905,0.069827386589375,6.785584754204248,0.0834969083836389,2.6906565917529948,1.9121641400650955,0.3947399851223838,113.9606195161637,14600503624.146042,0.0008500182538037
0.6363340788323399,0.0238266684594524,4.689572764591827,0.0735341109866102,7.577084226280511,2.252460025749457,0.3425919845184044,88.52433082292822,9673565636.262444,0.0005446367245849
0.987314531946346,0.0443126875599112,8.993290216561304,0.0657933419471797,3.3117915860167884,4.041054924959476,0.3484003882003695,118.96574538775654,9615116276.805136,0.0005416154485721
1.008368116225803,0.0968931469826686,4.550996775772535,0.0596245697770455,7.464404367600809,5.566687495246739,0.047929627022547,99.77879830563197,13320364552.67458,0.0006636548455101
3.5598758846199705,0.0972325973929671,8.477550991012965,0.0572503873080334,8.121405372459966,5.175096595006493,0.4908900025410236,63.82397755385773,12126368108.69528,0.0006980075656625
1.1995759950433589,0.0904105822399233,5.819133615850767,0.0632529658250051,8.75502641044006,3.5617494584469,0.3872276328218927,115.03934940617532,15601601738.918318,0.0006637352506072
3.678742614525083,0.079708643055547,4.144217675859259,0.0537773470090938,8.499831976695798,11.25824696172729,0.3786308322232417,125.59383001320096,9112025915.13224,0.0006567761130844
0.3922168048667099,0.051619740354812,5.4564341498465625,0.0634319022940085,4.491563681517343,5.7674856442212965,0.7757776081332451,116.54317463405448,16656682724.96777,0.0005009720457487
1.352395672170874,0.0424219459977353,3.679470420843388,0.0312042888772532,4.311813598819152,13.960651009155708,0.1423716219531066,60.72383032785761,18284924703.370747,0.0007323119137259
2.0223533950052044,0.0640626465727137,8.698443596956357,0.0821268488098484,7.451749966812805,1.0082291398779213,0.6597838729841964,123.43703953907476,14171109555.899784,0.0007219912798937
2.901076088041862,0.0860031014789472,5.42075776990316,0.0495337052472835,4.1459843240416125,11.449599909198092,0.4785961572624536,77.27061223922784,16575601685.73597,0.0008012113383055
4.974206735928196,0.0529492388615621,1.628365719558788,0.0436148322647278,3.375972075757322,1.913481661133597,0.688381660673664,83.38477399984241,18512734886.614845,0.0007795885257466
3.088339735251936,0.0862851589663873,4.717082978975738,0.0756097924365515,4.691409698438938,4.102636908717621,0.5447529989541869,115.74765584463988,13040505750.512403,0.0005575710658532
0.3408791296104306,0.0580998594082506,7.287124934215103,0.0951442120281094,4.366962780314731,3.718402403531999,0.2551403460857923,117.9583519692028,10202270215.480087,0.0007776308262765
2.3980247147607376,0.0616517935703647,7.209048438242321,0.0722581783284819,1.984259536993724,7.132458551537739,0.7029505958045441,103.28241796822216,14165165604.204529,0.0009740398282053
1.1083295904081285,0.0703115826548234,4.919052649432662,0.0989730294306808,9.87904089911996,9.203316350911452,0.3914313341397125,94.32193028781312,16353315633.9403,0.0009157792635484
1.253539835655913,0.0830363562309354,7.699427775416018,0.0897579847217077,9.542444358835558,4.366420366334843,0.4053660980819397,110.4821605797088,13054038923.648155,0.0006330584530872
4.670314781590982,0.0916893979789685,4.030071329130895,0.0346957296643954,7.809019959112832,10.784915746541156,0.6690264513231852,73.86515815510946,17918520003.020115,0.0005858011763342
3.7615001743405694,0.0912792168847015,7.247923740275064,0.0613731410553451,8.140605148463749,4.741668938881296,0.5282111670152976,72.21716687875403,11402817877.40322,0.0006833042149107
2.534045381101376,0.0697029777724815,9.856809957930196,0.0584598252343002,5.10946369695126,8.359483759820593,0.7980485644714455,102.3490171725513,9906462102.913645,0.0007400507039314
2.5294589620330625,0.0395831775600087,2.555434757873612,0.0389807354493482,2.7795864160025423,12.43677872460676,0.1140091595066561,129.7538380705459,19097827544.858814,0.000898418357488
1.5317393217135449,0.0901829843838755,4.038768353764404,0.0305161974561707,3.41829706406703,4.566281264973487,0.4832153512718406,106.27622053424088,11831976624.33157,0.001068356182605
0.9735150212969924,0.0922653640175781,5.955767722860967,0.0735849317205651,8.027704228891748,7.700557801362481,0.3192463915601186,102.20376916417698,11606488809.36609,0.0007847227422193
4.670314781590982,0.0916893979789685,4.030071329130895,0.0346957296643954,7.809019959112832,10.784915746541156,0.6690264513231852,73.86515815510946,17918520003.020115,0.0005858011763342
1.4487645576759969,0.0834179798561043,7.381156903122157,0.062308778110963,8.900175288625054,2.9332746507793104,0.1919503839597465,127.58008703614682,12899196715.25169,0.0006660635006658
2.2808054092925336,0.0941298587750854,3.652422048772408,0.0581699681289281,5.146483203643546,7.1833784808889165,0.0782030749741229,86.46771441129111,13079049394.852686,0.0008461537965242
0.4773454868023677,0.0620914346082604,7.04240354213781,0.0414544594751553,8.106429374308004,10.485324378972738,0.6982493838192473,106.31656082885446,16798955461.079117,0.0005675362093867
0.2423743875806953,0.0387179125247061,9.459714036076528,0.0586002195467856,1.1094917946145386,12.11976173893124,0.6863772261297284,126.16303759847338,9767207797.390232,0.0008927652799776
0.7200832444237265,0.0489982571676375,3.332011364544777,0.0409244088318729,3.933327000888572,14.02480335255124,0.378248452521585,70.94271805207636,15744015143.354343,0.000650682700043
1.008368116225803,0.0968931469826686,4.550996775772535,0.0596245697770455,7.464404367600809,5.566687495246739,0.047929627022547,99.77879830563197,13320364552.67458,0.0006636548455101
2.945362416540495,0.0725713303477014,2.5605342672094165,0.0379433791455843,2.708908458437706,9.548332422585029,0.316002993470196,95.48431935094648,11973700047.60823,0.0007348502657806
4.414316351075368,0.0775267513903797,6.9095236013389565,0.0768843451097945,7.8606792350702674,5.299654765551598,0.6021624318555149,72.47728681797587,13675739961.264736,0.0006389745087159
0.6763972623363381,0.0712848509867479,1.149447039270806,0.0551761430136312,1.1282916843106912,10.373376790728573,0.0185432733440105,89.06911830180906,19850845443.509598,0.0007933368519325
3.6888005207453127,0.0651007814416015,6.535499931947411,0.0508985770999899,7.560672239154327,3.645891807088487,0.5575301046234694,92.25585145896652,18206781079.15317,0.0005052795809352
1.1363615528386348,0.098270104309979,9.542665954066536,0.0740726537453865,9.459440043880347,5.880408053612358,0.1513122195031576,129.8397920790189,12507820288.172966,0.0005993806355009
0.2461618713397509,0.0994048682545947,5.039033777601805,0.0904130488156504,4.562147779794593,7.569348646843272,0.3145903183382268,120.45867746130122,15563732949.31993,0.00062556399196
4.062808427587381,0.0501306233949715,2.070749099425518,0.0659441983812633,0.2389139972934431,6.721946927588316,0.0768185280025666,127.3738161250911,9180865186.735998,0.0006385002917363
4.200054814094948,0.0995327777136021,7.896223442268617,0.0697791422242404,9.26737040065074,11.709239960543654,0.7614137253141231,82.56874746731725,9972039990.388348,0.0006527495209509
0.6877521758009026,0.0690954662069014,9.181030627275067,0.0545968118315269,2.769615961553257,12.943711465762046,0.5921050422219999,79.41446730119813,16402691338.587387,0.000980830322954
0.2588302062081771,0.0597106733078569,4.78019538347313,0.0907236622381507,2.530203792817104,10.225996963874197,0.1896292419362875,122.66149114379616,12258124108.343542,0.0005444560426027
4.912073497565292,0.058876137632538,6.656525891961213,0.0578453067811672,1.377590267701395,4.440008588129029,0.7727167492180713,66.2830440325423,14149338281.016005,0.0014269225853088
0.943680114641221,0.0161264669367547,6.571388692077276,0.0994455402021194,1.3348066828297522,6.94996759914039,0.1123391285312289,116.30017598705214,9689261722.116142,0.0006995120262848
4.043782620965335,0.0843449389469732,4.243881405059419,0.0606006254385058,4.885807745611155,7.886790222158724,0.0385371974478789,127.57226170904067,9180973267.44242,0.0005937172018729
0.157716601949218,0.0811900930151992,7.036084142568924,0.0875222038848465,9.151524114817404,8.205058212136109,0.7540613133191628,123.5470519915557,10989397594.692797,0.0006340562635971
3.071749250089362,0.0781715982071993,4.101642515006168,0.0495009358026975,2.3260106047702083,16.25001054822153,0.3825538545540156,72.10579066683063,10657552677.722012,0.0007165583230236
3.79284227452167,0.07136134727381,1.5997884515458012,0.093219255655746,2.297808520264337,13.784903353880797,0.1914763575801235,64.5431847100977,14581677878.720049,0.000516251915239
4.78339378747024,0.0451063746337837,9.590759417103364,0.0282029782329111,9.816741420801822,1.36545134054154,0.8430570806417936,63.26485713247229,13248858684.668531,0.001115388938404
0.6349651218628141,0.0994792800754544,2.5219998148254503,0.0987737254327951,9.388555920852797,3.812353062016004,0.6538145363199359,111.70317555687664,16038428849.626892,0.0005273644987351
0.2851450164128173,0.0450820322375886,2.365526206649332,0.0863899677931607,8.036541017349643,1.7978068870713164,0.2766564753379351,79.8407141092992,12919304128.621288,0.0007918680272423
1.755459619307905,0.0395177135468358,9.569508634551685,0.0988730736676841,8.676975568830166,3.766839655643377,0.6578050662578032,121.50051114526848,9602131187.174671,0.0005045639210473
1.5441763176444618,0.0548140532087079,1.907087853640128,0.0209388520804832,3.285915501403622,14.64649506770154,0.5591129130730159,91.90556705609704,15358009962.636694,0.001050781109862
0.4541458218689589,0.0650325657238819,6.206841268293148,0.0872800441434124,3.5291391381288677,3.105575336162014,0.2068741113209099,116.17636640450912,11278705199.839771,0.0006985793711533
4.943593711066883,0.0991385072309856,9.412822436788987,0.0507954492198227,7.86805098067947,12.038677692607802,0.6474636718234391,88.99153158261625,11545659157.403831,0.001003532419152
0.5072962929517357,0.0569781822850017,8.912308630612227,0.0926762809884033,9.18356368546262,1.8686551624643783,0.3946401183820393,129.61373649500337,13097948976.607643,0.0005648860395575
2.154390760528948,0.0851933805961703,5.514881589053677,0.0866986632945853,9.117451038652444,11.091104186527586,0.4833522091086086,83.7764346933655,16159737627.33311,0.0007630389246315
3.722038551755233,0.0859115315305747,8.690095026721947,0.0550773153247299,8.477680475495603,10.8089428273261,0.5838400875373129,107.67069024483628,11673254840.744017,0.0009591898283165
2.049470831592512,0.0913700357531647,4.672331767352755,0.0268794830428354,6.466833502782319,14.998985638308955,0.1394520475579199,74.44865879927661,11155009828.88448,0.0008431167615029
1.6526873792935377,0.0499088348474252,5.299994745264054,0.0396645701593818,1.4308238620325693,8.140576416185253,0.0428727548637261,87.25053013519485,19901163830.186096,0.0007643567080902
2.0376096715721483,0.0676049853979083,2.754489627727638,0.0504123935595516,2.6789874932669986,11.796433320042402,0.0992868787201465,102.45218755409508,16928063968.74091,0.0008412251908657
1.5392948348343674,0.0868243394196521,6.911216828819235,0.0807480430234938,7.768892902556508,5.542800754597714,0.310539934759151,96.41645494533542,15243044860.155476,0.0007270736908858
3.60702257062348,0.078919178758574,4.112691603419394,0.0553033790396977,8.437910519203442,11.407641830182476,0.3862871421376644,125.31371443377206,9087833366.472536,0.0006634161540877
4.949086642014135,0.0692505166341277,7.950871506849952,0.0708922574532767,4.369976902576211,6.638156595773428,0.833792951959553,114.40894846043366,9152248365.51416,0.0011344002804082
2.7554700276098942,0.0539750547757367,3.8045884062187976,0.0976275647797809,4.639074812716638,2.877698273492851,0.3554784675482786,125.03859424402262,9568305257.563396,0.0006118732403128
2.518891318190381,0.0781773241785687,4.529029578885965,0.0492362901714421,5.725886476447532,10.876394146026875,0.6601337465220227,90.98118076566256,13897903659.253326,0.0007075312295255
1.393733942020812,0.0664803086359403,1.3796236239496245,0.0328695938999942,6.73069253908285,2.304933430020378,0.2912223902142342,73.43627810184631,10229627162.418758,0.0005350021150081
3.005615991077717,0.0845878663979305,8.806357827570597,0.0873734245592227,9.400595618546411,3.992316391112574,0.3619433766665627,93.4049846263804,13949150812.23376,0.0006367034143596
0.8432738879972528,0.0707655446730145,5.698945932003412,0.0201147001506023,5.919007472008241,2.566459795579765,0.465939565651568,119.18115971714514,9944123204.148815,0.0005744561091688
1.9029456248325336,0.0675876106988299,3.189606432517051,0.0575313649468116,3.477489287657219,12.410458938907926,0.0813951605227814,97.62839209707752,16980506642.307962,0.0007749183893052
0.4121876301941757,0.0459094428687463,0.1460840812003937,0.0263343650958024,0.6328618809076295,4.508059864730006,0.2458899919333069,67.17051544620674,12930659640.00833,0.000813197360552
0.2825633273830571,0.0692932215713203,6.653258388683193,0.0875213060798777,1.3446093210793209,5.546139507398129,0.5573911955532438,111.35151094548496,14757063257.02297,0.0005848313300883
1.1496284554361071,0.0934926574572793,8.317088338101488,0.0881880883821495,7.28403282888118,2.9049922243475024,0.8304733605733873,124.22711861605998,13983609935.447132,0.0006890079871898
1.320894354639925,0.0135881874956553,6.155295251034581,0.0695178072875735,3.317623475878646,8.46286039268521,0.0406821111659187,93.92162808045912,12424984910.374104,0.0007720845196288
3.402150967081768,0.0874724299063066,8.148863685104756,0.0495965471446951,6.719017990836679,10.533403570837558,0.341877096895523,67.28486075217285,10088383288.980766,0.0008695417688524
2.504309404771756,0.0515856076731598,8.097294458285516,0.0347275294451172,1.505880171857655,11.854709461122244,0.6941218277420507,71.00054238649886,15140858613.232174,0.0007843760837239
1.1536361509047683,0.0898147061338591,5.9152981721641975,0.083361522487907,7.72982094821599,4.691140594653833,0.627449690852431,106.45165265780042,16132231617.980972,0.0005833966319393
4.068905601292927,0.0549445389245948,6.593521076978144,0.0160015274686041,3.74793207140129,13.930428786119595,0.3160885180344319,94.82192656473369,11930404813.6401,0.0
4.155818729869743,0.0758052090996797,8.252930494404913,0.0482752012974206,8.298859336275054,13.478773509383238,0.8067548970361355,80.53004785734936,9424999096.837292,0.001274191051263
2.074438845639881,0.0539657792472449,0.9725978269646433,0.0766012148537737,5.148479740070072,9.325696951628837,0.3091309628968664,65.00395385979375,17060547319.90562,0.0005701500133678
3.2257046309873463,0.0906075284308377,9.34762731752656,0.0584746080352634,3.423736361079609,12.021395193180828,0.1046129066515769,107.14091718607972,12136282835.10896,0.0014325453245766
4.894127898767579,0.018147512855972,8.771995989929941,0.0458437481835736,2.78126268022517,8.56060106352633,0.8143890089562841,73.14438902732282,18587792604.29411,0.0008520387406933
0.3936957408844141,0.0848286086394264,3.568654729012261,0.0822635820253185,2.207595159907356,4.2342000020451165,0.5707886346523616,94.37633091228636,15326656836.885756,0.0007185054520808
2.6217630640191683,0.0825307691124585,8.642886626815091,0.0794329982857585,6.113258010427409,10.782458398895638,0.4028322377694329,71.29597721520975,11966425417.077934,0.0009394363124469
1.2594627591698822,0.087504566806715,5.089110208151597,0.0215962091330679,9.08929621566392,3.0484787487060103,0.6033033937109369,119.64536443224952,12288954375.443611,0.0005317132751667
0.6867911857870727,0.0695014979693347,9.153571546225212,0.0545843950486389,2.811474093123263,12.91622074955669,0.5915468855066699,79.46413717242682,16422912013.995005,0.0009830496886694
4.285104384998997,0.04595295702465,9.781478670894009,0.0286034991217092,6.600539661771762,7.67816947191804,0.6220520328681511,65.87363690059455,9795884448.546482,0.0009587130503367
3.7454825703500334,0.047485162184464,5.818533820053241,0.0230138422550801,2.273829666597056,11.600468173678712,0.1565075595842963,104.99079094812032,12570884292.92175,0.0007775936133943
1.221030395842983,0.0762163134784169,4.941061652948168,0.0842499137706604,6.802487351619573,2.181761457347132,0.0138077896022354,80.32438098725738,12056179463.210608,0.000856944771287
0.3004016400932744,0.0888805760666745,3.595355517232397,0.0869922681499189,2.7214541176263856,10.709763223873228,0.3056757766624277,106.02772168490628,14358930371.211,0.0005016576038492
2.911169576428451,0.0869357106310841,2.111025139238065,0.0956638217652391,8.271045373725117,9.361185986872306,0.5576209085419214,105.13718561942366,10090619631.266323,0.0005472276170323
1.5392948348343674,0.0868243394196521,6.911216828819235,0.0807480430234938,7.768892902556508,5.542800754597714,0.310539934759151,96.41645494533542,15243044860.155476,0.0007270736908858
2.7158786267311017,0.0490083772434129,4.88208384879002,0.0411770628143557,0.4356096342715961,9.05764654604678,0.4429202014335422,79.50173776681133,15209507660.368645,0.0007184631912224
4.511809722843463,0.0923717955918693,7.753684024681336,0.0804595164246741,3.521711250904991,8.868918150280143,0.180047807254186,75.4391034992393,14011976631.845867,0.0005268579310161
3.23285991158815,0.0691397991890544,2.559639030271936,0.0393785520150731,6.949999566430517,5.845175522398848,0.8204914048220239,79.80946837698284,17270599211.93933,0.0008099606892861
3.1117728932617736,0.0966871738487405,5.062208394633035,0.0873189483651485,6.07231830574661,6.96148685180957,0.4196938001425279,98.10878796845569,12976110198.164814,0.0006888587404607
0.486752149349444,0.0561435252876388,7.788543796013847,0.0851634613937358,6.202516374641628,13.013832137545116,0.4138679143617287,120.38010936769722,14010228194.860777,0.0009324422597429
2.9770182974426564,0.0962809210887161,8.739534045447757,0.0379162699278088,2.616073326286553,11.3376231231874,0.3119277693767214,67.38873189066855,10295743179.559406,0.0006486204081938
0.7883276332019221,0.0439496698409391,7.807748856545755,0.0895152727278549,3.992362552579727,3.2930055985344757,0.062401298583393,116.14809974457674,10341502682.49294,0.0008656176356046
4.299296874324734,0.092031830210601,5.778591027493628,0.0582536702710863,7.011716933770797,2.093848614992695,0.6590635061583251,80.05115320321156,11813012605.833254,0.0007300566790256
4.501227743565947,0.0963221418941583,7.1301083845934246,0.0764212294721626,4.573299845829312,11.010859916262184,0.0857987063683606,69.82855179271091,13880797691.078815,0.0005132939673878
0.9326188058334012,0.0876496304692855,4.085144487684553,0.0824212477236047,9.729478351132762,4.6025497884403785,0.5360404694671396,110.59293386901044,15450664840.703753,0.0005894810040413
2.205514117246438,0.0800772551119261,5.992870072612164,0.0046860898708323,6.751916346408798,10.89998658411747,0.5699529023131824,107.49837696893292,13785473054.62087,0.0
3.56084289012671,0.0841187951277707,7.597032079178457,0.0507642139783774,6.104086121238597,13.12271523390346,0.3145299242454877,83.14979034900102,11408365076.75981,0.0008403170957691
0.2296107922540235,0.0977354865542382,7.464714428545792,0.0823583371507775,0.3731802731996708,5.8531986913764005,0.151072996299622,86.5908946650096,17869512630.758854,0.0005733837827876
2.467565611665043,0.0553206761279514,4.848284235846313,0.0766161083402455,5.061142353203379,4.9487991535240985,0.4394321778043317,126.86842316691234,15789168440.966908,0.0010071496910627
0.9900957997115089,0.0653730443637629,2.965979681767391,0.0577987553160868,7.545207353116083,5.769772163953415,0.045185821829155,103.46571527715976,19015274639.636494,0.0007548176923596
1.8104618199879168,0.0886064302037938,9.6376205452511,0.09046869204243,4.478997689218711,6.373014327079623,0.1325254743394556,76.72703712673523,9239971398.086643,0.0005961544300522
4.769777365245217,0.0859577591398847,9.121705243966126,0.0962538607548393,2.780172365641345,10.34420862320389,0.172605788657105,74.37387276690231,11960872003.563202,0.0006067846542935
1.5589174901918608,0.0667872460887488,4.202123102277289,0.0704035632038524,5.68070454756576,4.655832034637648,0.4835933816784934,128.72564477859976,12157288370.028444,0.0005221258914616
2.501227756238612,0.0589964604603015,6.811380065932135,0.0381712073932314,7.592719393550423,8.213691295971845,0.7754797539914241,73.8396388005458,19305892206.85185,0.0007520329575195
2.223732294169368,0.0783595262741589,2.999776077879536,0.0882232903108856,4.7811596022923455,2.352032133518499,0.4292799599694473,116.97662798146426,11416975128.78587,0.0006134670380417
2.0245333474343568,0.0679861769597218,2.8040790914607063,0.0504796360005943,2.6750989518254995,11.83210111640992,0.093700495342206,102.46840555283973,16959008555.88336,0.0008430755330103
2.5294589620330625,0.0395831775600087,2.555434757873612,0.0389807354493482,2.7795864160025423,12.43677872460676,0.1140091595066561,129.7538380705459,19097827544.858814,0.000898418357488
0.6573598007527257,0.0405029947546336,7.121994711363588,0.0940878259518071,0.6336824404713631,10.348295971942033,0.3640284027128497,106.72266808826406,12839366861.18535,0.0005678761673422
0.3011427421340825,0.0383321642036179,9.077735176966565,0.0210929627902432,8.152762593060352,9.205702078970113,0.3728073947924283,93.0386083969122,11296953717.50539,0.0008040085290544
4.2526544511109625,0.0982568601639145,5.404188006838503,0.0850660625531666,4.393285292246662,8.040502420471924,0.0549180115238563,66.10341604075342,10331059536.400574,0.0006974575617944
0.7799367397465438,0.0706629025003958,2.7431672279256976,0.0566330151920656,5.388581663993983,6.701884052521082,0.2415874457056021,127.25050701973782,12793352115.315626,0.0009457567967645
0.1738492884710278,0.0807877695801306,5.104638127181658,0.0994388376431038,8.69476567724437,2.405402240904454,0.7369713523349205,108.6690822294064,13007399019.583174,0.0007315747024991
0.7760328078159928,0.0403346134130713,7.306864198015165,0.0655885888631116,0.9464921438896796,1.003527926984057,0.315567815814986,105.76630565553394,16630692222.11398,0.0008030026717167
0.2888419762257291,0.0508899317951872,2.041295348462648,0.0578957223187397,8.283395730936721,15.061667352199317,0.2874683629334602,78.38870973784812,14237097979.068232,0.0005083382344889
2.571875258770643,0.0591543866766645,9.069342350688313,0.0152381229463376,4.9796971300158575,8.33829499502165,0.8223761920963459,128.71788971421114,9558918438.38202,0.0
1.533509115042643,0.0889273148700604,5.129101592277556,0.0496205230025668,9.97415335161314,3.5520947308073003,0.2155791036798282,108.53508917326673,16133919280.529385,0.0007639291749
2.0888797146715645,0.059824884556219,5.157252760187817,0.0795034963674464,1.9544991073061493,4.984474634170066,0.0645098870389306,104.92407490792448,14618227634.74135,0.0014389710039112
2.2100963526978457,0.0529957299450199,2.5840168799496905,0.0133027728380652,7.653990001853367,14.083303175185009,0.7135239205981109,65.36540200570973,16682107839.247707,0.0
3.790781616412605,0.0584880134841791,5.669502677322193,0.0650413463933719,3.966095911404362,1.0253342952020716,0.2776201615321432,102.031151394661,13089642982.487385,0.0013529771610919
0.1835311198231814,0.0800529385295805,6.194478656290101,0.0961731095774665,5.414753271701222,1.5647325103577288,0.2725511913065627,127.5509422322232,13299312941.42199,0.0006940072077566
3.9290079829274474,0.0255775664393899,9.84827633165823,0.099932091792988,6.6909476635358445,10.275193406911528,0.6237626809432308,116.75955567930224,13935708563.326874,0.0006023070361887
0.7739857682171728,0.0969228283347888,7.63016995717886,0.0699397823657739,1.9369573596310836,13.409707407220768,0.8265322772100993,74.43744774949243,13626462951.423435,0.000667194595909
1.382944441814262,0.0665388729368542,3.630305813717588,0.0440026367107108,4.551036410307017,17.493683020106904,0.437655484168717,64.07681494578307,15646634415.976154,0.0005780805528156
0.5514116672122865,0.0909757404827286,0.3766447012230354,0.0919800434870254,3.4354405720482397,4.61755113765085,0.4248440178931372,113.85609435319876,14336678114.031136,0.0006513378299752
0.2632080263384945,0.099472843480142,5.081280319719587,0.0904132936420799,4.7611705716384245,7.6670224502765,0.3128648292373081,119.10229388489388,15468095205.586246,0.0006273488161829
1.2186067477691058,0.0720010924250354,6.750067421340674,0.0768273190604521,4.848038622681303,3.895126207022738,0.5206755156188019,100.70586452855318,15703503026.929745,0.0008212241184847
1.2549103654036995,0.0953899450328365,3.224187472167379,0.0397300870939987,1.6006146389437428,14.36792525625368,0.0501707194569883,99.854637857441,15701783693.861197,0.0007855347333037
0.4734771059827519,0.0557725814201685,5.18573678344682,0.0360015702605273,0.1956292821213251,12.597563852355076,0.2671928675658269,65.85332577456292,18288755839.127934,0.0009100795716276
4.351401237552775,0.0979857322470543,8.088990330249592,0.0481888096846796,4.34847759209789,9.400730173031098,0.4717839711685827,62.03371821068728,10046595552.194626,0.0008036738855688
1.912233764522676,0.0724105106298525,2.321277237768117,0.0904004261215048,1.4279432373770924,7.796256482569368,0.0416420808904429,80.12378766347288,9845516973.976965,0.000846578849326
1.4906121640873615,0.0912703748179733,2.6348580252571625,0.0878270077345341,5.594181703976296,7.693649470467954,0.0266003422843481,103.63536994491112,11498176530.243778,0.0011134750850917
4.56162506542358,0.0413806915544205,7.725399099446367,0.0443218360728362,0.5263044533325142,12.554369729202934,0.3343595955828427,129.7193712734974,13553223540.352978,0.0006325990611583
0.964873754982792,0.0348672521006738,7.919514434814037,0.0920632586869529,4.150332119864126,19.50928566996652,0.3178307105490949,93.74443551482244,15038833054.726557,0.0010319408153466
3.4418651224072754,0.032040897886605,5.420647122164004,0.0296042861013274,7.599780271568238,12.625211322295344,0.5703721561318393,114.81210433952468,12643610184.309864,0.0006145131364322
1.9817425185673767,0.0942604147993176,8.096304743670235,0.0994402371682196,5.621706270055008,3.682756168193689,0.3266680788388732,88.95837152105815,13058451898.231396,0.0006169659297195
1.60098267229997,0.096666825937126,4.183801984013234,0.0814558039835942,7.426848241948583,5.68088106583785,0.6021316221125628,122.3046193270335,13327251057.7277,0.0006945366807627
2.805256698991467,0.0603302155431992,3.8586215213152055,0.0498959691094572,6.824903171649869,8.07555049084577,0.1417059698864814,125.50605622272316,9951445960.574482,0.0005892897338601
4.131701670947183,0.0844383017208233,8.873781064886558,0.0549205031322737,9.175832765773254,6.456390873426147,0.5953384664703945,89.08478640169727,11140664765.426147,0.0011465915899934
4.527017992128715,0.0869841080622214,8.639188259488126,0.0034635033250891,2.1885023982846112,2.7372463515857746,0.6339207228212964,68.26111372770093,19126850797.14933,0.0
0.7547281570227089,0.0452856395976128,4.398172971069508,0.0346095822600362,0.5887079946731095,14.501025116226444,0.23957159566831,81.47185301849474,13922578790.959658,0.0006449677439706
4.084032803358223,0.0810041181389162,7.173395730295233,0.0588942929177669,9.680923761862038,8.44801950502377,0.7960850566925833,95.40440516661606,9203468876.61381,0.0011974654655988
4.77338393400787,0.067077742219186,6.315693318071663,0.0731242903194456,7.959222062287691,10.550473461682172,0.714694796199603,87.608171198675,9040088703.38502,0.0007125069531306
4.37259422056515,0.0833702568374158,3.9414188434253257,0.0801844588604809,1.125964456626024,3.522322070688197,0.0803156220869282,93.820255809022,17074479428.979898,0.0009254284302749
3.3855498742104198,0.0980275366711573,4.11194829926191,0.0903423145261342,4.837570514396091,8.072135331196195,0.5759744131097674,69.62598764316765,12394376767.882769,0.0007070559631379
1.3776403835750697,0.0411339432094497,7.526928506003738,0.0511100366886047,9.54226230910466,9.651246964882484,0.8074679803280475,106.15175343742344,19303217009.18206,0.0005068152330692
2.5195751196001344,0.0947772430273173,5.512382543756378,0.0841215224423894,6.77359751549509,3.681383135511441,0.2838470862652788,72.13257277648,13151377186.247684,0.0007044272514788
2.459953212993954,0.0638524983181548,5.422486626074247,0.0305837066408306,2.7426351689841475,1.0233402160429323,0.5875260758035924,88.84416718494552,16965020343.268148,0.0007760969007561
3.5409708961609367,0.0603907835753986,4.359247484812131,0.0379636975646994,7.062035951319435,8.4620415555702,0.2258581109335139,91.73068040670996,10579610146.59366,0.0007527040476074
1.869323173695144,0.0839396702564482,3.709200858890556,0.0626504487767257,8.236104764408305,4.167973591923653,0.6134488501481811,96.6849684277782,12816271461.114767,0.0006341487737929
0.662335252159441,0.0476910350741081,8.568762053619688,0.0489063950276289,5.056149387631407,4.259686842567734,0.1740622467442787,105.73704063495065,9468718400.470736,0.000966621062557
0.1272417279670048,0.0471336354031694,9.920736142467218,0.0863552481655821,9.793950808008216,5.166860288468431,0.5059117147501666,115.24124244015871,11531372605.430729,0.0005400088273624
4.824463969553437,0.0646694388837599,4.520864235067202,0.007248895072396,3.054885608009553,11.542268539591143,0.6607332947719013,88.86445069401167,19090360496.56935,0.0
4.721569163655701,0.0909864970630657,9.435859277245044,0.0414678918213992,9.413752380098222,10.674774571196584,0.6745331689482303,102.60259610293092,9056458764.025415,0.001367637421886
1.627958677862144,0.099772857427186,6.839253366255037,0.0974574929651746,7.4829874829340115,5.280611362009391,0.3423504341886719,111.33050523585344,11717782023.58374,0.0006161910710863
2.754234862481992,0.0861458509057848,1.7804771085223128,0.0916912924705912,2.572621708249343,8.67928661396547,0.3328973653329884,80.09890868581194,13539445343.69949,0.0009158435066737
0.2190829053746152,0.0626867257081617,6.255645374980377,0.0939573415957789,4.393495672920623,1.2422472953109525,0.1358327423372422,120.85371295219451,13838770736.52515,0.0007772017945037
0.2053134968851559,0.0617974345186605,5.002230737134862,0.0470281270605371,7.806432523996713,3.507847840436043,0.636709699589833,64.71849711778228,17326231200.162346,0.0008043321396799
2.275678973096963,0.0617894252789436,6.562204971461474,0.0721015166608452,4.465314002276671,7.754188135337274,0.6709500987882687,117.836882191591,16449965648.953417,0.0006479358907476
4.883558411254505,0.0730444507862115,9.655857855945916,0.0504342813939953,8.047731842354587,5.195492730207493,0.6363710686769513,72.21833317172596,12375897631.502916,0.0011576786998577
2.060438747506644,0.0658220848726023,5.410598477594125,0.064650354975446,2.0307294870666333,6.30482680627506,0.2351807202743961,72.08442662445898,14185610857.437525,0.0007526077209151
0.3408791296104306,0.0580998594082506,7.287124934215103,0.0951442120281094,4.366962780314731,3.718402403531999,0.2551403460857923,117.9583519692028,10202270215.480087,0.0007776308262765
0.2693765554027629,0.0509487659109975,9.814931035056697,0.0331956939255376,9.12911353175197,10.376221533979782,0.6685290982041627,97.4840699426857,18247264773.39889,0.0007181160992462
2.3663115655598075,0.0578721826253135,9.772555905911524,0.0284333424939388,6.515903119355202,9.425621010286903,0.807871307499824,119.59346475566542,9564017242.538742,0.0010547577213901
2.930614475741305,0.0959369353549295,0.1683278992201003,0.0893195326367207,5.510081774510787,11.250531733451725,0.3256604861263908,112.06977671665692,9383713719.356749,0.0007468764098147
0.9618208872760472,0.0778724670594189,5.297398573576261,0.0378959623841664,8.306796903718476,9.594718447912886,0.0976965576005328,106.54906589654476,13997346907.798838,0.0007387127782127
2.049470831592512,0.0913700357531647,4.672331767352755,0.0268794830428354,6.466833502782319,14.998985638308955,0.1394520475579199,74.44865879927661,11155009828.88448,0.0008431167615029
0.743149650714896,0.0663997112556206,6.231540071902932,0.0858352909038553,4.8763643239473184,2.859719264804929,0.330304355241691,107.3325379292412,13105272153.998182,0.0007930299598919
0.9693345227360508,0.0936362589596238,4.369399631191663,0.0573464218510648,8.577534190051102,6.3227904374440405,0.1364672622702621,103.69496181412327,13372679980.161894,0.0008273612082534
1.0250960132680575,0.080935115819103,5.849055295472455,0.0399299774748581,5.971043205156539,1.2845279260249285,0.4428825709363696,117.73823038297064,10574018528.37555,0.0005734975124365
3.2575922139718907,0.0656882340827614,9.914200297797082,0.0976875072192727,9.51324387255814,2.3845627670282714,0.7418899907093524,70.58972540860898,16883370393.4433,0.0005850020472758
4.083974333493268,0.0665716766823635,1.349253240691762,0.0523525088582777,3.7160957996192487,11.109416064528356,0.0544503134876878,60.82619320499953,14144006094.106895,0.0007623145433724
0.752266252262718,0.0872502891630351,7.329597274598037,0.0941823732334565,5.668893152365172,1.93517018634062,0.0108630736191597,69.43764893826636,10125308892.052444,0.0012318229669013
3.514213140176705,0.0781230754894179,5.559700779364574,0.0246891938836033,7.085319907125049,6.003265081397614,0.5130319419566214,74.46158483394792,15237887913.669683,0.0008091320242205
3.6682435141650576,0.0708996814151323,6.992937756719583,0.0568490500612594,9.941521101981085,15.439493571084707,0.7249781198456288,88.84049770549495,18799451240.21005,0.0011292154752519
0.613238862208155,0.0468886144100451,5.7093933609794085,0.0851082908330524,3.164292210874573,5.646946207373338,0.5088554663011564,108.53101355865084,11659938408.65804,0.0008087999381524
2.762817869634183,0.0340482491877061,7.536826904143252,0.0428945614752897,6.16421857455888,15.006894175944575,0.8253538521595393,67.68221017454134,9548318235.9144,0.0009377866256585
4.974206735928196,0.0870466708759483,9.508534544031704,0.0432825529602167,3.375972075757322,2.327556492368708,0.688381660673664,84.06667896886616,18512734886.614845,0.0007795885257466
1.5973504779873822,0.0523340346558249,7.184100651182345,0.0464374353346146,5.702971767157694,4.258256439634817,0.48094488160633,94.15762155491002,15579563646.788338,0.0007818562321452
3.2571615212930647,0.0657050132334801,9.932362030852062,0.0977071281314872,9.528240039014609,2.383291603869898,0.7420368807090197,70.58836840382772,16867050275.452332,0.0005843401155281
2.4101864765564174,0.0899350272794008,6.1958653982374114,0.0969987060957299,6.341206091426027,1.2734310862065854,0.3339636476285831,100.3330805024574,13325682904.323536,0.0008767199939709
1.0952666697932318,0.0889011942285435,2.7177969372078983,0.0239381634777338,7.203722767860176,1.9049555013727184,0.0317853188936296,100.4217982828103,13441569032.993382,0.0008248443278081
4.78339378747024,0.0451063746337837,9.590759417103364,0.0282029782329111,9.816741420801822,1.36545134054154,0.8430570806417936,63.26485713247229,13248858684.668531,0.001115388938404
1.727258899663578,0.0480924906484028,5.980546768815687,0.0943659565870539,3.9690844416645135,2.570665814099955,0.5120644941648244,73.22428453533016,13402426953.94707,0.0005177222133013
1.0075412202769412,0.0757106637057279,5.58078860299205,0.0828998016165723,6.318333619106182,4.223276665486465,0.3507943807831433,94.92230888363474,14672670443.542503,0.0006820627246422
0.2097011625167958,0.045406319779998,8.214283510191061,0.0998020980729304,5.286622668932318,13.75773706272579,0.4374804426657067,104.1252904617375,14752385908.39165,0.0009207390314795
0.6802103356399326,0.038542339151135,4.667365952894495,0.0774170122294628,2.149405778704708,6.708600668814411,0.7214155478093806,98.95649159702808,13095706358.56953,0.00082825709683
1.871811654668692,0.0500114532970288,5.231263960675979,0.0313380480503839,9.23913496014274,15.515273775222546,0.1048197753918859,76.07668051751288,9967623027.761164,0.0007119615186877
2.3880658269809047,0.0769571496430985,8.675882144910172,0.0458758620244313,0.515690344059105,8.28548340036203,0.5728087269296338,119.98088618496232,19661685365.83421,0.0010965740109776
4.007008495267452,0.0484209835317051,7.7895760010771165,0.0613820705746423,6.709000192561832,6.376798418996327,0.5907937289188433,88.42213832611664,15091995851.28735,0.000733296823538
1.912233764522676,0.0724105106298525,2.321277237768117,0.0904004261215048,1.4279432373770924,7.796256482569368,0.0416420808904429,80.12378766347288,9845516973.976965,0.000846578849326
1.63799665043752,0.0473716534674526,5.58838996157441,0.0838669345973066,8.894733154439805,8.870480168902402,0.1016323102641606,119.93237528385212,14216697989.39781,0.00095533924369
1.9259917769080843,0.0780862734475177,6.341709246732799,0.0939685681031345,4.484989577097646,1.4277855012632044,0.416538750718166,122.34029406601954,13003821361.50462,0.0006337428379766
4.419657644498061,0.0176291374173873,6.988858255958451,0.0310285268761121,5.061043760637825,9.191992538488128,0.4992847728037701,77.31337740357098,9418125785.900225,0.000910142607439
1.6118248724349151,0.0572249624513833,3.430329923263713,0.0831660492530466,5.286452542180053,3.633518528122128,0.5061754086932907,102.5005132310876,13016298174.062904,0.0006072530845576
1.7152974595351205,0.0875689488064886,7.622634278316594,0.0824692371699462,8.60804577400399,3.99759595988811,0.738075474164824,111.59222081651669,18410876007.358665,0.0006372991237386
0.6426102751778701,0.0997485092431687,2.522882773255224,0.0989318925460598,9.396877725817204,3.836081900621093,0.6552244662677663,111.7186721470217,16033747146.722776,0.000526927854097
1.28515445099637,0.0638031448476735,3.290115014015515,0.0944690604661708,9.80504620647003,1.841965274276056,0.2886993544498918,92.7895636347874,13108799965.12662,0.0006315194022804
4.020867387285168,0.0815655355589811,8.997236424372538,0.045026283447026,2.276309854374413,12.851856518535085,0.4341956775903747,119.4322526753854,17278206795.51052,0.0006789790649221
1.3163640407683157,0.0645843823430614,2.3409644274711177,0.0524508999451253,5.248556019431474,7.083590981172573,0.6584984335683493,87.32136668288187,18150420362.32849,0.0008856020868891
1.4487645576759969,0.0834179798561043,7.381156903122157,0.062308778110963,8.900175288625054,2.9332746507793104,0.1919503839597465,127.58008703614682,12899196715.25169,0.0006660635006658
1.1511659394968718,0.0629807829292659,8.286258538814437,0.0887728671566468,2.3648998753223496,2.2790784802528794,0.5022668948910737,102.8223394591628,14587929673.706326,0.0005348286223318
2.87530569786278,0.0773835751723224,3.2545290991894853,0.0667426688729359,3.63541538272724,15.55692273045333,0.2511328251528062,80.57848459560282,11550370830.481976,0.0006307094412295
3.5316612879266893,0.0653554230056398,8.042404977183269,0.0377121230420751,4.664377866093487,8.560665647945559,0.7136626532401676,80.93269809572503,9984350201.492365,0.0008720907075935
0.174952436203128,0.0620837458406669,6.301511012158724,0.0957037015858521,5.165535494427044,1.8009434794041146,0.120893260702708,119.22744430082554,10574174164.928225,0.0007695451200896
3.79284227452167,0.07136134727381,1.5997884515458012,0.093219255655746,2.297808520264337,13.784903353880797,0.1914763575801235,64.5431847100977,14581677878.720049,0.000516251915239
0.8850596029238238,0.0979565424503792,5.271674036847089,0.0811719078468513,9.696155536974446,6.690282189753627,0.4451526597473149,119.76721593616897,10006293585.07776,0.0009837709169915
0.722449537199696,0.0460351436065105,7.958880475062518,0.0809554043917824,2.9407261883999896,9.865941372130209,0.5109224172425463,106.68186410173162,10524800442.365854,0.0007638404931696
3.462071430115857,0.0853621413838837,2.2203702288670786,0.0617259553759269,5.627194962339014,9.208200787096713,0.6065571619613187,85.07113388348313,12067667889.145924,0.0009716517553685
2.091931212014344,0.0662261706669269,6.415775863066723,0.0723829059182941,4.49766997611373,3.5415968642585685,0.378277261191269,124.020539452989,13774630074.63234,0.0006452728988802
3.734987826219336,0.0779574123253013,9.013900074650806,0.0209268188661295,4.020660049489312,1.0610279333535275,0.6745436798385362,73.97103044823682,19891887013.86027,0.0013018358425546
1.0649411088889953,0.0719084781215209,4.897492707537605,0.0588206094727651,9.87330786355891,9.388454999598991,0.8043682306484293,126.585066621073,12266777870.556004,0.0005060257356736
1.1961659883381173,0.0324548605289503,8.801357544169406,0.022444722067141,1.890180124288964,17.07243296169207,0.6864103685760997,120.51880516625224,16066515407.769032,0.0007674194089834
1.1660680341340592,0.0668941489600346,3.873805161278781,0.0549831674315622,8.953646281210068,1.0059499193094577,0.527141200801288,107.36144783238278,15252195821.879416,0.0005491607826073
2.154487367052907,0.0666575868531268,5.948077596770003,0.0630966462998438,1.6337329484764072,5.459504626568492,0.3889710532986046,69.70245721093349,14040289377.168072,0.0007424998413144
2.52468719422678,0.0682019223525588,5.373749993681309,0.0219051444051841,0.4622667002010951,19.830860477013797,0.6661342533320983,88.20385623521386,19432439515.9371,0.0012092335391785
2.418221234433417,0.0917093309690036,4.843900982566886,0.0394848669172306,5.086256547049411,6.266289881365735,0.500243037113303,78.66997114076479,15494300365.931408,0.0007053296451977
2.3829371053150443,0.0980582820734624,6.861636750814119,0.08607087122645,6.634295554054914,2.9649801951648755,0.41661948338778,107.58313718584084,12601694316.190887,0.0006550961794037
3.9400575629101584,0.083471017294624,8.061291756350634,0.0502435463270796,3.0319019769609934,2.2636832424474704,0.2154869003289461,66.24628395306735,17250105961.945953,0.0009203286841464
0.8545514479384618,0.0336429780972085,6.262655078909657,0.0334807781171087,0.9656802728154564,9.545950630217195,0.1425687814157661,60.45868233847611,18335519131.64081,0.000753227823334
3.4913305499673446,0.0807278269577,3.633466852384368,0.084185540978622,5.90805409146482,2.6647392348333474,0.4758212410307735,104.83692669175431,13267418887.10682,0.000944122210231
2.3829371053150443,0.0980582820734624,6.861636750814119,0.08607087122645,6.634295554054914,2.9649801951648755,0.41661948338778,107.58313718584084,12601694316.190887,0.0006550961794037
1.2683149242743386,0.0622231625332345,5.707407423645815,0.0683335792632974,3.416977087335401,6.191401299317629,0.7770121294660893,89.25189199566715,17097160221.204632,0.0008375302132529
4.285104384998997,0.04595295702465,9.781478670894009,0.0286034991217092,6.600539661771762,7.67816947191804,0.6220520328681511,65.87363690059455,9795884448.546482,0.0009587130503367
1.7651898197026108,0.0545634864460232,2.5840482370776763,0.0722122609902856,2.056693218077372,6.857337409423145,0.0412654116803935,86.6892734364366,11124708779.770874,0.0009565677896721
3.102764059730563,0.0600113274849535,8.090539697942962,0.0373171140613307,2.320751386732097,19.24691930819566,0.6337153885491766,65.71031129707114,19614139786.35709,0.0008119499591706
0.5330963992485057,0.0857255249721709,3.046432986455747,0.0690763155610138,5.820522728331032,2.993282394098564,0.0192590611786992,105.18550273659376,13391414728.048824,0.000546500451277
1.0724550504522,0.0903288902954382,4.030461268527362,0.0811904224475214,9.966497308867428,4.99381726843281,0.5307992091036556,110.85728715828978,15155402261.470695,0.0006222971805172
2.418221234433417,0.0917093309690036,4.843900982566886,0.0394848669172306,5.086256547049411,6.266289881365735,0.500243037113303,78.66997114076479,15494300365.931408,0.0007053296451977
0.7066587897202905,0.0869723233787692,4.3505767259497965,0.0986981034966393,4.79089670521863,7.078699334769547,0.4479477612956508,124.57022849021013,9863601247.975157,0.0005044143087776
2.504309404771756,0.0515856076731598,8.097294458285516,0.0347275294451172,1.505880171857655,11.854709461122244,0.6941218277420507,71.00054238649886,15140858613.232174,0.0007843760837239
0.3408791296104306,0.0580998594082506,7.287124934215103,0.0951442120281094,4.366962780314731,3.718402403531999,0.2551403460857923,117.9583519692028,10202270215.480087,0.0007776308262765
4.084032803358223,0.0810041181389162,7.173395730295233,0.0588942929177669,9.680923761862038,8.44801950502377,0.7960850566925833,95.40440516661606,9203468876.61381,0.0011974654655988
4.307844291070457,0.0928276542953516,7.036339977223423,0.0908637680857787,7.185350380253454,6.502739711214974,0.6601922262528598,64.58487413557842,9536403227.613289,0.0006291138769335
4.6888386338817165,0.0912816456182226,4.265066226404957,0.0333598830343011,7.6744878928923,11.183120526154166,0.6619891578441882,70.5111774490934,18024837296.96513,0.0005901945729091
1.017410044962383,0.0761218536490008,0.7736636354871788,0.0501275222377719,0.8026153457454887,11.5060009436126,0.0390065786102204,92.34856309960814,17270499885.548977,0.0008274844708983
1.9098698028652188,0.0992107006360563,8.389316058017723,0.086795168072652,4.999443248210814,6.397522676986583,0.5063215297371761,64.7189559672381,10955590868.941433,0.0006046692996813
0.3905031338221509,0.0913842272097954,7.2738607243659645,0.0813979197586378,5.682455046597109,1.3305449472254598,0.5461497161402514,78.87420459546897,17403769244.48403,0.0007016609746884
3.56084289012671,0.0841187951277707,7.597032079178457,0.0507642139783774,6.104086121238597,13.12271523390346,0.3145299242454877,83.14979034900102,11408365076.75981,0.0008403170957691
4.1175203032533165,0.0809891745214933,7.258264009767031,0.0586038087946174,9.795784614737954,8.497418889514435,0.7972581570070064,95.15973487691744,9175967689.54831,0.0012100100364676
0.8243490262572819,0.0495393350033936,7.790992249111393,0.0916027864571161,4.037733638597841,13.526456967666128,0.465456987179777,119.57299543689857,11719255737.178593,0.0006968153341635
1.193369630238117,0.0333002854176947,5.716401681295898,0.0526522476395052,8.614784672020876,19.333269928350955,0.4782050182859197,96.59447278406334,11770265850.784643,0.0005174890259066
1.871811654668692,0.0500114532970288,5.231263960675979,0.0313380480503839,9.23913496014274,15.515273775222546,0.1048197753918859,76.07668051751288,9967623027.761164,0.0007119615186877
2.78973499675133,0.0799732250909252,9.244332855788151,0.0784206934083679,9.165403950120387,4.210083761494214,0.4852415583523591,70.14262043989389,14999007103.937653,0.0007090560280278
3.51227388080562,0.0549063547121364,4.422913896398754,0.0922320295275355,2.0285546131328034,3.0903355962685723,0.4015064543381177,105.44517242431752,13454541339.625923,0.0007193341616268
3.454509419427773,0.0558569572623442,2.765288195481188,0.0433692120051777,1.4810350741746547,8.594190738649832,0.1250736894429993,106.57456398150264,9673506211.131607,0.0009089924404294
1.7131702936328297,0.0549398639341702,5.718616293493891,0.0666790218232792,9.677120995661271,13.770323848213735,0.5276112351376767,85.13726221161731,12326732501.097048,0.0005195896195522
0.1303661841337366,0.0920174157615105,5.532603415630255,0.0864167514920928,5.164661223219512,14.145461865432065,0.7086412248168479,128.49830486800926,10219224991.05275,0.0005339915870277
1.254970899216665,0.0364999725824388,8.715713227621858,0.0369399291503913,6.688941907685107,4.22167089364612,0.4157013710317476,76.50914796786063,16767857984.19336,0.000526420406832
1.3740302112676983,0.0911015119939845,4.423860165580471,0.0900542156026233,9.182957438764117,4.901196597366301,0.8143555375604784,112.8945366893522,16954308454.287111,0.000575348533095
0.2880200224943329,0.0979057638082292,5.573346302007975,0.0880603841893036,6.737650002687567,10.504709128047423,0.3457935126555699,118.9844119572408,13587475917.512316,0.0006014974593203
0.722449537199696,0.0460351436065105,7.958880475062518,0.0809554043917824,2.9407261883999896,9.865941372130209,0.5109224172425463,106.68186410173162,10524800442.365854,0.0007638404931696
3.8480895940308457,0.0965286674850169,3.225063856285176,0.0291302771759431,5.893549147791723,18.883875202953988,0.8333528984376277,62.13434151237362,19054615532.91922,0.0007621534020794
0.9264532393124254,0.0431803937785877,8.722909441404333,0.0462513330771314,5.816277353872501,3.435856677830846,0.6010449054389537,92.22564197971006,14605976219.703178,0.0005029699538129
0.9765322886477966,0.0779715129368692,5.153268642625206,0.0370524344565579,8.28428924758122,9.470086658833976,0.1055892671833202,106.8295112160015,13968577141.046455,0.0007520267398083
3.7042631139510354,0.0480448393570463,4.163328130352677,0.0822316600631631,3.589547664198889,14.544513032246654,0.684716373608532,118.60875354539144,10362708694.64667,0.0008805536915514
3.088339735251936,0.0862851589663873,4.717082978975738,0.0756097924365515,4.691409698438938,4.102636908717621,0.5447529989541869,115.74765584463988,13040505750.512403,0.0005575710658532
4.42066440710202,0.0358389309695102,6.863321868432656,0.0646479989320139,2.7795426591455783,4.562038834889368,0.7556453391607135,95.80997718338256,9069771585.623056,0.0005647158030876
0.5302135354165893,0.0932824144131431,2.4552166305143013,0.0588172262046679,7.736984397581332,7.448769935583861,0.0770352373207646,89.1756405046909,17787793153.382633,0.0005002456040144
2.9942263732981798,0.0914799977866618,3.656919982720538,0.0767635204112144,7.049036697690533,5.121720886125041,0.1209782557934817,87.97930177690483,12498567898.901497,0.000811497429388
1.396597592399174,0.0723418672741343,1.4631836810240375,0.0732970609909091,5.813136491530462,3.850523672758008,0.011133187853471,88.1239294639547,13401638434.093971,0.0005452412385383
0.8186020847029483,0.0925314061927441,6.122227368226138,0.0676732909441728,5.514712313211323,5.6636207265547815,0.4526891752384306,108.76808246494784,15134384702.940355,0.0005438294708407
1.3844046387324669,0.0704668795077579,1.9748255806684984,0.0807947711692205,4.929059237938521,10.189305849049203,0.2487170756944541,95.64369941968414,17050014395.693377,0.000732566433586
3.670115878332034,0.0580538678594331,4.488525034432223,0.091402093433317,9.303712596359205,5.299650903128196,0.6794408346431418,75.20993410015441,9870314600.077385,0.0011957580367503
2.1197715876098715,0.0736252744420348,6.576059767739609,0.030765734406493,8.959889833048436,3.28665830309048,0.421330096565515,100.17765524915916,9707275462.797112,0.0007141943072034
0.6050626737783461,0.0717277455460883,6.098630499845495,0.0886703668191184,2.483906738104505,2.822830314746103,0.7177208512252478,116.18224787486804,14588758008.359304,0.0005902061603096
0.588227709465401,0.0596817299964759,9.887858375169245,0.0582075032995305,7.871204930187324,6.842430217935578,0.2158325233102518,129.75200028447537,10981883875.522024,0.0005592275675308
4.816852257805455,0.0549308182336806,6.896559547220054,0.0555269162016126,4.009846244478668,4.554988379854329,0.3446009081034165,90.73505822189726,14798908074.404243,0.0013593350563509
2.9942263732981798,0.0914799977866618,3.656919982720538,0.0767635204112144,7.049036697690533,5.121720886125041,0.1209782557934817,87.97930177690483,12498567898.901497,0.000811497429388
1.3837983455141545,0.0482630030839643,7.654377244394972,0.0648580000135479,2.318631555505859,18.439174555709236,0.2218279305726049,114.37088686635076,12780660272.666656,0.0005704536139033
1.6159836533686054,0.0900706527480587,8.725421583063305,0.0911435365622154,1.3430640124323825,5.302362626151057,0.2516116083574128,89.63552909035882,15968845584.865389,0.0006769517975525
2.418493922000162,0.0916957853218737,4.8431676177397645,0.0394647403394432,5.085726571970078,6.271816544994238,0.5004656749982623,78.6490307003043,15497553735.745226,0.0007045534986497
3.057234949169111,0.0741535916768171,5.939582051831196,0.0309706119518671,8.207820493124583,4.135021864190579,0.8197289796867204,100.76166268948242,14261321648.62501,0.0009222516997106
0.2693765554027629,0.0509487659109975,9.814931035056697,0.0331956939255376,9.12911353175197,10.376221533979782,0.6685290982041627,97.4840699426857,18247264773.39889,0.0007181160992462
1.932307313859967,0.0810739710441977,6.982813476452645,0.0918780211497396,5.479504413059941,4.368051746384554,0.3039740431169854,76.36725356529911,14140920996.430058,0.0007724369046415
2.0245333474343568,0.0679861769597218,2.8040790914607063,0.0504796360005943,2.6750989518254995,11.83210111640992,0.093700495342206,102.46840555283973,16959008555.88336,0.0008430755330103
0.4821060904941394,0.0414629557637111,7.016310087325845,0.0999760420213192,4.815959157046136,5.833720214406409,0.3998538596342741,121.1478064489334,10569907461.768356,0.0007369736162507
4.044480660348998,0.0558716348320284,5.113048384981726,0.0964182681503924,3.651799515626424,5.757495722405086,0.461138463455473,106.8738700299259,13749957980.097708,0.0011584660183591
3.2121555286687253,0.0898646038125374,6.974682559618149,0.0507986508465824,9.212896424695334,4.909016733714089,0.4045737256636447,61.13731124182652,12487168872.285826,0.0006771830030065
3.203952665001724,0.071353342841985,5.5705638133138,0.0978264283642388,6.21472979063205,2.949245938620421,0.6955625869429245,109.37481395438932,13388757237.462128,0.0009361455185209
2.571875258770643,0.0591543866766645,9.069342350688313,0.0152381229463376,4.9796971300158575,8.33829499502165,0.8223761920963459,128.71788971421114,9558918438.38202,0.0
4.494069212730682,0.0976775011448073,9.329325572063183,0.0888477594262588,9.120209284413107,3.559592773745649,0.6358094912886646,72.50212292826983,9456999948.055412,0.0011470572591629
0.7322060947710491,0.076411099317268,7.184274567254335,0.062293967067009,4.0546614428778645,3.337150747553068,0.4103235229839334,113.30816362181277,10206524152.014029,0.0008382737324535
4.028353124521908,0.0820200339630435,7.933753255751906,0.0434971814829847,6.471678728329472,18.320949452416443,0.709665022573194,118.558934474671,14705007796.320051,0.0007715923156188
4.664249225918805,0.0963634367115213,7.398556297015423,0.0547587229749492,4.564118016352074,11.254251735636638,0.5364152896790793,78.95071543164428,13937340606.550726,0.0007034298961319
0.6340026622696284,0.0993290178484205,7.710152297836045,0.080423405468976,1.159229270701266,7.440340433271949,0.2848166958905415,101.72865135329714,13926662487.723372,0.00101896900156
3.37646831240318,0.0223225455830298,9.472596309119766,0.0458260843478197,6.937484186375387,10.310086752810264,0.7250546483908374,71.95350204339962,9516406653.725136,0.0011256873199743
2.0978008806817896,0.0951233896227134,4.715467253612762,0.0479826686081865,0.8784680951227045,5.881487353888088,0.2108267310643222,129.06407709600575,14892824685.050465,0.000762401117272
3.2361353911908157,0.0869492328061824,8.281835922065687,0.0700324188242705,8.5538323739404,4.2929665521862495,0.463783128211263,60.02942802470464,14251838254.45328,0.0007178965846585
4.672990038902544,0.0952564632153291,7.5521064209205155,0.0548158593766262,4.839453027749095,10.56238634350374,0.5434478398607246,79.19788381880457,13731561488.618134,0.0006956026520065
1.451608450639738,0.0625725321058056,6.261582564700151,0.0414298249426935,7.919657559585561,11.02702400490286,0.6509251017292019,100.72123296043446,15416087411.8001,0.0005889198796288
4.785697948632865,0.0672793487433686,2.9310330703639336,0.0992722802327617,7.88807959347115,5.924441213163775,0.3962851358744789,121.08516999042612,12802507836.154203,0.000592166619602
1.1363615528386348,0.098270104309979,9.542665954066536,0.0740726537453865,9.459440043880347,5.880408053612358,0.1513122195031576,129.8397920790189,12507820288.172966,0.0005993806355009
3.734987826219336,0.0779574123253013,9.013900074650806,0.0209268188661295,4.020660049489312,1.0610279333535275,0.6745436798385362,73.97103044823682,19891887013.86027,0.0013018358425546
1.6579023438597913,0.0572507256754011,3.1482099361125444,0.0200974541066568,5.315730340041396,1.5083547258682448,0.2765550773754192,98.02175639743112,14842598659.045792,0.0008262472291128
0.2693765554027629,0.0509487659109975,9.814931035056697,0.0331956939255376,9.12911353175197,10.376221533979782,0.6685290982041627,97.4840699426857,18247264773.39889,0.0007181160992462
4.894127898767579,0.018147512855972,8.771995989929941,0.0458437481835736,2.78126268022517,8.56060106352633,0.8143890089562841,73.14438902732282,18587792604.29411,0.0008520387406933
4.952987767981153,0.0583378254566902,7.754452498222429,0.0506464789446303,9.185885355118591,1.320146710765002,0.4894356693314095,76.60163598208682,17604872279.063164,0.0008887684712553
3.726100640552174,0.0366001853894137,7.121729276444254,0.0739509171012915,6.689089903655438,12.554010424045416,0.334403801739514,105.13265467355151,12026283606.315208,0.0013457418189737
1.5642936355524597,0.074384750448317,0.5898504244300714,0.0826900426828089,8.969972462695775,9.779604189653906,0.683633822870695,107.64410659071125,13144439450.00526,0.0005482332039809
4.284350179351538,0.0908681466004252,2.967385732228069,0.0525193972382588,6.913716306343414,11.85670600262213,0.3661560479574386,120.50538711229156,9068034326.400656,0.0006316475972735
2.737105492469021,0.0779765266132924,6.763768103133144,0.0866491023315955,1.61480430344611,6.552900159442125,0.3155023065320184,85.68420737580519,9060104417.261978,0.0014924474396491
2.569417830885561,0.0993271981957338,8.810665610275382,0.0992825935805244,4.868505046381557,2.125273816101912,0.0509708783051567,63.6460460303454,12213063845.950298,0.000578257875123
1.453441156559815,0.0477568762500112,7.501153398247958,0.0653692042131093,1.1189533408373775,12.427314422971255,0.0789406639369618,78.13499759206404,13454892984.816906,0.0008588784687723
3.656715164136606,0.0968622935423179,9.3663998136994,0.0517591867727323,0.8948892871429333,9.237370336868592,0.1896607113168495,72.50133399773924,11764467952.059122,0.0006832736055953
4.14228831206848,0.0920533794525689,7.356494183799346,0.0113779282812963,8.765707347939452,12.10556111291324,0.521845048641772,128.69782662646108,13068938270.52823,0.0
1.53090886895586,0.0676678010163136,5.663536256199076,0.0471691106206233,9.218235279970608,13.745781320918072,0.3767015130624524,71.70476542354913,11586785260.819714,0.0013418861490089
0.157716601949218,0.0811900930151992,7.036084142568924,0.0875222038848465,9.151524114817404,8.205058212136109,0.7540613133191628,123.5470519915557,10989397594.692797,0.0006340562635971
0.2035375438400659,0.0653004508539497,6.884529233053502,0.0470889417208696,5.563650805608529,9.312640328644722,0.8062757148474562,98.09983586774692,9429628573.555384,0.000771925021419
3.1751497070744605,0.0811713164468214,9.77437443171054,0.0217257268864244,7.699042483168327,6.28420019113167,0.7607706252280934,63.364016483920565,9619299589.862473,0.0009878868915102
3.377335686248541,0.0834372736564538,8.447644111386449,0.0649516948370377,8.579259132714444,5.778402147848931,0.7676504340585245,73.78402270757661,9049360005.215506,0.0006309353803473
3.7652713066739913,0.0290307290261309,8.539771368370987,0.0660067474758704,0.9101193845993324,4.120957127479478,0.4071021261775326,97.26335375552378,15417248088.32785,0.0010551035434376
4.265033674448276,0.0951221771683501,3.0582042973271086,0.0033653433287462,8.53636140949636,9.059504334486038,0.728126696983535,100.006522017986,10885995974.44088,0.0
2.733902380343003,0.0969581919559848,9.491224949389473,0.0923824464156008,4.061969583874708,2.718617684364005,0.2262825495031392,86.15723283806761,13953656169.389734,0.0005390089967222
4.894127898767579,0.018147512855972,8.771995989929941,0.0458437481835736,2.78126268022517,8.56060106352633,0.8143890089562841,73.14438902732282,18587792604.29411,0.0008520387406933
2.745789921964917,0.0437723250591755,4.533086425420012,0.0345789784234161,8.532480867618244,18.40336235723917,0.2211618928578105,81.08082857900428,9981669277.60295,0.000833821603294
1.0844690804171315,0.0906171830714132,5.996940430074807,0.0834223715736823,7.796751539542598,4.804061215175532,0.6318536522164738,109.20554088570049,16177892282.474163,0.0005621430225493
4.848163745115699,0.0598631382523879,6.964727294441393,0.053311249252497,3.54959388536084,4.140857207451977,0.404190414137141,94.42191850745516,13940256096.87011,0.0012596053298413
0.4266383298832575,0.09061062277674,9.390879921213877,0.0884703137159634,7.725692589764384,1.832779750079574,0.8290205276355417,125.64349777176972,13720940598.005192,0.0005158114593521
1.2701124962191674,0.0877057264949045,9.238944314774177,0.0688814555655668,8.38602498074422,8.065289084956854,0.7113410989970085,120.77929032515974,17642384030.170647,0.000609305457832
3.238683853018868,0.0900519573995328,4.202081322506397,0.0748808271940779,6.075163542574954,11.305406536890311,0.4358616536996575,76.41753863589683,12341913957.814243,0.0009642940813756
0.7522413984729205,0.0599343153203905,8.615881624687745,0.0696658411768629,4.599251690403189,5.329253690300542,0.0176371549752177,116.8004032212958,12149383152.311213,0.0007823343417641
0.2923397499759786,0.086245386548652,1.357001009017636,0.0304568522952626,1.1972988020966904,14.78915600443358,0.1014965548013548,67.25609806960716,17460890542.52135,0.0008104363311699
0.4586914606067946,0.0221201280893164,5.912925543737272,0.0227048150595634,2.116072906244488,9.35598461899542,0.0724257108409258,65.2698705013691,13253000899.833223,0.000527018410685
2.737105492469021,0.0779765266132924,6.763768103133144,0.0866491023315955,1.61480430344611,6.552900159442125,0.3155023065320184,85.68420737580519,9060104417.261978,0.0014924474396491
1.510010740144102,0.0934259482499331,5.750657559510531,0.0813750395297021,8.078202727239507,4.687399925759077,0.5215033788891066,111.37737918184509,18884071164.301857,0.0005866968188653
3.0636498262782768,0.0411727498001339,5.633670685310321,0.021902890766623,6.299221503674804,11.520446272917075,0.2154425570820143,116.96751945340826,14404959145.584526,0.0014580531806042
0.774835081695281,0.0881901481488825,9.355032728981447,0.0224844592985691,2.087793292487033,9.48306893249014,0.0465153118325916,118.85536365371568,14590626221.93152,0.0011521881236368
0.997458662877188,0.0903483805371134,4.244096714117909,0.0824815863663447,9.99409081237502,5.065801602996181,0.5316289360327111,110.81094024775848,15044730688.583849,0.000623130480187
2.733156111976192,0.0986329528280797,1.102694678203285,0.0859418009581682,6.521848905323328,9.081457168369074,0.0148107481001509,94.2122169770978,14098242405.667393,0.0007624935418597
0.816484763902084,0.0395251358267371,7.916933359883687,0.0813418087705112,1.4116459543407998,10.05650857036786,0.6709149781516448,110.58736809765342,10231141097.533592,0.0007688765006123
0.7540343067624403,0.0590785667857585,8.20449609131076,0.0411752425048811,8.539630979487601,7.137996535376315,0.4000078513233434,95.34463221129404,12909433923.744564,0.0006206051207416
1.6526873792935377,0.0499088348474252,5.299994745264054,0.0396645701593818,1.4308238620325693,8.140576416185253,0.0428727548637261,87.25053013519485,19901163830.186096,0.0007643567080902
1.6516554300599446,0.0774992806796782,4.586917571332453,0.0174500280833916,2.8513744340696263,4.239322690333323,0.014354821067916,88.38561012850853,14706214050.028406,0.0
2.605455645536163,0.053554051276926,5.96227431059098,0.0940596784617098,3.782922598068192,2.678729062770612,0.4497874239069212,113.5888119571138,12152928073.118284,0.0010558844492129
1.2965343817461394,0.090111001262869,5.652320481366576,0.0673152843225485,9.210172056198097,3.413253823994648,0.1093786783026742,116.39603572241236,14463913478.569769,0.0007146946730022
0.1100526404150808,0.0901625636233162,7.586680518347069,0.0775490949544591,1.144410933804637,2.173000232063302,0.4185853805344357,114.58784769555211,12569143794.136211,0.0009056343303595
1.3130511797280542,0.0237945375194551,4.470852777548172,0.0814012592439591,8.11948014078113,1.9959937031807096,0.210068988012716,63.70335989816356,13565478936.249285,0.0007157798189832
0.7876403399425574,0.0455160770847564,9.290773422877889,0.0709960786750259,5.379075647237285,9.052895558698648,0.6324334320390993,115.24783900042534,14614452888.0507,0.0006493907104048
3.790781616412605,0.0584880134841791,5.669502677322193,0.0650413463933719,3.966095911404362,1.0253342952020716,0.2776201615321432,102.031151394661,13089642982.487385,0.0013529771610919
2.4013497390735363,0.0785147431518691,8.930974704897697,0.0460912981948664,0.5754275969608718,8.112851862231965,0.5695559538264916,122.42357762607423,19812993694.761234,0.0010815792316474
0.174952436203128,0.0620837458406669,6.301511012158724,0.0957037015858521,5.165535494427044,1.8009434794041146,0.120893260702708,119.22744430082554,10574174164.928225,0.0007695451200896
4.682206161228604,0.095567269100531,5.653885634208946,0.0568511347797939,5.362960452661894,4.975178378873121,0.6568186169932636,106.65385651276377,11241385400.192638,0.0006972018054335
4.883558411254505,0.0730444507862115,9.655857855945916,0.0504342813939953,8.047731842354587,5.195492730207493,0.6363710686769513,72.21833317172596,12375897631.502916,0.0011576786998577
0.2875429986689811,0.0708440920565345,9.699678584075654,0.0884545490662948,7.365690092115405,6.193376910846133,0.6535092321957644,125.918504341153,16798501170.661936,0.0005136201228059
1.0771616734223608,0.090318120326657,4.030480603674726,0.0812042410110686,9.975025816935387,4.999972378856257,0.5318480128251325,110.8643117141541,15108545268.121605,0.0006221680351216
0.2880200224943329,0.0979057638082292,5.573346302007975,0.0880603841893036,6.737650002687567,10.504709128047423,0.3457935126555699,118.9844119572408,13587475917.512316,0.0006014974593203
4.170862007763194,0.096970674108561,8.020946379319058,0.068191751853874,3.0252052833079945,8.035629510930407,0.3524623415258588,91.06049613310688,12288810786.419712,0.0005175933661839
0.4287404265070791,0.0621675002198549,7.138696344978712,0.0416910913842238,8.025891510874995,10.5274569621809,0.687491810240798,105.29381881928592,16695225585.905325,0.0005584334208569
4.159815432188957,0.0793088962188299,9.485410483690716,0.0825387100163746,7.941225165344151,1.5156988415706163,0.2710850184981138,74.96079191598521,9427805246.54502,0.0008222239206734
0.2875429986689811,0.0708440920565345,9.699678584075654,0.0884545490662948,7.365690092115405,6.193376910846133,0.6535092321957644,125.918504341153,16798501170.661936,0.0005136201228059
4.672990038902544,0.0952564632153291,7.5521064209205155,0.0548158593766262,4.839453027749095,10.56238634350374,0.5434478398607246,79.19788381880457,13731561488.618134,0.0006956026520065
2.8220447052718383,0.060126130022786,9.45948147534118,0.0164244612825071,8.29816161116007,3.3100044995461824,0.614676412640857,92.52621574117192,12097690830.58658,0.0
2.4748499737741114,0.0541214636025081,6.119922417619068,0.0768009443999491,3.386795929395904,6.753716093558526,0.7674229286164338,123.45126047919058,14696624545.065031,0.0007365617098533
3.80291866479164,0.0346509354502547,8.578736717645876,0.071058324388407,3.568578002553751,4.644848583792639,0.3459705075666692,95.66138987579868,15279574997.016966,0.0009755861900027
3.42437160725377,0.0514646454182761,9.106497309937357,0.0744266894812562,2.9256867053462488,8.477055663362652,0.3253912874618109,91.01485066230236,13690377240.969397,0.0014870322213402
3.4134860045493274,0.0826762207084868,3.803493337146084,0.086597949839133,6.080896193693496,2.7386366148451486,0.4848756185714176,105.35234373199468,13724037746.753317,0.0009396793491425
0.7806738832392027,0.0857704353277197,9.196050456349182,0.0582265650283728,5.547249830566896,6.539517266664154,0.0583689653948311,129.76682748796074,10609274714.061266,0.0005714054048517
2.0978008806817896,0.0951233896227134,4.715467253612762,0.0479826686081865,0.8784680951227045,5.881487353888088,0.2108267310643222,129.06407709600575,14892824685.050465,0.000762401117272
0.2693765554027629,0.0509487659109975,9.814931035056697,0.0331956939255376,9.12911353175197,10.376221533979782,0.6685290982041627,97.4840699426857,18247264773.39889,0.0007181160992462
0.2588302062081771,0.0597106733078569,4.78019538347313,0.0907236622381507,2.530203792817104,10.225996963874197,0.1896292419362875,122.66149114379616,12258124108.343542,0.0005444560426027
0.4773454864150712,0.0620914345715208,7.042403542547432,0.0414544599514957,8.106429373574006,10.485324379487931,0.6982493846199882,106.31656082754246,16798955461.079117,0.0005675368290566
0.2617093096597943,0.0985727958760193,5.735293318269229,0.0475124355671269,9.247359350540613,10.433631172564391,0.2198468347391657,114.9017167757452,13006466594.206087,0.0007030188572579
1.2314212161796636,0.0776392068428514,5.030537942907619,0.0661927646481438,0.1210177804954775,10.551062536301515,0.6968429957171164,98.09326022741784,13855542318.121471,0.0009932466942325
2.137480775196793,0.0508754467306829,6.280840298253107,0.0766922091392306,2.580348671785422,7.6746739676253295,0.8287348961001676,120.24453760453588,12892970256.72255,0.0008217377616266
2.962142820697533,0.0447117449768411,4.913471951505914,0.0437593235733684,8.03749846083451,17.91974428209017,0.222462639359916,75.31983307079169,10085406962.33536,0.000762764513723
2.7585478798522045,0.0767191318011578,8.586504703331418,0.0428850661626429,3.6832541757350334,9.378514992693152,0.718067154140761,68.69551946087594,16556697328.555756,0.0014723453933347
4.514268562854643,0.078722527936577,6.404593626876429,0.0748378139469762,9.907587884131528,6.181088777878555,0.5240360485643356,67.55880129832723,16828046268.023449,0.0007455900261321
2.5756150136899554,0.0794678263047626,9.469303998805982,0.0168695456072064,1.1666711997196526,3.646088374917455,0.7737197614144476,112.32959326551324,11220414967.261889,0.0
4.814312807473665,0.0938859964825122,5.726541964475922,0.0640920310914594,4.384357474433968,10.558629377833489,0.201505001768573,89.21726427565851,13818896552.018278,0.0006373668448588
1.8931721574075349,0.0414374071695464,6.006227044747791,0.0887078677682041,3.0586476565358924,11.58265960388527,0.2390844349591663,118.55746071280922,12117233387.198929,0.0009765040378878
0.7876403399425574,0.0455160770847564,9.290773422877889,0.0709960786750259,5.379075647237285,9.052895558698648,0.6324334320390993,115.24783900042534,14614452888.0507,0.0006493907104048
0.4821060904941394,0.0414629557637111,7.016310087325845,0.0999760420213192,4.815959157046136,5.833720214406409,0.3998538596342741,121.1478064489334,10569907461.768356,0.0007369736162507
2.6498741934305614,0.0396808050877803,3.5041657648040845,0.0293875691965805,9.616330265689058,16.178338906746834,0.3384028937779924,78.00032886346027,10692063357.001574,0.0008228410714378
3.501058165288415,0.0809654706550919,3.657225819402462,0.0841445754841927,5.945832211690857,2.5713756866134108,0.4768993340855547,104.99883032608008,13307149897.38277,0.0009431713051248
2.9953691808209904,0.084467367330764,8.916997407572612,0.0873053721922395,9.377555595742674,4.301900445300567,0.3730418250667953,92.33833160976872,14170693879.173489,0.0006510528903605
1.0630459049366752,0.0930909006360045,7.011177145696019,0.0649653750525729,8.528164094654088,6.728155628327786,0.380765962616269,107.90760403193448,18036313560.895348,0.0008066457392712
1.5392948348343674,0.0868243394196521,6.911216828819235,0.0807480430234938,7.768892902556508,5.542800754597714,0.310539934759151,96.41645494533542,15243044860.155476,0.0007270736908858
1.308084307676837,0.0711974873175226,6.723516887083279,0.0818335881956931,2.494054012552813,1.8506787551310988,0.3924230058260396,113.73480394387654,14603484319.686876,0.0008414871020677
0.2786495859431802,0.0708495287654688,9.681245171079253,0.0885461008279418,7.366559023952377,6.194451342766617,0.660951534823467,126.11297163109512,16803766680.074957,0.000513836729428
4.042738133664574,0.0765452174579354,0.5513642391666611,0.0771967356013463,2.0217324846162223,5.153005574935558,0.3517939190611856,110.06398677079729,17322011112.75844,0.0007933476387179
2.284428015191937,0.0928749626719064,5.376901632427983,0.0833712822717231,6.324386658248708,7.880161117453661,0.5257784323460459,120.85217695614588,9081008298.2493,0.000812668565488
1.1494548886347933,0.0898133895005872,5.9133669541523926,0.0837485714487518,7.712059614082565,4.7065918077338,0.6280235578069242,106.4157067247323,16131864103.915833,0.0005828330913635
3.153329063998771,0.0630678869474267,7.649790427362546,0.0589723077519644,5.217139833487666,11.951455203559378,0.6068981542883145,108.58886461856456,9722373610.775736,0.0007358256553973
3.9715596256342898,0.0549529183583235,9.109436948066492,0.0600573989693265,9.266840120431036,6.5661443569668165,0.7196882925028054,73.05379167989281,9510390117.607872,0.0009689127000537
4.136392281015295,0.0904130888336045,8.962991048592572,0.0773379200953762,6.748794323813718,1.8700883814217448,0.4656665707768951,82.79689482755333,13566219724.552883,0.000862137013775
0.8186020847029483,0.0925314061927441,6.122227368226138,0.0676732909441728,5.514712313211323,5.6636207265547815,0.4526891752384306,108.76808246494784,15134384702.940355,0.0005438294708407
2.0538353795825315,0.0657882268372472,5.396070868799056,0.0648697724424759,2.0346444952630267,6.311697965052626,0.235295809826616,72.07225989725835,14171097998.906813,0.0007529011343127
0.174952436203128,0.0620837458406669,6.301511012158724,0.0957037015858521,5.165535494427044,1.8009434794041146,0.120893260702708,119.22744430082554,10574174164.928225,0.0007695451200896
3.913096745023667,0.0956409928728267,3.324079746212421,0.0294742929697739,5.923955425122781,19.049427913913068,0.8440250970798252,62.10587537057718,19071487232.45628,0.0007638614552189
0.4121876301941757,0.0459094428687463,0.1460840812003937,0.0263343650958024,0.6328618809076295,4.508059864730006,0.2458899919333069,67.17051544620674,12930659640.00833,0.000813197360552
2.313056466385144,0.0204690298769546,2.432839594482968,0.0440730026416281,2.479585351340936,18.45101394936261,0.833967801866209,73.93443764202962,16493513028.380644,0.0009540827926025
0.945778744658484,0.098844122091129,7.859805936016138,0.0604056919302186,5.685764074826149,3.719183861308768,0.6533064763123603,121.1838498726721,11164187349.203856,0.0007330278614784
1.3740302112676983,0.0911015119939845,4.423860165580471,0.0900542156026233,9.182957438764117,4.901196597366301,0.8143555375604784,112.8945366893522,16954308454.287111,0.000575348533095
3.744623817753789,0.0910638393772898,7.245959380108664,0.0612917703724001,8.201408635162379,4.739632077138493,0.5281369251663842,72.18282806826303,11409771633.220102,0.0006841996988745
2.9194443053218717,0.0446818395757958,4.927818664640559,0.0440429669019436,8.013226046068539,18.061999961569487,0.2199776581587794,75.4027487187493,10054120335.175016,0.0007598933260344
0.8177842141551394,0.0725022939686691,6.289137591051299,0.0945317152587521,9.451770001878792,9.845605357868752,0.1866238047193291,120.3431938372448,12932700971.782827,0.0005188404266964
2.125405391383558,0.0625430580324085,6.533973405659078,0.076835342892326,1.0847514345368774,2.6788036216281195,0.5491966966027341,112.52616092719046,13219612263.49896,0.0010463913438053
0.5039353994165129,0.0765841984023955,6.870107165447376,0.0856928807894092,5.019111207178597,6.338779956741175,0.2504228519690842,108.2749322946581,11541873649.661833,0.0007935118024916
0.4878192846562136,0.0615326587720743,4.804626362932204,0.0570690452364537,4.574968734294975,4.482411855547898,0.2209109495127988,102.5050298433727,11187420562.127502,0.0007755659717971
4.324560983680755,0.0454945914907806,9.746302555988768,0.058422393301161,6.643215432266621,7.180558881711287,0.5758187403493081,60.78516428038394,9034605557.727304,0.0012869560548844
1.423139741190606,0.0648204010447785,3.5332587797858617,0.0937238934992841,5.383029113455547,4.0219162120931,0.5915277094795433,108.83943895021676,10917054955.061018,0.0006178856534869
4.66397344616927,0.0722693115565455,4.8053526328764535,0.032521821561083,9.008888728885848,10.523462235060466,0.3591890347059707,80.12420451308898,11192854683.81334,0.0008026091204768
0.6555321637300716,0.08024931942462,6.825313873122243,0.0863741628591382,1.363559134797163,3.6909841460318273,0.0618649931365963,98.28306747317852,12969919892.280052,0.0011719020472995
3.188984376650432,0.0816850138441231,3.3615526285762414,0.036804341951778,7.142692560043081,18.724762706215675,0.823265260584207,64.24091166902843,19381497353.61532,0.0010895318479426
0.2923429668748203,0.0798845954722025,6.471021777267463,0.0662303312417877,5.599360038981771,4.374209257177,0.0131351695545445,93.97159271529988,13154418505.75756,0.0007735774752657
2.046896155010567,0.0650121147875774,8.766389081308349,0.0843019065467019,7.45617276676525,1.0910765686348187,0.6649013216825899,123.57534332043738,14143904116.355787,0.0007150763563012
1.2314212161796636,0.0776392068428514,5.030537942907619,0.0661927646481438,0.1210177804954775,10.551062536301515,0.6968429957171164,98.09326022741784,13855542318.121471,0.0009932466942325
0.7000451421923206,0.0481715495745225,3.332618384597264,0.0403033843226643,4.007242368959434,14.324022255703044,0.3722404968709291,71.0293748131021,15749135144.6415,0.0006610954246057
0.964873754982792,0.0348672521006738,7.919514434814037,0.0920632586869529,4.150332119864126,19.50928566996652,0.3178307105490949,93.74443551482244,15038833054.726557,0.0010319408153466
0.4551069927394809,0.0500031687979447,7.189898615672636,0.0431401261756779,9.34424001946487,5.256154242736833,0.6743687570165473,88.40584985072104,16661961857.776297,0.0005578738498622
3.3270014431727235,0.0950994776788145,8.17938282890616,0.085082976879157,4.663822910932735,8.129581898664867,0.0813214332519355,68.1410902181387,10614202922.15492,0.0007065171486079
1.7662670119856698,0.054634375622188,5.355575797587575,0.0761602541872179,1.5464028968184491,2.5902849800279744,0.405177905019411,96.65600619435106,15032620402.853012,0.0007105165873513
3.0255108934799053,0.0466300901389126,5.067297078432476,0.0431856620811842,7.8909982635477025,18.062456203681936,0.2279312865564769,75.50102642055543,10099669031.777498,0.0007671160795372
0.4615433583836372,0.0667649786907515,6.96130505272498,0.0888063391631553,3.433613349150292,3.58546769346646,0.2665792845506504,117.435115031231,10759155870.877386,0.0006937026346176
1.0807876243461187,0.0831497355424498,6.805173322554779,0.0976124283327233,9.443930388342231,5.256053785607891,0.5258277074705578,114.33157880003743,13214862251.837349,0.00056554679632
1.6559741462156143,0.0628865638485265,1.096457436817729,0.0559457707538367,0.921001772244314,10.694103909166264,0.1291003866348656,98.83527896116874,19834719628.828667,0.0008034916229798
4.65580844942154,0.0809637372543643,2.814355584742364,0.0966783516633323,1.7652137290615897,1.897889085596675,0.2348295545877829,96.54059968571283,14043950017.867964,0.0008091325280194
1.9086225469576008,0.0636567623575229,7.946214896473789,0.0275364810446056,0.7282798577331047,13.93201577777757,0.4265703311468677,113.77072723748212,14072259159.530828,0.0011556478808743
0.2693765554027629,0.0509487659109975,9.814931035056697,0.0331956939255376,9.12911353175197,10.376221533979782,0.6685290982041627,97.4840699426857,18247264773.39889,0.0007181160992462
1.5355494831688654,0.0880950325062242,4.003235291021729,0.0656855780064496,1.4241827076254276,11.378008727659989,0.6954085324655216,95.15740627260736,19762764389.994488,0.0009580224456462
0.4307495146829177,0.0862399182534247,5.510787467174432,0.0954194080637647,6.626936279997358,5.372759544952017,0.3324041521362729,109.8336614144578,12815830540.142946,0.0005764762987077
4.326102912033202,0.0454845404124534,9.74590334960583,0.0583894536666464,6.642544727138672,7.186924701432147,0.5754704618623699,60.79842917531739,9039441033.857246,0.0012870297136676
2.8585764900785096,0.0493359607563321,6.16086707986594,0.0375273241231698,8.050738066478628,18.50726837213476,0.2284448269585726,86.14210055222946,9624915928.592628,0.0007326060557411
1.148368003997627,0.0898047630008569,5.940816415554108,0.0838447379073644,7.705483203186026,4.693914051280194,0.6264643361679237,106.55532351513104,16144736532.941849,0.0005830033774918
4.1107081202462,0.0536706630565686,7.969342941124355,0.0604576335248829,8.53835647418536,7.563522339585855,0.7841907837502551,85.69046028685175,14273878236.758932,0.0005128345952659
0.3314445888607092,0.055928660239537,7.676496830276067,0.0598215554247786,8.912741479873066,11.191296315117844,0.6488799611303575,89.89802513797021,17912815590.924866,0.0005603376847385
1.6236640968889449,0.0822459456665752,7.018894269871724,0.0938007773551088,7.598327041957994,7.86066032310995,0.5777153675553482,112.23892489996504,14798603252.283815,0.0006175379455103
0.6396998534859456,0.0555262609380936,8.017547026412858,0.0850636731220671,4.082396502278328,3.638566552499386,0.3470383796228419,101.73614127351746,11669375851.360617,0.0006112111101459
2.629567492389539,0.0815483733146971,7.294645335266479,0.0553275218892823,1.1084181953070933,12.9867053133041,0.6783396499178569,78.4038471084048,11879187417.08614,0.0011925250912211
0.8885568632053281,0.0571264527698435,5.781043775548861,0.099459418034587,8.827478418211275,5.205301930408898,0.7493641753310281,103.7925999683284,10977843129.551058,0.0005620085238615
0.1036468203957346,0.0195419366731662,9.74756837427672,0.02803356906913,6.904128363792842,9.456254692768898,0.5413342945267885,92.58271912083134,12973919282.294056,0.0009293570265397
3.447965295225566,0.0771609583379587,3.910971554562153,0.0158757164492504,7.265607260107965,11.143752224268098,0.6453344599996518,74.7395620204436,18431440878.450928,0.0
1.7452293969535055,0.0403599930993509,5.869192400366592,0.0495185341772699,1.234670184250605,10.873568084807522,0.0204209372451661,117.76924296617248,12099598055.521812,0.000774190028504
0.93499590263291,0.048784241507605,9.545222808482796,0.0599006076996178,8.696812908033422,2.819506120052895,0.6684356994257938,97.76298206506368,15870529272.47244,0.000601073257972
2.543637422917054,0.0868171555852759,6.943619453767169,0.0129831473174097,3.1527289982611464,12.727624863208568,0.0490627709496078,115.77017652160448,17557990222.642265,0.0
2.0921509997799457,0.022860948300545,9.00909448096482,0.0189629597370827,4.479634344739968,15.32879841934213,0.678083468779315,101.80705176952355,13307220281.71855,0.0007033619378022
1.871811654668692,0.0500114532970288,5.231263960675979,0.0313380480503839,9.23913496014274,15.515273775222546,0.1048197753918859,76.07668051751288,9967623027.761164,0.0007119615186877
0.3853723440562937,0.0696869892261548,5.618327303613447,0.0824925113474588,2.9512228426636065,5.699406039510038,0.4038104485230667,108.49108795984674,13919317232.138391,0.0007299651985774
3.431977233350169,0.046900734437223,3.947833607890663,0.0577522005827213,0.1876331983071086,7.61016744037228,0.6833364858797267,78.20080969513788,16012804449.216633,0.0009979108240658
3.3027411431277005,0.0906367522817852,9.556007005897571,0.0584497244577266,3.3085552440272874,5.971256082725189,0.0927264304917261,104.6786918507358,12311428471.756975,0.0014171790851812
3.6950280625756498,0.0730388706285249,9.84931189247113,0.0089518481516633,3.204823202157362,4.803390851749421,0.4405226812792598,72.44844518062271,19900457222.59133,0.0
0.1835311198231814,0.0800529385295805,6.194478656290101,0.0961731095774665,5.414753271701222,1.5647325103577288,0.2725511913065627,127.5509422322232,13299312941.42199,0.0006940072077566
2.447234441716346,0.0600386000508184,9.55692793834305,0.0493456582406906,6.706407903670489,7.4758111989119485,0.7848355761699682,71.37312907670048,11178074210.451675,0.0011144169680558
2.814702977413489,0.0646478174218409,5.689838531575492,0.09775162402274,4.457832394420649,2.52101807495651,0.4592164892045832,108.34817165707676,15681963860.896269,0.0007549842833446
4.088129298810171,0.059043276007207,8.214372693953715,0.0614298130607773,3.9365631042944704,6.414775191467834,0.7808760847040089,94.08007800139218,14217037262.934662,0.0006321178798181
2.2100963526978457,0.0529957299450199,2.5840168799496905,0.0133027728380652,7.653990001853367,14.083303175185009,0.7135239205981109,65.36540200570973,16682107839.247707,0.0
3.722038551755233,0.0859115315305747,8.690095026721947,0.0550773153247299,8.477680475495603,10.8089428273261,0.5838400875373129,107.67069024483628,11673254840.744017,0.0009591898283165
0.7109209762056111,0.0901382899644679,3.1411746469173285,0.0583631983071434,9.255860969524216,8.568175099417024,0.7775783930957925,114.0320061488029,13542088710.14378,0.0005150674665818
1.3237573362775676,0.013789228629653,6.159553395416804,0.0696010489228398,3.293004368631677,8.515603261022102,0.0354318526127865,93.9608790942302,12436373916.49777,0.0007699914466257
3.5521278097429483,0.0768373950847567,7.017402746709148,0.0094568182203127,5.055551559886535,5.225240882958367,0.7304441521188949,95.8423263202098,18406013571.17018,0.0
1.727258899663578,0.0480924906484028,5.980546768815687,0.0943659565870539,3.9690844416645135,2.570665814099955,0.5120644941648244,73.22428453533016,13402426953.94707,0.0005177222133013
2.619221526368728,0.097093928597122,9.164403327706983,0.0790665244872793,5.028300677877305,10.106243886975518,0.471105666582952,61.88681717725923,12500745222.91671,0.0007743974032909
0.4773454868023677,0.0620914346082604,7.04240354213781,0.0414544594751553,8.106429374308004,10.485324378972738,0.6982493838192473,106.31656082885446,16798955461.079117,0.0005675362093867
4.262262645373623,0.0464472790502727,9.759240902676869,0.0286503196312636,6.576141318401573,7.730576924756835,0.6223205559550418,66.17536648125103,9786179211.336891,0.0009630668930886
2.0628317772911275,0.0934225572384015,3.656543624074956,0.0581509826677854,5.713694217390152,6.9567295233304005,0.0920944818034962,85.62008297751309,13081692896.552956,0.000841689761272
0.2825633273830571,0.0692932215713203,6.653258388683193,0.0875213060798777,1.3446093210793209,5.546139507398129,0.5573911955532438,111.35151094548496,14757063257.02297,0.0005848313300883
0.759929865035728,0.060725816521496,6.492994617517899,0.0845810713339988,3.519561888980095,2.4675838810406745,0.7147029376390106,82.96250583684055,18240349594.786148,0.0007709283586699
1.2700823802668475,0.0876820493330534,9.238657595729627,0.068881055846743,8.385842231028033,8.063109067029954,0.711271329372002,120.7719763158996,17641227083.519127,0.0006093286679176
0.7448942012978442,0.0141394174979007,9.567831929496547,0.0226797247746591,2.039777730388503,14.28018076562591,0.0539551387614931,80.91574224756262,12150845537.425116,0.0006527479659655
0.3940669998409923,0.0464772392203125,7.41675826945114,0.0984853539906863,4.258874836005989,2.6956563147188684,0.1830811200719451,110.18282760526716,10475748446.100306,0.0007430598891845
0.8713342299855595,0.0534842131722253,6.191700855324736,0.0549715236285145,6.426767175985733,9.649829292908493,0.3520608460076978,91.1747031027782,15622067106.490606,0.0006483864746341
0.115678822809538,0.0966336304298731,0.8139102740533332,0.0615050776605629,9.979926092481566,11.175283268484302,0.2150442493491963,92.132534351358,15586399314.910324,0.0005870179660048
0.5405869386089922,0.0804054113092699,8.70858284251456,0.0727213235045515,2.261381265868797,2.8508274205039683,0.0894335582831565,82.52096381567686,9602946027.997398,0.0010456432143016
4.137428539099377,0.0756620102474289,5.2206602827786455,0.0442884538944621,4.4427501246634025,6.168985582712125,0.3529586999254058,91.74484657435926,16662176465.069635,0.0009827818435905
2.501227756238612,0.0589964604603015,6.811380065932135,0.0381712073932314,7.592719393550423,8.213691295971845,0.7754797539914241,73.8396388005458,19305892206.85185,0.0007520329575195
3.9758063842986857,0.0768295917106457,8.96463791387433,0.019156173223018,4.139117066193409,1.030580095260433,0.6732487676428072,73.96684216715997,19922295154.088676,0.0008806097410499
1.040616845092833,0.0951774424579627,9.790846450394303,0.0831391174770608,9.887289866182869,6.581103460423084,0.1385880704659504,128.34743814015204,13427330323.03896,0.0005541845315034
4.093469094308047,0.0890728155098805,8.22188416994249,0.0555263222188848,4.423387089099669,10.169666539063382,0.5031499947547166,84.93907052684469,13114391441.721228,0.0008866627472956
0.3490455829205267,0.0417127010540367,7.285251737765371,0.0740866087305936,5.788851780832115,2.3961234978989148,0.3335358519476293,117.69154314397171,9292870162.230198,0.0006415762113651
0.4669116052598466,0.0662688278398297,6.14256674778124,0.0893027658117775,3.584412282230128,2.764851272541175,0.2080639806267388,116.3597572777024,11249290712.017427,0.0006978876300581
2.3880658269809047,0.0769571496430985,8.675882144910172,0.0458758620244313,0.515690344059105,8.28548340036203,0.5728087269296338,119.98088618496232,19661685365.83421,0.0010965740109776
4.409864388118201,0.0715102867163423,1.814528047631505,0.0788261678612528,7.686944727647202,4.754954575099982,0.4963426407571075,109.39286495505904,13365100997.632038,0.0005329362839273
1.0771616734223608,0.090318120326657,4.030480603674726,0.0812042410110686,9.975025816935387,4.999972378856257,0.5318480128251325,110.8643117141541,15108545268.121605,0.0006221680351216
0.5525202527456302,0.0572869183359643,3.426550954945827,0.0456087308183384,3.4804338528117658,18.94938583527352,0.1228349062071535,72.50215965470285,11789847772.215906,0.0005923915435139
1.272776275369668,0.0932034480411787,5.874539219682683,0.0988175377338858,6.623129683377244,3.2572435889814995,0.612712196248466,111.11781211416866,12207259519.272013,0.0006151209665086
2.142448736018653,0.0662168908330689,5.949966674981555,0.0648111632871192,1.6191332511216463,5.516637916537219,0.3893245874577353,69.50231616826748,14132219379.393192,0.0007423727573133
0.3905031338221509,0.0913842272097954,7.2738607243659645,0.0813979197586378,5.682455046597109,1.3305449472254598,0.5461497161402514,78.87420459546897,17403769244.48403,0.0007016609746884
1.7419992553938344,0.0405671617228944,5.8541700640712575,0.0495737108681749,1.3058930176001646,10.892437295310357,0.0213339514545736,117.78214680284007,12089318718.343994,0.0007685773117597
0.5405869386089922,0.0804054113092699,8.70858284251456,0.0727213235045515,2.261381265868797,2.8508274205039683,0.0894335582831565,82.52096381567686,9602946027.997398,0.0010456432143016
2.3372799548983885,0.0556086368716101,9.014204559845124,0.0477933874040472,4.448266168205626,16.509705480868934,0.7198632514263682,88.3007671932228,18731556648.8486,0.0010541737950289
1.569478840856421,0.0966823680414599,4.1868798221208205,0.0814100004995193,7.3906512691842,5.670623348653292,0.6041462110710591,122.1960208587535,13328562356.576763,0.0006857056632113
1.5263371183646788,0.041680986803535,3.687691649378237,0.0240899753873813,2.055229929442928,16.687543402397807,0.4715231345913371,69.24747221662022,16787287902.134775,0.0006963596486286
4.218807151863562,0.0969611268470768,9.547691286425504,0.0453923263605213,9.831569344879906,11.59099697715174,0.7698815750273431,80.06905838766497,9673396402.803127,0.0006417208862536
2.733156111976192,0.0986329528280797,1.102694678203285,0.0859418009581682,6.521848905323328,9.081457168369074,0.0148107481001509,94.2122169770978,14098242405.667393,0.0007624935418597
0.6244973016570053,0.0977300072300826,1.2814136553178146,0.0587047307070917,5.794678906855759,1.114602023339588,0.4086197833988567,97.72795705621913,12051463392.106762,0.0005495292913249
3.1033773809147958,0.0738648344211819,1.7657373449716751,0.0144741501556841,7.896693200833423,17.447963178461283,0.2788197488372901,86.4339905450509,17185230485.433292,0.0
1.7296814445815816,0.0338496361834916,8.067087301127268,0.0272893755222025,2.999357574019319,6.692802165902123,0.0382118445397343,79.51720627477478,15425006745.550478,0.000533853539878
1.469492864045011,0.0407351239265317,7.255858672230432,0.082481453134297,0.8601651914806747,10.948541018551465,0.3379483088037763,120.1707776579584,9551817095.855936,0.0006632825276943
3.4134860045493274,0.0826762207084868,3.803493337146084,0.086597949839133,6.080896193693496,2.7386366148451486,0.4848756185714176,105.35234373199468,13724037746.753317,0.0009396793491425
4.16173657045422,0.080970965838694,7.392676056740987,0.0584693261817761,9.858083469437736,8.523939320774458,0.7991606280736465,95.09424965673524,9138713435.0057,0.0012155420350196
0.6396998534859456,0.0555262609380936,8.017547026412858,0.0850636731220671,4.082396502278328,3.638566552499386,0.3470383796228419,101.73614127351746,11669375851.360617,0.0006112111101459
3.6950280625756498,0.0730388706285249,9.84931189247113,0.0089518481516633,3.204823202157362,4.803390851749421,0.4405226812792598,72.44844518062271,19900457222.59133,0.0
1.2491572267465667,0.0435869360747254,2.074733490946483,0.0482638372189121,3.723495146183929,7.294593069043963,0.2127496620307442,64.73951062683065,13829086582.39691,0.0007974475683233
4.58405673563516,0.0800524267408883,8.347467233028734,0.074353392263807,7.07546375963322,4.18020095192427,0.6459558467131681,69.45016716680482,16598796749.15898,0.0006694976710788
2.3993669991258204,0.0615801670894282,5.411063994385764,0.059791400989153,1.3508447509025363,10.266056786385017,0.087554691437734,126.86996797633051,10373573629.638428,0.0006437268951685
0.8850596029238238,0.0979565424503792,5.271674036847089,0.0811719078468513,9.696155536974446,6.690282189753627,0.4451526597473149,119.76721593616897,10006293585.07776,0.0009837709169915
0.6845003145803907,0.0449087370806655,8.753513204549837,0.0697109900995938,7.197463958663415,5.838076027636783,0.214648748212729,103.92434484291611,19100733081.28248,0.0009883200378286
2.624654676517817,0.0782903904080576,9.772873569381536,0.0299644389967139,6.530238910684541,9.380879788291836,0.8479620300876088,94.33190882183818,9690093312.198854,0.0010771481792872
0.8558994239840988,0.0673048507912128,0.7047121981869807,0.0670885743750091,1.872302949407916,10.32473581506149,0.1692285692211624,88.08958759586228,18868638151.86072,0.000802332441416
0.174952436203128,0.0620837458406669,6.301511012158724,0.0957037015858521,5.165535494427044,1.8009434794041146,0.120893260702708,119.22744430082554,10574174164.928225,0.0007695451200896
3.052150465986383,0.0955634621339298,5.284842906114267,0.0039750425507584,6.930208910816488,17.423907786707886,0.5370542330550084,105.99288069895576,13087036287.583977,0.0
1.3043866278519802,0.0832334968916144,0.8651010145182901,0.0484565320707714,7.596715750827318,1.0737506382891746,0.38693583535181,80.08013532648737,10811610994.380585,0.0005935409479853
1.8662882763981457,0.0601150144864253,8.872345037918828,0.0632319312172972,1.1490478385532727,1.8499790159585112,0.6320741018863105,93.6070673024687,18892063464.368294,0.0008426676030695
1.6990883031729591,0.054725730207494,4.162849407980664,0.0470445470968367,5.571364782566554,7.999321590917922,0.4577313771870688,61.36188546972693,14207248101.23658,0.0006058425363376
4.4856400631737685,0.0908407864665427,9.709758530914735,0.0512146242442284,3.333029523895662,12.163180232774993,0.1947438823680849,68.44474110808603,10119134594.160404,0.0007919137498794
0.9618208872760472,0.0778724670594189,5.297398573576261,0.0378959623841664,8.306796903718476,9.594718447912886,0.0976965576005328,106.54906589654476,13997346907.798838,0.0007387127782127
1.9098698028652188,0.0992107006360563,8.389316058017723,0.086795168072652,4.999443248210814,6.397522676986583,0.5063215297371761,64.7189559672381,10955590868.941433,0.0006046692996813
4.13233659625881,0.0681382593640029,4.917432925830254,0.0422459946366152,3.7630088106056343,11.61356990959484,0.3536767708173605,103.97179333658372,12265915600.660627,0.0007148748900179
1.1430472143620112,0.0691959969398612,7.608959042953773,0.0400403900488052,8.730818945996607,12.676474642877102,0.7153086590137357,82.25147115544536,16580277822.485178,0.0006184805308965
1.2683149242743386,0.0622231625332345,5.707407423645815,0.0683335792632974,3.416977087335401,6.191401299317629,0.7770121294660893,89.25189199566715,17097160221.204632,0.0008375302132529
4.698472207410916,0.0666791309251153,7.62509698517302,0.0765914083928307,8.935560937681394,14.051029690602366,0.4130436476609357,99.1170025633915,11258738873.01616,0.0008257476379345
4.553626092802924,0.0559957676217159,5.801267963151949,0.0202496352989855,8.630784113470924,7.050143850616537,0.6592960104518029,62.23564302112691,11432112509.741545,0.000968815190668
0.7200832444237265,0.0489982571676375,3.332011364544777,0.0409244088318729,3.933327000888572,14.02480335255124,0.378248452521585,70.94271805207636,15744015143.354343,0.000650682700043
2.1197715876098715,0.0736252744420348,6.576059767739609,0.030765734406493,8.959889833048436,3.28665830309048,0.421330096565515,100.17765524915916,9707275462.797112,0.0007141943072034
0.7109209762056111,0.0901382899644679,3.1411746469173285,0.0583631983071434,9.255860969524216,8.568175099417024,0.7775783930957925,114.0320061488029,13542088710.14378,0.0005150674665818
1.264613465085248,0.043916286343193,9.233373096094931,0.0990640154435562,7.211328860974674,4.353929489627656,0.0833151898419749,120.83845515901004,11246840485.553652,0.0008253418757371
1.5150041192725268,0.0989688344529311,7.864228829371889,0.0766716541096165,7.748898820349109,9.016933766684376,0.673150785697906,102.68838382947744,10379888730.394833,0.0010148759065894
0.6553769161722928,0.0382429947508922,4.686694359395467,0.0772926937250025,2.236471568006591,6.6795659905381815,0.7246956974302232,99.22561244757674,13127083395.735231,0.0008286709077797
1.148599754625541,0.0898275082337224,5.913801630365402,0.0837365385998659,7.710100474954213,4.705361511062033,0.6279639763006036,106.42375995415942,16131886961.382652,0.0005828845924631
3.888001130211855,0.0482367998355763,5.789595722700848,0.0190745842331617,7.689070586758678,18.58291585559384,0.681761021863947,66.03902483808386,18302319743.319687,0.0006738530492709
1.0909656350056514,0.0928695600435967,3.7957171824843887,0.0929383168178643,9.638374868993026,6.931104267646777,0.0829614053106906,95.3179480382594,16033236729.655966,0.0006894467275748
0.7471303742542297,0.0535550632640372,6.458911030390401,0.0831809825493883,2.493997825163441,2.974822355816821,0.6357582202740807,94.9524013565204,15980474333.97309,0.0007381960877214
2.961028169025849,0.0890504948458836,9.582847561299427,0.0425454127861592,0.2911831564434791,3.478788503687483,0.2074535879668992,95.1196257651138,16140648305.519062,0.0012421157063185
2.1187228663131847,0.0697026239647846,4.94736286858015,0.0821421698574461,5.187941250764328,2.33231543046829,0.332969417995421,107.96434265092138,14237836283.771118,0.0007602086974096
0.708670320727035,0.0869030731834423,4.368014787121094,0.0977303461095462,4.84956717169522,7.230802928245486,0.4565652318186887,124.25549258673922,9906375060.879229,0.0005043639171914
4.863213542572409,0.058023619806251,7.679610308334953,0.0500957158247195,9.209840892897525,1.546201971706009,0.4840104409549314,78.28390486545959,17427855720.2431,0.0009124772964774
4.861551139579631,0.0873303722045415,4.439104237239867,0.0071734064855216,7.009650927667418,10.202474123385038,0.7924743463553682,86.4821134464977,17041600034.053137,0.0
1.164911017808797,0.0316057780170904,5.914677370919622,0.0397812460291353,5.10309290678899,14.485601856006523,0.5239926744608285,97.42464142388306,14420586387.165874,0.0006468642547209
0.1292293709451177,0.0402307809880566,5.955752325576332,0.0163524208307603,3.888806940481618,7.770204700439785,0.4275574356193036,76.48668113103956,15704524775.659113,0.0
0.1410676810355459,0.0598314281782364,8.591159014851828,0.0925515170481372,2.524418532927698,2.0922098347307574,0.2617975367419081,119.67156687486828,9041691980.464506,0.0010077249564996
1.047415112062999,0.0903651612056944,4.039707867865228,0.0811920893946426,9.959741726731403,4.967339206916885,0.5323063234676202,110.41196712729882,15077457196.388514,0.0006222950445116
3.2575922139718907,0.0656882340827614,9.914200297797082,0.0976875072192727,9.51324387255814,2.3845627670282714,0.7418899907093524,70.58972540860898,16883370393.4433,0.0005850020472758
3.027187301520901,0.0778977894811696,6.996073495529544,0.0463242387637717,7.901775704115058,16.200455666049024,0.091123656488192,80.32045448193504,9223361907.806656,0.0007747365774742
4.4427927420437845,0.0869950952204559,8.972988974098275,0.0328233141542379,9.798776886112435,12.11941594543262,0.6716003379229556,63.56152028946366,10391504260.384212,0.0009632329161454
3.744623817753789,0.0910638393772898,7.245959380108664,0.0612917703724001,8.201408635162379,4.739632077138493,0.5281369251663842,72.18282806826303,11409771633.220102,0.0006841996988745
3.126646067970948,0.0596725163269515,7.743098588368803,0.038306505776069,1.985098239567809,9.580185076178408,0.6455493248928059,72.59276763244898,12681791805.458117,0.0007862688879383
3.6370219242592,0.0494677905059474,2.545849570866104,0.0292299995084025,6.70645181374426,10.97904173656048,0.8141401254583839,97.51561615354998,9949546389.83014,0.0009481729333523
0.7522413984729205,0.0599343153203905,8.615881624687745,0.0696658411768629,4.599251690403189,5.329253690300542,0.0176371549752177,116.8004032212958,12149383152.311213,0.0007823343417641
2.2808054092925336,0.0941298587750854,3.652422048772408,0.0581699681289281,5.146483203643546,7.1833784808889165,0.0782030749741229,86.46771441129111,13079049394.852686,0.0008461537965242
2.624654676517817,0.0782903904080576,9.772873569381536,0.0299644389967139,6.530238910684541,9.380879788291836,0.8479620300876088,94.33190882183818,9690093312.198854,0.0010771481792872
2.1197715876098715,0.0736252744420348,6.576059767739609,0.030765734406493,8.959889833048436,3.28665830309048,0.421330096565515,100.17765524915916,9707275462.797112,0.0007141943072034
4.2526544511109625,0.0982568601639145,5.404188006838503,0.0850660625531666,4.393285292246662,8.040502420471924,0.0549180115238563,66.10341604075342,10331059536.400574,0.0006974575617944
0.4633678171913351,0.0307636686210206,5.358864512419864,0.0296580998652315,2.361615004899906,11.047084050255574,0.1862482996609087,111.73785955143128,14631909176.201902,0.0010055924088082
4.30379201626285,0.0983645988120325,9.981091524952896,0.0503576146789683,9.420446209460929,18.051757620510127,0.7536409089040762,72.63659138685738,9024607241.823437,0.0005570962178667
1.148599754625541,0.0898275082337224,5.913801630365402,0.0837365385998659,7.710100474954213,4.705361511062033,0.6279639763006036,106.42375995415942,16131886961.382652,0.0005828845924631
0.1410449867179515,0.0550215198899467,7.447100023026493,0.0817661812989218,0.8766033988995243,10.129086829948728,0.5445839314495269,104.23969664931364,11511265823.732063,0.0005601874112934
1.2700823802668475,0.0876820493330534,9.238657595729627,0.068881055846743,8.385842231028033,8.063109067029954,0.711271329372002,120.7719763158996,17641227083.519127,0.0006093286679176
1.0191495632163288,0.052944640690624,6.624162946840059,0.0845042794915114,2.557370806265308,3.560552941860941,0.7654931074111284,95.97701404599572,17508018437.416374,0.0007345351077486
2.473375765214484,0.0587633342883606,3.100681104633991,0.0520849769122678,4.892135859314502,3.588309654551751,0.330174149841423,89.5572294812615,17970774355.358776,0.0010115417222103
1.3686184255352087,0.0602437314047655,4.888564018277835,0.0861876889086394,1.701776542625526,2.8155581349958823,0.1028000473193917,124.42358917385188,12355390192.1301,0.0006540561773912
0.1192605840389161,0.0615638087411088,7.88413695569969,0.0495894288614392,9.656107816214416,11.899345337411049,0.7992046816173175,105.35280657228664,17651422552.09734,0.0005412542167094
2.518891318190381,0.0781773241785687,4.529029578885965,0.0492362901714421,5.725886476447532,10.876394146026875,0.6601337465220227,90.98118076566256,13897903659.253326,0.0007075312295255
3.1117728932617736,0.0966871738487405,5.062208394633035,0.0873189483651485,6.07231830574661,6.96148685180957,0.4196938001425279,98.10878796845569,12976110198.164814,0.0006888587404607
1.9208957839829224,0.05227516075765,9.243403005584767,0.0468149268188455,7.631662761642604,4.214559477276755,0.4905496888570586,111.85982947135594,19323579218.53731,0.000984627461902
0.157716601949218,0.0811900930151992,7.036084142568924,0.0875222038848465,9.151524114817404,8.205058212136109,0.7540613133191628,123.5470519915557,10989397594.692797,0.0006340562635971
4.290152184234512,0.087885877007317,6.720834549184521,0.0765665139831599,5.987724004633735,4.486540126408369,0.7874530296204784,85.98392659752732,9803828935.732924,0.0007080991033435
0.6920911878493655,0.0931910926452611,7.105495432275848,0.0960153117969158,5.848747933877393,3.9167690531423274,0.4832775693772345,116.010639924297,13701917612.647623,0.0005753357786504
3.752380761805909,0.0910704297483508,7.256336319728016,0.0610673619717912,8.178341827209167,4.7388419899976055,0.52717149174595,72.19283129321798,11382569654.562672,0.0006808397985116
1.0980982275871969,0.0895769663757548,3.916995261454516,0.0810330069738432,9.971482059062057,4.716227160977303,0.530925316183326,111.22775343645412,15175813095.127604,0.0006150152370038
1.2354333367244652,0.0520460379003093,2.6778761568213154,0.0376463212279379,4.89953323469635,15.39697116051772,0.3482113993843302,72.84727729280496,16275909778.82943,0.0011566214143717
1.5267479358627167,0.0662125128318139,3.729305781438151,0.0565054011107675,9.283671730661428,7.328276557989533,0.024239620822928,114.49637325353996,13352430819.07114,0.0010795708781833
0.3847337364509444,0.0696936221903066,5.619201777493694,0.0824904328592887,2.951470845732786,5.699755892697385,0.4038247114045512,108.49078145472735,13917815013.939089,0.0007301258674713
4.511809722843463,0.0923717955918693,7.753684024681336,0.0804595164246741,3.521711250904991,8.868918150280143,0.180047807254186,75.4391034992393,14011976631.845867,0.0005268579310161
1.252803421211331,0.0898519866847725,5.671898079206897,0.0656110912943815,8.949818132847662,3.486905674429778,0.1002469261601404,114.0975701727764,14479972167.982964,0.0006774770434386
2.986082078722227,0.0629933348258399,9.921607011260596,0.0272078853619236,9.41056261679324,12.442582932542235,0.6410995974457054,120.95584216591384,11198066618.571306,0.0007171808990951
1.4149308190579204,0.0865580121403955,5.927093101797659,0.0918373423678615,3.123994511195106,3.2182054308805093,0.4342843438477312,83.30072856206324,14265306136.194233,0.0007958550289814
0.7547281570227089,0.0452856395976128,4.398172971069508,0.0346095822600362,0.5887079946731095,14.501025116226444,0.23957159566831,81.47185301849474,13922578790.959658,0.0006449677439706
3.28285014696559,0.0616483682337536,4.53587849938532,0.0566163715987072,9.25489457527442,14.27719763003649,0.2461772012499277,62.22173845014365,12776696523.793669,0.000608184712056
0.6914127149501013,0.0286569487881483,9.308728613363437,0.0113991382220817,8.240153390497275,10.244563787935885,0.7557655587101744,103.59003703135816,19546920210.85704,0.0
1.2314212161796636,0.0776392068428514,5.030537942907619,0.0661927646481438,0.1210177804954775,10.551062536301515,0.6968429957171164,98.09326022741784,13855542318.121471,0.0009932466942325
0.1303661841337366,0.0920174157615105,5.532603415630255,0.0864167514920928,5.164661223219512,14.145461865432065,0.7086412248168479,128.49830486800926,10219224991.05275,0.0005339915870277
2.52468719422678,0.0682019223525588,5.373749993681309,0.0219051444051841,0.4622667002010951,19.830860477013797,0.6661342533320983,88.20385623521386,19432439515.9371,0.0012092335391785
4.56162506542358,0.0413806915544205,7.725399099446367,0.0443218360728362,0.5263044533325142,12.554369729202934,0.3343595955828427,129.7193712734974,13553223540.352978,0.0006325990611583
1.3075949099255395,0.0898161781810262,5.55470519109605,0.0559222040319405,9.603866978663318,2.8444509926613355,0.2000170550258251,118.21337785497892,13597333507.005074,0.0007273488063947
4.401941599624359,0.0462663943977683,9.721512001751668,0.031860379924735,6.718143446687153,7.578961378830805,0.6172635096140214,65.96918453274372,9997525760.243872,0.0009449522154512
0.1820576731216807,0.0800692037210451,6.195370795872203,0.0961963528181706,5.414601009325503,1.5627342880044672,0.272410490733723,127.53585290753745,13295859098.504148,0.0006934849160615
4.307844291070457,0.0928276542953516,7.036339977223423,0.0908637680857787,7.185350380253454,6.502739711214974,0.6601922262528598,64.58487413557842,9536403227.613289,0.0006291138769335
0.7529839964707575,0.045410050467981,4.386292095278353,0.0344630546444422,0.5725142833780131,14.485206158197578,0.2426308063778397,81.4662366955466,13901760462.92006,0.0006424040575002
0.7066587897202905,0.0869723233787692,4.3505767259497965,0.0986981034966393,4.79089670521863,7.078699334769547,0.4479477612956508,124.57022849021013,9863601247.975157,0.0005044143087776
3.700137982578312,0.0645850027910238,6.144786635200034,0.0492523152402035,7.509409026679379,3.610421501594533,0.5652566542617175,90.62682036362236,18035910025.531483,0.0005040683576095
1.1536361509047683,0.0898147061338591,5.9152981721641975,0.083361522487907,7.72982094821599,4.691140594653833,0.627449690852431,106.45165265780042,16132231617.980972,0.0005833966319393
0.2053861788799758,0.0737946661752105,9.697948979398303,0.0440402061330011,7.655596976224889,4.200877227552567,0.7401739939913831,121.95005375197093,16102933580.835287,0.0005693088316142
1.2869682032023446,0.02207689131196,8.99459893610218,0.0446181530013447,0.8570355704289503,17.60197251823799,0.1930366940351862,127.42873444852184,11206015404.385324,0.0006496960901535
3.848217889766768,0.0346952042136833,8.530089953112652,0.0672457694612016,3.848113728563189,4.752804687565273,0.341823544699711,96.5757387109956,15396724529.926464,0.0009641316752527
0.964873754982792,0.0348672521006738,7.919514434814037,0.0920632586869529,4.150332119864126,19.50928566996652,0.3178307105490949,93.74443551482244,15038833054.726557,0.0010319408153466
1.1856853488957713,0.0775505451535729,8.776591933506243,0.0965589988743653,6.129171867569204,7.600034748703571,0.7084843905562969,109.80299167803048,19841381324.23167,0.0006015448840584
2.6846859647067367,0.0615430118324729,7.305632290597893,0.0867588212798578,3.7280436139939512,2.199574267425824,0.0872408147727419,108.7231636446153,10365747475.555462,0.001103535959759
0.3853723440562937,0.0696869892261548,5.618327303613447,0.0824925113474588,2.9512228426636065,5.699406039510038,0.4038104485230667,108.49108795984674,13919317232.138391,0.0007299651985774
3.5157646269924654,0.029041411613223,6.282056569486857,0.0261340047726306,6.449621221703884,11.056542543936123,0.455245710153177,103.69568417079766,14058555006.194302,0.0012380516082803
3.790781616412605,0.0584880134841791,5.669502677322193,0.0650413463933719,3.966095911404362,1.0253342952020716,0.2776201615321432,102.031151394661,13089642982.487385,0.0013529771610919
0.825522029432503,0.0582991740052365,8.806040432915346,0.0580063171757966,5.877903778509498,5.752413472400893,0.3630186002711554,106.51537370658208,19243142691.927406,0.0009946665116101
1.7703072781275464,0.0519051630470616,3.32271368438202,0.0924467984018114,3.8785806929564233,3.787651717492714,0.2039478673852643,110.19703889256267,12823892143.75282,0.0005998404563733
2.4665369529616035,0.0634743740194912,5.534600640252144,0.0974233231914603,4.658267288108772,2.4961034499379844,0.4471271534305107,107.36388827479368,15088452772.126451,0.0006975086984763
2.676083855580959,0.0979146235881759,1.0186840929951286,0.0864979859080316,6.54730887086157,9.062128519122682,0.0123094856201668,94.93399407431204,14130067548.502745,0.0007827504774271
0.6867911857870727,0.0695014979693347,9.153571546225212,0.0545843950486389,2.811474093123263,12.91622074955669,0.5915468855066699,79.46413717242682,16422912013.995005,0.0009830496886694
0.2171090790183545,0.0724174923132667,2.2051574309907105,0.0854093241828005,5.126804802321539,7.36185957752237,0.790506584268281,124.549930617622,16382332434.876942,0.0006470629938644
1.6142600864108196,0.0572281660307693,3.4318167572083382,0.0831379420137593,5.281984302017358,3.634396598562958,0.5063434749005412,102.48253424561383,13015222883.382215,0.0006077208812585
4.672990038902544,0.0952564632153291,7.5521064209205155,0.0548158593766262,4.839453027749095,10.56238634350374,0.5434478398607246,79.19788381880457,13731561488.618134,0.0006956026520065
2.2100963526978457,0.0529957299450199,2.5840168799496905,0.0133027728380652,7.653990001853367,14.083303175185009,0.7135239205981109,65.36540200570973,16682107839.247707,0.0
2.760773404627917,0.0840062861658387,7.86633017775542,0.0287268173503229,8.39949179462994,15.869953812695032,0.2957969103203812,74.99112756533471,12366900721.724709,0.0009336731708059
1.637604790430014,0.0819087075935089,5.599308343451777,0.0551225843481025,7.428866091727792,4.0438978288827405,0.5818173881960497,112.44689606625332,13951171317.067768,0.0007202568754075
0.3936957408844141,0.0848286086394264,3.568654729012261,0.0822635820253185,2.207595159907356,4.2342000020451165,0.5707886346523616,94.37633091228636,15326656836.885756,0.0007185054520808
4.8760626221000445,0.0710590915106725,1.6848860281405855,0.0563666189311851,6.23852986427969,15.117343257013433,0.7621604633616406,63.386714604880986,9352487189.548174,0.0007238766177864
1.002350420703794,0.0679189567645393,3.300089640605956,0.0692775786952372,1.0588617900407729,13.599527286522374,0.2843767272330325,115.20306493281544,13898580701.385822,0.0008465754842611
4.000785787560632,0.0804893885407174,6.690040440278814,0.0672177176819698,7.633291859976937,1.2165519317954652,0.3275366818957577,83.24422462615061,9612052164.612646,0.0009368636494663
2.8220447052718383,0.060126130022786,9.45948147534118,0.0164244612825071,8.29816161116007,3.3100044995461824,0.614676412640857,92.52621574117192,12097690830.58658,0.0
0.8946342113550798,0.0982017387151706,2.609700906049651,0.0875230849714135,0.6105984271275409,8.178204601984467,0.4724197849782746,109.83940719338776,14499857152.8127,0.0007142517044808
4.668268839622386,0.0953964110837357,7.456335394128578,0.054676400962495,4.865610278725029,11.004097823489657,0.5364042162075617,78.91513711978637,13917217572.508324,0.0006979888330907
1.272776275369668,0.0932034480411787,5.874539219682683,0.0988175377338858,6.623129683377244,3.2572435889814995,0.612712196248466,111.11781211416866,12207259519.272013,0.0006151209665086
3.017833038225478,0.0837470147743052,6.359428203081258,0.0821426064952009,0.6439496817876567,4.881834225586537,0.3043501898862409,96.35310915724853,9128700829.658752,0.0014184508813063
1.8170039405375848,0.093049402094239,3.0108103195323754,0.0840168711760938,7.587846646510125,5.169207285529267,0.7041158205667356,125.19171088814149,11844773988.51231,0.0008524559189821
1.0722029762094436,0.049248561280208,2.929181737450252,0.0929119854844473,4.563928537585994,2.434715556967884,0.140970738972576,93.78349116346668,15097548253.207098,0.0005604256120147
1.9563966975033549,0.0550402239620684,3.642749369414005,0.0503577551844245,5.332704750030026,17.94136549973959,0.197865711426485,98.28026186220598,13359651906.367098,0.0010056454323598
0.9524727303926388,0.0392165420925132,8.97535388700752,0.0850515229336068,6.580275039086447,6.401122797605802,0.1361391347231179,125.99952458398624,13513970899.308825,0.0005309112865633
3.7615001743405694,0.0912792168847015,7.247923740275064,0.0613731410553451,8.140605148463749,4.741668938881296,0.5282111670152976,72.21716687875403,11402817877.40322,0.0006833042149107
4.16173657045422,0.080970965838694,7.392676056740987,0.0584693261817761,9.858083469437736,8.523939320774458,0.7991606280736465,95.09424965673524,9138713435.0057,0.0012155420350196
2.962142820697533,0.0447117449768411,4.913471951505914,0.0437593235733684,8.03749846083451,17.91974428209017,0.222462639359916,75.31983307079169,10085406962.33536,0.000762764513723
3.707810983902396,0.0647260199905,6.120720460588755,0.0490865700474276,7.493687047918514,3.5749196696918566,0.5654069576247215,90.49974100912576,18041177398.05402,0.0005042659478505
3.38885484104504,0.0968187479825507,8.480724743611447,0.0587920238137078,6.402294219538892,6.855388381802842,0.5600985364423382,69.04145004766892,10407186501.36836,0.0010047191973945
0.3298579327626355,0.0467236918778879,4.601543592664946,0.0993123810040699,7.512535086524825,3.604442278517147,0.2666039846379421,121.54298659169652,9092471134.896408,0.0005950271896005
1.806975788368283,0.0948389433044463,6.627634270477131,0.0980429129644698,4.877548356114055,3.354608511433092,0.6162788446834528,70.38695438788407,12517169854.99842,0.000657764172228
3.499233801906449,0.0777478406199065,8.690327923556143,0.0805050552650528,8.929179124803078,3.4969970683000504,0.6446477603354043,71.18794771108966,14310604370.210598,0.0006319119548009
2.1187228663131847,0.0697026239647846,4.94736286858015,0.0821421698574461,5.187941250764328,2.33231543046829,0.332969417995421,107.96434265092138,14237836283.771118,0.0007602086974096
4.9579518364166,0.0534994661218221,9.143491682226532,0.0364818813420719,8.889259489000747,7.828827096375917,0.5811506385650934,66.71795777960334,13612464650.575432,0.0012156950345503
1.8671211105986232,0.0604822108179441,5.150676703339995,0.0588577646294127,5.003523101496564,18.953941109110573,0.279110688585685,67.23883038220612,16146610597.203815,0.0006268845783988
4.096098748352601,0.0717785889611383,8.757185161908595,0.0407955903667345,7.842624004821218,1.1055412222151446,0.6585667748578086,67.24394004657192,18908109373.61114,0.0006881043062542
4.582891178073967,0.0941244362296335,8.232995554737796,0.0775634476477803,9.922140364157965,5.800730663783944,0.4920958779667719,61.01026839021743,10193989811.323174,0.0005522866335629
2.046714625014084,0.0651344210686461,8.76892277269798,0.0842310263031816,7.427353061266149,1.0757158051474522,0.665637389960779,123.70501888711335,14117289572.645365,0.0007162320947813
2.7105579020145063,0.0883834283286175,5.273274503048635,0.0977169614846501,3.6914824130970807,2.2136649914218443,0.0778832796331093,103.11083322378938,14569885157.398308,0.0005523152232026
2.605455645536163,0.053554051276926,5.96227431059098,0.0940596784617098,3.782922598068192,2.678729062770612,0.4497874239069212,113.5888119571138,12152928073.118284,0.0010558844492129
4.290152184234512,0.087885877007317,6.720834549184521,0.0765665139831599,5.987724004633735,4.486540126408369,0.7874530296204784,85.98392659752732,9803828935.732924,0.0007080991033435
1.6526873792935377,0.0499088348474252,5.299994745264054,0.0396645701593818,1.4308238620325693,8.140576416185253,0.0428727548637261,87.25053013519485,19901163830.186096,0.0007643567080902
1.1856853488957713,0.0775505451535729,8.776591933506243,0.0965589988743653,6.129171867569204,7.600034748703571,0.7084843905562969,109.80299167803048,19841381324.23167,0.0006015448840584
1.3837983455141545,0.0482630030839643,7.654377244394972,0.0648580000135479,2.318631555505859,18.439174555709236,0.2218279305726049,114.37088686635076,12780660272.666656,0.0005704536139033
1.8944248035990288,0.092119052990577,4.485716792452966,0.0243046600203322,8.544215230282257,16.1389515195677,0.1853542797544503,64.79915246853614,10179296291.98943,0.000795201060743
3.27525138327294,0.0947718530360103,8.355594832640422,0.0672440989474599,6.562577177148697,7.653817341649375,0.4021979035148906,89.80377527961271,14580228488.159529,0.0008383658407013
0.4119529028427411,0.0824163211184766,5.553778053511232,0.0981683784462577,6.522335922317812,4.294402498731388,0.3585774494389833,109.7767804083739,12953622961.285744,0.0005703611636954
2.0245333474343568,0.0679861769597218,2.8040790914607063,0.0504796360005943,2.6750989518254995,11.83210111640992,0.093700495342206,102.46840555283973,16959008555.88336,0.0008430755330103
2.848597374691665,0.0475554730022296,2.924868739882741,0.0696210964516108,3.762627235883655,7.722228692372,0.078191089535517,83.46389206060579,15964791954.665377,0.0007722689532233
1.9208957839829224,0.05227516075765,9.243403005584767,0.0468149268188455,7.631662761642604,4.214559477276755,0.4905496888570586,111.85982947135594,19323579218.53731,0.000984627461902
3.1655391339071555,0.093885052217804,6.961589299093161,0.0269927084574379,5.471452969845167,16.148571881116993,0.0457983425456278,81.73783423420147,15221067146.509396,0.0010818730463139
0.9736226259702152,0.0845623793258501,6.696840204324097,0.0568034509502489,9.559670233187893,2.7672379969418013,0.4210199747295722,104.31901290153276,9113888995.09244,0.0007539388345383
4.9592558806985565,0.0783234980854461,0.8817310460360744,0.0274722138101993,3.3982148625934188,8.140487852021312,0.6734368735230526,102.89797578853592,10082145565.263603,0.000808294806594
4.9396469454868495,0.0787515537106179,9.404244664395955,0.0975867461560069,6.470893408817395,4.123941844336428,0.7025401127478337,67.62846180713652,17391714420.376633,0.0006432936828885
4.907628725399594,0.0708080418334938,9.13576213974779,0.0353937342688153,8.338758172408882,8.023983681222514,0.8160975793855154,63.55674609099568,10326955187.65404,0.0005253297649281
4.020867387285168,0.0815655355589811,8.997236424372538,0.045026283447026,2.276309854374413,12.851856518535085,0.4341956775903747,119.4322526753854,17278206795.51052,0.0006789790649221
4.56083199743698,0.0925596341121222,9.451462026814768,0.0642774538168604,7.461539944230453,10.416268019321924,0.7203995247984473,65.95759326381871,11051845515.451508,0.000692262827855
1.6931302191167787,0.0815702000646873,2.295317798683641,0.059195918863535,0.3978511268093824,13.78242990982775,0.1571883233205841,114.1061396393494,17961917446.25063,0.0008222088503928
1.5392684731165234,0.0356075475474915,8.615794445077913,0.03712679316082,0.4453210198500116,15.636013652930345,0.6675505958161211,122.20542138502188,12851278895.696964,0.0008702315864579
2.2808054092925336,0.0941298587750854,3.652422048772408,0.0581699681289281,5.146483203643546,7.1833784808889165,0.0782030749741229,86.46771441129111,13079049394.852686,0.0008461537965242
2.8639867387891145,0.0492981103283313,6.07374623015393,0.0365698810495046,8.051020637502209,18.447292403741667,0.2220115288131626,85.28590237994138,9606871087.402449,0.0007306192480754
4.942904827333557,0.0346924751561658,7.6789502229118,0.0721595851974079,6.058080469122277,2.748445015737389,0.3387329251217194,91.23696175191805,15342975449.271704,0.0008744827656471
0.2084030839769902,0.0505787620492892,5.119685127851974,0.0485226449632011,1.9776293036001968,11.185234642364168,0.4313115734296627,62.09419821962745,11322398209.648624,0.0005474114940501
2.223732294169368,0.0783595262741589,2.999776077879536,0.0882232903108856,4.7811596022923455,2.352032133518499,0.4292799599694473,116.97662798146426,11416975128.78587,0.0006134670380417
3.2740951640315044,0.0759714360089988,7.516136261668664,0.0393594546205864,3.169700169910001,15.730967357489,0.4034367267316382,98.1251617925519,16799113704.409666,0.0011000468323812
1.6568585160905989,0.0777032008978728,3.689137018730504,0.0850284819438592,6.778018223401959,7.417415334754977,0.3532388789617691,119.60137220280392,14221259458.830036,0.0005933800514362
2.22130611845423,0.0744155373126688,7.099317546531715,0.038910495457351,9.124217201367696,7.810937336929052,0.1427461089819517,109.49235084096838,13947168169.998756,0.000936562308926
2.5200011172618675,0.0805502165063426,6.850945052274093,0.0611182386455874,7.890956373116151,1.4559451726461958,0.8285400600738219,81.59725282235149,16795201686.9798,0.0005851586747259
4.093469094308047,0.0890728155098805,8.22188416994249,0.0555263222188848,4.423387089099669,10.169666539063382,0.5031499947547166,84.93907052684469,13114391441.721228,0.0008866627472956
4.606547804677553,0.0902351001846567,1.866003248976896,0.0681563311252792,5.720060526845798,10.262454798911676,0.5356699862726677,69.33277044323728,10305678044.196173,0.0011638909872978
3.802856138477792,0.0367212466305904,8.168259078247107,0.0670356212123072,4.012949183259971,4.814107252612044,0.350456846137159,93.22423224779352,15666794272.393044,0.000975692908408
2.619221526368728,0.097093928597122,9.164403327706983,0.0790665244872793,5.028300677877305,10.106243886975518,0.471105666582952,61.88681717725923,12500745222.91671,0.0007743974032909
0.6354938530301352,0.0859707216465338,3.169879242210756,0.0689793834978363,5.860200861907347,3.369274652034488,0.0259345272418302,105.08814206180745,13511620105.199093,0.000556353484238
3.407268319928192,0.069175489908285,7.948075863914074,0.0509481097456176,6.66305126367785,14.72986758686012,0.1648134222281467,61.2399835160856,9288970122.404718,0.0007787925622798
4.715912804047192,0.076096196642873,4.360849348564409,0.0560383620087718,5.124012964055547,8.751034300542393,0.7508603161203187,79.53368548274611,10255306759.28671,0.0006943945006233
3.38885484104504,0.0968187479825507,8.480724743611447,0.0587920238137078,6.402294219538892,6.855388381802842,0.5600985364423382,69.04145004766892,10407186501.36836,0.0010047191973945
4.930360723673577,0.0954446614898708,2.8148265173649905,0.0406455176783533,4.388179018460426,18.482251657428456,0.7147872001056336,67.62907995225957,19176997346.529167,0.0006972175188411
0.5060876703107445,0.0610933845776688,8.429326711522224,0.0664787472591796,5.008770001996587,3.4456510374246694,0.819184226761201,104.9826349390755,18266531317.052555,0.000797038215729
1.1761053524752003,0.0884952349521968,5.887431734231174,0.082469109041702,7.523970605743306,4.491543137787038,0.6352507855606533,107.63463866521172,16429420039.70997,0.0005849899202322
1.0355646139363497,0.0414069807666479,6.673442375359723,0.0579297360553353,2.9104804631714263,8.767640129047653,0.1239156154256716,116.86610888941706,12934382683.66738,0.0006730211584486
2.514944916537151,0.080369134263987,7.240081514315452,0.0475995336057649,8.080496247765193,15.231990718802626,0.7874632615038186,69.70573233472551,17460345971.901577,0.0010676605707857
0.174952436203128,0.0620837458406669,6.301511012158724,0.0957037015858521,5.165535494427044,1.8009434794041146,0.120893260702708,119.22744430082554,10574174164.928225,0.0007695451200896
0.4523712858402304,0.0625341566250104,8.365239564520738,0.0547143626040048,5.358159886054335,3.5298618892396267,0.658205991903932,120.58569378932862,15696838319.741674,0.000649825978763
1.9563966975033549,0.0550402239620684,3.642749369414005,0.0503577551844245,5.332704750030026,17.94136549973959,0.197865711426485,98.28026186220598,13359651906.367098,0.0010056454323598
1.6579023438597913,0.0572507256754011,3.1482099361125444,0.0200974541066568,5.315730340041396,1.5083547258682448,0.2765550773754192,98.02175639743112,14842598659.045792,0.0008262472291128
1.0792688556311945,0.0707561749179937,6.702194289385012,0.0764534011885732,4.689520875263466,4.086431930143334,0.5137262591131496,99.41130360208594,15649399232.581528,0.0008151501832436
4.894127898767579,0.018147512855972,8.771995989929941,0.0458437481835736,2.78126268022517,8.56060106352633,0.8143890089562841,73.14438902732282,18587792604.29411,0.0008520387406933
0.613238862208155,0.0468886144100451,5.7093933609794085,0.0851082908330524,3.164292210874573,5.646946207373338,0.5088554663011564,108.53101355865084,11659938408.65804,0.0008087999381524
3.7385140016018577,0.0270959448253424,9.52106314387608,0.0303401108350223,6.553475841999668,4.643627574668353,0.4257386106131717,65.30609669007967,9140447524.176031,0.001436937489292
2.205514117246438,0.0800772551119261,5.992870072612164,0.0046860898708323,6.751916346408798,10.89998658411747,0.5699529023131824,107.49837696893292,13785473054.62087,0.0
4.863213542572409,0.058023619806251,7.679610308334953,0.0500957158247195,9.209840892897525,1.546201971706009,0.4840104409549314,78.28390486545959,17427855720.2431,0.0009124772964774
4.026724047929544,0.0964157496806102,4.129419321904949,0.0690385239099184,7.379403009892949,2.5306996104535404,0.8335191168970963,93.3737309637175,9376909961.88069,0.0014665055740672
0.103420875447466,0.0939433842969021,6.616236327321449,0.0845477606417984,9.31163594283242,2.144958447062507,0.7416056546004413,124.1624371279925,9283678296.230392,0.0007771386557125
3.4098741543906432,0.0684189103648155,9.986729347950876,0.048630608834696,0.1128434228883485,7.757013509627646,0.3385533166847209,68.7382940247218,17661289388.78054,0.0006432198201142
0.4734771059827519,0.0557725814201685,5.18573678344682,0.0360015702605273,0.1956292821213251,12.597563852355076,0.2671928675658269,65.85332577456292,18288755839.127934,0.0009100795716276
1.359754316292024,0.0698889025701763,6.773730699074068,0.0832525114163029,2.687867328613512,1.8994225474533044,0.3947440854826629,113.99906800124069,14614957722.639778,0.0008510131504781
1.8014016851959502,0.0305663107742842,8.011325625589079,0.031369798467893,9.92275929737774,17.72589423782256,0.5885747740145763,81.96611926583418,18461868319.19012,0.0006879124892469
1.6097625348369806,0.0572380462460181,3.4317075228374136,0.0829870396662545,5.356478975366228,3.568422168121653,0.5063940224380389,102.68021310115932,13031161675.194958,0.0006046396213226
1.6568585160905989,0.0777032008978728,3.689137018730504,0.0850284819438592,6.778018223401959,7.417415334754977,0.3532388789617691,119.60137220280392,14221259458.830036,0.0005933800514362
0.1414064421060397,0.0891488337473543,5.396984664443299,0.0896122470032732,4.599858676194748,6.376455460055958,0.2374747955012564,129.98270815081318,13625251309.2967,0.0005442950905711
4.811165176631976,0.0953318913426709,4.445758609933868,0.0514403177098417,5.141715609389767,2.373468239590578,0.7716651877519413,86.1069098197805,13843168266.59084,0.0008532085905969
0.7547281570227089,0.0452856395976128,4.398172971069508,0.0346095822600362,0.5887079946731095,14.501025116226444,0.23957159566831,81.47185301849474,13922578790.959658,0.0006449677439706
1.533509115042643,0.0889273148700604,5.129101592277556,0.0496205230025668,9.97415335161314,3.5520947308073003,0.2155791036798282,108.53508917326673,16133919280.529385,0.0007639291749
0.102467517020063,0.0792766198912251,9.387691790120726,0.0950807174256683,3.824028510806662,3.8170235849818255,0.0240814921637126,119.52958764454408,10829819326.413223,0.0010221605390686
4.514268562854643,0.078722527936577,6.404593626876429,0.0748378139469762,9.907587884131528,6.181088777878555,0.5240360485643356,67.55880129832723,16828046268.023449,0.0007455900261321
0.696492053481902,0.0630848388482838,5.302348521186436,0.0984016373632072,1.6322352846692212,19.524462622369143,0.8189804978234156,118.76321161916836,9968546621.365692,0.0008509676493015
0.9733231898304106,0.0797681663430615,5.84914363249312,0.0395020195979177,5.689211981864363,1.6435672157524694,0.4408250711191157,117.77415318014292,10626905065.376266,0.0005829775778336
2.438621211921952,0.0639760031551541,5.392345907090065,0.0308160104564823,2.7213867748471,1.0698180323224973,0.5888564875859619,88.79207022327546,16947825668.404266,0.0007737242699696
3.9123330149012414,0.0956316542247253,3.3244364628242606,0.0294677694862264,5.921205803247287,19.047920374415707,0.8443445471204096,62.08734244869365,19072905400.97211,0.0007636319770168
4.131701670947183,0.0844383017208233,8.873781064886558,0.0549205031322737,9.175832765773254,6.456390873426147,0.5953384664703945,89.08478640169727,11140664765.426147,0.0011465915899934
2.074438845639881,0.0539657792472449,0.9725978269646433,0.0766012148537737,5.148479740070072,9.325696951628837,0.3091309628968664,65.00395385979375,17060547319.90562,0.0005701500133678
1.164911017808797,0.0316057780170904,5.914677370919622,0.0397812460291353,5.10309290678899,14.485601856006523,0.5239926744608285,97.42464142388306,14420586387.165874,0.0006468642547209
1.0080511475183012,0.042819065505306,7.43600675619375,0.0068175949609532,3.849702972280466,10.301181998256231,0.5876690789757913,120.2777593327001,15325587342.374027,0.0
0.7322060947710491,0.076411099317268,7.184274567254335,0.062293967067009,4.0546614428778645,3.337150747553068,0.4103235229839334,113.30816362181277,10206524152.014029,0.0008382737324535
4.7206066416162376,0.0842752928189157,5.9499186044477295,0.0398535501363327,2.5578862579020205,11.86768207626282,0.2716452445776196,74.75343158551809,13081850734.14726,0.0008005321339866
3.0232891921941607,0.0776654583520292,1.371613829156192,0.0601400846425063,2.332077990570339,6.889828344312899,0.0784260479454281,122.8409938476566,11664150846.309624,0.0007171834624112
2.0245333474343568,0.0679861769597218,2.8040790914607063,0.0504796360005943,2.6750989518254995,11.83210111640992,0.093700495342206,102.46840555283973,16959008555.88336,0.0008430755330103
0.5434199596635203,0.0999538782336185,4.981209380136516,0.0866919277951576,2.197221374416306,4.063343893924466,0.7574714260605312,66.97741495325128,17116695630.278185,0.0008853504478405
3.2575922139718907,0.0656882340827614,9.914200297797082,0.0976875072192727,9.51324387255814,2.3845627670282714,0.7418899907093524,70.58972540860898,16883370393.4433,0.0005850020472758
0.8243490262572819,0.0495393350033936,7.790992249111393,0.0916027864571161,4.037733638597841,13.526456967666128,0.465456987179777,119.57299543689857,11719255737.178593,0.0006968153341635
1.7662670119856698,0.054634375622188,5.355575797587575,0.0761602541872179,1.5464028968184491,2.5902849800279744,0.405177905019411,96.65600619435106,15032620402.853012,0.0007105165873513
4.169131388268138,0.0891403323529674,8.706363194604345,0.0685641570021416,5.45174900096684,13.572104853360017,0.515570135564919,113.48182063951172,12847870064.771845,0.0007098040283796
4.0356313662497305,0.0603394530314259,1.8318073400406567,0.0650426569330193,0.1710970965030029,6.366998390037727,0.0567586973881301,125.23820434664644,9239423187.268782,0.000685719363464
2.603084442599313,0.0535378254762407,5.96729822555696,0.0940326403768481,3.788314239934345,16.95456275002353,0.6058296719795724,115.12252467360626,12142154063.50302,0.0010593732748711
2.5374946583486664,0.0468279696410348,6.639972837784251,0.0829617748973055,1.822038328370164,7.492182671708957,0.4432536809826006,83.37100392443519,14724137037.63429,0.0014525032789199
0.5039273195006502,0.0441207496605986,9.472612761031826,0.0810366129394139,8.042065157960026,8.148581163448693,0.4469575876797874,119.37134520099517,14938348099.721634,0.0008653911014531
4.9036462424858485,0.0971276641122902,1.4864636431298877,0.0555227970716318,2.885124715205382,11.554235441378182,0.6312450431434384,73.87818818290945,10893093639.139542,0.0008447007818934
3.8660397122548726,0.0550119397297876,8.171299083264048,0.0280548416231722,8.481009615565515,10.979969891845585,0.7108989933674428,107.66272280274482,10833193406.518345,0.0007793880770529
3.144376432008492,0.0608326160013662,1.6917244470901522,0.0612666829076383,4.170860852369036,9.857762453284185,0.020999019302546,75.70702827567958,15003397372.011423,0.00071096888147
3.6682435141650576,0.0708996814151323,6.992937756719583,0.0568490500612594,9.941521101981085,15.439493571084707,0.7249781198456288,88.84049770549495,18799451240.21005,0.0011292154752519
2.69750861803875,0.0746799546188897,4.455450370832659,0.0576832010400834,3.582484515836347,4.615009702266235,0.2462506180454198,105.25566584438404,13416372015.401966,0.0005799198052002
1.9617980453046533,0.0943036108001626,8.42834090346896,0.0969006208226862,9.491559835126347,7.222663595215058,0.5509737904067712,114.43059286320386,17596412177.85823,0.0007514111215465
3.668907809741942,0.0810679095208063,7.244005228978412,0.0700534184795748,3.567520853631148,7.589926582687847,0.4328882138850796,110.42693533015417,12584981921.182438,0.0006874120867797
4.972443456278382,0.0627374669890624,8.304489076215074,0.0599112103524733,9.960253036147185,4.749893510918588,0.5057180138890354,90.721762375235,10119545929.019247,0.0009607898928864
0.5766686464829063,0.0866743663977178,4.747187946054354,0.0301568507525426,8.684189270536832,10.37449355730534,0.1066244544671396,96.15295183010336,14459059716.22773,0.0007956586434876
0.3826896299927789,0.0784173684957,3.1914624580481004,0.0506371669385913,3.619311877609152,11.883396836864874,0.250672490237607,117.93706982509926,15966462257.188225,0.0007323174369876
1.9029456248325336,0.0675876106988299,3.189606432517051,0.0575313649468116,3.477489287657219,12.410458938907926,0.0813951605227814,97.62839209707752,16980506642.307962,0.0007749183893052
0.5330963992485057,0.0857255249721709,3.046432986455747,0.0690763155610138,5.820522728331032,2.993282394098564,0.0192590611786992,105.18550273659376,13391414728.048824,0.000546500451277
1.63970997185243,0.0846765775588665,1.05149316998305,0.0216435194782468,0.7133481800404434,9.747840326310714,0.4062866302135403,107.59899984010904,13621389302.708311,0.0005428107904006
0.825522029432503,0.0582991740052365,8.806040432915346,0.0580063171757966,5.877903778509498,5.752413472400893,0.3630186002711554,106.51537370658208,19243142691.927406,0.0009946665116101
3.126646067970948,0.0596725163269515,7.743098588368803,0.038306505776069,1.985098239567809,9.580185076178408,0.6455493248928059,72.59276763244898,12681791805.458117,0.0007862688879383
3.0526610236915537,0.0681796857159631,1.6573791585057986,0.0804049011755954,9.118856787991213,10.037071853721471,0.7087190979307744,127.57343474457488,13664726936.70599,0.0005774247115473
0.5639413378306591,0.0656896261440972,5.920467147175463,0.08781168090691,3.614420152685877,3.145127464802977,0.2541738187127441,115.61521926115432,11334638460.180107,0.000690387165977
0.8520715209616423,0.0709256421318433,4.84451450951998,0.0848489721613356,3.693444147305573,3.414165892775341,0.0640404565059262,97.8455832519762,13954655527.649405,0.0010857178701452
2.3372799548983885,0.0556086368716101,9.014204559845124,0.0477933874040472,4.448266168205626,16.509705480868934,0.7198632514263682,88.3007671932228,18731556648.8486,0.0010541737950289
2.9200316573694955,0.0897374865388267,1.6327313426930703,0.0160881693711641,5.876251486473828,11.636841908511052,0.4145250206499233,104.57074258645868,9660087036.525623,0.0
0.7256958165438355,0.0460075281507502,7.963189760946243,0.0809591857098949,2.941709990290489,9.869887871780769,0.5111995984566903,106.66549892047284,10525487144.696146,0.0007641597042362
2.4928407517442244,0.070434750267963,6.100889178246576,0.0362101182273307,3.2992753833651416,9.53120159467705,0.3413608249688757,98.9693284352498,17233156705.833427,0.0012038664028523
1.4524742797659858,0.0659216997329813,3.5098460541835785,0.0654697713214675,0.9002771150897693,6.2013726029746845,0.1297512429505657,93.15371626448344,10957894037.047749,0.0007956089160569
1.7651898197026108,0.0545634864460232,2.5840482370776763,0.0722122609902856,2.056693218077372,6.857337409423145,0.0412654116803935,86.6892734364366,11124708779.770874,0.0009565677896721
0.9765322886477966,0.0779715129368692,5.153268642625206,0.0370524344565579,8.28428924758122,9.470086658833976,0.1055892671833202,106.8295112160015,13968577141.046455,0.0007520267398083
0.1323630550352174,0.0914870383814937,5.23408340976864,0.0992962814849476,9.287046677232476,6.732067460296119,0.0701961732777792,113.23424897357032,12534962996.998665,0.0007016173114653
0.2875429986689811,0.0708440920565345,9.699678584075654,0.0884545490662948,7.365690092115405,6.193376910846133,0.6535092321957644,125.918504341153,16798501170.661936,0.0005136201228059
4.024348626982407,0.0786552692383202,8.664769787266406,0.0190349850492994,4.350646764533124,1.0679322582719857,0.6772292926657312,74.58043216643165,19878555198.679115,0.0008726978442844
2.6846859647067367,0.0615430118324729,7.305632290597893,0.0867588212798578,3.7280436139939512,2.199574267425824,0.0872408147727419,108.7231636446153,10365747475.555462,0.001103535959759
1.425592395747007,0.0648331851381458,3.531449585865385,0.0937090275600839,5.38477501682735,4.019910047847197,0.5915582810588185,108.8170103110152,10918356071.981194,0.0006175907721489
2.74337182015992,0.0778784597750798,5.741615461251263,0.0414124381249479,5.912807037216679,13.596499716161036,0.4906171069681143,108.72103592924384,11455109161.520063,0.0009153529053522
2.110288551003777,0.0993053895243765,3.5649279965991743,0.0599854843597768,9.756986475600687,4.149594745902142,0.7975065348029636,104.53423249845444,10123326338.22649,0.0013523640850701
0.7103137141556336,0.0624650998891683,7.369763164358452,0.036487357528667,2.4196306093013327,6.183528837702527,0.6013831410412802,76.16663084410712,17778681079.938454,0.000796174438282
4.083974333493268,0.0665716766823635,1.349253240691762,0.0523525088582777,3.7160957996192487,11.109416064528356,0.0544503134876878,60.82619320499953,14144006094.106895,0.0007623145433724
4.889233582697916,0.019482764009176,2.5486992153953567,0.0456810815366553,8.05094459695596,8.514867192961926,0.8031338632225975,73.20274415164174,18594187829.64776,0.0008721968016279
1.253539835655913,0.0830363562309354,7.699427775416018,0.0897579847217077,9.542444358835558,4.366420366334843,0.4053660980819397,110.4821605797088,13054038923.648155,0.0006330584530872
1.9324043089269969,0.0597937591491395,8.608411299558156,0.0793853125493531,4.2950401815978845,9.46781568648176,0.5380427245644981,77.1236516683541,10996764643.15337,0.0008638491233307
2.986082078722227,0.0629933348258399,9.921607011260596,0.0272078853619236,9.41056261679324,12.442582932542235,0.6410995974457054,120.95584216591384,11198066618.571306,0.0007171808990951
4.77338393400787,0.067077742219186,6.315693318071663,0.0731242903194456,7.959222062287691,10.550473461682172,0.714694796199603,87.608171198675,9040088703.38502,0.0007125069531306
0.964873754982792,0.0348672521006738,7.919514434814037,0.0920632586869529,4.150332119864126,19.50928566996652,0.3178307105490949,93.74443551482244,15038833054.726557,0.0010319408153466
3.27166106543419,0.0431011004900304,5.188591110201062,0.0239627455041134,7.546027983514924,10.390149870386807,0.5347124704116122,109.66188958947494,14902417898.79004,0.0014655832234956
0.3932541817204317,0.0952259040655635,6.683211600642212,0.0982651352665466,7.977546473723763,2.799105274992989,0.5027614022089164,99.76898352987536,15848986301.784569,0.000699574201299
2.32669752743635,0.0748200437502474,7.056439634874204,0.0102542123128918,1.4874825538365062,14.97432927804529,0.1661309288510186,122.98819328521904,16654140584.268148,0.0
2.7851601069966057,0.0512774185038682,4.952697682794252,0.0510336644540119,3.3915788227165717,7.191308392763231,0.5824309634989221,87.17254316172539,17271948714.966606,0.0010267355868288
2.375962276063298,0.0703210162017689,6.631349230472711,0.0478320682504564,0.9923322243897078,6.122256034429254,0.6968898869658621,93.64662286011075,16269799434.051994,0.0009514656539885
0.2097011625167958,0.045406319779998,8.214283510191061,0.0998020980729304,5.286622668932318,13.75773706272579,0.4374804426657067,104.1252904617375,14752385908.39165,0.0009207390314795
1.095531667039593,0.0951537374519927,9.65927672060218,0.0733926463341904,9.456204046869663,5.944740933005572,0.1608778266595656,127.60677022438594,12537853323.3749,0.000603990586553
3.912397687287716,0.0956407326008337,3.3234575309399976,0.0294457735439753,5.921192487689428,19.04668258260901,0.844251400353604,62.08059229438375,19075049779.39271,0.0007634591726339
0.7540343067624403,0.0590785667857585,8.20449609131076,0.0411752425048811,8.539630979487601,7.137996535376315,0.4000078513233434,95.34463221129404,12909433923.744564,0.0006206051207416
1.2701124962191674,0.0877057264949045,9.238944314774177,0.0688814555655668,8.38602498074422,8.065289084956854,0.7113410989970085,120.77929032515974,17642384030.170647,0.000609305457832
4.725852662977139,0.0706277722444414,7.28026051181014,0.0440768676608778,9.216445914731692,9.974815543869193,0.6518791410030544,74.7428628443715,15851091517.08688,0.0005272535578796
1.0705486675719738,0.0903585784666539,4.031270850021977,0.0811282523167953,9.952388123533863,4.965500503101666,0.5320272786883877,110.84223689957231,15115648240.78164,0.0006221692434805
1.5441763176444618,0.0548140532087079,1.907087853640128,0.0209388520804832,3.285915501403622,14.64649506770154,0.5591129130730159,91.90556705609704,15358009962.636694,0.001050781109862
3.2571615212930647,0.0657050132334801,9.932362030852062,0.0977071281314872,9.528240039014609,2.383291603869898,0.7420368807090197,70.58836840382772,16867050275.452332,0.0005843401155281
3.6173791485229647,0.078985574114532,4.208992472289363,0.0545097375795333,8.648987585760823,11.55870835448661,0.369607981128128,127.1075964376067,9033479670.979809,0.0006585248201372
1.316319151091256,0.0714635531469499,6.972927296733003,0.0873800462600015,1.7467224209297794,5.0524892861583055,0.1561480521145377,106.22110714488258,10726323041.318832,0.0009122872709129
4.3025118841920245,0.0984765081340974,6.339609083174289,0.0981839886531282,7.840642163355499,4.836800494132614,0.7459061408026114,72.16282403552447,12760422084.626572,0.000516174449382
1.28515445099637,0.0638031448476735,3.290115014015515,0.0944690604661708,9.80504620647003,1.841965274276056,0.2886993544498918,92.7895636347874,13108799965.12662,0.0006315194022804
2.1197715876098715,0.0736252744420348,6.576059767739609,0.030765734406493,8.959889833048436,3.28665830309048,0.421330096565515,100.17765524915916,9707275462.797112,0.0007141943072034
1.3237573362775676,0.013789228629653,6.159553395416804,0.0696010489228398,3.293004368631677,8.515603261022102,0.0354318526127865,93.9608790942302,12436373916.49777,0.0007699914466257
3.3801168631500063,0.057325908416607,1.8411332842319117,0.0297269736369935,5.3533754577907375,2.158510568280696,0.1588598244963562,113.21786127254995,16122537793.648006,0.0009294220126298
3.745109340540044,0.0910652455851965,7.244826291204458,0.0612991266577957,8.200382412931303,4.73964077301665,0.5281604232625288,72.17961133896758,11408131649.194418,0.0006842630545914
0.459835875705026,0.0489223531633269,9.378871707791824,0.0465591422945443,5.768463782389343,9.750041003378229,0.7259571481853295,127.9116164308667,19175934680.426346,0.000577591552763
4.091985344842452,0.058628967723909,5.888826879935687,0.0878836341514367,0.5307120670029754,1.4698035477796445,0.1257491034070249,114.47328917761294,18401713796.36631,0.0008381607905945
0.157716601949218,0.0811900930151992,7.036084142568924,0.0875222038848465,9.151524114817404,8.205058212136109,0.7540613133191628,123.5470519915557,10989397594.692797,0.0006340562635971
1.017410044962383,0.0761218536490008,0.7736636354871788,0.0501275222377719,0.8026153457454887,11.5060009436126,0.0390065786102204,92.34856309960814,17270499885.548977,0.0008274844708983
2.925404265767559,0.0967976333181898,8.658601235694855,0.0825853064087255,5.797347936346014,4.904083555068865,0.2401716750238914,77.30446986878047,13443723439.051949,0.0007116291156544
0.1747865425941053,0.0915262959204852,5.663684541829484,0.0932358900841768,5.236193576063045,5.911250577484677,0.2341417718891804,129.88723215997484,13577277504.015167,0.0005589637465297
0.5039353994165129,0.0765841984023955,6.870107165447376,0.0856928807894092,5.019111207178597,6.338779956741175,0.2504228519690842,108.2749322946581,11541873649.661833,0.0007935118024916
2.0191582869158604,0.0658363970401742,4.197436073651804,0.0709760319940487,1.1221097243891571,9.25453522545276,0.7101126254629612,69.917029715257,16450864826.50053,0.000893947713886
1.1539882482147077,0.0898922761620258,5.945668202634769,0.0835974080589927,7.685397795610253,4.725018381867621,0.6272072649678678,106.1751292276072,16133180105.031143,0.0005819914515723
1.1236589798491945,0.0894194256409233,4.297177405192167,0.0828064307508953,9.71240709563665,5.111048334973936,0.5281426825261692,110.68049649705492,15078597104.242954,0.0006531045698422
0.1410676810355459,0.0598314281782364,8.591159014851828,0.0925515170481372,2.524418532927698,2.0922098347307574,0.2617975367419081,119.67156687486828,9041691980.464506,0.0010077249564996
2.745789921964917,0.0437723250591755,4.533086425420012,0.0345789784234161,8.532480867618244,18.40336235723917,0.2211618928578105,81.08082857900428,9981669277.60295,0.000833821603294
0.708670320727035,0.0869030731834423,4.368014787121094,0.0977303461095462,4.84956717169522,7.230802928245486,0.4565652318186887,124.25549258673922,9906375060.879229,0.0005043639171914
1.0948950647556233,0.0629509998055602,8.537700300488975,0.0806120094694178,3.797611426613974,3.919398857119559,0.8395446248220382,100.35400330185598,13206192485.608942,0.0007297400370726
2.3663115655598075,0.0578721826253135,9.772555905911524,0.0284333424939388,6.515903119355202,9.425621010286903,0.807871307499824,119.59346475566542,9564017242.538742,0.0010547577213901
0.2171090790183545,0.0724174923132667,2.2051574309907105,0.0854093241828005,5.126804802321539,7.36185957752237,0.790506584268281,124.549930617622,16382332434.876942,0.0006470629938644
3.2121555286687253,0.0898646038125374,6.974682559618149,0.0507986508465824,9.212896424695334,4.909016733714089,0.4045737256636447,61.13731124182652,12487168872.285826,0.0006771830030065
4.55987056836353,0.0752762589628,4.694791453487172,0.0353770613651464,9.227107359952276,2.094920192295878,0.7341553963323897,71.14477977394542,18281375334.70225,0.0008242775419867
0.3835202025553026,0.0458485162802176,7.215599095226256,0.0968616911759942,4.184890504605084,2.4280394877482143,0.1915321084742794,110.1720783847012,10589983852.180492,0.0007272401241206
3.142451647517256,0.084325377270212,7.647113347326552,0.0616985061759042,8.963283665636416,1.8179985107492984,0.6952351556095161,73.18712156361612,15916617840.53162,0.0005590495917626
3.2575922139718907,0.0656882340827614,9.914200297797082,0.0976875072192727,9.51324387255814,2.3845627670282714,0.7418899907093524,70.58972540860898,16883370393.4433,0.0005850020472758
4.4427927420437845,0.0869950952204559,8.972988974098275,0.0328233141542379,9.798776886112435,12.11941594543262,0.6716003379229556,63.56152028946366,10391504260.384212,0.0009632329161454
3.249503347454892,0.0758658130945903,2.469782103155945,0.0891413651376175,5.473232763101467,2.7701721293547195,0.179594702679512,85.87481031665193,9330325465.236118,0.0006334524641
4.265033674448276,0.0951221771683501,3.0582042973271086,0.0033653433287462,8.53636140949636,9.059504334486038,0.728126696983535,100.006522017986,10885995974.44088,0.0
1.5973504779873822,0.0523340346558249,7.184100651182345,0.0464374353346146,5.702971767157694,4.258256439634817,0.48094488160633,94.15762155491002,15579563646.788338,0.0007818562321452
3.704176985885886,0.0088457816974169,5.410874069550521,0.0807060656488515,5.441026639401426,7.333392505419495,0.5218771960443838,87.26300854485577,10375892921.260933,0.0005903160076885
2.3663115655598075,0.0578721826253135,9.772555905911524,0.0284333424939388,6.515903119355202,9.425621010286903,0.807871307499824,119.59346475566542,9564017242.538742,0.0010547577213901
2.0191582869158604,0.0658363970401742,4.197436073651804,0.0709760319940487,1.1221097243891571,9.25453522545276,0.7101126254629612,69.917029715257,16450864826.50053,0.000893947713886
4.77338393400787,0.067077742219186,6.315693318071663,0.0731242903194456,7.959222062287691,10.550473461682172,0.714694796199603,87.608171198675,9040088703.38502,0.0007125069531306
1.4761159107829018,0.0820737029800007,5.042565992632195,0.0868387870629335,7.712657492607051,8.254353749274165,0.3721895242166804,98.72604695162946,13923047167.677551,0.0005336168467084
1.9098698028652188,0.0992107006360563,8.389316058017723,0.086795168072652,4.999443248210814,6.397522676986583,0.5063215297371761,64.7189559672381,10955590868.941433,0.0006046692996813
2.0245333474343568,0.0679861769597218,2.8040790914607063,0.0504796360005943,2.6750989518254995,11.83210111640992,0.093700495342206,102.46840555283973,16959008555.88336,0.0008430755330103
3.2257046309873463,0.0906075284308377,9.34762731752656,0.0584746080352634,3.423736361079609,12.021395193180828,0.1046129066515769,107.14091718607972,12136282835.10896,0.0014325453245766
0.5211233348766252,0.0671541024251018,6.214162100229077,0.0794742027536953,7.4844161040736035,2.9699240142006724,0.0983021417259075,93.81505163541962,13896683363.044697,0.0006561450299799
0.7344493246063762,0.077351701157378,1.4797853846960338,0.0983832645274079,2.217949666295488,7.769597819934514,0.2926925078994368,97.90704559002916,18976771410.37421,0.0007635271035036
4.706704669390886,0.0906050185960127,6.664391880410024,0.097406204915626,6.228758087793152,4.782745278529266,0.8106901850418679,106.0298718588524,12705215972.321064,0.000512875608839
0.7066587897202905,0.0869723233787692,4.3505767259497965,0.0986981034966393,4.79089670521863,7.078699334769547,0.4479477612956508,124.57022849021013,9863601247.975157,0.0005044143087776
4.70206295004041,0.0792569233609242,9.041442261170502,0.0700570751501486,3.3132349689569907,19.33653757238479,0.1670555371697479,70.8179890649535,12607080905.02852,0.0006231390669409
2.3880658269809047,0.0769571496430985,8.675882144910172,0.0458758620244313,0.515690344059105,8.28548340036203,0.5728087269296338,119.98088618496232,19661685365.83421,0.0010965740109776
1.5308452888372188,0.0072621679726981,5.9666893435088335,0.0640752249229168,2.277130273471454,12.28637319836248,0.0994548930965261,89.2997888234236,11183674883.878618,0.0006910177726285
3.744623817753789,0.0910638393772898,7.245959380108664,0.0612917703724001,8.201408635162379,4.739632077138493,0.5281369251663842,72.18282806826303,11409771633.220102,0.0006841996988745
0.1410449867179515,0.0550215198899467,7.447100023026493,0.0817661812989218,0.8766033988995243,10.129086829948728,0.5445839314495269,104.23969664931364,11511265823.732063,0.0005601874112934
2.471292419587507,0.0880070154998173,3.671664246791557,0.0941783682908245,4.938326100725116,2.944230647794602,0.5190734789227096,104.02702177309452,15305652292.759888,0.0006718578656631
1.5364619664086654,0.0486603845262394,7.755991788207576,0.0233270028094562,4.9162545397172375,6.962068643703151,0.6629937612078828,119.9741418051486,10626393404.79518,0.0012423166523252
4.3025118841920245,0.0984765081340974,6.339609083174289,0.0981839886531282,7.840642163355499,4.836800494132614,0.7459061408026114,72.16282403552447,12760422084.626572,0.000516174449382
1.040616845092833,0.0951774424579627,9.790846450394303,0.0831391174770608,9.887289866182869,6.581103460423084,0.1385880704659504,128.34743814015204,13427330323.03896,0.0005541845315034
4.159815432188957,0.0793088962188299,9.485410483690716,0.0825387100163746,7.941225165344151,1.5156988415706163,0.2710850184981138,74.96079191598521,9427805246.54502,0.0008222239206734
3.3375735839208183,0.0806245526326248,3.11787105580063,0.0200674010283216,3.903330047126316,6.243127999852865,0.2818850232752898,91.85159242223467,19791314248.670418,0.0012263798458055
2.6846859647067367,0.0615430118324729,7.305632290597893,0.0867588212798578,3.7280436139939512,2.199574267425824,0.0872408147727419,108.7231636446153,10365747475.555462,0.001103535959759
0.6763972623363381,0.0712848509867479,1.149447039270806,0.0551761430136312,1.1282916843106912,10.373376790728573,0.0185432733440105,89.06911830180906,19850845443.509598,0.0007933368519325
1.073345118483781,0.0900888512471231,6.026057697486806,0.0845536142331862,7.659711159948472,4.775917931966936,0.6398531627877584,106.62945580243988,16065756220.48398,0.0005859385040911
2.8585764900785096,0.0493359607563321,6.16086707986594,0.0375273241231698,8.050738066478628,18.50726837213476,0.2284448269585726,86.14210055222946,9624915928.592628,0.0007326060557411
1.073345118483781,0.0900888512471231,6.026057697486806,0.0845536142331862,7.659711159948472,4.775917931966936,0.6398531627877584,106.62945580243988,16065756220.48398,0.0005859385040911
1.1579871013136571,0.0905582144767379,5.846460943056605,0.06393784122847,8.730051226368921,3.628383947527512,0.39556655934787,115.14356553751963,15471728778.357475,0.0006670234848079
4.383500493296444,0.045073140170562,8.94427629705997,0.0518062400721741,1.0047997821631076,15.115594270160134,0.8097391509599796,84.41739258258092,12770541505.66037,0.0012871194181944
3.0370005077038638,0.0924002653963796,5.150080761168741,0.0900706187546458,6.731421781580473,5.885388378103847,0.3935177711812613,114.92680103710514,18740090221.37614,0.0008544877678692
1.187983994156615,0.0907670658633149,7.532978078731146,0.0636947107897297,9.539433495554034,4.338817606247652,0.1863497950068628,121.4372125889518,13118424506.838009,0.0006716286861842
0.3447914957762379,0.0613973278183724,4.6609353612036655,0.0970268512589181,4.779422880078611,1.8744078088823368,0.494557873836341,86.30639766756255,15222893945.536633,0.0006420970656623
1.9086225469576008,0.0636567623575229,7.946214896473789,0.0275364810446056,0.7282798577331047,13.93201577777757,0.4265703311468677,113.77072723748212,14072259159.530828,0.0011556478808743
0.8212363452181919,0.0560860939371313,7.405999162246051,0.0945438445781461,3.3034673259283904,3.603374119915237,0.3379832101703982,121.23585982255604,10517750948.503218,0.0007782457522048
3.846359675656898,0.0935185327596469,9.670773296769095,0.0544679178814321,5.439229979111949,8.769202910132012,0.4808535235468186,65.63190692292393,11653102872.428185,0.0009017280574347
4.672990038902544,0.0952564632153291,7.5521064209205155,0.0548158593766262,4.839453027749095,10.56238634350374,0.5434478398607246,79.19788381880457,13731561488.618134,0.0006956026520065
1.3686184255352087,0.0602437314047655,4.888564018277835,0.0861876889086394,1.701776542625526,2.8155581349958823,0.1028000473193917,124.42358917385188,12355390192.1301,0.0006540561773912
3.443332363119892,0.0900136159239907,3.265242087772162,0.0776179472640962,4.503987904552373,6.460630163462968,0.0399247782182985,86.6009757231044,14764766263.552118,0.0005836458950733
0.1800180886158595,0.0804688609025311,8.332884048579823,0.076840529106182,8.732855064263031,2.241052483242552,0.6578759761879175,119.92454562322402,13932439852.404243,0.0005837362160912
0.938300548458844,0.0540770188604027,6.297296005139144,0.077351701056999,1.0280066920963924,8.242211247528552,0.4007004288645324,127.79493638093004,11972797304.761272,0.0006436487991179
3.6424580186327935,0.0449350870653009,7.396246908023247,0.0681852048050003,6.463019874550292,7.957992636489685,0.265438566668071,111.8983307093886,14839529628.975277,0.000817824072662
2.080046540505629,0.0542618345909875,4.289914954409027,0.0292513949634265,3.915123472736383,8.518351231371712,0.5926643198350496,69.85620940656253,13292134826.390068,0.0006768015678157
4.664249225918805,0.0963634367115213,7.398556297015423,0.0547587229749492,4.564118016352074,11.254251735636638,0.5364152896790793,78.95071543164428,13937340606.550726,0.0007034298961319
3.744627231001703,0.0910522926893529,7.24558084235195,0.0612874158734312,8.201543215954517,4.739937278180208,0.5281547768558987,72.18114740749319,11409045148.763727,0.0006842024773895
1.784023904035459,0.0681325242969777,3.1561299462439094,0.0624564967179559,0.6312716366265662,8.245485891180223,0.2433794764884625,87.81963570277034,12626500736.64892,0.0008044521223871
1.111921329252642,0.0844363157773653,4.6365335126355935,0.0946734965322563,4.918037425433699,5.144753547544632,0.2873299664414966,90.56767028956948,13043735662.487822,0.0007685498894203
2.732158810046412,0.0986353831970452,1.103238970390445,0.0859286822471629,6.521469817805457,9.082754226727378,0.0147818467849362,94.20287774480153,14098486321.405972,0.0007625588875631
0.5807785771352999,0.052292143662203,9.481494986062035,0.0502149232320877,1.535962094112479,14.599513615260944,0.4620560927773111,118.47021353687906,9655118187.905985,0.0009802314292912
1.0890573243368584,0.0523793435347156,8.154322855555264,0.0653907217640594,4.57378994332003,4.700047841403016,0.7554643006509515,93.0534123760526,15185836051.570814,0.0007977627775347
1.0649411088889953,0.0719084781215209,4.897492707537605,0.0588206094727651,9.87330786355891,9.388454999598991,0.8043682306484293,126.585066621073,12266777870.556004,0.0005060257356736
3.0232891921941607,0.0776654583520292,1.371613829156192,0.0601400846425063,2.332077990570339,6.889828344312899,0.0784260479454281,122.8409938476566,11664150846.309624,0.0007171834624112
1.088458872051626,0.0195500773826606,3.2754010832689517,0.0467540048817769,3.879806475368492,1.4226871086214388,0.2295921463104753,127.89298102760208,11546948720.57336,0.0010804194748792
1.986131074572616,0.0879065423957526,7.486717501210457,0.0628186068114715,8.589498193388314,12.672261189329369,0.1229988135503376,64.30896519675785,10556376985.6031,0.0006931654272889
1.1008224225282854,0.0723280743325208,6.171787160748446,0.0815200019454426,0.4695789932451955,8.936290927818865,0.3727464552575725,60.60418744906045,14871793319.41678,0.0010735515889849
1.9098698028652188,0.0992107006360563,8.389316058017723,0.086795168072652,4.999443248210814,6.397522676986583,0.5063215297371761,64.7189559672381,10955590868.941433,0.0006046692996813
3.303107283132078,0.0935116382916215,6.476239757400715,0.0790653268186716,5.229904527210628,11.471310579308684,0.498808769218917,88.88207607265116,10621204322.885736,0.0007832844820781
3.720251849515377,0.0581602382468826,4.400494393460755,0.0215476737424126,7.318926511002452,7.987000476886237,0.3579149976447996,73.48702331174732,13520280641.80851,0.0009684362698862
1.0844690804171315,0.0906171830714132,5.996940430074807,0.0834223715736823,7.796751539542598,4.804061215175532,0.6318536522164738,109.20554088570049,16177892282.474163,0.0005621430225493
3.068803005008111,0.0967811640488401,8.907513604730788,0.0894197071767508,4.991657246043783,1.3051118926822314,0.3176504821633522,73.35937906830863,13444592203.296276,0.0007199393899206
1.8206147442485263,0.08038879507121,2.909718018716564,0.0764867522969329,5.346590675243029,2.915903388054681,0.2622304688470394,121.11480646293305,13316358700.880404,0.0005301182500776
2.505440920038,0.089103802559553,7.222875123974531,0.0492256739695266,6.469615490747679,8.60761357502659,0.3965223603084403,84.33583264699121,12016977774.640663,0.001023605287211
0.7220529556483897,0.0494237867842428,3.3207730805755893,0.0393568758462335,3.913287746119191,14.420684365391857,0.3474667183811383,71.34032839910444,15638985073.49956,0.0006688430022389
0.1700385536855723,0.0983065311710721,3.1895853486014523,0.0915272279540043,1.9613469568905788,9.965486200898948,0.1626806157472551,129.8661716714447,10343635034.372684,0.0005158086268518
0.8772853039063117,0.0426108847225548,8.908428777202195,0.0462382186324831,5.771201695255691,3.135178147020529,0.5968302492385621,94.12427860899636,14709503456.689749,0.0005039875315699
4.356134960381613,0.0410006481294342,5.120997150383582,0.0508709072677637,2.587896540050356,1.973142757205659,0.4000499432966927,99.31974473048577,13459384807.038189,0.0013893654450675
1.6424751303761331,0.0846940780607683,1.05181361923297,0.0216309068529111,0.6979876367045941,9.73875530842632,0.4044766900867974,107.45304210750898,13650668574.100426,0.0005470229959465
0.6065768716783109,0.0730022815834405,1.3146145299200556,0.0677332749276382,1.14476361415443,8.551376186762088,0.0574195263291754,127.82047363905404,13200033497.571882,0.0007534052680406
4.694044589997463,0.0504914915723969,7.812939509182603,0.0511963831761985,7.686438035027115,17.66038300726151,0.4178581141001586,118.87410389683768,13683235593.789822,0.0014752787969432
0.990188717557688,0.0355888370839294,9.832417865398863,0.0982889135904163,2.8666291788289664,3.855547797865358,0.2764214416097558,125.23086039255588,12069440481.759228,0.0006756548648133
3.197203187118779,0.0936612296799047,5.806131640157225,0.0944330693644879,8.39563120811604,5.290348322119568,0.3066611669008163,121.75028409804656,19345570334.970043,0.0007951585029074
0.3173099539374359,0.0980554756361022,5.487067400974328,0.0896834308013057,6.9737257346361705,10.433147142288886,0.3547061211089637,120.48302856268784,13801095196.159843,0.000595789298227
1.472444072070791,0.085534311019176,5.732955229849467,0.0870231988017414,5.874471324368069,3.00950575899148,0.0810473791831835,115.05054137957246,12747590379.209677,0.0007668870300882
0.696492053481902,0.0630848388482838,5.302348521186436,0.0984016373632072,1.6322352846692212,19.524462622369143,0.8189804978234156,118.76321161916836,9968546621.365692,0.0008509676493015
0.7597792312970476,0.0607357186215754,6.225652511581995,0.0965354781906895,8.447248886448389,3.8284858542562006,0.5346835033412823,119.8395530393968,10868441621.64958,0.0005632577986638
2.986082078722227,0.0629933348258399,9.921607011260596,0.0272078853619236,9.41056261679324,12.442582932542235,0.6410995974457054,120.95584216591384,11198066618.571306,0.0007171808990951
4.943593711066883,0.0991385072309856,9.412822436788987,0.0507954492198227,7.86805098067947,12.038677692607802,0.6474636718234391,88.99153158261625,11545659157.403831,0.001003532419152
0.7540343067624403,0.0590785667857585,8.20449609131076,0.0411752425048811,8.539630979487601,7.137996535376315,0.4000078513233434,95.34463221129404,12909433923.744564,0.0006206051207416
1.1579871013136571,0.0905582144767379,5.846460943056605,0.06393784122847,8.730051226368921,3.628383947527512,0.39556655934787,115.14356553751963,15471728778.357475,0.0006670234848079
3.454509419427773,0.0558569572623442,2.765288195481188,0.0433692120051777,1.4810350741746547,8.594190738649832,0.1250736894429993,106.57456398150264,9673506211.131607,0.0009089924404294
0.157716601949218,0.0811900930151992,7.036084142568924,0.0875222038848465,9.151524114817404,8.205058212136109,0.7540613133191628,123.5470519915557,10989397594.692797,0.0006340562635971
4.181187316635261,0.042450652281947,4.20333894487015,0.0377341213517845,0.7339762147220891,11.20208327876923,0.7396603285832228,106.33880488311672,17486307161.3551,0.0011768357669148
4.81674280894805,0.0549290349719267,6.897816615629386,0.0555487607087413,4.004285967928068,4.55396048501616,0.3444867809154014,90.73188325281473,14796449414.909262,0.0013589972895464
1.912233764522676,0.0724105106298525,2.321277237768117,0.0904004261215048,1.4279432373770924,7.796256482569368,0.0416420808904429,80.12378766347288,9845516973.976965,0.000846578849326
1.6236640968889449,0.0822459456665752,7.018894269871724,0.0938007773551088,7.598327041957994,7.86066032310995,0.5777153675553482,112.23892489996504,14798603252.283815,0.0006175379455103
4.204811102290122,0.032340736156799,0.3979929942559493,0.0230602534055616,3.5262668624044187,14.779107180074313,0.795293135683584,76.34157274695364,19758986124.529583,0.0005802483904638
1.8311868035083645,0.0488235190315523,8.060155138806783,0.0618118826077848,4.798181860872748,8.871465543607982,0.6487730850540078,65.31567824414624,11042498537.488297,0.0008093332205987
1.1381054277450633,0.0897248581103531,5.934848935337498,0.0837510273345914,7.7092683384629215,4.6750535395759805,0.6278898906941075,106.5026741721136,16129205941.017874,0.0005829053462797
3.0375230847242216,0.0932358409854339,2.2179685174108523,0.0863479964289299,8.385718975277262,11.387956703087823,0.0300009045671742,87.80476270893715,11451538999.02286,0.0007552370124391
3.499233801906449,0.0777478406199065,8.690327923556143,0.0805050552650528,8.929179124803078,3.4969970683000504,0.6446477603354043,71.18794771108966,14310604370.210598,0.0006319119548009
3.238683853018868,0.0900519573995328,4.202081322506397,0.0748808271940779,6.075163542574954,11.305406536890311,0.4358616536996575,76.41753863589683,12341913957.814243,0.0009642940813756
0.157716601949218,0.0811900930151992,7.036084142568924,0.0875222038848465,9.151524114817404,8.205058212136109,0.7540613133191628,123.5470519915557,10989397594.692797,0.0006340562635971
0.6845003145803907,0.0449087370806655,8.753513204549837,0.0697109900995938,7.197463958663415,5.838076027636783,0.214648748212729,103.92434484291611,19100733081.28248,0.0009883200378286
0.2216930608069602,0.066962996571281,4.368693161142623,0.0642678819807924,5.226573125649979,11.048818901242598,0.3312003949977077,99.64629891697456,14632342217.793312,0.0006601674603249
0.2632080263384945,0.099472843480142,5.081280319719587,0.0904132936420799,4.7611705716384245,7.6670224502765,0.3128648292373081,119.10229388489388,15468095205.586246,0.0006273488161829
0.614608091585261,0.097949412490968,6.364490068838762,0.0682606697090142,8.208967344387313,4.603012532060748,0.1751762448320711,115.84531393942338,14648721863.58966,0.000571554670126
2.5294589620330625,0.0395831775600087,2.555434757873612,0.0389807354493482,2.7795864160025423,12.43677872460676,0.1140091595066561,129.7538380705459,19097827544.858814,0.000898418357488
1.9617980453046533,0.0943036108001626,8.42834090346896,0.0969006208226862,9.491559835126347,7.222663595215058,0.5509737904067712,114.43059286320386,17596412177.85823,0.0007514111215465
1.161213282132174,0.0746320002702098,9.775484976262725,0.0522575014162634,1.1048415804638,14.988100831397643,0.6611648655319493,100.03381509490842,9920824642.555937,0.0011234938619879
2.603084442599313,0.0535378254762407,5.96729822555696,0.0940326403768481,3.788314239934345,16.95456275002353,0.6058296719795724,115.12252467360626,12142154063.50302,0.0010593732748711
0.2265815567393555,0.0514576920931907,5.124080291343296,0.048824280882841,2.016069866412068,10.945041972304324,0.4477349773963817,61.78376734095608,11349257587.154297,0.0005367646687632
0.3853723440562937,0.0696869892261548,5.618327303613447,0.0824925113474588,2.9512228426636065,5.699406039510038,0.4038104485230667,108.49108795984674,13919317232.138391,0.0007299651985774
0.213697503396799,0.0484307784861164,5.028470828771119,0.0547403518651119,5.282555676107555,2.98905002915867,0.1397914684055485,105.13673313075608,11370325891.919952,0.0008868814562549
0.7971257045383248,0.055352216616344,9.555693389816524,0.0515007735756893,0.9622492825898808,15.310947800249991,0.6208643678249255,123.02844437767308,9773059393.480127,0.0009235419597883
4.668268839622386,0.0953964110837357,7.456335394128578,0.054676400962495,4.865610278725029,11.004097823489657,0.5364042162075617,78.91513711978637,13917217572.508324,0.0006979888330907
4.401890440219852,0.0991035051690444,9.021944398408426,0.0581556368501796,8.143676646859568,5.180916278612562,0.7365176829040321,60.4829111887893,11310704825.715227,0.0005242797996226
1.169561177144211,0.0902630864424173,6.078561817784036,0.0878459938064658,1.2050428693787587,5.926086880709747,0.198772333451269,60.32150856734278,14831635051.905846,0.0011359827638171
4.514268562854643,0.078722527936577,6.404593626876429,0.0748378139469762,9.907587884131528,6.181088777878555,0.5240360485643356,67.55880129832723,16828046268.023449,0.0007455900261321
0.1844129859710345,0.0647015262886647,5.1911820708037295,0.0989719945570504,0.2532827995603232,6.020373199373165,0.548311627404768,95.91444759950546,14384667223.35948,0.0007030315071316
2.080046540505629,0.0542618345909875,4.289914954409027,0.0292513949634265,3.915123472736383,8.518351231371712,0.5926643198350496,69.85620940656253,13292134826.390068,0.0006768015678157
1.6582133122161158,0.0572851367167643,3.1475473149599043,0.0201169265929003,5.316496300653575,1.5124622388298106,0.2764911616938849,98.01928495685348,14839946625.271404,0.0008266706249521
0.3419207668820924,0.0625484216985254,0.8479160646007732,0.0483202134625765,0.4295971349401045,7.267805914714763,0.0817667394117987,110.8649655138385,19892340625.727657,0.0009091833574797
2.401067662294834,0.0372876221586064,9.153271307686111,0.0890189422413243,5.281688803625828,6.1861874754329005,0.6368024088458889,103.24597868443922,15821098987.2057,0.0008421265021611
1.4820531297972266,0.0983992249927473,3.9846108367208535,0.031946970698899,9.12430561970194,1.64220431696332,0.1102194610624965,125.25230326507057,14304040288.57956,0.0007692290384829
0.660657091141573,0.0858550724228558,6.104414786993045,0.0986647048270171,6.4447704303937705,3.3615017785757324,0.3570224697551297,121.23616997479236,12952618420.996798,0.000510166700998
4.164315066203484,0.0533544320159538,8.18913385915311,0.0599789136876803,8.483759704869245,7.540439474339667,0.8046611597095072,85.07935264621939,14108535557.681429,0.0005254376710765
2.9194443053218717,0.0446818395757958,4.927818664640559,0.0440429669019436,8.013226046068539,18.061999961569487,0.2199776581587794,75.4027487187493,10054120335.175016,0.0007598933260344
4.306397896136938,0.0970534740360069,7.368932037481945,0.0723596581563587,6.322195753087396,4.726448423516519,0.5341747465128854,65.66353298719383,11936512787.120129,0.0005779745254078
4.575170804924232,0.0812803867837473,7.114100433582055,0.0060290694306525,9.4463986976654,9.347838894497125,0.7278962047814114,105.62538748018154,18496400502.06136,0.0
3.3801168631500063,0.057325908416607,1.8411332842319117,0.0297269736369935,5.3533754577907375,2.158510568280696,0.1588598244963562,113.21786127254995,16122537793.648006,0.0009294220126298
4.4230297219990415,0.0791147515273076,6.921715570108944,0.0509635803224628,9.409641444227276,7.121784885744399,0.7737509189820853,110.64631195000298,10304687568.430342,0.001244792810515
1.0478962026994525,0.056694010574283,2.319497960386274,0.0969504360294775,7.624517834872174,3.870067673394946,0.2007134551826997,86.90928437975143,18381378855.42,0.0007109544058684
0.6129015845491478,0.0789137229347698,5.418826738378384,0.0803776986338601,0.802279675745508,8.412452819554918,0.0176943698701321,72.1955647616148,18937980430.978645,0.0006270735993894
1.863632779741089,0.0606250722829064,5.206982071284221,0.0579078153591268,5.004932556501836,18.78548280054359,0.2774336935451943,67.63426611722068,16100857608.864582,0.0006320444530725
4.096098748352601,0.0717785889611383,8.757185161908595,0.0407955903667345,7.842624004821218,1.1055412222151446,0.6585667748578086,67.24394004657192,18908109373.61114,0.0006881043062542
1.0154744966907687,0.0911933984439812,5.968331565007522,0.0841042175267671,7.788255346671359,4.888748756216495,0.6397920542184813,108.74096928828064,16172385776.668297,0.0005708035982751
1.382944441814262,0.0665388729368542,3.630305813717588,0.0440026367107108,4.551036410307017,17.493683020106904,0.437655484168717,64.07681494578307,15646634415.976154,0.0005780805528156
0.2171090790183545,0.0724174923132667,2.2051574309907105,0.0854093241828005,5.126804802321539,7.36185957752237,0.790506584268281,124.549930617622,16382332434.876942,0.0006470629938644
4.500509981458894,0.0551271274873158,6.406590085451123,0.0400098020873934,4.310285993459241,9.867059276213288,0.6251791578884136,69.31974798290459,12814540152.203531,0.0012512364156755
1.1834251111112857,0.0952990346128142,1.863860297522441,0.0090828468349472,1.881616129600159,14.059131933831017,0.7351032687492152,73.81695786078393,18193029413.379044,0.0
0.7522413984729205,0.0599343153203905,8.615881624687745,0.0696658411768629,4.599251690403189,5.329253690300542,0.0176371549752177,116.8004032212958,12149383152.311213,0.0007823343417641
3.764790358763981,0.041879584259502,4.750953103404901,0.0235742925522953,1.7765895614488714,11.130382645499925,0.5048770104043565,71.28431072230453,15603843596.221436,0.0007442701112536
3.9290079829274474,0.0255775664393899,9.84827633165823,0.099932091792988,6.6909476635358445,10.275193406911528,0.6237626809432308,116.75955567930224,13935708563.326874,0.0006023070361887
0.7175667049395704,0.0360214982603607,6.239213029405242,0.0968551878807634,1.177141530098153,4.844975481766584,0.516284584626534,112.03827119841048,9229171578.474422,0.0008019129199408
3.5564448756258287,0.0522383524537995,7.37141529698256,0.0781304415321966,7.207058276901002,7.644390329117241,0.035081510346393,91.23070009233668,14134724243.27769,0.0005305540670971
3.774052241654589,0.0990461191917397,9.835728842177764,0.0141659999919313,9.732757128873072,15.469492833370394,0.8296787013844704,69.18669926123968,11863684076.009794,0.0
2.896845491382153,0.0733538340246137,1.253515179152816,0.0957732293841568,7.834680935759144,3.3410723073937825,0.3158325388456814,127.88854155607766,11828013068.200705,0.0006145928768903
2.805708696914523,0.0728455560718307,9.681344877024056,0.0420627952312229,3.9969211065725383,16.403806482025328,0.1285661459221904,108.02509650825156,10060799956.966837,0.0006417302392942
0.6460236784787504,0.0979481970721421,1.2505105202489897,0.0612634542686272,9.16503304533307,3.9326150035641816,0.168538579890801,98.2362134962095,16395772133.529036,0.0005022074456896
4.262262645373623,0.0464472790502727,9.759240902676869,0.0286503196312636,6.576141318401573,7.730576924756835,0.6223205559550418,66.17536648125103,9786179211.336891,0.0009630668930886
4.81674280894805,0.0549290349719267,6.897816615629386,0.0555487607087413,4.004285967928068,4.55396048501616,0.3444867809154014,90.73188325281473,14796449414.909262,0.0013589972895464
1.6618079528966336,0.0613484103075178,7.972562737745664,0.0270622093533753,5.768384948231957,3.974375193529936,0.2458769984716659,88.32980164655946,10499434324.0703,0.0013278807263115
4.514268562854643,0.078722527936577,6.404593626876429,0.0748378139469762,9.907587884131528,6.181088777878555,0.5240360485643356,67.55880129832723,16828046268.023449,0.0007455900261321
1.0722029762094436,0.049248561280208,2.929181737450252,0.0929119854844473,4.563928537585994,2.434715556967884,0.140970738972576,93.78349116346668,15097548253.207098,0.0005604256120147
2.3663115655598075,0.0578721826253135,9.772555905911524,0.0284333424939388,6.515903119355202,9.425621010286903,0.807871307499824,119.59346475566542,9564017242.538742,0.0010547577213901
0.4773454868023677,0.0620914346082604,7.04240354213781,0.0414544594751553,8.106429374308004,10.485324378972738,0.6982493838192473,106.31656082885446,16798955461.079117,0.0005675362093867
4.451101012123068,0.0929765029845127,9.426253021533926,0.0652558311374357,7.420690951398427,10.350309549175048,0.7266279515212303,65.63161905108696,10971934757.43203,0.0006851751443582
4.0990909108307445,0.0808151359983235,7.431298412678165,0.0576898276376152,9.730225670653654,8.3382555296038,0.8072375895063997,95.61583580121544,9276050613.81129,0.0012035253890617
1.0803090501469772,0.0448989319296573,4.748325948733283,0.0233897965561121,1.205577853592043,9.525111896897856,0.574134852607374,107.4621615651236,11326803068.50924,0.0008787010978918
1.5785140071637005,0.0881289249859156,3.5985432643704605,0.0382718101848759,3.400612754160752,9.64671535550215,0.3123689441269598,62.21564411549841,17739079749.228584,0.0007813146597527
1.5355494831688654,0.0880950325062242,4.003235291021729,0.0656855780064496,1.4241827076254276,11.378008727659989,0.6954085324655216,95.15740627260736,19762764389.994488,0.0009580224456462
2.641362492761972,0.0875147172235422,3.273145582680791,0.0472789772356079,8.81058609120746,9.340228619762016,0.4763421928072666,111.2012894238628,10295481182.863138,0.0005006198218641
1.3163640407683157,0.0645843823430614,2.3409644274711177,0.0524508999451253,5.248556019431474,7.083590981172573,0.6584984335683493,87.32136668288187,18150420362.32849,0.0008856020868891
0.7256958165438355,0.0460075281507502,7.963189760946243,0.0809591857098949,2.941709990290489,9.869887871780769,0.5111995984566903,106.66549892047284,10525487144.696146,0.0007641597042362
0.4541458218689589,0.0650325657238819,6.206841268293148,0.0872800441434124,3.5291391381288677,3.105575336162014,0.2068741113209099,116.17636640450912,11278705199.839771,0.0006985793711533
4.062808427587381,0.0501306233949715,2.070749099425518,0.0659441983812633,0.2389139972934431,6.721946927588316,0.0768185280025666,127.3738161250911,9180865186.735998,0.0006385002917363
1.0075412202769412,0.0757106637057279,5.58078860299205,0.0828998016165723,6.318333619106182,4.223276665486465,0.3507943807831433,94.92230888363474,14672670443.542503,0.0006820627246422
3.972024366494528,0.0779574123253013,9.013900074650806,0.0209268188661295,4.020660049489312,1.0610279333535275,0.6745436798385362,73.97103044823682,19891887013.86027,0.0008798530873591
4.511809722843463,0.0923717955918693,7.753684024681336,0.0804595164246741,3.521711250904991,8.868918150280143,0.180047807254186,75.4391034992393,14011976631.845867,0.0005268579310161
1.148599754625541,0.0898275082337224,5.913801630365402,0.0837365385998659,7.710100474954213,4.705361511062033,0.6279639763006036,106.42375995415942,16131886961.382652,0.0005828845924631
3.3997366286580584,0.0874070935893757,8.137198720523067,0.0495285842065224,6.733894318794666,10.516018457936992,0.3431791076966275,67.25181465064327,10106458008.165874,0.0008686472895251
2.045493521563869,0.0674806394288377,2.725509915996801,0.0503884228228039,2.693980815065632,11.804940043542018,0.102342507726861,102.42941398288438,16885098072.256372,0.0008401631836034
2.5294589620330625,0.0395831775600087,2.555434757873612,0.0389807354493482,2.7795864160025423,12.43677872460676,0.1140091595066561,129.7538380705459,19097827544.858814,0.000898418357488
0.4669116052598466,0.0662688278398297,6.14256674778124,0.0893027658117775,3.584412282230128,2.764851272541175,0.2080639806267388,116.3597572777024,11249290712.017427,0.0006978876300581
2.698155363939938,0.0882600633962994,5.248103620978001,0.0975212227700567,3.712533975398528,1.9811779595795056,0.0742707220853577,103.13269772615251,14571658200.93712,0.0005526010067443
3.3270014431727235,0.0950994776788145,8.17938282890616,0.085082976879157,4.663822910932735,8.129581898664867,0.0813214332519355,68.1410902181387,10614202922.15492,0.0007065171486079
2.687532820932832,0.0551089935010154,5.877064116483104,0.0949219186604733,3.4986977831883075,16.794262897669658,0.5981208775436335,114.02160062318092,12052818569.873024,0.0010347798101422
4.136392281015295,0.0904130888336045,8.962991048592572,0.0773379200953762,6.748794323813718,1.8700883814217448,0.4656665707768951,82.79689482755333,13566219724.552883,0.000862137013775
4.51184415190215,0.0632152714474757,8.420633958629443,0.0078835630466126,2.12107067168587,8.316253324167551,0.7851294148773225,64.46442726495738,17509297723.562984,0.0
0.6340026622696284,0.0993290178484205,7.710152297836045,0.080423405468976,1.159229270701266,7.440340433271949,0.2848166958905415,101.72865135329714,13926662487.723372,0.00101896900156
1.0771616734223608,0.090318120326657,4.030480603674726,0.0812042410110686,9.975025816935387,4.999972378856257,0.5318480128251325,110.8643117141541,15108545268.121605,0.0006221680351216
0.4586914606067946,0.0221201280893164,5.912925543737272,0.0227048150595634,2.116072906244488,9.35598461899542,0.0724257108409258,65.2698705013691,13253000899.833223,0.000527018410685
1.020601764608884,0.0613333521530023,7.356306498317814,0.0871403149281856,4.347436635983859,5.090298328258597,0.3239929361336723,100.39609841567342,12509235321.658377,0.0008177370908368
1.6104187987493714,0.0560596456558271,5.056555832133743,0.0682240362712017,9.341301616051927,1.5428993910969682,0.273439696225247,89.33330519572179,11226283135.570492,0.0008753218636906
0.6631860525530004,0.0483083690607969,3.3101619744937905,0.0392917066724566,4.056126220129895,14.644970467011207,0.3419331166479433,70.91601715045775,15429037139.092876,0.0006718443840151
3.638924570390983,0.0705941110743941,6.383809851616397,0.0283212993331187,8.886565609325562,1.2780586713372395,0.6241874276201538,67.28458515855311,17765436530.208035,0.0006818443920634
0.611009238645856,0.063024426072142,5.453737396387375,0.0651663413842514,0.8145885053380739,5.623095962054135,0.101029686671335,73.84790681701698,19226962867.794083,0.0006777851227393
1.389923090834801,0.0779051823455818,9.387547185975324,0.0730280148313159,7.342213404046187,7.852169182445693,0.4026105946880721,81.93892907758915,17043983076.680258,0.0009387993851778
4.0356313662497305,0.0603394530314259,1.8318073400406567,0.0650426569330193,0.1710970965030029,6.366998390037727,0.0567586973881301,125.23820434664644,9239423187.268782,0.000685719363464
4.485760502881923,0.0908967065314547,9.457912720389311,0.0861973304784004,4.480996706947454,6.94845608114094,0.5119190895322496,102.81541549887268,12989529257.02282,0.0005730182527587
1.164911017808797,0.0316057780170904,5.914677370919622,0.0397812460291353,5.10309290678899,14.485601856006523,0.5239926744608285,97.42464142388306,14420586387.165874,0.0006468642547209
1.1496284554361071,0.0934926574572793,8.317088338101488,0.0881880883821495,7.28403282888118,2.9049922243475024,0.8304733605733873,124.22711861605998,13983609935.447132,0.0006890079871898
1.569478840856421,0.0966823680414599,4.1868798221208205,0.0814100004995193,7.3906512691842,5.670623348653292,0.6041462110710591,122.1960208587535,13328562356.576763,0.0006857056632113
2.534045381101376,0.0697029777724815,9.856809957930196,0.0584598252343002,5.10946369695126,8.359483759820593,0.7980485644714455,102.3490171725513,9906462102.913645,0.0007400507039314
3.648812969017592,0.062521611705967,3.590914899379838,0.06307732006581,9.887554745103069,6.812509631289396,0.7821260720245523,113.10438117270893,9569645449.234035,0.0007034919687863
1.0534950925254016,0.0893383620400979,5.774863346153075,0.0850655276543956,7.515249174799588,4.805587600094088,0.628948398194332,106.3217726685259,16243811615.623907,0.0005832402670594
3.993787101000084,0.0965592838428058,9.348862341158046,0.0891006959081832,8.041121366725527,6.100573000003762,0.6710631035193562,70.96477245688337,11904138945.485453,0.0011550509047323
4.780075576579751,0.0686746591582795,4.703802378192561,0.0288838911575944,2.67504239315377,8.274969015564546,0.1340079825162979,110.26014861530174,13192403937.493694,0.0008187789063734
0.6354938530301352,0.0859707216465338,3.169879242210756,0.0689793834978363,5.860200861907347,3.369274652034488,0.0259345272418302,105.08814206180745,13511620105.199093,0.000556353484238
1.667213784515927,0.0889727935409017,8.842914831287493,0.0902721274244443,4.710064160245482,5.774280095259988,0.1312083549065174,78.12938844623191,9307281747.399555,0.0005954978824113
4.084032803358223,0.0810041181389162,7.173395730295233,0.0588942929177669,9.680923761862038,8.44801950502377,0.7960850566925833,95.40440516661606,9203468876.61381,0.0011974654655988
2.315837972963161,0.0210856544904835,7.296288047517718,0.0508657193302458,3.8309453668869726,7.066507668653287,0.2559596703892587,86.71921146141452,13989520659.236042,0.0010843904639026
0.7638441697560465,0.0756215826850113,1.245676459918467,0.0879377128473918,2.2308844324393857,5.739497781516135,0.2426143428221141,110.49900700687832,13394709473.418455,0.000749755912291
0.1276851423993079,0.0903481739386577,6.163338246028973,0.0837875056166141,7.70711081049146,7.076148885232613,0.238591395048311,116.00887176710673,13821542205.28625,0.0007534874370613
2.8342495768007905,0.0759607769218667,9.973419176582013,0.0947641087348476,9.490801808259832,1.544609578807535,0.7578623196330888,71.85126552630848,16182872476.46326,0.000735430736243
2.629567492389539,0.0815483733146971,7.294645335266479,0.0553275218892823,1.1084181953070933,12.9867053133041,0.6783396499178569,78.4038471084048,11879187417.08614,0.0011925250912211
0.7382728394288786,0.0415849828184219,7.810706383346526,0.0452002791423095,6.497988209625888,4.602834967171393,0.3064106227070888,100.4073110385202,14744093150.487425,0.0005158579335149
3.0778363851339825,0.0737847422718262,6.809713154753504,0.0362319214408369,8.885807406703433,7.466437698373358,0.5132936337793973,106.2448122447295,14073933716.430798,0.0014145391083058
0.3919442868149363,0.0184681042692866,9.0963458551155,0.0995704033066438,6.621610799417734,8.457085913127685,0.5139687402312183,115.68848301230376,11939510507.677504,0.0005422710752991
1.4977609162173608,0.0823207456482364,4.979307269048644,0.0855580409018788,7.648725411948211,8.072000352060751,0.3732575557260204,97.89710805371392,13964893335.379433,0.0005333562020294
0.840130548696631,0.0758457596442293,4.364658766746624,0.06164485703079,6.914822116262063,10.18732512023363,0.4023985243998311,97.33816349907649,12753086749.20383,0.0008348462702176
3.402150967081768,0.0874724299063066,8.148863685104756,0.0495965471446951,6.719017990836679,10.533403570837558,0.341877096895523,67.28486075217285,10088383288.980766,0.0008695417688524
1.6491076344535356,0.0411454382849206,6.63679632473595,0.0143971457817016,3.540407739659297,1.348473900907461,0.1318622868294972,71.92290729215041,15382285399.843912,0.0
1.2012136207792343,0.0948600124325986,7.626044251274176,0.09533149492476,4.605221134311942,3.2743612419093875,0.3158717682288315,78.96320130550511,10189950038.83067,0.0011278210537682
3.937088115155892,0.0824667915236282,9.972387959361754,0.0615267735599001,9.36806348781768,2.635030243398385,0.0410897808306784,72.4468377852561,11547050032.504875,0.0008013431992333
0.9524727303926388,0.0392165420925132,8.97535388700752,0.0850515229336068,6.580275039086447,6.401122797605802,0.1361391347231179,125.99952458398624,13513970899.308825,0.0005309112865633
0.9765322886477966,0.0779715129368692,5.153268642625206,0.0370524344565579,8.28428924758122,9.470086658833976,0.1055892671833202,106.8295112160015,13968577141.046455,0.0007520267398083
0.8545514479384618,0.0336429780972085,6.262655078909657,0.0334807781171087,0.9656802728154564,9.545950630217195,0.1425687814157661,60.45868233847611,18335519131.64081,0.000753227823334
0.7155280443667698,0.0856092785803335,4.646385495641482,0.0873247665532223,4.961892381141969,11.314755274534807,0.6824376495768405,123.0569530080411,10030366560.461708,0.0006036911027172
1.3459443237231437,0.0944057353671767,5.949228535104092,0.084318887915156,9.58042643334834,4.103525909251253,0.6115920048704427,101.51957323661271,16571806218.509626,0.000545471471186
0.3847337364509444,0.0696936221903066,5.619201777493694,0.0824904328592887,2.951470845732786,5.699755892697385,0.4038247114045512,108.49078145472735,13917815013.939089,0.0007301258674713
4.000785787560632,0.0804893885407174,6.690040440278814,0.0672177176819698,7.633291859976937,1.2165519317954652,0.3275366818957577,83.24422462615061,9612052164.612646,0.0009368636494663
2.1197715876098715,0.0736252744420348,6.576059767739609,0.030765734406493,8.959889833048436,3.28665830309048,0.421330096565515,100.17765524915916,9707275462.797112,0.0007141943072034
4.820969049900019,0.0366222025850628,9.146604539560272,0.0247699867244358,7.890763034255247,9.56296279631376,0.7178172224662075,69.72894494604255,10068995142.409172,0.0009560724764332
2.6797388505823627,0.0684473279792911,5.418043893265904,0.0500857707812263,4.183598013636337,12.98678533205558,0.3710982363604683,95.50830791180135,19633050373.577824,0.0008882608202638
4.286583633326685,0.0450913150030977,8.831920180746053,0.048029789276545,0.8518538858013751,14.865434563724287,0.8281804184219869,82.87876326078784,12676297075.824097,0.0012654707822819
4.557363612703728,0.0239102191106643,1.553601301672914,0.0187798524302193,6.952180325540148,18.947005003274334,0.7607113403955283,60.34963234629634,19074604455.231888,0.0008463674833858
2.130330999748641,0.0736722258942683,6.681195167909468,0.0288416973066436,8.665424743347446,3.174568674010121,0.4116176116558005,99.5354541387636,9670042742.947927,0.0007164169119066
2.245609891731079,0.0899667065875094,6.092604450196482,0.0299040829457478,6.070007213262605,6.090119097325291,0.4800397952723216,63.242014172723614,13216860899.031044,0.0008689591993817
0.3599997506280721,0.0581979399179537,7.288636650554951,0.0951401469475021,4.394820444503769,3.710241857626354,0.25513638699232,117.88329018365914,10194553567.977713,0.000776878837861
2.733156111976192,0.0986329528280797,1.102694678203285,0.0859418009581682,6.521848905323328,9.081457168369074,0.0148107481001509,94.2122169770978,14098242405.667393,0.0007624935418597
0.722449537199696,0.0460351436065105,7.958880475062518,0.0809554043917824,2.9407261883999896,9.865941372130209,0.5109224172425463,106.68186410173162,10524800442.365854,0.0007638404931696
4.398414913279838,0.0936450428876978,8.968834868436097,0.0312187247061128,9.720580777266632,14.200231069649648,0.6562324847640525,64.10611131653901,10435322054.568651,0.0009082448066075
1.0744827673598587,0.0904049597675664,4.014027382869143,0.0810151987046679,9.98289658372757,4.965900390415712,0.5288770779494524,110.86541103943422,15159161814.83806,0.0006232495723032
0.2880200224943329,0.0979057638082292,5.573346302007975,0.0880603841893036,6.737650002687567,10.504709128047423,0.3457935126555699,118.9844119572408,13587475917.512316,0.0006014974593203
0.9976752422690156,0.0910422579654355,5.992180958555747,0.0840987526296737,7.7947226281926785,4.776782490265365,0.6388223232139623,109.11230172806552,16152434958.951723,0.0005691516959255
3.8660397122548726,0.0550119397297876,8.171299083264048,0.0280548416231722,8.481009615565515,10.979969891845585,0.7108989933674428,107.66272280274482,10833193406.518345,0.0007793880770529
0.6914127149501013,0.0286569487881483,9.308728613363437,0.0113991382220817,8.240153390497275,10.244563787935885,0.7557655587101744,103.59003703135816,19546920210.85704,0.0
4.578136456593704,0.0852773421733034,8.757694946256851,0.0716715695614565,8.221801023381351,7.809935296985545,0.5031635036945711,92.8688402500441,11268382979.17404,0.0010337447403866
0.2171090790183545,0.0724174923132667,2.2051574309907105,0.0854093241828005,5.126804802321539,7.36185957752237,0.790506584268281,124.549930617622,16382332434.876942,0.0006470629938644
3.851802621078355,0.0754515651694795,6.387622111413522,0.0774983720906997,9.651271791112135,6.202699990252614,0.4975089778688469,73.41170955897385,17388495633.539394,0.0007626355630252
0.7876403399425574,0.0455160770847564,9.290773422877889,0.0709960786750259,5.379075647237285,9.052895558698648,0.6324334320390993,115.24783900042534,14614452888.0507,0.0006493907104048
0.3461584922095458,0.059580870065187,6.7315052203890575,0.0940570551402522,4.83861710183246,2.9490273036012056,0.2144365456433695,118.15456034911844,10402913604.075476,0.0007825948096963
3.622154314101941,0.0766980755031108,2.731086042888608,0.0697426826167788,9.138104641825024,11.022346632740938,0.4266276727002844,79.04916420783877,11239002554.94066,0.0007231184429575
1.2747750668529485,0.0995008245868696,7.551559023077429,0.0325964870349394,8.001116758536325,8.662110202092855,0.7576511402644264,114.91020147357496,14152846703.358885,0.0005488698613848
2.59141080427521,0.0996277193318134,8.81111836149603,0.0990561687338508,5.059852217943849,1.258695932674628,0.0424645882285796,63.24547271260656,12474805738.61182,0.0005932014842641
2.8639867387891145,0.0492981103283313,6.07374623015393,0.0365698810495046,8.051020637502209,18.447292403741667,0.2220115288131626,85.28590237994138,9606871087.402449,0.0007306192480754
2.9194443053218717,0.0446818395757958,4.927818664640559,0.0440429669019436,8.013226046068539,18.061999961569487,0.2199776581587794,75.4027487187493,10054120335.175016,0.0007598933260344
3.482616897793531,0.0807321279984769,3.646989805510341,0.0841035387453639,5.921297203030941,2.638429135065101,0.4755970942090534,104.83074737403192,13274474705.747316,0.0009440701202636
2.016338162123813,0.0659870935080607,8.995204590070136,0.0836895468053485,7.192418487977113,1.3879610257747772,0.6712850138095919,123.3359475561477,14156801935.94802,0.000728442969426
0.6943223294070702,0.0763004412164753,6.926838287721267,0.0606160157526831,4.090976292897046,3.182352242736436,0.4089118199350062,114.02995423156366,10218719219.75884,0.0008478361165571
3.3270014431727235,0.0950994776788145,8.17938282890616,0.085082976879157,4.663822910932735,8.129581898664867,0.0813214332519355,68.1410902181387,10614202922.15492,0.0007065171486079
4.943593711066883,0.0991385072309856,9.412822436788987,0.0507954492198227,7.86805098067947,12.038677692607802,0.6474636718234391,88.99153158261625,11545659157.403831,0.001003532419152
3.2575922139718907,0.0656882340827614,9.914200297797082,0.0976875072192727,9.51324387255814,2.3845627670282714,0.7418899907093524,70.58972540860898,16883370393.4433,0.0005850020472758
3.670243324637844,0.0593170578223446,9.562392735292034,0.0688656090489018,7.7899069563144705,14.598717878595986,0.6345846066551089,124.37026858967832,13497550980.71844,0.0008440727218803
3.501058165288415,0.0809654706550919,3.657225819402462,0.0841445754841927,5.945832211690857,2.5713756866134108,0.4768993340855547,104.99883032608008,13307149897.38277,0.0009431713051248
2.779200820802851,0.0564218661292575,6.590105252135874,0.0865303005092518,9.44287448640585,1.9314943525446184,0.8449816770565565,127.90042396978204,13309181735.536491,0.0008028261091426
4.457059606573541,0.0877734621848188,4.976762587411132,0.0947407514509929,9.624570988791064,5.640862263609001,0.5961020157182277,73.18102131350217,17364854359.46573,0.0007480052073886
3.565749369524731,0.0662940996737034,5.221531554827725,0.057527257837682,7.549507068141047,8.841731677041313,0.1832502796321896,75.12263451818905,10125610161.909294,0.0007562902190938
3.6173791485229647,0.078985574114532,4.208992472289363,0.0545097375795333,8.648987585760823,11.55870835448661,0.369607981128128,127.1075964376067,9033479670.979809,0.0006585248201372
2.619221526368728,0.097093928597122,9.164403327706983,0.0790665244872793,5.028300677877305,10.106243886975518,0.471105666582952,61.88681717725923,12500745222.91671,0.0007743974032909
4.5558213999234205,0.0861410568940005,5.613929902746734,0.0913780441760426,7.445034131360245,7.45212830116781,0.6004908807897941,71.43019340756352,13426125597.793348,0.0006468795130329
2.537382262034616,0.0992084697712523,8.889131620523534,0.0988899227796321,5.169091275958947,1.4485094770196048,0.0402748107829623,62.64341144516716,12558604042.953075,0.0006053642919696
2.737105492469021,0.0779765266132924,6.763768103133144,0.0866491023315955,1.61480430344611,6.552900159442125,0.3155023065320184,85.68420737580519,9060104417.261978,0.0014924474396491
0.2693765554027629,0.0509487659109975,9.814931035056697,0.0331956939255376,9.12911353175197,10.376221533979782,0.6685290982041627,97.4840699426857,18247264773.39889,0.0007181160992462
1.510010740144102,0.0934259482499331,5.750657559510531,0.0813750395297021,8.078202727239507,4.687399925759077,0.5215033788891066,111.37737918184509,18884071164.301857,0.0005866968188653
0.3747136218299012,0.0441325914819461,5.089035824053208,0.03063849648337,5.730348528174456,17.048407325983934,0.3309445985745395,62.49552645473818,12122168526.318132,0.0005376969978986
4.883558411254505,0.0730444507862115,9.655857855945916,0.0504342813939953,8.047731842354587,5.195492730207493,0.6363710686769513,72.21833317172596,12375897631.502916,0.0011576786998577
0.6294027539384678,0.0551853512583864,8.052945420312001,0.085501820796733,4.257684581442298,4.17001219340707,0.3553289253715385,103.13844567381088,11936328420.431845,0.000597794530473
0.5405869386089922,0.0804054113092699,8.70858284251456,0.0727213235045515,2.261381265868797,2.8508274205039683,0.0894335582831565,82.52096381567686,9602946027.997398,0.0010456432143016
1.2813395101300504,0.0955637477543707,5.433590621338056,0.0669716282274816,8.586335395567708,6.236348958882302,0.4170832561784393,99.0142365222136,18124284700.5304,0.000584716695695
4.77130532176988,0.0901334570751843,7.041956803767362,0.065218675210763,5.559650057289545,4.21246133376109,0.7207376021122159,106.52628584881236,9713023788.396662,0.0008083091094634
1.1717890149857555,0.0954765274040808,5.386304950328473,0.0693887809734495,8.61831033573264,6.40222331361321,0.4093289262260889,98.87974301252513,17974869374.587612,0.000609524974707
0.3179079228842766,0.0497856230667584,8.251210980732457,0.0628628085542727,9.853669087732936,5.875598222594898,0.6626095151005779,88.55526667242549,17857054335.497093,0.0006329804349207
1.0649411088889953,0.0719084781215209,4.897492707537605,0.0588206094727651,9.87330786355891,9.388454999598991,0.8043682306484293,126.585066621073,12266777870.556004,0.0005060257356736
0.7061271242536122,0.08698569352445,4.349650948427289,0.0987012842287274,4.790041189340611,7.079107797783682,0.4478859467310433,124.57656220183826,9862280805.361437,0.0005044134106025
1.0723274994844865,0.0736529230247821,3.119207837134406,0.0621873662882844,8.89973463324816,2.3286200332628644,0.1798031573751519,92.2140616868586,15026039874.913612,0.0005189758991279
0.7184751638525172,0.0856049850484862,0.9266399502944096,0.0675906214202497,8.308262788315794,5.556169466459973,0.6713836680919175,127.79640671158776,10415389706.021715,0.0005041839071896
3.940865904149247,0.0781108575616837,8.962496320876824,0.0194662823617048,4.024938818049462,1.188497068628629,0.6645710247205275,75.44808819172577,19820341153.01408,0.0008772733503842
0.5138490735952872,0.0398584825371693,8.11455386654124,0.0828249538232834,3.1195631375340427,5.262323016452821,0.3882857826273673,112.71612497897031,10030796361.158178,0.0005664297124389
1.8130417060525297,0.0970758625931031,8.43153173374388,0.0733705141760558,9.472017665999326,7.827179861422138,0.4774634042076379,123.50610608745455,16143772780.05272,0.0006024166810674
4.982131088376694,0.0587920373323133,4.898908806313749,0.026685419573497,4.312757149960364,11.968824321167949,0.1255861762333132,107.32885160923506,12550683824.700253,0.000771393428704
1.6888254573523789,0.0471938543967999,6.074055265941985,0.0934556170796113,3.995288431790444,2.4277911674961907,0.523376724146208,72.6149343728735,13216056728.25896,0.0005133994739846
1.4073051430518115,0.0633938870992438,7.248920231384893,0.0638950753246545,0.8843350802196628,12.66269953345147,0.5579652869666177,89.88485219382798,11649516257.877407,0.0007712522050026
0.6829895445187176,0.0825937416435993,1.9935585675650944,0.0626009652695876,1.7606973216039976,11.537712136142224,0.0664610316443492,81.73480394285086,18035032880.270046,0.0007301639969982
2.806623801421633,0.0503761744906014,5.030139245295002,0.0508352807357335,3.552594804145284,7.175054598119624,0.5773806268599037,87.501031603604,17079987074.570616,0.001032515445706
3.462071430115857,0.0853621413838837,2.2203702288670786,0.0617259553759269,5.627194962339014,9.208200787096713,0.6065571619613187,85.07113388348313,12067667889.145924,0.0009716517553685
1.6526873792935377,0.0499088348474252,5.299994745264054,0.0396645701593818,1.4308238620325693,8.140576416185253,0.0428727548637261,87.25053013519485,19901163830.186096,0.0007643567080902
2.1983250336846027,0.0855204854663391,4.430771719695523,0.0085650859939174,7.577830326304975,5.634811009408935,0.771689113605403,64.17649361746874,19219258567.439587,0.0
0.3449017089008225,0.0595785092153542,6.733002670584543,0.0940285455645676,4.837581014114391,2.948898060781402,0.2143608630935601,118.14283116494003,10403201433.618586,0.0007823418625395
2.046896155010567,0.0650121147875774,8.766389081308349,0.0843019065467019,7.45617276676525,1.0910765686348187,0.6649013216825899,123.57534332043738,14143904116.355787,0.0007150763563012
0.8534542796993201,0.0572438745203846,9.99643812333167,0.0768823983247823,0.75090973204288,12.01088070757857,0.7880080889640713,75.44997661495883,14103745312.406462,0.0008136199809664
2.431283385306961,0.0802673328634713,7.463496025803805,0.0664814734744731,3.074087919138082,4.029321440795875,0.2188166785313863,81.4425668595207,14477714684.137056,0.0005590383431006
0.7498880930505883,0.0971482537861339,5.115069372266975,0.0702859085701849,9.956709096586904,3.019445982162014,0.4181095997615797,123.40050939938888,19856073552.423504,0.0005907925064172
3.447965295225566,0.0771609583379587,3.910971554562153,0.0158757164492504,7.265607260107965,11.143752224268098,0.6453344599996518,74.7395620204436,18431440878.450928,0.0
1.1219945514866256,0.0912104476803716,6.263594704699595,0.0924321084341963,4.613081428033918,5.671797941769645,0.4658807039494979,85.60334072799603,14148372012.34233,0.0007571152202785
1.5392684731165234,0.0356075475474915,8.615794445077913,0.03712679316082,0.4453210198500116,15.636013652930345,0.6675505958161211,122.20542138502188,12851278895.696964,0.0008702315864579
2.049140872348662,0.0913775936579229,4.670362322799486,0.0268680378992343,6.466740814708508,15.000377968497888,0.1394625059805818,74.45058028501738,11156009646.232449,0.0008435327048738
1.1945078044126,0.0835812772207477,5.168487625628177,0.0484109390046638,9.454813748674868,8.883724280172894,0.2474030051477197,106.9456781853412,14698621522.631,0.0007751191681398
1.755459619307905,0.0395177135468358,9.569508634551685,0.0988730736676841,8.676975568830166,3.766839655643377,0.6578050662578032,121.50051114526848,9602131187.174671,0.0005045639210473
3.713874391919329,0.0731827026991168,9.865010051763727,0.0091310870268329,3.148158560421321,4.759301423669524,0.4431658029079617,72.35299091082277,19887121364.71299,0.0
2.048217623256539,0.062298385590075,9.099055972996975,0.0846719686523628,7.317498793942794,1.0724272698947632,0.6594031927155647,124.53580846492616,14023481799.083008,0.0007022573182365
0.3826896299927789,0.0784173684957,3.1914624580481004,0.0506371669385913,3.619311877609152,11.883396836864874,0.250672490237607,117.93706982509926,15966462257.188225,0.0007323174369876
0.3599997506280721,0.0581979399179537,7.288636650554951,0.0951401469475021,4.394820444503769,3.710241857626354,0.25513638699232,117.88329018365914,10194553567.977713,0.000776878837861
1.572690031817892,0.0881231164697689,3.5845997077815785,0.0385205836487477,3.403956217037557,9.597819219815376,0.3103366495592109,62.24015428553713,17729848633.61045,0.0007801884489921
1.5460887772675147,0.0217243790369417,8.583415811678616,0.0260977269653923,0.5967435208904112,17.614229835806345,0.1719675451966152,128.20638914715985,12064332718.185442,0.0007017733967923
4.849531332472993,0.078396612322866,5.2002979131487175,0.0351065431731806,6.582615515704124,11.402610967431531,0.6089925794084089,72.89555239451063,17748195269.35033,0.0009417547677788
4.907628725399594,0.0708080418334938,9.13576213974779,0.0353937342688153,8.338758172408882,8.023983681222514,0.8160975793855154,63.55674609099568,10326955187.65404,0.0005253297649281
1.0890573243368584,0.0523793435347156,8.154322855555264,0.0653907217640594,4.57378994332003,4.700047841403016,0.7554643006509515,93.0534123760526,15185836051.570814,0.0007977627775347
0.3258886008051601,0.086400059062256,1.44636663288982,0.0580432568685219,5.221770233375185,8.540531095154986,0.3749740626368391,116.51114910079376,13487807773.427471,0.0005667564999815
3.101658899261952,0.091755146902352,6.131952991806661,0.0493660479803898,6.756539275778691,5.389633779034566,0.5221728146064439,75.74037319369972,13383810246.568068,0.0006784419107503
4.159815432188957,0.0793088962188299,9.485410483690716,0.0825387100163746,7.941225165344151,1.5156988415706163,0.2710850184981138,74.96079191598521,9427805246.54502,0.0008222239206734
1.312516778449143,0.0817969834910043,8.600418795400724,0.0869914672723458,9.75126545724601,4.510356885520038,0.3812467905703559,128.1518616654194,12271092840.045956,0.0008096773844528
1.6579023438597913,0.0572507256754011,3.1482099361125444,0.0200974541066568,5.315730340041396,1.5083547258682448,0.2765550773754192,98.02175639743112,14842598659.045792,0.0008262472291128
1.5441763176444618,0.0548140532087079,1.907087853640128,0.0209388520804832,3.285915501403622,14.64649506770154,0.5591129130730159,91.90556705609704,15358009962.636694,0.001050781109862
3.638924570390983,0.0705941110743941,6.383809851616397,0.0283212993331187,8.886565609325562,1.2780586713372395,0.6241874276201538,67.28458515855311,17765436530.208035,0.0006818443920634
3.080503564060798,0.0764577200809989,2.6222251288097764,0.0121438080159795,0.1929336076520604,17.281833344321157,0.3303662587354987,86.01441988617825,17616929621.221745,0.0
1.727258899663578,0.0480924906484028,5.980546768815687,0.0943659565870539,3.9690844416645135,2.570665814099955,0.5120644941648244,73.22428453533016,13402426953.94707,0.0005177222133013
4.593110948384756,0.0583120100896419,9.773084692772134,0.0319892721931209,8.826314983188036,11.24273496871388,0.814767534705287,70.49473945133835,11342769669.432442,0.0005173657201609
3.675688460075704,0.0539318482649894,6.197246760909158,0.0444700055494533,5.99528097784312,18.861966446860077,0.6455477314260731,66.20789849422957,9061128894.319042,0.0012012640748329
0.7876403399425574,0.0455160770847564,9.290773422877889,0.0709960786750259,5.379075647237285,9.052895558698648,0.6324334320390993,115.24783900042534,14614452888.0507,0.0006493907104048
1.463172862672408,0.0719626773583879,3.522281458941234,0.0490664624822493,0.3874395730528339,8.511439871287592,0.1661769868634787,128.9819637069701,12983171766.55993,0.0008805928097452
0.8260977735633579,0.0583943736999319,8.810875792297463,0.0577493045372225,5.950423458391558,5.815788898197555,0.3633886279222252,106.44579756341754,19244477951.546444,0.0009968478649373
0.1377362342177898,0.0630037089221982,5.913219360248976,0.0650659387050102,5.944030915515042,7.919459897528512,0.4376638325100657,86.95868316384852,13970195019.397532,0.0005729146449682
2.698155363939938,0.0882600633962994,5.248103620978001,0.0975212227700567,3.712533975398528,1.9811779595795056,0.0742707220853577,103.13269772615251,14571658200.93712,0.0005526010067443
3.8480895940308457,0.0965286674850169,3.225063856285176,0.0291302771759431,5.893549147791723,18.883875202953988,0.8333528984376277,62.13434151237362,19054615532.91922,0.0007621534020794
2.046896155010567,0.0650121147875774,8.766389081308349,0.0843019065467019,7.45617276676525,1.0910765686348187,0.6649013216825899,123.57534332043738,14143904116.355787,0.0007150763563012
2.1197715876098715,0.0736252744420348,6.576059767739609,0.030765734406493,8.959889833048436,3.28665830309048,0.421330096565515,100.17765524915916,9707275462.797112,0.0007141943072034
2.6483499429033954,0.0927498245760373,1.642075208831707,0.0924113276021788,9.14221084751113,11.475930038762794,0.6383670615254589,101.5374659868292,10866911443.58239,0.0005099151594994
0.3420197720265515,0.0578407007123995,9.470566911728085,0.0822942901619618,4.379737157759399,2.749260977529038,0.0606933107577075,111.69934235698015,10392085423.024754,0.0005286590901867
1.554059187017743,0.0704840610067943,8.915859020464454,0.0681706330179817,8.989374544642175,3.767753448491737,0.1030812196736845,124.836047797142,13130987713.0047,0.0006523059063597
0.1015570435171092,0.0416879769236338,9.057020761461557,0.0432698279772431,5.810435242310772,7.2212444396438675,0.6657184081638657,99.03171224568216,15206168639.286114,0.0006665032062412
0.837103666691516,0.0897642117518393,2.852745122984878,0.0982103242951814,9.078855483728686,3.924835038577736,0.3980373003150678,105.7664323741187,16444572238.67575,0.0006422575274345
0.3298579327626355,0.0467236918778879,4.601543592664946,0.0993123810040699,7.512535086524825,3.604442278517147,0.2666039846379421,121.54298659169652,9092471134.896408,0.0005950271896005
4.816869729608296,0.0518588492135636,6.281846470835227,0.0777361597294482,9.293820026058857,4.306643748563751,0.2497700356607191,68.82634821309651,11776751963.81082,0.0011528378579579
1.7547980722214924,0.0612407196942239,1.0926001415115307,0.0386585979815877,3.071120029441773,10.90379227360193,0.1458557566954363,101.775293994655,16605368638.088049,0.0010809089600089
0.6877521758009026,0.0690954662069014,9.181030627275067,0.0545968118315269,2.769615961553257,12.943711465762046,0.5921050422219999,79.41446730119813,16402691338.587387,0.000980830322954
1.3002269863164817,0.0220558291875571,4.685485421457023,0.0526163561411024,2.455494758204116,5.83027404818706,0.0707652460954855,118.20695557012414,12527802309.730576,0.0006793937107558
2.2808054092925336,0.0941298587750854,3.652422048772408,0.0581699681289281,5.146483203643546,7.1833784808889165,0.0782030749741229,86.46771441129111,13079049394.852686,0.0008461537965242
4.816852257805455,0.0549308182336806,6.896559547220054,0.0555269162016126,4.009846244478668,4.554988379854329,0.3446009081034165,90.73505822189726,14798908074.404243,0.0013593350563509
3.25956332836289,0.0654644947137543,9.99603107773587,0.0977535853286501,9.472069086407409,2.4980154098310487,0.7430149656041432,70.32724841720857,16968214563.054447,0.0005878180595843
1.0649411088889953,0.0719084781215209,4.897492707537605,0.0588206094727651,9.87330786355891,9.388454999598991,0.8043682306484293,126.585066621073,12266777870.556004,0.0005060257356736
2.2144547326698047,0.0613643430812176,5.453561212486394,0.0449860012584478,7.393520046625246,8.50993995429724,0.6151367431634874,106.57254264074278,18439063064.34623,0.0009566068700361
1.6579023438597913,0.0572507256754011,3.1482099361125444,0.0200974541066568,5.315730340041396,1.5083547258682448,0.2765550773754192,98.02175639743112,14842598659.045792,0.0008262472291128
1.1586444954096025,0.0541242267611466,8.391607152307124,0.0512812441305684,6.830088631992788,1.814740468394696,0.825213692500399,110.20425185802388,15681909997.940256,0.0005508018535526
2.8436780998337072,0.0478872779734663,5.562500376733023,0.03977080736697,7.44786009519349,19.369637580981976,0.1039168595926571,84.17166133357811,9270199405.044966,0.0008447423745289
4.155818729869743,0.0758052090996797,8.252930494404913,0.0482752012974206,8.298859336275054,13.478773509383238,0.8067548970361355,80.53004785734936,9424999096.837292,0.001274191051263
1.533509115042643,0.0889273148700604,5.129101592277556,0.0496205230025668,9.97415335161314,3.5520947308073003,0.2155791036798282,108.53508917326673,16133919280.529385,0.0007639291749
1.463172862672408,0.0719626773583879,3.522281458941234,0.0490664624822493,0.3874395730528339,8.511439871287592,0.1661769868634787,128.9819637069701,12983171766.55993,0.0008805928097452
0.5606390991673624,0.0856310207435398,3.058609445487447,0.0691285972170148,5.811310374738582,3.0007142158484164,0.0196335575277245,105.04338161061185,13403040800.896065,0.0005488405999396
2.733156111976192,0.0986329528280797,1.102694678203285,0.0859418009581682,6.521848905323328,9.081457168369074,0.0148107481001509,94.2122169770978,14098242405.667393,0.0007624935418597
4.280727770282961,0.0989593766352697,7.694231573168533,0.0804833863484725,6.825540918354905,3.3655060324646446,0.5568019286204539,96.85287208325144,9860164386.14788,0.0010769798243006
1.8931721574075349,0.0414374071695464,6.006227044747791,0.0887078677682041,3.0586476565358924,11.58265960388527,0.2390844349591663,118.55746071280922,12117233387.198929,0.0009765040378878
0.3207126027275233,0.0397744293020271,8.984938797485434,0.0523396073166438,7.554373474082229,13.667303633802176,0.785275948657278,113.8887788510358,19930689890.21316,0.0005743760857152
1.453441156559815,0.0477568762500112,7.501153398247958,0.0653692042131093,1.1189533408373775,12.427314422971255,0.0789406639369618,78.13499759206404,13454892984.816906,0.0008588784687723
4.1347471800398,0.0809824814679698,7.316511896459162,0.0586169326233366,9.796549356411106,8.497569562938134,0.7980923678114505,95.20197812562016,9161205392.55579,0.0012092637159433
0.157716601949218,0.0811900930151992,7.036084142568924,0.0875222038848465,9.151524114817404,8.205058212136109,0.7540613133191628,123.5470519915557,10989397594.692797,0.0006340562635971
1.4387808691577757,0.0824485560156647,5.051251151330584,0.0873902115358474,7.781036518984043,7.926069763139456,0.3610836171943811,99.05684320712956,13888223162.74545,0.0005294163441264
1.059418731668704,0.0679718098780012,7.900653626980572,0.0642680393114738,6.232703378367419,9.817209085258432,0.7847814615006956,126.84484882894635,17454033051.92651,0.0007433188994288
1.3844046387324669,0.0704668795077579,1.9748255806684984,0.0807947711692205,4.929059237938521,10.189305849049203,0.2487170756944541,95.64369941968414,17050014395.693377,0.000732566433586
0.1467910551317496,0.0775015467700155,2.552575137960107,0.0770816583708568,8.970113017373873,3.763810197483239,0.3851735722445341,98.80548346193878,17726011158.573086,0.0006741292362186
3.993787101000084,0.0965592838428058,9.348862341158046,0.0891006959081832,8.041121366725527,6.100573000003762,0.6710631035193562,70.96477245688337,11904138945.485453,0.0011550509047323
3.6284862841080936,0.0897823371465425,3.1599390396434544,0.0821658496825017,5.78029415560652,7.894899706506289,0.2725707111953289,84.46635396051119,11098508188.088049,0.0009254716768472
3.2717063537195545,0.0927293096917829,5.779554605035467,0.0949724392389996,8.37579121701318,4.913633427629431,0.3031447691370634,122.21316118754802,19400637278.68886,0.0008222168915134
0.4158971320601192,0.0669894918984824,9.434720188068802,0.0852909680151069,7.341406021425096,2.7512582255160023,0.4603733665371348,112.84714772718463,14930185598.814877,0.0005792825701121
4.233917604716535,0.0902260712201118,9.53081511537962,0.05311746901854,8.686088861860368,15.280027291009196,0.5221664871820525,74.25257569951751,10586223559.9693,0.0008660198240365
0.5186020431134655,0.051864127762958,8.340337102385973,0.0864947969721052,7.436513807792089,4.646279219339189,0.2236470857155769,118.57750135252012,14870210936.598345,0.0008951695659653
0.7066587897202905,0.0869723233787692,4.3505767259497965,0.0986981034966393,4.79089670521863,7.078699334769547,0.4479477612956508,124.57022849021013,9863601247.975157,0.0005044143087776
2.733902380343003,0.0969581919559848,9.491224949389473,0.0923824464156008,4.061969583874708,2.718617684364005,0.2262825495031392,86.15723283806761,13953656169.389734,0.0005390089967222
1.5960243094709587,0.052364222668339,7.17557085216711,0.0466242422576376,5.7052561022486445,4.316989242335616,0.4804721361619536,93.94518092753243,15579144452.237,0.0007821778226104
1.62675927595619,0.0821579954540132,6.9534884841945965,0.0717728297561473,5.583190381382845,3.321696073149929,0.7143955038829827,93.59772251950533,18163335677.58085,0.0006902629664567
1.9188870018428448,0.0718443721018543,2.388145604136028,0.0906682902020928,1.330618590669706,7.334856660617835,0.0446778491961724,79.61129675046013,9739780928.83739,0.0008665391690098
3.656715164136606,0.0968622935423179,9.3663998136994,0.0517591867727323,0.8948892871429333,9.237370336868592,0.1896607113168495,72.50133399773924,11764467952.059122,0.0006832736055953
0.588227709465401,0.0596817299964759,9.887858375169245,0.0582075032995305,7.871204930187324,6.842430217935578,0.2158325233102518,129.75200028447537,10981883875.522024,0.0005592275675308
4.971074109942779,0.0713797524987461,8.759849010707502,0.0335544807158806,7.1513146319531735,5.203865344972577,0.8189461962823383,75.80295955364645,15769182444.662148,0.000622039676708
4.671893141173324,0.0953769643900674,7.520760351761167,0.0547916980587103,4.860145578902917,10.672202581401844,0.5404800178564996,79.1610106913092,13751791640.21344,0.0006971021413049
0.6354938530301352,0.0859707216465338,3.169879242210756,0.0689793834978363,5.860200861907347,3.369274652034488,0.0259345272418302,105.08814206180745,13511620105.199093,0.000556353484238
2.537382262034616,0.0992084697712523,8.889131620523534,0.0988899227796321,5.169091275958947,1.4485094770196048,0.0402748107829623,62.64341144516716,12558604042.953075,0.0006053642919696
4.262262645373623,0.0464472790502727,9.759240902676869,0.0286503196312636,6.576141318401573,7.730576924756835,0.6223205559550418,66.17536648125103,9786179211.336891,0.0009630668930886
3.92371191284456,0.066249838091346,2.88322584583996,0.0312545799311195,0.6830883327068825,12.11571028054094,0.1198280940894917,87.45168578500402,9382544376.794847,0.0009280991118263
4.5807511493025945,0.0535617048265158,5.958240557770207,0.0285008425864619,8.93669922082242,7.138121554478918,0.5899344301217385,60.71349619619423,11813603703.246706,0.0009725203939444
1.5860151951893522,0.091118835648378,3.6936158985641647,0.0312163030235761,3.553806870650199,5.63837999972828,0.4778538621906681,104.2848509397182,11995746734.09202,0.0010517444280558
2.2706272035497825,0.0708212096089737,6.793247456320756,0.0359196468116658,2.1897319427728594,8.267378887924671,0.3327461333125487,70.84505043998404,18246260674.31963,0.0010459331298545
1.3245126203175557,0.0871097697562783,4.71381736164203,0.0429801927171233,9.330074848186005,1.0934690968797414,0.5923234627621865,101.10515300981751,14474152653.85092,0.0005051615861458
3.4748730570520627,0.0807903299998396,3.6465049495695054,0.0838647269442979,5.950881460186936,2.6393621501640623,0.4806376895217611,104.5879897829,13328557527.30325,0.0009450866065458
2.14083654013092,0.0924291033946557,1.5957569148466806,0.096773271248815,4.581595108101877,1.2139278720888456,0.4512439016550902,127.82408278041063,9625413957.595304,0.000598467962949
4.31222366762369,0.0933236820837578,5.755358295419229,0.0560446282513904,6.573222995915748,3.4807023208644527,0.6577566652766756,79.59132341789044,12704060337.41152,0.0007741461526605
1.0103950319015862,0.0543990558582816,6.700323023260295,0.0849099587016228,2.8035194629909497,3.5712341867783355,0.750392734109286,95.51988204417869,17554006203.493614,0.0007359488011485
0.4757503551100438,0.0669493822774402,4.075885580762077,0.0400459566941933,7.486478536979717,11.327190886080482,0.3912967852498311,102.99539777296502,16152213341.037868,0.0005394417452659
1.272776275369668,0.0932034480411787,5.874539219682683,0.0988175377338858,6.623129683377244,3.2572435889814995,0.612712196248466,111.11781211416866,12207259519.272013,0.0006151209665086
2.3663115655598075,0.0578721826253135,9.772555905911524,0.0284333424939388,6.515903119355202,9.425621010286903,0.807871307499824,119.59346475566542,9564017242.538742,0.0010547577213901
3.158925779916294,0.0616530541693747,4.131684148969436,0.0483732438487254,6.806131674854367,6.684108215930893,0.2274237304651771,121.82702598635176,10077374201.612194,0.0005050438133289
3.5963261643488647,0.0910451808236389,2.907069826754049,0.094613931492728,8.963094196433445,17.244345375159178,0.5548937804911368,127.74057371391233,10070266124.169504,0.000660703578226
0.8788503690230061,0.037599388519911,4.573819949371005,0.0795780630212572,2.160671635018105,6.66839580434138,0.7138607273669534,97.87692575804336,13097149813.2053,0.0008178525415273
1.0724550504522,0.0903288902954382,4.030461268527362,0.0811904224475214,9.966497308867428,4.99381726843281,0.5307992091036556,110.85728715828978,15155402261.470695,0.0006222971805172
1.986131074572616,0.0879065423957526,7.486717501210457,0.0628186068114715,8.589498193388314,12.672261189329369,0.1229988135503376,64.30896519675785,10556376985.6031,0.0006931654272889
4.809062456006512,0.0505141456519878,8.439605373128693,0.0815825565700494,8.429039051579329,5.420446023776674,0.2758069432586242,96.2735188159335,9509464916.027533,0.0006671804243707
0.941033218965452,0.0956972641883797,9.7607387919747,0.0818442505314728,9.884920346783224,6.79984838079382,0.1311679204780837,128.52857028655907,13252905662.875576,0.0005528873016583
1.55095781207776,0.0614197584121644,2.880234686207671,0.0748381177727838,3.494470156467245,2.9824082919385217,0.2379958790920245,89.23413837865401,16074833270.28857,0.0005385241891025
1.035852610499134,0.0504390517052634,7.737312190437207,0.0913367554270893,2.946186852713448,2.7813665192064008,0.328394896368286,107.2199848429731,12754725367.650034,0.0007709152581958
3.2575922139718907,0.0656882340827614,9.914200297797082,0.0976875072192727,9.51324387255814,2.3845627670282714,0.7418899907093524,70.58972540860898,16883370393.4433,0.0005850020472758
1.241879268455142,0.097604720467199,6.938292396437369,0.0929100864423955,9.770739455979424,2.903242691663993,0.7094483012899591,118.94900409547748,13715688088.52723,0.0007282706062181
0.6025380615044811,0.0588768905119767,3.028752285437502,0.0867057348434887,7.991053744771333,2.900756501069634,0.1665977912298815,109.14355767284466,10793781428.601562,0.0006781138563976
1.2561515579551226,0.094288751793896,1.848464897338551,0.0927321219710105,1.4783923715257268,2.678078426384264,0.599407489391342,89.30085936346038,18075092543.885685,0.0010053718437776
1.1496284554361071,0.0934926574572793,8.317088338101488,0.0881880883821495,7.28403282888118,2.9049922243475024,0.8304733605733873,124.22711861605998,13983609935.447132,0.0006890079871898
2.0888797146715645,0.059824884556219,5.157252760187817,0.0795034963674464,1.9544991073061493,4.984474634170066,0.0645098870389306,104.92407490792448,14618227634.74135,0.0014389710039112
1.536168247215263,0.0881143163303183,3.9942081069213367,0.0656502717991202,1.4215051432565513,11.37452323063266,0.6953369945532574,95.1792251571654,19759964235.79697,0.0009584523143241
0.1700385536855723,0.0983065311710721,3.1895853486014523,0.0915272279540043,1.9613469568905788,9.965486200898948,0.1626806157472551,129.8661716714447,10343635034.372684,0.0005158086268518
4.834182317981343,0.0889159791463038,7.590467524518838,0.0552162619129797,5.440481091096866,10.60498504518608,0.5428608490042962,106.17322628960858,13277870223.460333,0.0006459355404721
2.146186972180694,0.0536711408507713,0.9336673919568688,0.0603855748041909,9.559778958996768,3.9798952152830234,0.237590903255525,96.2626759341724,18338337786.43784,0.0009849736007784
0.3572210582749619,0.0597769824146636,6.7365826914278815,0.0942202223064517,4.8311056020482885,2.9575421331613683,0.2148819644535929,118.16042059656128,10405681878.97482,0.0007817065682635
0.2085390865406174,0.0863551185049342,1.0191312539958584,0.0422099933838099,7.18439912557606,2.248913384759149,0.2856423355196611,89.57068592273188,13874372398.288803,0.0005330225870526
0.6025380615044811,0.0588768905119767,3.028752285437502,0.0867057348434887,7.991053744771333,2.900756501069634,0.1665977912298815,109.14355767284466,10793781428.601562,0.0006781138563976
0.4845204689542463,0.0786828380326664,6.029611860428455,0.098912099738668,3.2156535759677656,2.055300708079697,0.1212748000349856,89.79797968695233,10287324412.853756,0.0010075658638032
0.7220529556483897,0.0494237867842428,3.3207730805755893,0.0393568758462335,3.913287746119191,14.420684365391857,0.3474667183811383,71.34032839910444,15638985073.49956,0.0006688430022389
4.811165176631976,0.0953318913426709,4.445758609933868,0.0514403177098417,5.141715609389767,2.373468239590578,0.7716651877519413,86.1069098197805,13843168266.59084,0.0008532085905969
0.7821490088445022,0.0651017117748732,6.701112326680252,0.0697073882779316,1.0765770434269133,12.491085902518968,0.5817772655502352,103.3854596898908,9256687119.296717,0.0007968409129897
4.435904434408367,0.0493637147378006,5.8080639575558335,0.0568791576390449,4.780186790367151,4.66227036500373,0.0847013580139407,89.23206186602715,11136382894.31847,0.0013912769967273
1.0075412202769412,0.0757106637057279,5.58078860299205,0.0828998016165723,6.318333619106182,4.223276665486465,0.3507943807831433,94.92230888363474,14672670443.542503,0.0006820627246422
2.3993669991258204,0.0615801670894282,5.411063994385764,0.059791400989153,1.3508447509025363,10.266056786385017,0.087554691437734,126.86996797633051,10373573629.638428,0.0006437268951685
2.4903329456757914,0.0626537359390419,9.036200254949604,0.0704114341780086,0.5205811660353923,9.454579526796408,0.6437389631264419,79.62160424313717,12913838202.793304,0.0009755606595944
1.4587715703078434,0.0681402769624272,8.349963686540782,0.0620580165913305,6.124027507919381,8.200819156654134,0.8219142943897721,124.7515219354228,18320350111.957264,0.0006580775341636
2.245398710023094,0.0907275938980821,6.682587056416841,0.091830679147361,6.778507263299578,5.455828300918863,0.517564683055657,96.9914831263641,13285989402.597918,0.0005624823942344
4.540389716519883,0.0896160481089422,0.3497085304933808,0.0769643647614886,8.630805731899565,5.951191000202272,0.1795170203329741,125.67329398301354,14592552028.0682,0.0006538295555953
4.083974333493268,0.0665716766823635,1.349253240691762,0.0523525088582777,3.7160957996192487,11.109416064528356,0.0544503134876878,60.82619320499953,14144006094.106895,0.0007623145433724
0.115678822809538,0.0966336304298731,0.8139102740533332,0.0615050776605629,9.979926092481566,11.175283268484302,0.2150442493491963,92.132534351358,15586399314.910324,0.0005870179660048
4.593110948384756,0.0583120100896419,9.773084692772134,0.0319892721931209,8.826314983188036,11.24273496871388,0.814767534705287,70.49473945133835,11342769669.432442,0.0005173657201609
4.385492526724602,0.0548441185462638,9.789431435436168,0.0272338361660917,6.656026613386395,8.751608558662642,0.7009038515418947,71.45834077701113,10219352052.273172,0.0008510656680082
1.8944248035990288,0.092119052990577,4.485716792452966,0.0243046600203322,8.544215230282257,16.1389515195677,0.1853542797544503,64.79915246853614,10179296291.98943,0.000795201060743
4.671893141173324,0.0953769643900674,7.520760351761167,0.0547916980587103,4.860145578902917,10.672202581401844,0.5404800178564996,79.1610106913092,13751791640.21344,0.0006971021413049
0.7522413984729205,0.0599343153203905,8.615881624687745,0.0696658411768629,4.599251690403189,5.329253690300542,0.0176371549752177,116.8004032212958,12149383152.311213,0.0007823343417641
1.012759819627631,0.071413893381981,3.4490152562607173,0.0799761734721602,2.1772983109306336,6.942937438686509,0.4190406041335349,109.63611339909431,13910305976.911036,0.0007302673291666
3.018291808578513,0.0837689645114048,6.363803715423081,0.0821966260835658,0.6404861053260199,4.89098907908145,0.3042343830478523,96.33871693496828,9125696695.574871,0.0014183550979092
4.15945545478502,0.0891876859877642,8.71619161008675,0.0684140361088326,5.456701816609393,13.59021249319798,0.5141443261928832,113.4848041957,12853390189.986776,0.0007119300003525
0.9765322886477966,0.0779715129368692,5.153268642625206,0.0370524344565579,8.28428924758122,9.470086658833976,0.1055892671833202,106.8295112160015,13968577141.046455,0.0007520267398083
2.610273192501125,0.0774837077087437,6.526811922500054,0.0503710054076988,3.298755962188189,12.10209404081565,0.4535421106226496,100.9969712483513,15109463827.29675,0.0008904572445213
0.3408791296104306,0.0580998594082506,7.287124934215103,0.0951442120281094,4.366962780314731,3.718402403531999,0.2551403460857923,117.9583519692028,10202270215.480087,0.0007776308262765
4.52995351582589,0.0896196993685676,0.2978770788740232,0.0768030523303804,8.628021935881943,6.018659003102044,0.1745524859218284,126.15560394031444,14575508205.913383,0.0006610743374036
2.622932133984158,0.0687658163356849,6.402509580900044,0.098567392093377,2.541133879707533,2.1518342155204166,0.3543588840202997,119.78434464735,12112756348.636726,0.0005414289060513
4.989429600251255,0.0972101382415963,7.277849684847776,0.0562924483109212,8.683039062214949,4.699023556780313,0.5779825828595098,61.18492828880336,10356659969.992975,0.0006521702934488
0.336812205166853,0.0478588866363017,5.269549591904191,0.0918822672379818,1.5105204439015771,17.459826482283976,0.7906483726916156,114.3182393131026,9262815462.973928,0.0009550158147674
0.7066587897202905,0.0869723233787692,4.3505767259497965,0.0986981034966393,4.79089670521863,7.078699334769547,0.4479477612956508,124.57022849021013,9863601247.975157,0.0005044143087776
4.923110191629652,0.0975214401047675,9.75921555939656,0.0750357340613426,7.143442839670426,11.75126011940417,0.8233510718699439,82.15761374055428,9466466389.298372,0.0005615085174072
4.364934737625982,0.0645649268616928,8.602236963953182,0.0087728795573134,2.2302401477162026,8.116040521821931,0.7935511787674384,65.20842645770519,17568412639.563755,0.0
4.906671171855746,0.019426502056104,8.906361729006864,0.0462387753224061,2.9922187929659803,8.488277529998602,0.8122058416071334,73.62980234539155,18726781098.83168,0.0008741802553858
1.1294101136290555,0.0993219005510173,1.693022634801599,0.0851040656660259,7.282712689675871,1.7342397095895157,0.4759996471180146,127.3698038639285,9584437504.98767,0.0005186839390206
1.799727241196755,0.0695556496122263,6.249364417129019,0.0989007390323079,3.653495910813669,1.4169201415253152,0.4185282481265482,125.0941197160222,14288646997.86958,0.0006630308013784
2.9661427470803474,0.0882488332988633,4.418607022489512,0.0861278921207282,9.260242998641523,13.29465906238127,0.0685040775970142,98.4894885060686,12061604017.529491,0.0008863686307351
3.2575922139718907,0.0656882340827614,9.914200297797082,0.0976875072192727,9.51324387255814,2.3845627670282714,0.7418899907093524,70.58972540860898,16883370393.4433,0.0005850020472758
3.790686302823576,0.0726385536599322,3.922760322539592,0.0174911808329882,0.2276797043343546,9.186489124176378,0.0534271544774443,70.86131525368467,9023748500.801344,0.0
4.004672349495942,0.0764383443708581,8.893873641483193,0.0174607567427259,4.054399797093805,1.2320200819391838,0.6765677201351106,76.61666841219397,19698843888.80646,0.0
3.871678791176164,0.0811044308589494,5.6439122634895815,0.0983268643965501,3.27523885091508,3.416206030492785,0.3401331782015341,92.60161876497683,13937638023.302977,0.0008432874957414
1.755459619307905,0.0395177135468358,9.569508634551685,0.0988730736676841,8.676975568830166,3.766839655643377,0.6578050662578032,121.50051114526848,9602131187.174671,0.0005045639210473
1.148599754625541,0.0898275082337224,5.913801630365402,0.0837365385998659,7.710100474954213,4.705361511062033,0.6279639763006036,106.42375995415942,16131886961.382652,0.0005828845924631
0.7590404740535872,0.0564084835266633,6.275980447198877,0.0763871102979189,3.360225240018806,1.1531558173695793,0.6233236137506997,100.9890506268816,12637303764.97689,0.0007041698557387
1.095531667039593,0.0951537374519927,9.65927672060218,0.0733926463341904,9.456204046869663,5.944740933005572,0.1608778266595656,127.60677022438594,12537853323.3749,0.000603990586553
2.560955331359182,0.07150167723729,7.203069207501224,0.0072014260393928,0.6633432312085072,16.423412409694073,0.2778062759327856,120.70739607383643,16492222141.650074,0.0
0.2582671283657329,0.0798170791694985,7.290952853370848,0.0596470435980896,5.004832143518647,10.012614369934878,0.795708269275488,106.47297975796091,19622907568.52827,0.0006731945608157
1.012759819627631,0.071413893381981,3.4490152562607173,0.0799761734721602,2.1772983109306336,6.942937438686509,0.4190406041335349,109.63611339909431,13910305976.911036,0.0007302673291666
1.6032465008227317,0.0774848194915698,9.23468632899968,0.0866315759097542,9.781326471629308,3.127421503669606,0.5738837454564004,122.40037318429896,13020842322.092873,0.0007199635728454
2.093361108253783,0.044270634686433,9.772181218184198,0.0604600988132132,7.049436002824217,13.732494161432554,0.7741037405079563,113.62092100444345,9952836011.88739,0.0006670998867821
1.0705486675719738,0.0903585784666539,4.031270850021977,0.0811282523167953,9.952388123533863,4.965500503101666,0.5320272786883877,110.84223689957231,15115648240.78164,0.0006221692434805
2.0441589955074493,0.0878634422775502,9.626118424580838,0.0880073293042018,3.2491377820488063,4.514636829999153,0.2166201075228906,70.94171800391145,12483701580.97446,0.0005136024694936
1.148599754625541,0.0898275082337224,5.913801630365402,0.0837365385998659,7.710100474954213,4.705361511062033,0.6279639763006036,106.42375995415942,16131886961.382652,0.0005828845924631
0.1658371807189864,0.0805671468268362,5.224136751933675,0.0987496211838057,8.501268725498266,3.560957638323033,0.7294680353246042,108.61763622116509,12961916711.09115,0.0007013895105153
1.1381054277450633,0.0897248581103531,5.934848935337498,0.0837510273345914,7.7092683384629215,4.6750535395759805,0.6278898906941075,106.5026741721136,16129205941.017874,0.0005829053462797
1.01083934421416,0.0813141742451392,4.612371885407062,0.0871841282240552,4.728796866182071,3.63557674242886,0.4621297192594534,95.34710607098624,14261736655.487677,0.000676439689545
0.4307495146829177,0.0862399182534247,5.510787467174432,0.0954194080637647,6.626936279997358,5.372759544952017,0.3324041521362729,109.8336614144578,12815830540.142946,0.0005764762987077
1.389923090834801,0.0779051823455818,9.387547185975324,0.0730280148313159,7.342213404046187,7.852169182445693,0.4026105946880721,81.93892907758915,17043983076.680258,0.0009387993851778
0.1015570435171092,0.0416879769236338,9.057020761461557,0.0432698279772431,5.810435242310772,7.2212444396438675,0.6657184081638657,99.03171224568216,15206168639.286114,0.0006665032062412
3.0915215051653,0.0599144895186376,8.092742430543888,0.0368830203151111,2.3210179877444848,19.328421128715718,0.6352494208750105,65.95489646653743,19583670506.26865,0.0008138320502079
4.088129298810171,0.059043276007207,8.214372693953715,0.0614298130607773,3.9365631042944704,6.414775191467834,0.7808760847040089,94.08007800139218,14217037262.934662,0.0006321178798181
0.401737273315655,0.0993381796714232,4.995257451468643,0.0901759385186612,4.771206648081533,7.622694338921605,0.3048808671196066,119.1405820218424,15467982107.189665,0.0006205700964143
1.5441763176444618,0.0548140532087079,1.907087853640128,0.0209388520804832,3.285915501403622,14.64649506770154,0.5591129130730159,91.90556705609704,15358009962.636694,0.001050781109862
0.2786495859431802,0.0708495287654688,9.681245171079253,0.0885461008279418,7.366559023952377,6.194451342766617,0.660951534823467,126.11297163109512,16803766680.074957,0.000513836729428
3.8325421992317783,0.0418818781945923,3.307148075129738,0.0580797031481708,6.1272570609856265,3.1618368231716647,0.520795418501913,92.62670982967433,14492733515.75314,0.0006652200744987
4.64942644071014,0.0773793681111876,5.7204793568071,0.0101329528987012,9.268402585899354,10.451751709289113,0.7529309654344054,77.23646872202737,19810255038.36734,0.0
4.667093736805714,0.0917264358937762,4.025064484006343,0.0347636106574677,7.815121471778892,10.794363649811675,0.6688328074201562,73.85729303215304,17916457270.464966,0.0005861532962289
4.069018003422046,0.0854833932522616,6.389329949932583,0.042525785802792,6.746929515216392,5.767655778774837,0.560705408723029,65.21549093778185,12429864598.830626,0.0008267618055148
0.5527443833110482,0.0109559050019339,5.37276783522856,0.0906652694602006,3.292445923435052,11.51332722805046,0.4375229352607442,109.06212951290918,9029709275.757814,0.0005582853646595
0.4757503551100438,0.0669493822774402,4.075885580762077,0.0400459566941933,7.486478536979717,11.327190886080482,0.3912967852498311,102.99539777296502,16152213341.037868,0.0005394417452659
1.1015601222047846,0.082596853165102,4.727577547956527,0.0869125196369118,4.692044682577938,3.7214980900206633,0.4688499225366109,96.33513491002152,14320285804.125082,0.0006753777163471
2.537382262034616,0.0992084697712523,8.889131620523534,0.0988899227796321,5.169091275958947,1.4485094770196048,0.0402748107829623,62.64341144516716,12558604042.953075,0.0006053642919696
3.235602889945844,0.0806222160966806,5.541836334501633,0.0917886297608467,6.215746312306443,2.497704062010538,0.5542843826695479,98.11586588958252,13289346313.176956,0.0009116236950309
0.5329689770306875,0.0857636037220967,3.071987775459885,0.0690609361632461,5.825435851398314,2.992157483571652,0.019326565167333,105.23636656574044,13428391277.359203,0.0005475675227347
3.8660397122548726,0.0550119397297876,8.171299083264048,0.0280548416231722,8.481009615565515,10.979969891845585,0.7108989933674428,107.66272280274482,10833193406.518345,0.0007793880770529
4.5115642738453445,0.094258273153711,9.669211986248376,0.0875986961883144,1.0995951790217315,2.0697030221605197,0.1104657752663285,89.33723215627583,15478159964.152382,0.0005988352499926
3.2361353911908157,0.0869492328061824,8.281835922065687,0.0700324188242705,8.5538323739404,4.2929665521862495,0.463783128211263,60.02942802470464,14251838254.45328,0.0007178965846585
1.0050470973547796,0.0672285178102297,5.554896001825284,0.0743354110190045,3.939087373761695,17.44584388810763,0.5273067592453663,110.02072300902228,10128167934.4726,0.0007365736447274
2.683385934069609,0.0689467715416399,5.851232100599873,0.0557485416640851,3.8383482633324353,12.44983799007699,0.2658579988330219,102.55279808494625,13220895212.254774,0.00097264111586
3.606181155348812,0.0446538094479993,6.291614600555957,0.0344316924517039,4.866256324382126,4.607889913527045,0.4594549404489764,98.9749917844577,18432930691.65144,0.0009953299964146
2.74337182015992,0.0778784597750798,5.741615461251263,0.0414124381249479,5.912807037216679,13.596499716161036,0.4906171069681143,108.72103592924384,11455109161.520063,0.0009153529053522
3.1197418489890274,0.0722471700287623,2.501818882939867,0.0590422521995971,2.288606012599299,11.325284434986187,0.0934551295333462,101.82208551838988,15969932373.803885,0.0007554320230383
2.276788153544236,0.0517435914015896,7.82651834269631,0.023798128899631,0.1249707223716093,11.76030296472772,0.2110145322936763,82.2287241118805,17886922469.28292,0.0011507421727251
0.8981938062298911,0.0750478913218255,8.799418827454708,0.0793001023246895,8.369550277504052,6.31014766887341,0.5350149783677394,116.52287073594648,9524044314.587791,0.0006251626005973
3.144695176169765,0.0975981217170443,4.704755232014451,0.0871550369207364,5.361028624965154,5.298933223291092,0.7105078711873726,65.29403397280203,12962993994.073605,0.0006791222608748
0.5330963992485057,0.0857255249721709,3.046432986455747,0.0690763155610138,5.820522728331032,2.993282394098564,0.0192590611786992,105.18550273659376,13391414728.048824,0.000546500451277
0.3776698742046629,0.071957073129951,7.2238720666244784,0.0600334744972962,9.41904243196061,12.695132941348092,0.3779905378155161,120.73138980433264,14332466039.456211,0.0007117167348613
1.44190785432564,0.0672453060917047,7.961138158606611,0.0415180072497098,2.415746008355597,10.99292739202088,0.4467868577687456,66.78211075150324,17475196853.54409,0.0007072407391719
3.0126194573909366,0.0903636166847039,6.700856454007966,0.0475353871193409,3.2999552123325957,15.835113312436873,0.0639747779506714,106.7437645273368,16500344911.015274,0.0009819384613628
2.4034900992557207,0.0645019031078318,7.648850349222759,0.055007567319544,2.0452491738300638,3.7855032737017353,0.2406217546071665,90.23517851312,17282267781.875126,0.0013161686147795
0.7054347014049109,0.0821543344573303,2.0711503064140837,0.0624264679119452,1.7609845967613271,11.721668502183617,0.0752785757354381,81.7198308283747,17980117917.135365,0.0007321830351148
3.56084289012671,0.0841187951277707,7.597032079178457,0.0507642139783774,6.104086121238597,13.12271523390346,0.3145299242454877,83.14979034900102,11408365076.75981,0.0008403170957691
3.9290079829274474,0.0255775664393899,9.84827633165823,0.099932091792988,6.6909476635358445,10.275193406911528,0.6237626809432308,116.75955567930224,13935708563.326874,0.0006023070361887
3.890699989898878,0.0797131928150092,8.41832523228591,0.0864708541456023,9.802661413437958,4.679961854443861,0.8212553900982515,94.13029978851388,9499244980.371256,0.00095658412886
3.1655391339071555,0.093885052217804,6.961589299093161,0.0269927084574379,5.471452969845167,16.148571881116993,0.0457983425456278,81.73783423420147,15221067146.509396,0.0010818730463139
1.321241972565692,0.0610575799791173,5.926700546830292,0.0949752147943418,2.730584793747337,1.9900673713426065,0.3264558980433099,117.89425384039806,13777126548.627745,0.0009704616076399
2.604777376326348,0.0535853200093757,5.963693023282221,0.094034250681545,3.782533612217508,2.6812665198315107,0.4498352199218043,113.56903600985454,12153098467.180595,0.0010557535673154
3.678742614525083,0.079708643055547,4.144217675859259,0.0537773470090938,8.499831976695798,11.25824696172729,0.3786308322232417,125.59383001320096,9112025915.13224,0.0006567761130844
3.80291866479164,0.0346509354502547,8.578736717645876,0.071058324388407,3.568578002553751,4.644848583792639,0.3459705075666692,95.66138987579868,15279574997.016966,0.0009755861900027
3.501058165288415,0.0809654706550919,3.657225819402462,0.0841445754841927,5.945832211690857,2.5713756866134108,0.4768993340855547,104.99883032608008,13307149897.38277,0.0009431713051248
0.5072962929517357,0.0569781822850017,8.912308630612227,0.0926762809884033,9.18356368546262,1.8686551624643783,0.3946401183820393,129.61373649500337,13097948976.607643,0.0005648860395575
1.120585788395825,0.0842213639668339,2.4728799920483127,0.0581108401314523,1.8444584852609291,13.902046460647428,0.0466469169748001,96.2945967011148,18830464121.70325,0.0007492629160287
2.59141080427521,0.0996277193318134,8.81111836149603,0.0990561687338508,5.059852217943849,1.258695932674628,0.0424645882285796,63.24547271260656,12474805738.61182,0.0005932014842641
0.7566717997753959,0.0588081857379231,8.186755528894823,0.0398586839249863,8.581674796946464,6.860751912341003,0.4091344837476047,94.8527835026846,12898759689.18276,0.0006357101626184
3.2360937743991776,0.0785583509791655,3.3692272055960624,0.0499341967305389,1.9476601187729683,16.158525824375417,0.3827860773659873,69.76206350951603,10664379669.10942,0.0007091091680216
3.888001130211855,0.0482367998355763,5.789595722700848,0.0190745842331617,7.689070586758678,18.58291585559384,0.681761021863947,66.03902483808386,18302319743.319687,0.0006738530492709
3.27166106543419,0.0431011004900304,5.188591110201062,0.0239627455041134,7.546027983514924,10.390149870386807,0.5347124704116122,109.66188958947494,14902417898.79004,0.0014655832234956
0.9860268959088484,0.0616930991314127,3.367603182989682,0.0919039223999037,2.8533059701794223,3.4808508719420037,0.2039464591726947,125.66439530566224,10303221610.67244,0.0006146738337309
2.320375358998412,0.0892838807713516,6.090130938675605,0.0299782891016234,6.052570665464668,6.0106394831375685,0.477892979844937,62.53182008158584,13218997827.41337,0.0008704645807879
0.1103836531953664,0.0760786814454362,5.362695781896307,0.0775352916010694,0.1391044180301599,9.677217771544814,0.1482106673249624,126.21089356021152,12304588921.341011,0.0005644300979015
2.534045381101376,0.0697029777724815,9.856809957930196,0.0584598252343002,5.10946369695126,8.359483759820593,0.7980485644714455,102.3490171725513,9906462102.913645,0.0007400507039314
4.667093736805714,0.0917264358937762,4.025064484006343,0.0347636106574677,7.815121471778892,10.794363649811675,0.6688328074201562,73.85729303215304,17916457270.464966,0.0005861532962289
0.1835311198231814,0.0800529385295805,6.194478656290101,0.0961731095774665,5.414753271701222,1.5647325103577288,0.2725511913065627,127.5509422322232,13299312941.42199,0.0006940072077566
0.4541458218689589,0.0650325657238819,6.206841268293148,0.0872800441434124,3.5291391381288677,3.105575336162014,0.2068741113209099,116.17636640450912,11278705199.839771,0.0006985793711533
3.1520534298328893,0.0935286870691793,5.67600282771469,0.0172509945435889,9.930683272181,17.097182619757902,0.8065322694822471,85.29779835175006,17229457195.713387,0.0
3.6284862841080936,0.0897823371465425,3.1599390396434544,0.0821658496825017,5.78029415560652,7.894899706506289,0.2725707111953289,84.46635396051119,11098508188.088049,0.0009254716768472
3.053258956418852,0.0916139794488635,6.80088923699211,0.0463814463827987,3.280681810598084,15.87997734642216,0.0580145087191131,107.14371489992315,16507996015.66329,0.0009811544081227
4.907628725399594,0.0708080418334938,9.13576213974779,0.0353937342688153,8.338758172408882,8.023983681222514,0.8160975793855154,63.55674609099568,10326955187.65404,0.0005253297649281
0.7054347014049109,0.0821543344573303,2.0711503064140837,0.0624264679119452,1.7609845967613271,11.721668502183617,0.0752785757354381,81.7198308283747,17980117917.135365,0.0007321830351148
1.3459443237231437,0.0944057353671767,5.949228535104092,0.084318887915156,9.58042643334834,4.103525909251253,0.6115920048704427,101.51957323661271,16571806218.509626,0.000545471471186
1.1579871013136571,0.0905582144767379,5.846460943056605,0.06393784122847,8.730051226368921,3.628383947527512,0.39556655934787,115.14356553751963,15471728778.357475,0.0006670234848079
1.148599754625541,0.0898275082337224,5.913801630365402,0.0837365385998659,7.710100474954213,4.705361511062033,0.6279639763006036,106.42375995415942,16131886961.382652,0.0005828845924631
4.729894669777102,0.0954598674296089,7.320186899190006,0.0974815099770948,3.54093181407735,10.842166325529403,0.1291675396032154,81.96163518533014,9808311601.874208,0.0005049239285723
3.314965031983407,0.0836947449487053,8.15516154064279,0.029141957156541,9.416997276258464,15.084200645829306,0.4379084435406462,73.82322071406523,9650425525.485186,0.0008814832524307
1.631532750810986,0.0820585513970222,6.954459695692097,0.0717517684545467,5.569816708724948,3.3295878938621093,0.715703819329689,93.73117723463434,18160280796.11489,0.0006911028121381
1.3778462424549676,0.0698281120683748,6.786718980587166,0.0834961669654028,2.6906717151516246,1.9116490333460263,0.3947970238008172,113.935136256106,14600134907.84376,0.0008502194635567
0.708670320727035,0.0869030731834423,4.368014787121094,0.0977303461095462,4.84956717169522,7.230802928245486,0.4565652318186887,124.25549258673922,9906375060.879229,0.0005043639171914
0.9765322886477966,0.0779715129368692,5.153268642625206,0.0370524344565579,8.28428924758122,9.470086658833976,0.1055892671833202,106.8295112160015,13968577141.046455,0.0007520267398083
3.2571615212930647,0.0657050132334801,9.932362030852062,0.0977071281314872,9.528240039014609,2.383291603869898,0.7420368807090197,70.58836840382772,16867050275.452332,0.0005843401155281
1.1536361509047683,0.0898147061338591,5.9152981721641975,0.083361522487907,7.72982094821599,4.691140594653833,0.627449690852431,106.45165265780042,16132231617.980972,0.0005833966319393
1.0063412478062244,0.0757231280925871,5.582431780290599,0.0828958929064239,6.318799631308279,4.223934057448859,0.3508211810722801,94.92173294515196,14669847702.35706,0.0006823641796842
4.121019443605891,0.08650297838872,9.757010169423465,0.0549024444923746,4.642489743974149,14.393008821722717,0.3147347857555844,91.55886068466556,14321101226.83498,0.0008792633008032
2.0286311490750406,0.0650377641850428,8.7537038798935,0.0842060278508112,7.443468866433245,1.0510722879963978,0.6655355411899708,123.6658475872698,14140008415.486994,0.0007156745533609
0.3826896299927789,0.0784173684957,3.1914624580481004,0.0506371669385913,3.619311877609152,11.883396836864874,0.250672490237607,117.93706982509926,15966462257.188225,0.0007323174369876
0.2461618713397509,0.0994048682545947,5.039033777601805,0.0904130488156504,4.562147779794593,7.569348646843272,0.3145903183382268,120.45867746130122,15563732949.31993,0.00062556399196
1.0881569855747488,0.0808954265926076,4.86795414342653,0.0627978381220226,5.900664621228639,9.32441188451584,0.5690621081280257,105.99069032363874,15652778721.656223,0.000603064389202
1.7152974595351205,0.0875689488064886,7.622634278316594,0.0824692371699462,8.60804577400399,3.99759595988811,0.738075474164824,111.59222081651669,18410876007.358665,0.0006372991237386
0.3113977325373859,0.0897509909223984,3.762507638713572,0.0293478808043665,7.127261854505866,3.964669250466987,0.0976391220216303,97.78879874686302,15722263177.897804,0.0005915941714019
1.0075412202769412,0.0757106637057279,5.58078860299205,0.0828998016165723,6.318333619106182,4.223276665486465,0.3507943807831433,94.92230888363474,14672670443.542503,0.0006820627246422
3.018291808578513,0.0837689645114048,6.363803715423081,0.0821966260835658,0.6404861053260199,4.89098907908145,0.3042343830478523,96.33871693496828,9125696695.574871,0.0014183550979092
0.7353459370297524,0.0944855803753484,4.654560590232096,0.0695257066395381,5.132470279465772,11.723360409370542,0.3856750289942222,89.26230103127502,15395462623.318916,0.0006706000855235
2.91105577538301,0.0869404218682427,2.110353082760046,0.0956512360474341,8.271524200515806,9.358113951528894,0.5575204685447663,105.14203104927694,10092462401.269688,0.0005471975405216
2.623749159096856,0.081147577897407,9.455367007767007,0.0996935707175281,4.828742554391661,13.3093631693398,0.6253174060917518,74.98523491469543,10845020124.73417,0.0005873981123489
1.7403755644052328,0.0478756973242024,6.061358961841573,0.094365103514838,4.026015966012707,2.8329175977261416,0.5084034187751754,74.64874354510012,13390146592.163754,0.0005134065010739
4.2526544511109625,0.0982568601639145,5.404188006838503,0.0850660625531666,4.393285292246662,8.040502420471924,0.0549180115238563,66.10341604075342,10331059536.400574,0.0006974575617944
1.8944248035990288,0.092119052990577,4.485716792452966,0.0243046600203322,8.544215230282257,16.1389515195677,0.1853542797544503,64.79915246853614,10179296291.98943,0.000795201060743
4.646820583096841,0.0874427200333612,8.566961449531991,0.0942262938471547,7.284169290617033,12.466241456440113,0.6569974024937735,83.6586716054133,9183491007.222092,0.0005080700137059
1.3075949099255395,0.0898161781810262,5.55470519109605,0.0559222040319405,9.603866978663318,2.8444509926613355,0.2000170550258251,118.21337785497892,13597333507.005074,0.0007273488063947
1.4149308190579204,0.0865580121403955,5.927093101797659,0.0918373423678615,3.123994511195106,3.2182054308805093,0.4342843438477312,83.30072856206324,14265306136.194233,0.0007958550289814
1.1083295904081285,0.0703115826548234,4.919052649432662,0.0989730294306808,9.87904089911996,9.203316350911452,0.3914313341397125,94.32193028781312,16353315633.9403,0.0009157792635484
3.726070018869577,0.0928517735649462,7.1479928538259605,0.0706304284699968,5.739521707275959,7.395387369614505,0.4020365772622731,85.04341937888492,12581908024.922792,0.0008012380034925
4.249419632001661,0.0869380785523972,3.4106677724098016,0.0658940716054367,3.340639384593284,11.458079542250506,0.5007270717773972,74.44792189602911,11669466633.1694,0.0008356617200869
1.2965343817461394,0.090111001262869,5.652320481366576,0.0673152843225485,9.210172056198097,3.413253823994648,0.1093786783026742,116.39603572241236,14463913478.569769,0.0007146946730022
2.1363536312053246,0.0756961905437793,5.832266879406863,0.0831585119103054,1.089668278538063,9.253148568606322,0.2428263923335128,98.08801897480411,9486142890.895515,0.0013204262501557
1.369726759178251,0.0869311914140657,6.066048763506688,0.0172753114396274,7.5841946643592095,3.092188471478572,0.4468916303239197,122.33395664466848,9080336505.02314,0.0
4.682206161228604,0.095567269100531,5.653885634208946,0.0568511347797939,5.362960452661894,4.975178378873121,0.6568186169932636,106.65385651276377,11241385400.192638,0.0006972018054335
2.14083654013092,0.0924291033946557,1.5957569148466806,0.096773271248815,4.581595108101877,1.2139278720888456,0.4512439016550902,127.82408278041063,9625413957.595304,0.000598467962949
2.9194443053218717,0.0446818395757958,4.927818664640559,0.0440429669019436,8.013226046068539,18.061999961569487,0.2199776581587794,75.4027487187493,10054120335.175016,0.0007598933260344
1.7662670119856698,0.054634375622188,5.355575797587575,0.0761602541872179,1.5464028968184491,2.5902849800279744,0.405177905019411,96.65600619435106,15032620402.853012,0.0007105165873513
4.351401237552775,0.0979857322470543,8.088990330249592,0.0481888096846796,4.34847759209789,9.400730173031098,0.4717839711685827,62.03371821068728,10046595552.194626,0.0008036738855688
1.2549103654036995,0.0953899450328365,3.224187472167379,0.0397300870939987,1.6006146389437428,14.36792525625368,0.0501707194569883,99.854637857441,15701783693.861197,0.0007855347333037
0.2539977428958839,0.0835002681316838,1.5418393713260117,0.0777482466402904,3.248276333041288,17.326580231425663,0.024811349515633,124.3633894951214,15810557013.792992,0.0006117045444363
1.44190785432564,0.0672453060917047,7.961138158606611,0.0415180072497098,2.415746008355597,10.99292739202088,0.4467868577687456,66.78211075150324,17475196853.54409,0.0007072407391719
2.624654676517817,0.0782903904080576,9.772873569381536,0.0299644389967139,6.530238910684541,9.380879788291836,0.8479620300876088,94.33190882183818,9690093312.198854,0.0010771481792872
3.2121555286687253,0.0898646038125374,6.974682559618149,0.0507986508465824,9.212896424695334,4.909016733714089,0.4045737256636447,61.13731124182652,12487168872.285826,0.0006771830030065
4.16173657045422,0.080970965838694,7.392676056740987,0.0584693261817761,9.858083469437736,8.523939320774458,0.7991606280736465,95.09424965673524,9138713435.0057,0.0012155420350196
3.7615001743405694,0.0912792168847015,7.247923740275064,0.0613731410553451,8.140605148463749,4.741668938881296,0.5282111670152976,72.21716687875403,11402817877.40322,0.0006833042149107
1.193369630238117,0.0333002854176947,5.716401681295898,0.0526522476395052,8.614784672020876,19.333269928350955,0.4782050182859197,96.59447278406334,11770265850.784643,0.0005174890259066
4.81632518874963,0.0549237860728748,6.896853844052635,0.0555307705453481,4.00765160958375,4.558104472287106,0.3445637026322973,90.74836314519608,14795363833.820002,0.0013593788960554
1.1083295904081285,0.0703115826548234,4.919052649432662,0.0989730294306808,9.87904089911996,9.203316350911452,0.3914313341397125,94.32193028781312,16353315633.9403,0.0009157792635484
2.0286311490750406,0.0650377641850428,8.7537038798935,0.0842060278508112,7.443468866433245,1.0510722879963978,0.6655355411899708,123.6658475872698,14140008415.486994,0.0007156745533609
0.6979274223120895,0.0653457441679045,4.975854352620904,0.0996213829470927,1.778767932843113,19.590441622493938,0.7923171452200445,118.55266110539772,10226845484.13217,0.0008502856107999
1.871811654668692,0.0500114532970288,5.231263960675979,0.0313380480503839,9.23913496014274,15.515273775222546,0.1048197753918859,76.07668051751288,9967623027.761164,0.0007119615186877
3.848217889766768,0.0346952042136833,8.530089953112652,0.0672457694612016,3.848113728563189,4.752804687565273,0.341823544699711,96.5757387109956,15396724529.926464,0.0009641316752527
2.69750861803875,0.0746799546188897,4.455450370832659,0.0576832010400834,3.582484515836347,4.615009702266235,0.2462506180454198,105.25566584438404,13416372015.401966,0.0005799198052002
1.3833498966622773,0.0776441000638182,7.227130442921629,0.0654216774806137,6.79892710041053,9.776903988739898,0.7750916328736251,93.94387966949776,12811784101.802025,0.0006991787590963
0.3672805602080625,0.0553009016936274,0.872297145022438,0.0239447453303335,1.704275583529156,12.692491980613848,0.2006372166769829,98.39509003268134,17284640114.107597,0.0005095554279979
0.1103836531953664,0.0760786814454362,5.362695781896307,0.0775352916010694,0.1391044180301599,9.677217771544814,0.1482106673249624,126.21089356021152,12304588921.341011,0.0005644300979015
1.0544714336326002,0.0879142509694129,3.911057363429431,0.0813701191150624,9.987143054505076,5.324318873062465,0.5430913939464637,110.6415993247941,14783632217.034883,0.0006278163525705
2.541914270405531,0.0778665924617514,3.388172865107243,0.0040517213401313,9.917471052467487,6.774883117070931,0.6740465006777138,85.96939991020372,9014479652.000448,0.0
2.603084442599313,0.0535378254762407,5.96729822555696,0.0940326403768481,3.788314239934345,16.95456275002353,0.6058296719795724,115.12252467360626,12142154063.50302,0.0010593732748711
1.395995022659606,0.0471458306217467,7.457181861373518,0.0653346860968066,1.176560427115766,12.125894727936805,0.0788239315610273,78.598566433755,13380349542.126448,0.0008342005347183
4.849531332472993,0.078396612322866,5.2002979131487175,0.0351065431731806,6.582615515704124,11.402610967431531,0.6089925794084089,72.89555239451063,17748195269.35033,0.0009417547677788
4.56162506542358,0.0413806915544205,7.725399099446367,0.0443218360728362,0.5263044533325142,12.554369729202934,0.3343595955828427,129.7193712734974,13553223540.352978,0.0006325990611583
0.4271079050976335,0.0570489028749783,5.910488798361926,0.0966045385203584,6.466705575290708,4.337564840558402,0.2640959163518755,118.89764654801134,10183068325.802382,0.0007439046244789
1.1761053524752003,0.0884952349521968,5.887431734231174,0.082469109041702,7.523970605743306,4.491543137787038,0.6352507855606533,107.63463866521172,16429420039.70997,0.0005849899202322
3.4493127658358755,0.0813702539705473,8.054549522557407,0.0528797298595105,9.315285140773875,11.0059963791044,0.6431502577857036,81.97779348133611,9243453480.077202,0.0009244320833541
3.0232891921941607,0.0776654583520292,1.371613829156192,0.0601400846425063,2.332077990570339,6.889828344312899,0.0784260479454281,122.8409938476566,11664150846.309624,0.0007171834624112
3.014638235562974,0.0903542441533208,6.706296919233646,0.0475199025631863,3.3032095694877723,15.828216928261432,0.0639556872080404,106.73678780255736,16501668694.797943,0.0009821744797213
1.715907531281156,0.0302208218623673,9.728310088994386,0.072234067322174,2.9542624210645947,11.259218224747658,0.3400973933980971,91.91417576715874,16322379328.62778,0.0009653077125931
0.8186020847029483,0.0925314061927441,6.122227368226138,0.0676732909441728,5.514712313211323,5.6636207265547815,0.4526891752384306,108.76808246494784,15134384702.940355,0.0005438294708407
1.1041722378884644,0.0077564876718141,6.275224099422164,0.0290774390154686,2.028489750983037,8.500067957133428,0.667318260899603,73.74130653378295,19198059219.04948,0.0
0.1754536095450202,0.0488270917874552,9.870574193452123,0.0929976229145637,8.361894856124346,6.268473718753327,0.6649303395037469,78.46994435140556,18538711249.26794,0.0008279836912232
1.0992426956104289,0.0726159251748404,5.928260718074737,0.0722225372641551,7.574763718339793,12.70252671892339,0.6693908865812465,90.85027866396466,15897876135.364336,0.0005629284638989
1.60098267229997,0.096666825937126,4.183801984013234,0.0814558039835942,7.426848241948583,5.68088106583785,0.6021316221125628,122.3046193270335,13327251057.7277,0.0006945366807627
0.2582671283657329,0.0798170791694985,7.290952853370848,0.0596470435980896,5.004832143518647,10.012614369934878,0.795708269275488,106.47297975796091,19622907568.52827,0.0006731945608157
2.603084442599313,0.0535378254762407,5.96729822555696,0.0940326403768481,3.788314239934345,16.95456275002353,0.6058296719795724,115.12252467360626,12142154063.50302,0.0010593732748711
1.9817425185673767,0.0942604147993176,8.096304743670235,0.0994402371682196,5.621706270055008,3.682756168193689,0.3266680788388732,88.95837152105815,13058451898.231396,0.0006169659297195
1.18419852010275,0.0508112859140094,8.007958680587656,0.0744667332686644,5.874779009698444,10.002762290125077,0.3392308196276365,77.72124137558264,13116141352.736324,0.0008778577186692
3.114039621465111,0.0764791745739658,9.206687679855058,0.0420609306132402,4.440436220876569,8.564247127187377,0.6280685631914857,116.0973068950342,11068019239.596296,0.0009702644732341
4.811165176631976,0.0953318913426709,4.445758609933868,0.0514403177098417,5.141715609389767,2.373468239590578,0.7716651877519413,86.1069098197805,13843168266.59084,0.0008532085905969
4.364934737625982,0.0645649268616928,8.602236963953182,0.0087728795573134,2.2302401477162026,8.116040521821931,0.7935511787674384,65.20842645770519,17568412639.563755,0.0
1.095531667039593,0.0951537374519927,9.65927672060218,0.0733926463341904,9.456204046869663,5.944740933005572,0.1608778266595656,127.60677022438594,12537853323.3749,0.000603990586553
3.71699753769815,0.0737312972897796,2.79222989728055,0.049397819515717,0.5840510784744413,12.140689682670953,0.1781609057268228,101.5267219300469,16972110933.340357,0.0008366574565763
0.2597855377725808,0.0574047566635776,8.681959986125655,0.0961582068766409,2.463257840850251,1.572133822118771,0.2433681884028668,120.32990758319258,9032331129.139702,0.0009709005451936
0.3314445888607092,0.055928660239537,7.676496830276067,0.0598215554247786,8.912741479873066,11.191296315117844,0.6488799611303575,89.89802513797021,17912815590.924866,0.0005603376847385
2.0391441242307096,0.0822035559605302,4.917484806367972,0.0586570811792557,0.1972125851178396,9.23476817383358,0.1975266841868037,60.09561608567094,18467675169.457348,0.0013372881468722
4.2916886509783705,0.0902440173683936,8.204577132683129,0.0981549742805587,2.97154653029357,7.730429836085129,0.5153868073474772,100.58370293758526,13672875119.07968,0.0006210365893444
4.514268562854643,0.078722527936577,6.404593626876429,0.0748378139469762,9.907587884131528,6.181088777878555,0.5240360485643356,67.55880129832723,16828046268.023449,0.0007455900261321
4.610500645278328,0.0703160834127928,8.327154988762455,0.064754403722169,7.462058077885027,7.539082640651383,0.7300673833901625,92.18557044581088,9833510583.489656,0.0009635573713123
1.3887930698840898,0.0500457122875373,7.156046836095699,0.0869652179887966,0.1846717736831921,10.178514928584136,0.4706024370714323,107.71303348257376,15399925128.598858,0.0005912692101535
0.9554045333830564,0.0552674196741711,9.018296267148544,0.0735835046980826,3.293088665928161,4.228849358985522,0.2713246316001397,125.96246489626928,9526607917.948751,0.0005921488095358
1.932400609646288,0.0597904820220097,8.607991304755052,0.0793872968567861,4.295923547259787,9.468173835813298,0.5380661576415486,77.11982097629776,10997315964.221989,0.0008639830972047
0.1792635120464648,0.0617397016900351,9.121928055148729,0.0350925113241885,9.694226634039762,2.7289508985099804,0.7383777159003249,116.5099751833448,15849243364.44361,0.0005475577193746
1.2549103654036995,0.0953899450328365,3.224187472167379,0.0397300870939987,1.6006146389437428,14.36792525625368,0.0501707194569883,99.854637857441,15701783693.861197,0.0007855347333037
0.8981938062298911,0.0750478913218255,8.799418827454708,0.0793001023246895,8.369550277504052,6.31014766887341,0.5350149783677394,116.52287073594648,9524044314.587791,0.0006251626005973
0.3408791296104306,0.0580998594082506,7.287124934215103,0.0951442120281094,4.366962780314731,3.718402403531999,0.2551403460857923,117.9583519692028,10202270215.480087,0.0007776308262765
0.5370158780329363,0.0736070569773978,6.131373316171623,0.0902882656694551,2.4963111880502717,2.687417390154563,0.7220205955974265,116.48485901114913,14570646728.64536,0.0005928991622779
3.514213140176705,0.0781230754894179,5.559700779364574,0.0246891938836033,7.085319907125049,6.003265081397614,0.5130319419566214,74.46158483394792,15237887913.669683,0.0008091320242205
2.897663214424372,0.065058448215207,5.243020289660281,0.0817733506151556,2.484536963672298,5.962163939330466,0.3572531308968357,109.0700988416919,12938385100.865934,0.0011617407722553
2.4744424724254928,0.0635649108744765,5.547392875898742,0.097747600755125,4.680615623950652,2.498577013793347,0.4497863396767449,107.28702116483576,15073480661.137394,0.0007031353630691
4.299296874324734,0.092031830210601,5.778591027493628,0.0582536702710863,7.011716933770797,2.093848614992695,0.6590635061583251,80.05115320321156,11813012605.833254,0.0007300566790256
3.0232891921941607,0.0776654583520292,1.371613829156192,0.0601400846425063,2.332077990570339,6.889828344312899,0.0784260479454281,122.8409938476566,11664150846.309624,0.0007171834624112
4.972443456278382,0.0627374669890624,8.304489076215074,0.0599112103524733,9.960253036147185,4.749893510918588,0.5057180138890354,90.721762375235,10119545929.019247,0.0009607898928864
2.245609891731079,0.0899667065875094,6.092604450196482,0.0299040829457478,6.070007213262605,6.090119097325291,0.4800397952723216,63.242014172723614,13216860899.031044,0.0008689591993817
2.467565611665043,0.0553206761279514,4.848284235846313,0.0766161083402455,5.061142353203379,4.9487991535240985,0.4394321778043317,126.86842316691234,15789168440.966908,0.0010071496910627
0.6018939192825468,0.0852056817447453,5.21661484217487,0.0484423027435282,9.45551311881364,10.084420505355563,0.2535715822851201,88.04969247633892,13754255575.446054,0.0008422803016294
0.103420875447466,0.0939433842969021,6.616236327321449,0.0845477606417984,9.31163594283242,2.144958447062507,0.7416056546004413,124.1624371279925,9283678296.230392,0.0007771386557125
2.4034900992557207,0.0645019031078318,7.648850349222759,0.055007567319544,2.0452491738300638,3.7855032737017353,0.2406217546071665,90.23517851312,17282267781.875126,0.0013161686147795
1.510010740144102,0.0934259482499331,5.750657559510531,0.0813750395297021,8.078202727239507,4.687399925759077,0.5215033788891066,111.37737918184509,18884071164.301857,0.0005866968188653
0.6779840481127698,0.0865096761364855,6.596275993679025,0.0737643350655486,6.731283952433171,7.727248326131515,0.4760139840886981,109.13312316756073,12318524581.088749,0.0006891530080648
3.638924570390983,0.0705941110743941,6.383809851616397,0.0283212993331187,8.886565609325562,1.2780586713372395,0.6241874276201538,67.28458515855311,17765436530.208035,0.0006818443920634
4.668648052892092,0.0916892867348355,4.026564604642538,0.0347361516778774,7.816750622352978,10.783161017064684,0.6685702834307798,73.88396627435465,17921776556.96766,0.0005860772588287
4.307844291070457,0.0928276542953516,7.036339977223423,0.0908637680857787,7.185350380253454,6.502739711214974,0.6601922262528598,64.58487413557842,9536403227.613289,0.0006291138769335
1.2205551720856138,0.0553033498599837,7.233753233680972,0.0720658533545949,0.3976898870682482,13.274040148487112,0.5878604854563325,69.23823917600862,15142228513.89444,0.0009571847873373
4.159815432188957,0.0793088962188299,9.485410483690716,0.0825387100163746,7.941225165344151,1.5156988415706163,0.2710850184981138,74.96079191598521,9427805246.54502,0.0008222239206734
0.6979274223120895,0.0653457441679045,4.975854352620904,0.0996213829470927,1.778767932843113,19.65561776893668,0.7923171452200445,118.55266110539772,11591389796.389212,0.0008644661463603
1.5234076643384915,0.0755960589636183,8.100188060908003,0.0656462459639449,8.13705513619738,3.6474879600912526,0.2064994802564648,124.75124511600656,14958200146.99864,0.0006332274057995
3.3855498742104198,0.0980275366711573,4.11194829926191,0.0903423145261342,4.837570514396091,8.072135331196195,0.5759744131097674,69.62598764316765,12394376767.882769,0.0007070559631379
1.206644615821285,0.0532630631121692,5.292424391687745,0.0742026792200185,2.004889551210903,10.751917856517553,0.732445802515324,96.9272302419144,15756655970.365108,0.000785602925129
3.9290079829274474,0.0255775664393899,9.84827633165823,0.099932091792988,6.6909476635358445,10.275193406911528,0.6237626809432308,116.75955567930224,13935708563.326874,0.0006023070361887
0.5186020431134655,0.051864127762958,8.340337102385973,0.0864947969721052,7.436513807792089,4.646279219339189,0.2236470857155769,118.57750135252012,14870210936.598345,0.0008951695659653
1.2701124962191674,0.0877057264949045,9.238944314774177,0.0688814555655668,8.38602498074422,8.065289084956854,0.7113410989970085,120.77929032515974,17642384030.170647,0.000609305457832
0.9900957997115089,0.0653730443637629,2.965979681767391,0.0577987553160868,7.545207353116083,5.769772163953415,0.045185821829155,103.46571527715976,19015274639.636494,0.0007548176923596
2.459953212993954,0.0638524983181548,5.422486626074247,0.0305837066408306,2.7426351689841475,1.0233402160429323,0.5875260758035924,88.84416718494552,16965020343.268148,0.0007760969007561
2.501227756238612,0.0589964604603015,6.811380065932135,0.0381712073932314,7.592719393550423,8.213691295971845,0.7754797539914241,73.8396388005458,19305892206.85185,0.0007520329575195
1.0075412202769412,0.0757106637057279,5.58078860299205,0.0828998016165723,6.318333619106182,4.223276665486465,0.3507943807831433,94.92230888363474,14672670443.542503,0.0006820627246422
1.8944248035990288,0.092119052990577,4.485716792452966,0.0243046600203322,8.544215230282257,16.1389515195677,0.1853542797544503,64.79915246853614,10179296291.98943,0.000795201060743
0.5240752668526627,0.0519516109230429,8.717756023782774,0.0289509642008088,7.106258311394969,14.668213933722331,0.5917305422614848,122.69780364547556,14859478228.929268,0.0006966817855527
1.6104187987493714,0.0560596456558271,5.056555832133743,0.0682240362712017,9.341301616051927,1.5428993910969682,0.273439696225247,89.33330519572179,11226283135.570492,0.0008753218636906
0.587811887345501,0.0825466352552471,5.424838130930938,0.0546617934286102,9.902035463326376,6.240400944882789,0.816012573186144,107.03752826830114,17323013458.2769,0.0005687513600745
1.395995022659606,0.0471458306217467,7.457181861373518,0.0653346860968066,1.176560427115766,12.125894727936805,0.0788239315610273,78.598566433755,13380349542.126448,0.0008342005347183
1.120585788395825,0.0842213639668339,2.4728799920483127,0.0581108401314523,1.8444584852609291,13.902046460647428,0.0466469169748001,96.2945967011148,18830464121.70325,0.0007492629160287
4.725852662977139,0.0706277722444414,7.28026051181014,0.0440768676608778,9.216445914731692,9.974815543869193,0.6518791410030544,74.7428628443715,15851091517.08688,0.0005272535578796
1.4761159107829018,0.0820737029800007,5.042565992632195,0.0868387870629335,7.712657492607051,8.254353749274165,0.3721895242166804,98.72604695162946,13923047167.677551,0.0005336168467084
3.277068154701304,0.0927447982498738,5.788910796631786,0.0943669152725008,8.375376550189626,4.8856584469443884,0.3021914056099127,122.12390505284354,19449243403.46635,0.000824064925334
3.0140185317476385,0.0790438544362958,1.3513588270384205,0.0589706324237119,2.379477001372704,7.14501800430227,0.0776322778809312,121.69736849203552,11654913846.346048,0.0007257625607196
1.4149308190579204,0.0865580121403955,5.927093101797659,0.0918373423678615,3.123994511195106,3.2182054308805093,0.4342843438477312,83.30072856206324,14265306136.194233,0.0007958550289814
3.926657891536886,0.088164276963221,7.537198088842182,0.0646073541580063,8.99053174263639,5.715630745005562,0.732902960941064,61.44986537631642,9068862093.452812,0.0005481516279983
4.066640812074634,0.0691532015614319,0.3266305128909067,0.0596244725890944,5.85914512889508,11.173210978241114,0.7361011600603934,71.22040521972124,9090785059.93866,0.0006870497373437
0.1748388813756174,0.0620711799112161,6.29959921405806,0.0956908769984286,5.1649801330962735,1.7975402052906244,0.1208922003559082,119.22935559038103,10574779409.28321,0.0007696176351953
0.5527443833110482,0.0109559050019339,5.37276783522856,0.0906652694602006,3.292445923435052,11.51332722805046,0.4375229352607442,109.06212951290918,9029709275.757814,0.0005582853646595
3.734987826219336,0.0779574123253013,9.013900074650806,0.0209268188661295,4.020660049489312,1.0610279333535275,0.6745436798385362,73.97103044823682,19891887013.86027,0.0013018358425546
0.570328554057483,0.0360381297292451,6.155232956625398,0.0973967377072436,1.0201255219212428,3.667441962408701,0.4968829776476793,89.6358581710604,9122580132.415966,0.0009369318023361
2.760964480890725,0.0707051856524218,2.4895571832658865,0.0809215059350482,3.707735276681235,7.237595328592214,0.3958249202314038,94.88473897895877,13169728928.795609,0.0006431922759453
2.39364982074807,0.0918061435782996,4.852802975031972,0.0379090357615825,5.0864103634397,6.200115669217613,0.5063594472868052,79.17732761425545,15559309812.641209,0.0006894838258729
3.79284227452167,0.07136134727381,1.5997884515458012,0.093219255655746,2.297808520264337,13.784903353880797,0.1914763575801235,64.5431847100977,14581677878.720049,0.000516251915239
1.425592395747007,0.0648331851381458,3.531449585865385,0.0937090275600839,5.38477501682735,4.019910047847197,0.5915582810588185,108.8170103110152,10918356071.981194,0.0006175907721489
2.634378414336604,0.0714685641035926,9.692968415851867,0.0996610000737822,6.810175067109656,4.172218574766836,0.4989751639041679,116.499309302356,13144561670.97672,0.0007630735201641
3.886907316264003,0.0481920218317822,5.7597256815368665,0.0189136991714904,7.673698601592658,18.600699029880303,0.6801598067054899,66.44418542114806,18318601960.820377,0.0006715281727645
4.9036462424858485,0.0971276641122902,1.4864636431298877,0.0555227970716318,2.885124715205382,11.554235441378182,0.6312450431434384,73.87818818290945,10893093639.139542,0.0008447007818934
1.1856853488957713,0.0775505451535729,8.776591933506243,0.0965589988743653,6.129171867569204,7.600034748703571,0.7084843905562969,109.80299167803048,19841381324.23167,0.0006015448840584
4.653238052928676,0.0514235617612115,6.725668229877401,0.0889559419829869,8.229883208380285,10.202288531923594,0.5804724864706615,124.74438819985524,9303387541.75349,0.0007165673564707
3.656715164136606,0.0968622935423179,9.3663998136994,0.0517591867727323,0.8948892871429333,9.237370336868592,0.1896607113168495,72.50133399773924,11764467952.059122,0.0006832736055953
4.087159002002481,0.0823244503816668,4.844613563132144,0.044110573162898,4.971350160495934,19.587045021310946,0.0360608417916675,61.42308680920688,9945851491.896755,0.0006818596709765
2.877556707938418,0.0992003459166823,5.192068529391987,0.085260174573264,5.486435431879542,3.3246634997785063,0.7119185742498638,60.498659961866935,13113141820.218046,0.0006101928994987
0.441051103482993,0.0448030108978548,8.340171729113608,0.051180931432429,0.1233336928121972,1.7995762736089556,0.806514317414885,84.40155877163411,16838742042.05484,0.0007813070489605
4.351401237552775,0.0979857322470543,8.088990330249592,0.0481888096846796,4.34847759209789,9.400730173031098,0.4717839711685827,62.03371821068728,10046595552.194626,0.0008036738855688
0.5527443833110482,0.0109559050019339,5.37276783522856,0.0906652694602006,3.292445923435052,11.51332722805046,0.4375229352607442,109.06212951290918,9029709275.757814,0.0005582853646595
3.2740951640315044,0.0759714360089988,7.516136261668664,0.0393594546205864,3.169700169910001,15.730967357489,0.4034367267316382,98.1251617925519,16799113704.409666,0.0011000468323812
0.7547281570227089,0.0452856395976128,4.398172971069508,0.0346095822600362,0.5887079946731095,14.501025116226444,0.23957159566831,81.47185301849474,13922578790.959658,0.0006449677439706
3.630695818235803,0.0703296670690959,6.404173526856521,0.0421925361119884,5.452232150364821,10.33779353090941,0.5615590668817563,64.95625017896646,12842208716.738274,0.000706498415218
2.930614475741305,0.0959369353549295,0.1683278992201003,0.0893195326367207,5.510081774510787,11.250531733451725,0.3256604861263908,112.06977671665692,9383713719.356749,0.0007468764098147
4.721569163655701,0.0909864970630657,9.435859277245044,0.0414678918213992,9.413752380098222,10.674774571196584,0.6745331689482303,102.60259610293092,9056458764.025415,0.001367637421886
3.92371191284456,0.066249838091346,2.88322584583996,0.0312545799311195,0.6830883327068825,12.11571028054094,0.1198280940894917,87.45168578500402,9382544376.794847,0.0009280991118263
3.144695176169765,0.0975981217170443,4.704755232014451,0.0871550369207364,5.361028624965154,5.298933223291092,0.7105078711873726,65.29403397280203,12962993994.073605,0.0006791222608748
4.199869876439752,0.0900282757419381,9.547423913124783,0.0537170325865498,8.631422299317482,15.236309553082654,0.5150866864825957,73.65282582896957,10484243781.855576,0.0008597364787253
0.7066587897202905,0.0869723233787692,4.3505767259497965,0.0986981034966393,4.79089670521863,7.078699334769547,0.4479477612956508,124.57022849021013,9863601247.975157,0.0005044143087776
2.074438845639881,0.0539657792472449,0.9725978269646433,0.0766012148537737,5.148479740070072,9.325696951628837,0.3091309628968664,65.00395385979375,17060547319.90562,0.0005701500133678
1.784023904035459,0.0681325242969777,3.1561299462439094,0.0624564967179559,0.6312716366265662,8.245485891180223,0.2433794764884625,87.81963570277034,12626500736.64892,0.0008044521223871
3.7297973178422223,0.0473890292011607,8.512428663640595,0.0811333981454042,5.6676934190903,10.757181912672682,0.7869590796031309,126.42438720939808,13841365765.085308,0.0007340296894399
2.048217623256539,0.062298385590075,9.099055972996975,0.0846719686523628,7.317498793942794,1.0724272698947632,0.6594031927155647,124.53580846492616,14023481799.083008,0.0007022573182365
4.262262645373623,0.0464472790502727,9.759240902676869,0.0286503196312636,6.576141318401573,7.730576924756835,0.6223205559550418,66.17536648125103,9786179211.336891,0.0009630668930886
1.017410044962383,0.0761218536490008,0.7736636354871788,0.0501275222377719,0.8026153457454887,11.5060009436126,0.0390065786102204,92.34856309960814,17270499885.548977,0.0008274844708983
2.0245333474343568,0.0679861769597218,2.8040790914607063,0.0504796360005943,2.6750989518254995,11.83210111640992,0.093700495342206,102.46840555283973,16959008555.88336,0.0008430755330103
1.1417552301343392,0.0763290651917579,2.556417188349128,0.0621083162099728,5.219616407384014,2.529788450680634,0.1843573352732661,108.16968050569332,11102198554.461773,0.0005609027321671
0.2786495859431802,0.0708495287654688,9.681245171079253,0.0885461008279418,7.366559023952377,6.194451342766617,0.660951534823467,126.11297163109512,16803766680.074957,0.000513836729428
4.093469094308047,0.0890728155098805,8.22188416994249,0.0555263222188848,4.423387089099669,10.169666539063382,0.5031499947547166,84.93907052684469,13114391441.721228,0.0008866627472956
4.31222366762369,0.0933236820837578,5.755358295419229,0.0560446282513904,6.573222995915748,3.4807023208644527,0.6577566652766756,79.59132341789044,12704060337.41152,0.0007741461526605
0.7471303742542297,0.0535550632640372,6.458911030390401,0.0831809825493883,2.493997825163441,2.974822355816821,0.6357582202740807,94.9524013565204,15980474333.97309,0.0007381960877214
2.545703074575957,0.08621191508443,6.802404944445249,0.0074856334108831,3.251130337266332,12.853215347279924,0.0493298092080225,115.7422538171508,17520372037.65611,0.0
3.993787101000084,0.0965592838428058,9.348862341158046,0.0891006959081832,8.041121366725527,6.100573000003762,0.6710631035193562,70.96477245688337,11904138945.485453,0.0011550509047323
0.3258886008051601,0.086400059062256,1.44636663288982,0.0580432568685219,5.221770233375185,8.540531095154986,0.3749740626368391,116.51114910079376,13487807773.427471,0.0005667564999815
2.14083654013092,0.0924291033946557,1.5957569148466806,0.096773271248815,4.581595108101877,1.2139278720888456,0.4512439016550902,127.82408278041063,9625413957.595304,0.000598467962949
1.8759410882030243,0.0964776333572526,9.270215981973156,0.0882167313080505,1.6662040871465529,5.732283220232528,0.6504056853495758,62.03870883324127,9092459090.459068,0.001045731782897
0.2786495859431802,0.0708495287654688,9.681245171079253,0.0885461008279418,7.366559023952377,6.194451342766617,0.660951534823467,126.11297163109512,16803766680.074957,0.000513836729428
0.2461618713397509,0.0994048682545947,5.039033777601805,0.0904130488156504,4.562147779794593,7.569348646843272,0.3145903183382268,120.45867746130122,15563732949.31993,0.00062556399196
3.744623817753789,0.0910638393772898,7.245959380108664,0.0612917703724001,8.201408635162379,4.739632077138493,0.5281369251663842,72.18282806826303,11409771633.220102,0.0006841996988745
0.8031988420986103,0.0889182858067073,7.681737548758798,0.0914658065271111,5.718493589123548,2.0137899620842705,0.0166135471562523,70.69152030672636,10097503293.995602,0.0012126517086876
0.7200832444237265,0.0489982571676375,3.332011364544777,0.0409244088318729,3.933327000888572,14.02480335255124,0.378248452521585,70.94271805207636,15744015143.354343,0.000650682700043
3.638924570390983,0.0705941110743941,6.383809851616397,0.0283212993331187,8.886565609325562,1.2780586713372395,0.6241874276201538,67.28458515855311,17765436530.208035,0.0006818443920634
3.2361353911908157,0.0869492328061824,8.281835922065687,0.0700324188242705,8.5538323739404,4.2929665521862495,0.463783128211263,60.02942802470464,14251838254.45328,0.0007178965846585
2.1535401200809643,0.0735561135291717,6.575039513883449,0.0313344878169701,8.612669763957435,3.445185788340385,0.4238805240599754,101.62204520579556,9865838336.61359,0.0007127543519669
1.882795520285429,0.0641070651152333,4.834001263698972,0.0328190806945105,7.205909786586369,8.716196773699016,0.2093777540824395,110.62638104885544,12546093412.48784,0.0012677779974549
3.405345570038933,0.0451612569828482,7.187271426254712,0.035262300731201,1.992440297969235,19.9500032398634,0.1210827362304515,98.93786659976134,17673074454.804127,0.000847550002481
0.9735150212969924,0.0922653640175781,5.955767722860967,0.0735849317205651,8.027704228891748,7.700557801362481,0.3192463915601186,102.20376916417698,11606488809.36609,0.0007847227422193
0.9736226259702152,0.0845623793258501,6.696840204324097,0.0568034509502489,9.559670233187893,2.7672379969418013,0.4210199747295722,104.31901290153276,9113888995.09244,0.0007539388345383
2.046896155010567,0.0650121147875774,8.766389081308349,0.0843019065467019,7.45617276676525,1.0910765686348187,0.6649013216825899,123.57534332043738,14143904116.355787,0.0007150763563012
0.7066587897202905,0.0869723233787692,4.3505767259497965,0.0986981034966393,4.79089670521863,7.078699334769547,0.4479477612956508,124.57022849021013,9863601247.975157,0.0005044143087776
2.6259595435285883,0.0907315600973818,3.203972047738666,0.0395257490193812,2.3028854701102417,18.35190512421991,0.8457850038755925,74.66820956547835,16226582039.579544,0.0009191180800665
2.683385934069609,0.0689467715416399,5.851232100599873,0.0557485416640851,3.8383482633324353,12.44983799007699,0.2658579988330219,102.55279808494625,13220895212.254774,0.00097264111586
0.7883276332019221,0.0439496698409391,7.807748856545755,0.0895152727278549,3.992362552579727,3.2930055985344757,0.062401298583393,116.14809974457674,10341502682.49294,0.0008656176356046
3.204049079921981,0.0793207636358004,7.338391269413376,0.0753127866122374,1.7801902261590117,4.991824639818233,0.0212541081421004,117.45016268277048,10166064625.70204,0.0013913784413271
3.0368475447878,0.0741359320704799,2.593840743969064,0.0017765154259628,0.2447507626879039,18.26436290246408,0.3888525076601141,90.3305414680337,17396315754.549965,0.0
0.7016335999356705,0.0112470950109158,9.60108943936597,0.0078256878704075,6.718300785291426,4.79343255806551,0.7571512316465399,99.5020054322022,11569278611.60988,0.0
1.120585788395825,0.0842213639668339,2.4728799920483127,0.0581108401314523,1.8444584852609291,13.902046460647428,0.0466469169748001,96.2945967011148,18830464121.70325,0.0007492629160287
0.5370158780329363,0.0736070569773978,6.131373316171623,0.0902882656694551,2.4963111880502717,2.687417390154563,0.7220205955974265,116.48485901114913,14570646728.64536,0.0005928991622779
4.713493719454475,0.0410648398558046,9.18599223825453,0.0830514097338513,8.216542011481323,12.516683245889148,0.7214623722784012,124.01220973427176,11203540161.21667,0.0007333045952729
0.2539977428958839,0.0835002681316838,1.5418393713260117,0.0777482466402904,3.248276333041288,17.326580231425663,0.024811349515633,124.3633894951214,15810557013.792992,0.0006117045444363
3.1756375612335987,0.0638561663033809,2.830847921967408,0.0151828812014978,7.379374887531645,6.661610292571907,0.281121114576846,67.08261255868143,14910266378.05381,0.0
1.2554734712713815,0.089810536432506,5.674419835108114,0.0656404716842556,8.954206403254581,3.490913069524112,0.1000998011833467,114.22028743142,14475503039.402897,0.0006764695702916
1.638165017711948,0.0588075845324042,4.325353458784192,0.0719105258561017,2.0369887442367967,4.201710977496091,0.2392881981436012,126.9290888913294,11901993157.877916,0.0006700237175369
2.406148289902199,0.0838156027801528,5.929507118703979,0.0912590830537914,4.032106564997796,4.319646087715036,0.5340933278081363,86.68160586790934,14833873352.193497,0.0007538897062113
2.733156111976192,0.0986329528280797,1.102694678203285,0.0859418009581682,6.521848905323328,9.081457168369074,0.0148107481001509,94.2122169770978,14098242405.667393,0.0007624935418597
4.452592349615639,0.0851841361162797,7.567282489592999,0.0188972860707883,3.077805974741794,7.53730937440284,0.7929223467583737,65.77572575041351,18532666471.2629,0.0005142223887635
4.81674280894805,0.0549290349719267,6.897816615629386,0.0555487607087413,4.004285967928068,4.55396048501616,0.3444867809154014,90.73188325281473,14796449414.909262,0.0013589972895464
2.154619958721096,0.0815768747028105,5.290013505522619,0.0539560112510637,4.668878403842118,8.901351745187064,0.6146291916181598,77.97749638221357,12168680734.451963,0.0006627532000449
4.561365662859155,0.0413728122016848,7.722380180169923,0.0443223976632909,0.5277626392531426,12.54768259385279,0.3344319072558366,129.72875953267692,13554250644.957882,0.0006330341741885
3.4913305499673446,0.0807278269577,3.633466852384368,0.084185540978622,5.90805409146482,2.6647392348333474,0.4758212410307735,104.83692669175431,13267418887.10682,0.000944122210231
1.0705486675719738,0.0903585784666539,4.031270850021977,0.0811282523167953,9.952388123533863,4.965500503101666,0.5320272786883877,110.84223689957231,15115648240.78164,0.0006221692434805
3.0302353572991803,0.0674788948126153,7.3714849989515505,0.099774664939347,9.509057998466856,1.3178987419165875,0.7225227153155501,123.51129719629004,14833329720.0817,0.0008489692587083
1.0063412478062244,0.0757231280925871,5.582431780290599,0.0828958929064239,6.318799631308279,4.223934057448859,0.3508211810722801,94.92173294515196,14669847702.35706,0.0006823641796842
4.2526544511109625,0.0982568601639145,5.404188006838503,0.0850660625531666,4.393285292246662,8.040502420471924,0.0549180115238563,66.10341604075342,10331059536.400574,0.0006974575617944
0.8885568632053281,0.0571264527698435,5.781043775548861,0.099459418034587,8.827478418211275,5.205301930408898,0.7493641753310281,103.7925999683284,10977843129.551058,0.0005620085238615
1.073345118483781,0.0900888512471231,6.026057697486806,0.0845536142331862,7.659711159948472,4.775917931966936,0.6398531627877584,106.62945580243988,16065756220.48398,0.0005859385040911
2.459953212993954,0.0638524983181548,5.422486626074247,0.0305837066408306,2.7426351689841475,1.0233402160429323,0.5875260758035924,88.84416718494552,16965020343.268148,0.0007760969007561
4.5807511493025945,0.0535617048265158,5.958240557770207,0.0285008425864619,8.93669922082242,7.138121554478918,0.5899344301217385,60.71349619619423,11813603703.246706,0.0009725203939444
1.169561177144211,0.0902630864424173,6.078561817784036,0.0878459938064658,1.2050428693787587,5.926086880709747,0.198772333451269,60.32150856734278,14831635051.905846,0.0011359827638171
0.2738485795680334,0.0958218415044591,5.408128376121379,0.089470890368697,5.661710161778491,10.964712878177153,0.5386771112646236,117.81410083620874,13276636403.450466,0.0005728686235253
2.603099115422149,0.063631918684049,5.430454439888375,0.0403636815224911,7.694593944779801,11.648102722944524,0.5838130867289578,95.25588852904916,13595795648.846905,0.0006241966893763
2.467565611665043,0.0553206761279514,4.848284235846313,0.0766161083402455,5.061142353203379,4.9487991535240985,0.4394321778043317,126.86842316691234,15789168440.966908,0.0010071496910627
0.3810096228052229,0.0694032230898118,5.436064917903899,0.0826226058132879,2.957266812295924,5.8018435818569385,0.4344935664797849,109.28548689283971,13687570495.67254,0.0007107507562632
2.447234441716346,0.0600386000508184,9.55692793834305,0.0493456582406906,6.706407903670489,7.4758111989119485,0.7848355761699682,71.37312907670048,11178074210.451675,0.0011144169680558
1.4522494284160357,0.0764736724867379,3.508174269769629,0.055069362186113,6.937037137517191,3.258063225956604,0.0895972455512254,113.29420914130866,12297561566.526602,0.0005167622143586
2.534045381101376,0.0697029777724815,9.856809957930196,0.0584598252343002,5.10946369695126,8.359483759820593,0.7980485644714455,102.3490171725513,9906462102.913645,0.0007400507039314
3.3270014431727235,0.0950994776788145,8.17938282890616,0.085082976879157,4.663822910932735,8.129581898664867,0.0813214332519355,68.1410902181387,10614202922.15492,0.0007065171486079
0.938300548458844,0.0540770188604027,6.297296005139144,0.077351701056999,1.0280066920963924,8.242211247528552,0.4007004288645324,127.79493638093004,11972797304.761272,0.0006436487991179
1.1488185092766825,0.0882341144464524,8.807239958818691,0.0944054573607782,7.708772922813186,6.237071761910115,0.7406516834949282,112.1003387978201,12181950503.268726,0.0005859791613744
1.569478840856421,0.0966823680414599,4.1868798221208205,0.0814100004995193,7.3906512691842,5.670623348653292,0.6041462110710591,122.1960208587535,13328562356.576763,0.0006857056632113
0.6354938530301352,0.0859707216465338,3.169879242210756,0.0689793834978363,5.860200861907347,3.369274652034488,0.0259345272418302,105.08814206180745,13511620105.199093,0.000556353484238
0.3314445888607092,0.055928660239537,7.676496830276067,0.0598215554247786,8.912741479873066,11.191296315117844,0.6488799611303575,89.89802513797021,17912815590.924866,0.0005603376847385
0.9765322886477966,0.0779715129368692,5.153268642625206,0.0370524344565579,8.28428924758122,9.470086658833976,0.1055892671833202,106.8295112160015,13968577141.046455,0.0007520267398083
4.452592349615639,0.0851841361162797,7.567282489592999,0.0188972860707883,3.077805974741794,7.53730937440284,0.7929223467583737,65.77572575041351,18532666471.2629,0.0005142223887635
4.169131388268138,0.0891403323529674,8.706363194604345,0.0685641570021416,5.45174900096684,13.572104853360017,0.515570135564919,113.48182063951172,12847870064.771845,0.0007098040283796
0.8296824685958143,0.0998926030314886,5.979305688980054,0.0919263319801585,3.5552837378777298,2.901614435722058,0.6042100593360985,100.44018784819404,15747150530.111858,0.0006823072588832
0.3853723440562937,0.0696869892261548,5.618327303613447,0.0824925113474588,2.9512228426636065,5.699406039510038,0.4038104485230667,108.49108795984674,13919317232.138391,0.0007299651985774
1.096856311649644,0.095266111614811,9.655307700294031,0.073354092195816,9.462571766252657,5.9545059219010925,0.1604298551309435,127.6246062934654,12538602809.351028,0.000603525645945
3.890699989898878,0.0797131928150092,8.41832523228591,0.0864708541456023,9.802661413437958,4.679961854443861,0.8212553900982515,94.13029978851388,9499244980.371256,0.00095658412886
1.5973504779873822,0.0523340346558249,7.184100651182345,0.0464374353346146,5.702971767157694,4.258256439634817,0.48094488160633,94.15762155491002,15579563646.788338,0.0007818562321452
3.38885484104504,0.0968187479825507,8.480724743611447,0.0587920238137078,6.402294219538892,6.855388381802842,0.5600985364423382,69.04145004766892,10407186501.36836,0.0010047191973945
1.6888254573523789,0.0471938543967999,6.074055265941985,0.0934556170796113,3.995288431790444,2.4277911674961907,0.523376724146208,72.6149343728735,13216056728.25896,0.0005133994739846
2.86430637309986,0.0879435432747108,6.954118999544859,0.0528377594402071,0.1643769798734972,12.574226048955005,0.8084765576180765,81.43360785328998,15960949497.451723,0.0009225924296665
1.148368003997627,0.0898047630008569,5.940816415554108,0.0838447379073644,7.705483203186026,4.693914051280194,0.6264643361679237,106.55532351513104,16144736532.941849,0.0005830033774918
1.3075949099255395,0.0898161781810262,5.55470519109605,0.0559222040319405,9.603866978663318,2.8444509926613355,0.2000170550258251,118.21337785497892,13597333507.005074,0.0007273488063947
0.486752149349444,0.0561435252876388,7.788543796013847,0.0851634613937358,6.202516374641628,13.013832137545116,0.4138679143617287,120.38010936769722,14010228194.860777,0.0009324422597429
0.6294027539384678,0.0551853512583864,8.052945420312001,0.085501820796733,4.257684581442298,4.17001219340707,0.3553289253715385,103.13844567381088,11936328420.431845,0.000597794530473
1.1977322916431266,0.0486773518824527,3.813782889255698,0.0421690930229553,4.9839122601287,12.663978301235428,0.5788161869673093,103.98941400315324,16668710873.45587,0.0006918581042162
3.915627572275276,0.053128322229549,6.5633546627445245,0.0505007402826107,6.194569776213338,12.333496675566243,0.3140710946320987,119.2352123167994,15743107217.081142,0.000844379736902
4.435904434408367,0.0493637147378006,5.8080639575558335,0.0568791576390449,4.780186790367151,4.66227036500373,0.0847013580139407,89.23206186602715,11136382894.31847,0.0013912769967273
0.7382728394288786,0.0415849828184219,7.810706383346526,0.0452002791423095,6.497988209625888,4.602834967171393,0.3064106227070888,100.4073110385202,14744093150.487425,0.0005158579335149
0.3936957408844141,0.0848286086394264,3.568654729012261,0.0822635820253185,2.207595159907356,4.2342000020451165,0.5707886346523616,94.37633091228636,15326656836.885756,0.0007185054520808
4.093469094308047,0.0890728155098805,8.22188416994249,0.0555263222188848,4.423387089099669,10.169666539063382,0.5031499947547166,84.93907052684469,13114391441.721228,0.0008866627472956
2.713976985143005,0.0986163574026539,9.06625355956245,0.0970954800182411,4.478026670348878,2.627740531100256,0.0109879373389404,88.74486198719522,14379039785.131369,0.00058524530262
2.0245333474343568,0.0679861769597218,2.8040790914607063,0.0504796360005943,2.6750989518254995,11.83210111640992,0.093700495342206,102.46840555283973,16959008555.88336,0.0008430755330103
2.146186972180694,0.0536711408507713,0.9336673919568688,0.0603855748041909,9.559778958996768,3.9798952152830234,0.237590903255525,96.2626759341724,18338337786.43784,0.0009849736007784
1.497481472255113,0.0397778517543236,6.946794704272644,0.0847656618333258,0.9955155372186896,11.140299531855776,0.3373703928062262,119.9747770436517,9564982593.992476,0.0006675629997891
0.1748388813756174,0.0620711799112161,6.29959921405806,0.0956908769984286,5.1649801330962735,1.7975402052906244,0.1208922003559082,119.22935559038103,10574779409.28321,0.0007696176351953
3.197203187118779,0.0936612296799047,5.806131640157225,0.0944330693644879,8.39563120811604,5.290348322119568,0.3066611669008163,121.75028409804656,19345570334.970043,0.0007951585029074
4.42066440710202,0.0358389309695102,6.863321868432656,0.0646479989320139,2.7795426591455783,4.562038834889368,0.7556453391607135,95.80997718338256,9069771585.623056,0.0005647158030876
2.262057401846262,0.0621269603953906,6.629403381598412,0.0341566686065955,0.7662999995728617,19.36886826551192,0.590435523968593,91.22623333152572,19856131223.31421,0.0011601856512475
2.519451481415445,0.0914241521159674,7.972354947475737,0.0962285569809454,2.715789196149271,4.562452447681292,0.3450903000068084,85.14678818582638,14329538170.558117,0.0006301774311665
1.1198747072353703,0.0831630202972336,2.4935688956528,0.0571071575941413,1.8383766755703064,14.020378980264312,0.0527463728744927,95.58276408979631,18914055903.27232,0.00075555288565
1.3200300604330206,0.067076167482258,4.483078501516736,0.0606739551422315,5.983202798862654,4.655672132268994,0.5010078179130206,98.69750043164156,13678335119.575428,0.0005408154433711
1.5230793278455284,0.0337330648969856,3.623728040660291,0.0430925071862214,5.508265825260596,11.543233925901957,0.7454135957851155,73.87313131253504,18738187095.2752,0.0005283456035585
1.1644674058450004,0.0445687746295749,8.899245772561244,0.0837640489532772,3.8791151000300648,8.059640111124702,0.0957660285878425,125.97749064113832,11543375823.71774,0.0005207402440103
3.146813786701636,0.0978906446253751,4.705567772995533,0.0870067613395798,5.373322880225492,5.30091446242619,0.7114765511981803,65.30943446213297,12961215996.770128,0.0006793257126943
1.1839535850597782,0.0763555111097304,3.666336604266637,0.0514305426172948,3.503519459015072,9.879084181779335,0.3145200842651812,90.73115176976434,14892152309.90208,0.0009813459244191
0.6642570816007038,0.0858315691085351,6.090549181242784,0.0974748374521647,6.370338761274146,3.667205099870006,0.3490581296005123,120.76627010292655,12999417589.062117,0.0005066583938748
2.0240105271570465,0.0675789589317038,2.760764566054423,0.0505985058813999,2.6752186152275423,11.799304411956236,0.0928773671744599,102.2205657766669,16948740390.09838,0.0008428290060655
4.130906871249231,0.080809498189973,7.31034968628071,0.0585503607393228,9.790133024703827,8.497063088794329,0.7976870244560097,95.18924181842884,9166908612.23343,0.0012117818363056
2.4967435664831066,0.0514036601571085,6.152732721335316,0.0949996851324446,3.920859401367606,2.62677518610576,0.4308782359417561,114.1541436960694,12089111553.270548,0.0010808039154544
0.9554045333830564,0.0552674196741711,9.018296267148544,0.0735835046980826,3.293088665928161,4.228849358985522,0.2713246316001397,125.96246489626928,9526607917.948751,0.0005921488095358
0.9733231898304106,0.0797681663430615,5.84914363249312,0.0395020195979177,5.689211981864363,1.6435672157524694,0.4408250711191157,117.77415318014292,10626905065.376266,0.0005829775778336
2.167419999914192,0.0825086145012743,6.867066481641567,0.050567090179706,4.679826953912239,16.248782388113575,0.236758595244595,90.78986333707503,17132256852.56769,0.0006444219654883
2.501227756238612,0.0589964604603015,6.811380065932135,0.0381712073932314,7.592719393550423,8.213691295971845,0.7754797539914241,73.8396388005458,19305892206.85185,0.0007520329575195
2.276788153544236,0.0517435914015896,7.82651834269631,0.023798128899631,0.1249707223716093,11.76030296472772,0.2110145322936763,82.2287241118805,17886922469.28292,0.0011507421727251
1.673731041044193,0.0530882438692199,1.5128261446719815,0.0941713708895719,4.152269906154556,2.906584241494423,0.4807012217629903,103.03062036579684,10120026669.66435,0.0006196227141642
0.7200832444237265,0.0489982571676375,3.332011364544777,0.0409244088318729,3.933327000888572,14.02480335255124,0.378248452521585,70.94271805207636,15744015143.354343,0.000650682700043
2.8342495768007905,0.0759607769218667,9.973419176582013,0.0947641087348476,9.490801808259832,1.544609578807535,0.7578623196330888,71.85126552630848,16182872476.46326,0.000735430736243
1.727258899663578,0.0480924906484028,5.980546768815687,0.0943659565870539,3.9690844416645135,2.570665814099955,0.5120644941648244,73.22428453533016,13402426953.94707,0.0005177222133013
4.575534253731619,0.0951873050796378,6.9198302284640025,0.0785630862172183,2.2920456950979493,11.423419084360493,0.2030169727068882,80.32827392416506,10109246187.054266,0.0005000907057976
2.3434060039572624,0.058405460837531,9.793767006430222,0.0284886660469308,6.487427664813064,9.425057520865476,0.7992538703541351,119.6232686225738,9599314390.173264,0.0010550222238723
4.090575180126355,0.0804081248036461,3.721569654757048,0.0747044260023546,0.9647906779360292,9.286632347300522,0.1258000872183,94.91430199206226,17350690189.753815,0.0006119036036752
3.7476611628326544,0.0910946436632771,7.254800446815799,0.0613449811457416,8.197982074267872,4.75833755890611,0.5279931052479826,72.29255568937901,11410607039.127571,0.0006845680337002
0.6025380615044811,0.0588768905119767,3.028752285437502,0.0867057348434887,7.991053744771333,2.900756501069634,0.1665977912298815,109.14355767284466,10793781428.601562,0.0006781138563976
2.1266795765071778,0.0837084376858925,6.437014375192096,0.0874945893814695,6.217127603725729,10.741467211873456,0.4110492454784433,61.43485075068087,16005417773.568563,0.0007325092069168
1.5860151951893522,0.091118835648378,3.6936158985641647,0.0312163030235761,3.553806870650199,5.63837999972828,0.4778538621906681,104.2848509397182,11995746734.09202,0.0010517444280558
1.5441763176444618,0.0548140532087079,1.907087853640128,0.0209388520804832,3.285915501403622,14.64649506770154,0.5591129130730159,91.90556705609704,15358009962.636694,0.001050781109862
1.7403755644052328,0.0478756973242024,6.061358961841573,0.094365103514838,4.026015966012707,2.8329175977261416,0.5084034187751754,74.64874354510012,13390146592.163754,0.0005134065010739
0.4639004135792968,0.0464305739541045,4.422556068405147,0.0534552452390071,4.453431428930097,9.145538671202818,0.6485352035339249,129.00013865536525,10323083741.498308,0.0005007080117278
1.5364619664086654,0.0486603845262394,7.755991788207576,0.0233270028094562,4.9162545397172375,6.962068643703151,0.6629937612078828,119.9741418051486,10626393404.79518,0.0012423166523252
1.7472665665568237,0.0480245318196036,6.060177885752148,0.0942075682321583,3.989571402001728,2.6306971724502604,0.5110922554373882,73.53997448079805,13433816366.619743,0.0005125248101504
0.3506427753668054,0.0957255607428859,3.674872937721904,0.0611457546154215,8.207946885572653,9.695087769115212,0.0564581892029882,107.20112635949496,15674447459.87148,0.0008425011513569
0.2071520739425722,0.0413715980466913,9.436710224121736,0.098189083572959,3.8771303685420815,8.491720721860482,0.2790523670011813,117.17231015290912,11404236801.695076,0.0006181433173529
4.561365662859155,0.0413728122016848,7.722380180169923,0.0443223976632909,0.5277626392531426,12.54768259385279,0.3344319072558366,129.72875953267692,13554250644.957882,0.0006330341741885
4.8760626221000445,0.0710590915106725,1.6848860281405855,0.0563666189311851,6.23852986427969,15.117343257013433,0.7621604633616406,63.386714604880986,9352487189.548174,0.0007238766177864
0.3419677874701871,0.0581403706469314,7.282554743079164,0.0951189814794021,4.371288516185985,3.721711549611873,0.2548723724362483,117.98405280493098,10203533121.282288,0.000777477845339
3.2676687395945234,0.0662869551897374,9.97145453946796,0.0977759959777186,9.548258163449947,2.470663020563815,0.749114191073218,70.36344279013146,16890094607.0571,0.0005852607721642
0.4385751718130448,0.0558882034784633,7.672263170130285,0.0599931667764309,9.017863789848075,11.190826415489031,0.6662778268771283,89.94710225130528,17991797953.555016,0.0005708949833819
1.3887930698840898,0.0500457122875373,7.156046836095699,0.0869652179887966,0.1846717736831921,10.178514928584136,0.4706024370714323,107.71303348257376,15399925128.598858,0.0005912692101535
0.9864741682444204,0.0698572465504287,7.743252944930899,0.0418742241105267,1.3808997317511984,6.046135195255947,0.5193579438143809,95.08050714559242,18318960352.55075,0.0009631399137034
1.3686184255352087,0.0602437314047655,4.888564018277835,0.0861876889086394,1.701776542625526,2.8155581349958823,0.1028000473193917,124.42358917385188,12355390192.1301,0.0006540561773912
3.2121555286687253,0.0898646038125374,6.974682559618149,0.0507986508465824,9.212896424695334,4.909016733714089,0.4045737256636447,61.13731124182652,12487168872.285826,0.0006771830030065
0.6867911857870727,0.0695014979693347,9.153571546225212,0.0545843950486389,2.811474093123263,12.91622074955669,0.5915468855066699,79.46413717242682,16422912013.995005,0.0009830496886694
0.5900129328157577,0.0752331259657477,5.93143146057887,0.0885977038523661,5.43341019566954,7.145087253983789,0.3382347319193035,110.74421024780382,13778682895.23776,0.0007429779218825
0.4541458218689589,0.0650325657238819,6.206841268293148,0.0872800441434124,3.5291391381288677,3.105575336162014,0.2068741113209099,116.17636640450912,11278705199.839771,0.0006985793711533
3.766498213653577,0.0888189351978496,6.901806797395399,0.0642686636339033,7.878942111391385,4.780007643582361,0.588972537671401,72.3886269698729,11223435336.306616,0.0007008181558066
0.6779840481127698,0.0865096761364855,6.596275993679025,0.0737643350655486,6.731283952433171,7.727248326131515,0.4760139840886981,109.13312316756073,12318524581.088749,0.0006891530080648
1.1720571322852502,0.0730886304060764,8.895121213588864,0.0746453400846229,2.0601518236311884,11.060668052266331,0.268290545913854,84.40490519265882,10783267668.192007,0.0006918808378418
4.084032803358223,0.0810041181389162,7.173395730295233,0.0588942929177669,9.680923761862038,8.44801950502377,0.7960850566925833,95.40440516661606,9203468876.61381,0.0011974654655988
1.2168834045297354,0.0638763411373098,2.805571593270985,0.0957604364524793,8.470480132747234,4.238159254026682,0.4107648494337464,84.62975939348622,12447141539.257608,0.0006644285108982
2.6445973229823823,0.0707958582949468,2.384231623612422,0.0815628768421382,3.831865655988429,6.883780023893918,0.408210405828563,94.93987157232088,13174820061.799314,0.0006461011518348
0.4773454864150712,0.0620914345715208,7.042403542547432,0.0414544599514957,8.106429373574006,10.485324379487931,0.6982493846199882,106.31656082754246,16798955461.079117,0.0005675368290566
0.174952436203128,0.0620837458406669,6.301511012158724,0.0957037015858521,5.165535494427044,1.8009434794041146,0.120893260702708,119.22744430082554,10574174164.928225,0.0007695451200896
1.9324043089269969,0.0597937591491395,8.608411299558156,0.0793853125493531,4.2950401815978845,9.46781568648176,0.5380427245644981,77.1236516683541,10996764643.15337,0.0008638491233307
0.7322060947710491,0.076411099317268,7.184274567254335,0.062293967067009,4.0546614428778645,3.337150747553068,0.4103235229839334,113.30816362181277,10206524152.014029,0.0008382737324535
0.663800235912509,0.0988652447915763,7.753077443009581,0.0405106205825554,3.241535750149227,6.459401260150009,0.6057776354200934,100.31550687953788,16135663576.11373,0.0010352712004203
4.091985344842452,0.058628967723909,5.888826879935687,0.0878836341514367,0.5307120670029754,1.4698035477796445,0.1257491034070249,114.47328917761294,18401713796.36631,0.0008381607905945
1.382944441814262,0.0665388729368542,3.630305813717588,0.0440026367107108,4.551036410307017,17.493683020106904,0.437655484168717,64.07681494578307,15646634415.976154,0.0005780805528156
2.634378414336604,0.0714685641035926,9.692968415851867,0.0996610000737822,6.810175067109656,4.172218574766836,0.4989751639041679,116.499309302356,13144561670.97672,0.0007630735201641
1.3837983455141545,0.0482630030839643,7.654377244394972,0.0648580000135479,2.318631555505859,18.439174555709236,0.2218279305726049,114.37088686635076,12780660272.666656,0.0005704536139033
1.3998554537914178,0.0778291037882109,9.370029769659352,0.0730995846367131,7.343707545683997,7.839779665965329,0.4031399774926957,82.03750529091705,17054812498.993908,0.0009369760488395
1.1363615528386348,0.098270104309979,9.542665954066536,0.0740726537453865,9.459440043880347,5.880408053612358,0.1513122195031576,129.8397920790189,12507820288.172966,0.0005993806355009
4.361302316404607,0.0644687872395599,8.585948305382562,0.0086666840202481,2.2180579702428678,8.095254095517793,0.7950377842580154,65.29608047157942,17555848036.155594,0.0
0.5686910973380372,0.0615672654428881,3.007044272726428,0.0989660853557725,0.6501009038629054,13.90499338409924,0.0652522961950894,86.49012313892017,18354961842.661583,0.0009167033179829
0.1444375067761608,0.0317363090697363,3.0413250616870147,0.037286853259205,3.5055633515753537,11.61370407091698,0.3144997765919236,77.6852273325101,15836027127.899874,0.0007282290079535
4.894127898767579,0.018147512855972,8.771995989929941,0.0458437481835736,2.78126268022517,8.56060106352633,0.8143890089562841,73.14438902732282,18587792604.29411,0.0008520387406933
0.3116776604168159,0.0580815131511172,6.227972072087916,0.0934654354029728,3.2917115340017555,5.862659355872487,0.2160211971449124,117.10934562134292,11964370901.540482,0.0006581732100571
2.473375765214484,0.0587633342883606,3.100681104633991,0.0520849769122678,4.892135859314502,3.588309654551751,0.330174149841423,89.5572294812615,17970774355.358776,0.0010115417222103
4.401890440219852,0.0991035051690444,9.021944398408426,0.0581556368501796,8.143676646859568,5.180916278612562,0.7365176829040321,60.4829111887893,11310704825.715227,0.0005242797996226
4.262321224427863,0.0244155569127275,4.028214304734681,0.0570940298793307,7.548516951052002,12.02369774747402,0.1282815351180199,72.31810268512459,18265729178.003178,0.0009778556613361
3.4748730570520627,0.0807903299998396,3.6465049495695054,0.0838647269442979,5.950881460186936,2.6393621501640623,0.4806376895217611,104.5879897829,13328557527.30325,0.0009450866065458
0.696492053481902,0.0630848388482838,5.302348521186436,0.0984016373632072,1.6322352846692212,19.524462622369143,0.8189804978234156,118.76321161916836,9968546621.365692,0.0008509676493015
3.656715164136606,0.0968622935423179,9.3663998136994,0.0517591867727323,0.8948892871429333,9.237370336868592,0.1896607113168495,72.50133399773924,11764467952.059122,0.0006832736055953
0.5162661136385033,0.0427697980537018,8.293853888891068,0.0823416928776148,2.92271968075786,4.945599244277717,0.3955988369411277,111.28146252834443,9772406570.86291,0.0005685332550541
1.6526873792935377,0.0499088348474252,5.299994745264054,0.0396645701593818,1.4308238620325693,8.140576416185253,0.0428727548637261,87.25053013519485,19901163830.186096,0.0007643567080902
4.511809722843463,0.0923717955918693,7.753684024681336,0.0804595164246741,3.521711250904991,8.868918150280143,0.180047807254186,75.4391034992393,14011976631.845867,0.0005268579310161
2.0306603015852773,0.062172631369087,6.032140948216285,0.0691878984632633,2.167336448194289,6.227871344498868,0.2560161534813935,71.45962932294024,14159022115.995152,0.0007583122720114
1.471604067765694,0.0447745635806247,8.854209153368732,0.075704673168108,3.175898625198237,6.2197652297067165,0.564556983233015,95.4290007291158,17876466846.325462,0.000738391737418
0.2845734302346722,0.0309945618021435,9.42539481860202,0.0179620070587954,3.808367365199665,7.492632970942997,0.8323555742349503,125.5997689852122,15849354553.970217,0.0
4.043782620965335,0.0843449389469732,4.243881405059419,0.0606006254385058,4.885807745611155,7.886790222158724,0.0385371974478789,127.57226170904067,9180973267.44242,0.0005937172018729
4.108784693095045,0.0810911559443221,9.220734297943949,0.0533727392443589,7.016600819442656,10.964122163952702,0.8258992708681844,64.1698408710035,11558279835.857763,0.0005448616554661
1.7610633309894668,0.0680108194926803,2.6674342426008444,0.0523002415555548,2.294228706077808,17.992101964385192,0.331674512880995,65.23725007778337,14476714754.47414,0.0007236425256343
0.6691340396249345,0.0745729758515972,8.53974497760687,0.0712481764833557,8.150945263299317,10.403982407514905,0.8175473689947829,112.74833821960496,18028247873.71121,0.0005684544982666
1.4226407884022878,0.0788896433678541,5.415135672860615,0.0626535488563904,1.1140175721827057,19.86899482084587,0.4582267599434297,100.28597427057844,18903128580.712963,0.0007767202593064
4.561188534853766,0.0740233508076216,3.279319934745509,0.0811845310926797,9.343268276336955,4.88243492746706,0.6754149897700499,87.52427596244574,17985448858.576637,0.000780612110638
4.702840688811036,0.0666772923303374,7.636313288759344,0.076506929745718,8.940150034251662,14.054206760785982,0.4138180026272209,99.08220962710988,11248859158.166409,0.0008254616164982
0.6691340396249345,0.0745729758515972,8.53974497760687,0.0712481764833557,8.150945263299317,10.403982407514905,0.8175473689947829,112.74833821960496,18028247873.71121,0.0005684544982666
2.1197715876098715,0.0736252744420348,6.576059767739609,0.030765734406493,8.959889833048436,3.28665830309048,0.421330096565515,100.17765524915916,9707275462.797112,0.0007141943072034
4.873145005215627,0.0918256992401658,5.919918108230749,0.0637454546671517,5.025884418311724,9.511450852341982,0.3410128236255179,94.57828335447692,12483200476.587254,0.0007146894704513
1.542673442261424,0.0548397906320311,9.857342119349653,0.0308724847480867,9.505404222459504,11.094571684213047,0.6522586230640519,119.78744319907491,19657279626.584564,0.0006541631891269
1.2601440295281168,0.0774954116481693,4.461327757434718,0.0476915535193238,9.8010272363479,9.132614577618316,0.2174371914727851,101.79507842078392,13964691474.674889,0.0007455112059654
1.9563966975033549,0.0550402239620684,3.642749369414005,0.0503577551844245,5.332704750030026,17.94136549973959,0.197865711426485,98.28026186220598,13359651906.367098,0.0010056454323598
4.507496114774209,0.0926220903769936,7.7520774431134365,0.0802858872829201,3.5122458177315257,8.865893670620457,0.1809348260472942,75.54040807438642,14014739591.13905,0.0005264808239993
0.5329689770306875,0.0857636037220967,3.071987775459885,0.0690609361632461,5.825435851398314,2.992157483571652,0.019326565167333,105.23636656574044,13428391277.359203,0.0005475675227347
0.2786495859431802,0.0708495287654688,9.681245171079253,0.0885461008279418,7.366559023952377,6.194451342766617,0.660951534823467,126.11297163109512,16803766680.074957,0.000513836729428
0.3922168048667099,0.051619740354812,5.4564341498465625,0.0634319022940085,4.491563681517343,5.7674856442212965,0.7757776081332451,116.54317463405448,16656682724.96777,0.0005009720457487
0.7200832444237265,0.0489982571676375,3.332011364544777,0.0409244088318729,3.933327000888572,14.02480335255124,0.378248452521585,70.94271805207636,15744015143.354343,0.000650682700043
4.16490358999633,0.0958911970001097,5.941909374343172,0.0887063235329201,4.756825809980066,11.288906847571893,0.4742207512095556,62.13157796474696,13413932845.552391,0.0005465583697195
4.5558213999234205,0.0861410568940005,5.613929902746734,0.0913780441760426,7.445034131360245,7.45212830116781,0.6004908807897941,71.43019340756352,13426125597.793348,0.0006468795130329
1.5441763176444618,0.0548140532087079,1.907087853640128,0.0209388520804832,3.285915501403622,14.64649506770154,0.5591129130730159,91.90556705609704,15358009962.636694,0.001050781109862
2.9055035541539382,0.0578447263855005,6.675900811859598,0.0528763250977591,6.127819635266003,10.469335409195894,0.7643428774726935,113.31798015945384,12006951721.62022,0.0006960777738538
2.733156111976192,0.0986329528280797,1.102694678203285,0.0859418009581682,6.521848905323328,9.081457168369074,0.0148107481001509,94.2122169770978,14098242405.667393,0.0007624935418597
0.4132630593435104,0.0647857876508727,6.221284300398422,0.0868024271841241,3.426676253857508,3.3105991386218445,0.189346047889251,116.07831232594046,11195507896.022194,0.0007090598930857
4.359311194631956,0.0878356594732663,1.5810404206620354,0.0875921328561608,8.59504143214284,8.49022779919838,0.6594290763717927,89.75738431955747,9373687235.96371,0.0006813698010372
1.0630459049366752,0.0930909006360045,7.011177145696019,0.0649653750525729,8.528164094654088,6.728155628327786,0.380765962616269,107.90760403193448,18036313560.895348,0.0008066457392712
0.5138490735952872,0.0398584825371693,8.11455386654124,0.0828249538232834,3.1195631375340427,5.262323016452821,0.3882857826273673,112.71612497897031,10030796361.158178,0.0005664297124389
1.095531667039593,0.0951537374519927,9.65927672060218,0.0733926463341904,9.456204046869663,5.944740933005572,0.1608778266595656,127.60677022438594,12537853323.3749,0.000603990586553
0.8943659737567855,0.0436180766580932,8.934020895553498,0.0459239640555467,5.728602110867839,2.9498416356753934,0.598022174663192,92.61567270714065,14686926812.51856,0.000510259359117
0.5393751981200885,0.0949641790944485,3.878847215539494,0.0720949039037973,1.174621261685722,3.2596248869323814,0.5504964745601308,94.9176035273824,18434854509.6806,0.0008492718993148
2.3201912724765847,0.0726581814929484,8.846674553545927,0.0260729899808478,1.5552702877032716,14.985266282406483,0.534176475856857,108.16735330846566,13764147820.214533,0.0012303999419654
3.940865904149247,0.0781108575616837,8.962496320876824,0.0194662823617048,4.024938818049462,1.188497068628629,0.6645710247205275,75.44808819172577,19820341153.01408,0.0008772733503842
3.0636498262782768,0.0411727498001339,5.633670685310321,0.021902890766623,6.299221503674804,11.520446272917075,0.2154425570820143,116.96751945340826,14404959145.584526,0.0014580531806042
4.724560360878884,0.096628905063556,8.606935998419663,0.0542001369910874,7.275310912333632,8.106747684478016,0.4823289792464771,73.80248828637455,12700790142.14038,0.0006741774453256
0.4669116052598466,0.0662688278398297,6.14256674778124,0.0893027658117775,3.584412282230128,2.764851272541175,0.2080639806267388,116.3597572777024,11249290712.017427,0.0006978876300581
3.0778363851339825,0.0737847422718262,6.809713154753504,0.0362319214408369,8.885807406703433,7.466437698373358,0.5132936337793973,106.2448122447295,14073933716.430798,0.0014145391083058
1.5476936563859636,0.0476173570865027,6.574337724386845,0.0333684626592448,2.778511454010769,1.435603673847724,0.7311889464840045,92.87261226844883,19093958750.883038,0.0011049329382476
0.7178206949422505,0.0627622953310735,3.461464618170999,0.0684504859734412,4.003606025155401,6.891499132410898,0.1643612670805396,87.19394069248095,11387967699.267662,0.0011598371608176
1.2538128106078148,0.0982603302811842,9.138507191529714,0.0997452825672921,6.810352177884668,4.0012411309371565,0.7477154218615896,84.71162665791815,9713626141.42554,0.0011280222296785
1.0841108863689588,0.0708888169644396,6.709336487009068,0.0765176321266829,4.67364508110232,4.086052874452775,0.5143566376798695,99.386721302795,15681976212.785612,0.0008151346744526
2.8573148170952103,0.0961457989111383,3.4151671932753187,0.0379570733184096,4.453406490654918,4.38999249114433,0.6146931557956195,90.87684762277554,13172198948.09988,0.0007954008179126
1.9273587963088687,0.0716092027939302,5.653358145052739,0.0699964582319851,9.785454842446883,9.553021261939795,0.6518887202940286,105.8227604187816,10661918588.772247,0.0005629966388065
0.1414064421060397,0.0891488337473543,5.396984664443299,0.0896122470032732,4.599858676194748,6.376455460055958,0.2374747955012564,129.98270815081318,13625251309.2967,0.0005442950905711
4.218807151863562,0.0969611268470768,9.547691286425504,0.0453923263605213,9.831569344879906,11.59099697715174,0.7698815750273431,80.06905838766497,9673396402.803127,0.0006417208862536
3.431977233350169,0.046900734437223,3.947833607890663,0.0577522005827213,0.1876331983071086,7.61016744037228,0.6833364858797267,78.20080969513788,16012804449.216633,0.0009979108240658
3.851550007031213,0.0229766643391626,9.28398089613266,0.0166753450952645,1.459681475564344,7.642380407075451,0.247175742988132,69.85399518728684,15798968195.904787,0.0
0.3173101018329823,0.0339192351721592,8.081562927523757,0.0572813171058714,2.7752659753582187,8.002986789131848,0.7727938094218186,118.88060112042466,17716103768.62207,0.0007028556968436
0.3408791296104306,0.0580998594082506,7.287124934215103,0.0951442120281094,4.366962780314731,3.718402403531999,0.2551403460857923,117.9583519692028,10202270215.480087,0.0007776308262765
1.6888254573523789,0.0471938543967999,6.074055265941985,0.0934556170796113,3.995288431790444,2.4277911674961907,0.523376724146208,72.6149343728735,13216056728.25896,0.0005133994739846
4.780075576579751,0.0686746591582795,4.703802378192561,0.0288838911575944,2.67504239315377,8.274969015564546,0.1340079825162979,110.26014861530174,13192403937.493694,0.0008187789063734
0.1303661841337366,0.0920174157615105,5.532603415630255,0.0864167514920928,5.164661223219512,14.145461865432065,0.7086412248168479,128.49830486800926,10219224991.05275,0.0005339915870277
1.1579871013136571,0.0905582144767379,5.846460943056605,0.06393784122847,8.730051226368921,3.628383947527512,0.39556655934787,115.14356553751963,15471728778.357475,0.0006670234848079
1.391480920933697,0.0692293075083975,6.881749304057908,0.0821206686354039,2.691638256982996,1.6170197882449608,0.3860333416995269,113.90687885284244,14699669691.9427,0.0008565191814182
0.3408791296104306,0.0580998594082506,7.287124934215103,0.0951442120281094,4.366962780314731,3.718402403531999,0.2551403460857923,117.9583519692028,10202270215.480087,0.0007776308262765
2.6217630640191683,0.0825307691124585,8.642886626815091,0.0794329982857585,6.113258010427409,10.782458398895638,0.4028322377694329,71.29597721520975,11966425417.077934,0.0009394363124469
2.049470831592512,0.0913700357531647,4.672331767352755,0.0268794830428354,6.466833502782319,14.998985638308955,0.1394520475579199,74.44865879927661,11155009828.88448,0.0008431167615029
0.5240752668526627,0.0519516109230429,8.717756023782774,0.0289509642008088,7.106258311394969,14.668213933722331,0.5917305422614848,122.69780364547556,14859478228.929268,0.0006966817855527
2.7567380014946767,0.0971892128029008,9.50372741583866,0.0924741738056506,4.040797743447345,2.63523863212503,0.2256034659194021,86.29763778123842,13937558002.890402,0.0005355259396568
0.8885568632053281,0.0571264527698435,5.781043775548861,0.099459418034587,8.827478418211275,5.205301930408898,0.7493641753310281,103.7925999683284,10977843129.551058,0.0005620085238615
1.2700823802668475,0.0876820493330534,9.238657595729627,0.068881055846743,8.385842231028033,8.063109067029954,0.711271329372002,120.7719763158996,17641227083.519127,0.0006093286679176
3.7095817659879664,0.0997259798771306,1.665858580292563,0.0872614255290492,0.5273092952595618,9.73904165480619,0.0333439633496538,75.43889364771212,10028020031.215605,0.0010728047456502
1.6568585160905989,0.0777032008978728,3.689137018730504,0.0850284819438592,6.778018223401959,7.417415334754977,0.3532388789617691,119.60137220280392,14221259458.830036,0.0005933800514362
1.631532750810986,0.0820585513970222,6.954459695692097,0.0717517684545467,5.569816708724948,3.3295878938621093,0.715703819329689,93.73117723463434,18160280796.11489,0.0006911028121381
2.5200011172618675,0.0805502165063426,6.850945052274093,0.0611182386455874,7.890956373116151,1.4559451726461958,0.8285400600738219,81.59725282235149,16795201686.9798,0.0005851586747259
2.5294589620330625,0.0395831775600087,2.555434757873612,0.0389807354493482,2.7795864160025423,12.43677872460676,0.1140091595066561,129.7538380705459,19097827544.858814,0.000898418357488
1.1363615528386348,0.098270104309979,9.542665954066536,0.0740726537453865,9.459440043880347,5.880408053612358,0.1513122195031576,129.8397920790189,12507820288.172966,0.0005993806355009
2.839000233887816,0.0825136810833362,8.62149288357854,0.0517835847404317,7.250146798899748,19.569371605510785,0.3843980144741481,82.69323806550044,12842600253.336773,0.000843899508137
2.3336705212441817,0.0840368681726957,3.9740121865289497,0.0506046768730114,6.635079356615311,5.425942192771987,0.1467669329935067,111.766435990989,13072957623.391146,0.0006019370844448
0.6845003145803907,0.0449087370806655,8.753513204549837,0.0697109900995938,7.197463958663415,5.838076027636783,0.214648748212729,103.92434484291611,19100733081.28248,0.0009883200378286
0.157716601949218,0.0811900930151992,7.036084142568924,0.0875222038848465,9.151524114817404,8.205058212136109,0.7540613133191628,123.5470519915557,10989397594.692797,0.0006340562635971
1.6931302191167787,0.0815702000646873,2.295317798683641,0.059195918863535,0.3978511268093824,13.78242990982775,0.1571883233205841,114.1061396393494,17961917446.25063,0.0008222088503928
0.2461618713397509,0.0994048682545947,5.039033777601805,0.0904130488156504,4.562147779794593,7.569348646843272,0.3145903183382268,120.45867746130122,15563732949.31993,0.00062556399196
1.312516778449143,0.0817969834910043,8.600418795400724,0.0869914672723458,9.75126545724601,4.510356885520038,0.3812467905703559,128.1518616654194,12271092840.045956,0.0008096773844528
1.3197778561514977,0.0752485122751177,9.104498618974135,0.0445949377528506,5.877898381784428,4.938852947026171,0.1845695943722922,118.52450156230285,10106741841.566471,0.0009542309604387
0.5527443833110482,0.0109559050019339,5.37276783522856,0.0906652694602006,3.292445923435052,11.51332722805046,0.4375229352607442,109.06212951290918,9029709275.757814,0.0005582853646595
1.6516554300599446,0.0774992806796782,4.586917571332453,0.0174500280833916,2.8513744340696263,4.239322690333323,0.014354821067916,88.38561012850853,14706214050.028406,0.0
4.56617532526771,0.067061515614694,1.9457934054699988,0.0574120397073398,6.999387631283201,11.583915777494628,0.2480581885929315,71.5962344755528,12541293557.908009,0.0007759415390044
4.77130532176988,0.0901334570751843,7.041956803767362,0.065218675210763,5.559650057289545,4.21246133376109,0.7207376021122159,106.52628584881236,9713023788.396662,0.0008083091094634
4.249419632001661,0.0869380785523972,3.4106677724098016,0.0658940716054367,3.340639384593284,11.458079542250506,0.5007270717773972,74.44792189602911,11669466633.1694,0.0008356617200869
3.704176985885886,0.0088457816974169,5.410874069550521,0.0807060656488515,5.441026639401426,7.333392505419495,0.5218771960443838,87.26300854485577,10375892921.260933,0.0005903160076885
2.733902380343003,0.0969581919559848,9.491224949389473,0.0923824464156008,4.061969583874708,2.718617684364005,0.2262825495031392,86.15723283806761,13953656169.389734,0.0005390089967222
0.1467910551317496,0.0775015467700155,2.552575137960107,0.0770816583708568,8.970113017373873,3.763810197483239,0.3851735722445341,98.80548346193878,17726011158.573086,0.0006741292362186
3.656715164136606,0.0968622935423179,9.3663998136994,0.0517591867727323,0.8948892871429333,9.237370336868592,0.1896607113168495,72.50133399773924,11764467952.059122,0.0006832736055953
0.2673996118139454,0.0908731806157914,3.788648065600464,0.0627101444622727,4.201709480866053,9.179324951400387,0.2038184142973375,118.1635141662197,16974502972.293032,0.0006024803865294
0.7066587897202905,0.0869723233787692,4.3505767259497965,0.0986981034966393,4.79089670521863,7.078699334769547,0.4479477612956508,124.57022849021013,9863601247.975157,0.0005044143087776
2.142448736018653,0.0662168908330689,5.949966674981555,0.0648111632871192,1.6191332511216463,5.516637916537219,0.3893245874577353,69.50231616826748,14132219379.393192,0.0007423727573133
0.8432738879972528,0.0707655446730145,5.698945932003412,0.0201147001506023,5.919007472008241,2.566459795579765,0.465939565651568,119.18115971714514,9944123204.148815,0.0005744561091688
2.0290342462577704,0.0650525543182597,8.75462535689313,0.0842214336092085,7.442903876309531,1.0508733565088964,0.6657848809034635,123.67232442835504,14140264534.68806,0.0007156865208231
4.0161908437677525,0.09772171184414,6.438386287546229,0.0835702748676857,5.975156838572979,5.489457311245226,0.7879684776852979,85.96356119539718,11085621081.743635,0.0007094403117033
0.8850596029238238,0.0979565424503792,5.271674036847089,0.0811719078468513,9.696155536974446,6.690282189753627,0.4451526597473149,119.76721593616897,10006293585.07776,0.0009837709169915
0.1100526404150808,0.0901625636233162,7.586680518347069,0.0775490949544591,1.144410933804637,2.173000232063302,0.4185853805344357,114.58784769555211,12569143794.136211,0.0009056343303595
0.825522029432503,0.0582991740052365,8.806040432915346,0.0580063171757966,5.877903778509498,5.752413472400893,0.3630186002711554,106.51537370658208,19243142691.927406,0.0009946665116101
1.3579612617873609,0.0387464228840336,6.960312064711219,0.0847642030853034,1.0646719240765925,11.13467183938787,0.3486537307007852,120.41994138503904,9773441571.755947,0.0006559335506082
3.0778363851339825,0.0737847422718262,6.809713154753504,0.0362319214408369,8.885807406703433,7.466437698373358,0.5132936337793973,106.2448122447295,14073933716.430798,0.0014145391083058
2.6049233249664487,0.0699626724519897,9.545264177325317,0.0611539407522623,4.949487115586232,8.180792352457315,0.8467065282783663,103.71326071023694,10164866109.511806,0.0007444077659032
2.753363211554967,0.0786915452970396,8.328437316072877,0.0591182042531004,3.699557645733482,7.468353231920528,0.8311368947394884,84.69212955622275,9695041058.481888,0.0007780026010147
0.7522413984729205,0.0599343153203905,8.615881624687745,0.0696658411768629,4.599251690403189,5.329253690300542,0.0176371549752177,116.8004032212958,12149383152.311213,0.0007823343417641
0.6680717486065801,0.0284672172231003,9.273577541120067,0.0105380559155172,8.180428982519507,10.06535035297962,0.7255940180816589,104.1746423525478,19406734001.23244,0.0
0.7638441697560465,0.0756215826850113,1.245676459918467,0.0879377128473918,2.2308844324393857,5.739497781516135,0.2426143428221141,110.49900700687832,13394709473.418455,0.000749755912291
1.3075949099255395,0.0898161781810262,5.55470519109605,0.0559222040319405,9.603866978663318,2.8444509926613355,0.2000170550258251,118.21337785497892,13597333507.005074,0.0007273488063947
3.744627231001703,0.0910522926893529,7.24558084235195,0.0612874158734312,8.201543215954517,4.739937278180208,0.5281547768558987,72.18114740749319,11409045148.763727,0.0006842024773895
4.849531332472993,0.078396612322866,5.2002979131487175,0.0351065431731806,6.582615515704124,11.402610967431531,0.6089925794084089,72.89555239451063,17748195269.35033,0.0009417547677788
4.069018003422046,0.0854833932522616,6.389329949932583,0.042525785802792,6.746929515216392,5.767655778774837,0.560705408723029,65.21549093778185,12429864598.830626,0.0008267618055148
4.249419632001661,0.0869380785523972,3.4106677724098016,0.0658940716054367,3.340639384593284,11.458079542250506,0.5007270717773972,74.44792189602911,11669466633.1694,0.0008356617200869
1.3130511797280542,0.0237945375194551,4.470852777548172,0.0814012592439591,8.11948014078113,1.9959937031807096,0.210068988012716,63.70335989816356,13565478936.249285,0.0007157798189832
3.499233801906449,0.0777478406199065,8.690327923556143,0.0805050552650528,8.929179124803078,3.4969970683000504,0.6446477603354043,71.18794771108966,14310604370.210598,0.0006319119548009
3.238683853018868,0.0900519573995328,4.202081322506397,0.0748808271940779,6.075163542574954,11.305406536890311,0.4358616536996575,76.41753863589683,12341913957.814243,0.0009642940813756
0.8186020847029483,0.0925314061927441,6.122227368226138,0.0676732909441728,5.514712313211323,5.6636207265547815,0.4526891752384306,108.76808246494784,15134384702.940355,0.0005438294708407
2.501227756238612,0.0589964604603015,6.811380065932135,0.0381712073932314,7.592719393550423,8.213691295971845,0.7754797539914241,73.8396388005458,19305892206.85185,0.0007520329575195
4.522963759736736,0.0872013969117245,9.455978470043547,0.0448922520213768,7.358287958394428,15.515685207979974,0.7272461675662902,77.78443477134927,10975230017.450571,0.0011597809624841
0.2085390865406174,0.0863551185049342,1.0191312539958584,0.0422099933838099,7.18439912557606,2.248913384759149,0.2856423355196611,89.57068592273188,13874372398.288803,0.0005330225870526
4.515246950316073,0.0805911086288932,7.255335982994494,0.0564941419471612,8.733549358877069,2.2783286294940344,0.4520166475761416,100.03130257490656,12720547544.38452,0.0012174522770529
1.0154744966907687,0.0911933984439812,5.968331565007522,0.0841042175267671,7.788255346671359,4.888748756216495,0.6397920542184813,108.74096928828064,16172385776.668297,0.0005708035982751
3.7003598013257606,0.0833009609446068,7.202030876266155,0.0390472193231566,6.726038530755773,11.430120500682294,0.3925537834873971,77.35935021481289,11180886173.977386,0.0009008344623316
0.4931012447459507,0.062227035097483,7.073819542703634,0.0415122643863338,8.111803549697512,10.510500657448553,0.6973629423028685,106.30822302149204,16832291645.113363,0.0005658403471956
1.7152974595351205,0.0875689488064886,7.622634278316594,0.0824692371699462,8.60804577400399,3.99759595988811,0.738075474164824,111.59222081651669,18410876007.358665,0.0006372991237386
4.398414913279838,0.0936450428876978,8.968834868436097,0.0312187247061128,9.720580777266632,14.200231069649648,0.6562324847640525,64.10611131653901,10435322054.568651,0.0009082448066075
1.096856311649644,0.095266111614811,9.655307700294031,0.073354092195816,9.462571766252657,5.9545059219010925,0.1604298551309435,127.6246062934654,12538602809.351028,0.000603525645945
4.493700316718891,0.0889295156917777,4.066692426296875,0.0687163818486562,7.027491524497373,5.8345503603605104,0.6795734934160204,74.27460877966026,10869772895.327782,0.0005531362365836
0.2085390865406174,0.0863551185049342,1.0191312539958584,0.0422099933838099,7.18439912557606,2.248913384759149,0.2856423355196611,89.57068592273188,13874372398.288803,0.0005330225870526
0.9976752422690156,0.0910422579654355,5.992180958555747,0.0840987526296737,7.7947226281926785,4.776782490265365,0.6388223232139623,109.11230172806552,16152434958.951723,0.0005691516959255
1.040616845092833,0.0951774424579627,9.790846450394303,0.0831391174770608,9.887289866182869,6.581103460423084,0.1385880704659504,128.34743814015204,13427330323.03896,0.0005541845315034
3.267131329166969,0.0660679945463421,9.94284669457689,0.097780247360691,9.5342030859551,2.393700982961477,0.74739258902426,70.35157288514776,16892683415.482676,0.0005857324268814
2.69750861803875,0.0746799546188897,4.455450370832659,0.0576832010400834,3.582484515836347,4.615009702266235,0.2462506180454198,105.25566584438404,13416372015.401966,0.0005799198052002
2.485484812522801,0.0947146377130265,8.006230781250272,0.0556362244865369,7.484099612815666,17.617978248159012,0.021323365915084,69.31979295598288,14273573253.495,0.0007721068945481
3.4523491124408774,0.0761504317604493,9.33162950442404,0.0821021730255178,7.758742629818066,8.327069719957949,0.48628170717721,120.73049683679524,15901642121.079475,0.0008982489822778
2.986082078722227,0.0629933348258399,9.921607011260596,0.0272078853619236,9.41056261679324,12.442582932542235,0.6410995974457054,120.95584216591384,11198066618.571306,0.0007171808990951
1.9290484327943815,0.0635546387954335,7.811271076948909,0.0547366743066422,4.3008520302046485,7.614912374127535,0.5535056076858913,60.57312895694875,11382494192.5397,0.0009661768517602
4.943593711066883,0.0991385072309856,9.412822436788987,0.0507954492198227,7.86805098067947,12.038677692607802,0.6474636718234391,88.99153158261625,11545659157.403831,0.001003532419152
3.017833038225478,0.0837470147743052,6.359428203081258,0.0821426064952009,0.6439496817876567,4.881834225586537,0.3043501898862409,96.35310915724853,9128700829.658752,0.0014184508813063
3.1117728932617736,0.0966871738487405,5.062208394633035,0.0873189483651485,6.07231830574661,6.96148685180957,0.4196938001425279,98.10878796845569,12976110198.164814,0.0006888587404607
0.7066587897202905,0.0869723233787692,4.3505767259497965,0.0986981034966393,4.79089670521863,7.078699334769547,0.4479477612956508,124.57022849021013,9863601247.975157,0.0005044143087776
0.4813637348029841,0.0567142333698676,3.7756746616770895,0.0455224623012344,4.668609116654624,10.290596510051776,0.2897915808508809,88.19135392435331,15322504792.461348,0.0006574832935837
1.989404639207664,0.0945326488176279,8.454610915279064,0.0961548096276089,9.417433239469522,7.242608370936613,0.5544569562001165,114.48160958383453,17498389116.02002,0.0007520680179353
1.6516554300599446,0.0774992806796782,4.586917571332453,0.0174500280833916,2.8513744340696263,4.239322690333323,0.014354821067916,88.38561012850853,14706214050.028406,0.0
1.1015601222047846,0.082596853165102,4.727577547956527,0.0869125196369118,4.692044682577938,3.7214980900206633,0.4688499225366109,96.33513491002152,14320285804.125082,0.0006753777163471
0.7492467060836516,0.0450786610758709,4.398043785792815,0.0348012333306959,0.6013440353894349,14.520723851254338,0.2397677236105018,81.50361908851386,13937701543.772203,0.0006447058758066
0.486752149349444,0.0561435252876388,7.788543796013847,0.0851634613937358,6.202516374641628,13.013832137545116,0.4138679143617287,120.38010936769722,14010228194.860777,0.0009324422597429
2.9942263732981798,0.0914799977866618,3.656919982720538,0.0767635204112144,7.049036697690533,5.121720886125041,0.1209782557934817,87.97930177690483,12498567898.901497,0.000811497429388
2.1000771935286227,0.0831583587992777,5.930503250491712,0.0171687100072832,9.838047369077607,4.403636461920348,0.3072543320834831,104.84662884808569,9016943323.995935,0.0
0.743149650714896,0.0663997112556206,6.231540071902932,0.0858352909038553,4.8763643239473184,2.859719264804929,0.330304355241691,107.3325379292412,13105272153.998182,0.0007930299598919
0.5063518813093271,0.0412972859404855,7.563550820751836,0.0450260953120083,1.9166781538714843,12.156011623022678,0.316604536877129,107.55689712042442,15743734274.81136,0.0007626135734292
1.4765346644359398,0.0662333843475116,1.232404392342169,0.0340335190386868,6.649748126194407,2.0646277785410065,0.2938232513295437,72.03400617531675,10017153963.00914,0.0005144541716096
2.3829371053150443,0.0980582820734624,6.861636750814119,0.08607087122645,6.634295554054914,2.9649801951648755,0.41661948338778,107.58313718584084,12601694316.190887,0.0006550961794037
2.698155363939938,0.0882600633962994,5.248103620978001,0.0975212227700567,3.712533975398528,1.9811779595795056,0.0742707220853577,103.13269772615251,14571658200.93712,0.0005526010067443
4.81626802622649,0.063013761188424,7.065422354456356,0.0362978393028694,8.050958896346385,9.31178723358953,0.8212443040494879,70.87264971331402,18770213772.856014,0.0008866867313602
2.467565611665043,0.0553206761279514,4.848284235846313,0.0766161083402455,5.061142353203379,4.9487991535240985,0.4394321778043317,126.86842316691234,15789168440.966908,0.0010071496910627
2.7411945957745885,0.0785469789480748,8.312788763881413,0.0591657039124099,3.718690326030181,7.434340233801316,0.8306535041094542,84.72808024228024,9714867446.464642,0.0007776128584632
0.8260977735633579,0.0583943736999319,8.810875792297463,0.0577493045372225,5.950423458391558,5.815788898197555,0.3633886279222252,106.44579756341754,19244477951.546444,0.0009968478649373
0.7705980408116855,0.0760768732689397,6.869005340658777,0.065034878690085,7.88594796332915,12.688200203909783,0.3696876617356198,108.29242655002474,14386090171.237122,0.0006611681161236
0.7272215550413281,0.0871246275315822,4.34245958341252,0.0980896470208039,4.802069018316189,7.31139116902589,0.4592134007030645,123.94259347734024,9906532076.106865,0.0005033750462116
1.253539835655913,0.0830363562309354,7.699427775416018,0.0897579847217077,9.542444358835558,4.366420366334843,0.4053660980819397,110.4821605797088,13054038923.648155,0.0006330584530872
2.038528609281264,0.0681510797971396,2.6597678166754046,0.0511203512072825,2.6440587914454947,11.633088929118214,0.1021323540460393,102.16282992340804,16905631450.294998,0.0008419570923438
0.7876403399425574,0.0455160770847564,9.290773422877889,0.0709960786750259,5.379075647237285,9.052895558698648,0.6324334320390993,115.24783900042534,14614452888.0507,0.0006493907104048
0.1192605840389161,0.0615638087411088,7.88413695569969,0.0495894288614392,9.656107816214416,11.899345337411049,0.7992046816173175,105.35280657228664,17651422552.09734,0.0005412542167094
3.2575922139718907,0.0656882340827614,9.914200297797082,0.0976875072192727,9.51324387255814,2.3845627670282714,0.7418899907093524,70.58972540860898,16883370393.4433,0.0005850020472758
2.16811284918996,0.0803337902607321,5.134010501500383,0.0853541997311513,8.21013597102973,4.611756281869261,0.5520880016532692,100.9063034658464,10965423958.649426,0.0005408756688219
1.2554734712713815,0.089810536432506,5.674419835108114,0.0656404716842556,8.954206403254581,3.490913069524112,0.1000998011833467,114.22028743142,14475503039.402897,0.0006764695702916
2.683385934069609,0.0689467715416399,5.851232100599873,0.0557485416640851,3.8383482633324353,12.44983799007699,0.2658579988330219,102.55279808494625,13220895212.254774,0.00097264111586
4.646820583096841,0.0874427200333612,8.566961449531991,0.0942262938471547,7.284169290617033,12.466241456440113,0.6569974024937735,83.6586716054133,9183491007.222092,0.0005080700137059
2.764372002157954,0.064494583318297,6.685024163611031,0.0741791810536989,6.871792214609649,10.35811826873237,0.2949916751411655,63.60997669873823,11143856122.242004,0.0008809227597027
2.733902380343003,0.0969581919559848,9.491224949389473,0.0923824464156008,4.061969583874708,2.718617684364005,0.2262825495031392,86.15723283806761,13953656169.389734,0.0005390089967222
4.457640105293599,0.023452262981714,1.7313550466856298,0.0204452941977951,7.129534924519938,19.39717707714093,0.7269720954642626,60.43510683385882,19119820334.70553,0.0008430616852764
0.8177842141551394,0.0725022939686691,6.289137591051299,0.0945317152587521,9.451770001878792,9.845605357868752,0.1866238047193291,120.3431938372448,12932700971.782827,0.0005188404266964
2.604106416114472,0.0698574470779758,9.54508700651155,0.0608454932702296,4.978373730042738,8.17583813145512,0.8460573280924744,103.66668044987574,10175369906.232807,0.0007467063968509
1.18419852010275,0.0508112859140094,8.007958680587656,0.0744667332686644,5.874779009698444,10.002762290125077,0.3392308196276365,77.72124137558264,13116141352.736324,0.0008778577186692
2.0319302823805683,0.0807225652826409,4.9086473291925135,0.056071181684117,2.639952109282905,13.42895810425699,0.7696170581802378,60.79232881606173,16127176946.242926,0.0011915571476665
1.882795520285429,0.0641070651152333,4.834001263698972,0.0328190806945105,7.205909786586369,8.716196773699016,0.2093777540824395,110.62638104885544,12546093412.48784,0.0012677779974549
0.2112577774684666,0.0771745637565075,4.756761437157067,0.0882319246970398,2.754369483317572,11.516804181038632,0.3311562478095293,89.34149634940817,10285062558.85842,0.0005805850191021
0.3853723440562937,0.0696869892261548,5.618327303613447,0.0824925113474588,2.9512228426636065,5.699406039510038,0.4038104485230667,108.49108795984674,13919317232.138391,0.0007299651985774
0.1410449867179515,0.0550215198899467,7.447100023026493,0.0817661812989218,0.8766033988995243,10.129086829948728,0.5445839314495269,104.23969664931364,11511265823.732063,0.0005601874112934
1.3837983455141545,0.0482630030839643,7.654377244394972,0.0648580000135479,2.318631555505859,18.439174555709236,0.2218279305726049,114.37088686635076,12780660272.666656,0.0005704536139033
1.533509115042643,0.0889273148700604,5.129101592277556,0.0496205230025668,9.97415335161314,3.5520947308073003,0.2155791036798282,108.53508917326673,16133919280.529385,0.0007639291749
0.1170903864510629,0.0458629895546021,8.421300161367794,0.0508515563984349,6.877054875801631,5.80492512747021,0.6045175190971994,88.88018295496116,16443656214.840332,0.0005516414109322
3.4605111785430966,0.099306221310589,0.3492648383326877,0.0773648809670046,5.700884351630768,11.591018903023782,0.1918631436316407,86.65808950096411,10568752900.771166,0.0007889629800156
2.448913519830153,0.0698392595327909,9.848968463688268,0.058750638890035,5.234989137142356,8.371399188402792,0.782667406416411,102.1360590356818,10063503977.485975,0.000726698867735
1.272776275369668,0.0932034480411787,5.874539219682683,0.0988175377338858,6.623129683377244,3.2572435889814995,0.612712196248466,111.11781211416866,12207259519.272013,0.0006151209665086
4.831000722533095,0.0963119089286288,7.101681057026545,0.0746489669349262,6.049756302843544,3.289258296129694,0.7791279821970991,106.4507872620462,9296969415.94442,0.0007263811707938
0.2071520739425722,0.0413715980466913,9.436710224121736,0.098189083572959,3.8771303685420815,8.491720721860482,0.2790523670011813,117.17231015290912,11404236801.695076,0.0006181433173529
1.4267234802616886,0.0764085367237275,1.94726118613088,0.0814360081989176,5.966609818338633,2.226670026638612,0.5969705760547592,109.39838959703792,10045731932.20678,0.0005415636347556
0.4564754207053654,0.050142431498159,8.288813223922613,0.0298048078023582,7.058944699634774,12.627323215560931,0.7362235904788696,90.45032946982565,11786114240.253445,0.0008372951921771
0.8617412039569123,0.0885056951781016,4.957065310951757,0.097742737433184,9.29850962949593,3.236396479547147,0.6703887194365219,117.24382222555953,14951590634.305365,0.000604305650639
0.7066587897202905,0.0869723233787692,4.3505767259497965,0.0986981034966393,4.79089670521863,7.078699334769547,0.4479477612956508,124.57022849021013,9863601247.975157,0.0005044143087776
3.868165456886815,0.0927344225779083,4.80071148528033,0.0828673422533348,4.848950138883332,4.684576821283808,0.4037059955107356,101.2619413376016,14711390484.534475,0.0008304714619283
1.4226407884022878,0.0788896433678541,5.415135672860615,0.0626535488563904,1.1140175721827057,19.86899482084587,0.4582267599434297,100.28597427057844,18903128580.712963,0.0007767202593064
1.335064659336041,0.0980980362469826,3.8378438158408126,0.084617504190302,3.2790303375116965,4.338582482352329,0.4791007304603229,98.90053234683016,18494521960.02088,0.0010341153201952
0.4541458218689589,0.0650325657238819,6.206841268293148,0.0872800441434124,3.5291391381288677,3.105575336162014,0.2068741113209099,116.17636640450912,11278705199.839771,0.0006985793711533
3.6888005207453127,0.0651007814416015,6.535499931947411,0.0508985770999899,7.560672239154327,3.645891807088487,0.5575301046234694,92.25585145896652,18206781079.15317,0.0005052795809352
2.5901755454875963,0.050700055228553,4.89544225415553,0.0945738786180453,0.1803657510122589,4.801452863801554,0.5126821223884369,116.91669908073102,10599253574.51979,0.0005842992871989
3.142451647517256,0.084325377270212,7.647113347326552,0.0616985061759042,8.963283665636416,1.8179985107492984,0.6952351556095161,73.18712156361612,15916617840.53162,0.0005590495917626
0.2084030839769902,0.0505787620492892,5.119685127851974,0.0485226449632011,1.9776293036001968,11.185234642364168,0.4313115734296627,62.09419821962745,11322398209.648624,0.0005474114940501
3.734987826219336,0.0779574123253013,9.013900074650806,0.0209268188661295,4.020660049489312,1.0610279333535275,0.6745436798385362,73.97103044823682,19891887013.86027,0.0013018358425546
4.780075576579751,0.0686746591582795,4.703802378192561,0.0288838911575944,2.67504239315377,8.274969015564546,0.1340079825162979,110.26014861530174,13192403937.493694,0.0008187789063734
1.095531667039593,0.0951537374519927,9.65927672060218,0.0733926463341904,9.456204046869663,5.944740933005572,0.1608778266595656,127.60677022438594,12537853323.3749,0.000603990586553
1.4693266590369245,0.0772097588419708,7.955405284233105,0.0448582049275088,1.504105915569308,8.352097055257092,0.1171443457113134,71.75326484260685,18290616292.03628,0.0005287931266247
0.49323372313385,0.0612929495801782,7.621909036771473,0.0986213474894377,3.298102858814683,5.836948178730083,0.1382964111367361,129.699799787939,9616290896.650757,0.0007520122657505
0.3853723440562937,0.0696869892261548,5.618327303613447,0.0824925113474588,2.9512228426636065,5.699406039510038,0.4038104485230667,108.49108795984674,13919317232.138391,0.0007299651985774
1.588122312107758,0.0575582694383824,6.252969877858199,0.0295210330716226,9.151154796678506,16.508414380530475,0.0784243046216901,85.17495745481942,13721967613.215742,0.0009325106366062
3.462071430115857,0.0853621413838837,2.2203702288670786,0.0617259553759269,5.627194962339014,9.208200787096713,0.6065571619613187,85.07113388348313,12067667889.145924,0.0009716517553685
3.23285991158815,0.0691397991890544,2.559639030271936,0.0393785520150731,6.949999566430517,5.845175522398848,0.8204914048220239,79.80946837698284,17270599211.93933,0.0008099606892861
0.7245175274000399,0.0899023579306926,6.096031182499831,0.0996749566607836,6.575569543432948,3.36606282005082,0.3532774900810982,120.40259446203372,12820860529.35387,0.0005096756451442
1.4487645576759969,0.0834179798561043,7.381156903122157,0.062308778110963,8.900175288625054,2.9332746507793104,0.1919503839597465,127.58008703614682,12899196715.25169,0.0006660635006658
1.6579023438597913,0.0572507256754011,3.1482099361125444,0.0200974541066568,5.315730340041396,1.5083547258682448,0.2765550773754192,98.02175639743112,14842598659.045792,0.0008262472291128
1.986131074572616,0.0879065423957526,7.486717501210457,0.0628186068114715,8.589498193388314,12.672261189329369,0.1229988135503376,64.30896519675785,10556376985.6031,0.0006931654272889
0.7864353277954417,0.064141964180581,7.505427723489792,0.0794127039781752,1.690370053173944,1.8739976568938543,0.1890391715091463,100.80965321211264,10338779490.688784,0.0007027496068693
1.1779318266614989,0.0685952899618415,6.035223781648707,0.0312254314657025,2.3682164557261154,12.739565347017844,0.1670690768943781,71.45699602029202,18675437822.74976,0.0005005371791245
1.2606719144636234,0.0933825471505835,5.901489428419989,0.0980628663435388,6.571790466912755,3.236029511317696,0.6130736557259859,111.2235388181906,12247240803.066725,0.0006196440174287
3.51227388080562,0.0549063547121364,4.422913896398754,0.0922320295275355,2.0285546131328034,3.0903355962685723,0.4015064543381177,105.44517242431752,13454541339.625923,0.0007193341616268
0.6573598007527257,0.0405029947546336,7.121994711363588,0.0940878259518071,0.6336824404713631,10.348295971942033,0.3640284027128497,106.72266808826406,12839366861.18535,0.0005678761673422
2.505440920038,0.089103802559553,7.222875123974531,0.0492256739695266,6.469615490747679,8.60761357502659,0.3965223603084403,84.33583264699121,12016977774.640663,0.001023605287211
1.0630459049366752,0.0930909006360045,7.011177145696019,0.0649653750525729,8.528164094654088,6.728155628327786,0.380765962616269,107.90760403193448,18036313560.895348,0.0008066457392712
0.6691340396249345,0.0745729758515972,8.53974497760687,0.0712481764833557,8.150945263299317,10.403982407514905,0.8175473689947829,112.74833821960496,18028247873.71121,0.0005684544982666
0.8617412039569123,0.0885056951781016,4.957065310951757,0.097742737433184,9.29850962949593,3.236396479547147,0.6703887194365219,117.24382222555953,14951590634.305365,0.000604305650639
1.1415548998148846,0.0897967294260844,6.019952610329247,0.0283426626086243,7.644020715481333,7.189788056967522,0.6884888099079867,108.59149300054943,16029619020.52768,0.0005810909898745
1.2554734712713815,0.089810536432506,5.674419835108114,0.0656404716842556,8.954206403254581,3.490913069524112,0.1000998011833467,114.22028743142,14475503039.402897,0.0006764695702916
1.6198588228082635,0.09490696813342,9.8030519983103,0.0982216513846195,9.009517961858013,7.438120500102736,0.462661315163851,113.67402677497316,14898090211.540363,0.0007374407022067
2.074438845639881,0.0539657792472449,0.9725978269646433,0.0766012148537737,5.148479740070072,9.325696951628837,0.3091309628968664,65.00395385979375,17060547319.90562,0.0005701500133678
4.907628725399594,0.0708080418334938,9.13576213974779,0.0353937342688153,8.338758172408882,8.023983681222514,0.8160975793855154,63.55674609099568,10326955187.65404,0.0005253297649281
1.5960243094709587,0.052364222668339,7.17557085216711,0.0466242422576376,5.7052561022486445,4.316989242335616,0.4804721361619536,93.94518092753243,15579144452.237,0.0007821778226104
2.3395863236928096,0.0741528391736742,8.650094884645958,0.0477851322677915,0.5417603634428955,8.919785180153609,0.5864268653824308,120.25457484561608,19739943229.13978,0.0010961322713764
1.1494548886347933,0.0898133895005872,5.9133669541523926,0.0837485714487518,7.712059614082565,4.7065918077338,0.6280235578069242,106.4157067247323,16131864103.915833,0.0005828330913635
0.3392410957669195,0.0429431593238212,2.512228816670289,0.0578129139592378,8.55487957342869,9.12870880037213,0.4782832573611629,110.50434551598735,14083239756.326416,0.0006336345619175
1.912233764522676,0.0724105106298525,2.321277237768117,0.0904004261215048,1.4279432373770924,7.796256482569368,0.0416420808904429,80.12378766347288,9845516973.976965,0.000846578849326
4.515246950316073,0.0805911086288932,7.255335982994494,0.0564941419471612,8.733549358877069,2.2783286294940344,0.4520166475761416,100.03130257490656,12720547544.38452,0.0012174522770529
1.3197778561514977,0.0752485122751177,9.104498618974135,0.0445949377528506,5.877898381784428,4.938852947026171,0.1845695943722922,118.52450156230285,10106741841.566471,0.0009542309604387
1.0063412478062244,0.0757231280925871,5.582431780290599,0.0828958929064239,6.318799631308279,4.223934057448859,0.3508211810722801,94.92173294515196,14669847702.35706,0.0006823641796842
0.6867911857870727,0.0695014979693347,9.153571546225212,0.0545843950486389,2.811474093123263,12.91622074955669,0.5915468855066699,79.46413717242682,16422912013.995005,0.0009830496886694
1.6097625348369806,0.0572380462460181,3.4317075228374136,0.0829870396662545,5.356478975366228,3.568422168121653,0.5063940224380389,102.68021310115932,13031161675.194958,0.0006046396213226
2.915537100997901,0.0882058096518478,9.195112572596823,0.0783786671207652,4.528104530939142,5.394770240055962,0.3837299678129371,62.28651049193573,12204030521.249872,0.0007180728341669
3.912378440611595,0.0956178005451009,3.326699884581391,0.0294671400304372,5.92099246089618,19.043876167124747,0.8443515547145964,62.073136685035664,19073158925.13904,0.0007637723898675
2.406148289902199,0.0838156027801528,5.929507118703979,0.0912590830537914,4.032106564997796,4.319646087715036,0.5340933278081363,86.68160586790934,14833873352.193497,0.0007538897062113
2.737105492469021,0.0779765266132924,6.763768103133144,0.0866491023315955,1.61480430344611,6.552900159442125,0.3155023065320184,85.68420737580519,9060104417.261978,0.0014924474396491
0.7200832444237265,0.0489982571676375,3.332011364544777,0.0409244088318729,3.933327000888572,14.02480335255124,0.378248452521585,70.94271805207636,15744015143.354343,0.000650682700043
4.063103539263425,0.0725067065768524,9.678201075415249,0.0671340808775503,7.743383263701897,2.2427565380840413,0.8370473278961978,92.51165312894877,9855697116.354343,0.000849114431289
4.989429600251255,0.0972101382415963,7.277849684847776,0.0562924483109212,8.683039062214949,4.699023556780313,0.5779825828595098,61.18492828880336,10356659969.992975,0.0006521702934488
1.4153295309772873,0.0773152830040815,8.065524901106908,0.0444933424877743,1.5219528630540664,8.498714867318055,0.1007997549032999,69.78423955978083,18253227688.37395,0.000514545840756
0.3258886008051601,0.086400059062256,1.44636663288982,0.0580432568685219,5.221770233375185,8.540531095154986,0.3749740626368391,116.51114910079376,13487807773.427471,0.0005667564999815
0.938300548458844,0.0540770188604027,6.297296005139144,0.077351701056999,1.0280066920963924,8.242211247528552,0.4007004288645324,127.79493638093004,11972797304.761272,0.0006436487991179
1.054452452556085,0.0744797610624131,3.1138268759835346,0.0641728129122932,8.830917563906885,2.8800516921503063,0.1887570722423918,92.74311205131414,15075772811.34794,0.0005012836831963
0.6573598007527257,0.0405029947546336,7.121994711363588,0.0940878259518071,0.6336824404713631,10.348295971942033,0.3640284027128497,106.72266808826406,12839366861.18535,0.0005678761673422
2.78973499675133,0.0799732250909252,9.244332855788151,0.0784206934083679,9.165403950120387,4.210083761494214,0.4852415583523591,70.14262043989389,14999007103.937653,0.0007090560280278
0.1792635120464648,0.0617397016900351,9.121928055148729,0.0350925113241885,9.694226634039762,2.7289508985099804,0.7383777159003249,116.5099751833448,15849243364.44361,0.0005475577193746
3.312198573840144,0.0756963427478147,8.009475142521248,0.0711660739143102,8.556930520597465,4.014056933494162,0.4549598528147748,93.14579776382443,16148165958.419945,0.0005833512441612
0.4534661922705912,0.0409968508783659,8.200851520145445,0.083963926055537,3.100274394716278,5.026126734337343,0.3942364098845796,112.01244161606932,9855294799.310646,0.0005631319204313
4.307844291070457,0.0928276542953516,7.036339977223423,0.0908637680857787,7.185350380253454,6.502739711214974,0.6601922262528598,64.58487413557842,9536403227.613289,0.0006291138769335
0.6413496693045131,0.098882574647322,2.3045657628088527,0.0989289832917214,9.446168089426472,3.4375147199585325,0.6580450757832921,111.58885768226898,15915773945.333578,0.000524319561762
1.0771616734223608,0.090318120326657,4.030480603674726,0.0812042410110686,9.975025816935387,4.999972378856257,0.5318480128251325,110.8643117141541,15108545268.121605,0.0006221680351216
1.1660680341340592,0.0668941489600346,3.873805161278781,0.0549831674315622,8.953646281210068,1.0059499193094577,0.527141200801288,107.36144783238278,15252195821.879416,0.0005491607826073
0.3304340513637825,0.0677233531771603,6.748308294449499,0.0470373897194972,5.566339527716454,9.26232762149794,0.817378323353977,99.52714108855912,9067819004.33604,0.0007570239063454
0.5330963992485057,0.0857255249721709,3.046432986455747,0.0690763155610138,5.820522728331032,2.993282394098564,0.0192590611786992,105.18550273659376,13391414728.048824,0.000546500451277
2.432575969168388,0.0791632716656753,6.14626618233415,0.0591635400623789,4.72897874184506,5.34459513975242,0.0511813140228684,89.88058800010161,15185080286.141022,0.0011006672055389
4.398414913279838,0.0936450428876978,8.968834868436097,0.0312187247061128,9.720580777266632,14.200231069649648,0.6562324847640525,64.10611131653901,10435322054.568651,0.0009082448066075
0.6845003145803907,0.0449087370806655,8.753513204549837,0.0697109900995938,7.197463958663415,5.838076027636783,0.214648748212729,103.92434484291611,19100733081.28248,0.0009883200378286
2.758951622863642,0.0737320795491761,8.489328784270057,0.0171992669738288,8.992572653905661,2.006592248323284,0.5917141878105163,86.73591497782033,11555378725.30794,0.0
0.8688680370143739,0.0624773902815682,9.036740315274724,0.0841510167164538,7.590947216365576,1.1824482094839002,0.5907299238819581,109.53060600617604,15851100636.733116,0.0006842180418561
4.4427927420437845,0.0869950952204559,8.972988974098275,0.0328233141542379,9.798776886112435,12.11941594543262,0.6716003379229556,63.56152028946366,10391504260.384212,0.0009632329161454
3.4493560072298077,0.0911059678795467,6.62224613455858,0.0194735915433108,2.6280905467775866,17.895282766471542,0.1625036374197617,117.0806023458857,19020704274.146515,0.0013591748494436
1.569478840856421,0.0966823680414599,4.1868798221208205,0.0814100004995193,7.3906512691842,5.670623348653292,0.6041462110710591,122.1960208587535,13328562356.576763,0.0006857056632113
0.8274674730543535,0.0868578822073966,0.4009627927452617,0.0061353246173646,4.329337693465841,1.5636821317821603,0.4111013965475533,81.62791625662594,14012836235.19261,0.0008524597712732
2.962142820697533,0.0447117449768411,4.913471951505914,0.0437593235733684,8.03749846083451,17.91974428209017,0.222462639359916,75.31983307079169,10085406962.33536,0.000762764513723
3.017833038225478,0.0837470147743052,6.359428203081258,0.0821426064952009,0.6439496817876567,4.881834225586537,0.3043501898862409,96.35310915724853,9128700829.658752,0.0014184508813063
3.5409708961609367,0.0603907835753986,4.359247484812131,0.0379636975646994,7.062035951319435,8.4620415555702,0.2258581109335139,91.73068040670996,10579610146.59366,0.0007527040476074
2.5374946583486664,0.0468279696410348,6.639972837784251,0.0829617748973055,1.822038328370164,7.492182671708957,0.4432536809826006,83.37100392443519,14724137037.63429,0.0014525032789199
2.604106416114472,0.0698574470779758,9.54508700651155,0.0608454932702296,4.978373730042738,8.17583813145512,0.8460573280924744,103.66668044987574,10175369906.232807,0.0007467063968509
1.216081956669106,0.0421451013602694,7.117523497099612,0.0370774382879665,7.659937169022097,15.904863914494896,0.4415591582780156,82.77112008071926,13123731873.620909,0.000564835337542
0.3782757128489918,0.0644843534224101,0.7180314626551322,0.0416051722358737,5.183612945716631,1.8866104734576796,0.2093493831366737,94.64703691354391,11544878168.26594,0.0005319189782357
1.164911017808797,0.0316057780170904,5.914677370919622,0.0397812460291353,5.10309290678899,14.485601856006523,0.5239926744608285,97.42464142388306,14420586387.165874,0.0006468642547209
4.4151928543046495,0.0641198648818463,8.782676858364729,0.009120172536606,2.009035985765999,8.13446995482671,0.784673421873501,65.5210180765212,17371601423.23574,0.0
0.7540343067624403,0.0590785667857585,8.20449609131076,0.0411752425048811,8.539630979487601,7.137996535376315,0.4000078513233434,95.34463221129404,12909433923.744564,0.0006206051207416
0.3589905426743694,0.0581941843418619,7.29009138816728,0.0951294710796178,4.398318266945013,3.7051984256312456,0.2553171350340962,117.888567204019,10193679307.41119,0.000776986590592
1.948920166274949,0.0909710726245174,8.732289392274314,0.0735286185107839,5.657857669082514,5.110145967581676,0.8065045922371582,84.51714898234093,17314378538.091602,0.0006512525669326
1.8851098562802004,0.0977208157435752,4.070321798998869,0.0016830088307471,0.9865427887109576,8.124561149712573,0.4182766807044711,94.89522955813828,13851658998.557789,0.0
3.477047163345005,0.0394028328843898,5.559424972133952,0.092415034289286,7.367736522002867,1.9953669241308676,0.6328302562692532,91.69876134526638,13937243197.977575,0.0005241716737611
2.223732294169368,0.0783595262741589,2.999776077879536,0.0882232903108856,4.7811596022923455,2.352032133518499,0.4292799599694473,116.97662798146426,11416975128.78587,0.0006134670380417
2.085336632608149,0.0416084779267777,5.985550123008952,0.088979853277951,3.1259372728456243,5.305499403805456,0.2384096717046538,118.43988397013312,12161033560.895918,0.000976747795652
0.9765322886477966,0.0779715129368692,5.153268642625206,0.0370524344565579,8.28428924758122,9.470086658833976,0.1055892671833202,106.8295112160015,13968577141.046455,0.0007520267398083
0.3599997506280721,0.0581979399179537,7.288636650554951,0.0951401469475021,4.394820444503769,3.710241857626354,0.25513638699232,117.88329018365914,10194553567.977713,0.000776878837861
2.555478069477489,0.0949074590204356,8.759874545962141,0.0976603718065327,5.367712949711384,3.3185960869389266,0.0166438704157024,62.901256775365646,12332992382.326777,0.0005790161301427
0.613238862208155,0.0468886144100451,5.7093933609794085,0.0851082908330524,3.164292210874573,5.646946207373338,0.5088554663011564,108.53101355865084,11659938408.65804,0.0008087999381524
1.148368003997627,0.0898047630008569,5.940816415554108,0.0838447379073644,7.705483203186026,4.693914051280194,0.6264643361679237,106.55532351513104,16144736532.941849,0.0005830033774918
0.5405869386089922,0.0804054113092699,8.70858284251456,0.0727213235045515,2.261381265868797,2.8508274205039683,0.0894335582831565,82.52096381567686,9602946027.997398,0.0010456432143016
3.6888005207453127,0.0651007814416015,6.535499931947411,0.0508985770999899,7.560672239154327,3.645891807088487,0.5575301046234694,92.25585145896652,18206781079.15317,0.0005052795809352
3.7042631139510354,0.0480448393570463,4.163328130352677,0.0822316600631631,3.589547664198889,14.544513032246654,0.684716373608532,118.60875354539144,10362708694.64667,0.0008805536915514
0.2730521293878339,0.0879874548398527,4.03024652124208,0.0680886327798277,4.4059939660178005,12.169454144823575,0.136264513595298,120.40916143556824,19507193932.23894,0.0008519788003673
4.861551139579631,0.0873303722045415,4.439104237239867,0.0071734064855216,7.009650927667418,10.202474123385038,0.7924743463553682,86.4821134464977,17041600034.053137,0.0
4.121019443605891,0.08650297838872,9.757010169423465,0.0549024444923746,4.642489743974149,14.393008821722717,0.3147347857555844,91.55886068466556,14321101226.83498,0.0008792633008032
1.3686184255352087,0.0602437314047655,4.888564018277835,0.0861876889086394,1.701776542625526,2.8155581349958823,0.1028000473193917,124.42358917385188,12355390192.1301,0.0006540561773912
3.734987826219336,0.0779574123253013,9.013900074650806,0.0209268188661295,4.020660049489312,1.0610279333535275,0.6745436798385362,73.97103044823682,19891887013.86027,0.0013018358425546
0.5203295528087087,0.02893981441002,9.854932007124374,0.0080028353794767,6.531977330906096,8.796047661132375,0.5838841826682446,115.5716447585394,16245795901.612324,0.0
3.235602889945844,0.0806222160966806,5.541836334501633,0.0917886297608467,6.215746312306443,2.497704062010538,0.5542843826695479,98.11586588958252,13289346313.176956,0.0009116236950309
2.534045381101376,0.0697029777724815,9.856809957930196,0.0584598252343002,5.10946369695126,8.359483759820593,0.7980485644714455,102.3490171725513,9906462102.913645,0.0007400507039314
0.6107373943494633,0.0653787545324758,7.753254634184405,0.095086120140496,5.369789530822338,7.093098803387321,0.4531902360721404,111.14816190797572,13327819876.83252,0.0006015170389807
4.30379201626285,0.0983645988120325,9.981091524952896,0.0503576146789683,9.420446209460929,18.051757620510127,0.7536409089040762,72.63659138685738,9024607241.823437,0.0005570962178667
0.5892822965189934,0.0926433353729106,5.11588132265825,0.0493676741183682,8.204829271227899,3.127314123126849,0.1479444412156596,110.21192321405616,12099017454.24478,0.0005502504187477
0.1226163297013623,0.0603296709128456,2.6229336358437587,0.0784772352855791,5.971138241478419,9.328786548304617,0.5539884010785213,128.08063889175236,12967592188.619097,0.0005486290515105
3.018291808578513,0.0837689645114048,6.363803715423081,0.0821966260835658,0.6404861053260199,4.89098907908145,0.3042343830478523,96.33871693496828,9125696695.574871,0.0014183550979092
1.8944248035990288,0.092119052990577,4.485716792452966,0.0243046600203322,8.544215230282257,16.1389515195677,0.1853542797544503,64.79915246853614,10179296291.98943,0.000795201060743
0.7256958165438355,0.0460075281507502,7.963189760946243,0.0809591857098949,2.941709990290489,9.869887871780769,0.5111995984566903,106.66549892047284,10525487144.696146,0.0007641597042362
0.6298100382543622,0.096598001456056,4.695612139313714,0.0831453621154944,6.645688068812948,7.090146099346115,0.2732765636551233,89.88182764883388,15020604234.708153,0.000753567526962
4.1175203032533165,0.0809891745214933,7.258264009767031,0.0586038087946174,9.795784614737954,8.497418889514435,0.7972581570070064,95.15973487691744,9175967689.54831,0.0012100100364676
3.2224854583716813,0.076371942899981,5.410140384987531,0.0308098058752936,6.705002431339243,10.250372919732175,0.4428054370411134,79.10694608071007,13745621427.182564,0.0009550861928837
2.6217630640191683,0.0825307691124585,8.642886626815091,0.0794329982857585,6.113258010427409,10.782458398895638,0.4028322377694329,71.29597721520975,11966425417.077934,0.0009394363124469
1.0807876243461187,0.0831497355424498,6.805173322554779,0.0976124283327233,9.443930388342231,5.256053785607891,0.5258277074705578,114.33157880003743,13214862251.837349,0.00056554679632
0.1145548488052654,0.0895752371227063,6.130640953664254,0.0841959199924655,7.6052172898329085,7.29320932644318,0.2225563202450857,117.72229185911512,14052685206.233875,0.0007422468039744
0.9736226259702152,0.0845623793258501,6.696840204324097,0.0568034509502489,9.559670233187893,2.7672379969418013,0.4210199747295722,104.31901290153276,9113888995.09244,0.0007539388345383
2.370694120111888,0.0538580464845283,2.822151674913109,0.0566345375521209,6.88098719797468,17.297806967456296,0.1753270232370189,81.68097379797318,11048067234.492449,0.0008461554221492
3.4773101854492823,0.0929574548996517,8.78909381509326,0.0496771320279703,7.7021088433352,10.78894248240255,0.4326195778303079,67.27904762159692,10387409425.823286,0.0008449427549599
0.3419207668820924,0.0625484216985254,0.8479160646007732,0.0483202134625765,0.4295971349401045,7.267805914714763,0.0817667394117987,110.8649655138385,19892340625.727657,0.0009091833574797
3.728080014939192,0.0973689122319702,9.29982193547903,0.0523067956830086,0.998471078271376,9.446204937300436,0.1850885338686537,72.17531130254659,11830674000.440428,0.0006725115196457
0.1820576731216807,0.0800692037210451,6.195370795872203,0.0961963528181706,5.414601009325503,1.5627342880044672,0.272410490733723,127.53585290753745,13295859098.504148,0.0006934849160615
1.2700823802668475,0.0876820493330534,9.238657595729627,0.068881055846743,8.385842231028033,8.063109067029954,0.711271329372002,120.7719763158996,17641227083.519127,0.0006093286679176
3.114039621465111,0.0764791745739658,9.206687679855058,0.0420609306132402,4.440436220876569,8.564247127187377,0.6280685631914857,116.0973068950342,11068019239.596296,0.0009702644732341
2.142448736018653,0.0662168908330689,5.949966674981555,0.0648111632871192,1.6191332511216463,5.516637916537219,0.3893245874577353,69.50231616826748,14132219379.393192,0.0007423727573133
0.6763972623363381,0.0712848509867479,1.149447039270806,0.0551761430136312,1.1282916843106912,10.373376790728573,0.0185432733440105,89.06911830180906,19850845443.509598,0.0007933368519325
2.9953691808209904,0.084467367330764,8.916997407572612,0.0873053721922395,9.377555595742674,4.301900445300567,0.3730418250667953,92.33833160976872,14170693879.173489,0.0006510528903605
1.272776275369668,0.0932034480411787,5.874539219682683,0.0988175377338858,6.623129683377244,3.2572435889814995,0.612712196248466,111.11781211416866,12207259519.272013,0.0006151209665086
0.964873754982792,0.0348672521006738,7.919514434814037,0.0920632586869529,4.150332119864126,19.50928566996652,0.3178307105490949,93.74443551482244,15038833054.726557,0.0010319408153466
0.3461584922095458,0.059580870065187,6.7315052203890575,0.0940570551402522,4.83861710183246,2.9490273036012056,0.2144365456433695,118.15456034911844,10402913604.075476,0.0007825948096963
0.9733231898304106,0.0797681663430615,5.84914363249312,0.0395020195979177,5.689211981864363,1.6435672157524694,0.4408250711191157,117.77415318014292,10626905065.376266,0.0005829775778336
3.6584825634309976,0.0972180513022579,9.398411047631075,0.0904525276823101,6.765152043300545,3.210544332740729,0.4445877061145898,78.81547809712785,11569174061.10636,0.0008644558779386
0.987119399829521,0.0904821609719546,4.3030825478908366,0.0809739608782086,9.79447747070362,5.065528406232676,0.5195072410411083,111.33050017772403,15292489179.976557,0.0006076314389701
1.0075412202769412,0.0757106637057279,5.58078860299205,0.0828998016165723,6.318333619106182,4.223276665486465,0.3507943807831433,94.92230888363474,14672670443.542503,0.0006820627246422
1.312516778449143,0.0817969834910043,8.600418795400724,0.0869914672723458,9.75126545724601,4.510356885520038,0.3812467905703559,128.1518616654194,12271092840.045956,0.0008096773844528
1.9098698028652188,0.0992107006360563,8.389316058017723,0.086795168072652,4.999443248210814,6.397522676986583,0.5063215297371761,64.7189559672381,10955590868.941433,0.0006046692996813
0.2786495859431802,0.0708495287654688,9.681245171079253,0.0885461008279418,7.366559023952377,6.194451342766617,0.660951534823467,126.11297163109512,16803766680.074957,0.000513836729428
3.2575922139718907,0.0656882340827614,9.914200297797082,0.0976875072192727,9.51324387255814,2.3845627670282714,0.7418899907093524,70.58972540860898,16883370393.4433,0.0005850020472758
2.142448736018653,0.0662168908330689,5.949966674981555,0.0648111632871192,1.6191332511216463,5.516637916537219,0.3893245874577353,69.50231616826748,14132219379.393192,0.0007423727573133
0.8817530743481828,0.088100052433767,4.964263170079552,0.0993388744235326,8.730558903252996,14.732011215981505,0.3448679707731245,116.94598282948766,14021746723.796663,0.0005141683090309
0.2744810316404855,0.0901258352360217,6.873669305195397,0.095891147038509,3.437066719184699,3.316259977658943,0.2595721722240676,119.0659186930045,11262888532.447586,0.001178951887894
1.0807876243461187,0.0831497355424498,6.805173322554779,0.0976124283327233,9.443930388342231,5.256053785607891,0.5258277074705578,114.33157880003743,13214862251.837349,0.00056554679632
4.159815432188957,0.0793088962188299,9.485410483690716,0.0825387100163746,7.941225165344151,1.5156988415706163,0.2710850184981138,74.96079191598521,9427805246.54502,0.0008222239206734
1.799727241196755,0.0695556496122263,6.249364417129019,0.0989007390323079,3.653495910813669,1.4169201415253152,0.4185282481265482,125.0941197160222,14288646997.86958,0.0006630308013784
0.2296107922540235,0.0977354865542382,7.464714428545792,0.0823583371507775,0.3731802731996708,5.8531986913764005,0.151072996299622,86.5908946650096,17869512630.758854,0.0005733837827876
1.6897681795469413,0.0938373628335163,8.54102130423695,0.0752448605981201,9.40893689899015,7.685851143967119,0.460297689799709,124.01339954641892,15700822885.80097,0.00059949118211
0.3116776604168159,0.0580815131511172,6.227972072087916,0.0934654354029728,3.2917115340017555,5.862659355872487,0.2160211971449124,117.10934562134292,11964370901.540482,0.0006581732100571
3.4493127658358755,0.0813702539705473,8.054549522557407,0.0528797298595105,9.315285140773875,11.0059963791044,0.6431502577857036,81.97779348133611,9243453480.077202,0.0009244320833541
0.3847337364509444,0.0696936221903066,5.619201777493694,0.0824904328592887,2.951470845732786,5.699755892697385,0.4038247114045512,108.49078145472735,13917815013.939089,0.0007301258674713
1.3169183216608111,0.0756490986289642,4.675614269049714,0.0563578926192266,3.5430041792871667,7.265196344171598,0.2996325077087563,78.18327594981649,12723844493.605885,0.0007917279587506
0.7799367397465438,0.0706629025003958,2.7431672279256976,0.0566330151920656,5.388581663993983,6.701884052521082,0.2415874457056021,127.25050701973782,12793352115.315626,0.0009457567967645
2.448913519830153,0.0698392595327909,9.848968463688268,0.058750638890035,5.234989137142356,8.371399188402792,0.782667406416411,102.1360590356818,10063503977.485975,0.000726698867735
1.008368116225803,0.0968931469826686,4.550996775772535,0.0596245697770455,7.464404367600809,5.566687495246739,0.047929627022547,99.77879830563197,13320364552.67458,0.0006636548455101
2.756425512572782,0.0971112871592459,9.502307596039016,0.0924166559759797,4.04113081974529,2.63581649261387,0.2261955722537394,86.31310822883316,13935095419.128428,0.0005367471280291
0.2390378532138991,0.0996844182136065,4.870046784108084,0.0914781107417168,4.790711650912593,7.550415237742565,0.309662103384773,119.87504618131472,15321040898.60714,0.0006488775748468
2.6547074395379924,0.0867675995012875,3.239807455198256,0.0477498215912154,8.815470387085636,9.58062030247205,0.4808417648580526,111.26617026700576,10455247472.981802,0.0005006527105467
2.3372799548983885,0.0556086368716101,9.014204559845124,0.0477933874040472,4.448266168205626,16.509705480868934,0.7198632514263682,88.3007671932228,18731556648.8486,0.0010541737950289
0.7155280443667698,0.0856092785803335,4.646385495641482,0.0873247665532223,4.961892381141969,11.314755274534807,0.6824376495768405,123.0569530080411,10030366560.461708,0.0006036911027172
2.4890095749850607,0.0989181400009422,4.024478914741256,0.0886287449694734,6.997686659350677,1.8659672864555812,0.5468124165566025,101.81198102650788,12757649225.811983,0.0008213640446137
0.830042626807911,0.099836014182563,5.987990969487886,0.0918664787502065,3.554660901229992,2.900775758160007,0.6041201463196807,100.46355361686716,15749903450.288448,0.0006822288075519
2.262553639169522,0.0548370072484432,6.896950710980299,0.051424787437127,4.996528289831981,9.924767508703862,0.5244935430918903,110.06974590624628,16152804393.271032,0.0006573737014034
0.9733231898304106,0.0797681663430615,5.84914363249312,0.0395020195979177,5.689211981864363,1.6435672157524694,0.4408250711191157,117.77415318014292,10626905065.376266,0.0005829775778336
3.722038551755233,0.0859115315305747,8.690095026721947,0.0550773153247299,8.477680475495603,10.8089428273261,0.5838400875373129,107.67069024483628,11673254840.744017,0.0009591898283165
3.6284862841080936,0.0897823371465425,3.1599390396434544,0.0821658496825017,5.78029415560652,7.894899706506289,0.2725707111953289,84.46635396051119,11098508188.088049,0.0009254716768472
2.733902380343003,0.0969581919559848,9.491224949389473,0.0923824464156008,4.061969583874708,2.718617684364005,0.2262825495031392,86.15723283806761,13953656169.389734,0.0005390089967222
0.6129015845491478,0.0789137229347698,5.418826738378384,0.0803776986338601,0.802279675745508,8.412452819554918,0.0176943698701321,72.1955647616148,18937980430.978645,0.0006270735993894
2.0245333474343568,0.0679861769597218,2.8040790914607063,0.0504796360005943,2.6750989518254995,11.83210111640992,0.093700495342206,102.46840555283973,16959008555.88336,0.0008430755330103
3.514213140176705,0.0781230754894179,5.559700779364574,0.0246891938836033,7.085319907125049,6.003265081397614,0.5130319419566214,74.46158483394792,15237887913.669683,0.0008091320242205
0.450829244402858,0.0700868481797199,1.4721912431385271,0.0338346343460852,1.5069927931273546,2.5062111578178388,0.0247225711762368,87.92253383912822,15415295838.035568,0.0008111524795516
1.148599754625541,0.0898275082337224,5.913801630365402,0.0837365385998659,7.710100474954213,4.705361511062033,0.6279639763006036,106.42375995415942,16131886961.382652,0.0005828845924631
2.610273192501125,0.0774837077087437,6.526811922500054,0.0503710054076988,3.298755962188189,12.10209404081565,0.4535421106226496,100.9969712483513,15109463827.29675,0.0008904572445213
1.7703072781275464,0.0519051630470616,3.32271368438202,0.0924467984018114,3.8785806929564233,3.787651717492714,0.2039478673852643,110.19703889256267,12823892143.75282,0.0005998404563733
0.708670320727035,0.0869030731834423,4.368014787121094,0.0977303461095462,4.84956717169522,7.230802928245486,0.4565652318186887,124.25549258673922,9906375060.879229,0.0005043639171914
0.5991252489146889,0.0628713063699717,0.6992763110502946,0.0494987027042597,0.6096044688616992,7.117452007136732,0.029246234687923,111.33776589016486,19889874733.047863,0.0008577819191437
1.8014016851959502,0.0305663107742842,8.011325625589079,0.031369798467893,9.92275929737774,17.72589423782256,0.5885747740145763,81.96611926583418,18461868319.19012,0.0006879124892469
0.6427785105864537,0.0997556489982178,2.5214449711675,0.098949490753472,9.396918384233,3.837781476702431,0.6551070049996487,111.71676879780632,16035708418.758812,0.0005267460778671
0.987314531946346,0.0443126875599112,8.993290216561304,0.0657933419471797,3.3117915860167884,4.041054924959476,0.3484003882003695,118.96574538775654,9615116276.805136,0.0005416154485721
0.4386232973904216,0.0617299374320465,8.323585206165964,0.0545126633539501,5.464770436385376,3.6146443136251087,0.6676038264699823,121.18834174124198,15569984002.290531,0.0006644143053438
1.4361344011566448,0.0864926552233741,5.748945979885699,0.0856616275115276,9.30916573998326,2.261749079959094,0.6624627495460574,110.65142124503804,9979465460.96825,0.0005206413402876
1.1943540795980645,0.0991137728428964,5.48458781004462,0.0712704379294335,8.596389552220312,6.91045854602992,0.4114295547642528,100.43556630664048,17702742984.49785,0.0006289961553813
3.79284227452167,0.07136134727381,1.5997884515458012,0.093219255655746,2.297808520264337,13.784903353880797,0.1914763575801235,64.5431847100977,14581677878.720049,0.000516251915239
1.1083295904081285,0.0703115826548234,4.919052649432662,0.0989730294306808,9.87904089911996,9.203316350911452,0.3914313341397125,94.32193028781312,16353315633.9403,0.0009157792635484
0.1555199525373179,0.0535464802692707,9.447234618155436,0.0372600242519937,6.042248125284482,19.85067345963894,0.7948668087353706,88.5461511847706,19930590625.892517,0.0007878232104457
0.9774955005120686,0.0695470804134564,7.561851025429527,0.0445260380182803,1.278757795285786,6.0409256032891845,0.5248738886097282,95.41609920596478,18315215872.381027,0.0009376107231853
1.1363615528386348,0.098270104309979,9.542665954066536,0.0740726537453865,9.459440043880347,5.880408053612358,0.1513122195031576,129.8397920790189,12507820288.172966,0.0005993806355009
0.2693765554027629,0.0509487659109975,9.814931035056697,0.0331956939255376,9.12911353175197,10.376221533979782,0.6685290982041627,97.4840699426857,18247264773.39889,0.0007181160992462
0.4633678171913351,0.0307636686210206,5.358864512419864,0.0296580998652315,2.361615004899906,11.047084050255574,0.1862482996609087,111.73785955143128,14631909176.201902,0.0010055924088082
2.0240105271570465,0.0675789589317038,2.760764566054423,0.0505985058813999,2.6752186152275423,11.799304411956236,0.0928773671744599,102.2205657766669,16948740390.09838,0.0008428290060655
2.093361108253783,0.044270634686433,9.772181218184198,0.0604600988132132,7.049436002824217,13.732494161432554,0.7741037405079563,113.62092100444345,9952836011.88739,0.0006670998867821
1.389923090834801,0.0779051823455818,9.387547185975324,0.0730280148313159,7.342213404046187,7.852169182445693,0.4026105946880721,81.93892907758915,17043983076.680258,0.0009387993851778
2.093361108253783,0.044270634686433,9.772181218184198,0.0604600988132132,7.049436002824217,13.732494161432554,0.7741037405079563,113.62092100444345,9952836011.88739,0.0006670998867821
0.2071520739425722,0.0413715980466913,9.436710224121736,0.098189083572959,3.8771303685420815,8.491720721860482,0.2790523670011813,117.17231015290912,11404236801.695076,0.0006181433173529
1.533509115042643,0.0889273148700604,5.129101592277556,0.0496205230025668,9.97415335161314,3.5520947308073003,0.2155791036798282,108.53508917326673,16133919280.529385,0.0007639291749
0.2112577774684666,0.0771745637565075,4.756761437157067,0.0882319246970398,2.754369483317572,11.516804181038632,0.3311562478095293,89.34149634940817,10285062558.85842,0.0005805850191021
3.848328284816626,0.0866866395410186,7.076864235929372,0.0584759748590688,7.815249130204534,4.381945349559849,0.5039681865213452,91.61143097331409,9074874720.70199,0.0009028938454871
0.6936723490606601,0.0475839423480618,9.298092101387756,0.0877029558446399,0.9554121283428992,9.271444367382207,0.6896089119832097,100.40369954929106,9483613713.45806,0.000608205968365
3.745109340540044,0.0910652455851965,7.244826291204458,0.0612991266577957,8.200382412931303,4.73964077301665,0.5281604232625288,72.17961133896758,11408131649.194418,0.0006842630545914
0.8658627668213873,0.0411630837808163,6.105523584778968,0.030116514981346,3.610711836594928,13.213168086848883,0.3117157310156596,122.0634931235846,15524153774.714428,0.0010544583953502
1.0705486675719738,0.0903585784666539,4.031270850021977,0.0811282523167953,9.952388123533863,4.965500503101666,0.5320272786883877,110.84223689957231,15115648240.78164,0.0006221692434805
4.641496956653711,0.0959041244026559,7.426483606251741,0.0533929333819587,4.847164887127264,10.9245146537703,0.529592149583746,77.81718649579216,13871793381.585968,0.0006947595572127
2.925404265767559,0.0967976333181898,8.658601235694855,0.0825853064087255,5.797347936346014,4.904083555068865,0.2401716750238914,77.30446986878047,13443723439.051949,0.0007116291156544
3.92371191284456,0.066249838091346,2.88322584583996,0.0312545799311195,0.6830883327068825,12.11571028054094,0.1198280940894917,87.45168578500402,9382544376.794847,0.0009280991118263
2.049140872348662,0.0913775936579229,4.670362322799486,0.0268680378992343,6.466740814708508,15.000377968497888,0.1394625059805818,74.45058028501738,11156009646.232449,0.0008435327048738
3.8660397122548726,0.0550119397297876,8.171299083264048,0.0280548416231722,8.481009615565515,10.979969891845585,0.7108989933674428,107.66272280274482,10833193406.518345,0.0007793880770529
4.851265277010135,0.0916365830729878,6.882502504020093,0.0547410501579386,9.013979844469846,6.491894106380415,0.6150652392675727,68.64039488968135,10323634826.2539,0.0006584897326811
1.4487645576759969,0.0834179798561043,7.381156903122157,0.062308778110963,8.900175288625054,2.9332746507793104,0.1919503839597465,127.58008703614682,12899196715.25169,0.0006660635006658
0.2539977428958839,0.0835002681316838,1.5418393713260117,0.0777482466402904,3.248276333041288,17.326580231425663,0.024811349515633,124.3633894951214,15810557013.792992,0.0006117045444363
3.1364919710330548,0.0787066317614282,7.113216788472837,0.0471428634168732,8.220068881079508,16.007463323913584,0.1125372597919832,80.09452502793745,9673707048.829782,0.0007822660805203
1.0844690804171315,0.0906171830714132,5.996940430074807,0.0834223715736823,7.796751539542598,4.804061215175532,0.6318536522164738,109.20554088570049,16177892282.474163,0.0005621430225493
3.848217889766768,0.0346952042136833,8.530089953112652,0.0672457694612016,3.848113728563189,4.752804687565273,0.341823544699711,96.5757387109956,15396724529.926464,0.0009641316752527
3.053258956418852,0.0916139794488635,6.80088923699211,0.0463814463827987,3.280681810598084,15.87997734642216,0.0580145087191131,107.14371489992315,16507996015.66329,0.0009811544081227
0.5240752668526627,0.0519516109230429,8.717756023782774,0.0289509642008088,7.106258311394969,14.668213933722331,0.5917305422614848,122.69780364547556,14859478228.929268,0.0006966817855527
0.4734771059827519,0.0557725814201685,5.18573678344682,0.0360015702605273,0.1956292821213251,12.597563852355076,0.2671928675658269,65.85332577456292,18288755839.127934,0.0009100795716276
2.9943539071786693,0.0844975095890372,8.916614385066502,0.0873099994879507,9.371377850939036,4.304630787450931,0.3723072207972179,92.3386987421278,14179151488.720297,0.0006506581111479
3.2224854583716813,0.076371942899981,5.410140384987531,0.0308098058752936,6.705002431339243,10.250372919732175,0.4428054370411134,79.10694608071007,13745621427.182564,0.0009550861928837
0.3173099539374359,0.0980554756361022,5.487067400974328,0.0896834308013057,6.9737257346361705,10.433147142288886,0.3547061211089637,120.48302856268784,13801095196.159843,0.000595789298227
2.0921509997799457,0.022860948300545,9.00909448096482,0.0189629597370827,4.479634344739968,15.32879841934213,0.678083468779315,101.80705176952355,13307220281.71855,0.0007033619378022
0.2539977428958839,0.0835002681316838,1.5418393713260117,0.0777482466402904,3.248276333041288,17.326580231425663,0.024811349515633,124.3633894951214,15810557013.792992,0.0006117045444363
0.7200832444237265,0.0489982571676375,3.332011364544777,0.0409244088318729,3.933327000888572,14.02480335255124,0.378248452521585,70.94271805207636,15744015143.354343,0.000650682700043
4.265033674448276,0.0951221771683501,3.0582042973271086,0.0033653433287462,8.53636140949636,9.059504334486038,0.728126696983535,100.006522017986,10885995974.44088,0.0
0.726671487604321,0.0419886525328407,7.923048766132862,0.0457599934532089,6.550005149072163,4.605633884425499,0.3038991411131476,99.19564242911149,14804963566.975306,0.0005230652216252
0.1025735337586518,0.0901570834156419,6.176887702768104,0.0836160625623794,7.743556602572209,7.012457025557292,0.2348125090090677,116.15668982745036,13822043678.028582,0.0007595437521729
4.716646099085876,0.0906978621231845,6.028117410151918,0.0419693474856254,5.660352760340913,10.830185434297608,0.2346792806287927,96.02721681017589,9878839649.727552,0.0007465022514138
4.285104384998997,0.04595295702465,9.781478670894009,0.0286034991217092,6.600539661771762,7.67816947191804,0.6220520328681511,65.87363690059455,9795884448.546482,0.0009587130503367
0.1835311198231814,0.0800529385295805,6.194478656290101,0.0961731095774665,5.414753271701222,1.5647325103577288,0.2725511913065627,127.5509422322232,13299312941.42199,0.0006940072077566
4.320436345905349,0.0991900941983814,6.393437062621528,0.098358253167529,7.880025547938413,4.853971650095029,0.756245786932383,71.71532384404493,12777921706.774471,0.0005175499631997
3.0126194573909366,0.0903636166847039,6.700856454007966,0.0475353871193409,3.2999552123325957,15.835113312436873,0.0639747779506714,106.7437645273368,16500344911.015274,0.0009819384613628
0.2085390865406174,0.0863551185049342,1.0191312539958584,0.0422099933838099,7.18439912557606,2.248913384759149,0.2856423355196611,89.57068592273188,13874372398.288803,0.0005330225870526
4.701819820657065,0.0936652663707933,9.568842781520194,0.0638796379765493,5.178515057472314,8.094707340591249,0.6939271186691218,64.46241811079597,9190133082.226524,0.0005370736294345
0.8308774888158699,0.0908396684115665,7.5497109966691776,0.0315181684559998,5.025591332437327,10.2526400650891,0.1465962225929067,128.32631599340763,14392325285.24381,0.0009727451829992
2.505440920038,0.089103802559553,7.222875123974531,0.0492256739695266,6.469615490747679,8.60761357502659,0.3965223603084403,84.33583264699121,12016977774.640663,0.001023605287211
0.3932541817204317,0.0952259040655635,6.683211600642212,0.0982651352665466,7.977546473723763,2.799105274992989,0.5027614022089164,99.76898352987536,15848986301.784569,0.000699574201299
0.4541458218689589,0.0650325657238819,6.206841268293148,0.0872800441434124,3.5291391381288677,3.105575336162014,0.2068741113209099,116.17636640450912,11278705199.839771,0.0006985793711533
1.4073051430518115,0.0633938870992438,7.248920231384893,0.0638950753246545,0.8843350802196628,12.66269953345147,0.5579652869666177,89.88485219382798,11649516257.877407,0.0007712522050026
1.1511659394968718,0.0629807829292659,8.286258538814437,0.0887728671566468,2.3648998753223496,2.2790784802528794,0.5022668948910737,102.8223394591628,14587929673.706326,0.0005348286223318
2.5294589620330625,0.0395831775600087,2.555434757873612,0.0389807354493482,2.7795864160025423,12.43677872460676,0.1140091595066561,129.7538380705459,19097827544.858814,0.000898418357488
0.6954897712971673,0.0370429488369092,6.915149344583669,0.0730585412694674,6.659748200970047,12.279619352809108,0.3387923103804795,104.53727282625852,11936956975.587854,0.0011842752331242
2.0575882130078997,0.0630208737367818,5.096374767404298,0.0523028113235002,8.96636190030736,17.756787694133006,0.270432088556383,81.82751438432624,15048633484.64848,0.0009500357723866
3.38885484104504,0.0968187479825507,8.480724743611447,0.0587920238137078,6.402294219538892,6.855388381802842,0.5600985364423382,69.04145004766892,10407186501.36836,0.0010047191973945
0.5330963992485057,0.0857255249721709,3.046432986455747,0.0690763155610138,5.820522728331032,2.993282394098564,0.0192590611786992,105.18550273659376,13391414728.048824,0.000546500451277
0.57003815885998,0.0125493809843782,5.267003947328113,0.0920366754033576,3.0301250102387267,11.469231265566371,0.431479732167277,108.72796929156696,9017394343.307589,0.000562052703452
3.0255108934799053,0.0466300901389126,5.067297078432476,0.0431856620811842,7.8909982635477025,18.062456203681936,0.2279312865564769,75.50102642055543,10099669031.777498,0.0007671160795372
0.6055114664076565,0.0648086788742995,5.722979015668641,0.0659702859324261,1.7482564986427278,8.246218004698788,0.6450456343162451,101.32275664525578,17006458209.488115,0.0008282512202462
2.137480775196793,0.0508754467306829,6.280840298253107,0.0766922091392306,2.580348671785422,7.6746739676253295,0.8287348961001676,120.24453760453588,12892970256.72255,0.0008217377616266
1.3778462424549676,0.0698281120683748,6.786718980587166,0.0834961669654028,2.6906717151516246,1.9116490333460263,0.3947970238008172,113.935136256106,14600134907.84376,0.0008502194635567
0.3922669725684902,0.0536899175486692,7.427592623252193,0.0816244883675893,0.2119784573469325,9.93484714755291,0.5400502957721087,105.12272383626988,11623755857.62772,0.0005926412404361
4.4427927420437845,0.0869950952204559,8.972988974098275,0.0328233141542379,9.798776886112435,12.11941594543262,0.6716003379229556,63.56152028946366,10391504260.384212,0.0009632329161454
4.4230297219990415,0.0791147515273076,6.921715570108944,0.0509635803224628,9.409641444227276,7.121784885744399,0.7737509189820853,110.64631195000298,10304687568.430342,0.001244792810515
4.785697948632865,0.0672793487433686,2.9310330703639336,0.0992722802327617,7.88807959347115,5.924441213163775,0.3962851358744789,121.08516999042612,12802507836.154203,0.000592166619602
0.4757503551100438,0.0669493822774402,4.075885580762077,0.0400459566941933,7.486478536979717,11.327190886080482,0.3912967852498311,102.99539777296502,16152213341.037868,0.0005394417452659
2.3829371053150443,0.0980582820734624,6.861636750814119,0.08607087122645,6.634295554054914,2.9649801951648755,0.41661948338778,107.58313718584084,12601694316.190887,0.0006550961794037
1.1280455904341369,0.0549048281840094,6.183099114628029,0.0932864301652341,3.805434509175873,17.310331205459484,0.6057614383116636,115.2795246284807,12463950718.384192,0.0013030842822905
0.174952436203128,0.0620837458406669,6.301511012158724,0.0957037015858521,5.165535494427044,1.8009434794041146,0.120893260702708,119.22744430082554,10574174164.928225,0.0007695451200896
1.187983994156615,0.0907670658633149,7.532978078731146,0.0636947107897297,9.539433495554034,4.338817606247652,0.1863497950068628,121.4372125889518,13118424506.838009,0.0006716286861842
3.765404040684397,0.0896040001970049,6.296287387661373,0.0154448318922019,6.614823045378402,9.787383498653073,0.6803785095611032,65.10545452488005,18701183279.014664,0.0
1.2195537028436152,0.07712919077067,5.044333784591824,0.0662086608612718,0.2430968578454956,10.894217597172032,0.6973787235949369,97.32966532946662,13767182038.01036,0.0009936136676588
0.2904491216323318,0.0572813560124978,2.804887962076344,0.0571125749508051,5.344023934897398,4.688885325571866,0.2845060613188193,124.04614143929696,13518256747.601748,0.000947768039255
3.126646067970948,0.0596725163269515,7.743098588368803,0.038306505776069,1.985098239567809,9.580185076178408,0.6455493248928059,72.59276763244898,12681791805.458117,0.0007862688879383
1.3163640407683157,0.0645843823430614,2.3409644274711177,0.0524508999451253,5.248556019431474,7.083590981172573,0.6584984335683493,87.32136668288187,18150420362.32849,0.0008856020868891
2.142448736018653,0.0662168908330689,5.949966674981555,0.0648111632871192,1.6191332511216463,5.516637916537219,0.3893245874577353,69.50231616826748,14132219379.393192,0.0007423727573133
4.725852662977139,0.0706277722444414,7.28026051181014,0.0440768676608778,9.216445914731692,9.974815543869193,0.6518791410030544,74.7428628443715,15851091517.08688,0.0005272535578796
2.949147292885439,0.0442805974849655,4.879330603196836,0.0453539755606201,7.92721392126692,17.97815449985698,0.2391309208613002,74.74950018415741,10085292233.377558,0.0007685887487525
0.555568546200717,0.0842103754994777,1.4725175679662592,0.0927214012323988,1.1154035697041127,7.016877915510104,0.3856117794308877,115.873179911059,18656924954.69266,0.0007838195603446
3.005615991077717,0.0845878663979305,8.806357827570597,0.0873734245592227,9.400595618546411,3.992316391112574,0.3619433766665627,93.4049846263804,13949150812.23376,0.0006367034143596
0.3754182328928944,0.0537666028303698,4.972682335159941,0.0981269415470271,2.314621464526444,2.789897153454357,0.0936800288410659,127.39990969418544,12219957093.867428,0.0005247914556149
3.6888005207453127,0.0651007814416015,6.535499931947411,0.0508985770999899,7.560672239154327,3.645891807088487,0.5575301046234694,92.25585145896652,18206781079.15317,0.0005052795809352
3.744623817753789,0.0910638393772898,7.245959380108664,0.0612917703724001,8.201408635162379,4.739632077138493,0.5281369251663842,72.18282806826303,11409771633.220102,0.0006841996988745
3.2224854583716813,0.076371942899981,5.410140384987531,0.0308098058752936,6.705002431339243,10.250372919732175,0.4428054370411134,79.10694608071007,13745621427.182564,0.0009550861928837
3.744623817753789,0.0910638393772898,7.245959380108664,0.0612917703724001,8.201408635162379,4.739632077138493,0.5281369251663842,72.18282806826303,11409771633.220102,0.0006841996988745
1.9324043089269969,0.0597937591491395,8.608411299558156,0.0793853125493531,4.2950401815978845,9.46781568648176,0.5380427245644981,77.1236516683541,10996764643.15337,0.0008638491233307
2.537382262034616,0.0992084697712523,8.889131620523534,0.0988899227796321,5.169091275958947,1.4485094770196048,0.0402748107829623,62.64341144516716,12558604042.953075,0.0006053642919696
2.963562808031523,0.0446087956929989,4.917736673370098,0.0439437071104422,8.010231126694272,17.89981548445497,0.222676277336687,75.469249511368,10071326790.788486,0.0007625930034629
2.848597374691665,0.0475554730022296,2.924868739882741,0.0696210964516108,3.762627235883655,7.722228692372,0.078191089535517,83.46389206060579,15964791954.665377,0.0007722689532233
1.1198747072353703,0.0831630202972336,2.4935688956528,0.0571071575941413,1.8383766755703064,14.020378980264312,0.0527463728744927,95.58276408979631,18914055903.27232,0.00075555288565
0.9524727303926388,0.0392165420925132,8.97535388700752,0.0850515229336068,6.580275039086447,6.401122797605802,0.1361391347231179,125.99952458398624,13513970899.308825,0.0005309112865633
0.2265815567393555,0.0514576920931907,5.124080291343296,0.048824280882841,2.016069866412068,10.945041972304324,0.4477349773963817,61.78376734095608,11349257587.154297,0.0005367646687632
4.186530888854574,0.0566353133104604,7.867172766297809,0.060435029297648,8.634589203249694,7.581221418638555,0.7975752229405819,86.63802143722215,14199500759.242271,0.0005201127014094
3.144376432008492,0.0608326160013662,1.6917244470901522,0.0612666829076383,4.170860852369036,9.857762453284185,0.020999019302546,75.70702827567958,15003397372.011423,0.00071096888147
2.520551820656622,0.0777307421315977,3.4025383067207287,0.0037109409576397,9.942363270575877,6.894506687689597,0.6724291381821546,86.00956756333251,9017503676.02948,0.0
0.688768535231182,0.0916447135951352,6.390693265890238,0.0651169322417963,8.30931584410654,9.234982047003028,0.1329477671983726,99.44717711634672,14402144868.30815,0.000536103647655
3.117491883826531,0.0973071608154696,9.89888267199167,0.0555806062220835,6.056920538809986,7.542190641236524,0.4767735127172603,69.51795003543364,10210578954.872725,0.0005233896651935
3.244343981616778,0.0869526850960457,8.302911903381808,0.0698736779715105,8.545209239119929,4.298936420475622,0.4652381816128055,60.03594960008664,14233273788.905085,0.0007173580485715
2.911169576428451,0.0869357106310841,2.111025139238065,0.0956638217652391,8.271045373725117,9.361185986872306,0.5576209085419214,105.13718561942366,10090619631.266323,0.0005472276170323
2.86430637309986,0.0879435432747108,6.954118999544859,0.0528377594402071,0.1643769798734972,12.574226048955005,0.8084765576180765,81.43360785328998,15960949497.451723,0.0009225924296665
2.3445761017683253,0.0561950544508743,1.9597416418455835,0.0482380948214844,0.5309584704684397,12.481611742666209,0.179497673550642,61.37849334905994,11402865475.101814,0.0008894255830965
1.6167679980453378,0.0698557909034671,7.475067140096343,0.0676433838449705,7.718203447530048,4.101106676520981,0.4696462578919599,125.9379865259057,14007298641.674778,0.0007371522084929
4.307844291070457,0.0928276542953516,7.036339977223423,0.0908637680857787,7.185350380253454,6.502739711214974,0.6601922262528598,64.58487413557842,9536403227.613289,0.0006291138769335
0.6763972623363381,0.0712848509867479,1.149447039270806,0.0551761430136312,1.1282916843106912,10.373376790728573,0.0185432733440105,89.06911830180906,19850845443.509598,0.0007933368519325
0.1835311198231814,0.0800529385295805,6.194478656290101,0.0961731095774665,5.414753271701222,1.5647325103577288,0.2725511913065627,127.5509422322232,13299312941.42199,0.0006940072077566
4.299296874324734,0.092031830210601,5.778591027493628,0.0582536702710863,7.011716933770797,2.093848614992695,0.6590635061583251,80.05115320321156,11813012605.833254,0.0007300566790256
4.311791038113279,0.0792289909403264,3.1030091623272518,0.0866581260724116,9.809253936310666,4.190619413359141,0.6353068364747895,98.46346281326826,9653692952.747717,0.0008171503092166
3.2740951640315044,0.0759714360089988,7.516136261668664,0.0393594546205864,3.169700169910001,15.730967357489,0.4034367267316382,98.1251617925519,16799113704.409666,0.0011000468323812
0.9275209745756492,0.0951716305779718,2.9263016300447373,0.0994762867192323,1.1801898673220057,4.24722082722949,0.1200475693048156,117.55782054968132,13177799372.2585,0.0007603168594682
1.0649411088889953,0.0719084781215209,4.897492707537605,0.0588206094727651,9.87330786355891,9.388454999598991,0.8043682306484293,126.585066621073,12266777870.556004,0.0005060257356736
3.97695511468038,0.0765412200303841,8.965152389737433,0.0190553741894837,4.133041735750186,1.0622141942375534,0.674623530500371,73.83166802025377,19873230166.582764,0.0008808727917118
3.6424580186327935,0.0449350870653009,7.396246908023247,0.0681852048050003,6.463019874550292,7.957992636489685,0.265438566668071,111.8983307093886,14839529628.975277,0.000817824072662
0.6427785105864537,0.0997556489982178,2.5214449711675,0.098949490753472,9.396918384233,3.837781476702431,0.6551070049996487,111.71676879780632,16035708418.758812,0.0005267460778671
4.007008495267452,0.0484209835317051,7.7895760010771165,0.0613820705746423,6.709000192561832,6.376798418996327,0.5907937289188433,88.42213832611664,15091995851.28735,0.000733296823538
1.5642936355524597,0.074384750448317,0.5898504244300714,0.0826900426828089,8.969972462695775,9.779604189653906,0.683633822870695,107.64410659071125,13144439450.00526,0.0005482332039809
2.085336632608149,0.0416084779267777,5.985550123008952,0.088979853277951,3.1259372728456243,5.305499403805456,0.2384096717046538,118.43988397013312,12161033560.895918,0.000976747795652
0.830042626807911,0.099836014182563,5.987990969487886,0.0918664787502065,3.554660901229992,2.900775758160007,0.6041201463196807,100.46355361686716,15749903450.288448,0.0006822288075519
2.046714625014084,0.0651344210686461,8.76892277269798,0.0842310263031816,7.427353061266149,1.0757158051474522,0.665637389960779,123.70501888711335,14117289572.645365,0.0007162320947813
3.981411656784076,0.0767682336768693,8.955687350725082,0.0191379876960736,4.142316395264859,1.0205643494416234,0.673554400050822,73.98041547452993,19933054982.64157,0.0008804222704852
1.5392684731165234,0.0356075475474915,8.615794445077913,0.03712679316082,0.4453210198500116,15.636013652930345,0.6675505958161211,122.20542138502188,12851278895.696964,0.0008702315864579
0.9623800319715404,0.063077013626915,8.712710867063223,0.0808095125285092,7.060149265478615,11.96675225956668,0.7278580282537649,91.25808778671768,16996191627.386024,0.0005944475298062
0.6817916614523395,0.0688776559909066,7.178434836305335,0.0789271473718405,5.380449626278345,1.5978678702120086,0.387479324708568,102.56204879205252,15301292249.133133,0.0006971434142068
3.126646067970948,0.0596725163269515,7.743098588368803,0.038306505776069,1.985098239567809,9.580185076178408,0.6455493248928059,72.59276763244898,12681791805.458117,0.0007862688879383
0.3293584785946151,0.0629896316377678,4.620195717948662,0.046179278943939,9.699906038022664,8.94408438162506,0.0623206424895728,98.25073448697944,11204357568.879717,0.0005123147237116
3.92371191284456,0.066249838091346,2.88322584583996,0.0312545799311195,0.6830883327068825,12.11571028054094,0.1198280940894917,87.45168578500402,9382544376.794847,0.0009280991118263
3.2717063537195545,0.0927293096917829,5.779554605035467,0.0949724392389996,8.37579121701318,4.913633427629431,0.3031447691370634,122.21316118754802,19400637278.68886,0.0008222168915134
0.2085390865406174,0.0863551185049342,1.0191312539958584,0.0422099933838099,7.18439912557606,2.248913384759149,0.2856423355196611,89.57068592273188,13874372398.288803,0.0005330225870526
2.7180689193003027,0.0489236514273209,4.882145619981154,0.041143742844709,0.4357071588003341,9.06181935078956,0.4427708491060599,79.4804920142627,15208064749.35783,0.0007183377065529
0.1095927965887785,0.0616887309300048,7.830776889000845,0.0498035753615328,9.63112219906758,11.979590645569814,0.7926398850540188,104.74947296913712,17681707066.22891,0.0005419047905378
1.073345118483781,0.0900888512471231,6.026057697486806,0.0845536142331862,7.659711159948472,4.775917931966936,0.6398531627877584,106.62945580243988,16065756220.48398,0.0005859385040911
4.366986284904423,0.064418670732007,8.56778193630118,0.0087580192951341,2.2259238175401874,8.124600384259177,0.7940603471993088,65.18499056989215,17547353864.18824,0.0
1.6097625348369806,0.0572380462460181,3.4317075228374136,0.0829870396662545,5.356478975366228,3.568422168121653,0.5063940224380389,102.68021310115932,13031161675.194958,0.0006046396213226
0.4119529028427411,0.0824163211184766,5.553778053511232,0.0981683784462577,6.522335922317812,4.294402498731388,0.3585774494389833,109.7767804083739,12953622961.285744,0.0005703611636954
0.1792635120464648,0.0617397016900351,9.121928055148729,0.0350925113241885,9.694226634039762,2.7289508985099804,0.7383777159003249,116.5099751833448,15849243364.44361,0.0005475577193746
0.8099956907190176,0.0879145136401266,3.359163032437928,0.0816178537453288,9.781479506512753,5.567607270726858,0.4880611827465094,115.75250924321244,14236285667.9623,0.0006638231443168
4.318046569420869,0.0464019290026855,9.7909656887562,0.0291325310171829,6.738679322576143,7.688655980755464,0.6159935774906465,65.83911505576984,9942228838.533604,0.00096565314619
2.3135565629797004,0.0968885674704406,1.9122515514324911,0.0886089723098138,9.947753219947542,11.33359235977399,0.1812809630643424,89.74915783808406,17351248923.072052,0.0007011267573459
1.986131074572616,0.0879065423957526,7.486717501210457,0.0628186068114715,8.589498193388314,12.672261189329369,0.1229988135503376,64.30896519675785,10556376985.6031,0.0006931654272889
1.28515445099637,0.0638031448476735,3.290115014015515,0.0944690604661708,9.80504620647003,1.841965274276056,0.2886993544498918,92.7895636347874,13108799965.12662,0.0006315194022804
0.3745292630553597,0.0744383987503058,3.1181601101341854,0.0827050962375098,1.938719651340528,5.359675869127079,0.3145530481347661,114.92978640464597,14694145871.350632,0.0009246726188306
0.7790592617573834,0.0963704660687333,3.005988571327496,0.0965785554052085,9.88381083441798,5.038675339261054,0.7711967706597279,123.05748628438204,15780863613.462782,0.0005751967977909
3.6173791485229647,0.078985574114532,4.208992472289363,0.0545097375795333,8.648987585760823,11.55870835448661,0.369607981128128,127.1075964376067,9033479670.979809,0.0006585248201372
0.6117759875936826,0.0768208176932809,4.677451418158048,0.0801436009189606,4.348795030980555,4.305096515518079,0.1453829475856093,97.58959967206825,14193464982.864723,0.0009432706360993
3.886907316264003,0.0481920218317822,5.7597256815368665,0.0189136991714904,7.673698601592658,18.600699029880303,0.6801598067054899,66.44418542114806,18318601960.820377,0.0006715281727645
1.7419992553938344,0.0405671617228944,5.8541700640712575,0.0495737108681749,1.3058930176001646,10.892437295310357,0.0213339514545736,117.78214680284007,12089318718.343994,0.0007685773117597
3.2452333294856746,0.0986439972824501,5.264521660467678,0.0357954317478866,2.620222859904089,5.941229328477798,0.5775995217833788,63.74566860435808,16682952291.144836,0.0009083237732953
3.9290079829274474,0.0255775664393899,9.84827633165823,0.099932091792988,6.6909476635358445,10.275193406911528,0.6237626809432308,116.75955567930224,13935708563.326874,0.0006023070361887
0.5639413378306591,0.0656896261440972,5.920467147175463,0.08781168090691,3.614420152685877,3.145127464802977,0.2541738187127441,115.61521926115432,11334638460.180107,0.000690387165977
3.696381811831461,0.0758589785572421,8.800017100877689,0.0239303694131211,6.664923497142924,1.281626158274513,0.6915716856803934,73.44550419014955,19843257709.8517,0.0011224132967211
0.6779840481127698,0.0865096761364855,6.596275993679025,0.0737643350655486,6.731283952433171,7.727248326131515,0.4760139840886981,109.13312316756073,12318524581.088749,0.0006891530080648
3.249503347454892,0.0758658130945903,2.469782103155945,0.0891413651376175,5.473232763101467,2.7701721293547195,0.179594702679512,85.87481031665193,9330325465.236118,0.0006334524641
2.59141080427521,0.0996277193318134,8.81111836149603,0.0990561687338508,5.059852217943849,1.258695932674628,0.0424645882285796,63.24547271260656,12474805738.61182,0.0005932014842641
1.6097625348369806,0.0572380462460181,3.4317075228374136,0.0829870396662545,5.356478975366228,3.568422168121653,0.5063940224380389,102.68021310115932,13031161675.194958,0.0006046396213226
1.9499503096834283,0.0609950817549999,2.2642675399277543,0.0988483983778516,8.118373158720969,9.745818176968516,0.5408772886175242,90.60814510572932,13129397918.223442,0.0006072490030487
4.670314781590982,0.0916893979789685,4.030071329130895,0.0346957296643954,7.809019959112832,10.784915746541156,0.6690264513231852,73.86515815510946,17918520003.020115,0.0005858011763342
1.040616845092833,0.0951774424579627,9.790846450394303,0.0831391174770608,9.887289866182869,6.581103460423084,0.1385880704659504,128.34743814015204,13427330323.03896,0.0005541845315034
4.522963759736736,0.0872013969117245,9.455978470043547,0.0448922520213768,7.358287958394428,15.515685207979974,0.7272461675662902,77.78443477134927,10975230017.450571,0.0011597809624841
0.4669116052598466,0.0662688278398297,6.14256674778124,0.0893027658117775,3.584412282230128,2.764851272541175,0.2080639806267388,116.3597572777024,11249290712.017427,0.0006978876300581
2.911169576428451,0.0869357106310841,2.111025139238065,0.0956638217652391,8.271045373725117,9.361185986872306,0.5576209085419214,105.13718561942366,10090619631.266323,0.0005472276170323
1.3734541565692018,0.0618933123441373,7.493518726520153,0.0468734454950694,2.543482518929276,10.786632613350774,0.5073646829152814,83.0528001650082,14468925170.822529,0.0008172189092608
0.9765322886477966,0.0779715129368692,5.153268642625206,0.0370524344565579,8.28428924758122,9.470086658833976,0.1055892671833202,106.8295112160015,13968577141.046455,0.0007520267398083
0.8476449117294768,0.092705582339503,6.036113110732871,0.0725968389159242,8.010616679914806,7.572121107956269,0.2993900331480164,102.4747842420078,11794982669.189705,0.0007982262422812
1.6568585160905989,0.0777032008978728,3.689137018730504,0.0850284819438592,6.778018223401959,7.417415334754977,0.3532388789617691,119.60137220280392,14221259458.830036,0.0005933800514362
0.3116776604168159,0.0580815131511172,6.227972072087916,0.0934654354029728,3.2917115340017555,5.862659355872487,0.2160211971449124,117.10934562134292,11964370901.540482,0.0006581732100571
4.451101012123068,0.0929765029845127,9.426253021533926,0.0652558311374357,7.420690951398427,10.350309549175048,0.7266279515212303,65.63161905108696,10971934757.43203,0.0006851751443582
0.1579828729005074,0.0899387509675082,5.326310599025362,0.0898768962795807,4.74688020308954,6.306987916287181,0.2406310753162365,129.1850409956087,13623467482.172665,0.0005490717276016
4.007008495267452,0.0484209835317051,7.7895760010771165,0.0613820705746423,6.709000192561832,6.376798418996327,0.5907937289188433,88.42213832611664,15091995851.28735,0.000733296823538
2.840167280100657,0.09942412147336,3.803259654577273,0.0255446992175846,7.289895918377293,11.527121471956404,0.2650795184291651,62.00900101925885,10725979158.606388,0.0007142862306903
4.1347471800398,0.0809824814679698,7.316511896459162,0.0586169326233366,9.796549356411106,8.497569562938134,0.7980923678114505,95.20197812562016,9161205392.55579,0.0012092637159433
2.3434060039572624,0.058405460837531,9.793767006430222,0.0284886660469308,6.487427664813064,9.425057520865476,0.7992538703541351,119.6232686225738,9599314390.173264,0.0010550222238723
1.1186081695496557,0.0667893626716308,5.97369844997398,0.0940949825787812,3.980991746774337,1.9507297315909964,0.225045039505566,113.7746214700796,9660287734.049805,0.0008886026453833
1.4520570705147702,0.0617637226858395,4.5183836379785,0.03809503585582,9.221817188619852,7.280114177015071,0.3944947437627226,100.73387964147206,16145725478.09665,0.0006906872131332
1.272776275369668,0.0932034480411787,5.874539219682683,0.0988175377338858,6.623129683377244,3.2572435889814995,0.612712196248466,111.11781211416866,12207259519.272013,0.0006151209665086
0.6680717486065801,0.0284672172231003,9.273577541120067,0.0105380559155172,8.180428982519507,10.06535035297962,0.7255940180816589,104.1746423525478,19406734001.23244,0.0
3.234965971475272,0.0766141564979667,8.116710155673521,0.0446816842811823,5.077429598682525,9.437106380043987,0.6053476219144377,100.98020797144596,10875453277.891151,0.0009335943460176
0.5434199596635203,0.0999538782336185,4.981209380136516,0.0866919277951576,2.197221374416306,4.063343893924466,0.7574714260605312,66.97741495325128,17116695630.278185,0.0008853504478405
1.353297703202466,0.0530975733091842,6.633312999508094,0.0326494633900104,0.6315787756655833,11.423077657124852,0.4866111139870039,101.8248072710162,19435644504.98416,0.0005908405920649
4.646820583096841,0.0874427200333612,8.566961449531991,0.0942262938471547,7.284169290617033,12.466241456440113,0.6569974024937735,83.6586716054133,9183491007.222092,0.0005080700137059
0.1754536095450202,0.0488270917874552,9.870574193452123,0.0929976229145637,8.361894856124346,6.268473718753327,0.6649303395037469,78.46994435140556,18538711249.26794,0.0008279836912232
0.8177842141551394,0.0725022939686691,6.289137591051299,0.0945317152587521,9.451770001878792,9.845605357868752,0.1866238047193291,120.3431938372448,12932700971.782827,0.0005188404266964
4.020867387285168,0.0815655355589811,8.997236424372538,0.045026283447026,2.276309854374413,12.851856518535085,0.4341956775903747,119.4322526753854,17278206795.51052,0.0006789790649221
0.2693765554027629,0.0509487659109975,9.814931035056697,0.0331956939255376,9.12911353175197,10.376221533979782,0.6685290982041627,97.4840699426857,18247264773.39889,0.0007181160992462
3.703022587485384,0.0645577942260856,6.147326174547365,0.0492217576325365,7.505537748186811,3.6101002355818808,0.5657763263286386,90.66607914477592,18038931987.970497,0.000504349879352
2.1000771935286227,0.0831583587992777,5.930503250491712,0.0171687100072832,9.838047369077607,4.403636461920348,0.3072543320834831,104.84662884808569,9016943323.995935,0.0
1.169561177144211,0.0902630864424173,6.078561817784036,0.0878459938064658,1.2050428693787587,5.926086880709747,0.198772333451269,60.32150856734278,14831635051.905846,0.0011359827638171
0.3230861541564809,0.0352361492230618,6.037005077129448,0.0319693863819737,6.470781961415071,11.64558420433391,0.3459633794527398,85.68218501436007,14004798458.20534,0.0008160608787095
1.871811654668692,0.0500114532970288,5.231263960675979,0.0313380480503839,9.23913496014274,15.515273775222546,0.1048197753918859,76.07668051751288,9967623027.761164,0.0007119615186877
4.758557630941369,0.0906542429937386,2.3021929102564243,0.0010060466647638,4.88143148802942,19.83513700150317,0.7566335422355004,75.17159036757144,19754873364.5516,0.0
4.500509981458894,0.0551271274873158,6.406590085451123,0.0400098020873934,4.310285993459241,9.867059276213288,0.6251791578884136,69.31974798290459,12814540152.203531,0.0012512364156755
2.6060904482859524,0.0496368460678776,8.11142461409881,0.0699324963014998,0.5022742681658438,2.735859052739454,0.0462979121413619,82.18975547075013,18560874917.97963,0.0014911495536457
2.167419999914192,0.0825086145012743,6.867066481641567,0.050567090179706,4.679826953912239,16.248782388113575,0.236758595244595,90.78986333707503,17132256852.56769,0.0006444219654883
3.791868225803377,0.0584925779949819,5.669974453660444,0.0650303667437209,3.964634611600698,1.0231039480435309,0.277567239949028,102.03411905114484,13091578867.44337,0.0013529131408913
4.136392281015295,0.0904130888336045,8.962991048592572,0.0773379200953762,6.748794323813718,1.8700883814217448,0.4656665707768951,82.79689482755333,13566219724.552883,0.000862137013775
0.9733231898304106,0.0797681663430615,5.84914363249312,0.0395020195979177,5.689211981864363,1.6435672157524694,0.4408250711191157,117.77415318014292,10626905065.376266,0.0005829775778336
2.343617534664592,0.0635796556469267,5.015554442180193,0.0538137025470637,3.020510447063022,6.860817158239933,0.0970048331860287,99.21166697655777,14813330265.28406,0.0007243932127228
0.8286383417543536,0.0661895812645435,2.824011590681718,0.0463222649734357,1.7132026587865496,6.928433075467864,0.135056766669611,92.64302708575887,19653397167.041267,0.001030174680831
3.4773101854492823,0.0929574548996517,8.78909381509326,0.0496771320279703,7.7021088433352,10.78894248240255,0.4326195778303079,67.27904762159692,10387409425.823286,0.0008449427549599
3.705102100834208,0.0645552146926718,6.149836355547294,0.0492539682234677,7.514418900336514,3.612390058940394,0.5658571337499398,90.65698912244304,18037739940.276974,0.0005042169514363
1.5392948348343674,0.0868243394196521,6.911216828819235,0.0807480430234938,7.768892902556508,5.542800754597714,0.310539934759151,96.41645494533542,15243044860.155476,0.0007270736908858
2.1077351780701603,0.0500288491972699,2.320955255324354,0.0161751282103093,6.357906602949348,4.755914333217102,0.4491262913235934,129.26803312817887,17727826543.25038,0.0
2.5294589620330625,0.0395831775600087,2.555434757873612,0.0389807354493482,2.7795864160025423,12.43677872460676,0.1140091595066561,129.7538380705459,19097827544.858814,0.000898418357488
4.401941599624359,0.0462663943977683,9.721512001751668,0.031860379924735,6.718143446687153,7.578961378830805,0.6172635096140214,65.96918453274372,9997525760.243872,0.0009449522154512
1.9086225469576008,0.0636567623575229,7.946214896473789,0.0275364810446056,0.7282798577331047,13.93201577777757,0.4265703311468677,113.77072723748212,14072259159.530828,0.0011556478808743
1.425592395747007,0.0648331851381458,3.531449585865385,0.0937090275600839,5.38477501682735,4.019910047847197,0.5915582810588185,108.8170103110152,10918356071.981194,0.0006175907721489
4.77338393400787,0.067077742219186,6.315693318071663,0.0731242903194456,7.959222062287691,10.550473461682172,0.714694796199603,87.608171198675,9040088703.38502,0.0007125069531306
2.603084442599313,0.0535378254762407,5.96729822555696,0.0940326403768481,3.788314239934345,16.95456275002353,0.6058296719795724,115.12252467360626,12142154063.50302,0.0010593732748711
1.0075412202769412,0.0757106637057279,5.58078860299205,0.0828998016165723,6.318333619106182,4.223276665486465,0.3507943807831433,94.92230888363474,14672670443.542503,0.0006820627246422
0.4734771059827519,0.0557725814201685,5.18573678344682,0.0360015702605273,0.1956292821213251,12.597563852355076,0.2671928675658269,65.85332577456292,18288755839.127934,0.0009100795716276
0.2216930608069602,0.066962996571281,4.368693161142623,0.0642678819807924,5.226573125649979,11.048818901242598,0.3312003949977077,99.64629891697456,14632342217.793312,0.0006601674603249
1.3002269863164817,0.0220558291875571,4.685485421457023,0.0526163561411024,2.455494758204116,5.83027404818706,0.0707652460954855,118.20695557012414,12527802309.730576,0.0006793937107558
1.005698612271969,0.0617688615674255,7.38269270388231,0.0397671366013781,4.165502789721667,6.852380160047593,0.4944861080539012,111.5061711263531,12904714892.324432,0.0005087213435204
0.1410449867179515,0.0550215198899467,7.447100023026493,0.0817661812989218,0.8766033988995243,10.129086829948728,0.5445839314495269,104.23969664931364,11511265823.732063,0.0005601874112934
0.1428530710949282,0.0317130981428567,3.079156974680704,0.03736171819479,3.5037887877277827,11.566155882202526,0.3144122376463157,77.71848849624693,15849258507.839205,0.0007293908210988
4.578136456593704,0.0852773421733034,8.757694946256851,0.0716715695614565,8.221801023381351,7.809935296985545,0.5031635036945711,92.8688402500441,11268382979.17404,0.0010337447403866
2.9756115344119,0.0938552167477958,1.5478853030968511,0.0992741521580566,1.1827447519804104,5.280939743133295,0.523879067243174,83.90351399325615,16313937186.969372,0.0006734713554633
3.225905382358015,0.0891697469735789,7.08907752851689,0.0307262072527002,6.798972399789001,18.40234042685666,0.722480346155664,78.76994263028516,9853523740.09113,0.0011709415163534
4.000785787560632,0.0804893885407174,6.690040440278814,0.0672177176819698,7.633291859976937,1.2165519317954652,0.3275366818957577,83.24422462615061,9612052164.612646,0.0009368636494663
2.2873914407868265,0.0930066739123027,5.322472466594264,0.0824383725435236,6.326844744803374,7.890411284650971,0.5261371295821311,120.86691221193983,9080057770.66382,0.0008122025179352
1.2561515579551226,0.094288751793896,1.848464897338551,0.0927321219710105,1.4783923715257268,2.678078426384264,0.599407489391342,89.30085936346038,18075092543.885685,0.0010053718437776
4.084032803358223,0.0810041181389162,7.173395730295233,0.0588942929177669,9.680923761862038,8.44801950502377,0.7960850566925833,95.40440516661606,9203468876.61381,0.0011974654655988
0.3408791296104306,0.0580998594082506,7.287124934215103,0.0951442120281094,4.366962780314731,3.718402403531999,0.2551403460857923,117.9583519692028,10202270215.480087,0.0007776308262765
0.3647644557229542,0.0575041643802324,9.419926157346229,0.0837123517679561,4.476206048069131,2.7891232683533835,0.060014112432301,111.50067673129271,10316958642.862831,0.0005201602858482
4.500509981458894,0.0551271274873158,6.406590085451123,0.0400098020873934,4.310285993459241,9.867059276213288,0.6251791578884136,69.31974798290459,12814540152.203531,0.0012512364156755
0.2449927837246085,0.050882410756971,5.335152786663572,0.0615367608305704,8.167470405679698,14.217717778069522,0.1446291392945096,86.20364180651019,11386943714.326906,0.0005828538755995
1.8944248035990288,0.092119052990577,4.485716792452966,0.0243046600203322,8.544215230282257,16.1389515195677,0.1853542797544503,64.79915246853614,10179296291.98943,0.000795201060743
1.5642936355524597,0.074384750448317,0.5898504244300714,0.0826900426828089,8.969972462695775,9.779604189653906,0.683633822870695,107.64410659071125,13144439450.00526,0.0005482332039809
1.2674259542601118,0.0943928943322355,5.048862961714049,0.0998587735236856,4.195652438959812,5.793107516500632,0.1874970654757739,107.15347430532285,13676157982.305304,0.00092732137061
2.499911680864049,0.0365172433336348,3.5243478708007734,0.0670925652096657,9.062768110827731,14.056516876614651,0.3239568169891851,88.81457117551032,10217387258.09678,0.0007848226497458
1.2601440295281168,0.0774954116481693,4.461327757434718,0.0476915535193238,9.8010272363479,9.132614577618316,0.2174371914727851,101.79507842078392,13964691474.674889,0.0007455112059654
3.983726786355376,0.0780295236616603,8.710786964144475,0.0191878632480894,4.332395133064039,1.2141397490967396,0.6764609353130161,74.97621278305058,19929310207.47204,0.0008743308714312
3.043518070597276,0.0914877165998494,6.821906026524825,0.0468673586532355,3.199648238392984,15.814293046132674,0.0490599344494759,108.01480554659663,16504987027.76089,0.0009762667710757
3.203952665001724,0.071353342841985,5.5705638133138,0.0978264283642388,6.21472979063205,2.949245938620421,0.6955625869429245,109.37481395438932,13388757237.462128,0.0009361455185209
0.1276851423993079,0.0903481739386577,6.163338246028973,0.0837875056166141,7.70711081049146,7.076148885232613,0.238591395048311,116.00887176710673,13821542205.28625,0.0007534874370613
4.352040002996277,0.098121694030802,8.084172474884335,0.048274669006399,4.3507496904319165,9.385812212707622,0.4713702523935757,62.01298290890136,10017833303.428448,0.0008039844866786
0.2786495859431802,0.0708495287654688,9.681245171079253,0.0885461008279418,7.366559023952377,6.194451342766617,0.660951534823467,126.11297163109512,16803766680.074957,0.000513836729428
4.912073497565292,0.058876137632538,6.656525891961213,0.0578453067811672,1.377590267701395,4.440008588129029,0.7727167492180713,66.2830440325423,14149338281.016005,0.0014269225853088
3.2334174902592543,0.0803430509444206,5.5786490565266185,0.0917084675380243,6.21702861270749,2.472877947893813,0.555578935483972,97.9241690332468,13293493632.229515,0.0009105033437974
1.6024015879125295,0.0953236591600331,9.335774105426273,0.0996808129544308,8.978042835466269,6.543991426539402,0.4700463855535776,113.69193319953236,14985018227.505457,0.0007638687954563
0.6363340788323399,0.0238266684594524,4.689572764591827,0.0735341109866102,7.577084226280511,2.252460025749457,0.3425919845184044,88.52433082292822,9673565636.262444,0.0005446367245849
0.7256958165438355,0.0460075281507502,7.963189760946243,0.0809591857098949,2.941709990290489,9.869887871780769,0.5111995984566903,106.66549892047284,10525487144.696146,0.0007641597042362
3.889259782272728,0.0924493121566159,7.953727682146868,0.0923699447360017,4.428079814139757,16.85131004776505,0.3085296143707445,60.71978547694269,13172521613.517675,0.0005842076343709
3.074068330727437,0.0595045713775527,8.864655879697242,0.092534739174927,4.072121960170993,7.16422061253468,0.7610639777604448,127.0880376983463,13436865794.46316,0.0005240009111697
2.0909655772488285,0.0980475029682212,1.7489589637369976,0.0934701182419243,7.456353038878073,2.835183963425618,0.4233922613929321,126.38608515377696,9468299523.446138,0.0005701997883288
4.81632518874963,0.0549237860728748,6.896853844052635,0.0555307705453481,4.00765160958375,4.558104472287106,0.3445637026322973,90.74836314519608,14795363833.820002,0.0013593788960554
0.3940075165611034,0.0821907633902614,2.098973757900743,0.078225766417159,9.321310158685865,8.505658967451023,0.045588708067787,111.82433079944548,17188480559.77828,0.0006197479662489
0.157716601949218,0.0811900930151992,7.036084142568924,0.0875222038848465,9.151524114817404,8.205058212136109,0.7540613133191628,123.5470519915557,10989397594.692797,0.0006340562635971
0.401737273315655,0.0993381796714232,4.995257451468643,0.0901759385186612,4.771206648081533,7.622694338921605,0.3048808671196066,119.1405820218424,15467982107.189665,0.0006205700964143
1.254419841780268,0.0571926559243371,7.149926793477174,0.0252943144849721,8.526173081000247,13.362675991406864,0.3787278820049995,84.72506270862053,14429856319.571804,0.0006136514725554
0.9350423949069449,0.0756963427478147,8.009475142521248,0.0694662398982221,5.735949142192306,4.014056933494162,0.4549598528147748,93.14579776382443,16148165958.419945,0.0005833512441612
3.142451647517256,0.084325377270212,7.647113347326552,0.0616985061759042,8.963283665636416,1.8179985107492984,0.6952351556095161,73.18712156361612,15916617840.53162,0.0005590495917626
3.0434651901813514,0.0602361231771345,7.742310349719263,0.0844757348782052,2.1287009042169576,12.15932414292596,0.5079524624923925,68.88347490900574,14186288384.36571,0.0013533421304431
0.3461584922095458,0.059580870065187,6.7315052203890575,0.0940570551402522,4.83861710183246,2.9490273036012056,0.2144365456433695,118.15456034911844,10402913604.075476,0.0007825948096963
2.0290342462577704,0.0650525543182597,8.75462535689313,0.0842214336092085,7.442903876309531,1.0508733565088964,0.6657848809034635,123.67232442835504,14140264534.68806,0.0007156865208231
4.974206735928196,0.0870466708759483,9.508534544031704,0.0432825529602167,3.375972075757322,2.327556492368708,0.688381660673664,84.06667896886616,18512734886.614845,0.0007795885257466
2.276788153544236,0.0517435914015896,7.82651834269631,0.023798128899631,0.1249707223716093,11.76030296472772,0.2110145322936763,82.2287241118805,17886922469.28292,0.0011507421727251
0.943680114641221,0.0161264669367547,6.571388692077276,0.0994455402021194,1.3348066828297522,6.94996759914039,0.1123391285312289,116.30017598705214,9689261722.116142,0.0006995120262848
2.0296469640589585,0.0650347689607324,8.75316853657278,0.0842033844542261,7.445116755343464,1.048275540711758,0.665660407876481,123.66616346018492,14139642258.150938,0.0007158431079404
1.3200300604330206,0.067076167482258,4.483078501516736,0.0606739551422315,5.983202798862654,4.655672132268994,0.5010078179130206,98.69750043164156,13678335119.575428,0.0005408154433711
0.4669116052598466,0.0662688278398297,6.14256674778124,0.0893027658117775,3.584412282230128,2.764851272541175,0.2080639806267388,116.3597572777024,11249290712.017427,0.0006978876300581
4.142454603518075,0.0528056712758867,6.422854017385091,0.0051084914076719,2.2648859903368272,14.030474699538836,0.5084299460156719,75.61794087805787,14302380419.597984,0.0
3.499233801906449,0.0777478406199065,8.690327923556143,0.0805050552650528,8.929179124803078,3.4969970683000504,0.6446477603354043,71.18794771108966,14310604370.210598,0.0006319119548009
0.7501445171749722,0.0507291526598328,8.919898112169852,0.0852806582569909,1.4060308989585752,8.54373134640031,0.6759278692717403,113.30729555938044,9230886939.526045,0.0007282885235225
2.947107784457613,0.0705287148628084,6.765651552414536,0.060519923472739,8.946719891683593,9.684238485719783,0.7942415503731656,126.54664394556882,14488922807.358353,0.0005491893223217
4.0596422211066345,0.092233107469197,9.293299151802415,0.0164556747675772,4.313338055033283,6.524508863510156,0.8063986088755811,102.9664876207375,19845855892.00989,0.0
3.499233801906449,0.0777478406199065,8.690327923556143,0.0805050552650528,8.929179124803078,3.4969970683000504,0.6446477603354043,71.18794771108966,14310604370.210598,0.0006319119548009
0.2085390865406174,0.0863551185049342,1.0191312539958584,0.0422099933838099,7.18439912557606,2.248913384759149,0.2856423355196611,89.57068592273188,13874372398.288803,0.0005330225870526
1.388451766737646,0.0906821002825088,5.4149985857456615,0.0562183798717551,9.798357652379735,3.0324638091291125,0.1906049624127004,118.97922605027227,13387321349.858025,0.0007270483970371
0.1414064421060397,0.0891488337473543,5.396984664443299,0.0896122470032732,4.599858676194748,6.376455460055958,0.2374747955012564,129.98270815081318,13625251309.2967,0.0005442950905711
1.070489707686184,0.0652879164804637,7.70502299719314,0.0582339502903959,1.8514070930975368,7.592871940860348,0.4792921270048942,89.55748458693941,18586332461.330013,0.0010164194544666
4.366986284904423,0.064418670732007,8.56778193630118,0.0087580192951341,2.2259238175401874,8.124600384259177,0.7940603471993088,65.18499056989215,17547353864.18824,0.0
1.3459443237231437,0.0944057353671767,5.949228535104092,0.084318887915156,9.58042643334834,4.103525909251253,0.6115920048704427,101.51957323661271,16571806218.509626,0.000545471471186
1.3457580367032436,0.0944258712085914,5.947153747210031,0.0843285921081339,9.580143353473408,4.105005243771186,0.6113800761814681,101.52669046923612,16569952453.13253,0.000545494114986
2.8573148170952103,0.0961457989111383,3.4151671932753187,0.0379570733184096,4.453406490654918,4.38999249114433,0.6146931557956195,90.87684762277554,13172198948.09988,0.0007954008179126
0.9651690895415486,0.0626754069924944,8.819388617749,0.0833848737008748,4.228651528127757,8.562012376096705,0.4001527850159008,114.74799831262436,10723467080.49518,0.0007632749790023
1.253539835655913,0.0830363562309354,7.699427775416018,0.0897579847217077,9.542444358835558,4.366420366334843,0.4053660980819397,110.4821605797088,13054038923.648155,0.0006330584530872
2.0086339834439,0.0731886630747243,4.086161564502594,0.0609135082696071,6.5572816197146215,5.388371973611718,0.5625847202373779,90.7449058585138,11094249351.296412,0.0005904211223887
4.15945545478502,0.0891876859877642,8.71619161008675,0.0684140361088326,5.456701816609393,13.59021249319798,0.5141443261928832,113.4848041957,12853390189.986776,0.0007119300003525
4.9036462424858485,0.0971276641122902,1.4864636431298877,0.0555227970716318,2.885124715205382,11.554235441378182,0.6312450431434384,73.87818818290945,10893093639.139542,0.0008447007818934
4.31222366762369,0.0933236820837578,5.755358295419229,0.0560446282513904,6.573222995915748,3.4807023208644527,0.6577566652766756,79.59132341789044,12704060337.41152,0.0007741461526605
1.0724550504522,0.0903288902954382,4.030461268527362,0.0811904224475214,9.966497308867428,4.99381726843281,0.5307992091036556,110.85728715828978,15155402261.470695,0.0006222971805172
4.160017015858716,0.0794359209620643,5.430629856362844,0.0417925665653332,5.480256274793431,3.081842521106776,0.5813459171065419,93.725117163304,11446339640.270994,0.0008577298526231
0.7200832444237265,0.0489982571676375,3.332011364544777,0.0409244088318729,3.933327000888572,14.02480335255124,0.378248452521585,70.94271805207636,15744015143.354343,0.000650682700043
1.1415548998148846,0.0897967294260844,6.019952610329247,0.0283426626086243,7.644020715481333,7.189788056967522,0.6884888099079867,108.59149300054943,16029619020.52768,0.0005810909898745
1.2311815088089617,0.0807743794808842,5.155154260982169,0.0733156810470728,3.5259279505615115,9.198578480541732,0.493160178165554,110.94429978782206,16542275981.67793,0.0009723572742739
1.3460595831136866,0.0947750069010718,6.879531313723006,0.0851795182756794,8.409957481453986,3.949714509973689,0.6686386297269088,100.61558469241952,17161308905.816856,0.0005167466632005
2.5901755454875963,0.050700055228553,4.89544225415553,0.0945738786180453,0.1803657510122589,4.801452863801554,0.5126821223884369,116.91669908073102,10599253574.51979,0.0005842992871989
1.727258899663578,0.0480924906484028,5.980546768815687,0.0943659565870539,3.9690844416645135,2.570665814099955,0.5120644941648244,73.22428453533016,13402426953.94707,0.0005177222133013
4.946845775338803,0.0992014787923745,3.710557607428785,0.0361050972475048,4.023956290020032,12.120970046778684,0.7135749103122475,61.692599789664186,13050929298.461523,0.0008460849417227
0.7529839964707575,0.045410050467981,4.386292095278353,0.0344630546444422,0.5725142833780131,14.485206158197578,0.2426308063778397,81.4662366955466,13901760462.92006,0.0006424040575002
1.0844690804171315,0.0906171830714132,5.996940430074807,0.0834223715736823,7.796751539542598,4.804061215175532,0.6318536522164738,109.20554088570049,16177892282.474163,0.0005621430225493
2.5092920429363503,0.0644012438058582,5.564067618049371,0.0372675478361095,7.711281751602767,11.47794420562724,0.5704078910284902,96.06359884732794,13431449030.642347,0.0006538118699709
1.359754316292024,0.0698889025701763,6.773730699074068,0.0832525114163029,2.687867328613512,1.8994225474533044,0.3947440854826629,113.99906800124069,14614957722.639778,0.0008510131504781
1.6032465008227317,0.0774848194915698,9.23468632899968,0.0866315759097542,9.781326471629308,3.127421503669606,0.5738837454564004,122.40037318429896,13020842322.092873,0.0007199635728454
3.203952665001724,0.071353342841985,5.5705638133138,0.0978264283642388,6.21472979063205,2.949245938620421,0.6955625869429245,109.37481395438932,13388757237.462128,0.0009361455185209
1.0154744966907687,0.0911933984439812,5.968331565007522,0.0841042175267671,7.788255346671359,4.888748756216495,0.6397920542184813,108.74096928828064,16172385776.668297,0.0005708035982751
0.4038623379961552,0.0700138095905817,7.463796960639573,0.0817455867077938,1.365780717535359,9.188181989554751,0.4224796585485741,78.7908013873844,11434139766.259,0.0007966791860896
1.910340415929966,0.0866030863443011,5.9395309531104346,0.0704197348078309,7.767868116042253,10.08892627797714,0.4020451233745289,105.38704073019338,19463264165.77788,0.0005162307142387
1.569478840856421,0.0966823680414599,4.1868798221208205,0.0814100004995193,7.3906512691842,5.670623348653292,0.6041462110710591,122.1960208587535,13328562356.576763,0.0006857056632113
3.317699311799945,0.0529584316068908,3.6211282831344023,0.048078268715198,4.974234663791085,6.434257045698461,0.7056957863601931,82.10844402787346,15775131575.343252,0.0010541543359509
0.3810096228052229,0.0694032230898118,5.436064917903899,0.0826226058132879,2.957266812295924,5.8018435818569385,0.4344935664797849,109.28548689283971,13687570495.67254,0.0007107507562632
3.2121555286687253,0.0898646038125374,6.974682559618149,0.0507986508465824,9.212896424695334,4.909016733714089,0.4045737256636447,61.13731124182652,12487168872.285826,0.0006771830030065
4.707401051935149,0.0961336072377091,2.254177654963572,0.0255544512498177,2.9083039934161707,10.81153195242761,0.7291412281370039,63.767229889891695,17462357396.39612,0.0011885281129794
0.1792635120464648,0.0617397016900351,9.121928055148729,0.0350925113241885,9.694226634039762,2.7289508985099804,0.7383777159003249,116.5099751833448,15849243364.44361,0.0005475577193746
0.6867911857870727,0.0695014979693347,9.153571546225212,0.0545843950486389,2.811474093123263,12.91622074955669,0.5915468855066699,79.46413717242682,16422912013.995005,0.0009830496886694
2.0290342462577704,0.0650525543182597,8.75462535689313,0.0842214336092085,7.442903876309531,1.0508733565088964,0.6657848809034635,123.67232442835504,14140264534.68806,0.0007156865208231
1.359754316292024,0.0698889025701763,6.773730699074068,0.0832525114163029,2.687867328613512,1.8994225474533044,0.3947440854826629,113.99906800124069,14614957722.639778,0.0008510131504781
2.9514087464692627,0.0817767432149607,8.8082693361524,0.0880233885513299,9.26195688694672,4.669394658594721,0.3645280862973042,93.46355292905466,14345083653.543938,0.0006645435552798
0.4782413972111696,0.0967905140566555,1.6570801484498372,0.0815921207170417,8.70907648914887,7.192280740667554,0.4547839572319976,104.1079634165459,15563214986.300953,0.0005707944843307
1.627958677862144,0.099772857427186,6.839253366255037,0.0974574929651746,7.4829874829340115,5.280611362009391,0.3423504341886719,111.33050523585344,11717782023.58374,0.0006161910710863
0.5900129328157577,0.0752331259657477,5.93143146057887,0.0885977038523661,5.43341019566954,7.145087253983789,0.3382347319193035,110.74421024780382,13778682895.23776,0.0007429779218825
