comp_idx,imf_idx,sn1a_idx,sy_idx,sn1ar_idx,sigma_2,t_1,t_2,infall_1,infall_2,sfe,delta_sfe,imf_upper,mgal,nb,ks,ensemble,wrmse,mae,mape,huber,cosine,log_cosh,fitness,age_meta_fitness,physics_penalty,loss
4,2,1,1,0,0.5179603151258696,0.029060968868623274,6.464970316852141,0.0603674838583393,0.410125425322772,12.471834738056069,0.48771759572132134,96.26137407544321,13348109117.185034,0.000571870512936347,0.10538537555156569,0.0967647117773034,0.10563791474198277,0.06744399828387754,132717.82993976798,0.00557968451551721,0.02848462486527803,0.00553618796313803,10.641405383166646,1.671958793430298,109.97196382558373,0.0967647117773034
3,0,0,3,1,0.26990668288773256,0.08575487484450307,1.8821131643252134,0.060442559539892936,5.906627806994817,17.719127262482388,0.22423534564571992,94.90748675119968,17846317976.943707,0.0014505485660594496,0.08982287322942803,0.11916718186109426,0.13186785538878823,0.10364517153384308,1556.1099942597777,0.008694565642419183,0.043072656740638315,0.00863929038759404,2.98949267056588,2.113721401843261,25.086543324071762,0.11916718186109426
3,1,0,2,0,0.15072886606853042,0.07727229196290046,6.1762780558495605,0.03719384387880329,9.306280107292297,1.4893334319643454,0.7622866267835535,107.66204231111627,10115866194.344437,0.0007076810435266793,0.08946704608074582,0.12167475580825787,0.134454972586679,0.07502674758605411,139703.4953816579,0.009039069826642298,0.04925446628422636,0.008891470942932935,0.12167475580825787,2.802854635779676,1.0,0.12167475580825787
3,1,0,2,0,0.22696671983483951,0.07728232686306077,6.290532225269759,0.03662122833284107,9.226745585119616,1.238485296204939,0.7624907054096879,108.25905445257543,10307050089.375645,0.0007006976778047732,0.07053577439597447,0.12273707524347434,0.13680242849402696,0.0780801215317607,184121.16571921125,0.00935745222093168,0.049206993854122416,0.009178172901469533,0.12273707524347434,2.781668376525956,1.0,0.12273707524347434
4,1,1,1,2,0.12353431870031586,0.055628737168856544,1.9645981157892405,0.08040366396359945,8.88313048354172,2.5178215357467297,0.16237337864689735,125.10490444200445,11239994232.853016,0.0008539630968101299,0.12838181532899165,0.13162020185626536,0.14334535727817188,0.09672896545687244,62491.62417076492,0.010273945726603373,0.056877202340789856,0.010166581129814278,0.13162020185626536,2.083550637221878,1.0,0.13162020185626536
4,2,1,1,0,0.27386654727815907,0.03680455290406989,6.446474897469933,0.07257018914426316,0.805521911073391,16.194403713003663,0.3032818358589457,101.43969295154785,13483518843.804218,0.0005254386840238865,0.10372552341545002,0.13751184761716911,0.15125278213516907,0.10385380865720245,344796.8284590673,0.01143870205181446,0.06377543057824386,0.011299038699608563,3.6695505081426893,1.6594600763020144,26.685340730485,0.13751184761716911
3,0,0,3,1,1.0949383380568873,0.07720848223187574,2.9187326038410237,0.09908958688606101,6.6392861676968735,15.158538281714874,0.08541540910371095,83.92372371276421,18140043613.847565,0.0014669016500216464,0.0776650444268352,0.13798933125459617,0.1537662728045406,0.1033307922476183,1239.4446584729528,0.011822033326100203,0.05627290966179754,0.011619597985161195,0.13798933125459617,2.059017230445831,1.0,0.13798933125459617
4,1,1,1,2,0.3379299965745698,0.05707320002788809,3.518060486722027,0.08597017191102775,5.692134491530725,1.228746551349887,0.2688667933695177,120.67523652836968,13405573853.18418,0.0008850114790910792,0.17519997255998798,0.13892242958828446,0.13467661022240685,0.09112961298663874,255669.69190177543,0.009068894670499051,0.050255711026213845,0.008975701821090759,0.13892242958828446,2.142083083944704,1.0,0.13892242958828446
3,2,0,1,1,0.39712132022572944,0.0728981842883897,5.225950667913236,0.056666737835970295,3.792465179159211,17.131725337948723,0.7491103055340985,91.10535072400494,9134654939.080973,0.0014660349788037964,0.08987434511954384,0.14202601028426567,0.15705224860079076,0.10792234001513008,374992.4701647897,0.01233270439528229,0.0684249299570443,0.012168621555675368,12.083125639345734,2.60018140657926,85.07685046676525,0.14202601028426567
3,2,0,1,1,0.39712132022572944,0.0728981842883897,5.225950667913236,0.056666737835970295,3.792465179159211,17.131725337948723,0.7491103055340985,91.10535072400494,9134654939.080973,0.0014660349788037964,0.08987434511954384,0.14202601028426567,0.15705224860079076,0.10792234001513008,374992.4701647897,0.01233270439528229,0.0684249299570443,0.012168621555675368,0.14202601028426567,2.60018140657926,1.0,0.14202601028426567
2,2,1,0,1,2.1410058592232217,0.016907752535405537,8.400074215003533,0.06957170588650537,1.5810667806509342,8.535388640529481,0.21328213403790386,105.74464111803621,15758889882.766258,0.0009472382148424953,0.13339240171005604,0.1424947439099796,0.1552323790973673,0.11238191103587374,202025.47685563943,0.012048545760114382,0.06550348607417733,0.011896903033804465,79.66518609693146,1.2315206969069548,559.0745588992362,0.1424947439099796
2,0,0,2,1,2.692665641709254,0.09315074604705872,0.2468613311893918,0.006766044041319423,3.529871475334012,3.51958887725276,0.5850720797427146,76.24827334769179,17724352476.728745,0.0008846243964783604,0.10129195945069586,0.14300938868996205,0.15798372734836913,0.10287102116116398,34704.78619937507,0.012479429053441918,0.06069302037282842,0.012297447157483658,103.5249134633266,1.4735957103649853,723.9029158271837,0.14300938868996205
4,1,1,0,1,0.14669206950290695,0.09229797019086439,4.4576467954584595,0.07435087495514646,9.411732402161608,5.304206817404644,0.5434302439468175,86.20483490158045,14962963200.323528,0.001379289960095836,0.11101885982274157,0.1438740470781611,0.15789467135490287,0.11299962840298235,37121.50112072225,0.012465363621136394,0.06978730508599507,0.012313459639182222,0.1438740470781611,2.7176195490563813,1.0,0.1438740470781611
4,0,1,3,0,0.32987864639558706,0.045612626832259355,6.66303059443326,0.061453225435567596,9.457989293824776,5.15331835190454,0.8367539472557205,97.67720250888192,15233644114.772902,0.0008453856961551375,0.09095740665553287,0.14408873928014226,0.15936695297992673,0.09314809211530518,374348.50203067256,0.012698912851053087,0.06888026543750458,0.012325146199564586,0.14408873928014226,2.1890981140686314,1.0,0.14408873928014226
2,0,0,3,2,2.2889991216964907,0.028223253275071674,2.2563145800483984,0.004280883897574111,0.8304012308297842,4.439515397998208,0.21794308656003855,97.98689331331374,10574301270.51233,0.0012375522258367385,0.11483518967263891,0.14424694520815037,0.15817424431549948,0.11268660872475149,310809.09446852363,0.012509545782389659,0.0686320153444876,0.01234754252321466,0.14424694520815037,5.232019351340581,1.0,0.14424694520815037
3,0,0,1,0,0.27038252884912056,0.02107458716681393,5.677386868488583,0.025380127927130427,4.092141221188703,3.8103949105688293,0.5525796964274702,103.249579414004,9665783305.98628,0.0011220687945786754,0.10791989697872587,0.15022097328241849,0.1658243274349645,0.11347022316677859,28662.921137601752,0.013748853784629159,0.06373714849061785,0.013549207337809023,0.15022097328241849,1.942839307566154,1.0,0.15022097328241849
5,0,1,2,1,0.6479242583842937,0.03929274870057229,1.6860904109945727,0.09135459953033391,3.4584464810985085,2.5666681729999765,0.03472816667364894,78.68380677642709,11079247609.13161,0.0013616331419267018,0.07986842395324079,0.15128678593796208,0.16780182207569422,0.10924785089606352,66400.99067811266,0.01407872574596147,0.07915759377323761,0.013752885553134479,2.888805632732708,1.984566027990627,19.094897249765857,0.15128678593796208
2,2,1,0,2,0.1459066185824157,0.036511188223492745,3.885439570656443,0.019104375710274124,6.656956306181135,7.312407310043653,0.4810483613174623,71.17168243194145,11499578631.10631,0.001423471483666134,0.15606706177121532,0.15405700874532086,0.16272344549603943,0.12142205655862956,36668.25467748299,0.013239459857051258,0.07253284504953417,0.013105663331186243,185.0544419679886,2.483541283123201,1201.2075495631043,0.15405700874532086
2,0,1,2,2,0.9674502658464945,0.057876738977414265,3.1101472544660904,0.035580887847467435,8.622976366557083,4.964340558380491,0.8104719700387071,103.97249789340093,16953775106.521984,0.0013198227369772332,0.14991027412271196,0.15982096255755046,0.17428253546758823,0.11925607927975757,21200.681943664535,0.015187201084505575,0.06851867299479197,0.014924413188805496,62.468947224152636,2.0498723498148146,390.8682955257386,0.15982096255755046
4,0,0,0,2,0.13443122540631058,0.05078855432806811,2.6162108876518326,0.08929987668478061,5.6283796954254495,3.296212065047894,0.5422953414112177,102.19224129864777,17793804734.92376,0.0007836323491390083,0.10867879162377964,0.16634198715700527,0.1827804797157471,0.1089363742436304,51825.70373919774,0.01670435188255932,0.09418844446606578,0.016243908660974648,0.16634198715700527,2.006077297944879,1.0,0.16634198715700527
5,0,0,1,0,0.6317136948156165,0.08380501676585611,2.7362184682958546,0.07126858719245263,2.9255252727711807,2.0320238434574294,0.5829696496783219,76.13709529210107,9217172035.111938,0.0008185575972006714,0.15269259679716674,0.16872327880844123,0.18097833280250683,0.1154429067956947,113657.70718717802,0.01637657847198746,0.09280771357867867,0.015937847377163656,0.16872327880844123,3.0057113983409054,1.0,0.16872327880844123
3,1,0,2,0,0.19747531970642662,0.08083792393117763,3.6607390022683792,0.034044816546020026,9.354662958397977,1.8550758195507278,0.8200121797859379,89.75900877124162,12086916472.927141,0.0010476914961282389,0.12204148662471381,0.17059204484524454,0.18666641914442964,0.12406411261896029,97495.0168016199,0.017422176018101945,0.09904810880677128,0.017114565395211587,0.17059204484524454,2.4107138814220757,1.0,0.17059204484524454
5,1,1,0,1,0.23622838656770678,0.09444799588535435,4.432162956774901,0.07414828498283621,9.390486243601607,5.588410302150438,0.5222197656510368,86.6174837972862,15033162516.124212,0.0013856109584201549,0.16813698616975448,0.17175550284363125,0.1727785999766421,0.12277607271280716,19899.276983950032,0.014926222304944255,0.08245723689516893,0.01470879344442472,0.17175550284363125,2.8441596014694626,1.0,0.17175550284363125
3,2,0,3,2,0.41466335534137166,0.06283835861864225,6.104952267635787,0.04706297097575923,4.133578697852048,3.673082103547351,0.4968538007941331,110.37126588926411,17612384586.294655,0.0010318128765760752,0.18203870413464074,0.17354802467021951,0.165071043988454,0.12208013045566231,571660.9231337786,0.013624224781719062,0.07479969025498967,0.013438012474321812,0.17354802467021951,2.9289707713724518,1.0,0.17354802467021951
2,0,1,2,0,1.083064966345324,0.09646120996474125,5.92746305527268,0.03361074603250159,1.8509780995573224,5.671525217274474,0.4049053303468578,87.49508857618338,13702195725.494617,0.000606405777659212,0.12809156423055085,0.17357457288807737,0.18967294649627095,0.12484737973276418,5125.397125434106,0.017987913316288632,0.10097188977810179,0.017578269673613516,25.99831908745173,5.013263671735252,149.78184105465556,0.17357457288807737
5,0,0,1,0,0.67572672190404,0.054856317653387554,2.872113652535715,0.04073628898489631,5.0251100363303465,1.0553936080003035,0.7002570503048473,63.484749300155215,9544594647.510813,0.0008282001053701192,0.14163070494680208,0.17364485119363465,0.18898126919098843,0.12085203021800935,354494.3777276219,0.01785696005251842,0.10072778262656978,0.017335580737901382,0.17364485119363465,2.8156465839200386,1.0,0.17364485119363465
5,0,0,1,0,0.67572672190404,0.054856317653387554,2.872113652535715,0.04073628898489631,5.0251100363303465,1.0553936080003035,0.7002570503048473,63.484749300155215,9544594647.510813,0.0008282001053701192,0.14163070494680208,0.17364485119363465,0.18898126919098843,0.12085203021800935,354494.3777276219,0.01785696005251842,0.10072778262656978,0.017335580737901382,1.0419790980190282,2.8156465839200386,6.000633424236101,0.17364485119363465
2,0,1,2,0,1.0908278768907886,0.09650233630976321,5.931504200127502,0.033610035567289004,1.8496199096931694,5.738174124425726,0.4034771757308434,87.55164787800175,13721183897.1455,0.0006071913531053011,0.11305628121823752,0.17395035072189693,0.19091358763044433,0.11804241254782163,6014.363850869951,0.018223998970963672,0.1021957445311843,0.017707648231205436,0.17395035072189693,5.015242821064655,1.0,0.17395035072189693
3,0,0,0,2,0.49015444738868413,0.011922043748597315,0.35108955888258797,0.07132287304477367,6.131640358409109,12.826013792303321,0.8406488412564138,100.31375775038306,19767744377.472572,0.0010835595567527541,0.11078901784116757,0.1745399267671379,0.1918543605574592,0.13797843805702156,314214.7977692243,0.018404047832455778,0.10008134019232862,0.018064652821012092,6.448504131941874,1.1135567323081839,36.94572497755848,0.1745399267671379
2,2,0,0,2,0.1496513954406957,0.036089735166300124,3.86871893185631,0.01924737766658242,6.652704040157446,7.284991477091046,0.48083739696112376,71.24158347798155,11492450147.16844,0.0014248494762450531,0.17236978894607613,0.1750757579803613,0.17331569107690886,0.12887031275850433,39942.94105336066,0.015019164386733253,0.08017926996231495,0.014842979954739993,0.1750757579803613,2.480696733698713,1.0,0.1750757579803613
3,1,0,3,2,0.2143180765756388,0.07105004573170286,9.96381844272305,0.05310116338390413,6.222469351492306,2.2212618920938003,0.061820975863712886,105.07515299831847,19096715319.592987,0.0008487539575414344,0.15806909287199356,0.17545821479384327,0.18451794504461488,0.13330788626901874,1154940.4800081137,0.01702343602174376,0.08754502827502353,0.016583551995011825,87.76154558744537,2.960199440606937,500.1848770122382,0.17545821479384327
3,1,0,0,0,0.5857971922069564,0.025056499903497,2.4012030032432303,0.0024232429026842368,5.842369638690974,6.699320432895712,0.4691081357845922,103.7330443270465,9291489802.575691,0.0008953893599846616,0.16579294255773017,0.17603005554453705,0.17883786812007882,0.11206784712233238,17495.765255312162,0.015991491536867353,0.08938508036476744,0.015642533826252327,0.17603005554453705,2.183501521279658,1.0,0.17603005554453705
3,1,0,3,2,0.23850711566538177,0.07079597432641829,9.768413983296735,0.052463948242307594,6.192627711698348,2.040603476155535,0.0700812905583841,104.61298057788264,19258352525.69529,0.0008304619967961903,0.15750330315399974,0.17666625322754043,0.18634361227853796,0.13497046322878883,1240537.717230121,0.017361970918507042,0.08766199719885814,0.016898242101659213,85.2810178600493,2.9814408077547294,482.7238722848223,0.17666625322754043
4,1,1,1,1,0.36635529537390965,0.04102776253753811,3.8314721194272794,0.03825646753563426,9.494105752585034,1.1094657131737706,0.5808114096895604,103.49668383068865,10028840373.55708,0.0007954379255129187,0.13269219089791046,0.17861887252435238,0.19562689724580068,0.12925571264478017,174607.23051031868,0.01913494146300953,0.09489306494751593,0.01869022909342709,0.17861887252435238,2.4482321543973904,1.0,0.17861887252435238
2,2,1,1,1,0.9518396262294618,0.040376944533808065,8.17082432132539,0.041753115004680076,0.8372048250379407,3.327028336520955,0.3510759238596643,112.83444318497351,14543984928.220152,0.0009336085024533515,0.1674540909487445,0.17916624902845477,0.1808309102248462,0.1250633921411067,29452.70187704593,0.016349909046373196,0.09154722315309172,0.016066462386118446,0.17916624902845477,2.1939580246911987,1.0,0.17916624902845477
4,1,1,1,1,0.2309524712180556,0.05968545361857398,6.65933759538469,0.050227820645262475,7.581316299822095,1.971135238832673,0.662750222690293,117.01949327477368,10331944752.602242,0.0005000767178591053,0.08125261576668724,0.17969497575221327,0.19926542896770078,0.11629899519742865,71352.2336691645,0.019853355590840904,0.10528125123582432,0.019257409247006526,0.17969497575221327,2.7846706114344526,1.0,0.17969497575221327
4,1,1,1,1,0.33282406057578656,0.03993349466898388,3.8988299652409277,0.038656995427588624,9.318551633107402,1.1765826888081183,0.5516065058982265,104.10325217573383,10008070581.901419,0.0007784676480053559,0.13109438331612328,0.18048363468860038,0.19775293533907456,0.13008080862671365,162387.08554737392,0.019553111717610105,0.09722529797400659,0.01907846074461827,0.18048363468860038,2.4364563411555853,1.0,0.18048363468860038
2,0,0,3,2,1.9051661223593936,0.030302301373000443,3.2325126705036817,0.013046091798639997,1.2624193334373615,2.6579347102847817,0.47174524161757203,94.94831821528138,10626111430.048323,0.0010360855532124966,0.1653504917793125,0.18149824864673078,0.18477092584313143,0.1387753138171477,1138667.875494914,0.017070147518463988,0.0964455880627576,0.016793161803585976,0.18149824864673078,4.057335307539774,1.0,0.18149824864673078
5,0,0,1,0,0.6054033466259195,0.062101756275554955,4.059089075460873,0.07822603448406824,4.297006442703034,2.2861911963399137,0.6171531825819678,77.94328723174867,9363215419.815857,0.0008006824961427517,0.16192812384882138,0.1821673860240889,0.18807084224784618,0.10159373021867686,78149.52365583715,0.017685320851907122,0.10061305564952372,0.016948512494420673,17.262148919482037,2.4645120274789956,94.75982115261498,0.1821673860240889
3,0,0,2,0,0.2000999493501755,0.02182739892366164,5.663711208409144,0.028412042910030372,4.007083280464412,3.6562717590532454,0.5653193096425423,103.10893570806884,9503490137.393156,0.0011333062233274834,0.09293974944271466,0.1834821287256068,0.2036907318079487,0.12515654704331045,37084.87702908025,0.02074495711222884,0.093215427222065,0.020112921521443283,16.783365712750683,1.8593440931443375,91.47139195147344,0.1834821287256068
5,0,1,2,0,1.0045791892601623,0.09789739489951041,0.8509146028755488,0.03562645602974051,8.766052876922332,2.799515037955735,0.6851197871242938,119.13861808313925,14509095173.476112,0.0014212531997696816,0.13578669677583027,0.18432485757861491,0.201576251113766,0.12309391348980632,39895.979822578425,0.020316492506540024,0.10359769335590585,0.019778464056214855,32.66112022046026,2.1693841970012415,177.19324810290567,0.18432485757861491
5,2,0,0,2,0.8542241329169455,0.03435834576033834,9.681687022506926,0.04663912653637164,1.6113265092258213,2.0043959758162266,0.2149098381340177,65.46742790089534,16661904404.626877,0.0008718782249455679,0.13331433470595988,0.18465440195390967,0.2013960955503888,0.11376973151435588,82998.16543887922,0.020280193651470664,0.11575988636415357,0.019385782054357825,30.44166333542926,2.419611835067904,164.85750143680625,0.18465440195390967
3,0,0,1,0,0.19365389970925662,0.021676848087665523,5.656080056610757,0.028334287951789272,4.047873587702778,3.711842634033466,0.5634189901443843,103.22857596784517,9487970445.048653,0.0011315501215829417,0.06476430155029356,0.18609510238449864,0.2092768820952268,0.14067690749781359,49242.63591921176,0.02189840668974973,0.07753234383107366,0.02131837402697874,0.18609510238449864,1.8547343459109367,1.0,0.18609510238449864
3,0,0,1,0,0.19365389970925662,0.021676848087665523,5.656080056610757,0.028334287951789272,4.047873587702778,3.711842634033466,0.5634189901443843,103.22857596784517,9487970445.048653,0.0011315501215829417,0.06476430155029356,0.18609510238449864,0.2092768820952268,0.14067690749781359,49242.63591921176,0.02189840668974973,0.07753234383107366,0.02131837402697874,0.18609510238449864,1.8547343459109367,1.0,0.18609510238449864
4,0,0,0,2,1.1260221438610842,0.058590307287765535,1.206136731900214,0.09568250579331156,6.931382580844165,11.665181708356615,0.4623293012286217,111.61024553479871,18725020179.69639,0.0008257621902362567,0.11386958275880943,0.18680254816659264,0.20563190822207744,0.1331209462900795,94841.35030531103,0.021142240839526438,0.10529669995820112,0.0205200550995563,0.18680254816659264,1.9186346520554443,1.0,0.18680254816659264
2,0,0,3,2,1.932829323358551,0.030650484560642937,3.234375089430975,0.01476762886863877,1.285584477281005,2.7337126538911756,0.4613502056899519,93.83042557752611,10620084617.50427,0.0010252505054740835,0.17707522424596864,0.18681516571089665,0.18145867866279589,0.1298965834945717,562199.1827169266,0.016463626031023908,0.09286300820251014,0.01619832635388973,34.72481561702414,3.708031845747111,185.8779263711495,0.18681516571089665
2,2,1,3,1,0.4107170262078693,0.08692745898087492,7.871401562093217,0.062109003945197604,9.282157714129772,1.9010011060353378,0.04213154807077332,112.90348166856002,11622327984.385803,0.00138739268310795,0.18244793483376043,0.19941659032755032,0.19016798198070875,0.1477564903247916,751634.7336505633,0.018081930685307585,0.09676222618604291,0.017818319564558645,0.19941659032755032,2.7286098758786808,1.0,0.19941659032755032
3,0,0,3,1,0.5485186692535814,0.029408722464538965,4.925761379676396,0.05479346551751648,1.1348880156297254,7.264473823999038,0.36403922582480913,73.61862561224012,14270410997.362314,0.0010202929102610006,0.12982746098941103,0.20107466450392153,0.21929191323074818,0.14200120956156004,21593.744810895518,0.024044471604200993,0.13965883256209932,0.02315776368369603,0.20107466450392153,1.717861649106795,1.0,0.20107466450392153
2,2,1,3,1,0.424519466440451,0.08684472889642773,7.874005318956257,0.062102434759525565,9.261451356147687,1.9642470240136891,0.04216528356183353,113.14007300904674,11620638541.041195,0.0013927907113155157,0.1856002101693665,0.2027825407353123,0.1911133412170007,0.14768265183422277,731343.0663952888,0.018262154595562866,0.09732273073581066,0.017990886160948617,0.2027825407353123,2.72757735668055,1.0,0.2027825407353123
2,2,1,3,1,0.424519466440451,0.08684472889642773,7.874005318956257,0.062102434759525565,9.261451356147687,1.9642470240136891,0.04216528356183353,113.14007300904674,11620638541.041195,0.0013927907113155157,0.1856002101693665,0.2027825407353123,0.1911133412170007,0.14768265183422277,731343.0663952888,0.018262154595562866,0.09732273073581066,0.017990886160948617,0.2027825407353123,2.72757735668055,1.0,0.2027825407353123
4,0,0,3,0,0.9627710479269663,0.09197979088792395,8.678567518022371,0.027150888806719144,4.912242814772693,6.2668764885306505,0.4089082975090537,71.36148967846904,12618987966.84393,0.0010514001820470381,0.11551446680952848,0.20469989712310868,0.2243793937837098,0.14847189526193869,84298.1092733865,0.025173056177372553,0.13886072515220582,0.02424169869559511,0.20469989712310868,4.379707205442991,1.0,0.20469989712310868
2,0,1,2,0,0.5110667175534027,0.08940331489841186,5.716523985177738,0.0029494605345000893,0.21681107214955064,5.659233912474418,0.6583512371605239,79.45420294045563,12371391743.315577,0.0006049595454859586,0.17028098337476838,0.20527858444526112,0.20604287199941787,0.1368290362269521,13709.046963643626,0.02122683255088425,0.10326664503833749,0.020739371619947457,0.20527858444526112,2.7888683946161636,1.0,0.20527858444526112
2,0,1,3,1,1.501146558539673,0.012035956058732634,2.788500480682632,0.01427538951775445,7.184372934477166,19.196274381460608,0.7319777350188077,77.73853153831666,15992693896.307941,0.0009281688192312937,0.11899777754089808,0.20532868320381686,0.22519842606636073,0.15053997936567118,3597.271955890615,0.02535716555138307,0.13384547785592382,0.024600410339334754,0.20532868320381686,1.5970798954154608,1.0,0.20532868320381686
2,0,1,3,1,1.501146558539673,0.012035956058732634,2.788500480682632,0.01427538951775445,7.184372934477166,19.196274381460608,0.7319777350188077,77.73853153831666,15992693896.307941,0.0009281688192312937,0.11899777754089808,0.20532868320381686,0.22519842606636073,0.15053997936567118,3597.271955890615,0.02535716555138307,0.13384547785592382,0.024600410339334754,1.9559005320507048,1.5970798954154608,9.525705330264088,0.20532868320381686
2,0,0,2,2,0.1154943844160861,0.0990070807757681,7.8683474198344125,0.051744343857335895,6.580865657352409,2.8523750369520124,0.10869609107678259,99.57246754914158,17862291117.089348,0.0009491385812108826,0.09978769443902402,0.20793557024708856,0.22832756735371265,0.1407292478926835,63626.259233848825,0.026066739006832092,0.1512883264828001,0.024844002808790344,0.20793557024708856,3.4591217407835906,1.0,0.20793557024708856
4,2,1,3,2,0.3822624900095832,0.08071497891641351,1.4130916429314446,0.02558361452737839,6.741471694419734,5.532621692808971,0.4873739843690697,100.70932952427007,11098646886.528854,0.000812057849952812,0.15524829266680906,0.20838505517143016,0.22140080381214247,0.1459062070463895,132910.51996071904,0.0245091579643314,0.13843572179225072,0.0238507606212414,124.17727831653012,2.163123966591861,595.9029941680528,0.20838505517143016
2,0,0,2,2,0.13685847748005078,0.0995289510877217,7.875718929878608,0.051064278190634756,6.4910072897444975,2.5867282615993377,0.09770140690397112,98.64819432120302,17946968927.192337,0.0009643960596052372,0.1013035539271484,0.20934591440743142,0.22975865858284322,0.14331783778623428,87876.44842692537,0.02639452059689376,0.15332301771625156,0.02516315786473608,217.6047199884419,3.482460839280039,1039.4505219000218,0.20934591440743142
2,2,1,3,1,0.33229768111933994,0.08715399699152174,7.876783662372444,0.06203274252291639,9.210912012921705,2.3424349900834014,0.038815678925746104,112.60120023959264,11591172708.949953,0.0013806650275458821,0.1960908453679001,0.21172189038865946,0.19198999482188533,0.14742072650075036,635560.8728593582,0.01843007905585378,0.09693515607704373,0.01815308473393178,138.687948147925,2.7414789092695195,655.0477510536793,0.21172189038865946
3,0,0,3,0,1.7876026232982436,0.053296843222996014,4.446897454361165,0.02683617989855703,6.67906159078272,8.00070877525199,0.8150121435613302,105.88430088394308,9575227638.501331,0.0006943817964127939,0.13454268109774925,0.2125261284481189,0.23183531864481272,0.1441994354887554,121141.97583997024,0.026873807485570923,0.14790566341724287,0.025823940394167796,0.2125261284481189,2.482400021665049,1.0,0.2125261284481189
2,0,1,3,1,0.7098127695357018,0.018987845037535808,2.5036238438032923,0.040350730137388255,4.587622608595301,19.040533698036267,0.5220924657720986,89.47055554466267,19283978792.23732,0.0012731572394103945,0.16766989454044767,0.21643828429913595,0.21855923434598762,0.15179466391560095,23945.233278477077,0.02388406945895217,0.1359466654839725,0.023290629146095778,0.21643828429913595,1.2798595156856623,1.0,0.21643828429913595
4,1,1,1,0,0.12465619733772462,0.02099109847274556,8.80163710486835,0.05244681022557712,5.703140506438484,9.20960077665893,0.6170966182477193,94.20813789322406,15130791362.821121,0.0010425375849052215,0.21585397607187157,0.21891019338427475,0.18449350974309048,0.1260746496457834,361623.90064530715,0.017018927568661912,0.09610766457293862,0.01674055032034945,0.21891019338427475,1.5682242556533803,1.0,0.21891019338427475
3,2,0,1,1,0.49861177435144943,0.09615651607881198,6.722015993657159,0.03473663349186016,0.6848858189306476,12.053837605378925,0.7459032251236346,77.66340923201174,10335912145.390068,0.0012487136394787903,0.1643348510013939,0.21942280404255735,0.22711409619137948,0.16384834143664495,111733.17673136477,0.025790406344413586,0.09940567931560984,0.02520820563297198,0.21942280404255735,4.869264049589965,1.0,0.21942280404255735
2,1,0,0,0,0.21451214968861262,0.09408816828245528,2.093503595768063,0.05134439969245065,4.986780528520536,7.178751261840823,0.3370789568543114,67.09922462024117,11738017123.902296,0.0013002719737387467,0.20159692700909582,0.2204448089786943,0.19559664991530984,0.1306123858572959,40180.33179174643,0.01912902472904614,0.10875724481658156,0.018663915445243567,115.44575413216906,2.162658982207622,523.6945912540256,0.2204448089786943
4,2,1,3,2,0.24597894421147679,0.0838206288085773,1.3584722078000024,0.025646697721450635,6.749978218827812,5.936759651036587,0.48182983008092123,99.12724467316848,11564014155.18737,0.0008070487745518602,0.15476652443426894,0.2208654258391053,0.23500308178819546,0.1734009839245288,221464.73283680156,0.02761322422497464,0.15723126166796186,0.02698897916021979,0.2208654258391053,2.2091705097961816,1.0,0.2208654258391053
4,0,0,3,1,0.29089901827131903,0.08562723519642189,1.8935901812536524,0.06099062213528566,5.914640991116006,17.716280664076397,0.22862832270573452,94.95022881732842,17865635086.275505,0.001449821897869548,0.17816370471627288,0.22123818595583028,0.21705767495013908,0.1615896098389662,1627.2213546067867,0.02355701712738012,0.08506108831230641,0.022994307663096115,0.22123818595583028,2.278196747994401,1.0,0.22123818595583028
3,1,0,0,0,0.5489087344491578,0.025541914263757022,2.2923868873818107,0.0014492124841492795,5.787947841110983,6.3520599156618855,0.4755151956616742,103.98852122949563,9249867936.144247,0.0008700728005260381,0.1745233494118849,0.22128767500261487,0.2185122103578223,0.14716139819962618,14467.11067434011,0.023873793037730597,0.11729334189983154,0.023238066709695776,0.22128767500261487,2.170371450560546,1.0,0.22128767500261487
3,1,0,0,0,0.5489087344491578,0.025541914263757022,2.2923868873818107,0.0014492124841492795,5.787947841110983,6.3520599156618855,0.4755151956616742,103.98852122949563,9249867936.144247,0.0008700728005260381,0.1745233494118849,0.22128767500261487,0.2185122103578223,0.14716139819962618,14467.11067434011,0.023873793037730597,0.11729334189983154,0.023238066709695776,0.22128767500261487,2.170371450560546,1.0,0.22128767500261487
4,1,1,2,0,3.6645766563604383,0.09510542424679831,9.613834084632607,0.012907838723003499,6.695006557563606,6.805761964120509,0.7191777166958515,101.80767071840074,17938914323.057697,0.0013755155120678013,0.19578272178721623,0.22942465599668954,0.2080824859373379,0.14615307743327827,3901.410757059441,0.021649160476931217,0.1234291747263494,0.0211370489140733,6.418687760941573,3.829151801340534,27.9773232439071,0.22942465599668954
4,1,1,3,1,1.704661205490619,0.09091887880406255,3.6236655098416093,0.07224881320083339,2.802116000931027,7.297290722680315,0.437644704167142,96.83845199419005,13284800703.546495,0.0008771097676745066,0.24522632610816636,0.23040417102118785,0.17607305012954716,0.11677992741489338,57672.42806015252,0.015500859490961014,0.08303271433316273,0.015216364814088302,230.55182202733945,3.0558348573645033,1000.640834779584,0.23040417102118785
4,0,0,0,2,1.7651261838331642,0.06819572789432907,3.2760719506323674,0.09834900350419577,8.093237392647366,1.2037261103801062,0.22133626998739755,78.70024285042415,12080919867.22473,0.0008323959476112177,0.14993325836251703,0.23730642969421784,0.25748479656628226,0.16018858015631762,242138.90481305934,0.03314921023138988,0.18580458366365193,0.031462623562062225,13.315753272017501,2.2488968114994736,56.11206274172836,0.23730642969421784
4,0,0,0,2,1.898847735611802,0.06538804153300458,3.161657141433549,0.09535501501579274,8.160109646422065,1.094440026165872,0.22282227011505928,76.19329579847543,12122689431.204386,0.0008294570848182467,0.15126451111814387,0.23850871833263357,0.2574121356633631,0.1620742332257621,275824.0545769285,0.03313050379338682,0.18576671645525034,0.031485439451113026,2.7723657016483445,2.233564422926655,11.623749945198629,0.23850871833263357
4,0,0,0,2,1.779817823501636,0.06807489513279577,3.3134780703674354,0.09831339883678007,8.113818125339998,1.1415807516354313,0.2211843415568277,78.58373557859787,12071950973.833767,0.0008353510470821982,0.1513381054260381,0.23882013623801027,0.25764448869638334,0.16059468637634663,261034.47904257715,0.0331903412778104,0.1864887564815827,0.03150024195662007,0.23882013623801027,2.251073927063406,1.0,0.23882013623801027
4,0,0,0,2,1.779817823501636,0.06807489513279577,3.3134780703674354,0.09831339883678007,8.113818125339998,1.1415807516354313,0.2211843415568277,78.58373557859787,12071950973.833767,0.0008353510470821982,0.1513381054260381,0.23882013623801027,0.25764448869638334,0.16059468637634663,261034.47904257715,0.0331903412778104,0.1864887564815827,0.03150024195662007,13.68344480654845,2.251073927063406,57.296026298684495,0.23882013623801027
4,2,1,1,0,0.31102584052905496,0.03646282112054094,6.38234506985847,0.07219281954041393,1.004248028945147,15.990474093948544,0.32449802761297886,100.57442012533063,13790314024.84601,0.0005350743909808338,0.25815370447133895,0.23927709463516306,0.17532958372431673,0.11387414498125455,304698.3514734888,0.015370231464471093,0.08629781942826809,0.01507819414993607,0.23927709463516306,1.6614832076751915,1.0,0.23927709463516306
5,0,1,1,0,0.8545395919142195,0.053246480590535855,1.9047040575114151,0.039937127774755825,5.348482379548734,3.2284724441860697,0.6455285937247237,75.90399914712575,9191288434.982985,0.0008482604591428084,0.17220782536375634,0.24006538380009615,0.23803399613325799,0.16025531310689126,23684.984112227434,0.02833009165758394,0.16248154877501653,0.027256020089219707,0.24006538380009615,2.4517650960780166,1.0,0.24006538380009615
3,0,0,1,2,2.1513742348850147,0.038601175661118,2.0307289926929366,0.010692395189076458,6.581942820792415,1.384959524507165,0.6090796779410073,124.41512528247016,13075123985.324783,0.001101849690781319,0.18289224917010083,0.24114307590358644,0.23071601903749317,0.15118248506481313,184683.67294595888,0.026614940720254457,0.1304216329513409,0.025763549760191053,0.24114307590358644,2.0733992166784407,1.0,0.24114307590358644
4,0,0,0,2,1.8324108184477035,0.06871959193479947,3.32700014821353,0.09767072909230373,8.132489952757703,1.17602575169316,0.21445005650838403,79.4328323250132,11723155809.237642,0.0008190716456938998,0.1562492208621683,0.24228364776363598,0.2560638158204212,0.1599975793547684,249136.87812439917,0.03278433888625729,0.18538175546996616,0.031118252129238844,0.24228364776363598,2.2581487248387715,1.0,0.24228364776363598
4,0,0,1,0,2.1885588008225154,0.08110028767783621,6.4458963289058655,0.08503580544844701,1.7429632584452448,10.402761060854749,0.7067995508690592,67.45722532820761,18748325932.73037,0.0014080204094685726,0.24045175841710453,0.2459697144335854,0.19126530603520417,0.13906641450857582,12312.096759324031,0.018291208646370155,0.10214871037527806,0.01801505626234265,0.2459697144335854,2.671023181584648,1.0,0.2459697144335854
4,0,0,1,0,2.1885588008225154,0.08110028767783621,6.4458963289058655,0.08503580544844701,1.7429632584452448,10.402761060854749,0.7067995508690592,67.45722532820761,18748325932.73037,0.0014080204094685726,0.24045175841710453,0.2459697144335854,0.19126530603520417,0.13906641450857582,12312.096759324031,0.018291208646370155,0.10214871037527806,0.01801505626234265,0.2459697144335854,2.671023181584648,1.0,0.2459697144335854
3,0,1,0,2,1.5117713291223078,0.060785753182499236,8.349609042190712,0.031782822242652664,5.49456237148758,2.590218593513114,0.34157526936112015,67.23460779331457,18827480977.745705,0.0010944925511695621,0.17192874573871686,0.24673873457788714,0.24456444901480734,0.13593195332815186,83910.35960990514,0.02990588486095815,0.1773967256528004,0.02797391846820755,13.657429487870067,3.779205285152931,55.351785406676285,0.24673873457788714
4,0,0,0,2,0.14284463994446953,0.018212089091444318,4.331452165310958,0.08031955311651699,5.006406031078504,2.268399308509307,0.6287928749990797,82.46943205880876,18884069582.110916,0.0009251024498621259,0.17250317112811564,0.24771638621893172,0.24516732495458676,0.16295765139577975,158003.26018893564,0.030053508612693968,0.17480069576377777,0.028957364464338872,0.24771638621893172,1.5206368312652876,1.0,0.24771638621893172
3,1,0,3,2,0.21719526457548743,0.020529359955160847,4.742682707910429,0.009314450959568775,5.462829766004676,3.6754806890291434,0.652776848849064,62.76854041354551,13075124844.597149,0.0010642039528752307,0.21137675210691265,0.24970631391807108,0.21435934567445833,0.15231299584031402,173693.8270348961,0.02297496453899096,0.1312529167834383,0.022488958423990183,92.31615042520836,3.079119633339431,369.6989033905542,0.24970631391807108
3,1,0,3,2,0.23846162179804328,0.019613656326966614,4.619235897222724,0.009273636043298904,5.5828448660590855,3.6422703847476643,0.6544147923084285,63.832875695440016,13140161479.82045,0.0010785557038246402,0.21548779484746927,0.25143293172776965,0.2127679776888901,0.15116942704483724,182388.7003125532,0.022635106164910018,0.1296496686876496,0.02216801907937353,0.25143293172776965,3.009112915498829,1.0,0.25143293172776965
3,0,0,1,2,2.2149274820292852,0.040444128200102444,2.061461829470374,0.012268334448124613,6.480869459200675,1.185925110160582,0.6090132997359103,124.56301013355038,13132225627.512476,0.0010892420289168796,0.1919995338682436,0.25246235672798917,0.23348032480049014,0.15689106085734897,227588.36794371222,0.027256531034471187,0.1345708748725657,0.026441733627568794,6.937527597526281,2.0883378874777407,27.479453521068848,0.25246235672798917
4,2,1,3,2,0.229543147788491,0.08413398658116326,1.365619638891097,0.025693753590308416,6.737117368035689,5.953052197302179,0.4820337633130731,99.22276146501288,11520026191.605658,0.0008046218043325242,0.18793707144877558,0.2535453285079674,0.23673578696135025,0.16928967561873046,134331.67719241374,0.028021916414104904,0.1623232719054084,0.027381678864194087,0.2535453285079674,2.216243472308334,1.0,0.2535453285079674
2,1,1,1,0,0.8564699619602317,0.03995387235019819,8.15605899242676,0.04196330151997008,0.7826905444428762,3.202684474690034,0.35700313498181346,114.03358391769022,14676426426.990105,0.0009136270646091388,0.2645182204394079,0.25481073648519864,0.1834952098103901,0.11680219235674942,18057.776433567964,0.01683524601167954,0.09439943142550722,0.016485110261794774,3.1036030663399847,2.1555922601622295,12.180032557302646,0.25481073648519864
4,0,0,3,1,0.29699870614181806,0.08656274440414106,1.8113355889121021,0.06207247547243323,5.859845051587808,17.967289872250547,0.22123801964158316,95.01429553095547,17734831446.802986,0.001427916860542474,0.19019764982839024,0.25686005647706983,0.2419199211929001,0.17487059386161172,1820.8050618996192,0.029262624134989496,0.09350645279207315,0.028280578137698062,8.341362101496792,2.2522912390038083,32.47434504181631,0.25686005647706983
3,1,0,2,0,0.9912544764287755,0.06593031052044097,6.430440504588716,0.051169968411393964,8.576087688217092,3.2084809036770894,0.5467190810668735,100.64493217953351,14214088467.350979,0.0006889565603663936,0.21262811141240304,0.2586249587125276,0.22185403675557938,0.14712429822742254,19551.62731192541,0.02460960681237298,0.1275472916883309,0.023948793972663585,0.2586249587125276,2.698956360385213,1.0,0.2586249587125276
5,0,1,0,1,0.13901765637435876,0.09425397605277884,0.6462603514176533,0.06522260254471231,4.509772242768571,1.6412035364694786,0.47052128955427963,102.32340658683634,16753072917.989592,0.0008761933771432196,0.18606725970063798,0.2589420018899462,0.24435268988101602,0.17352780041090907,366729.931957918,0.029854118526043992,0.15597659727197644,0.028918598351149252,132.2217460400595,2.4433807083613246,510.6230162546418,0.2589420018899462
2,2,1,1,1,1.4123392449796315,0.055066761735574093,6.648020046332832,0.05232205152035021,2.0574036398719877,2.9077211448888463,0.2816673233374686,92.74251101948884,15220759554.728952,0.0009147290517687861,0.22676444524976597,0.2600687067637088,0.21181309518291716,0.14621848049407724,30385.78604138452,0.022432393645483762,0.12943287546851634,0.02192940820772463,41.54322751655888,2.4081512664270264,159.7394320659421,0.2600687067637088
5,1,1,0,1,0.24037133400269187,0.08658334916805635,5.035350819521183,0.03610924119589764,8.62693151435581,9.238729717148708,0.8382455272138701,101.14641271906768,13704445858.60664,0.0013105874482691356,0.20570302988453798,0.2617011385272996,0.22911225937697421,0.1744712052694622,52310.49529909914,0.026246213698410955,0.15345874796372938,0.02566033834011803,0.2617011385272996,2.9523678660123642,1.0,0.2617011385272996
4,2,1,3,2,1.076915184206297,0.06969685668979507,0.9686235901585898,0.037990422433294306,5.948373664839017,2.94635589048274,0.32570838860307233,96.48891056552756,10053272975.590803,0.0005351946097179772,0.2047828921337061,0.2642916092051696,0.2336543668782418,0.14717065054843018,259597.69633521241,0.027297181580636005,0.1315313232510793,0.02635486794361028,0.2642916092051696,1.9891112758875662,1.0,0.2642916092051696
4,1,1,3,0,0.3457188317654101,0.044139179916618754,1.893744520802121,0.08325968584767003,4.670395813694911,1.3759693940200641,0.44614316534176174,126.33824072237951,9043466581.715021,0.000820358053983514,0.2444741676761873,0.2654307486483988,0.20409849128684593,0.13778015031277394,625050.3548091188,0.020828097072783363,0.11771791833770384,0.020305141677659004,16.808841068409922,1.8719731291757853,63.32665357726,0.2654307486483988
4,0,0,0,2,2.273774983407927,0.06137172225887311,2.566372335378928,0.09216004558701896,8.264668754165232,3.2593416072270642,0.20637483791684522,62.77375328933952,14194694529.633093,0.0008097940218456641,0.16914663884005382,0.26861112181870156,0.26921874293839954,0.1716181390964647,23475.45290613262,0.03623936577466602,0.20794694059500585,0.034495849726652435,0.26861112181870156,2.1625306345018003,1.0,0.26861112181870156
3,2,1,3,2,0.6408669232957663,0.08298013518778626,8.328296380451894,0.0960482978447328,7.071245338707824,3.426308435158337,0.3097237930099466,117.91955353052448,18372164871.269905,0.0012017421793729544,0.2298375159097223,0.2689462838748283,0.21704975003152563,0.16263465702857535,578030.9081764906,0.02355529699437388,0.13371252462903782,0.023085324927434543,246.55771789116,2.3722191244707482,916.754507029782,0.2689462838748283
4,0,0,3,0,1.1259983846973474,0.09192638405038753,8.743030672094234,0.02535014756766954,5.328155880565846,5.598614129406343,0.41134453771920415,70.23767227207095,12706051476.106976,0.0010423134030253215,0.19327692159166532,0.27051596603797595,0.24759712348066096,0.15730468530423394,92783.59299256238,0.03065216777794884,0.17887435206599966,0.029090984877766412,196.8369396773732,4.188556574356557,727.6352023146042,0.27051596603797595
4,2,1,3,2,0.43174661266746117,0.06328940562840643,0.16733969855669492,0.05782805149488556,3.5577544339127156,10.686174416835902,0.37396338732580836,86.91408324844271,11732566683.861252,0.0007382512755400815,0.24748805517279593,0.2737293497188442,0.20863439556174598,0.1522480796857364,6187.863463818438,0.021764155505707546,0.1226502461589053,0.02136999506282707,0.2737293497188442,1.774394477625846,1.0,0.2737293497188442
5,0,1,2,2,0.820910584913157,0.02104493795355179,3.4551520793419366,0.047313399020772175,1.328955054199815,2.1177170183496514,0.5035979059674057,97.43659767708061,19849341357.584946,0.0010675231477442013,0.1865893379581295,0.27862393232984517,0.2609700879595761,0.1649740905807494,90058.8131149952,0.03405269340481445,0.2038974927432743,0.032462734881095745,101.93946180535875,2.0060633503667913,365.8675726558876,0.27862393232984517
4,0,0,3,0,0.9418651500167956,0.09139647449431074,8.321177301326266,0.028731400877641027,4.812814897379109,6.190462257981268,0.3983507639795083,70.53610611383317,12687308085.726631,0.0010574520985258276,0.20170906156396284,0.2790590499144474,0.24768091560267388,0.15492402766529217,51465.50199830571,0.030672917976889435,0.1816806491727161,0.029032411274961027,259.6836909952405,4.330794173835216,930.5689640771482,0.2790590499144474
4,0,1,3,0,0.31845182123125587,0.00507353389320822,7.362290484664375,0.0748669283003194,8.572505028606392,6.3222866157991335,0.7338719445426181,110.50838871036808,15534706946.786049,0.0005937413692151812,0.17983248444472688,0.2805647150647473,0.26940280984394666,0.17001293472424123,256434.809881119,0.036288936975906835,0.2171141854065295,0.03432533062612162,0.2805647150647473,1.2036495091883879,1.0,0.2805647150647473
4,0,1,3,0,0.3203532091629963,0.005343734866174748,7.350266360309504,0.07470546074494264,8.561341051576608,6.25505336585414,0.7328600043965942,110.36760178323361,15528946768.012753,0.0005944712940841746,0.17572906616743977,0.28134873498609786,0.2742606896709972,0.1722401291715452,252344.91003283314,0.03760946294940551,0.22613537609969447,0.0355452240492387,0.28134873498609786,1.2097268865439965,1.0,0.28134873498609786
3,0,0,1,1,1.940080917239167,0.015461386829339698,4.371372163138577,0.0058562094955112364,4.860916649948919,4.792785202808724,0.7367377520586571,89.08442289268213,12266588849.515774,0.0008045007086818556,0.20945200996680724,0.2815952834425479,0.24337654570864514,0.13210826288679167,18920.014015296994,0.029616071500536117,0.17343295869398012,0.027648000163799136,0.2815952834425479,2.9095583982794744,1.0,0.2815952834425479
2,0,1,2,0,2.394609790755476,0.0904503556492099,9.165067875694046,0.05928065716817018,1.9116857449338316,8.17316986050929,0.4489873046313495,109.62744022002484,15234583554.664156,0.0008530188322706279,0.2057642343800432,0.28341141887499605,0.24812880907277163,0.15214982809821784,39533.11597337926,0.03078395294593598,0.1797383478176917,0.029213622089073937,0.28341141887499605,3.135317579072969,1.0,0.28341141887499605
2,2,0,0,2,0.7617314314509751,0.05561617986924014,4.4584613075213095,0.0360677697401122,9.528378984270303,7.257066725545173,0.3112766184867452,80.69136826996363,12672892229.018627,0.0013657930315521209,0.26548888851220753,0.28344455430613996,0.20545483378546045,0.1378946389347788,24834.367942159337,0.021105844362905593,0.09828145810370104,0.020615695745128178,0.28344455430613996,2.1551788927267643,1.0,0.28344455430613996
3,0,0,1,2,1.8249234797653533,0.03954010185950329,2.947920960225134,0.04818015873092266,4.625294768085774,4.485872974606691,0.7619932003652958,81.51421528841529,13635508151.316938,0.000653422557183127,0.19213082783333135,0.29195493852444976,0.26795003542459334,0.16483404994732184,17499.912708057964,0.03589861074202041,0.21380950477787097,0.03390607302496189,25.602570161454118,2.1760241338581943,87.69356768154148,0.29195493852444976
3,0,0,1,2,1.8249234797653533,0.03954010185950329,2.947920960225134,0.04818015873092266,4.625294768085774,4.485872974606691,0.7619932003652958,81.51421528841529,13635508151.316938,0.000653422557183127,0.19213082783333135,0.29195493852444976,0.26795003542459334,0.16483404994732184,17499.912708057964,0.03589861074202041,0.21380950477787097,0.03390607302496189,25.602570161454118,2.1760241338581943,87.69356768154148,0.29195493852444976
5,1,0,0,0,1.8516108316035556,0.05184522510526053,5.402540353088419,0.029629689252862107,5.026436235275896,4.631837324271845,0.7899619459366299,106.98186984326536,13341905404.08095,0.0007646740815601672,0.26755019588989803,0.2933980355981029,0.2108337762606614,0.13747587047107301,14012.239733593298,0.022225440606165315,0.11731501849984494,0.02159167937082509,0.2933980355981029,3.4973426431309713,1.0,0.2933980355981029
2,1,1,3,0,0.3459854312289982,0.08869678694246826,3.9796971064319338,0.08833777322390363,3.2157853733580404,8.43033245635999,0.8403666741471015,71.2943385198568,19967979879.083252,0.0009420394497024146,0.29157716770195957,0.29507074156413526,0.19682032694910437,0.13303681904509745,12935.57289403763,0.019369120550176172,0.11082963870133578,0.01901963251764534,469.4148258379633,2.2883930545924915,1590.855207634788,0.29507074156413526
2,1,0,3,0,0.4460230045196575,0.07280047842398879,2.9775185742900248,0.05076183424983681,3.2467832077494565,10.603271190455068,0.15388356351447086,82.78231395050946,12865402309.45784,0.001413663701235105,0.2717749033206405,0.2958479202208872,0.2093497504582223,0.15392676406812997,6519.472105395667,0.021913659008459974,0.12622382197752924,0.021514576092509577,176.0278574782178,2.6548901976065533,594.9944057297789,0.2958479202208872
3,1,1,2,0,1.5265873011121367,0.07575650420665427,6.883936595915033,0.057110253308522665,9.286833169716463,5.536870454297631,0.6481761179988785,90.89306879572872,11066688133.288582,0.0009469803137670464,0.2227294356189798,0.2980649058409431,0.24679785110030486,0.16144908757990103,13997.592644905862,0.030454589653864127,0.16912854929749066,0.029383683114956375,11.127853747353832,2.623268534543252,37.33365964690928,0.2980649058409431
2,0,0,3,1,2.3981442581505203,0.052798797883835284,3.1203245626029763,0.07481776972229771,9.886970830801323,15.279772573509534,0.018297615440784343,112.80971083905536,16484451095.75972,0.0010155483652646855,0.2189971113530124,0.29884174448834155,0.2505146411609813,0.15771884411390802,3190.0210968330534,0.03137879271800762,0.17495749431746288,0.030262796030611484,0.29884174448834155,1.716135820072845,1.0,0.29884174448834155
4,1,1,1,1,1.0266986116556727,0.04056204011872235,5.668999656926246,0.0517441068588323,7.9373373163329655,1.4497888118615858,0.7894268906785055,103.81395160133471,10169194335.91112,0.0008199044571725526,0.22454723057352272,0.30163234164829833,0.2481105338509224,0.16280668964079323,118483.7082395221,0.030779418503894856,0.17376570570558303,0.02970664154377298,0.30163234164829833,2.270123031401004,1.0,0.30163234164829833
3,1,0,3,2,0.23705737642887864,0.01950221325381781,4.636113568186688,0.008709147619861364,5.572752874231693,3.6013114485023183,0.6499070667825926,63.64921005398705,13147307652.738016,0.001077888187996795,0.2595941536188223,0.30265864029414685,0.22240355681249308,0.15923312084398863,230360.11046694044,0.02473167104142392,0.14315020844291948,0.02419711664955086,75.15291484566175,3.018732064975516,248.3091669632243,0.30265864029414685
4,2,0,2,0,3.816268288805747,0.0986640120050788,7.210916594197907,0.05349616431590829,7.186113926453874,1.6530151621213744,0.4567253343034896,63.23676488747597,19464086554.472263,0.001073250505814731,0.23475001868367887,0.30296061255151524,0.24089789851398646,0.15569753146027301,142468.59450504862,0.029015898754227464,0.1661467404923549,0.028062088430157603,42.26493146805932,3.2994532779531656,139.50635731855283,0.30296061255151524
3,1,0,0,0,0.5512521046741662,0.06677360318918084,0.8781723781348475,0.025959964450995937,4.813367680614633,6.197915048884348,0.3376877408138703,98.62234260947463,10783902824.164562,0.0010196882927151307,0.2412244689754552,0.30411803486692945,0.2373884685714518,0.14144681732998857,9479.515388255242,0.02817664250534958,0.15127022715270833,0.02711514564465795,1.108345979649315,1.8564347132200067,3.6444598891817948,0.30411803486692945
2,0,1,2,1,1.0502063761387719,0.0976444014441032,9.055742080827835,0.05906295176888663,8.41200812589952,1.5376964333284076,0.42839166026503156,106.75190782370467,12994807383.36452,0.0007846695256283822,0.19573056553028578,0.30578737028167857,0.27677302092404077,0.17139837874200223,138068.359413844,0.03830165255570975,0.2308596578626413,0.03595128126317109,33.46961363338174,3.0180281642132343,109.45387836832805,0.30578737028167857
4,2,1,3,2,0.25544130666381726,0.08373220409919938,1.5639699856420088,0.025130130095202253,6.627796238248719,5.312888222444839,0.485914678715422,100.76434426149861,11629182908.018589,0.0008280342445663017,0.22692972171917636,0.3083409587625857,0.25154851589236155,0.18550938042301982,186926.66921054505,0.03163832792382484,0.18081423094319427,0.030858966278513016,196.1123218535495,2.2611772206093224,636.0242331754268,0.3083409587625857
2,2,1,0,1,1.5134157080801076,0.040087484984626214,7.047305008412403,0.0686727473087351,2.6409918189408432,5.205227610354401,0.023260276091840015,115.30041009569976,17775906906.47232,0.0006990258558274526,0.2709226548457557,0.3196444385972235,0.2271801873576637,0.15911189530038156,20443.43929299288,0.025805418763931595,0.14998355489137227,0.025169987195075735,0.3196444385972235,1.746077638426172,1.0,0.3196444385972235
3,2,0,3,2,0.99846350464291,0.04173219898791815,5.967972132096395,0.07009853338007586,1.7367420256673167,1.5134937022488975,0.45204744310475503,103.7994457663736,18295463208.194653,0.0010333346148346445,0.26337532049017964,0.3197096835662379,0.2324571088391194,0.16325166149935003,751375.8750848179,0.027018153724921105,0.15700184804586303,0.026165173435193083,0.3197096835662379,1.9706895307882173,1.0,0.3197096835662379
3,2,1,2,0,4.934968514265715,0.007022640383637799,8.174297085834992,0.06197393707786452,6.520453188920855,3.8952141486909673,0.8125676427153735,66.27995189516949,9012544703.674925,0.0008522969685073965,0.21776723295164319,0.3204907466211534,0.2690694805507823,0.17651612510433576,275751.79298680293,0.036199192681933896,0.21470631483222025,0.03461289329871577,0.3204907466211534,1.2366155637510163,1.0,0.3204907466211534
4,0,1,2,2,2.8405375137603754,0.047373250235147955,3.0562350330659322,0.05221538434516296,1.220526429357985,7.972538101451825,0.11114050404907806,85.81784355886148,18738170034.989376,0.0007107834537221845,0.244370977901966,0.32251100622978257,0.24932556079498208,0.15271278994264045,58030.65937908064,0.03108161763286615,0.1686230054431883,0.029851467292275825,8.89551896377888,2.5620387371651376,27.58206322249047,0.32251100622978257
3,2,1,2,0,4.947959235981207,0.0069158716735542,8.164511473627293,0.061549290369685115,6.530156435792851,3.8580807375911337,0.813344785642333,66.40810752104456,9015376895.56894,0.0008486964643832845,0.21985867178032925,0.323483327610621,0.26967393269335704,0.17702058781436392,280408.5045340082,0.03636201498715064,0.21598272884151604,0.03476891123020579,0.323483327610621,1.234817301024125,1.0,0.323483327610621
2,0,1,1,1,2.9405349046171683,0.04956916682440826,5.105303620941504,0.09507781014151709,5.628331945859279,14.268861516573175,0.03510045954299057,107.69716415271692,16694030019.01281,0.0008065481748368952,0.2069723642145167,0.32590833053039314,0.28325656702122387,0.1764157853091656,352008.2684532144,0.04011714138032454,0.2459799798514659,0.03790459683900199,47.99905478229831,1.6590269053453082,147.27777809233407,0.32590833053039314
2,1,1,2,2,2.2844606526875144,0.07149399249201088,4.447406669346634,0.030735449472326187,3.343187942167196,1.7684171368461885,0.39551564683357626,78.539022801193,16184610962.062511,0.0013596220436947726,0.29872086153790856,0.3265602295282043,0.21472240912187257,0.1433001549020302,97684.97305914522,0.023052856489550414,0.12304369056077535,0.022457096929378577,44.1765199257396,3.4005958637182596,135.27832213237764,0.3265602295282043
2,2,1,3,2,0.3761934090874096,0.0813666903828744,8.09038159590818,0.08288809060936916,6.133167339525627,3.5937913704536806,0.124404460053973,116.19123828500828,16339596405.980387,0.0010921795931341783,0.26455455964237207,0.326723033154797,0.23679170291799517,0.17523582943692467,909984.2589869071,0.02803515528540204,0.16307802162423557,0.02728223658437361,0.326723033154797,2.3034675733403778,1.0,0.326723033154797
3,2,1,2,0,4.9352586089197565,0.006786393243804867,8.196498764933331,0.06177284908359967,6.537493225631448,3.826411235308618,0.8150454512097696,66.16794796512445,9042510555.83474,0.0008545298194756879,0.22114996842788304,0.32763015231022175,0.2718734303731349,0.178036332085144,288111.68120447616,0.036957581071427915,0.22093444272664597,0.03531880389529238,0.32763015231022175,1.2323677879626407,1.0,0.32763015231022175
2,1,1,2,2,2.262550229135403,0.07109500107307308,4.531711202016109,0.032223726655178704,3.458221903375836,1.9934255624775696,0.37449542877285424,77.21059794031243,16096518786.85186,0.0013713810885724912,0.30156284786515464,0.32824289372199683,0.21409785641489334,0.1424788687467625,73781.99728100514,0.022918946060726145,0.12292215671522211,0.02232774345767876,0.32824289372199683,3.370807472575189,1.0,0.32824289372199683
3,1,0,1,0,3.3116683869117973,0.04338463382840535,9.506625284285091,0.06584119704787753,6.805153691367458,16.482498085713164,0.8416662783852358,110.9988814072737,12287952948.84974,0.0006412656191597341,0.22979303016025568,0.32829540606088303,0.2649791448841651,0.17152175706225273,287754.53682196024,0.035106973611771675,0.20774901848927596,0.033619329979203895,0.32829540606088303,1.8781581549787476,1.0,0.32829540606088303
2,0,1,1,2,0.6532373923545134,0.04004131477202369,9.078820585785817,0.05042858678723228,7.289299142851173,6.165266616936955,0.2279366985340025,112.43656391410835,9151973431.919321,0.0006523997980859891,0.21309858121644132,0.3302201470524185,0.2812397376675474,0.17014992941816237,14383.676657567266,0.039547895021655434,0.23969930920589266,0.03698763095136022,0.3302201470524185,1.8376752397882559,1.0,0.3302201470524185
3,1,0,1,0,4.0582951531581966,0.05050711995052879,9.571125547776075,0.04064832777019058,9.089274459648843,16.969291123743297,0.7917788708161523,114.25323874302694,12939230265.886454,0.0006240793472826569,0.2286881529635245,0.33194088547081246,0.2688678532071139,0.17429501919048168,283526.9121462564,0.03614496124410108,0.21389390677807052,0.03460972706067091,0.33194088547081246,2.657651814783953,1.0,0.33194088547081246
3,0,0,1,2,1.247717789466459,0.037612789856829934,5.918885708038106,0.08047878789715315,4.802507223415458,7.477064624663444,0.6780932982146619,95.31327211575676,11399404204.886683,0.0007105397739810653,0.2284946579996685,0.334301447633483,0.2706216427535864,0.15935763454908894,49946.82624772252,0.03661803676332487,0.2227042195856216,0.03431529414114734,110.43933878094383,1.6689217753699261,330.35854185718586,0.334301447633483
3,1,0,1,0,3.704567454361059,0.03526130492665915,9.576062712457988,0.07805447052148896,6.462036205235285,13.206932575743235,0.572814822117492,116.3122702598843,13468080972.18472,0.0005832893870473492,0.23880336123246051,0.3371441175760444,0.2644862882918176,0.17389404463054442,187692.11354029647,0.03497649834719122,0.20546641544477195,0.03355240282652487,0.3371441175760444,1.669945445891793,1.0,0.3371441175760444
2,0,1,1,1,2.4373016987487253,0.053064690480504995,3.0085994024800176,0.07645128379915615,9.719780289677564,15.61952320912453,0.022779770620730277,113.34168538775585,16550969438.499788,0.0010479280515125343,0.23190401455175969,0.33837063632774644,0.2711334461826296,0.1732879442373249,244765.02029946045,0.03675667281943445,0.2194877742073149,0.03512241038465004,14.942484578971179,1.6973649825131902,44.160110171314805,0.33837063632774644
2,0,1,1,1,2.438547433608414,0.0513391494278932,3.012915215638389,0.07653396910177494,9.953070900617739,15.717059942281963,0.01148022888568375,113.03351567199712,16407475078.187714,0.0010170694550753379,0.22995429273263984,0.3389638630309663,0.2733188174264055,0.174678308956766,303519.7551103888,0.0373515879796844,0.22280177392636635,0.0356305344610135,15.323599147659095,1.674240572755555,45.20717639525838,0.3389638630309663
4,0,1,3,1,1.7579684247865168,0.06137979033937338,8.430558234882582,0.03563998653270378,8.944128864023547,4.613170828841154,0.2863150739999536,76.8270658570764,10390616877.004086,0.0009269150063586429,0.2417101625655218,0.3397382168922494,0.2637977269672518,0.15207826913756725,155253.89451544822,0.034794620376544357,0.21007979032374913,0.03239266622563951,0.3397382168922494,3.1161617443689424,1.0,0.3397382168922494
4,0,1,3,1,1.7579684247865168,0.06137979033937338,8.430558234882582,0.03563998653270378,8.944128864023547,4.613170828841154,0.2863150739999536,76.8270658570764,10390616877.004086,0.0009269150063586429,0.2417101625655218,0.3397382168922494,0.2637977269672518,0.15207826913756725,155253.89451544822,0.034794620376544357,0.21007979032374913,0.03239266622563951,173.56601790878776,3.1161617443689424,510.88164144876157,0.3397382168922494
3,1,0,1,0,3.729744174959407,0.04268889275211537,9.50524755247826,0.07501429317329125,7.173101485137711,13.599459027826827,0.5575978629000995,116.34362888660655,13293322478.984766,0.000580410261245973,0.23503937994194468,0.3437398045033795,0.27270617184295076,0.1759170597846993,137967.17190728924,0.0371843280806185,0.22161319047965322,0.0355287305715521,0.3437398045033795,1.831754571978505,1.0,0.3437398045033795
5,2,1,1,2,0.3006478790528759,0.01379209610111002,3.9116003728287003,0.07583301565616184,1.7996412139701576,7.708064441475625,0.4206274933369059,127.92934558610976,15759712311.288235,0.0013426333355879819,0.28750536630878387,0.34540895456661586,0.234321310076953,0.1598727079649343,74453.8579675604,0.02745323817808978,0.15840713999266776,0.02668971324138495,0.34540895456661586,1.532011268486133,1.0,0.34540895456661586
5,2,1,1,2,0.3006478790528759,0.01379209610111002,3.9116003728287003,0.07583301565616184,1.7996412139701576,7.708064441475625,0.4206274933369059,127.92934558610976,15759712311.288235,0.0013426333355879819,0.28750536630878387,0.34540895456661586,0.234321310076953,0.1598727079649343,74453.8579675604,0.02745323817808978,0.15840713999266776,0.02668971324138495,0.34540895456661586,1.532011268486133,1.0,0.34540895456661586
4,0,1,3,1,1.7511405415344583,0.062323089739448626,8.137432255591454,0.039641435243052185,9.18570197122016,5.058299414587221,0.30232896075201854,76.39082277430356,10527385967.128757,0.000897632256415448,0.24303787461329218,0.3456605115456561,0.2672385911398496,0.15165275933239616,117081.24925434843,0.03570823229720586,0.21642448173738482,0.033203141659450874,131.3628379354796,3.0291566433470494,380.03426352659534,0.3456605115456561
4,1,1,1,2,1.2125773912833275,0.03678715371603234,1.656629655469576,0.07428989432968279,9.355597409810144,5.453655120178173,0.20778026268437613,121.22132268924335,9257099516.491405,0.0008886756004814183,0.28339367362558543,0.3463420316621172,0.23843264545623852,0.16123922963807735,15789.370627793463,0.02842506320963017,0.15162006515875248,0.027638943601063514,0.3463420316621172,1.7807650551640042,1.0,0.3463420316621172
3,0,0,1,1,2.7433784993511794,0.040474209187679244,3.113337301467876,0.04467014311989939,7.001189469629748,3.3724845311506715,0.7868988833401781,75.95765104951934,13547113213.511223,0.0006519135493030262,0.21508180438176383,0.34824221947531697,0.29423040020349933,0.17986094449059495,20032.043637489194,0.043285764201955686,0.2659347658505009,0.040422912739226775,167.578366730461,2.211863842570827,481.2120913510855,0.34824221947531697
2,2,0,0,2,1.2652875528198428,0.05398357724257187,3.421630354815668,0.026779276684336092,7.059028860343294,8.898746860430888,0.47476568733364294,74.75586184948213,10413891089.139032,0.0014436919604455978,0.29864618244183394,0.34850321637664633,0.2304664871648018,0.14701160675420413,36369.33920100654,0.02655740085304188,0.12795046640209218,0.02571898819385729,228.33832682682208,2.076124514677494,655.1971864157617,0.34850321637664633
2,1,0,3,1,0.1263323453972174,0.008073716856072829,3.5965266841298753,0.033779833010859524,5.613782840109192,6.061170032384386,0.4065316548925184,73.81264953165396,13876924333.876595,0.0009912398950039142,0.306350715475611,0.3487086646775847,0.22494926553128394,0.1492388343868465,938531.1543396257,0.025301086031532048,0.13494589664640222,0.024535028565656262,0.3487086646775847,0.9946874963108465,1.0,0.3487086646775847
2,0,1,2,1,0.16210683054930689,0.02860893363080196,2.5025660760818984,0.06040264612674997,1.1896691512866462,1.0055849471151312,0.045507033877670786,112.32633133792066,18440415448.87068,0.0005354065270057813,0.20749134858860852,0.3518548360662569,0.3045970959643808,0.19128085731609973,383784.63443403074,0.0463896954349671,0.2893461402713625,0.043496212828744586,0.3518548360662569,1.5005169142521935,1.0,0.3518548360662569
5,2,1,1,2,0.3707793958087079,0.012649434897289851,3.932879775138301,0.0788695094689836,1.8937360030096566,7.410990099603899,0.39749826383578934,127.08790783875527,15458400083.674665,0.0013374643230008344,0.291146489364524,0.35201516061424876,0.23644736812303088,0.16089025318373917,71580.56298087527,0.02795367894615404,0.16108135662824197,0.02715103818747984,113.35115165681987,1.5145519817068023,322.0064484126985,0.35201516061424876
2,0,1,1,2,0.1555572246258602,0.015599573379199694,9.25011429015496,0.0802475192678631,9.327521931462515,5.0580429001652965,0.30833116457430965,126.33552264304886,10364334567.58484,0.0007411976572385182,0.1980644846436403,0.3523344612706287,0.3146083876079872,0.19470922652797076,610013.8962668639,0.049489218776648754,0.31447678795282863,0.04622825010105873,0.3523344612706287,1.0291828298731707,1.0,0.3523344612706287
2,0,1,1,2,0.1483895232324954,0.01573505017245797,9.158983397510637,0.0800654603767513,9.299572507365422,4.901162537298353,0.3010534899429634,120.25815606431995,11329463011.938646,0.0007467172722390589,0.19872697853808696,0.35306117347425264,0.31452707674319635,0.19510127423331028,628626.755866288,0.04946364100231026,0.3142780668401848,0.04621850327436586,2.193738836730185,1.0453215619037173,6.21348084,0.35306117347425264
2,0,1,1,1,2.821642410518199,0.07487557859424615,8.398414032643869,0.07951027290653812,8.716599329940285,13.94826251340811,0.03905837572370403,126.03424389835966,16982149707.436935,0.0008231296004250419,0.22399925329241688,0.35505664301433953,0.29120070129292086,0.18180874194658306,166687.14352787987,0.04239892421674446,0.26247171067468855,0.0397380745511511,0.35505664301433953,2.2527339125420136,1.0,0.35505664301433953
3,1,0,3,0,1.2785676794151057,0.047113242970985986,5.2837893033402485,0.054153548003158324,7.911325406927071,6.456596282703476,0.5716027939230539,104.23347532348667,11027856856.20639,0.0009867044632710083,0.31612142078447314,0.3553156316780219,0.22340399551016626,0.14140554026811122,71600.19160658354,0.024954672604953192,0.13043042427484575,0.02424076124444623,0.3553156316780219,2.183131764670203,1.0,0.3553156316780219
5,2,0,0,2,1.131966175264215,0.022159661941951684,8.513700217306518,0.047474207243362196,5.479866923771742,3.342773897684453,0.21170063280435406,77.48022791971482,16515409490.903334,0.0008543021587498913,0.26291621649136465,0.3576132268200679,0.26061399185465667,0.16822845920956767,28165.11613770116,0.03395982637520953,0.19962529768008275,0.032613102694650155,54.0514802974942,2.0194216198862747,151.14508145608957,0.3576132268200679
3,2,1,3,0,0.3253102145725797,0.03284220299417019,4.295714764143455,0.09540094320728296,4.332844591187575,3.0638666521603963,0.7009970616102649,104.01100848725429,14884672205.808825,0.0006537042875559486,0.3160955820788316,0.3612030230817114,0.2264052527807331,0.13869880812899454,494130.87729499285,0.025629669243353827,0.14977067343925887,0.024648467344128906,128.52495624442926,1.4979960789002231,355.8246970024786,0.3612030230817114
5,2,1,3,1,0.1489774622466916,0.005035028080862475,3.701553761932224,0.07667743056042423,6.08140276980885,4.563247649122885,0.4127503424209168,80.6713987169658,19109747531.125813,0.0012082506814532004,0.3132169423776311,0.3638592686334257,0.22999138440663525,0.15759682457015892,267392.0541367817,0.02644801845064033,0.15324469373267702,0.025598049754183644,244.56174893386134,1.4350302997254913,672.1327997288092,0.3638592686334257
3,1,0,3,2,0.6492394695779196,0.019866510571854658,5.893895364659074,0.07008010483082186,1.5689881088683277,2.210395655447691,0.49787709439963146,108.29434049628281,19503223296.106342,0.0010197042335934837,0.3086634850333768,0.3646628278915356,0.23340005074684023,0.15153556714132269,691764.0336139638,0.027237791844313793,0.15794957689578115,0.026234401635511065,0.3646628278915356,1.4831169673420632,1.0,0.3646628278915356
3,1,0,3,2,0.6492394695779196,0.019866510571854658,5.893895364659074,0.07008010483082186,1.5689881088683277,2.210395655447691,0.49787709439963146,108.29434049628281,19503223296.106342,0.0010197042335934837,0.3086634850333768,0.3646628278915356,0.23340005074684023,0.15153556714132269,691764.0336139638,0.027237791844313793,0.15794957689578115,0.026234401635511065,196.29792692336738,1.4831169673420632,538.2997989083597,0.3646628278915356
2,2,0,0,1,0.1998531888597274,0.04121624423569024,7.50033473459044,0.08383532694317197,2.5984489795183214,7.5276663825277055,0.12473201773313412,122.67579953554201,17684163279.297825,0.0009585463678193942,0.30438475306328816,0.367349183162483,0.23801969399539957,0.1606605832730704,266230.2114001994,0.028326687364831828,0.16302885696149594,0.027513882414899698,0.367349183162483,1.512334862980701,1.0,0.367349183162483
1,2,0,1,1,0.6044987015122609,0.08389462180891451,9.94327820603218,0.011541281815549361,8.07451854376996,17.556875948796172,0.4418428337111651,100.54121432692315,13160502944.587399,0.000805133816495308,0.32806362141073553,0.3701230913253184,0.2249902636444479,0.13875062765053406,376868.7428124896,0.025310309367399086,0.1450168371196826,0.024386798593265598,0.3701230913253184,2.8929827718847796,1.0,0.3701230913253184
3,1,0,1,0,4.647834278628282,0.033650015555709116,9.915541148648488,0.08525188286403754,6.786053264118152,15.955276453376602,0.47310195442069425,100.48436118153819,12128516915.588276,0.0005340415750318946,0.2967742205266915,0.37071927798643584,0.24534200795061722,0.1696303537397118,255686.79932177893,0.03009635043262036,0.17398067443756282,0.029198008362605176,82.01020268851417,1.5603479741613349,221.21914763632773,0.37071927798643584
5,2,0,2,2,2.598386559794564,0.05170723108750601,4.361728938067556,0.08569980516860863,9.725220303870643,1.0961437458052699,0.47594791662455005,129.28775159520592,19139799442.935333,0.0013012398538889895,0.3049268271013895,0.37862000561469256,0.24546392664765504,0.1610974436508288,245938.60500572706,0.030126269642642686,0.16722588728762688,0.029085591151395983,0.37862000561469256,2.41635735438456,1.0,0.37862000561469256
1,2,0,1,1,0.6672561173629548,0.08198072298026458,9.999301968207273,0.012484335721041883,8.136713503631787,17.588820100092402,0.4402345866042467,103.16062394933391,12881993909.733826,0.0007880323456012486,0.33310312000551345,0.38082248298386945,0.22870336587386592,0.14032468543870263,377042.4049387901,0.02615261478101769,0.14922827832579477,0.025178010569151452,46.506069564600764,2.873703261188885,122.12007337437225,0.38082248298386945
1,2,0,1,1,0.6035863586290113,0.08453294964780089,9.981435866203919,0.010563063856132576,8.056582909210746,17.35499722206646,0.44007257957201046,98.45141068721658,13206690726.840012,0.0007773536196104552,0.3354355960599047,0.3828728794962622,0.22851856362313536,0.1417487933321572,280918.97598093876,0.02611036696019048,0.15007369128299108,0.02514501035799689,49.349185810791326,2.905842947101154,128.89182925601577,0.3828728794962622
5,2,0,1,1,1.0528141094355734,0.01613641820615946,8.131482215704338,0.09690537043478502,8.857664023572694,9.70405614031008,0.19891899848716021,112.9130932091717,19112500543.497868,0.0012501720509448956,0.2901368612672921,0.38459428528758605,0.259079458958762,0.17383820662986613,83025.4891100662,0.033561083027182415,0.20091751460909024,0.0323872973637253,271.2024072197162,1.6407221025998688,705.1649428875953,0.38459428528758605
4,1,1,0,2,4.027331491784858,0.026790978929616537,3.3726535474106885,0.09011185634900834,2.816651824720709,1.9641581059805262,0.2268662888150092,80.10796823723472,9804709490.628765,0.001199808914808705,0.3370522179432759,0.38730452121895614,0.2302073049208286,0.14611410299280744,61536.89523071621,0.026497701619455683,0.15379828820556818,0.0256194433073396,50.63866878304911,1.751616836145177,130.74639207328383,0.38730452121895614
5,2,1,3,2,0.11448351878874817,0.019792600001226842,9.212236737337635,0.07748339288482219,6.106253374795444,5.592755821494297,0.2660767956752291,72.73870026268956,9510630768.823177,0.0013141271258991444,0.28694894829913514,0.40262427278627405,0.27363833210504396,0.18697507117887646,48887.88278770661,0.037438968398615165,0.22631072943538477,0.03595006241039039,106.63486412957502,1.6162309092467895,264.8495665490596,0.40262427278627405
5,2,0,1,1,0.18943269434982435,0.00974082881129575,8.933858124879096,0.07163873804998833,7.002312219275811,4.730550303534259,0.096269603361068,98.66112712893411,18045651071.471752,0.0010585084428781874,0.2814422561335816,0.4050582661821281,0.2796372474273511,0.18646593179285684,66382.61796669473,0.039098495074372776,0.23518810164351855,0.03739437287469687,0.4050582661821281,1.517778941702397,1.0,0.4050582661821281
2,2,0,0,0,3.108640763139746,0.09838614907075187,5.982012943203459,0.041877342600194434,6.334811783298794,2.2513996408759045,0.7887163627244769,79.62041555289834,13766623522.590721,0.0007444571960448048,0.32875254980236635,0.40807553944755115,0.24870568546762328,0.1646217491215264,44159.18861859894,0.030927258991960183,0.1711936561790358,0.02993096483514645,0.40807553944755115,2.8086286745372,1.0,0.40807553944755115
2,2,0,0,0,3.108640763139746,0.09838614907075187,5.982012943203459,0.041877342600194434,6.334811783298794,2.2513996408759045,0.7887163627244769,79.62041555289834,13766623522.590721,0.0007444571960448048,0.32875254980236635,0.40807553944755115,0.24870568546762328,0.1646217491215264,44159.18861859894,0.030927258991960183,0.1711936561790358,0.02993096483514645,0.40807553944755115,2.8086286745372,1.0,0.40807553944755115
2,2,0,3,1,2.7196689472787687,0.08364354082886873,3.5653041214304992,0.09058822805359587,8.359383444912778,16.68746235224312,0.6853575715611353,101.69534724750683,13489998294.34882,0.0009481064839330247,0.3229417452193059,0.40867698675142,0.2530589094050829,0.1578177626280998,695.2446186608794,0.03201940581464498,0.1743999983618083,0.03075430276493355,107.28990275826898,1.866631951914127,262.5298370997549,0.40867698675142
5,1,1,1,1,0.15708835716052752,0.008607210190486497,8.209124379702514,0.04696883687925986,7.428958885043735,5.501072783650294,0.24234179648485113,63.5191844309094,19059491335.915558,0.0010958647791025893,0.2931546580624076,0.4122487746772059,0.2756018578222862,0.184048769882786,143326.69431246273,0.037978192017547825,0.226467697035991,0.03645116305014996,0.4122487746772059,1.5052282572098674,1.0,0.4122487746772059
3,2,1,0,2,4.29584218716917,0.09658831200616937,1.542090162606254,0.06909356072592684,1.6533642572507468,3.4883614002369736,0.19493490467125804,107.09993540523243,18969629487.663673,0.0010070488782654222,0.3689522820411476,0.4187810499336101,0.23041891974728101,0.14157386196995722,24185.74971091363,0.026546439288751965,0.15245067440300053,0.02560274994533167,207.50018327502363,2.837592861207877,495.4860858864528,0.4187810499336101
2,1,1,1,2,3.6141188105182778,0.08550863719581982,3.5728595056293018,0.023089173523582154,7.626771438153928,4.773478562395125,0.48726738981081646,80.85795404156612,17206413471.093773,0.0007762053862151598,0.3236713946834915,0.42262530962189604,0.26146530118723965,0.17348488792433167,20731.078506837657,0.03418205186246698,0.18489095662654076,0.032966407555247226,63.37027796885215,2.1186275093283378,149.94435147659922,0.42262530962189604
3,0,0,1,2,3.7547852265779786,0.03091453825246948,7.796643250663671,0.09140052383835916,5.3120222497809575,7.613713178452013,0.7650722659845876,96.78151369917116,9200456028.664852,0.000588566809883036,0.28176598024467225,0.42449091873664196,0.2922782221135401,0.1749912027755974,52768.15936515927,0.042713279560925944,0.26636070990508964,0.039746039137436566,0.42449091873664196,1.5730316342110906,1.0,0.42449091873664196
2,2,0,0,1,1.3162361401584037,0.05154041613697659,6.135788120259023,0.09410116698256588,4.146598431317493,7.294617407473187,0.019968947877627184,108.15146705627407,19749745648.184067,0.0007083377603029179,0.330440052023003,0.4307955321899128,0.2609287159638651,0.18103990518345758,16547.093873039103,0.034041897407275694,0.20385914370341995,0.032914122690467916,0.4307955321899128,1.7242298240926957,1.0,0.4307955321899128
3,1,0,3,2,0.2248852482856879,0.026429490807165366,6.330644558393153,0.06614011285717405,3.635088441321734,4.31157024419665,0.5970708523758006,119.71441790507916,16398865702.20118,0.0010070717594054571,0.3573189612525989,0.4323317183038982,0.24483467541736362,0.16085606203931102,353083.4224912053,0.029972009143362895,0.1773268191747801,0.028829490779881704,0.4323317183038982,1.5482144960406716,1.0,0.4323317183038982
2,1,1,2,2,2.1988359786789204,0.08296246079805364,4.024965408895519,0.04003885236800553,6.32236618598527,6.374752495991551,0.27476809038813393,76.15065102650506,19323703372.18228,0.0013168203918233346,0.36894122642007754,0.4336271378445679,0.2392035650782407,0.15798972813624276,4194.751380610228,0.02860917277307007,0.1594589883062726,0.0277365581806844,0.4336271378445679,2.3834812254363675,1.0,0.4336271378445679
2,1,1,3,1,0.1605322873184427,0.00938896225300072,3.666535820260728,0.041108489964093234,5.264232414250398,6.027543279072422,0.06443223735236993,80.49146948829356,18235283252.891907,0.0009914560360304203,0.3551830061363217,0.4347134165550611,0.24832338030932544,0.16282202187825734,726450.7204219151,0.030832250604124936,0.1676371704035271,0.02974960439759029,0.4347134165550611,1.045951786954593,1.0,0.4347134165550611
2,1,1,2,2,2.0634903488995624,0.07088268024516732,0.2534898816903727,0.0402760399792405,2.756023218567775,6.07450918579044,0.3968265075150308,77.62109861985937,15198902606.518599,0.0013858932165525134,0.3503405652182421,0.44251527263174617,0.2553009444387775,0.1773608821521394,31062.09986107383,0.032589286115665875,0.19007215106267095,0.03167001178670522,1.1788618545016658,1.4351219103720396,2.6640026399330514,0.44251527263174617
5,1,0,2,2,0.22946052596693226,0.008068240232187655,9.12752363363557,0.0639049948362747,8.26766273971878,3.565063868610181,0.7563361491833165,104.64389205254673,17488175076.14231,0.0009427866915401042,0.3100068030695948,0.4437321979196615,0.28342200052387806,0.1815299468033993,66635.94452383519,0.04016401519047856,0.24293365160039038,0.03833466194406378,0.4437321979196615,1.4855437512309424,1.0,0.4437321979196615
5,1,0,2,2,0.22946052596693226,0.008068240232187655,9.12752363363557,0.0639049948362747,8.26766273971878,3.565063868610181,0.7563361491833165,104.64389205254673,17488175076.14231,0.0009427866915401042,0.3100068030695948,0.4437321979196615,0.28342200052387806,0.1815299468033993,66635.94452383519,0.04016401519047856,0.24293365160039038,0.03833466194406378,58.177402604777065,1.4855437512309424,131.10926562807188,0.4437321979196615
3,2,1,0,2,0.9836782958291269,0.013725063769083803,2.3284404906305056,0.05954351804074445,1.2174808409118094,12.973717661282853,0.44584280718145647,112.55291932795112,15304685853.838776,0.0007176982051952383,0.37284157083794645,0.4559641002561581,0.24929707608436316,0.1604519654936325,741890.4106148555,0.031074516072106376,0.17956506250375637,0.0298165602251195,10.971644885814815,1.1833683971764333,24.062519131771573,0.4559641002561581
3,1,0,1,0,4.694487433837185,0.048393426884706776,8.302822736734873,0.0917830468529757,7.947939938679554,17.864157184134616,0.565813022598564,123.93381379607902,13448732326.369139,0.0005845113264405653,0.35781220013038884,0.4603603029561654,0.26093580428878294,0.17946733758242095,432766.04912167677,0.03404374697991701,0.20006450756862748,0.032798570424537175,0.4603603029561654,1.7544861219519978,1.0,0.4603603029561654
1,0,0,1,1,2.2130988022439335,0.09694609631082787,1.7132097284168566,0.012093110254621876,8.67628103853322,1.4449160806635748,0.6205799128785366,63.66600401807691,13598133675.150211,0.0011989745890518774,0.37065926840759067,0.46447706065945177,0.2555478334273999,0.1612469447586081,200389.8505655356,0.03265234758471906,0.18669917191239838,0.03131838823665825,47.037347800375045,1.6075388391260672,101.26947439254096,0.46447706065945177
1,0,1,3,2,0.19897393216781253,0.019068804718580717,0.49983448485120896,0.09708823060232082,2.989078018474091,2.130574692569113,0.5587670380383954,62.0797126651099,13242503603.969069,0.0013545858544263267,0.3374453284404607,0.4748339370010359,0.2827482357094675,0.19704389714835815,2232042.693141158,0.03997328239840829,0.24321316905227597,0.03819724900731551,0.4748339370010359,0.9957988145902341,1.0,0.4748339370010359
2,1,1,2,2,2.801096776365597,0.04113733778309475,4.723097211990353,0.0790899866620932,8.968699169733016,1.5255478640147344,0.14955198512229886,73.55549064702491,16847253278.703583,0.0006440817407428064,0.34518784169800515,0.4816936769167621,0.2818001906598773,0.18456004836079815,108415.4674604074,0.039705673727971603,0.23450809748149304,0.038024548715099915,4.81325472175838,1.7452569382226983,9.992356039562717,0.4816936769167621
3,1,0,3,2,1.8458517963950642,0.028758810907885117,5.4956117219693095,0.09965378925628587,3.2902137239677143,6.465091666526306,0.2517207402887801,129.58375978830063,17840112779.272797,0.0008018811052046888,0.38675738136247007,0.5038303854119197,0.2669108303052943,0.17366374263938802,321611.9479009353,0.035620695667130796,0.21551269374166349,0.03404759261173764,0.030833034182039695,1.5395843537828642,0.061197250254828,0.5038303854119197
1,0,0,0,0,0.5008560578540098,0.09407597868953327,2.221948095582931,0.04936795853132807,8.5420276747137,10.490959764403348,0.1510435970837708,103.19549747594036,11686673588.917572,0.0008045758463885894,0.4120444331664873,0.5056579267293574,0.25336418975066965,0.15073935954652531,67511.33822271894,0.032096706324006664,0.18630481988813252,0.03065334629472763,115.52041866730298,1.6444304322372074,228.45566649078324,0.5056579267293574
1,0,0,0,2,0.3408667774398203,0.03990470764657283,0.9394137738432666,0.015047736349284819,3.5485725114602276,3.685242146952869,0.558989657563897,83.68485404437861,14540938848.247995,0.001235708483233803,0.37717092658440915,0.506084383232178,0.27487738535523953,0.185798413105249,31312.31060369818,0.03777878848986643,0.21510223501597936,0.036320517600036635,0.506084383232178,1.7455059466398033,1.0,0.506084383232178
1,2,1,3,0,0.13006408386339843,0.0620271197855181,4.247036582429423,0.02442487994333689,9.775691442192347,5.010527134731221,0.6558675190746789,126.27096758578824,19306900505.33153,0.0005941712995154891,0.372412172466877,0.5071603637909213,0.27773551525474127,0.1887656515441231,304434.09666831157,0.038568508216908305,0.23528964953323916,0.03709504753229551,0.5071603637909213,2.214864254354262,1.0,0.5071603637909213
1,2,1,3,0,0.13006408386339843,0.0620271197855181,4.247036582429423,0.02442487994333689,9.775691442192347,5.010527134731221,0.6558675190746789,126.27096758578824,19306900505.33153,0.0005941712995154891,0.372412172466877,0.5071603637909213,0.27773551525474127,0.1887656515441231,304434.09666831157,0.038568508216908305,0.23528964953323916,0.03709504753229551,0.5071603637909213,2.214864254354262,1.0,0.5071603637909213
1,0,1,2,2,1.4039606936126112,0.06025791735838126,8.35010231019256,0.09864985553730168,5.896121277301396,1.5033591895679774,0.060491422470280165,73.05784879666646,14495463265.661098,0.0005432340129071622,0.3484142284432532,0.5080233490784403,0.29476669872596634,0.1864062802325003,164302.00617443994,0.0434437033389023,0.26177399276730984,0.04139512497455263,0.5080233490784403,1.6656226272072632,1.0,0.5080233490784403
1,0,0,1,1,0.2613696176903398,0.03235469518789683,5.577743617994603,0.029418139162110016,1.9284053398090388,10.969867421738892,0.3458421491519374,117.19556814293055,12292997876.365417,0.0007427642214465625,0.37934710483559225,0.5084998967367156,0.2742908127464878,0.1787261073558023,53508.26962372398,0.03761772497856442,0.22417988983001136,0.03606868043321887,140.10103134200148,1.9740349226481053,275.51830834400573,0.5084998967367156
1,0,1,1,1,1.9673028099336067,0.07170851132219717,7.291305210561502,0.017579578709916954,5.137300439228216,3.981100151477213,0.05612834703266929,81.59645438203705,13142004949.780716,0.0007665905929248167,0.3832234940353419,0.5152536061797284,0.27552511235910987,0.17973547666326364,17596.47102291298,0.037957043770250054,0.2263138565144025,0.03638936818361273,237.20064546884447,3.332990070537106,460.3570797447369,0.5152536061797284
1,0,0,0,2,0.34215054430752184,0.04015740096461338,0.9891497259034248,0.015451700205703045,3.4809809099337143,3.6459513329805047,0.5534421685157564,83.39179599663818,14512869014.79998,0.0012307934531092344,0.3829904051960706,0.5190247440145226,0.27832341238358943,0.18763871648647545,31727.86392872033,0.0387319609404228,0.2198133154281886,0.037179349153288486,0.5190247440145226,1.7709796429854152,1.0,0.5190247440145226
1,1,1,0,1,1.8918037486818335,0.07325198758584361,6.515837226005109,0.07170716946814684,0.6683051579299188,1.6424756595757914,0.8334838715031031,61.97103370815956,9932030319.498682,0.0012883584445962247,0.41615611437254313,0.5217385640057909,0.2591741651678731,0.1646401474665046,67666.461143586,0.03358562394523199,0.19837459713641015,0.032080358837348305,0.5217385640057909,2.22788148215185,1.0,0.5217385640057909
1,0,1,2,2,1.9711083929460174,0.046391655944101474,7.629954899749807,0.08944136672615106,5.1268933160508805,1.5127809972685782,0.8328220860534411,74.73833226099143,18974616636.74007,0.0006093907067737533,0.37659635089345034,0.5313577648497266,0.2886404292734001,0.1865464438898974,181047.93588149775,0.041656648705566346,0.2493648773481827,0.03975298853891305,8.740288211678903,1.58689966612847,16.44897052393832,0.5313577648497266
1,1,0,1,1,1.6240339055815858,0.09393556931350402,2.793122576086262,0.018374261272642696,8.09899032010251,7.9896899384679925,0.21087228041518924,61.75188503397128,9758210283.36488,0.0005316558291980909,0.41443664307695516,0.5332995814022787,0.2666234430128368,0.16616495167217102,28100.343198414565,0.035544030182009724,0.20075666962093364,0.03400746825370115,81.61085723258573,1.680548876226982,153.0300417975108,0.5332995814022787
1,2,1,0,1,1.839035690539589,0.0448594114600336,8.526615902582694,0.005229032501903894,7.0482705150923755,3.6141182343519116,0.4698005183355133,114.35851744221651,17436157687.152267,0.0005611494688381932,0.42910719940019054,0.5409406152759108,0.2615723899635762,0.1617458548884162,19809.836543756057,0.03421005759562859,0.2017764838940489,0.032665567867164444,77.92017754003435,3.0472162889802967,144.04571470435914,0.5409406152759108
1,1,0,1,1,1.5821320654942963,0.09378812006890674,3.012472719734628,0.023150298188821465,7.845656843818908,8.160408821915793,0.20337085890105583,60.831839962757506,9651954282.230654,0.0005488502547976394,0.4181017315506068,0.5414806111136546,0.2686849380151986,0.16797934686842156,27041.366669608782,0.036095797958115565,0.20377907459352385,0.03451749126945253,0.5414806111136546,1.7345180342412285,1.0,0.5414806111136546
3,1,0,3,2,2.1214349928041445,0.017071857220952585,1.033545898842199,0.09790320000422846,1.5667088388978478,2.2519756780342735,0.5692927668681315,93.75651899817963,17996752838.564865,0.0010000186133145813,0.4013510250584198,0.5424394742186509,0.2783553677178053,0.17677164552656277,562409.1755114405,0.03874085536865729,0.23764412129839285,0.03687558071510107,0.5424394742186509,1.403511075290025,1.0,0.5424394742186509
4,1,0,2,0,0.8135235315183488,0.08929987480628278,9.988769417566218,0.005738149222818947,7.364736755000082,3.589792188468763,0.6564405699090075,70.13924712857153,12019113471.512245,0.0005297551929632933,0.3365835098929032,0.5442471163758568,0.32995708130266416,0.239034161755333,21096.672126510028,0.054435837750886465,0.23273446882717175,0.05203651995516105,37.58423562440187,3.748509204087329,69.05729859383622,0.5442471163758568
1,0,0,0,2,0.3316620129501566,0.039317944741352695,1.0386287660043356,0.014789412524310812,3.5483753589862856,3.758772229421425,0.5590551313640693,83.8387381259105,14598878859.856619,0.0012271792081474762,0.3865239519225005,0.5471775079241944,0.29159057785268355,0.19781168481777933,26716.965687132757,0.04251253254623096,0.23725945754134725,0.04065520922221191,0.5471775079241944,1.796218579490471,1.0,0.5471775079241944
1,2,1,3,0,1.5292722528759364,0.07416391249171067,5.032656974925476,0.013349742712550818,3.4362501067239224,5.764345685453421,0.31510695195481336,129.6237290623573,18163087449.404137,0.0006563825556180205,0.4068365671471651,0.548583761511233,0.27829479890399333,0.1853637679653591,211636.14658730212,0.03872399754850704,0.23526864315820872,0.037160323610417385,0.548583761511233,3.413628516963787,1.0,0.548583761511233
3,2,0,3,2,1.3274757771074739,0.07527879662827852,3.209696963924508,0.09414790147966562,8.612288337715187,14.348578220077128,0.475795021524108,129.7767304891874,11319997594.97794,0.0011552878127749644,0.4171134442121126,0.5501891191004884,0.27285264122048813,0.19506110655832457,10734.361671048422,0.03722428191049821,0.22697799939090435,0.035939702819889736,11.215185937374777,1.9525869654856822,20.38423797931634,0.5501891191004884
1,2,1,0,2,0.5180969142312917,0.009366773521055988,8.731189345920956,0.059545766822633704,2.073725626401829,5.635075650826178,0.4961280256661116,63.258242298176,9085453189.32877,0.0005361106429975824,0.40386232881665596,0.5509092915456187,0.28163217168412974,0.17797574303850008,1015544.9463414219,0.03965834006375957,0.23559568086920424,0.03765815725789984,74.37396711619854,0.7420628161304736,135.0022013742709,0.5509092915456187
1,1,1,2,0,2.641765105635383,0.0593780502730329,8.924723515723256,0.07601263450074909,1.6373211342594982,1.9377399537205113,0.7096763725925742,116.05831054920628,10437504977.58452,0.0006367396467777231,0.4248009829750092,0.5532157183820814,0.27022567821475396,0.1680483063818431,40086.616743218096,0.03651095858331188,0.21557068070625784,0.03484580703447349,31.903943441035963,1.8800824003422318,57.66998727791269,0.5532157183820814
1,0,0,0,2,0.4009541038279758,0.039040080614320086,0.865550070366506,0.015363708552476114,3.336257928367051,3.6506992080924916,0.5453396381304157,83.88890827599172,14671036457.147436,0.0012420963605776648,0.4000864111710797,0.554825604024222,0.28676982884725893,0.19076463492452223,33035.12069220984,0.04111846736854309,0.23100537437966828,0.03932771037040289,60.505615377074704,1.7111467686313355,109.05339432466641,0.554825604024222
1,0,0,0,2,1.166720616782484,0.06837747859430683,2.169841661021531,0.07535550276333172,9.46311301983902,4.53676838519861,0.46651225094440263,78.40809656105772,10303370723.380716,0.0011287321770376642,0.4401826284194555,0.5577698584175437,0.26355491777878504,0.152854803021143,16919.23916203919,0.034730597342691065,0.20744283861132984,0.03308697605708332,60.29048451845875,1.5909557128107044,108.09204478978066,0.5577698584175437
1,2,1,1,2,0.46090709966155463,0.07934143296548703,7.17546440176405,0.049794074922536784,7.588122522580655,17.56795056810498,0.7816635145461748,119.86476056571496,11802976960.548328,0.0008555676713131607,0.44048558574240226,0.5593565279018674,0.2640877273557868,0.1679472960357363,13215.104619753118,0.03487116386997218,0.20972584861659038,0.03329862440707849,88.1095128691714,2.492176674623866,157.51941467397907,0.5593565279018674
1,1,0,3,1,0.24460218590538535,0.05636353178807447,1.8830604425444468,0.07230002912760579,9.625337750868601,19.70781068307858,0.27584208876913685,120.57357596926676,10313582793.015696,0.0009668025094041396,0.4069176470106335,0.5635123289955296,0.28590805146669723,0.1950830992741542,1722.0560338468745,0.04087170694674179,0.24999740288252448,0.039048418518630966,0.5635123289955296,1.4032029382633802,1.0,0.5635123289955296
1,1,0,1,1,1.5414874179519444,0.0933070887599789,3.1063665107194014,0.02390506244073081,8.071741665853919,8.308911755522951,0.20632343693832225,60.103588369518064,9819262689.515081,0.0005593942701518006,0.43441067862213834,0.57416771049952,0.2754982782695445,0.17244229225454089,25450.720125726693,0.03794965066474169,0.21613972465828524,0.03622686485193972,0.57416771049952,1.739967080828519,1.0,0.57416771049952
1,1,1,3,0,2.5966247890413885,0.06003907490407186,9.052764012704424,0.07426648813807314,1.7895550140606908,1.8361111964800534,0.7128135652575632,114.6785358419778,10472615060.484585,0.0006064645399805008,0.4277414639305892,0.5745741608278375,0.2788871251163031,0.1657590894068345,364909.62512648985,0.03888901427781824,0.23599710540580665,0.0369165484375653,0.5745741608278375,1.9311621537144683,1.0,0.5745741608278375
1,2,1,3,0,0.13531264653619077,0.060037770100013876,5.55639762900621,0.047556354322726896,9.631880684593344,4.904768546541686,0.66054390633087,117.9558748790543,17500766469.946384,0.0005723749161133546,0.4069829862122043,0.578149915177105,0.29315774913407855,0.20279459687075463,494892.36300610594,0.04297073293867967,0.26823157957625254,0.041038662978829916,0.578149915177105,2.2928997259527,1.0,0.578149915177105
1,0,1,2,2,0.8891823654714289,0.03850563612409345,6.238977653549474,0.07644731408453423,9.639244325953946,2.2104615075840357,0.08782020480211548,93.04309779743302,13175013382.107264,0.0006745621611359071,0.4166242096788697,0.5792785406992562,0.28826179218899983,0.18617851598999713,82672.05031215349,0.04154743041800707,0.24775995770535264,0.039637667297915534,0.5792785406992562,1.4114263133361176,1.0,0.5792785406992562
1,2,0,1,1,3.0498218114479205,0.06598296413624165,9.306419684102567,0.05526958950699899,8.46335702088108,1.6680094053323555,0.05240505375735297,93.82644282571005,9347430900.650724,0.001408397053683523,0.4185249690578404,0.5795939054062187,0.28734276589700375,0.1887065669287825,79793.70966245729,0.04128293255667015,0.24423678145420946,0.03937406176783848,0.5795939054062187,2.4690198033290187,1.0,0.5795939054062187
1,2,0,3,0,3.7151409432982128,0.021938998740906695,7.223064867525547,0.08101875312118682,0.8773440314799115,2.4043421366713855,0.39138199514301764,129.2438830091165,13003323897.192509,0.0014435777879970915,0.4148414121045868,0.5847952548219827,0.29186581448110055,0.20450152006892286,546214.2631506972,0.0425928268313581,0.2602196408616436,0.04076301890161413,76.59999601343641,1.2630165254984551,130.98600814870528,0.5847952548219827
1,1,0,0,0,3.100150496148409,0.03692504042259793,1.8283634389532497,0.08688816382749179,2.7695629058573155,19.417492589475668,0.4661245969792732,87.87397060178182,12203594462.047613,0.0007296856196057947,0.4240680328482582,0.592485867741004,0.29023248513607997,0.17993266066658578,853482.45335194,0.042117447714132436,0.2526194582561878,0.04003310884466058,14.480262427964437,1.1577731224923489,24.43984441886175,0.592485867741004
1,1,0,3,2,1.8678235008140462,0.09926126560456688,2.529209175200524,0.0165334119018636,9.260055522922402,1.6119159601284991,0.3967177128789332,79.02425395441819,13502891589.199896,0.0006984815436021105,0.4014216133182867,0.5955008264259475,0.30559274703202255,0.2083123683769641,667825.8669886754,0.04669346351928886,0.29493305319077656,0.04462020820685926,80.67062308114413,1.709251491965927,135.4668532792973,0.5955008264259475
1,1,0,3,2,1.8678235008140462,0.09926126560456688,2.529209175200524,0.0165334119018636,9.260055522922402,1.6119159601284991,0.3967177128789332,79.02425395441819,13502891589.199896,0.0006984815436021105,0.4014216133182867,0.5955008264259475,0.30559274703202255,0.2083123683769641,667825.8669886754,0.04669346351928886,0.29493305319077656,0.04462020820685926,80.67062308114413,1.709251491965927,135.4668532792973,0.5955008264259475
1,1,0,0,1,3.1265130725068753,0.037477126634356706,1.7793346762352802,0.08699528000365551,2.789731918747651,19.379239804820955,0.47658021003904083,87.34568006458875,12306780833.432377,0.0007297422795238182,0.4279196992044555,0.5976236590944357,0.290424830602148,0.17877066354840707,810652.6352615198,0.04217329111514318,0.2528606699178856,0.04007175340239606,0.5976236590944357,1.187038112023316,1.0,0.5976236590944357
1,0,0,0,2,0.490454984748406,0.06998043747331936,1.2685344933484275,0.06017539877566868,3.9756169352876185,7.962470967004151,0.28160600658269486,83.84160021517938,12426311662.92506,0.001181395475369203,0.41694578613429245,0.6053240070922316,0.30174349415076873,0.2062518542660194,13211.218240259783,0.04552456813115751,0.26270155545248075,0.043467198113073174,0.6053240070922316,1.7234426134317358,1.0,0.6053240070922316
5,0,0,2,2,0.17071910673527974,0.035890359982630286,3.8176586302837716,0.001726290914109716,9.361915657519276,1.591263576932132,0.34313034834476736,87.16278118659332,11986125444.776638,0.0008911589680951724,0.3536970627490319,0.6342697124248264,0.3691299557181016,0.26763885088454104,136948.2903450926,0.06812846210422381,0.2929786587255474,0.06324972624576032,0.6342697124248264,2.8146725570972846,1.0,0.6342697124248264
5,0,0,1,0,2.075340178504441,0.06091252014698977,2.4914953447670665,0.0065718530405576014,5.111072773855887,11.173176706359694,0.6448167947831075,63.461709368878964,9549387272.141174,0.0006767887957738184,0.40155931883843093,0.6444987750851109,0.33134945202906624,0.2621221431564034,1319644.869906143,0.05489622967998124,0.335554424645619,0.052317216370108104,329.1625273784208,2.4981396710221215,510.72638165208684,0.6444987750851109
2,1,0,3,1,0.16279672897819358,0.009338345521393858,3.711958715793694,0.04102944789591671,5.264718560386729,5.9640745096906524,0.05628828737016906,80.64493376191253,18320843936.2827,0.0009900680028417754,0.4825839626596651,0.6691284292025291,0.2915973217678843,0.17980055942018272,82772.24239654245,0.04251449903110152,0.2605109623020222,0.04029609519980243,0.6691284292025291,1.0524266012998185,1.0,0.6691284292025291
1,1,1,2,2,1.1943590922954943,0.02732963587391257,5.811793673256743,0.014861609390070862,5.730757925976656,7.677993530981212,0.47601246679218384,117.41445735393557,19526979990.035187,0.0006922133779585491,0.5001227275821146,0.6757071805126764,0.2849628422244315,0.16798704973726958,3248.8693541237117,0.04060191072431313,0.2446486738535798,0.03847646132853273,7.3969330719810396,2.755497422816036,10.946950521332031,0.6757071805126764
5,1,0,2,0,0.7783461436868621,0.08808285285168106,9.928174572758033,0.0035969887293793644,7.228861652093642,3.444857101435062,0.6220592599776303,70.07705718097928,12020961483.59454,0.0005080426070762065,0.39935684918057457,0.7729107743040378,0.4101356678992692,0.3050094711253949,60287.04288389166,0.08410563304158981,0.2832936753227763,0.07875970825021958,82.05688290247244,3.95825297622212,106.16604869606068,0.7729107743040378
1,1,0,3,0,0.9564313858821664,0.023967101597796973,6.748896775592032,0.043633861323964136,1.8563626380531735,3.697631925348354,0.151567804640444,80.77638978911466,10159148256.33579,0.0014085909507491638,0.5264638292872451,0.785007956283921,0.3158284263623014,0.21498481142743137,150862.96146711885,0.04987379744924381,0.3199684387783982,0.047405903954868864,285.70958134232205,1.3729006824649905,363.9575612644961,0.785007956283921
5,1,0,1,2,0.288335814068103,0.06725949925438061,2.72648781936574,0.009236467987991333,2.157702933586775,5.02728541087737,0.3604259852202493,83.16052301911347,13155626036.104048,0.0006463090084505145,0.4841230607698301,0.9618695436121868,0.42839522431947197,0.30165470827421337,212059.70452831197,0.09176123410986536,0.37484638386063507,0.08464897447540913,0.9618695436121868,3.8613865222118933,1.0,0.9618695436121868
0,0,1,1,2,0.10719410899441556,0.013653764797227373,8.08923438721347,0.09176877083167918,3.201956617334764,3.9177750810366727,0.7502901327035564,100.5887398278897,19720854214.942146,0.0006357597778802215,0.5191896453679664,1.0442364599798373,0.4216439991091481,0.30673359130592165,2947185.1587246144,0.08889183099237764,0.6562535056551189,0.08253820393396923,1145.7915321437813,0.7568468671012516,1097.2529461056215,1.0442364599798373
0,1,1,2,2,0.5423624446646839,0.014079205921181195,2.912663407597507,0.04599237332735926,0.844265753152212,1.1416123901671964,0.5986832420782391,93.39384555469897,16434540388.567575,0.0013007607317050483,0.5531003786992046,1.0807634209125616,0.41333356406160365,0.2956837639266447,1512093.6886709272,0.0854223175899339,0.6089055833944952,0.07962993649198231,49.9369786138552,0.941864202726009,46.20528197715096,1.0807634209125616
5,2,1,2,1,0.12283813554068185,0.09954877396657612,4.050590696655368,0.0022450066437959704,1.0570102941981083,6.332740581248001,0.7836918688321668,81.79552355697834,12193154576.266977,0.0011159119945637372,0.5000446278542584,1.1260870642649203,0.48856631315938975,0.34931404543211947,469627.7428618147,0.11934852117707945,0.4583404640261406,0.10782426075932544,1.1260870642649203,2.7147291203707207,1.0,1.1260870642649203
0,2,0,0,2,1.1296631084209021,0.04840660861301135,5.229543609504006,0.061985213648549975,6.409898192699469,19.439926739345204,0.7446360329269924,67.45484296850316,19703950067.947998,0.0006893548995931469,0.6004238116434162,1.1620248148525245,0.41108616688969646,0.28698194554787887,772227.6750221517,0.08449591830403168,0.6217704200636174,0.07876942992888819,25.48171472838104,1.4689481458647158,21.928718218995165,1.1620248148525245
0,0,1,3,2,0.751056215049552,0.007534952828084266,5.491445473970126,0.03019557701013533,6.841272977859707,18.199702968924225,0.08802255564791141,84.4837116900008,19235027522.02529,0.0010239894389306166,0.622299935987136,1.2123090346214183,0.4154692226090077,0.2995622377335413,400946.4799271873,0.0863073374676666,0.6204216327685734,0.08068998950835508,1.2123090346214183,0.7194289616340609,1.0,1.2123090346214183
0,2,1,1,1,0.10041981840146351,0.021015040249486364,2.042591032405789,0.08658404630241766,7.723433068576148,1.9577221652962509,0.07823498427592304,106.18969175601318,10388545781.790264,0.0013299125376879319,0.6179930832763586,1.2315640006378503,0.4239886575644401,0.30563399680471204,1394842.9218771786,0.08988319087164803,0.6607501461566305,0.08340490328237977,1.2315640006378503,0.8564612380920289,1.0,1.2315640006378503
0,1,0,2,0,0.37192288464999185,0.07668333376033422,9.4267244177665,0.08694456029927919,3.53119334323572,13.76891391710598,0.5907612224145815,118.91123398539219,12806791152.943014,0.0007010961116430659,0.682999570043195,1.2444066397219375,0.39090429230068596,0.2713988819932479,33901.191484296374,0.07640308286955007,0.5416312939671861,0.07164165806365486,1.2444066397219375,1.611143281335135,1.0,1.2444066397219375
0,0,1,0,1,1.3137036942673366,0.007232710583122983,5.158130136727772,0.09098906201315732,3.6367289076874663,9.553746890715859,0.13540159913024966,84.23648582557014,14003731477.124548,0.0012500345826060941,0.6339339007417767,1.282212634885482,0.4301058120924011,0.311480226968611,999544.0396048434,0.09249550479783193,0.6969769183267602,0.08582295024095446,799.0340427540978,0.7812875654254406,623.1681243926142,1.282212634885482
0,2,0,0,2,0.5817080821740471,0.0851113413035207,4.636624550759293,0.06698809137430468,6.102904664199724,11.76273777231382,0.6221204749897503,65.42789762327122,17158615562.933102,0.0006512097379470975,0.6913431392176224,1.2893764060194173,0.39975803056751646,0.28063051467785444,8863.20752007768,0.07990324150160971,0.5796263379463791,0.0748114677390491,6.844032733196772,2.1332513261364467,5.308017659735047,1.2893764060194173
0,0,1,0,1,1.2358490097241386,0.007293230316226697,5.245703979223757,0.09622067751915014,3.823991471121514,9.563944160731973,0.12937462121442103,84.1251807222009,13946674721.818558,0.0012551077840405643,0.6388337404419417,1.2956080617389614,0.43134152514515445,0.3124661405095883,992995.0219749133,0.09302775565727395,0.7032595863987503,0.08627934098409508,1.2956080617389614,0.7791982621777659,1.0,1.2956080617389614
0,1,0,2,0,1.203471111632685,0.0803956117021857,2.6597494379409365,0.03596828310422146,2.573962662475753,15.373633418514439,0.15708795074534027,72.58005767187812,17013386540.209496,0.0010264871034136988,0.690226847233224,1.3076240723313846,0.4064008497995739,0.2855911230880976,8584.279386194889,0.08258082535890793,0.5921038172958449,0.0772734421024657,13.761318598553489,2.431856705072382,10.523910418701766,1.3076240723313846
0,1,1,2,0,1.955303456828284,0.08401734753634259,5.936106122630073,0.030715406846863157,8.812591459732788,10.401589949855376,0.8197564138974903,86.58475674335938,12094228448.539896,0.0005922756674769307,0.6950026341530448,1.3188804417865945,0.4062364788714623,0.2770355098741328,69133.17569057348,0.08251403838294201,0.6112812484261596,0.07695126055037377,1.3188804417865945,1.9674426402655925,1.0,1.3188804417865945
0,1,1,2,0,0.7758085112667527,0.0826329191187227,4.628027987093066,0.027340536417440175,6.400674398975986,5.934312797103153,0.5353904046383696,86.02957220902893,14479788960.289003,0.0006553999540669527,0.7012683272770619,1.3310248659932455,0.40701261272718103,0.2800190986544731,14563.143617573727,0.08282963345950312,0.6024250437005008,0.07733543515165267,1.3310248659932455,2.186201019862185,1.0,1.3310248659932455
0,2,0,0,2,0.5342107090084697,0.08495649828451844,4.497572785329815,0.068003273266665,6.174193158094109,12.168346954874545,0.6144617875980002,64.76985229078592,17099415679.798943,0.0006275628239890902,0.7008239051590118,1.372551481004739,0.4194755478257,0.2866334790150924,95982.87891598133,0.08797986761183556,0.6497329767166333,0.08173260432894591,189.47272150377466,2.0929298498928803,138.04416382624592,1.372551481004739
0,2,0,2,0,1.0760650123079585,0.040784408190388304,2.4052836409677236,0.05829953559767603,5.375192706773349,1.5347127110443326,0.7341756334701924,127.810871856596,10156380458.943115,0.0007090734194499652,0.7103815174956447,1.3785578843016735,0.4155170812559494,0.2823195479973741,68414.91557517384,0.08632722240773162,0.6451112273248012,0.0801722635349682,6.1087863570529874,1.4518345809813038,4.431287526346761,1.3785578843016735
0,0,1,3,0,0.13991154440209672,0.07242601387768285,8.841650716489022,0.01087237049623226,6.9025172150133605,6.1313244745959485,0.5551708086121093,125.62038427071784,12149766535.016941,0.0006594748742625075,0.6943449643632776,1.406367598052524,0.4335259662637996,0.30734110781766516,370513.5178885482,0.09397238171248055,0.6941143219164603,0.0871469044694549,1.406367598052524,3.1483629579841055,1.0,1.406367598052524
0,1,0,2,0,1.8428348888141928,0.06710845240183026,1.872086845929159,0.03443809519374624,3.368093132640841,13.296461050555148,0.15209091019856064,67.81378116342036,18334488653.938087,0.0014273372299307139,0.7081513608254266,1.4201582691807637,0.4285636030927333,0.2984895279835065,267152.3297188641,0.09183338094791291,0.7008961587934375,0.08508032454569252,1.4201582691807637,1.7800438802295686,1.0,1.4201582691807637
0,0,1,0,1,1.5267601627550713,0.03553220385499846,6.944821426273943,0.09590741188121218,0.4114053261941961,10.612352586120009,0.37220433274611014,81.12328235922878,11409899044.747747,0.0012518446841503143,0.7100157013809822,1.4251424332673246,0.42988087934782176,0.2999658010066311,195838.82084818993,0.09239878521442824,0.6866155536395034,0.08567204612754409,577.8663211635622,1.0927478794960066,405.47969639689165,1.4251424332673246
0,2,1,1,1,4.8716255080173685,0.0692766074998474,5.6350292304971035,0.03847389825560188,4.671663434904046,4.420457911358305,0.021211479035499796,61.838475342321175,12638674095.378149,0.0007088255805771623,0.728519063084422,1.4297248094299264,0.4207864514164446,0.2879256203300739,15866.802794593055,0.08853061884782194,0.6577756556233408,0.08230038637164319,1.4297248094299264,2.789726150759122,1.0,1.4297248094299264
0,2,1,1,1,4.8716255080173685,0.0692766074998474,5.6350292304971035,0.03847389825560188,4.671663434904046,4.420457911358305,0.021211479035499796,61.838475342321175,12638674095.378149,0.0007088255805771623,0.728519063084422,1.4297248094299264,0.4207864514164446,0.2879256203300739,15866.802794593055,0.08853061884782194,0.6577756556233408,0.08230038637164319,1.4297248094299264,2.789726150759122,1.0,1.4297248094299264
0,0,1,3,0,0.6777116898100353,0.06669593983394895,9.201149218273493,0.003043499248361863,5.01429009341692,5.262392345931576,0.48065109551817425,115.47932831240097,11849079727.145382,0.0005615559117523904,0.722433182062715,1.4478196056101937,0.42931521326692423,0.30073820833537873,186565.33954216132,0.09215577617121232,0.6891024622817652,0.08546714348087016,1.4478196056101937,3.7898437559778886,1.0,1.4478196056101937
0,2,0,3,2,4.82967928769214,0.023875617909243883,0.6060360874928735,0.06109236269866249,1.5951964934168517,3.2691288352463537,0.2258318390906365,84.30570233131752,16609392688.007626,0.0009823413875300758,0.7010994422487542,1.4675643892003332,0.44798030523035537,0.31948510057740476,419265.78011725616,0.10034317693714119,0.7425814377222479,0.0925349738652727,1.4675643892003332,1.250640316742784,1.0,1.4675643892003332
0,0,1,1,1,0.5220962612383648,0.08602412866955142,2.258006705201397,0.022521294764307028,3.0718919895292736,12.155057775406778,0.5348052648138949,67.17132275638812,14205464549.929913,0.001061795287231395,0.7366020592261135,1.4795162144209255,0.43014697040738975,0.30304264575603757,95250.31409476351,0.09251320807532792,0.7007994124123166,0.08581389920941995,1.4795162144209255,2.1265455547368837,1.0,1.4795162144209255
0,0,1,1,1,0.5534128390894596,0.08568840681870693,2.2793653220318615,0.022502854566661953,3.0998645913276164,12.129907891548436,0.5303625539153705,67.71365264322074,14210362124.60957,0.0010750967221456419,0.7427239905382406,1.4924369427964959,0.4305575306880816,0.3026585941384736,61752.3684671063,0.09268989361610917,0.6999464490127609,0.08595677005368393,1.4924369427964959,2.1234621538538705,1.0,1.4924369427964959
0,2,1,3,0,0.623343520072774,0.015000806988464052,0.9707862198794635,0.0248666726412052,4.533589741222907,3.480241777202393,0.02608190411795338,80.67322905418501,13395557474.809826,0.0006097066638051147,0.7458681359002903,1.5311075151782954,0.439582213799292,0.3070315710202964,247822.4858700212,0.09661626134434324,0.7351274400053385,0.08922244053488063,38.41433246817056,1.1684018750535736,25.089245586843887,1.5311075151782954
0,1,0,0,0,0.2441089191089664,0.09043629572827165,7.657501259670036,0.08118580950123337,9.577550317979245,1.514639598508054,0.19081929345798776,98.25192937799045,15609357672.70028,0.0010636570970793148,0.7549804828589696,1.5388129290237684,0.43701608934631847,0.3018396401062759,95644.67287869596,0.0954915311737747,0.7193659080692978,0.08818366446717706,1.5388129290237684,2.128565293950163,1.0,1.5388129290237684
0,0,1,1,0,0.5657522679688749,0.08550906590087944,2.181543602758344,0.020010427899480335,3.337226907579821,11.872353780890567,0.5351610743989392,67.37049412378788,14176462001.762127,0.0010839023031761301,0.7624528863304524,1.5518152127910054,0.4360012417206041,0.30298388409359445,76563.00043063797,0.09504854139095434,0.7269991130029587,0.08787754165049234,343.14957280605813,1.9936199583261156,221.12785722011907,1.5518152127910054
0,2,1,3,0,0.3537011939625698,0.04126250368957388,1.9068252446537677,0.09123515625675134,6.97459256289714,8.560936041609697,0.3514058743899636,109.30677293490905,14600945095.920391,0.0007824166932390386,0.758221924154595,1.5597063772215318,0.4401316636588834,0.30867019193878525,84729.34978733608,0.09685794067756823,0.7495295162792261,0.08942067613000917,1.5597063772215318,1.1110763465388172,1.0,1.5597063772215318
0,0,1,0,1,0.687955449067411,0.03881513879350414,3.6958807419628776,0.07656169846996211,0.949610021054371,9.810426245082017,0.05881749003213942,91.798828338297,12329193254.346735,0.0013994674412378064,0.7582831978319285,1.562426337452145,0.4412164951054988,0.31127588547065416,96867.16337845453,0.09733599777659033,0.7457446860237517,0.08989692054144015,1.562426337452145,1.2271043010860199,1.0,1.562426337452145
0,0,1,3,0,0.18088347011292347,0.0695480566058102,8.787303496478758,0.011981321351643865,6.7878817561173115,6.510627060385457,0.5163858768769535,127.3616328193849,12292352659.671335,0.0006641229362089213,0.7623647939835467,1.5659968407413893,0.44038131206599185,0.3094688413800618,117318.78356658545,0.09696785000848225,0.7338509397701788,0.08963241100896505,97.50378198079143,3.1333147299275286,62.263077066381726,1.5659968407413893
0,0,1,3,0,0.22552665668186836,0.06889945213822422,8.792927624806769,0.013750490466093675,6.912920499854851,6.526072764331808,0.5338993177625926,125.30536730658979,12449491401.077679,0.0006426685165153521,0.7671762443881857,1.5762782233844477,0.4401571851410833,0.30872724730973367,108708.63069022128,0.09686917381566096,0.7418514166843262,0.08949520762894699,1.5762782233844477,3.0726461037355493,1.0,1.5762782233844477
0,1,0,3,1,4.233473982476812,0.03374469722574735,3.6844051336037915,0.0021365807171586683,0.5952189421356804,11.647599384232885,0.7179158306629259,95.04500567711933,10316712789.327045,0.0009652007234670759,0.752633930597302,1.5881256734428375,0.4523618100262573,0.32663688061524815,3256.712828090772,0.10231560358511586,0.7679566618603084,0.09443862131057142,8.696284448537332,1.0775367783057799,5.475816299654036,1.5881256734428375
0,0,1,2,2,0.7372134011052527,0.02445542452154344,5.4143188730626,0.05012284376750039,1.5540915533489528,6.888068855926687,0.34526265230743225,65.42678591280051,14402561468.993263,0.0013349486801108356,0.7711970833466731,1.5925913850961875,0.44238657940441095,0.3109315506993078,272222.70839096396,0.0978529428185676,0.7506255808170862,0.09030642083138712,1.5925913850961875,1.1801564731317724,1.0,1.5925913850961875
0,0,1,2,2,0.7372134011052527,0.02445542452154344,5.4143188730626,0.05012284376750039,1.5540915533489528,6.888068855926687,0.34526265230743225,65.42678591280051,14402561468.993263,0.0013349486801108356,0.7711970833466731,1.5925913850961875,0.44238657940441095,0.3109315506993078,272222.70839096396,0.0978529428185676,0.7506255808170862,0.09030642083138712,1.5925913850961875,1.1801564731317724,1.0,1.5925913850961875
0,0,1,3,2,0.41207910615797616,0.07973003255394434,0.9350662385787458,0.08036914719239285,4.157048585847906,12.472345463850187,0.6109118278046041,116.26194552989273,12751289132.77238,0.0014431391577392253,0.7505796484771204,1.5949281692824337,0.4555702292591188,0.321829722167973,10617.336623413064,0.10377211689360301,0.7764911969292623,0.09543004736259328,128.42357966119994,1.425091162129422,80.51997709650985,1.5949281692824337
0,1,0,0,2,0.8253075606465782,0.03063450115469279,6.706614075715492,0.048182795485164846,1.88526330603632,1.4759551484996172,0.48442430634570055,126.40855474540326,11692352257.462189,0.001435701355594864,0.7694590605748299,1.5954453241000588,0.44433630417613096,0.3124684644809726,145805.97509141572,0.0987173756044516,0.7530370850505397,0.09111541055338972,1.5954453241000588,1.4014309329446584,1.0,1.5954453241000588
0,0,0,1,0,0.40875831375690264,0.06403182101020491,5.496149699031141,0.010250199131126464,7.507128488442655,6.154140005154773,0.813992360161219,116.40019174466981,10510247329.903486,0.0008365976482460039,0.7863396896728981,1.603038214775613,0.4374421975009429,0.30229926229777143,10280.732430933467,0.09567783807722695,0.7244891012102449,0.08842341116276164,1.603038214775613,2.228920527374773,1.0,1.603038214775613
0,1,0,3,2,0.10333925764347622,0.08817530029126726,6.453775112145777,0.061192092283491435,1.9074641767297174,5.420314847681157,0.37045845310874875,66.99043917768071,16876001652.914017,0.001436115294661601,0.7701479880059274,1.6275603253843385,0.4544744882397623,0.3292084959799421,31229.34981386145,0.10327353023039691,0.752716334421168,0.09551906252718904,1.6275603253843385,2.5677057281125046,1.0,1.6275603253843385
0,2,0,0,0,0.7993074344236265,0.08413510034758043,2.0079589205040875,0.05257683866945375,3.1153910145072135,2.4358714006182463,0.580831191203207,83.08153898262366,16293249303.942429,0.0011506126307393037,0.7934321439726054,1.6393378453570198,0.44291272530206605,0.30936649886674344,37991.45585383827,0.0980858411172517,0.7533493042616577,0.09050304674307019,234.12167765007405,2.0808346163389246,142.81478239104908,1.6393378453570198
0,2,0,0,0,4.022702329669416,0.07059071520605019,1.766379858542072,0.044740152751285504,1.9555258926951118,1.9196645605738656,0.09460009140846803,127.62872753701207,14370970684.861456,0.00134775952726756,0.7917290982247597,1.6478575498627808,0.44612427429697216,0.312336004046815,57683.52612108811,0.09951343405850004,0.7643205825659498,0.0917347239245677,174.22065058745775,2.303666756017299,105.72555291685579,1.6478575498627808
0,0,1,0,0,0.5021338478954915,0.09583485690011263,7.156146700272894,0.06455032108115027,9.98740791727174,6.06826168707341,0.7370797734132648,103.49334349438003,15262317360.184872,0.0012552168605303473,0.8182471562947786,1.7126856245871802,0.4483165858338799,0.3140710362545902,12773.81361375617,0.1004938805668733,0.7857192504989454,0.09259196961429497,505.85151963942485,2.234221838107169,295.35573392890103,1.7126856245871802
0,2,0,0,0,1.7008283476447863,0.07963259502475083,9.64830039583861,0.09057495509934217,1.9075827593667332,5.463713532229661,0.45517876042537125,98.0084639869885,14308613852.469393,0.001332478234858696,0.8212241434243082,1.7204167841419187,0.44905280523127694,0.31460119386699814,14851.101662032575,0.10082421094303957,0.7817205627177451,0.09286662964115232,527.5192677935175,1.8835786410055508,306.6229489597923,1.7204167841419187
0,0,0,0,2,1.2442733143423905,0.08976689143631914,3.6043830641827697,0.08513372939249945,3.389925339772454,3.7045949409360417,0.08959054147937,82.03397978452313,11343703766.521025,0.0012751043129281092,0.8247017135689426,1.734705546836643,0.4510461565922181,0.31852310456708444,12461.788143141279,0.10172131768830586,0.7856037711820216,0.09370493674300474,1.734705546836643,2.1006588962902177,1.0,1.734705546836643
