comp_idx,imf_idx,sn1a_idx,sy_idx,sn1ar_idx,sigma_2,t_1,t_2,infall_1,infall_2,sfe,delta_sfe,imf_upper,mgal,nb,ks,ensemble,wrmse,mae,mape,huber,cosine,log_cosh,fitness,age_meta_fitness,physics_penalty,loss
3,1,0,3,1,2.6140603740708803,0.050804452604671875,1.5422995547825897,0.004160991585135165,3.814044792173229,7.412718628632632,0.39836285043003855,76.91082186768043,9642027917.732445,0.0008067469838927934,0.09132289341009381,0.08514871017779596,0.09323623712617393,0.06251929205854316,3893.6917495500397,0.004346497956724067,0.022288781044144557,0.004325875502111512,0.08514871017779596,2.028525595537864,1.0,0.08514871017779596
5,1,1,0,2,2.3765393241278905,0.0124578641210159,9.45430115536104,0.012090942350338894,0.9432377062470201,6.489447885025284,0.7030120615825337,89.2243830865342,11196191181.49947,0.000748217911046639,0.07958151492081833,0.08997866955284878,0.0994669343601637,0.06642746177204495,26431.011645506158,0.004946835515504557,0.02410715649786943,0.0049185884242457555,0.08997866955284878,2.563344628850808,1.0,0.08997866955284878
3,1,0,3,1,2.6203197762645445,0.0508145884736271,1.5447615692489973,0.0042597410215882104,3.8156735863685176,7.405977868449699,0.3992481811606823,76.90573485931253,9641509233.51366,0.0008047563041848514,0.10693174316207077,0.09610434413426412,0.10494314245136026,0.06700025329280952,4323.949688625663,0.005506531573783245,0.025615186276304103,0.005466621936327498,9.32517788319673,2.028647012232503,97.03180399596548,0.09610434413426412
3,1,0,0,2,0.5788436476386496,0.04644969241990862,5.136074328949558,0.038718715288504124,4.4845380013714236,5.077913673426846,0.06199785416288539,114.49321599226249,10121512955.89684,0.0007882242365052083,0.0858811349224841,0.1035194422246545,0.11424794238025843,0.07895728748248555,23832.573791550887,0.0065262961690614255,0.035766392937151226,0.0064802874029529275,0.1035194422246545,2.588328919159514,1.0,0.1035194422246545
3,1,0,0,2,0.5788436476386496,0.04644969241990862,5.136074328949558,0.038718715288504124,4.4845380013714236,5.077913673426846,0.06199785416288539,114.49321599226249,10121512955.89684,0.0007882242365052083,0.0858811349224841,0.1035194422246545,0.11424794238025843,0.07895728748248555,23832.573791550887,0.0065262961690614255,0.035766392937151226,0.0064802874029529275,4.5011478561436284,2.588328919159514,43.481183431952665,0.1035194422246545
3,1,0,0,2,0.5861404048362474,0.046362394325346154,5.124554099354097,0.038984398231981486,4.504613355550716,5.055467427998882,0.06042670759770459,114.48335167036568,10124256833.392973,0.0007889639911499876,0.11264979913352202,0.11277128662140617,0.12326613908727214,0.08453710564060796,23836.230815107276,0.00759727052274136,0.039654298288233525,0.007534124321725361,1.225857249860668,2.574720128895304,10.870295857988166,0.11277128662140617
4,1,1,3,1,0.9251023029803188,0.07688334548366588,7.385445523658184,0.059479944531071964,5.240315030947946,12.333145281367797,0.3500454956158359,113.48915923413809,17378006817.918884,0.0009379926362339035,0.06663427432953745,0.11286250749578794,0.12608781607476366,0.08549600948175068,8494.850238979207,0.007949068681251715,0.03917393363398736,0.007871070652733982,0.11286250749578794,3.004597453628538,1.0,0.11286250749578794
5,2,1,2,1,0.20803093877974183,0.052816164973343176,8.996127094466937,0.029416282326345317,2.434171649426581,1.3542304461267374,0.5802988667693515,80.16270254261205,17815392897.707375,0.0010539240921721307,0.05663515550824039,0.11435521238281018,0.12829449475247257,0.08523212929296484,113825.78904928103,0.008229738691896105,0.041232942664033656,0.008143140172953124,0.11435521238281018,3.899149463394611,1.0,0.11435521238281018
3,1,0,2,2,0.23684401641507813,0.07913955130421872,5.53586787980062,0.07914290355095123,7.614220625428796,14.320254432548587,0.3263583692132759,83.71968759260977,16511516660.665209,0.0007965560538185886,0.07422332456047273,0.11523647062671558,0.1286396781774834,0.08856100854200175,103723.4291155728,0.008274083400803248,0.03535747555581792,0.008192763032039448,0.11523647062671558,2.302059723671037,1.0,0.11523647062671558
5,2,0,2,1,0.5170625847144525,0.050562567868743226,3.528733934757399,0.06845118753864322,6.993120131120797,2.8637943093877376,0.07076655397748695,126.92482237611364,11297667867.16785,0.0013308158899766696,0.10471736269119825,0.12226655984551785,0.13421578830461256,0.0980378163253139,36353.586734646524,0.009006938915114287,0.049938494125630895,0.008927868044354833,7.3982408942749585,2.3803262210141427,60.50911143343312,0.12226655984551785
4,2,0,0,1,0.882300582601176,0.05527731877424376,8.24214580367536,0.0876858621471264,1.522534659838503,8.771887574995949,0.4028749499691357,121.01019617171303,17551953971.854687,0.0008859583072414422,0.08574190352832575,0.12252697212436588,0.13560633509564157,0.08476167264719536,19949.068832921694,0.009194539059035717,0.0502953032740493,0.00908008377507962,0.12252697212436588,2.1111913960621402,1.0,0.12252697212436588
3,0,1,3,2,1.7345796680181347,0.02812932775961664,8.306253713173332,0.042133570555045664,1.7279728066007487,4.538735677835666,0.1325966466150852,95.87120254344372,19994312050.86336,0.0005339591913752417,0.06825892359581842,0.12427612787576493,0.1396921401670813,0.09499225802971592,197433.15091926005,0.009756947012229745,0.03274030406686845,0.009657116939582443,0.12427612787576493,2.0280187475635265,1.0,0.12427612787576493
5,1,0,2,2,0.5951894573010035,0.051196202971514775,7.160355444015412,0.033456710270369006,6.93617184168798,3.272355120137533,0.4833205112827597,128.2110614922105,17114374945.248783,0.0008971650901029546,0.051167891232073937,0.12905738221552596,0.144786691124208,0.0924867944160465,32828.73125968921,0.010481592963348406,0.05812441100356058,0.010315526030584443,0.12905738221552596,3.4495257733071854,1.0,0.12905738221552596
3,1,0,3,1,4.205011390924536,0.06223432633383526,3.6341161697634434,0.019387035588276688,5.552194906904598,11.353306414250422,0.20170249666630924,69.37576516321053,10775616355.030231,0.0007811707607588949,0.15735471785876554,0.13006352324028747,0.1361848062593429,0.09391643402437908,566.0630051293965,0.00927315072794738,0.0451614314075629,0.009188715029869104,0.13006352324028747,2.4015507198933075,1.0,0.13006352324028747
3,1,0,2,2,0.13051127590402878,0.08064446582066113,5.506923968487147,0.0747332254649936,7.894541915265938,13.816725101590759,0.31719493713778296,83.36435041557824,16522182840.987732,0.0008123315138480762,0.04957882930275814,0.13019733670587738,0.1477375005142034,0.092476079993377,117991.9431581567,0.010913184529092124,0.031917211544239654,0.010750259947760998,0.13019733670587738,2.4028438246498625,1.0,0.13019733670587738
4,2,0,0,2,0.878949190833787,0.05549570483408495,8.237201023222314,0.08768131783981595,1.519994703858597,8.804729680276434,0.40493920916451764,120.7722761682872,17568302505.281143,0.0008848633263786997,0.1182346034849489,0.13165741163366296,0.14485033664752742,0.10185439481141365,27522.360950770195,0.010490810013451013,0.0419670961668932,0.010395164292665742,0.13165741163366296,2.1247599057887214,1.0,0.13165741163366296
5,1,1,0,2,1.7372079455316067,0.010888182064908564,8.320719692177253,0.020754543794276277,3.5049013203223165,1.7158069625366679,0.7773841254316042,97.26991419751815,12722214582.209324,0.0006718895654409952,0.11163613313004941,0.1326867412167761,0.14551425408555227,0.09928906730698644,53354.70942382437,0.010587199071037334,0.05776917268004733,0.010463565793796559,1.3729802942415947,1.9592934941614708,10.347531951203,0.1326867412167761
5,1,0,2,2,0.6402654708613124,0.043787634460751616,9.502725004484526,0.027198553115620538,6.459151872682429,3.000136495075919,0.5690424500973481,113.53875917498777,13953662618.013756,0.0011442193543943183,0.0732714461450149,0.13270047282432962,0.14771323478124612,0.09316980668504382,15461.299634308534,0.01090959986476977,0.05870341919562394,0.010733389946433832,0.13270047282432962,3.5887688818734036,1.0,0.13270047282432962
5,1,0,2,1,0.230983395994455,0.07795079171714632,4.56116448349465,0.037914694872955804,2.1725481054894646,10.482707911307116,0.20259337359500826,121.910233768167,14144635583.834518,0.000614484788251335,0.06830487297595927,0.1347314151349113,0.1501476318391151,0.09720210846605078,10035.653745609296,0.011272155673447222,0.06254153278386221,0.01109344679303737,4.011023895263885,4.17653204637385,29.770517078348107,0.1347314151349113
4,2,0,0,1,0.5754947882323899,0.03176467592789516,4.278760319566768,0.05723119714187933,0.2848828115816276,11.595353236307217,0.3699833112017495,111.17658458457386,11896184273.997864,0.0008311903713758487,0.1009388201319327,0.13475877905506328,0.14986575800053717,0.10557412263106028,70355.49860065374,0.011229872710537787,0.03528900224966347,0.011109444105320217,0.13475877905506328,1.8118099663989404,1.0,0.13475877905506328
4,1,1,3,1,0.10313433907040064,0.09342268915796932,8.879831362852226,0.06359927278577229,0.5964037255740728,5.278634621934288,0.4835870304751453,128.25471809305114,13118725545.549255,0.00123129681212403,0.07725503235389741,0.13516129403841673,0.15034170525160834,0.10364821932879288,132531.28375303844,0.011301314168980739,0.058860544968115214,0.0111475753471252,43.66296066635638,3.2637791904495312,323.04337552395816,0.13516129403841673
5,1,0,2,2,1.1608918972880737,0.01934019316411087,8.27027580106544,0.004338132938503879,7.781790029366583,3.0725550223469327,0.8300051202652495,118.41488109961338,18267884762.364136,0.0014744401265205237,0.15189181377236285,0.13603127462826103,0.145792767176654,0.10437289206320582,28943.458444980643,0.010627765480513019,0.05919582626820141,0.01052790936089163,0.13603127462826103,3.5962052627463907,1.0,0.13603127462826103
2,1,1,1,1,0.1231435354077115,0.07169833831379752,3.078523357465707,0.023136086319421746,3.0084360007067654,6.289105300189503,0.16620663834676744,67.25141321429115,10593804583.535347,0.0006228196487700794,0.09588559432589405,0.13709231065512356,0.15126014039042512,0.09603056315720321,28993.146158276035,0.011439815035465558,0.06309841710388453,0.011249239039850381,17.728293009561014,3.078143936494031,129.31646512370205,0.13709231065512356
5,2,0,3,1,0.24354023813446735,0.05582170553063356,8.884245064319893,0.028996222627220184,2.4964981488313804,1.3477851979513937,0.5683290454933181,81.87469678799808,17496379786.62458,0.0010760052348442468,0.0808597210715909,0.1399873298263226,0.15755801690398433,0.1226166927504444,750546.3457034887,0.012412264345358106,0.02798832374176885,0.012291511572291181,0.1399873298263226,4.1060872589013675,1.0,0.1399873298263226
4,0,0,1,2,2.384656580866427,0.08651058456819513,9.920263337397756,0.004222188916361429,2.599404567740971,17.2025851272046,0.10167418557344544,124.17301957892295,14994554746.802166,0.001425098672038965,0.0782983113848752,0.14257559927193944,0.1602254206157551,0.11372566093292177,8777.370010115965,0.01283609270574782,0.03654543088032902,0.012695868841472854,13.130991043602377,6.88468539344064,92.09844539076548,0.14257559927193944
4,0,0,1,2,2.384656580866427,0.08651058456819513,9.920263337397756,0.004222188916361429,2.599404567740971,17.2025851272046,0.10167418557344544,124.17301957892295,14994554746.802166,0.001425098672038965,0.0782983113848752,0.14257559927193944,0.1602254206157551,0.11372566093292177,8777.370010115965,0.01283609270574782,0.03654543088032902,0.012695868841472854,13.130991043602377,6.88468539344064,92.09844539076548,0.14257559927193944
5,2,1,3,1,1.2807708573738061,0.028477319381433032,8.389692357718172,0.03418783181041234,3.6727481622986304,1.2766965905610306,0.5519555908476449,60.065610138711264,15692048783.86457,0.0010390625147451758,0.11754712504087014,0.14283391541396262,0.15649681088594006,0.11221622362467924,452918.68480707245,0.012245625908734844,0.0664397722686666,0.012086179871314898,0.14283391541396262,2.5602553307214677,1.0,0.14283391541396262
3,2,1,3,1,0.496577981295355,0.09266995803059516,6.832268872970909,0.06971142946433993,1.7375125685071717,1.9053236727897962,0.5976305219195173,108.2450479034317,14682170588.433962,0.0013963255700700184,0.13510727995366498,0.14438788850828438,0.15745913300968575,0.1272608807136276,1059781.6884643745,0.012396689284080956,0.06344853976328413,0.01228392736164983,0.14438788850828438,2.9962291976560125,1.0,0.14438788850828438
5,2,1,2,1,0.24892681656143695,0.05586674056763744,8.87620850215083,0.029014737569595814,2.482030434238197,1.386216204848349,0.5676570856982454,81.84132971983111,17477481828.670788,0.0010757555302068694,0.0844139870640025,0.14564151717494683,0.1626533629049106,0.11841945707840149,121815.82073349379,0.01322805823213827,0.05008112881931592,0.01308050120307531,0.14564151717494683,4.099481928666456,1.0,0.14564151717494683
5,2,1,2,1,0.24892681656143695,0.05586674056763744,8.87620850215083,0.029014737569595814,2.482030434238197,1.386216204848349,0.5676570856982454,81.84132971983111,17477481828.670788,0.0010757555302068694,0.0844139870640025,0.14564151717494683,0.1626533629049106,0.11841945707840149,121815.82073349379,0.01322805823213827,0.05008112881931592,0.01308050120307531,2.020217727649207,4.099481928666456,13.871166456076464,0.14564151717494683
4,1,1,3,1,0.10872686627395481,0.09356824235420647,8.574284210294064,0.06262666199648954,0.8935809651554921,5.740090939113604,0.4783961535389722,129.65849406247563,13157115253.235098,0.0012731904115103325,0.11950111214946635,0.14983839845005242,0.16447687640233413,0.11773457452271098,164823.50172062585,0.013526321435534347,0.06763363657636745,0.013352028431660475,56.09530265192957,3.289525296557627,374.3720116618074,0.14983839845005242
5,2,1,3,1,0.1442393995835091,0.02599501423384965,8.229620295960352,0.017007094083393223,1.3269789915875219,3.5434129650916555,0.5595758820829136,63.731248347819985,13433341721.363903,0.0011344801355038514,0.15784014678811087,0.15003828385845208,0.15790470562637998,0.11937824349436649,201950.03011610746,0.012466948029476859,0.05483428794348477,0.01233824552527845,0.15003828385845208,3.3194875242722457,1.0,0.15003828385845208
5,2,1,3,1,0.1442393995835091,0.02599501423384965,8.229620295960352,0.017007094083393223,1.3269789915875219,3.5434129650916555,0.5595758820829136,63.731248347819985,13433341721.363903,0.0011344801355038514,0.15784014678811087,0.15003828385845208,0.15790470562637998,0.11937824349436649,201950.03011610746,0.012466948029476859,0.05483428794348477,0.01233824552527845,0.15003828385845208,3.3194875242722457,1.0,0.15003828385845208
3,0,1,0,2,1.1673026676799576,0.026780395268224857,9.724753572583326,0.04148779403889745,1.5030626753481418,3.627742518225273,0.21717351028844673,61.008092554740706,14042871662.554377,0.001408985950583569,0.09243980253914513,0.15031956482108666,0.16819286499484398,0.120610667577103,22584.3740889486,0.01414441991758691,0.040528369052654445,0.01396448714034723,29.341011261882723,1.9440915229112343,195.1909007773205,0.15031956482108666
5,1,1,0,2,1.3495391178205134,0.087067392417125,4.698773460255225,0.04161645599583598,1.1609974421015514,1.6719038668470116,0.5971505278854206,88.33608152359908,15215755685.868732,0.0005581927344905148,0.16783024757413645,0.15112293037928343,0.15168773882802974,0.10571279819872015,51215.96464279304,0.011504585055380283,0.06321825288711647,0.011385152417566047,5.207151059016947,4.473686792002675,34.45639285810703,0.15112293037928343
4,1,1,2,2,1.8333644679863206,0.08417894488835725,3.7998253869684917,0.023902488131726973,6.072976608844604,4.963436362042147,0.675976941771975,110.59829927792566,14387926280.943676,0.0010072496834653008,0.09926128950104923,0.15176050229657928,0.16776930199341414,0.1033336005004736,17401.281062582428,0.014073269345678699,0.06979735319681768,0.0138015690132297,0.15176050229657928,2.6906525687755933,1.0,0.15176050229657928
4,2,1,3,2,0.5431508895433053,0.07737022979223412,9.572914658131904,0.08024336105436697,2.2996511660588657,2.1406961447087074,0.7837939952515008,74.73053804706873,19304921887.581154,0.0011313600682783666,0.15024997155716377,0.1523310584664934,0.16546636640726423,0.12281311347197288,467446.26560681354,0.013689559206011509,0.06671017797749224,0.013531498836811548,101.42208251605541,2.6863454656229466,665.800418752845,0.1523310584664934
5,1,0,2,1,0.34484895733871856,0.08127760804013713,4.8280467146376065,0.0595403224760936,0.7765259874344451,8.632384693386305,0.4800996466689182,126.66090979196068,12380217846.248917,0.0007253275921041592,0.08518944013265128,0.1524965115264476,0.17019798096292574,0.11769902967197458,5976.051893547426,0.014483676361928214,0.05689143766463489,0.014281798520389542,0.1524965115264476,3.2263371885040333,1.0,0.1524965115264476
3,0,1,0,2,2.7574862523621513,0.09990298131832286,2.4912247364972857,0.024857331027153665,7.138474732430524,1.9971702220969485,0.5425787167547454,113.742766166124,18962842627.552536,0.0010372910540347806,0.06720234566428679,0.152550099406688,0.17052551737661448,0.10489003925105031,77291.81935912781,0.014539476038281023,0.07032637102874661,0.01421564093305676,53.99250918435597,2.1786905783051593,353.9329662474731,0.152550099406688
4,2,0,0,1,0.813746407025496,0.05724717670332656,8.318274030000332,0.08745005988040112,1.5287584506173404,8.487796758943158,0.4048252607621279,121.28835858082736,17397311367.144005,0.0008979193366648033,0.12959895399971844,0.153963150909746,0.16826976826342083,0.11928736963069661,33356.030148855876,0.014157357455712671,0.0749206462613351,0.013964973641097684,0.153963150909746,2.158565701531169,1.0,0.153963150909746
2,0,0,3,2,1.1750417360277585,0.08115324583327946,7.374040011085219,0.08426653771749995,0.6187794435406943,11.956807008652289,0.07871697150561519,87.17387491985333,16807715035.4128,0.0006869350818602819,0.09991786146465771,0.15443013851951465,0.17209978000342138,0.12129333215606306,968.3514279365747,0.014809167138613018,0.048179481728859,0.014595875200299048,60.99682782476872,2.248927033604339,394.9800758422607,0.15443013851951465
4,1,1,3,1,0.10327937003671181,0.09341414845853978,8.600628077129008,0.06272892397789004,0.8829091616380363,5.73540629871292,0.4778680075318046,129.70147588924203,13175505147.724497,0.0012726722335897897,0.1146683854254309,0.1551317247012014,0.17051208739657644,0.12354738607288993,161177.50721290713,0.01453718597416886,0.07472343688262861,0.01432800941666098,0.1551317247012014,3.28192136368028,1.0,0.1551317247012014
4,1,1,3,1,0.10327937003671181,0.09341414845853978,8.600628077129008,0.06272892397789004,0.8829091616380363,5.73540629871292,0.4778680075318046,129.70147588924203,13175505147.724497,0.0012726722335897897,0.1146683854254309,0.1551317247012014,0.17051208739657644,0.12354738607288993,161177.50721290713,0.01453718597416886,0.07472343688262861,0.01432800941666098,0.1551317247012014,3.28192136368028,1.0,0.1551317247012014
4,1,1,3,1,0.344695568063328,0.08939891516315153,9.479493169953983,0.057008978563371365,1.0999245377037057,10.411923615828142,0.12307520356202589,111.67815281527113,12555156796.512379,0.0010293073194376791,0.09552654221662016,0.1566625171825935,0.17364859397931723,0.11413959550020703,10499.984102092272,0.015076917095496885,0.07062078669136018,0.014773751916200062,105.94817426759006,3.339423630963339,676.2828542075907,0.1566625171825935
3,0,1,0,2,1.164776673839843,0.02684803578734227,9.734589380652436,0.04156473851644229,1.517413080684819,3.6203091960347646,0.21784768939343832,60.82695692384607,14069653560.866537,0.0014071494410758303,0.08310647867147802,0.15713137396714946,0.17631321448093246,0.12854033125428999,22018.919395762412,0.015543174800299648,0.04665317969535954,0.015347330914012159,35.62515566018758,1.945136162499232,226.72210368144252,0.15713137396714946
3,0,1,0,2,1.164776673839843,0.02684803578734227,9.734589380652436,0.04156473851644229,1.517413080684819,3.6203091960347646,0.21784768939343832,60.82695692384607,14069653560.866537,0.0014071494410758303,0.08310647867147802,0.15713137396714946,0.17631321448093246,0.12854033125428999,22018.919395762412,0.015543174800299648,0.04665317969535954,0.015347330914012159,0.15713137396714946,1.945136162499232,1.0,0.15713137396714946
3,0,0,3,2,1.7126223513317962,0.039349588493332005,7.1797949112775985,0.023672327735909503,3.32094566745408,9.054494736722742,0.6595239376500839,106.32946842102785,11480380865.049126,0.0014366686403967234,0.11295982138881078,0.1590047677523346,0.17523946687392364,0.1147073396893608,17666.272697791486,0.015354435375128489,0.07271016142605113,0.015055056435579682,34.68103888974072,3.2962949091832163,218.11320113218122,0.1590047677523346
5,1,0,2,2,0.7740408802286298,0.04231590291205631,9.436484439505723,0.0274684207847623,6.5012541115557125,2.9695376458113767,0.5799090438338073,113.6810727974438,13966304046.882486,0.0011343895764091495,0.15036537685222445,0.15901307160188533,0.17223046954542395,0.11541440625806942,17147.884885683645,0.014831667319918605,0.08250521308543712,0.014582801287420783,4.940067903760028,3.4986691895205007,31.067055393585996,0.15901307160188533
3,0,0,3,2,0.31216481405754304,0.05119696522160828,9.378914657112128,0.012837869557537063,3.854381325232929,17.211919597279735,0.5996039128330173,65.18728096394617,13590806538.913288,0.0010211750029387487,0.12484107850540216,0.15902684382110682,0.17563345314420664,0.1318730091114282,167730.96258153697,0.015423554931679117,0.05450353953354237,0.015202291683003206,0.15902684382110682,5.162897898343129,1.0,0.15902684382110682
3,0,1,3,2,2.6450623184297184,0.035157573099951725,4.814031242950434,0.010294309807720012,7.5197686690644545,3.172926083587555,0.08843438841865198,112.17598031272779,18470268957.069595,0.0005522656546726343,0.10249264324640486,0.15986869327094547,0.1760027956365422,0.12069986580573235,483682.2625684796,0.015488492035939216,0.08734520431534831,0.015170763980481436,70.44839461370623,2.5997117696185246,440.66410484953605,0.15986869327094547
4,2,1,3,2,1.2740245161566937,0.07390001995126423,9.070956850749797,0.0831560867229987,0.6585661676120956,4.317079202661475,0.7787055759683602,91.31411092239422,15766445127.948551,0.0013094483780190847,0.1321465835958211,0.16058783452333938,0.1773140454367169,0.10444568785928511,90372.01764047034,0.015720135354567052,0.04955119909221184,0.015243298053045673,0.16058783452333938,2.5884174437446594,1.0,0.16058783452333938
5,0,0,0,2,1.8653982447463318,0.037097620330025435,9.20717785189246,0.06514658853473225,3.610754901984044,15.600045966880225,0.6910628116416975,109.0070672531666,15249318574.424671,0.0010999350569289015,0.11825873699397328,0.16075812049630162,0.17700233129418227,0.1320017063785478,18833.20409878063,0.015664912641787727,0.07219912828917274,0.015480761477534796,9.008317218248077,2.134390881306888,56.036467647401494,0.16075812049630162
3,1,1,3,2,4.234934184040773,0.008057768246178142,5.175611841098626,0.029246490163666865,0.37910034715725693,9.542282489078366,0.7955310789051102,81.12725093835807,16548084245.611559,0.0013415972764309794,0.17706327885585393,0.16105172880240978,0.156590685270994,0.11074774606938487,14700.709704049868,0.012260321356819748,0.05504171734476393,0.012122662430915239,0.16105172880240978,1.398243380471185,1.0,0.16105172880240978
3,1,1,3,2,4.234934184040773,0.008057768246178142,5.175611841098626,0.029246490163666865,0.37910034715725693,9.542282489078366,0.7955310789051102,81.12725093835807,16548084245.611559,0.0013415972764309794,0.17706327885585393,0.16105172880240978,0.156590685270994,0.11074774606938487,14700.709704049868,0.012260321356819748,0.05504171734476393,0.012122662430915239,0.16105172880240978,1.398243380471185,1.0,0.16105172880240978
5,2,0,3,1,0.37099301374592086,0.061959508706771284,9.961296831417384,0.010957326094273967,0.8033081954702642,4.274621980032529,0.5396134288130109,95.50730709667111,17975986545.48371,0.0011952923751077137,0.14997772048061778,0.16262970715964153,0.17873243613029846,0.11698490337615496,119865.45498299258,0.015972641862535608,0.04819236663460347,0.01560549064896188,0.16262970715964153,1.2408836973136186,1.0,0.16262970715964153
5,0,0,3,1,3.270600532481565,0.06018244790689829,0.9515418116631416,0.05041908596162123,8.180316231638491,1.295720018906971,0.06032901428667666,68.76874505630765,10230738844.801544,0.0010873253488358687,0.12983819485018688,0.16585059087472756,0.18179505495616596,0.1274555404376784,612887.2471188533,0.016524721003257702,0.0801329673862855,0.016243142098326318,0.16585059087472756,2.0995330952274,1.0,0.16585059087472756
5,0,0,3,1,3.270600532481565,0.06018244790689829,0.9515418116631416,0.05041908596162123,8.180316231638491,1.295720018906971,0.06032901428667666,68.76874505630765,10230738844.801544,0.0010873253488358687,0.12983819485018688,0.16585059087472756,0.18179505495616596,0.1274555404376784,612887.2471188533,0.016524721003257702,0.0801329673862855,0.016243142098326318,17.0182756720093,2.0995330952274,102.61208948519072,0.16585059087472756
5,2,0,2,1,0.5170844519609321,0.03971222030430997,5.179591005586231,0.04391214836439093,8.798866595186796,8.557737656768937,0.09908962946695644,105.45879825014967,18157302328.055626,0.0006817915630711685,0.08819421862703447,0.1675521072949074,0.18543662359302024,0.11437760729594187,37339.527738004654,0.017193370684789735,0.09323195550498009,0.016627963205279407,0.1675521072949074,2.540940905248918,1.0,0.1675521072949074
3,0,1,0,2,0.7612164933852066,0.006801957545186907,5.238041876553655,0.029090465048781017,2.5563531027019386,1.0512169029792346,0.4523515366623112,62.57668246095241,14106121705.374975,0.0009574227941845648,0.08144251242544553,0.16766994393497073,0.1857571206118269,0.13638569153526964,1942554.6560385318,0.0172528539289984,0.09683246194391382,0.016882952451907258,0.16766994393497073,1.245043456002864,1.0,0.16766994393497073
5,1,1,0,0,0.4126154420263897,0.07659754336086455,9.53903570169358,0.09754812375659956,0.7255516933417211,1.33823423830749,0.31411194201151343,115.50170790067507,14595114042.039345,0.0011323156721645645,0.1078220406410304,0.16768439022992757,0.18719174019865573,0.12291413973369988,161159.41949606355,0.017520373799300513,0.046085806781073435,0.01702269719541137,0.16768439022992757,2.556231934954004,1.0,0.16768439022992757
4,1,1,3,1,0.11242094026532276,0.09269149761727265,8.844437454286082,0.06481555268200774,0.7429758368166977,5.3292783372632755,0.47457299815893456,126.82138610654977,13127040833.771168,0.001230001657284137,0.13452463287731053,0.16915702990464312,0.18669405263197095,0.13301000378028366,240617.00482027608,0.01742733464407457,0.0573897358279718,0.017126503721729847,0.16915702990464312,3.2028560655829588,1.0,0.16915702990464312
4,2,1,3,1,0.16308719660253618,0.09196199884132072,8.6026878007255,0.06293536773559935,0.9426131549887874,6.314176766807905,0.4740617772388127,129.92248118515045,13006795216.34209,0.0012825154428733354,0.10354708864577444,0.17249257545113053,0.192346180852952,0.1373238246206677,172113.98351091228,0.01849852664435826,0.057920819232294085,0.018178044771661434,94.34669364294645,3.2396842798318377,546.960896120866,0.17249257545113053
5,1,1,3,1,0.13059009665287244,0.07019365716573966,1.6027542640454002,0.024893439464906155,1.059609734070597,6.7699225295012155,0.5041441752091554,94.69492642818805,10797283430.96079,0.0007275123792578528,0.12813306363043364,0.17506474741581257,0.1928920260854648,0.12465566530669556,12438.230704083211,0.018603666863677818,0.07539377436923833,0.018162247426610365,0.17506474741581257,4.192957732732015,1.0,0.17506474741581257
5,1,1,3,1,0.13059009665287244,0.07019365716573966,1.6027542640454002,0.024893439464906155,1.059609734070597,6.7699225295012155,0.5041441752091554,94.69492642818805,10797283430.96079,0.0007275123792578528,0.12813306363043364,0.17506474741581257,0.1928920260854648,0.12465566530669556,12438.230704083211,0.018603666863677818,0.07539377436923833,0.018162247426610365,0.17506474741581257,4.192957732732015,1.0,0.17506474741581257
3,2,1,3,1,0.38211123707239164,0.0810336153711601,2.3666602517085154,0.06112056630411494,7.163432700040905,1.6170677771178898,0.794194421848896,128.79132948936754,14662191973.84225,0.0013202303692956246,0.18251112682671555,0.17678054469344762,0.16806488211583218,0.1278340208636736,985358.786997481,0.014122902300304283,0.07499894150312214,0.013935965200191639,0.17678054469344762,2.28543050291112,1.0,0.17678054469344762
3,0,1,2,1,2.637127054825475,0.04313952354869258,0.5648062378291598,0.05844275805077223,5.660996297524764,4.242697191781146,0.6582341979144909,115.70998114507267,9892743219.028399,0.0009984078620063341,0.17604241790535863,0.17733300345230824,0.17328901159619192,0.1197139379553171,8824.311858474704,0.015014540769992568,0.07509059916196048,0.014821641164039018,0.17733300345230824,1.6499326889596442,1.0,0.17733300345230824
2,0,1,0,2,0.1804080586855774,0.08075308612910467,6.409804094240146,0.0578336160281484,6.003689881359098,1.1553348225011504,0.14885217141147192,103.069868770869,13885849055.752506,0.0014217898618651991,0.11054646075597574,0.177654603871694,0.19564303217312487,0.14575956484126587,396701.045282297,0.019138098018947187,0.09747597171583389,0.01880174020110323,35.443153540457836,2.8527675786420152,199.50596701707573,0.177654603871694
3,2,1,3,1,0.2742456501999067,0.0781369402901092,2.3358604166113994,0.0603091522686145,6.849415154153781,1.652280244776214,0.7809015895543231,129.33039984003258,14616595354.47823,0.0012967981859872075,0.16974534346223025,0.17877916362386526,0.1799839910872313,0.13194681341856243,1098637.881953773,0.016197118523844277,0.06818047429714391,0.0159019001485813,0.17877916362386526,2.3333907096153714,1.0,0.17877916362386526
3,2,1,3,1,0.2742456501999067,0.0781369402901092,2.3358604166113994,0.0603091522686145,6.849415154153781,1.652280244776214,0.7809015895543231,129.33039984003258,14616595354.47823,0.0012967981859872075,0.16974534346223025,0.17877916362386526,0.1799839910872313,0.13194681341856243,1098637.881953773,0.016197118523844277,0.06818047429714391,0.0159019001485813,0.17877916362386526,2.3333907096153714,1.0,0.17877916362386526
3,1,0,3,1,2.4845813949461433,0.07084315804044394,1.6972536765312527,0.027175776265209412,6.171369184307966,9.15339076060036,0.22302239697501358,76.50274942161231,13413472925.666544,0.0007175227058017325,0.1726560817937119,0.17946686540954226,0.17878598194682327,0.11260471030302548,3333.822293303144,0.015982213670344907,0.06308496045136569,0.01561975331256763,0.17946686540954226,1.9143964950056471,1.0,0.17946686540954226
4,0,0,0,2,4.181212800034885,0.01299316713932892,5.5870645653432405,0.03745659088651299,3.900529560955674,2.997111920325449,0.5615976448065538,117.261179679398,18216560448.52101,0.0007295620872682046,0.15251991210846694,0.18033318281204738,0.19374656047351818,0.12043509018228117,36370.926206421704,0.018768864847659317,0.10569222743553408,0.01820258080626586,21.039458637858292,1.776027290467118,116.66992347041703,0.18033318281204738
3,0,1,3,2,2.7228186572411555,0.03437462769001179,4.721587423962644,0.013693014993175507,7.653861736297089,2.8605174405484926,0.08247707069423658,112.17420006497619,18466811106.256065,0.000590949729362599,0.1343740580705325,0.18445952576594643,0.20113448770613834,0.13555876366904354,559164.0024224161,0.020227541072405358,0.11530262517163903,0.019710763749591288,0.18445952576594643,2.5695322702281125,1.0,0.18445952576594643
3,0,1,3,2,2.7071249681100253,0.03414130081909123,4.734482318645742,0.013718639103534776,7.671580837378866,2.9190416723088752,0.0826246950289543,112.12460472520799,18468130194.2966,0.000590166608150932,0.13576925256350797,0.18473317613182763,0.20137332839259295,0.1342655605531931,541803.956898686,0.020275608693955543,0.11527207870500944,0.01975362632355287,0.18473317613182763,2.569518303680121,1.0,0.18473317613182763
3,0,1,3,2,2.7192727871429088,0.033778877296321834,4.719086102431497,0.014828950948320766,7.843117785088952,2.592346929543315,0.08433775870023792,113.32908077385231,18572050855.95467,0.0005957985023547498,0.14939268690561902,0.18718022844185989,0.20327869577398305,0.13767713249869698,640640.7135582406,0.020661114077785776,0.11781293969608153,0.020162301857434266,65.43575116597233,2.552247386131479,349.58687523077447,0.18718022844185989
2,0,1,1,1,1.0625143580450764,0.09379973947387629,3.6062375781092055,0.07779230596880216,1.9500295611359402,12.297463307285504,0.6556920389216907,76.28121663820082,19922540313.880463,0.0010561130645631836,0.14422105740174967,0.18732347765820156,0.20368770018927695,0.13719576113330503,36069.825779951854,0.02074433960419839,0.11881325294037437,0.020216081954296625,0.18732347765820156,2.6078105866799115,1.0,0.18732347765820156
3,2,1,3,1,1.319768422816294,0.05248621754389946,8.54148731645814,0.0019085334003308037,2.6459266877464644,5.84091919839831,0.6827866592902517,64.0896557030899,16860051323.618006,0.0010827925639225419,0.12863377776553564,0.1889742602870476,0.20630609823284973,0.1239305860720474,34137.076104925996,0.02128110308403112,0.12236665493294074,0.020407277348614066,0.1889742602870476,6.418175273880807,1.0,0.1889742602870476
4,0,0,3,1,3.629739943308407,0.06526492354349693,0.15179740608666537,0.055809030953795274,9.7252206233568,10.404692932126538,0.19950806312861505,64.14498144580956,9410791240.442001,0.0010961612714041223,0.11097367670201969,0.189265787237278,0.20851768630617662,0.13212353645303612,2816.1720708828457,0.021739812751240536,0.10780158808729756,0.02116738013727135,0.189265787237278,1.6519731590577003,1.0,0.189265787237278
2,0,1,1,0,0.5585296354844971,0.06752446819612631,8.21372694592991,0.06213002407577299,1.325489526098802,8.920866021553145,0.03169903828992623,114.68825289249853,18619950787.99566,0.0009541893411265007,0.1943879470863179,0.1903606179475465,0.1735573350146178,0.12159461501835038,19607.981651042635,0.015061074268688135,0.07323545026500822,0.014854871701038826,0.1903606179475465,2.3730160966587452,1.0,0.1903606179475465
5,1,0,2,2,0.6094102881896714,0.026237051327049274,9.805420036974233,0.026918296733978733,5.735229004895854,6.236143922825567,0.8357624410725999,113.06854013180663,15033330321.814566,0.0011279355428739895,0.15627476764107376,0.1932599581714608,0.20434923406688113,0.13273263528152227,11951.856354601687,0.020879304731860487,0.11947052094523158,0.020312900255232066,4.2263553726052665,2.592309738887999,21.868758601591086,0.1932599581714608
4,1,1,3,1,0.1043089633152162,0.09338038561068793,8.60336450275803,0.06250084279955398,0.8663328666017214,5.697468290234397,0.4777568178593123,129.6812990018409,13172454094.967247,0.001270716357132287,0.1307576382898622,0.1959358393709669,0.2175309433316232,0.1519513100237794,228204.73801339403,0.023659855653372933,0.06627325683850849,0.02310059299665221,0.1959358393709669,3.28911481469496,1.0,0.1959358393709669
3,1,0,2,1,0.1207379549676764,0.0809434713318314,5.475035569058309,0.07481684407070938,7.9076084508109945,13.792445770182235,0.3163888974512316,83.81264538995089,16496864286.48589,0.0008091423034829157,0.17614618089487796,0.19996436507391604,0.19571092395832082,0.14182340775977761,30410.632578399986,0.01915138287830982,0.09824194319529334,0.01882565701528106,1.730570109596721,2.4114789508797614,8.654392541176136,0.19996436507391604
2,0,0,3,2,0.11482915186946838,0.05140001896419733,7.710276166384654,0.07633333684292957,0.36338961972518846,10.045993027380902,0.14984142242803786,72.64874925418124,12501236375.915478,0.0006825468727777748,0.14223034044852828,0.20000397366587463,0.21750298756559097,0.14444336321126283,6099.668547539047,0.02365377479997881,0.1366445694539392,0.022855135611332796,0.20000397366587463,1.685473539689255,1.0,0.20000397366587463
3,0,1,3,2,3.0691172253332932,0.02769936449877071,5.054703878895167,0.0035014446962053063,0.32111755352487936,3.109977233563975,0.018671319197859484,98.03496629351628,18461923403.44465,0.0005333891868567373,0.0750890519808215,0.20746592376038292,0.23584342363984231,0.15681304016786707,207583.2354495281,0.027811060237081065,0.03708016111243584,0.02704066767311722,0.49549878934258207,1.3002887313558982,2.3883381924198246,0.20746592376038292
2,0,1,0,2,0.37946714237977036,0.08350098947448535,1.3949778441702656,0.001594729286352944,1.9940139738354874,6.820978764625281,0.25838479585201196,80.18267381272186,10863534012.947327,0.0011736334716913426,0.10388230791448172,0.20814913505777075,0.22933626119055944,0.15723371796575006,13421.105703430305,0.026297560348432253,0.1340863926529906,0.025346195511152,0.20814913505777075,2.396274759117662,1.0,0.20814913505777075
2,0,1,1,1,1.1284441729096462,0.042712820267532155,4.951229452830094,0.031807246709972606,4.44325299335747,4.006575174364859,0.20604185611403747,77.6257975638783,12553843914.437748,0.0007403776702439506,0.14895212553958465,0.20912012113894102,0.22689635154364118,0.14062146173654003,19023.035728272684,0.0257409771719078,0.15047134382542715,0.02464745910722251,0.20912012113894102,2.690727499160905,1.0,0.20912012113894102
4,1,0,1,0,1.6474070174811992,0.05640950353930411,9.951324028242766,0.054091018739743965,7.356135175779835,3.1889855711597637,0.3695269437892371,74.8078117150509,10254924080.364313,0.0013878196669581027,0.14334718443776473,0.21025989434301387,0.22841777777852887,0.1429147327338698,18101.37045979696,0.0260873406026407,0.1526611395848808,0.02500903223975667,0.21025989434301387,2.6998890201422103,1.0,0.21025989434301387
5,0,0,0,2,3.154259474116123,0.03819285862908507,4.319774537482977,0.06704597884633214,3.5602042381465986,12.233668232816747,0.8213272599190613,108.79930126890537,19286867941.2362,0.0007679815940729738,0.1626563521842681,0.21188845792766708,0.21829853058233653,0.13530315811391813,56229.55358937893,0.02382712422720366,0.13600962731475896,0.022950003872917162,0.21188845792766708,2.236093062909126,1.0,0.21188845792766708
2,0,0,0,1,0.16238427795865348,0.08882569644758792,3.3116794130870453,0.02141954015650624,7.362653827165616,1.365074265396859,0.1416187791554432,106.47245868177733,19784900038.39669,0.0013182548221217175,0.15175348075332706,0.2139320316479483,0.23034701490466836,0.1564223273418627,249583.31788377196,0.02652987363774575,0.15465699134444466,0.025678888594255794,0.2139320316479483,2.454659949073942,1.0,0.2139320316479483
5,2,0,1,2,0.7682798218894188,0.05531289825937596,5.080037569249158,0.06872875074384674,5.71746822263158,8.733246142408257,0.398510470792753,119.99734991539296,16263423567.396288,0.0013695268488029863,0.22631138081898983,0.21567543866964028,0.1756556605126725,0.12046622316128233,31627.45775718966,0.015427455535071627,0.07686388558507962,0.015154161660347068,0.21567543866964028,2.487488477109397,1.0,0.21567543866964028
3,0,0,3,2,0.31577106796732424,0.051323394795572845,9.372990736073152,0.013507178997982506,3.844745053080455,17.178935282311325,0.6004834011704331,65.14581849089238,13594410714.686186,0.001020612362768925,0.17848323055921578,0.21572432898139424,0.21025095543140634,0.15213013596091454,995.8275450416144,0.022102732129909607,0.09834921806092045,0.021616815801155972,9.406895142479488,5.169016142042153,43.60609295621364,0.21572432898139424
5,0,0,2,1,4.305054833510318,0.06967878250003322,2.140117807324744,0.053462061831319026,9.875897458581639,8.95756602527836,0.7498897668128158,92.9559675075197,18301564640.054993,0.0008088035289260052,0.15977886837195687,0.21761275532471186,0.2269370332718498,0.15285420814505027,9263.99114690049,0.02575020853511433,0.1449643167463941,0.024879316505761428,15.082379034331506,2.2605968752637864,69.30834091883202,0.21761275532471186
5,2,0,2,2,1.914268935038665,0.04701248582470167,0.44362559418756176,0.015504456034867293,7.554283307128444,1.0477110545428405,0.7783527658048086,119.35331944340331,13835433269.476826,0.0010735506542361702,0.19882312183180162,0.219279463154211,0.19813327577443954,0.13037465913508378,152357.9599490397,0.019628397484555055,0.0823339323700053,0.019179136559226567,0.219279463154211,2.0714668632788635,1.0,0.219279463154211
3,2,1,3,0,1.160736358080515,0.054159630474056496,8.468960517436244,0.002173235187440274,2.1456350230362613,5.899434055726859,0.6876087968847592,64.63955133383283,17001447271.396515,0.0010986583342412852,0.15607478109238992,0.21963989850051144,0.2361617496623982,0.15179235653867795,236954.03470685924,0.027886186001802617,0.08987830087711246,0.02684675566471389,0.21963989850051144,6.882069749476819,1.0,0.21963989850051144
4,1,1,3,1,3.4126633157479813,0.07708667585422448,9.781005089816576,0.059364832526914914,8.453893786979153,1.6159709550258703,0.7240225233669687,69.72585360541817,12526569498.329391,0.001069363456401499,0.14413750667112202,0.2220722758865394,0.2409759414574058,0.15320817661002198,294222.2153303377,0.029034702180641535,0.17168230410312602,0.027715940333545287,0.2220722758865394,3.1983143863802916,1.0,0.2220722758865394
4,0,1,0,1,0.8665521354965691,0.02799102968251729,5.162895101520463,0.05525291642812229,6.862964488258005,3.905309492995414,0.8319526578882871,93.25898227085762,12422839740.095024,0.001420026381034461,0.16504491472940278,0.22240845253394084,0.22677437957530322,0.14921678369205804,35217.91586716524,0.025713309615881853,0.14975209673333167,0.024771240117940158,126.94734286425815,1.9000702436805614,570.784704528643,0.22240845253394084
5,1,1,0,0,0.4032868029754461,0.0755345397879634,9.63519134876121,0.09981460315186573,0.7594795282541085,3.1856515165723986,0.3253298212530793,116.07727433049408,15184861319.231844,0.0010967276750910291,0.18001899527998722,0.2235490178369309,0.2171442691840263,0.13770229503717304,49329.2541798764,0.023575816819732438,0.0966285624230967,0.022628837166267134,0.2235490178369309,2.4981456844209156,1.0,0.2235490178369309
2,0,0,0,0,0.1608261709358239,0.08874089850370906,3.3115802240942944,0.02153766770545888,7.415077080618497,1.406266180949023,0.14413688312345932,106.78731888827649,19823647201.82285,0.0013183269696082681,0.10563779216063696,0.22574254663610308,0.24774123474950976,0.16685471136766492,325794.0715519439,0.03068785969760585,0.1669242901221527,0.029375888699585656,45.39208959797232,2.4349947245549477,201.0790179980753,0.22574254663610308
5,0,0,2,0,2.1900359067681343,0.020654463298363096,2.307485907406732,0.03191918298122519,1.7046982192390803,1.9337923100615477,0.5943798057614027,62.011982698872515,11232869032.809326,0.0011755197752875157,0.16829562088534286,0.22605432633917644,0.22749222976545053,0.14264701242883557,41388.95718788732,0.025876357301828266,0.15124461062764205,0.024916035655751997,63.339945590371286,2.2278210716716345,280.1978914366574,0.22605432633917644
3,1,0,3,2,3.1504967357421405,0.05240911031911472,3.5488573281423017,0.023308544493524368,5.925505371131687,11.922399002493572,0.579603091149165,69.73477832586227,12889927678.64151,0.0008549736703460573,0.24102778678540257,0.22865944230861016,0.17748740425939807,0.10940616140422584,532.5383595701492,0.015750889335369497,0.07844001515913313,0.015434172603962501,0.22865944230861016,2.343842075554534,1.0,0.22865944230861016
2,0,1,1,1,2.372793709124289,0.09465525261897954,2.0673576587523845,0.07248088128434049,5.2086725199744075,18.02667031467606,0.539752560584667,67.2130848819503,17762690820.73799,0.0007134677620871773,0.14190280292913038,0.23142817606794314,0.251366600586639,0.17379208555703168,1542029.365753822,0.031592583945241455,0.1818359245116281,0.030387152881275126,0.23142817606794314,1.8268290491818289,1.0,0.23142817606794314
4,0,0,3,1,3.6247298139524218,0.06559116641268803,0.15969949873846706,0.055751872327209996,9.719963995565013,10.426957640403387,0.1983070765302226,63.963591738264725,9396953691.670483,0.0010931132272037768,0.2281531607497294,0.234325945239545,0.1897696921923224,0.13948952140141105,6049.523822879799,0.018006268037384393,0.09813045314961721,0.017738984428778942,0.234325945239545,1.6719735059451555,1.0,0.234325945239545
4,1,1,3,1,0.932408192055967,0.0940330795736044,8.834421431825458,0.0287590108262126,1.745161951230465,6.865851099615643,0.47903680089932277,103.04073293553955,15734174443.707129,0.0011094374403432773,0.16652030615154217,0.23546319518174136,0.24449854349533157,0.16575279702011453,80580.02767397356,0.02988976888566927,0.06447407143183481,0.028937263066385933,11.090891746740597,5.954775443800321,47.10244307260052,0.23546319518174136
2,1,0,1,1,1.7312906318514496,0.0768762918504227,4.5470996517504805,0.0885350147938065,2.040683702004402,2.280751034047717,0.5213203248096814,118.02969652080631,15712810111.578753,0.0013971417156836263,0.23850208509512122,0.23573309846794696,0.1841613437182627,0.128560228067266,53320.03172537552,0.01695770026005805,0.09580101111214934,0.016662479444480766,73.70072082336483,2.257270689342157,312.64477200000005,0.23573309846794696
5,2,0,1,2,0.10346308011355218,0.024188503755515615,2.091360195780974,0.06015279927100473,7.1936365428036995,10.789941482222034,0.42332410382006097,111.4905619532334,14531516691.10113,0.0012385637022074973,0.1828430678917562,0.23589465970395254,0.22450705277311298,0.15449002673209628,83763.95771185288,0.02520170837243467,0.1453979245956305,0.024520005815380146,0.23589465970395254,1.7446144450198178,1.0,0.23589465970395254
3,1,1,3,2,4.758304726372624,0.03555772366839432,7.842430274145051,0.06826547895433957,2.652771236285521,6.671888832659188,0.7716802198676899,79.37050075084692,16950580542.205017,0.0013296246042538073,0.2441664085706029,0.23606430782081161,0.18095240516476746,0.12258960151605897,10836.511125384066,0.016371886467457082,0.09277907163054722,0.016072858386676825,0.23606430782081161,1.953638279670335,1.0,0.23606430782081161
2,0,0,0,0,0.14688171599914387,0.09551875498593235,4.959456885329833,0.015027788831843924,3.674775420417752,4.914673836227799,0.229585376576219,128.56353386927992,18040974560.43856,0.0014377285617296607,0.15014021114857518,0.23682379770966766,0.25628080084659044,0.16383996053319824,26217.44891315968,0.032839924441284876,0.19406726628409576,0.03128080258639963,0.23682379770966766,3.6858930936714196,1.0,0.23682379770966766
3,0,0,3,1,3.463047854430179,0.023610280549267247,5.589749474580107,0.01896513976352043,8.937918430195518,2.7382670814783223,0.47330367758839165,129.50074969986812,14324164537.422792,0.0006268051483632995,0.155958780113971,0.23872643415081019,0.2522993731879163,0.16903001018969482,892592.6848567851,0.03182748685550772,0.1865009302562517,0.030529371377659164,6.150984526299929,2.5180787771356266,25.765829193486717,0.23872643415081019
4,2,0,0,1,2.060264786796509,0.01296647708082959,8.695360955774811,0.06062726217850242,1.52286703645209,8.865164091397823,0.5247186696325344,99.35131226105405,16588379150.720734,0.0006016142345707908,0.20983813878419877,0.23951632041857085,0.20682628472328385,0.12075392173316839,649754.6535981776,0.021388556026218437,0.1179110635107985,0.02051298662247435,16.199026439606843,1.4839955356879269,67.63224489795917,0.23951632041857085
4,2,1,3,2,0.6281077042275585,0.07521893616249441,9.410251065471558,0.08069862369979548,2.559784665738036,1.9001241044257433,0.7791014029513375,74.67984034114178,19166874806.14579,0.001112785454754091,0.23160354983463954,0.23953682747204336,0.19184118563156613,0.13836303625461954,421403.5566449841,0.018401520252262507,0.10049005790448229,0.018067435482878303,0.23953682747204336,2.6484745425257192,1.0,0.23953682747204336
2,1,1,2,0,1.416879111695999,0.05066937479823122,9.621579093178436,0.05359028686863528,5.872278339961638,1.0241074669704187,0.3310450504781203,100.86375595145341,16100357097.026413,0.0006015222116773619,0.22200400681456178,0.23975994166590567,0.19823146982390608,0.13532770094463717,188697.4298053246,0.019647857814273095,0.1113472825971431,0.019251141368684384,0.23975994166590567,2.258851890101194,1.0,0.23975994166590567
2,1,1,2,0,1.416879111695999,0.05066937479823122,9.621579093178436,0.05359028686863528,5.872278339961638,1.0241074669704187,0.3310450504781203,100.86375595145341,16100357097.026413,0.0006015222116773619,0.22200400681456178,0.23975994166590567,0.19823146982390608,0.13532770094463717,188697.4298053246,0.019647857814273095,0.1113472825971431,0.019251141368684384,0.23975994166590567,2.258851890101194,1.0,0.23975994166590567
4,0,0,2,1,0.9454633815605988,0.0468934347875256,3.772206579204276,0.010253604230747893,8.76075086104035,4.315022539638627,0.4850046125658987,82.57130375420712,10735957105.491505,0.0007971128372826417,0.19584513675376714,0.2401003390134885,0.2190861058397687,0.14018971185381696,7718.94926895753,0.023999360886017167,0.11356369733167904,0.023274125436799364,87.0139260789021,2.4571854497097902,362.4065106964042,0.2401003390134885
3,1,1,3,2,4.449418530868281,0.019989861771272068,7.818796588210221,0.0240207494698361,2.6720954603723013,5.537834631466414,0.7084836024536364,76.801681626224,16434537713.804209,0.0013737862726571795,0.2579132301174245,0.2406971321533775,0.17653289151643667,0.11515416823094889,34680.82240442119,0.015581930893576998,0.08795245718953382,0.01527081747684667,0.2406971321533775,2.2390234726371676,1.0,0.2406971321533775
2,0,1,1,1,0.20204774505570158,0.07349465515895467,2.92515464855796,0.021556987344298024,3.0315426038102755,6.368307004522855,0.16682106744153338,66.31992145325466,10646843594.830572,0.0006296804246084208,0.16427804638097848,0.24224814278243798,0.24743305627957254,0.15237686869000375,20117.321073893796,0.03061155866992506,0.1819543854890373,0.029244978226134324,0.24224814278243798,2.9338106556310057,1.0,0.24224814278243798
4,0,0,3,1,1.4431490657804686,0.05355364716515519,7.227363855164609,0.027803136819093084,2.656573441728134,2.152842411611756,0.3708053145471192,75.63418310314815,14592573937.701889,0.0011963466513175345,0.19007924145473354,0.24276349217747578,0.227055745204491,0.15476558497719042,372653.5851740294,0.02577715571518337,0.10863000416218682,0.02504217328043818,17.283350146412552,3.9986859657970553,71.19418983220635,0.24276349217747578
2,1,1,2,0,1.4107157813206666,0.05053041306193082,9.66824876140348,0.05327447467551925,5.896662639320514,1.0184840474643133,0.331229784258463,101.0506725734242,16089439435.093475,0.0005995973836106248,0.21995678061642232,0.24305646004156406,0.2024622208634491,0.1381929426198829,181739.949684096,0.02049547543848002,0.11596017396604053,0.020076661202051926,0.24305646004156406,2.2617917591965337,1.0,0.24305646004156406
5,2,0,1,2,0.19754550831824433,0.025107142907253705,2.1795858723675288,0.05908547889339044,7.784809187766754,10.247984411891812,0.40340123396977623,109.60535102458802,14761701258.271618,0.0012529682817253795,0.210273087401752,0.24378335221609215,0.2101342008063854,0.14656949476850772,61234.54370737365,0.022078191174269148,0.12389611209144613,0.02164045041646736,51.256264856714644,1.790683364802051,210.25334335086404,0.24378335221609215
4,0,1,0,1,1.11402884472695,0.007028508597137071,6.613836029009046,0.09821201966678555,5.331948108985476,1.376313001676479,0.753660614752996,91.39390723614858,11553593582.11616,0.0013453032433127874,0.1843248985872883,0.2443521859519957,0.2312688476251364,0.1436911007333138,317239.36123609886,0.026742639940929274,0.15442128172719505,0.025387364306189913,0.2443521859519957,1.4113158710821934,1.0,0.2443521859519957
4,0,1,0,1,1.11402884472695,0.007028508597137071,6.613836029009046,0.09821201966678555,5.331948108985476,1.376313001676479,0.753660614752996,91.39390723614858,11553593582.11616,0.0013453032433127874,0.1843248985872883,0.2443521859519957,0.2312688476251364,0.1436911007333138,317239.36123609886,0.026742639940929274,0.15442128172719505,0.025387364306189913,0.2443521859519957,1.4113158710821934,1.0,0.2443521859519957
5,0,0,2,2,0.29633358566714807,0.006935427033848459,8.560224928280961,0.04458305689735215,1.0189677490272648,6.204212215228036,0.317602213969904,66.19004220737749,10425660103.099201,0.0007830829006610563,0.22706468281239622,0.24803046158713837,0.2020952024277244,0.1409383307931824,594457.5716639106,0.020421235422151456,0.10866030695627982,0.020013309166823604,0.24803046158713837,1.4280235440229763,1.0,0.24803046158713837
4,0,1,3,0,1.1756258240838462,0.013906588388626774,7.375739907734506,0.08913858034437268,5.354731239770987,1.3668961243358946,0.6343957318498831,93.33757230641919,13012803901.687418,0.0013718567736822843,0.1865351072228963,0.25377447710779294,0.23818222908055134,0.1600359825547147,469563.88316998765,0.028365387124890118,0.1643329171283966,0.02744249158878703,13.805523011893785,1.5105490341689374,54.40075443847636,0.25377447710779294
2,1,1,1,1,2.2242695059393673,0.09421367297976123,9.95831618347966,0.05981836393226824,6.123472079956761,8.334058909984494,0.06603624835346927,114.1395772565252,19353070680.28118,0.0014243938735541946,0.23612192403895566,0.2540853738079147,0.20055868652659678,0.13398982902007325,17368.345206392623,0.020111893370636857,0.11392933760787138,0.01969869465032144,0.2540853738079147,3.233147981871448,1.0,0.2540853738079147
3,1,0,3,1,4.812729140846223,0.09612678729443329,4.088622871958296,0.03657252850755982,6.283174469365428,10.47590356836497,0.3585391655200554,129.38656236230298,12918501292.03088,0.0005721844182951827,0.2494859522789444,0.2551261846968474,0.19297894465598014,0.12771362386992954,11085.357315426385,0.01862043654026792,0.1012721470374306,0.01824701851537338,4.2298382858588095,2.4353306300528037,16.579396939929538,0.2551261846968474
3,1,1,2,1,3.059392090725496,0.0802400486623241,9.003911259273146,0.040334342870970666,9.494512223388554,3.887625101957074,0.6274204613855766,121.74715019461794,16668028336.775597,0.0014548713054264918,0.19473593385149432,0.2551854825755592,0.23230464162915757,0.16019266191935216,10819.107016923645,0.026982723261225666,0.15815521204331995,0.026072057990170587,8.60121231286047,2.9859745187533053,33.705727402865456,0.2551854825755592
2,2,0,2,0,2.6485801152885315,0.05619257638619361,9.174467771956845,0.02253342008064925,9.73720826398349,16.532661711830315,0.41686903157820304,115.9289756540843,14958574760.619282,0.0008427400313798254,0.20595256592291245,0.2560509080847682,0.22415424229111838,0.14562487228399976,50212.49754494803,0.025122562168552704,0.1427897715989187,0.024431537948310843,74.03823972007548,2.590246016631336,289.1543727529542,0.2560509080847682
3,1,0,3,1,1.1955523911570556,0.03412621463106329,3.037232840349217,0.008276148214952667,3.1578748037170485,2.2778295893908727,0.3825046861711823,64.89947740281282,11237544327.457535,0.0009876643451581996,0.2602300513508955,0.25692386589920774,0.18757994886620016,0.1388543157910917,246011.18832563335,0.017593118608323136,0.0994258701317755,0.017339894042529416,0.25692386589920774,2.995263204906016,1.0,0.25692386589920774
4,2,1,3,1,0.5481607461479231,0.0716106933442153,7.688134888497506,0.030684589989421883,0.8652621835346073,4.982157453361092,0.2814120714488692,122.54687396875406,15818770744.90816,0.0010908468198750159,0.17362922424990201,0.25846646062010187,0.260725818626477,0.1616288480387642,155143.5676395503,0.033988976249223285,0.0829751889418694,0.032387681502919444,60.729917521696485,4.531714177934197,234.96246815155754,0.25846646062010187
2,2,0,1,1,1.3135016870746081,0.07162746108756016,9.3600254955963,0.08377081521982503,4.467650793631187,5.643846842699241,0.0926469470561175,125.66387263322343,10862628070.778053,0.0006294284426332939,0.18299231289077522,0.26044822127639505,0.24743232181682717,0.15457339795723846,13014.687226749042,0.030611376939832964,0.18173051429040776,0.02925256990265739,90.82523675970343,2.0909190574835,348.7266540527344,0.26044822127639505
2,0,0,3,2,0.10639928516831121,0.05161237455997675,7.652120112044619,0.07675263971084656,0.33951391722745583,10.097425355940615,0.15170394608205828,72.84500436256518,12521460845.108242,0.0006801938594054581,0.19391274268322084,0.261832300417345,0.23925632127808874,0.16969764578126875,10569.05116431308,0.028621793635762012,0.16436027470283687,0.027834828014533748,0.261832300417345,1.6825184855025768,1.0,0.261832300417345
2,0,0,3,2,0.10639928516831121,0.05161237455997675,7.652120112044619,0.07675263971084656,0.33951391722745583,10.097425355940615,0.15170394608205828,72.84500436256518,12521460845.108242,0.0006801938594054581,0.19391274268322084,0.261832300417345,0.23925632127808874,0.16969764578126875,10569.05116431308,0.028621793635762012,0.16436027470283687,0.027834828014533748,0.261832300417345,1.6825184855025768,1.0,0.261832300417345
3,0,1,2,0,2.6491745760762195,0.04291854077725185,0.5581595047806049,0.05828615530982099,5.6683195918453775,4.234769567248859,0.6591270266850483,115.56536612478962,9938984507.379114,0.0009991521682079512,0.16893092148837424,0.26419368108974267,0.2651951886181776,0.17387955992671625,19213.052492067218,0.03516424403311539,0.19951121491520685,0.03357223955192421,0.26419368108974267,1.6315588764304982,1.0,0.26419368108974267
5,1,1,0,2,3.777686537480009,0.01198888401455139,9.469082753423988,0.00380552574376306,1.6239958601538924,6.6926564083237725,0.8307978268383147,93.65363261453399,14582531484.010284,0.0008962192000092881,0.21794752985933208,0.26780976903260095,0.22524171181512903,0.1332739684146906,25033.348031826732,0.02536691437070482,0.13911678597127353,0.024240782863595614,0.26780976903260095,5.523930742130306,1.0,0.26780976903260095
4,0,0,3,1,2.4992480255112666,0.03448308797022366,2.1778722092153044,0.06605928931345892,8.863068987230204,8.042961100582874,0.23872885096986707,75.45085755734526,11317791560.049177,0.001206859846627416,0.2203297439319487,0.26891699999139507,0.22471287240368065,0.14672099495726798,13423.535338546048,0.02524793751195643,0.13180629668219201,0.02458315640633158,0.26891699999139507,1.8844039789906044,1.0,0.26891699999139507
5,1,1,1,0,0.12057815655641585,0.018892271396716717,3.936743936075423,0.06288548953202448,5.157816092418041,17.49498751281414,0.41921963833037384,111.06185155726752,15748564194.785898,0.0011489165408790111,0.23689676138674975,0.2692705171867798,0.21221663025320855,0.14291642570006494,643363.6405152242,0.022517949078013518,0.12923836780994158,0.021999538577555912,0.2692705171867798,1.498556429954716,1.0,0.2692705171867798
2,1,1,2,2,2.5499436183182493,0.09483326215739084,6.008461137163757,0.052536133990769694,6.966189092216972,16.325055372269194,0.2763867171014979,86.32581486810741,17333725836.86062,0.0006060401460884561,0.22079576455601782,0.27610785069629523,0.22972316961917166,0.15240995949159636,70094.43901387764,0.026386367329939358,0.15100740305577853,0.025642491449772806,65.46038352151609,2.542860467291977,237.08265938993247,0.27610785069629523
4,1,0,1,0,0.19987623556787096,0.04155975624553256,3.4333463839380807,0.08998217851319538,7.951610749353225,1.343715301444593,0.8252325375648217,61.341848646919985,12786566525.410318,0.0013134036764049757,0.23592755891738548,0.27835704131546385,0.22051947367867816,0.14731164278935688,151538.85653041676,0.02431441913576062,0.13403809450638937,0.023673913971149613,24.876266684467662,1.8303182528472268,89.36819620910983,0.27835704131546385
2,2,1,1,0,3.1420307489322195,0.09993484039032796,9.543831254454552,0.05725577160745109,6.065733913748614,1.6458764964064592,0.4874293942474328,98.54013449535042,19824475375.742718,0.000938034610786886,0.24695248519032081,0.28092876761039104,0.21447150423379066,0.1411450634669894,77648.38880993154,0.022999013064152442,0.13255224584238423,0.02243832127904415,0.28092876761039104,3.558087012470694,1.0,0.28092876761039104
5,0,0,2,0,2.075492820617595,0.05536897615399158,0.9288082655800458,0.03968554703897855,0.9767519962564284,3.9362672526475673,0.3543689350052572,88.958391267244,11311167619.61884,0.000804462154963895,0.23852826658142467,0.283256575327814,0.22239118577199868,0.12395186116436452,21278.56057625141,0.024728919754537816,0.13973997970942265,0.02363253516331696,0.283256575327814,3.0513049244434636,1.0,0.283256575327814
5,0,0,2,2,0.2253276879072946,0.008032320513381366,8.766143150807567,0.045245355764831234,0.8211440785039598,6.80968459871059,0.3166062304532755,64.57575882265438,10149173939.293634,0.0007789888216773045,0.24266630887480356,0.2863178362808168,0.22298813333504452,0.15913250410907906,545932.6664235493,0.024861853804123795,0.11946737272077956,0.024348202881829973,0.2863178362808168,1.4431691412553125,1.0,0.2863178362808168
4,2,1,0,2,0.549462224095166,0.010808925294168444,3.7257018868524785,0.025939980959040366,8.210052862094106,6.268913176325257,0.7405718396552935,103.73279823162974,12533945914.264574,0.0005305096864338959,0.2323406019986159,0.2891683856614814,0.23243393761007464,0.16082442745696082,825738.8137211868,0.027012767676462036,0.1397520563717327,0.026306121385652827,0.2891683856614814,1.5102850344586285,1.0,0.2891683856614814
2,2,0,1,1,0.46209273179969806,0.09156266698099381,1.930282740228871,0.09835876383832236,3.8540829256853497,9.062660174250013,0.3139491284002448,114.8333220106729,11513806310.100273,0.0010699252248432506,0.2728704077530523,0.2894504226780655,0.20425003113458304,0.14110951972248376,29687.3892849681,0.02085903760923907,0.11540101804264014,0.02044895374341585,8.689647799560221,2.0302080239571474,30.02119575145717,0.2894504226780655
3,0,0,0,1,3.390378208553572,0.02513612346064462,5.6259567936543355,0.018652028402626135,9.141418698755707,3.4673246693076645,0.4643466485076656,128.14978258429582,14339165398.843792,0.0006524686145533176,0.19378112675767464,0.29162972993236047,0.2659548351090237,0.16503035673913927,28815.17872726875,0.03536598715893399,0.21300504871798387,0.033556628773045216,0.29162972993236047,2.5192206658438048,1.0,0.29162972993236047
5,1,1,0,0,0.5819162043689119,0.06872845964404142,9.687948851443933,0.01945944435871448,0.21975831649264876,3.128634086117076,0.19520690567169363,121.23390266940451,12623891840.585022,0.0011270531990007786,0.1868763813025439,0.29173502311423893,0.27742635174740077,0.17117064598656762,35114.80962043083,0.03848269032193626,0.14307475115262136,0.03636150824235153,0.29173502311423893,6.43770817106897,1.0,0.29173502311423893
4,2,0,0,0,1.417464300582576,0.03575710791763566,1.29321964111481,0.029780403488653535,8.752473284101903,5.395864743954166,0.6841718320160549,71.7644024334012,19041805074.50044,0.0012589315993329511,0.27438489833869245,0.2926425182923137,0.20621827934020392,0.13316774400226294,25457.669134835996,0.02126298936701719,0.10695229686971364,0.020812512861016957,0.2926425182923137,2.0550966035549294,1.0,0.2926425182923137
3,1,0,2,1,1.2167424318535336,0.054579496055416024,5.850082598890893,0.07855583463321289,8.250914335328861,11.218733781907869,0.36441087149321155,66.4192998255231,16728676052.235218,0.0010475644711215003,0.23626405420802304,0.29425278284867445,0.23271029857265638,0.15775219042068211,31989.244139289764,0.02707704153088744,0.1559070182392278,0.02629433254111582,0.29425278284867445,2.002663558197413,1.0,0.29425278284867445
2,2,1,1,0,3.159480726424093,0.09856089546786452,9.4773243758677,0.05954122250994299,6.341150053100249,1.7410385040060607,0.4704915869061345,95.84683386033254,19840100207.437424,0.0009356004253107961,0.24725293672162602,0.2997711840798455,0.2288675812151616,0.14776849463146463,67834.31083176985,0.026190184865639295,0.15213123622706215,0.02544268329423499,0.2997711840798455,3.4298819009909,1.0,0.2997711840798455
2,1,1,2,0,1.4533887896085775,0.06619862593479446,8.328792004559151,0.08375896167724027,4.365423406808964,4.742482830077306,0.2899207194187717,104.9088250748714,15065357488.351685,0.0005128910666763525,0.2422197430978279,0.3019850791808758,0.23427924936481845,0.15559984517732275,17945.835675007696,0.02744338334147139,0.1597412602009799,0.026667488581008748,0.3019850791808758,2.0449170211186867,1.0,0.3019850791808758
5,0,0,2,0,1.3151394108665857,0.08088360216630665,2.356686323197598,0.06375047452568897,4.7131278938745576,8.473548997116099,0.4184918206744997,117.24353202627783,17751578530.958546,0.0006244732097019446,0.2478199255550314,0.3042738024901276,0.23186576241908163,0.13647257422046413,34940.69491005658,0.026880865891091007,0.15759463962639564,0.02552176172406315,15.24100389905298,2.6607047069160124,50.08976709241173,0.3042738024901276
2,0,1,1,1,2.6646512233196575,0.08219546862843335,2.8818450009939856,0.07955009121894824,9.72522870018095,1.6516483105043143,0.7664242416422706,75.99496280047235,13739867506.798851,0.0007852771015423919,0.2128352921609053,0.3046902315389714,0.260447339941397,0.16834664528997317,89181.80538543049,0.033916408441274803,0.1954622264986151,0.03250101286265934,44.189062096038924,1.9105331858066368,145.02946770837622,0.3046902315389714
5,1,0,2,1,0.24295231276552015,0.07774564039476775,4.527472743799713,0.03801342781370579,2.184202618838466,10.457925694607798,0.20205849551251892,122.16591537750242,14105209419.727123,0.0006159456763255676,0.23619382786916093,0.31021215973739963,0.2478928190550124,0.16154398775614073,47176.75840893448,0.030725424869520557,0.13249376435503046,0.029502194271051788,0.31021215973739963,4.163358386924846,1.0,0.31021215973739963
5,0,0,2,0,1.3047770992717276,0.08147955722947593,2.033274958645774,0.06265288128558742,4.745280844950388,8.63125983126204,0.394529287096057,115.61388297763119,17594856130.232414,0.0006346509199579905,0.2423162864377879,0.3107884194882092,0.2409786619747501,0.15227877754616226,35186.81380550477,0.029035357763570434,0.1715032590623765,0.02764099659193267,0.3107884194882092,2.550034683574439,1.0,0.3107884194882092
5,0,1,1,0,1.283517778902282,0.07819336236327395,2.4659032580008438,0.01130509834474146,3.1022931086569656,3.5180395611592075,0.5187842356934034,93.16192330863439,15897175685.881784,0.0007620152048374849,0.2420927181436664,0.31128893373094996,0.2433042521945251,0.17592892566441048,32851.30477942632,0.02959847956796853,0.14191084838627932,0.028790272673177242,0.31128893373094996,3.1083943789159507,1.0,0.31128893373094996
5,1,1,0,1,0.5527080887077181,0.015358739545773834,5.949904461664056,0.08761408125346296,3.496984218987602,1.6757804396215707,0.8125080595620847,108.09792566609988,13537741890.523514,0.0010992547853807646,0.262311392946301,0.311777737954289,0.2274611348012371,0.1538878256487011,84875.4936728076,0.02586928392253328,0.14760125767315346,0.0252142239138888,0.311777737954289,1.6383672533623739,1.0,0.311777737954289
2,2,0,3,1,1.9199375843264797,0.09030983558530871,3.854107825519755,0.06195050374055238,5.435106044803557,1.890652006357122,0.22424894546830568,116.5655997490749,10466766708.467865,0.0011356780402683258,0.29240465133945276,0.31467009823956343,0.21006141276453422,0.1355722543392411,480790.4850423053,0.02206289856631601,0.12399873280248519,0.021432787744061668,116.89804956857434,2.463838496527096,371.49398758434927,0.31467009823956343
2,1,1,1,1,0.3492033509102757,0.08694800099878332,6.050130738324183,0.07096422087983599,1.1285474655080672,8.170535967586016,0.04059565164129748,118.76959180698444,18991480171.123703,0.0012030233948174883,0.2786509370661853,0.31491087761607234,0.21873674568901222,0.15822123821143375,25245.877087672936,0.0239228819573098,0.13722843270066531,0.02343082186046829,0.31491087761607234,2.60069275177016,1.0,0.31491087761607234
4,1,0,1,1,0.18892409434255408,0.02219611473674666,1.5152986975627376,0.03327314933291479,8.21098638817382,6.905615940236095,0.7954093946523355,62.34878643237271,12256145512.09415,0.0012209476092521635,0.2921490998153097,0.3184249791644426,0.21307003019406354,0.14929558707542873,28667.419816351576,0.022699418883449573,0.12295982193821653,0.0221952834921831,8.994013597852579,1.8935228706276142,28.245314238390343,0.3184249791644426
4,1,1,2,0,3.052309547452192,0.07603823902246873,1.8196253483062992,0.06814278125982902,5.7741805024968755,16.175415848828628,0.7823996859673398,128.4213911428331,14686999142.095724,0.0010932703042896004,0.25998166990308813,0.3272476016577266,0.24132901209072166,0.1631105451549939,1055377.0452378578,0.02911984603834184,0.15364229172903043,0.028238122995823168,22.452903453950604,2.0348393825753623,68.61136136739192,0.3272476016577266
4,1,1,2,0,3.052309547452192,0.07603823902246873,1.8196253483062992,0.06814278125982902,5.7741805024968755,16.175415848828628,0.7823996859673398,128.4213911428331,14686999142.095724,0.0010932703042896004,0.25998166990308813,0.3272476016577266,0.24132901209072166,0.1631105451549939,1055377.0452378578,0.02911984603834184,0.15364229172903043,0.028238122995823168,0.3272476016577266,2.0348393825753623,1.0,0.3272476016577266
5,1,0,3,2,2.4668129642723358,0.049435795362192926,1.4407671895827814,0.090491772394431,9.002314070038702,17.738683069417366,0.22453578546975195,128.86374677928785,13271922191.301266,0.0005429789997346627,0.26039661590123947,0.3402847121639589,0.25068923611408234,0.15811273510600818,1059.086175767433,0.031422546551731066,0.16743923167317232,0.030200759180294162,0.3402847121639589,1.908449501348164,1.0,0.3402847121639589
5,2,0,2,1,0.2602109505740478,0.013229846166009442,7.197340926723768,0.06204274307746749,1.3613388315050263,4.8085823988589596,0.7178417787329108,78.65876121907077,9804476406.569252,0.0013947101837042627,0.2809642215800255,0.34519434340469674,0.238588153968529,0.1641718944285963,28078.31741381795,0.02846215360705525,0.16510994804425438,0.027678899680625466,0.34519434340469674,1.536797843612321,1.0,0.34519434340469674
4,0,1,0,1,2.1065335228722732,0.008808969397429629,7.118312294748633,0.07939439779986264,2.3878664102271006,2.960300885889967,0.6945213396629525,103.29303387278503,12085494847.162495,0.0011089127735105684,0.26478266167607634,0.3557959600143039,0.2585013467779433,0.15659909809574163,79940.90228847764,0.033411473143005244,0.18410412120686326,0.03145965238175746,0.3557959600143039,1.4590126240943042,1.0,0.3557959600143039
2,1,0,3,0,0.10896015098297393,0.028181628512046055,7.64421126301321,0.015039835036137796,8.216887572185515,4.76310412411705,0.42892830708668694,118.66619786101842,17838977979.623283,0.0013965325927524398,0.25539608348582077,0.3697617084422814,0.27775380134745886,0.18552383684689264,258519.2536034876,0.03857358708148182,0.18632295564860424,0.036585151096536934,138.09467110900556,3.0835381567759974,373.46936677344377,0.3697617084422814
2,2,1,1,0,3.0680061742643203,0.09869744911377158,9.135204636723277,0.061042455766965,6.152976513520032,1.566727843543336,0.46471790261044776,95.90625085218845,19978395059.68222,0.0009301430971214535,0.27972918541117364,0.373149516270985,0.25902144407478767,0.1684721182813808,51700.98998185072,0.03354605424529417,0.19672387400650304,0.03230170691289695,47.11897180882336,3.386685196912835,126.27370465249399,0.373149516270985
4,1,0,2,2,0.7335617447284211,0.027805842614578535,4.5546160446992126,0.030168224281637845,4.406031573700703,1.4902216127909116,0.4824470085320998,114.03870205620211,19321611238.946495,0.0010608449189027265,0.3352223776050879,0.3801911890069203,0.22702509635346407,0.1405462932228315,87288.42417594281,0.025770197187149825,0.14736158811966393,0.02486545054067492,0.3801911890069203,2.4566155330809587,1.0,0.3801911890069203
1,2,0,3,0,0.24747029846164265,0.09697467471392912,4.358615615091688,0.06272206178667802,4.466127060526691,16.32743572851576,0.15904887627712888,108.16021632201316,10476473588.477272,0.0006687891661910469,0.30604383394013523,0.38590335168099177,0.24887451836527724,0.16152533791957058,868.6353506366846,0.03096926294577436,0.18411137145522516,0.02981439227696017,13.79045316178538,2.54295425235604,35.73551020408162,0.38590335168099177
4,2,1,3,2,0.1531390136929668,0.006270684753608466,6.801920489304177,0.026223048387838992,0.7615396481871028,1.892946380554782,0.577451856041758,119.04935670351088,10409125485.843292,0.001343982623259346,0.28703870494184736,0.3878537967453673,0.264347023487552,0.18517280621472473,731890.6287269172,0.034939674413364194,0.19465207009133112,0.033720587284550164,0.3878537967453673,1.3101693443542548,1.0,0.3878537967453673
1,0,0,3,2,0.31029762052179194,0.05125516261044733,9.352401568377996,0.012960648188641106,3.8209844410520817,17.17248228072336,0.5996615847404481,65.44807248398541,13625434388.789404,0.0010216029693946806,0.3399574592083515,0.39501020702271317,0.23313689157820708,0.13863892854921578,203.06053701286368,0.027176405107374343,0.15872536216422983,0.02604424882775691,15.655797341960819,4.834967822351949,39.63390581717451,0.39501020702271317
5,1,1,0,1,0.5712926910846083,0.028625812630892106,3.5717573153854127,0.09218934562782614,3.3639546554945925,6.520623019157375,0.6112145172044331,129.54862901024137,11563240943.672531,0.0008661691878722953,0.32298831314919446,0.39564990005820466,0.24402039283775767,0.16003804358677456,34695.610361755,0.02977297606034679,0.1757340132707843,0.028834779128720577,0.39564990005820466,1.7467996010819689,1.0,0.39564990005820466
3,0,1,3,2,1.9285182776430037,0.024064501396263677,1.1002812828350619,0.05708292185665542,5.479308840056005,3.720043739282022,0.4447893126748742,94.71337034208173,15273730119.502205,0.0013302090274655567,0.30469532544784744,0.3979391926041108,0.25822732651422226,0.17281063327030685,628826.0227964767,0.03334067607934138,0.18862760584281613,0.03215847627286681,0.3979391926041108,1.614044150177093,1.0,0.3979391926041108
5,2,0,2,1,0.3603320021942603,0.013002591823786248,5.504346945154412,0.04643651304024686,8.824041786358338,4.715581584506351,0.2967201693357131,97.74704146436255,16996819436.385427,0.0009255308170784359,0.29064891499049744,0.40465288888334994,0.27234624827627324,0.18183776258789552,80721.49769749594,0.03708623947508074,0.22161851717426362,0.03558254004185805,0.40465288888334994,1.6582647183730084,1.0,0.40465288888334994
3,1,1,1,2,1.0158430758175079,0.02600104156020114,0.9012166425207121,0.04394269824280601,1.9803530028713021,1.0444890619308302,0.2614778326013512,113.52757872016316,12053912449.644604,0.0010938661663048522,0.3502235183970672,0.40597093440572246,0.23364778676682374,0.13371061758717107,208597.57457895993,0.027295644130517566,0.15901719231065903,0.02614550769937346,9.43275977884274,1.7704990110994911,23.235061871241633,0.40597093440572246
5,1,1,2,0,1.9007571525957216,0.02803305030566524,3.462463917070353,0.0482346037863239,3.6994481278362503,1.6247433547877772,0.6156969830142753,94.9587527448579,9583880439.199884,0.0010292647697394937,0.3289061263300474,0.4067454591974996,0.24734076321967144,0.16349712627833865,32687.89697629426,0.030588726575044786,0.1773728088945702,0.029579019424502737,30.06811081804917,2.1561996164201434,73.92365455627441,0.4067454591974996
5,1,1,0,0,0.7319306297778808,0.016628676215894526,6.50144813282187,0.0720551611803337,9.727541456445215,7.322633107319798,0.05363754529794028,62.433553867024976,19851849155.679142,0.0007094234355905959,0.3179536097523691,0.40784632899829265,0.2553053166227186,0.17075007730777297,59412.494654546426,0.0325904023479133,0.18835169862341672,0.0315094211702915,129.077033302876,1.658479311484627,316.48447987726365,0.40784632899829265
5,0,1,2,0,0.18182407074603357,0.08279123622414589,5.089880561732206,0.03750719185829978,9.912914171404593,17.55998072594156,0.15485152901556518,89.52489811339231,16309815079.157059,0.0009767324803340314,0.22191170764631107,0.4145493974354626,0.34969320939862086,0.2439221227492024,32440.30633746483,0.06114267034975384,0.2110290435518416,0.05802747473103271,0.4145493974354626,2.778072736872267,1.0,0.4145493974354626
1,0,1,2,1,0.1341939130674446,0.011536068836684395,6.330002850943202,0.052266109317156674,8.874581474109977,8.525650808894428,0.4116512955013846,119.99966102120888,13012114607.186735,0.0013971107761999936,0.3084543840468674,0.42359063413771875,0.2723343703271766,0.189332964339132,1044843.3771636538,0.03708300463074989,0.2100652251685382,0.03570620279994913,88.95403316892094,0.8944855336855962,210.0,0.42359063413771875
3,2,0,1,2,1.9747688870839406,0.022222478356934458,5.49694619967145,0.06466743257312131,6.487267100695895,1.8714328764772574,0.35562863143782414,110.46623995678019,9835499146.77792,0.0008628709348597492,0.3154765541415841,0.4239228124674229,0.2669975023395498,0.17234429938647483,54773.63865745558,0.03564383312777894,0.21156749965739308,0.03427995608077616,26.24610592827823,1.5224114528886068,61.91246414769235,0.4239228124674229
3,0,1,3,2,2.554624702477626,0.043269894931073714,8.14949775722247,0.011460693187133237,4.3356669352042285,5.325711161013729,0.0928944639683784,112.3627232965921,17701719827.02946,0.0005383839140352015,0.30101270716455525,0.42960982043729046,0.28150675029987793,0.16867386725139416,88653.67459494158,0.039623025232198905,0.23031069824600536,0.037491615025154135,0.42960982043729046,4.377525347067619,1.0,0.42960982043729046
3,2,0,3,1,1.6021103055641865,0.035203914650715054,3.1525977502919584,0.04481519142210484,4.827247551458606,9.160443771909222,0.48325176057986674,72.8044752766924,10184985832.702835,0.00106349669345346,0.37439038978949063,0.42976130092289805,0.23346864638637174,0.15360646184055507,5718.269773567144,0.027253804422742348,0.15900524888455103,0.026405535905543568,404.7392549791015,2.0196616251932813,941.7768749999999,0.42976130092289805
4,0,0,1,2,3.696050282472701,0.06330504437820185,9.969569443620102,0.010707111842214095,5.519700437770023,13.190510326605317,0.038113406319649074,118.82919291714676,17316432155.70941,0.0014113805289525827,0.29840466221338297,0.4367624376776599,0.2887790846692114,0.16643625254796945,16228.962472538418,0.0416966798711938,0.23204636956406888,0.03930606303606937,0.4367624376776599,4.304809935702803,1.0,0.4367624376776599
1,1,1,3,2,0.40650334685812706,0.09224371092210681,0.39110979244396904,0.021957579618876382,3.6335137327123497,11.217500490004774,0.1720026926123412,66.5742420557535,10117686231.18784,0.0013636558882639564,0.34754615476008877,0.4374124696677501,0.2540399192932239,0.17090377460722764,8242.647923017503,0.03226814029725386,0.18829322197823573,0.03114756244552063,319.63121973603506,1.3577146605316686,730.7318421416304,0.4374124696677501
1,2,0,2,1,0.27697614193794917,0.08322208413100492,3.19313416445144,0.011647439266407295,4.036111507131734,5.98413839170486,0.1505576057576819,89.3592744969919,18791271732.551514,0.001470723433288456,0.36741794919114223,0.4416455567671133,0.24414040841318693,0.16749604142530838,26337.941958755182,0.029802269510078857,0.17670389149123944,0.02877755052873479,0.4416455567671133,2.5986803331399027,1.0,0.4416455567671133
4,0,0,2,1,1.0517217811604342,0.0050032972774174955,5.4441372062871505,0.08171763276026028,1.4880209556932416,6.020860649946293,0.3411120029126759,69.14902205625923,13555704964.780975,0.0007394868366936934,0.322193383560642,0.4424679349872471,0.27422335320097074,0.1596125463846282,386067.97488328954,0.03759922372039218,0.2185201604596706,0.03499564637900509,0.4424679349872471,1.353415659629261,1.0,0.4424679349872471
4,0,0,2,1,1.0517217811604342,0.0050032972774174955,5.4441372062871505,0.08171763276026028,1.4880209556932416,6.020860649946293,0.3411120029126759,69.14902205625923,13555704964.780975,0.0007394868366936934,0.322193383560642,0.4424679349872471,0.27422335320097074,0.1596125463846282,386067.97488328954,0.03759922372039218,0.2185201604596706,0.03499564637900509,0.4424679349872471,1.353415659629261,1.0,0.4424679349872471
1,2,0,3,0,0.2567898522308463,0.09741351265631015,4.466919481543398,0.062453886933929496,4.47352673966416,16.393774772273318,0.16183896958737493,108.28529374175493,10482028589.825333,0.0006676625396829187,0.3356251841687954,0.4446920529015011,0.2658367714356063,0.17548580700897018,811.5083604211884,0.035334594523653395,0.21388242282207515,0.03397629132562284,0.4446920529015011,2.5680089266292927,1.0,0.4446920529015011
1,0,0,0,1,4.858532582847746,0.013682240190786538,1.1283089860755227,0.08000235641739965,8.304459838280163,1.0611523162372354,0.34707616469614316,104.22362817049401,19799184353.856552,0.0005081128483071267,0.33819078415420045,0.44508688395775964,0.26475838039398447,0.1688100721709534,1246944.673564485,0.035048499994422895,0.20455657456959064,0.03342889243887268,0.44508688395775964,1.1352590007115442,1.0,0.44508688395775964
1,1,1,3,1,1.656159477932698,0.04039179506442636,6.5084101263149075,0.025982943533063355,0.872457540343324,1.2064547322998285,0.1770629452458885,88.89998017146323,11232613650.973976,0.0007298298339329524,0.3767236148737024,0.45701130986741034,0.2473029711914017,0.1524477807193012,312203.28227462294,0.03057937978004763,0.18179876547224683,0.029279449382802556,161.7382773691453,2.856387144521313,353.90432113391097,0.45701130986741034
4,0,0,3,1,1.5499774953312744,0.05194289716885644,7.440397665857635,0.027464594593356782,2.548423286287108,2.6863856721407875,0.40151440126105337,76.4821375458831,14548692035.094479,0.0011782388929895478,0.28671212312151584,0.45853966030507937,0.31682221111126785,0.21048857511464894,311329.9138251171,0.050188156726716386,0.20581731417530258,0.047737683876962166,84.68310446514201,3.9542891321532454,184.6799999999999,0.45853966030507937
1,1,0,0,0,0.5824976756528485,0.040176177068236035,0.4806704508431442,0.007578399691791539,6.513730127351626,16.67312419869432,0.12800868671484572,71.25327013245442,9397807897.257568,0.0006356625804818856,0.3602533616251507,0.4633645840071614,0.26085877121512585,0.18137891194440026,732357.9605965866,0.03402364925993269,0.20492289701382815,0.032603169062814664,0.4633645840071614,1.2066957434566774,1.0,0.4633645840071614
1,0,0,2,0,4.8816515919469925,0.012333774899201037,1.1870478049359292,0.07943370285502312,8.375936235141747,1.1079637622780738,0.3523275622971294,103.8153236747729,19907141411.059635,0.0005198175576929755,0.3341546499883076,0.47389916967106804,0.2848940080760772,0.1895930196435447,1368678.5394325422,0.04058229791882597,0.2397879828794528,0.03873218124870463,0.47389916967106804,1.0975635387433567,1.0,0.47389916967106804
2,1,1,3,0,0.13142412916281215,0.026456713731232716,4.4652948430337975,0.06128567557676399,5.080659726673302,1.2785833616283095,0.6193764143038123,114.35020018023944,13974003026.738903,0.0008046543713109853,0.3674264872552954,0.4850760265477241,0.2686216462669309,0.17186735029318168,728496.3406395346,0.036078794421578075,0.21872154523357024,0.034435343420183596,0.4850760265477241,1.3882636200242175,1.0,0.4850760265477241
5,0,1,0,2,0.8074297622683435,0.049172791564319786,9.269583014425747,0.08752440416176636,7.361420004844328,8.436404457371214,0.49509576498627406,81.30844294693516,18424850801.049744,0.0005714675032072016,0.32884000854155876,0.48637478051281413,0.29570094273531305,0.1742121689540803,20743.673952379213,0.04371952376727645,0.27134305448820306,0.040768876393968125,0.48637478051281413,2.1921863893469293,1.0,0.48637478051281413
2,1,1,3,0,0.13826201353245465,0.027130721882220637,4.672999475156961,0.06333440468244315,5.079408282666548,1.3042611184809723,0.617920407689423,113.37878627566006,14147477679.967913,0.0007976965261171007,0.37826889655108414,0.5085616932639504,0.27480437813350983,0.1762500064977329,701504.4661275516,0.037758723120672535,0.22899005697398245,0.036043848013364736,0.5085616932639504,1.3922782725740463,1.0,0.5085616932639504
1,2,1,2,1,0.32897738848241465,0.05075337052675041,2.6366245735068277,0.016618232487019526,1.264190566278407,8.442452129291521,0.4193191090632135,78.85647537583345,13859420724.422894,0.0011185546629834968,0.4142692812562849,0.5159977668300303,0.2571892423777054,0.16894897572776796,6061.404973197225,0.03307315319740905,0.1972457029614707,0.03176643232979913,3.47718742206938,4.291069286080806,6.738764478441563,0.5159977668300303
1,2,1,2,2,0.14195808069098814,0.04442452684163267,6.904338676615945,0.020108164362663397,8.00143578579647,1.328943680873036,0.6229799210236938,61.22852171647238,17871532727.259163,0.0009270803947236195,0.41679929820007366,0.5274147432398464,0.2615085731854799,0.15855107074948993,115604.24340358359,0.03419336692475274,0.20606533932175863,0.03262872976292239,0.5274147432398464,2.8444468649202554,1.0,0.5274147432398464
1,2,1,1,0,0.46378483166349194,0.09318445663184757,0.9499358266057684,0.09797347146393265,3.3082913186528295,1.0769502407052387,0.6437201985950867,125.18684714212739,18083430303.764557,0.000807481596888764,0.40420309891058,0.5292691525670417,0.2699996957640713,0.16434298340337114,277764.57849729864,0.03644991785634553,0.21792315481349356,0.03472811722190034,0.5292691525670417,1.7636967358928446,1.0,0.5292691525670417
1,2,0,0,0,0.20800467037681003,0.09697677373444814,4.497904744738178,0.06233474421218746,4.5013671303094664,16.373783537651075,0.16091585296077893,107.88593970984051,10534140866.35584,0.0006821348654170963,0.4179516837575622,0.5323841967104913,0.26354522220995613,0.1640705861630547,47882.20558050058,0.03472804207484757,0.20637446248027091,0.03317481831315872,100.74664768347532,2.568443279055201,189.236736,0.5323841967104913
1,0,0,1,0,0.950061143085402,0.053929065276253546,6.722889487063937,0.08082666459983562,7.8564348630149965,1.3741249494124999,0.7453756146541927,118.6996832536961,13733771620.856373,0.0005159019579308166,0.40339869868210915,0.5393620915586286,0.2760914157418253,0.17604923840406003,142797.91078943526,0.03811323492316271,0.22213985738713826,0.03638503265034763,0.5393620915586286,1.6688932857175407,1.0,0.5393620915586286
1,0,0,1,1,0.9605816216338185,0.054621606141341816,6.7117455032671804,0.08082171552618207,7.9560998047765885,1.3823517258392302,0.7421040178528016,118.59882552130607,13711388870.537704,0.0005116954559188636,0.39121516668156503,0.5461647487507305,0.28710238560117646,0.18555474582480413,150512.7690209627,0.04121388990894331,0.24615332644871502,0.03934426054524104,38.05049447086529,1.7025456863172383,69.66852869559973,0.5461647487507305
1,0,0,1,1,2.5684658447818234,0.06472851259330668,8.877094194946764,0.07147598907368712,6.9758833170475265,7.081860266820399,0.8331290643959828,126.4365622125697,15482290844.923677,0.0005802912902198285,0.3886128386282446,0.5508270503141001,0.29104509971014236,0.19083092095602197,16050.981840275006,0.04235362503264335,0.25790803002995344,0.040473940791464415,19.193435473523724,2.0680651633373865,34.844758373030125,0.5508270503141001
1,1,0,2,1,1.1862870911795924,0.05103884193791954,2.1820726492670657,0.006833873043175665,6.986668661435526,8.720997752453412,0.7264201295189572,117.04841037240226,18640774467.03009,0.0013026337199202188,0.4347030001581038,0.5588122776945333,0.267092213274988,0.17398069353062406,24226.99509619857,0.03566912519606583,0.21450575357172663,0.03409429252347607,0.5588122776945333,1.7523257749104402,1.0,0.5588122776945333
1,2,1,2,1,0.15795554043341936,0.07616320024976843,1.784959848786301,0.04603816183308825,0.27982805245011566,5.427661027264993,0.45723372352650105,88.93662859109958,19286949485.216312,0.0011881873286976475,0.41319811160057457,0.5639853620323103,0.2834188391575722,0.19424980635838338,31480.239508351813,0.04016311919471289,0.22332985691677565,0.03864669442727714,71.89920017343424,3.013744602375271,127.4841600752666,0.5639853620323103
5,1,1,0,0,0.790506821099337,0.046083914927221206,8.198750147673266,0.02089840144801358,0.5304024388536307,1.4260728749518776,0.31152374274767,113.42932577632385,17702951534.35417,0.001404936012876268,0.38751276962085895,0.5642838170964978,0.2989639860011328,0.20982238126876673,61237.47444310336,0.04468973246284275,0.2727844700536878,0.04292186475287749,0.5642838170964978,4.518718700378329,1.0,0.5642838170964978
5,0,1,2,1,2.56638770246361,0.094987936475134,5.711734158246745,0.05252041724053777,6.989481751836476,16.46292738788042,0.2599008913621317,85.5343617882794,17522017569.91951,0.0006268716119217843,0.3662639929358617,0.567146517886341,0.31747945814712747,0.20971712689242414,86760.75215949083,0.050396603172696834,0.2680062817649169,0.04732352179118202,73.9439406070147,3.0357901523283357,130.3789025851578,0.567146517886341
5,0,1,2,1,2.56638770246361,0.094987936475134,5.711734158246745,0.05252041724053777,6.989481751836476,16.46292738788042,0.2599008913621317,85.5343617882794,17522017569.91951,0.0006268716119217843,0.3662639929358617,0.567146517886341,0.31747945814712747,0.20971712689242414,86760.75215949083,0.050396603172696834,0.2680062817649169,0.04732352179118202,0.567146517886341,3.0357901523283357,1.0,0.567146517886341
5,0,1,2,1,2.931851088708312,0.08898415714118679,4.39516724348215,0.014702991559029918,5.4225524700492445,7.505143241823912,0.7915161780593671,72.92055519259698,18613331578.20118,0.0008311362946034295,0.347085116660887,0.5719461223299257,0.33704078640433516,0.24202618861893332,28931.951600569028,0.056798245850026345,0.26281291586622235,0.05375911040912993,0.5719461223299257,3.147969671757912,1.0,0.5719461223299257
5,0,1,2,1,2.5989699943887845,0.09474394347516794,5.836593842084727,0.053357796502027766,6.919760984733023,17.109371893839707,0.25815642465419175,85.60822790346386,17692035995.361782,0.0006005069296194847,0.378406877787172,0.5951814156535887,0.3231975289036467,0.194449543847344,75117.17806392976,0.052228321344711774,0.2954589318349943,0.04868410939174686,39.644105876945325,3.0655929723889876,66.6084404423327,0.5951814156535887
1,2,1,2,1,3.2352362397182493,0.05989295272034643,0.4484279893692742,0.09577205496912995,3.516103698478605,9.703776652811644,0.3203066121631643,110.879765727358,11411348736.240383,0.0008434702681268606,0.4257387718788184,0.5990734317527067,0.29243419686308936,0.18467380692630928,775958.1467756192,0.04275887974748004,0.2575649015662632,0.04057294097206723,0.5990734317527067,1.2192436265406565,1.0,0.5990734317527067
1,1,0,2,0,1.298775403654977,0.0812774307037229,2.003190593956517,0.06264888468600922,4.74390380423703,8.616905125181601,0.3987543161264655,115.47711688422483,17588492545.517612,0.0006290640382527915,0.4478037261512962,0.5992941935302465,0.2797755092528759,0.17464310259057558,29762.60455412844,0.03913716778885303,0.22684731022224192,0.03730006034446747,0.5992941935302465,1.8334448047887668,1.0,0.5992941935302465
5,1,1,0,1,3.9790820694059716,0.019051784581263956,1.3548719029639438,0.06341442520012817,9.835748528881973,1.7633495710196057,0.5062518367389963,104.06197531686468,12575773844.051235,0.0014407857654314977,0.4566277127991356,0.6007991331578619,0.27517414760161474,0.16142390585462135,52245.04641218764,0.037860405754137634,0.22432842214911042,0.035970046207391776,0.6007991331578619,1.8790790893764784,1.0,0.6007991331578619
1,0,1,0,0,0.3577049386735199,0.09146942069948827,9.994232087779432,0.05179959584381387,1.6620892992016802,1.4382968966810874,0.3297928604133439,84.9981225396113,9987390757.323143,0.0013994391530482459,0.4238560309839384,0.6108099204436218,0.2999770423593868,0.20369043386025942,113848.74821325025,0.04499311297134268,0.26148184785518414,0.043030971993946995,0.6108099204436218,3.200199782477949,1.0,0.6108099204436218
5,0,1,2,1,2.9207585714930424,0.07712820656986902,7.760516403646495,0.04265416222241901,3.283340700923688,17.191721293146543,0.24790118249558327,89.58336478463578,16765739873.96288,0.0006111128516385921,0.3700305664730038,0.6269831113415347,0.34951152455254125,0.2152820517959971,33204.498289402894,0.06107915289752082,0.2967937048946785,0.057013537352322105,0.6269831113415347,3.9516024342549994,1.0,0.6269831113415347
1,1,0,2,1,0.3519171903823327,0.07524624584463314,2.550819196461286,0.04112724480703534,7.186117055950676,14.385459190966362,0.8481628746481931,101.71531677933942,17604033857.413433,0.0014410361797165603,0.4424709654799828,0.6453262166560909,0.3052686385022315,0.2166173691936747,3917.6032139523422,0.04659447082650305,0.2693931125529828,0.044683462721156905,0.6453262166560909,1.8511951093356993,1.0,0.6453262166560909
5,2,1,2,1,0.7823636908870021,0.05679510962081167,7.346070920661851,0.002776058617881156,0.37248506216073224,3.4434969085609652,0.12490663544549911,114.07203287199533,18410551337.067944,0.0008715423059180279,0.3200260236844741,0.6545162337826942,0.4230716537210142,0.3066690394025779,10753.614358275852,0.08949481209111687,0.1896382142351578,0.08329095586546223,0.6545162337826942,2.7790518528409702,1.0,0.6545162337826942
1,2,0,2,1,0.4457672971466923,0.08236601573873614,2.129923204229527,0.04233971947275819,0.5226205198065311,6.614758222971545,0.5356893298951253,87.22957078973344,18513463895.64594,0.0011185958244452618,0.46195421901730327,0.6760266127094979,0.30715717013367505,0.22180553551362045,20177.518410349225,0.047172763582263695,0.28416275217717235,0.04529580582771955,0.6760266127094979,3.454053961456727,1.0,0.6760266127094979
1,1,0,3,2,1.4612137988042848,0.05667321537449546,1.527566309690397,0.03652317728387514,8.102656107734523,3.300163636091398,0.507947215853136,107.40361035031731,19471920592.320366,0.0005758842054512591,0.45038943106000895,0.687952210067933,0.3188085284933756,0.21944464696826438,579464.4326354214,0.050819438920055734,0.328732015717196,0.048356331628620616,31.74412528349878,1.626828543928691,46.142922166590836,0.687952210067933
1,1,0,2,2,0.6928203527333455,0.027934696470357137,4.533453006036672,0.03018878857503193,4.475415982229977,1.260860775562201,0.4717739548334211,112.39898453106056,19268386169.366474,0.0010266655730041157,0.4921589925382511,0.7000639701996517,0.29955025574995825,0.18998243182658833,186935.2356855366,0.044865177859932694,0.28173639373516746,0.04254817967295611,0.7000639701996517,1.9404981076814694,1.0,0.7000639701996517
1,2,1,0,2,4.178997745272609,0.01596800758658371,2.0149539715943336,0.024286878684333952,8.6583075561971,2.0862732297813085,0.14901713430080377,102.1778068158853,16654797995.89673,0.0005122542564501326,0.4928461542958541,0.7041359786148179,0.30144318929947295,0.18890857112653053,101240.7989295748,0.04543399818751895,0.2757919062188219,0.04304436739882408,24.543394577184458,1.5118925852553733,34.856043892923104,0.7041359786148179
5,2,1,2,1,0.8267063003041821,0.05518159407343698,7.161341883597403,0.002998490320104474,0.45105748185139494,2.77570543621952,0.12158884536282413,114.39559278973525,18402564564.826256,0.0008711408642773597,0.3302130771984748,0.7195927834143957,0.4551710721832216,0.3316102847907678,57278.077276795935,0.10359035247621176,0.19150208023065884,0.09522946481494195,0.7195927834143957,2.7233214677148796,1.0,0.7195927834143957
5,2,1,2,1,0.8267063003041821,0.05518159407343698,7.161341883597403,0.002998490320104474,0.45105748185139494,2.77570543621952,0.12158884536282413,114.39559278973525,18402564564.826256,0.0008711408642773597,0.3302130771984748,0.7195927834143957,0.4551710721832216,0.3316102847907678,57278.077276795935,0.10359035247621176,0.19150208023065884,0.09522946481494195,0.7570353963431318,2.7233214677148796,1.05203305785124,0.7195927834143957
1,1,0,2,2,0.1769862192469627,0.017168747591829004,3.4775122026822953,0.08001994238522468,7.626390088705316,7.62674020757745,0.09510102330389457,63.737445388630135,18419061415.24858,0.0013724230045037164,0.4745784348677411,0.729727592409896,0.3248405379983244,0.2206366332953082,722888.068686359,0.052760687563520425,0.3004846850869233,0.05016117205933399,240.50594377298128,0.9634165286639357,329.58318456716165,0.729727592409896
1,1,0,0,2,0.9973388644847062,0.015985156096750636,2.0448877495272595,0.0034301422463369428,4.997755158375017,1.3703226039967895,0.7100689250924581,100.87224210556334,15308581903.109028,0.0014338642025097258,0.47375363171475543,0.7636168047383849,0.33806728912332773,0.2410424409025572,111768.82768165553,0.05714474598759783,0.37652826265179096,0.05457581177490551,0.7636168047383849,1.936349537170676,1.0,0.7636168047383849
5,0,1,1,1,0.8722224545778273,0.05367643069168352,9.979388406417254,0.02613807866893587,6.807001643883295,3.3373193087274626,0.6279578004793062,127.13351551177426,9588384950.419218,0.0007651806029674351,0.45641990118678355,0.8021556235939215,0.3704528278159369,0.2632774195709297,19055.992127331407,0.0686176488184121,0.385450334195239,0.06443750199601052,0.8021556235939215,4.025976164384267,1.0,0.8021556235939215
1,2,0,2,1,0.12454360035062927,0.07571464013828323,1.6092458298775907,0.04430347088515622,0.28104703283109445,5.054794548054768,0.4416075968823698,87.95692812876835,19370020446.215706,0.0012017917032014513,0.4674392547007351,0.8665319207470361,0.3934165597975426,0.26726272961174635,28426.119774896513,0.07738829476146669,0.4025507084715684,0.07156988743080378,0.8665319207470361,3.095070382343787,1.0,0.8665319207470361
0,1,1,0,1,0.12575544318351428,0.038351191487450254,1.1895289527214197,0.09004792600623028,4.950032027132271,17.984438249308273,0.27831676913884124,113.95383578178036,19871356360.29773,0.0012363522995699563,0.48819988258129404,0.9667381700760375,0.4141935067997242,0.303196922396191,155646.22865212997,0.08577813053752659,0.6025015234450095,0.0799065970087325,0.9667381700760375,0.9765574298837141,1.0,0.9667381700760375
0,1,1,2,2,0.15411566654112702,0.023289792388602838,6.795631899822469,0.06984105984483747,4.598772650558583,14.202954611364527,0.7605556782056467,126.70953341233404,17301662049.891968,0.0005735945836435945,0.6088314892934904,1.022014870562351,0.3586945219337338,0.2488162698285269,191897.23283683724,0.06433088003263492,0.4381833279057312,0.06085343703795011,64.36012012870782,0.7850463363288879,62.9737609329446,1.022014870562351
0,1,1,1,0,0.3112697272738476,0.028751362676501312,9.880275266227654,0.034855187842824924,5.569372478907362,19.655666489954587,0.6056095674426895,82.53796489295624,9079412884.946539,0.0007032383162441243,0.5548495041807965,1.0839117318987166,0.41316881035775554,0.29041109418261657,1410925.8876647213,0.08535423292622148,0.6119633852025366,0.07938661927234364,24.323617695560646,1.2230978683194766,22.4405890071439,1.0839117318987166
0,1,1,1,0,0.3112697272738476,0.028751362676501312,9.880275266227654,0.034855187842824924,5.569372478907362,19.655666489954587,0.6056095674426895,82.53796489295624,9079412884.946539,0.0007032383162441243,0.5548495041807965,1.0839117318987166,0.41316881035775554,0.29041109418261657,1410925.8876647213,0.08535423292622148,0.6119633852025366,0.07938661927234364,24.323617695560646,1.2230978683194766,22.4405890071439,1.0839117318987166
0,2,0,2,1,0.13479646074434876,0.019063497126029123,1.6640442567826876,0.0015917967224850977,9.242161704950968,12.692197923786898,0.6075061583133882,97.84410794791683,9706857382.745094,0.0007347972306305926,0.5842037490000693,1.0879997647761677,0.3963135502725406,0.2846905111442978,736454.1867154702,0.0785322150648128,0.550779948705656,0.07371949790411723,194.96272599270475,1.4849183982807475,179.1937207199802,1.0879997647761677
3,1,1,3,2,4.2942067495439336,0.00539266754382308,5.176219328985743,0.028212091176951223,0.4090804684740754,9.387868801622552,0.7674627809140732,81.75635997741533,16900023195.748175,0.0013589756012429826,0.5937643897247601,1.0914603291635536,0.39427884344521735,0.28232489459779037,30837.462587153306,0.0777279031942491,0.4919849585832786,0.0729843752692851,1.0914603291635536,1.2835430604329203,1.0,1.0914603291635536
0,1,1,0,0,0.10313322463054,0.039753777767211236,1.1240805443337754,0.09154271793240588,4.914361273646423,17.76666873329387,0.2767061185690923,113.78074472762665,19892140908.931236,0.00124388821704705,0.5715747052202669,1.0968237170359372,0.4066669592549544,0.29418591382135045,1037560.2948428728,0.08268900787483537,0.5984568596188332,0.07717383649327449,1.0968237170359372,0.9838852099886047,1.0,1.0968237170359372
3,1,1,3,2,4.2316050834137355,0.008191229811129715,5.188976259955247,0.02972371057539757,0.3908327556119302,9.519940753978696,0.7964979957681145,81.25684795604388,16536170504.762922,0.0013442970231258163,0.6022486257851617,1.1160398272439127,0.39776184968061545,0.2838366243171639,27379.980695696042,0.07910724453067226,0.5028800200914296,0.0741568189581028,1.1160398272439127,1.404643367216495,1.0,1.1160398272439127
0,1,1,2,0,3.095234332047203,0.014170574162518934,7.534291121203495,0.025176026431958456,5.433436348643234,2.244797937158829,0.07785802168899585,83.53276859446854,18939090166.740433,0.0007931216242843607,0.6164288181152677,1.1193088578767874,0.3880994317920488,0.27206637785019666,496839.8405080396,0.07531058447865557,0.5222943918063776,0.07080202156188493,1.1193088578767874,1.304400135573143,1.0,1.1193088578767874
0,1,1,2,0,1.517410282391726,0.04912497524107231,9.422832162869371,0.056574572531001344,5.723591311579509,1.1322238661030513,0.32217606132409354,100.37444617448286,16124118287.340717,0.0005992717220216501,0.6195852216619544,1.1288092787530961,0.3890477632659369,0.26887587915167177,163487.19427157598,0.07567908105111423,0.534395521714853,0.0710291323310306,1.1288092787530961,1.8064796402522514,1.0,1.1288092787530961
0,0,0,0,1,0.41727978647203084,0.00826438966923549,5.515757110438076,0.006963611688076998,4.399389026513577,2.6055590229656573,0.6178131840097199,124.51476303129425,19185309852.88096,0.001326914166243331,0.6201604809139643,1.1745835599221943,0.40484554299064457,0.29418601532458105,398923.7436870667,0.08194995683969493,0.5705279365924688,0.07691655669925701,1.1745835599221943,1.8532221517623713,1.0,1.1745835599221943
0,1,0,0,1,0.5742909358358992,0.01925384194762487,6.005831661158138,0.08707211704181758,3.6583976306040302,1.2387341079365664,0.8181679783833719,106.67379316792727,13681392543.992327,0.00113381038805715,0.6065483483774026,1.213184735761512,0.4256462527757044,0.3097602445060976,1466404.1866596695,0.09058736625099942,0.6521696992728061,0.08416239383860448,1.213184735761512,0.909506870613528,1.0,1.213184735761512
0,1,1,1,1,0.3738922667779066,0.012837923305269557,5.353454087202866,0.009280733264732569,8.632154453427036,3.5229399701525677,0.7474331096016984,116.36213790571716,10986422701.469452,0.0006769986460622782,0.6543925861936344,1.220003498707808,0.3993688481236492,0.2806494327306856,91621.59665801804,0.07974773842580518,0.5625879868223941,0.07485496055954756,1.220003498707808,1.9862080354390885,1.0,1.220003498707808
0,2,1,0,0,0.9283034932174544,0.047856570084573335,3.525969465053009,0.04935357742478919,8.916134184284603,14.57764639140714,0.5080228075017131,97.72036497224398,13122582206.231812,0.0006645903125746859,0.667468413569968,1.2327734513467998,0.39614537426679836,0.2840206475687545,587683.8025440195,0.07846557877649087,0.551022581105665,0.07350612182312946,1.2327734513467998,1.5252083909663963,1.0,1.2327734513467998
0,1,1,1,0,1.0650359838184422,0.03263300013795465,9.779868331551265,0.05248824743081118,5.930217816185193,15.663694153495374,0.797495951760558,110.65200464275306,9719695606.533003,0.0010115200790816379,0.64161321401513,1.2605351033464547,0.41978817506199917,0.2975985493819211,661377.848737,0.08811105596094183,0.6324787173967816,0.08190890655163761,1.2605351033464547,1.1541462714314659,1.0,1.2605351033464547
0,2,1,1,2,2.644497454273885,0.080108278150165,0.7436245681663877,0.05146212536994097,6.566185498343825,1.587533557191157,0.09161548327085436,115.76803704756779,17860718712.514103,0.0008324107558388521,0.6820253321023857,1.29897941599956,0.4075503548818844,0.27963687800784975,116491.12904318362,0.08304864588217495,0.6117959368031423,0.07739832119446391,1.29897941599956,1.3276399247875004,1.0,1.29897941599956
0,2,0,0,1,2.1014250647570165,0.08640929376183583,4.044854767738644,0.005980656018677989,0.7364946771550068,19.454606601367548,0.3428265962950224,82.24636585335712,14407630399.042147,0.0012462958562566913,0.6792788422870798,1.3258718711346327,0.41856605655491,0.2954838199353948,87561.27268250893,0.08759877184996406,0.6245433680541776,0.08175030494228501,0.9143645361098264,6.841796920311449,0.6896326530612242,1.3258718711346327
0,0,1,0,1,1.3614850026057872,0.04458210207895076,0.8232460786688466,0.050076846212713834,0.3939414252629716,1.0283166163418478,0.4826194789879161,69.73995328301119,16383921564.48677,0.0009502532467391292,0.6701535819596974,1.3460667493447354,0.42905293412154577,0.302900187750748,307582.646485446,0.09204321013915376,0.6828534598305942,0.0854700264980767,1.3460667493447354,1.8369702277296502,1.0,1.3460667493447354
0,0,1,2,1,0.25248497652067764,0.0883609934803277,7.674279581089863,0.07889661114458704,8.746676742702475,5.655685760835836,0.5490028012385123,105.13700706872686,12369066195.046938,0.0009433079841879861,0.7053046111135557,1.34687552302236,0.40952161297444667,0.28928141051162803,5221.323938672853,0.08385397574659624,0.6114961018164538,0.07835401419823698,1.34687552302236,2.067681712243085,1.0,1.34687552302236
0,2,0,2,2,1.9066186769986286,0.046859169631048185,0.44572714636191824,0.015199181297791403,7.575321357554676,1.0773756256975675,0.7789402945703358,119.20830983343919,13878514473.537235,0.001074117957343168,0.6883821597395585,1.362193673777304,0.4234586723052861,0.2907170134960355,184764.56262252005,0.08965862357527783,0.6623328858576949,0.08322751657105436,1.362193673777304,1.2570426408073874,1.0,1.362193673777304
0,0,1,2,1,0.410323777889997,0.07980769295683988,7.5783677149242745,0.02257391917230979,9.35990764027761,6.632018856358554,0.4962389593705578,95.45130298680238,12951879601.748646,0.0010279735396900302,0.7005787957814414,1.3656818776622437,0.4182445030791702,0.2925089774591853,14550.5569000756,0.08746423217797102,0.6311412219901615,0.08156006104086119,1.3656818776622437,2.3644635445275988,1.0,1.3656818776622437
0,1,0,0,2,0.434196603139815,0.019510829580006158,7.934197950988396,0.016883784534616454,8.639881259966403,1.901543816258783,0.12445061480613799,106.7826571865318,18560166535.095154,0.0009904300383882204,0.6943824945943574,1.3685779541903693,0.4219803014025459,0.294230561580364,77378.3592928827,0.08903368738589174,0.6570180953045025,0.0829067065610554,102.5875553594547,1.9778909193793126,74.95923417832928,1.3685779541903693
0,2,1,2,2,4.2096152142793075,0.09849777264570478,4.2360102476923505,0.046051608288423515,7.939046386255801,5.558789441741742,0.1963616838865771,75.86039518781844,9705854181.511494,0.0007578591003146579,0.7358799051773336,1.4348981261178972,0.41777200872820797,0.283112798222531,13592.708577704934,0.08726672563840093,0.6578888184354503,0.08105091882997688,31.14344861677929,1.7828573489690447,21.70429248593249,1.4348981261178972
0,1,0,0,2,0.5372408045348084,0.05282233448746356,7.077473615616691,0.012372965998462899,5.932274754192171,2.1101881229177955,0.20256200133012478,110.53320199015008,13440675943.507225,0.0010968245895971386,0.7215276251206298,1.4361467711168538,0.42705149262331976,0.2984044738996863,28893.985441283803,0.09118648867590268,0.668119449459096,0.08477659950185756,1.4361467711168538,2.954664393700704,1.0,1.4361467711168538
0,2,1,0,0,1.1567915075334563,0.0429500074552446,5.381088500542369,0.03983162964683183,9.36818345589706,15.361381567182578,0.535516018445555,105.18307666677701,13123624942.341742,0.000631184949700119,0.711027638800203,1.4380371034988817,0.43307991834551696,0.3022460519467211,432887.81159499293,0.09377910783707981,0.6983592839428387,0.08682910526053762,77.82345978407847,1.7134251798706603,54.11783854166666,1.4380371034988817
0,1,1,1,2,0.1129858892432206,0.04318171904143886,1.2952781973407415,0.0011538487409291232,9.596428573747353,2.684266194907346,0.5246036100593262,78.08012306725361,12548149303.534153,0.0009340670844440959,0.733360350687097,1.5088046430255737,0.44308568925534436,0.3225554790412392,42363.29708588038,0.0981624640114418,0.6885548354858919,0.0913529571910796,1.5088046430255737,1.612240233459961,1.0,1.5088046430255737
0,1,0,0,2,2.108757838193717,0.06441662783165193,4.4537134585953595,0.034265730942359074,2.652994456306596,13.566137904701506,0.2166461183881495,69.69784961654753,18875842430.042336,0.0009252856450224648,0.7477977754287473,1.5090405161391756,0.43262898386838666,0.29957285549089424,53561.45870573301,0.09358391884149639,0.7036924811956363,0.08661326283948613,224.09251664666758,3.137961878306759,148.5,1.5090405161391756
0,0,1,0,0,2.5263337194191413,0.06131342827431806,2.7611868004500906,0.06166764374261439,6.404643242971485,14.484829866486757,0.7496192487241121,74.60069768567288,12644476320.405977,0.0010755662331558148,0.725507599608187,1.5128245721076536,0.44478378635101185,0.3142135520905162,669102.0475900022,0.09891630830037128,0.7772477572660901,0.09110431515724071,1.5128245721076536,1.5602456062795682,1.0,1.5128245721076536
0,2,1,1,2,2.363075477676983,0.09999060778653907,3.3449681235000392,0.04733015644835535,3.1828276905998303,3.485136011790288,0.07622981900343813,113.44618271299811,15871549348.431042,0.0011163598664934973,0.7524157115862435,1.5130008191718758,0.4312177331898835,0.3004168755325642,27376.108038549955,0.09297436670871077,0.6986910231125334,0.08621005517970254,1.5130008191718758,2.6062399462936505,1.0,1.5130008191718758
0,2,1,1,2,2.363075477676983,0.09999060778653907,3.3449681235000392,0.04733015644835535,3.1828276905998303,3.485136011790288,0.07622981900343813,113.44618271299811,15871549348.431042,0.0011163598664934973,0.7524157115862435,1.5130008191718758,0.4312177331898835,0.3004168755325642,27376.108038549955,0.09297436670871077,0.6986910231125334,0.08621005517970254,137.9519867996107,2.6062399462936505,91.177734375,1.5130008191718758
0,0,0,1,0,0.655837126467542,0.08490496030234963,5.59212539523603,0.07581036738665876,9.804572744856802,10.611859219896587,0.6291107658825423,90.85491270929555,18410438572.263744,0.001332996783038584,0.7539705291991627,1.5506186812330958,0.44184678121260934,0.3168159828192628,19591.83295411576,0.09761428903397174,0.7158969127938594,0.09048568729531604,1.5506186812330958,1.944160805733492,1.0,1.5506186812330958
0,1,0,0,2,4.078048159674971,0.0722751619466739,6.357967414987563,0.051294679699688234,2.9669613971251207,7.33020779552331,0.3901792020126711,62.942189134907586,12005347201.776018,0.0013471661149155592,0.7614805546217454,1.5611964721044878,0.4403673560019804,0.31446503255705105,13367.855903224903,0.09696170411608747,0.71643695795892,0.08990910724299159,31.73038463191716,2.6279255469331084,20.32440195636921,1.5611964721044878
0,1,1,1,1,0.16800601359655884,0.09424461737683468,2.504206072507737,0.09300832272600991,0.4024370013494478,5.463512404825463,0.8303576333176051,107.84435012555717,15255683385.360836,0.0014426313606183427,0.7711050157825537,1.5705867121542143,0.43851420679030534,0.31205066481341587,23916.24955647338,0.09614735477846534,0.6929163928941264,0.08916184090622621,1.5705867121542143,1.9677034148667685,1.0,1.5705867121542143
0,0,1,2,0,0.19147835239500477,0.09167624422753744,1.7602625966203163,0.06327140513167492,7.215995681751718,1.3351767138666149,0.30744889777861995,126.94241544412847,10366279096.49245,0.0014078142076971436,0.7724331451772117,1.5980781565094788,0.44319658744614515,0.3098284484748885,112067.86799749352,0.09821160756195428,0.7537560557181086,0.09062273291781155,8.930055261097465,1.693512124198659,5.587996572459563,1.5980781565094788
0,1,0,1,0,2.354328282945729,0.07751487255805413,6.433073291682772,0.02663717800217708,0.9897183006240076,2.2573396707826907,0.5685372006855095,87.4602516501217,13546925880.073431,0.0013135511340119435,0.7799022795961322,1.606662978360433,0.44204156127608,0.3104463623613639,35253.28013803668,0.0977003709476972,0.7374715551082882,0.09031403986699732,439.0174987676824,4.80542479026744,273.24803314736914,1.606662978360433
0,0,0,3,0,0.6797218512772883,0.06134974393475213,7.238507943098251,0.09293899304226506,6.36706649407789,2.4375258430394653,0.4572712520139303,88.96677339893964,11397654664.229637,0.0012961677600611867,0.7441239596502618,1.6161174506292235,0.4650344599528985,0.3328969501319738,614899.4640286838,0.10812852447184197,0.8149112446171423,0.09914176335428318,171.34435306766696,1.5229558711839248,106.0222157745746,1.6161174506292235
0,2,0,0,1,1.841600281627797,0.04673714685822912,5.321880773651856,0.0109192258201894,1.6456611356065955,14.660112681195562,0.429293720340251,98.42081423278483,11086190299.322468,0.0012876447385587572,0.7771817887605981,1.6194864654839818,0.44783828895103117,0.3225497710474081,50689.15705991503,0.10027956652529364,0.7404783833021821,0.09282657746601415,1.6194864654839818,5.6494625188643095,1.0,1.6194864654839818
0,2,0,1,0,0.11126562888269911,0.0689348489058628,1.6678075343242929,0.08256278754112713,4.85476424614738,7.3921466959781315,0.24710767908324194,79.62725991970842,18185774627.986168,0.001054925755910968,0.7910908159499229,1.6204604352468193,0.43987883145389844,0.3022973100693652,42238.69973228805,0.09674669318062361,0.7267884910615049,0.08922766511871096,346.5738656138884,1.6288506862586822,213.87369791666669,1.6204604352468193
0,2,0,2,2,2.307724211864553,0.04367985577951497,1.0361796840627109,0.04275328664378784,5.71688435270579,2.699730282547101,0.6778832296258843,115.82727231221764,10981715793.103989,0.0012975135876875442,0.792548414792162,1.626684423685173,0.44038479443241524,0.3055020541799206,49614.221285457235,0.09696938358364031,0.73652437647586,0.08954273195174478,1.626684423685173,1.3472170692229972,1.0,1.626684423685173
0,2,0,0,2,0.6628237895115636,0.035424778132575795,1.6678881409661557,0.0024939005854735644,8.094763384474968,4.864567825720446,0.647824264886557,112.88389375043226,18653394618.630085,0.0009103116026180338,0.7757131777258158,1.6345067891267926,0.4537117055477917,0.33146579134295917,41577.20148698098,0.10292715587554303,0.7406929724172482,0.09540555754385731,888.6870432848152,1.5415600804618566,543.7034885364907,1.6345067891267926
0,2,1,2,2,1.697657027520312,0.03754705491878365,4.119997145637627,0.006896792459572062,0.4471394746157462,8.092913744076483,0.42787564221254487,62.94764713201675,11569709765.684698,0.0011103743223334383,0.8028320531185317,1.6734952601641246,0.4470463531352377,0.3146481675547283,20212.93315814138,0.09992522092575784,0.7654866582951666,0.09222731295805633,1.6734952601641246,6.925033335890083,1.0,1.6734952601641246
0,0,0,1,0,1.2009138839953526,0.08553523232446608,4.093434355558584,0.06787445125285278,8.145883652267178,10.664156546102795,0.596007825072317,64.10444898133737,18360293137.991302,0.001345654903672747,0.8063238420015568,1.696462462534628,0.4508387689544755,0.31669897764555693,43550.97155366351,0.10162779779619348,0.7868196031673796,0.0935892690031559,1.696462462534628,1.846140160074904,1.0,1.696462462534628
0,0,0,1,0,1.2009138839953526,0.08553523232446608,4.093434355558584,0.06787445125285278,8.145883652267178,10.664156546102795,0.596007825072317,64.10444898133737,18360293137.991302,0.001345654903672747,0.8063238420015568,1.696462462534628,0.4508387689544755,0.31669897764555693,43550.97155366351,0.10162779779619348,0.7868196031673796,0.0935892690031559,1.696462462534628,1.846140160074904,1.0,1.696462462534628
0,1,0,3,0,0.26824835510995776,0.01909304540045749,1.7989607176664901,0.06248776525451749,0.3608155021588684,8.168425886814974,0.6621022427901532,101.63759617287238,11234537425.9799,0.0013910300444132891,0.8283006340958879,1.8126656216204515,0.46963379401194016,0.33299334062546093,446700.56466444465,0.11027795023902472,0.8410013472793636,0.10096858887989864,1.8126656216204515,0.8921294787526621,1.0,1.8126656216204515
0,0,1,1,1,0.1641429218310479,0.04142021200311424,1.2389782933905342,0.0017921054210848066,9.82527232942963,2.6531531591368966,0.5395821681660324,79.09707644360783,12500672781.11824,0.0009400388224328344,0.822271161632854,1.8443125191110672,0.48459503665504755,0.3561528870202347,23350.226000245784,0.11741617477535345,0.8209511804302103,0.10788549728492511,223.9621715092748,1.5747256713283078,121.43395936889343,1.8443125191110672
