comp_idx,imf_idx,sn1a_idx,sy_idx,sn1ar_idx,sigma_2,t_1,t_2,infall_1,infall_2,sfe,delta_sfe,imf_upper,mgal,nb,ks,ensemble,wrmse,mae,mape,huber,cosine,log_cosh,fitness,age_meta_fitness,physics_penalty,loss
4,1,1,0,1,4.9148203906643495,0.09790929376036173,9.165467619784629,0.0038880748204641784,0.7513305549300732,17.211957139654267,0.340089063627826,66.75711296204321,15632267645.292242,0.0,0.11151511297424438,0.12474504302622039,0.1366085341079785,0.09949850908461659,557199.0824589453,0.009330945795565362,0.0517097219189635,0.009249996185025517,1.0,0.31696184156074003,12.156907342317554,0.12474504302622039
4,1,1,0,1,2.4508344549421035,0.09790929376036173,1.8831199734372226,0.004819925931424743,0.2505867458069665,17.211957139654267,0.340089063627826,66.75711296204321,15632267645.292242,0.0,0.12475303218248912,0.1473818477171554,0.1610118983311743,0.11908431005965597,1436448.5655133375,0.012962415702104206,0.07271923482855136,0.012765959433790625,1.0,0.2730513393343415,40.01303118206326,0.1473818477171554
3,1,1,0,1,0.5945764033768688,0.019973170952561705,8.61598723155157,0.0353342853599464,0.8182704364835963,2.152033595835562,0.03276574488447481,63.24068574245328,19748804418.843277,0.0010053821820492875,0.09129592758570715,0.15588507065023108,0.17223013627939912,0.10661056815861969,252039.79418550667,0.014831609921410197,0.08366155874771919,0.014425867346303634,0.15588507065023108,0.6111239619049417,1.0,0.15588507065023108
1,1,0,0,2,3.867755267718445,0.02286077335000744,6.129047875072938,0.050059626103522756,8.075430555557583,17.125428938443893,0.2288299248780146,66.51945306656775,18088024182.086605,0.0009163642863169372,0.1656694702195176,0.16147963743126764,0.16482249677907443,0.11476878955689333,695319.6723031234,0.013583227722244,0.057872762171711445,0.013393469822666973,0.16147963743126764,0.4720423634432521,1.0,0.16147963743126764
1,1,0,0,2,3.867755267718445,0.02286077335000744,6.129047875072938,0.050059626103522756,8.075430555557583,17.125428938443893,0.2288299248780146,66.51945306656775,18088024182.086605,0.0009163642863169372,0.1656694702195176,0.16147963743126764,0.16482249677907443,0.11476878955689333,695319.6723031234,0.013583227722244,0.057872762171711445,0.013393469822666973,0.2447086792167508,0.4720423634432521,1.5154150895397498,0.16147963743126764
5,1,0,0,1,0.7470028296508959,0.016190325856768963,6.421783883656582,0.01624179121979638,8.351979116204927,3.3174479924231504,0.6795461355780376,82.88814845943324,15434870884.837315,0.0,0.1615459038915993,0.16288738705016156,0.16829304661495967,0.11880818689312776,154755.4390129178,0.014161274769472492,0.07724599453546377,0.013985714172707582,0.21563017624166156,0.43405422164328633,1.3237990991608068,0.16288738705016156
5,1,0,0,1,0.7470028296508959,0.016190325856768963,6.421783883656582,0.01624179121979638,8.351979116204927,3.3174479924231504,0.6795461355780376,82.88814845943324,15434870884.837315,0.0,0.1615459038915993,0.16288738705016156,0.16829304661495967,0.11880818689312776,154755.4390129178,0.014161274769472492,0.07724599453546377,0.013985714172707582,0.21563017624166156,0.43405422164328633,1.3237990991608068,0.16288738705016156
3,1,1,0,1,0.5894695677345582,0.019846967363457993,8.614062374535422,0.03516927564850063,0.8161865483411365,2.1691181816730047,0.03102163306108203,63.286377006590435,19737811554.08325,0.0010064774932798351,0.12152661236467754,0.17248279442931294,0.18905183829531208,0.12689417664441605,358180.855394784,0.017870298781418416,0.09637772641985787,0.01738531688448749,1.0,0.5892893002195173,36.302672736137,0.17248279442931294
4,2,0,0,0,3.3733973035210867,0.08142354369884039,8.376609033195264,0.003444117047068781,0.9141789320713836,5.912911674931001,0.45693301912824164,110.52027773768273,19749067259.833805,0.0,0.14274701141301366,0.17542985875694841,0.1913549875189957,0.1432744056124716,1759236.9156342833,0.018308365624197503,0.09450701027883057,0.0179378510382709,0.7925060922813262,0.2977512222498957,4.51750972096098,0.17542985875694841
0,0,1,0,2,3.549940814846301,0.07879924764612636,3.029264597521046,0.06952524444182547,4.618148271669696,9.44551726361539,0.7591354590218585,129.97493526080504,12319891097.14147,0.0005315682607472767,0.1378873219601246,0.17768017422166008,0.19364968419209033,0.14748894735764018,3195224.937597662,0.01875010009384816,0.1049214311136929,0.018350582053757065,0.015366697931945443,0.527774888939736,0.08648515794888369,0.17768017422166008
4,2,0,0,2,2.141476697436062,0.09884611006339121,5.558506369116429,0.09881100769556939,4.812226248621577,5.53246529123597,0.4437921834113524,66.4546217902309,18838846585.92096,0.0006022026575115766,0.14443511475539966,0.17866074991035216,0.19425856059044277,0.1532513315803612,2820091.426643141,0.018868194181335365,0.10751615923278168,0.018531517696966968,0.17866074991035216,0.49331189779265777,1.0,0.17866074991035216
3,1,1,0,1,3.5854257171144592,0.05059962800007566,6.30416745239492,0.027178024984345715,6.345578892281852,11.980570867644547,0.41669851072146374,89.78294147609209,14520652207.823397,0.0008749942444995238,0.14010363794999864,0.17928764946013206,0.19602248638167188,0.15926654702370416,2040424.8655100167,0.01921240758362637,0.0940546751805944,0.018893391293610333,0.17928764946013206,0.5403357760737592,1.0,0.17928764946013206
2,2,1,0,0,4.979306448845926,0.06863803682454475,5.210919932791831,0.07945684940728183,0.5652312608547296,3.232485743861978,0.6690979295153185,80.76382824245226,12301826105.355127,0.00111505839105592,0.13314748227514317,0.17947649607461724,0.19588456787274872,0.14661173612548772,2361633.293563351,0.01918538196534675,0.1071594034151262,0.018751599355715288,0.17947649607461724,0.4260939234579478,1.0,0.17947649607461724
2,2,1,0,0,4.990063314632688,0.06821131275265645,5.2347305895016705,0.08004909778620077,0.567140019439099,3.266700618046608,0.6717969684371751,80.80195672935429,12285760338.052063,0.0011148154369023612,0.1289741998157205,0.18797204752743,0.20538784751620387,0.1513102482972092,2198100.494327791,0.021092083953669703,0.1177812590037437,0.020557692303413873,0.18797204752743,0.4207057864601799,1.0,0.18797204752743
4,2,0,0,2,0.5297095236346131,0.005976871975077759,2.4338847120857445,0.010892722596803628,9.267697997812098,4.271796475936382,0.2665150453719056,113.45006304369515,11747666397.474056,0.0,0.13552038582673986,0.18804609243122256,0.2049356384183325,0.15369594375043402,1055912.231389571,0.020999307946964762,0.12049630173909343,0.020604277002386068,1.0,0.8698046784921094,13.397367283831837,0.18804609243122256
2,2,1,0,1,4.981422075154528,0.07080201142697108,5.041888908955985,0.07677640781947993,0.49194472619910956,3.7434600726349623,0.6673213555782611,80.21054433613425,12167176619.14994,0.0011204188908484247,0.15713365373779647,0.1892845986153474,0.19962948493604885,0.1515466887161812,2881700.8500523097,0.019925965627916077,0.10990473346135499,0.01938669082252281,0.1892845986153474,0.47735546758184005,1.0,0.1892845986153474
3,0,0,0,1,0.8770157650220606,0.02117135737539593,2.111290569328256,0.03996045984688828,9.643916362985463,5.9916088079721685,0.5652562361399317,71.65402495883899,9055954668.37838,0.0009700638439992837,0.1394511973961612,0.1969320196988344,0.21458019057457947,0.1352972231897935,234689.92603952406,0.023022329093511422,0.12830362771916448,0.022130596041100768,0.1969320196988344,0.5201330735878305,1.0,0.1969320196988344
4,1,0,0,1,1.8378794035451997,0.05156860346166716,8.623269801133945,0.005222661814453907,7.355541838274202,18.439386959228877,0.12701590354971545,72.21903535855849,18708418004.878094,0.0,0.19680938928425737,0.19939637744703217,0.1797946831125158,0.14794936520824728,3185123.735533707,0.01616306403776499,0.08951506535642373,0.015966582138837056,1.0,0.31671669303505995,72.38643745699194,0.19939637744703217
5,2,0,0,2,2.4886658789818252,0.09576186984294734,1.2795731603164937,0.09677697291334518,1.5595270801761365,4.936538103055566,0.26606158367082505,89.23654376225088,14499582815.901144,0.0014785735701602061,0.20967606587873489,0.20207249937272406,0.17380993458694738,0.1450194442566299,3282528.768089989,0.015104946680559462,0.0830932552926189,0.014962579526304129,0.20207249937272406,0.3082099396487451,1.0,0.20207249937272406
2,2,1,0,0,3.989007927090621,0.033319396451783445,6.2220239191697715,0.05441596274700334,2.4795594204654745,3.340612550549681,0.7284962427438935,69.32922405048312,15726574024.103611,0.0013744738022606943,0.15112673022388934,0.20389329251935465,0.22058897542046155,0.1638881498974217,2272112.6659119995,0.024329748038524494,0.13410063050985332,0.023692366776472962,1.0,0.4417875105636632,8.053877870461603,0.20389329251935465
2,2,1,0,0,3.810305075643476,0.07891865981908511,6.1229509774782525,0.08633464795138605,0.5153664968635628,5.963109893971903,0.6668118376721,90.88090076492563,12387393149.951624,0.0010680706778184383,0.1567966811115885,0.20503495621519421,0.21655037656656803,0.1564144907236014,2491383.422094015,0.02344703279556121,0.1305651127590297,0.022721974088696813,0.20503495621519421,0.4224208010315859,1.0,0.20503495621519421
2,2,1,0,0,4.931203170926034,0.06895302028566785,5.0658558713898065,0.08138064792021604,0.7786612259265612,3.3360111721243264,0.6630534041389008,79.67507551538145,12654505531.970102,0.0011211740309269573,0.11845232410317437,0.20622322531909354,0.22579987773080018,0.16159493621474139,1773553.6669481732,0.025492792391622155,0.14192146846347098,0.024772145616534253,0.20622322531909354,0.4105175792271056,1.0,0.20622322531909354
1,0,1,0,1,0.4757302738222725,0.07362090982260629,9.320855113401807,0.04615071220496057,1.4800491935986735,18.525083282747303,0.4791992928673833,98.79700852039626,14198678729.743095,0.0013079694612378604,0.15584971738502168,0.20651583623007735,0.21911713473270597,0.16441920414140665,2367908.101511392,0.02400615936673541,0.13103448904001735,0.02338081158719492,1.0,0.5407272196769414,12.424593729411653,0.20651583623007735
2,2,1,0,1,0.13787199882955842,0.005171146461475293,7.830559884769447,0.03504628212951213,6.745175641500606,2.2065245240510465,0.13307030955853402,104.88527399876249,15822235663.914314,0.0007925230050659349,0.16683639435719083,0.21944932750999935,0.2227837842367838,0.15555446085052194,829695.3139284076,0.02481630725943092,0.1330806194876608,0.024107777201488646,0.21944932750999935,0.6271180570973027,1.0,0.21944932750999935
3,1,1,0,1,4.159021861557712,0.055448373545232424,6.687521264743464,0.09352784463658054,3.1950800913772697,1.197220331928963,0.24160023656034618,128.91308917863077,17493641218.325516,0.0013444033212744683,0.21044625108342746,0.2203843834024617,0.18941934379598124,0.15662330804864755,3932452.3012172584,0.017939843902050067,0.1009623473455662,0.017667291396381957,1.0,0.49858970899670496,5.720941732643306,0.2203843834024617
1,0,0,0,1,0.5679371618619111,0.094417931138512,2.7330182376859646,0.053626004157366056,9.997273960391583,1.2973271110074622,0.49723488284119854,129.68963918339867,15298931884.522488,0.0009634547349689864,0.14830920114302126,0.22054352939426783,0.23987736654353642,0.17134046807451805,1991801.2757495577,0.028770575489931064,0.1558755800122853,0.027811314167746598,0.22054352939426783,0.4474410890800308,1.0,0.22054352939426783
2,2,1,0,0,2.819858268466336,0.03616186902328118,6.2220239191697715,0.05441596274700334,2.4795594204654745,11.487249701409736,0.6807169230879427,67.78691828922723,15726574024.103611,0.0013744738022606943,0.21661839885675327,0.22129355886018512,0.18602866649960523,0.14504510107504678,3942361.23799602,0.01730333237981067,0.09823243192990672,0.01697970996171974,1.0,0.4397205665961992,77.6044852041046,0.22129355886018512
5,1,0,0,1,0.6023838436331601,0.02914972827940495,4.642826798947515,0.005668628724233371,5.975843067048225,13.10259861033471,0.13749270841111796,80.48092478458166,12043023344.20387,0.0,0.14862535402388766,0.2228351282545543,0.24213735153524382,0.16835582591120338,1858840.4796339544,0.029315248504251122,0.1624269864638025,0.02818058874760364,0.08849616446149364,0.4372272719415169,0.3971374044778102,0.2228351282545543
5,1,0,0,1,0.6023838436331601,0.02914972827940495,4.642826798947515,0.005668628724233371,5.975843067048225,13.10259861033471,0.13749270841111796,80.48092478458166,12043023344.20387,0.0,0.14862535402388766,0.2228351282545543,0.24213735153524382,0.16835582591120338,1858840.4796339544,0.029315248504251122,0.1624269864638025,0.02818058874760364,0.08849616446149364,0.4372272719415169,0.3971374044778102,0.2228351282545543
2,2,1,0,1,4.750979409830381,0.05940972486876071,3.9396338874146366,0.09076918580199768,4.287864088721642,3.2223766382228334,0.7075150789925336,67.118455127309,12835741681.26076,0.0011693285209636096,0.14001248834614116,0.22351209823764948,0.2434120241863816,0.17225052374360095,1804398.3713046396,0.02962470675925581,0.16260035847910503,0.028622468534960994,1.0,0.44322312249376616,74.93598206577366,0.22351209823764948
2,1,1,0,2,1.6077579467118674,0.03690976463778718,5.006785842140228,0.0622012573098359,0.6417905085236798,2.278302334307603,0.33926950355538055,71.53000896480171,13351949792.016802,0.0008048006914487165,0.21766645993011283,0.22397927415162014,0.1876813329860195,0.151812260931177,4418550.51943003,0.017612141375704563,0.09952310178468005,0.017312635968294954,0.22397927415162014,0.4060237032964616,1.0,0.22397927415162014
4,1,1,0,2,2.2631864960154044,0.07593784355851187,1.6577033360943756,0.09395768389397717,2.9425745135490837,2.6452183688531052,0.24748495946669358,91.61157483079734,18258589802.83523,0.0008091988010400953,0.16638162544741553,0.224913383553913,0.22835377267821763,0.16972449715591492,2511886.814402351,0.02607272274818755,0.1471699865736098,0.02530541393601342,0.224913383553913,0.3003782557229634,1.0,0.224913383553913
0,1,0,0,1,0.4875586588179214,0.04121621326444587,2.3166938349326305,0.037539796085598515,2.7797640887524184,6.946057796049722,0.3706722842828112,81.33609263124691,19461301092.480408,0.0008278926890818052,0.17099800417639427,0.22516797883245787,0.2242328188932866,0.17896032112005064,2380407.4280390716,0.025140178534414734,0.14632524538186564,0.02456414984439594,0.5962414878764088,0.5579775653693623,2.6479852551328267,0.22516797883245787
3,2,0,0,1,0.8199354549453505,0.018971676531205028,2.0889317896133712,0.04195241845253453,9.669915297951798,6.108952695725023,0.5587503561121159,71.5337678860001,9102688644.423897,0.0009490015682495676,0.17741453986343367,0.22595844911211124,0.22024127940904642,0.14491519548045587,280476.8417080868,0.02425311057786683,0.12680821618093086,0.023563525117867794,0.08430633029736906,0.7605220100609333,0.3731054564617752,0.22595844911211124
3,1,0,0,0,2.0800140751927825,0.0212875990990968,9.779411735290498,0.02983241881228622,4.4985792433024026,7.315078186376836,0.07181444833486914,85.36503498132895,12512963230.353386,0.001093989355159652,0.180068124271957,0.22827030518349906,0.21968645507952397,0.16138929713851335,3058996.8368028067,0.02413106927270385,0.1363950041354195,0.023347843926354004,0.40216443989294703,0.4577125338222187,1.76179043336215,0.22827030518349906
2,0,1,0,1,1.1580861716871202,0.04493762157275047,4.568389282636208,0.06540451899234252,7.165601000277162,7.388559593222621,0.7240366415354165,91.7991830866008,13568913198.104345,0.0008188504489162933,0.158179162152967,0.2301992629359886,0.24319955770337862,0.1981280309632894,4580869.838904941,0.029573012433559493,0.13598552460588353,0.028720645871817486,0.2301992629359886,0.5926011813128143,1.0,0.2301992629359886
3,0,0,0,0,4.292418040987447,0.08274683739244107,1.3920525481976536,0.020783681435426204,0.7239161510083559,3.052902913587978,0.2147305371017167,128.65584740392694,10068236936.662048,0.0014208469666206088,0.18682505519540982,0.23302100217226865,0.22030286198389865,0.18249146947676947,4519047.140945566,0.024266675499148346,0.10583505061246068,0.023773254762137316,0.23302100217226865,0.5043458067026975,1.0,0.23302100217226865
4,1,1,0,0,2.2564330287169723,0.07569171841944003,1.6108270722903195,0.0940359602197733,2.964920535766439,2.604952120553049,0.2470746329104,91.57395724391765,18189416405.82437,0.00080858844021056,0.1772085933177261,0.2385176183527775,0.2319791157528721,0.1744185528264289,2756429.505008355,0.026907155072742217,0.1543717591809336,0.02609220199018793,1.0,0.28781331476284194,18.038795976091524,0.2385176183527775
2,2,1,0,1,0.18599934681512442,0.006050310310965436,7.757504916682873,0.03584059523962133,6.798424524911282,2.093932383695551,0.11260921965794253,105.65376284162915,15625823407.673729,0.0008018302220953343,0.17902282253488488,0.24006926531487932,0.23217144878320778,0.15979503804414893,753723.1044639058,0.02695179081504684,0.1490754341652354,0.02612889078737321,0.24006926531487932,0.6579060185633401,1.0,0.24006926531487932
2,2,1,0,0,4.988064742641212,0.0643301040522746,3.654803349217195,0.09890960589211405,2.4832853323870343,2.227357502602942,0.7940688027169643,78.63673104041956,10466805462.854095,0.000996943995001945,0.15188474463991225,0.24127527070613408,0.2594838095040521,0.18082102402789432,1330617.8460512324,0.033665923697367595,0.1926228135455127,0.03246044336547118,0.24127527070613408,0.3709609296255873,1.0,0.24127527070613408
3,0,0,0,0,0.3380820544522916,0.026772163909129565,3.068286737700873,0.05326180464480147,3.600861832974537,1.0021317006154709,0.7399799743611386,111.53965610316027,12369166432.194893,0.0008138960980977695,0.202188863822096,0.2416308847539816,0.2153482784774606,0.14900332427618004,2412512.731913197,0.023187440521602962,0.11171403477733222,0.022466905211338865,0.2416308847539816,0.407993702357746,1.0,0.2416308847539816
3,1,1,0,1,3.3495973118858595,0.023753316196667866,2.565315013295999,0.0032874458289761485,7.322873993318821,2.6135819860519574,0.7302873787579324,71.97302026212122,13313567314.733053,0.0,0.17508056516711862,0.24471670110811744,0.24028897769454768,0.1658773342526145,2718201.6609184667,0.028869396400745415,0.15922885148249588,0.02774074728533215,0.24471670110811744,0.31645808290778993,1.0,0.24471670110811744
3,2,0,0,1,2.0763040457312476,0.03776906879579382,7.494731152190774,0.06869553221231296,3.190131303933351,3.3435932618308235,0.22143711794095608,96.69314139244388,18787231656.356888,0.0010032313035673115,0.21505899480480217,0.2447725002514183,0.20730423332846434,0.1593822030951931,4293108.910639931,0.021487522577951196,0.12383177943829848,0.020853038115679026,0.2447725002514183,0.47740320049504825,1.0,0.2447725002514183
3,2,0,0,1,2.0763040457312476,0.03776906879579382,7.494731152190774,0.06869553221231296,3.190131303933351,3.3435932618308235,0.22143711794095608,96.69314139244388,18787231656.356888,0.0010032313035673115,0.21505899480480217,0.2447725002514183,0.20730423332846434,0.1593822030951931,4293108.910639931,0.021487522577951196,0.12383177943829848,0.020853038115679026,0.2447725002514183,0.47740320049504825,1.0,0.2447725002514183
1,0,1,0,2,1.2688768232745062,0.07092858241711864,5.305450284128758,0.004963753586467865,4.8513548955095125,5.552184928486805,0.4907211266941235,66.27983235419399,10386308048.218073,0.0,0.15751873406483813,0.24604031721368447,0.25855629263312807,0.17662847043690227,1544324.4575931726,0.033425678230093875,0.19073294662761642,0.03217354555986682,0.25795405317081266,0.2603961495835186,1.0484218850473241,0.24604031721368447
1,0,0,0,1,0.45706370923837764,0.07328017418456238,9.305053561586702,0.046059985717814333,1.4757027818337147,18.53007383476922,0.4809884553770601,98.9229812001062,14221255336.064638,0.0013063685875569467,0.1930383356059744,0.2466890613872599,0.22728937750865122,0.1770075059686803,3179716.5212073005,0.025830230564135085,0.1263722422182849,0.025056601766297024,0.2466890613872599,0.6456573694138386,1.0,0.2466890613872599
3,0,0,0,0,4.810778576051618,0.030351995618408616,9.270114126969597,0.09348493809747047,5.232008814117186,13.032876820003793,0.18688659817562756,84.19224772602055,18180298107.796528,0.000551335108875265,0.16127469626253466,0.2474707406698803,0.2559895690673636,0.16177238961074325,165954.97875880604,0.03276532973564726,0.18997173407249845,0.031201260020113218,0.2474707406698803,1.1291243247225866,1.0,0.2474707406698803
1,0,0,0,2,1.1198553936745208,0.06582966098052896,3.222393109149759,0.07305655978519594,0.18831560322619328,14.94314126275575,0.5266480617709768,93.36481396620178,11954413946.039602,0.0008550509367873345,0.15502763932436714,0.24753350948872996,0.26262120138280354,0.18765085035047818,2055787.4343630173,0.03448494770787353,0.19899919262421473,0.03320369347228752,1.0,0.5066764141576694,20.042593836759227,0.24753350948872996
1,0,0,0,1,0.5305823954560616,0.07416402386916532,9.405963419001457,0.046502837535120835,1.3979135793288286,18.31834090583674,0.4782936608892086,98.72879189942473,14234199719.249207,0.0013151218218087602,0.1996969351796537,0.24785445670909492,0.22409564688022662,0.19996565634143604,6132790.780393042,0.025109429475333612,0.10065257944868078,0.024743609011141827,1.0,0.6472190392760179,47.78146566518054,0.24785445670909492
3,0,0,0,1,4.818105121335064,0.030838562996534757,9.287175649142512,0.093396139729212,5.237502712350574,13.127508338805631,0.18474721035345576,84.15130140505039,18163630327.260986,0.0005508522356743643,0.16296035850986057,0.24794423427321913,0.2545649961784737,0.15503193000422566,172365.0601394562,0.03240166863967317,0.19151235474207895,0.030750350185566447,0.24794423427321913,1.1690824028816076,1.0,0.24794423427321913
3,1,0,0,0,2.148868934179721,0.045511660264460366,8.479203037158134,0.01347410917488375,2.5504181974805022,9.468640764258222,0.08629039307366126,95.23528257758446,16513615225.390713,0.0,0.2199552153893321,0.24835386541875834,0.20692216403964103,0.16335259995636925,3954024.1698306263,0.021408390985424054,0.12203191559571447,0.02084291296068797,0.24835386541875834,0.3133104632883456,1.0,0.24835386541875834
2,2,1,0,0,4.8794500798515195,0.06786508940194955,5.0321353860588225,0.08002994760682651,0.5889677517221878,3.5214179067076277,0.6711165019381643,83.10993836844368,12131998610.300547,0.00110818671473409,0.1857954169394197,0.2504459877865418,0.2355692219034887,0.18642425318598752,2766502.656684853,0.02774642915410755,0.16334198298307046,0.027059877581640385,0.2504459877865418,0.5756724770451981,1.0,0.2504459877865418
3,0,0,0,1,0.2719181187870569,0.01516418323378433,5.077242075004917,0.03435547611645044,9.608978582692734,17.106215197627723,0.7033105318853844,92.74019683930959,13743518336.589771,0.0011719269914155237,0.14453187432488623,0.25269647020311037,0.2734291951950653,0.18532820056188035,2522866.4362879368,0.03738176239251056,0.2237194490287011,0.03547568206924066,1.0,0.8188452038498977,69.58703851585047,0.25269647020311037
4,2,0,0,2,0.27591506720236647,0.013999920510732806,6.635083424415604,0.013696143544655193,5.763294855155812,4.21866935261442,0.022461910155858848,100.4548512289011,16250382531.451828,0.0,0.18153691873708577,0.25401143085499855,0.2431037951163763,0.17751607868317587,2537671.8233825336,0.029549727599992533,0.1673055260885179,0.0285610654447285,0.25401143085499855,0.34933557098723395,1.0,0.25401143085499855
4,2,0,0,2,0.27591506720236647,0.013999920510732806,6.635083424415604,0.013696143544655193,5.763294855155812,4.21866935261442,0.022461910155858848,100.4548512289011,16250382531.451828,0.0,0.18153691873708577,0.25401143085499855,0.2431037951163763,0.17751607868317587,2537671.8233825336,0.029549727599992533,0.1673055260885179,0.0285610654447285,0.25401143085499855,0.34933557098723395,1.0,0.25401143085499855
3,0,1,0,2,2.4383411964291577,0.08410929398912037,3.7577403743445945,0.054117325453034194,2.3766889320067195,7.5463769992526295,0.20788655589148888,113.62639397419798,16147116330.631392,0.001441360807809943,0.2299584125065851,0.2582784082392687,0.2088347611428927,0.1688410318693851,4468172.096529248,0.021805978730804525,0.11184711305979556,0.02137270949519888,1.0,0.5210741193524574,50.66456860107574,0.2582784082392687
5,1,0,0,1,2.0427203672465994,0.029079889093416543,7.612121208294783,0.010733326827854456,6.081194095205118,7.5460565263289,0.7230380679195039,64.37934402936173,14698952161.502893,0.0,0.20353725112424476,0.2596617927228408,0.2294202959407561,0.17045581604385843,2180976.885611724,0.026316836094772054,0.14726490393207436,0.025448715392953444,0.2596617927228408,0.3417579839144604,1.0,0.2596617927228408
5,1,0,0,1,1.9431680693781688,0.0227032524450471,7.479298051092548,0.01017200446931929,5.87448577857731,7.806001600404176,0.7158433351844102,65.5440151403148,14756256835.881695,0.0,0.210905089204941,0.2596839640223207,0.22358593047686323,0.169905572110535,2399016.9058210137,0.02499533415360236,0.13939661083296961,0.02425805675884024,0.2596839640223207,0.3410271913124179,1.0,0.2596839640223207
1,0,0,0,2,1.2491028628623797,0.06607750062611195,3.5878303610923425,0.07215883889428146,0.1146528304105402,16.074147650340365,0.5366990824764158,94.09278991087294,11857799524.255577,0.0008457506932876509,0.16461663267395127,0.25979297724368444,0.2650830001588249,0.18835162682245085,2174782.75816483,0.03513449848660178,0.20269364399579193,0.033786658937376715,0.25979297724368444,0.5072282921468013,1.0,0.25979297724368444
4,2,0,0,0,3.0148225633141186,0.08714233534447445,4.637342430128477,0.02896779984845533,8.962557185914903,3.679597522470889,0.5160794245938215,111.88524403582295,19447703337.30378,0.0009468679102670841,0.16504839247453928,0.26105512767644107,0.2660582469065744,0.18614298421932932,2018430.996326366,0.03539349537349986,0.20123705231133193,0.03384171459830438,0.614273811681746,0.3779280434089723,2.3530425054247313,0.26105512767644107
4,0,0,0,2,2.0703867419808555,0.05709215956344369,2.5351288106169734,0.04010713364812693,3.439889081796576,3.4852310920909275,0.6470925398881255,115.91336692057831,12627916019.645874,0.0013828303214777325,0.2361748891222502,0.2613872872536845,0.20652273808918242,0.16582364550392523,4893057.682572017,0.021325820673926518,0.11928097299731522,0.020936484859073318,0.2613872872536845,0.4414111355991804,1.0,0.2613872872536845
3,2,0,0,1,0.5636382271164007,0.029454111995158048,9.484503323594334,0.0913493340582057,8.472858441199644,2.2948758672523644,0.5201111131350942,129.4426209231626,9628306351.115158,0.000884558609962197,0.17162111484288023,0.2615160768516642,0.25932592779390107,0.16334040746818768,155347.07187162622,0.0336249684130838,0.20019966004084255,0.03199416707307678,0.2615160768516642,0.8201039290508413,1.0,0.2615160768516642
1,0,0,0,1,1.4023997363036593,0.09270494724768805,6.300309458915114,0.04476254381313663,1.082718200087578,13.754733362855463,0.7298667418337602,115.25498343482094,9746252077.48999,0.0013293243525837088,0.20711456516256999,0.26154969304298453,0.2282894979635294,0.1552686956767876,1389171.4227059134,0.02605804744022015,0.14408385806746216,0.025194363227140075,0.26154969304298453,0.5607263243725984,1.0,0.26154969304298453
3,1,1,0,1,3.3601301659437386,0.02385532494492709,2.552084263384174,0.0030594318734150127,7.336990113697042,2.6025088810642165,0.7297403260614158,72.06564811718823,13316482602.379978,0.0,0.18824777944963358,0.2619929108787023,0.24456502008686434,0.1661746677958864,2910943.8708628733,0.029906024525044178,0.16881898415189767,0.028721246449140935,0.13699302242995964,0.31368450253490215,0.5228882795740408,0.2619929108787023
2,1,1,0,0,0.9786024726788529,0.07675699029994744,9.473302786810377,0.07447988857901179,4.4192863155916,4.003021930968143,0.39677923266595244,102.78654999506726,14342574856.23837,0.0008214097921334571,0.1777124760837951,0.26651325667763115,0.2588083059603937,0.18527113088114766,2301140.2464217553,0.03349086961704438,0.1874221024638495,0.03219200082615424,0.5446573828706697,0.39414088829030464,2.0436408667261,0.26651325667763115
1,0,1,0,1,0.6109951269272743,0.07017650411022382,9.064081629635512,0.05065774858357921,4.646290549227374,19.947259599764177,0.1258684589781391,104.21459899664563,15037091988.210415,0.0008471371156070544,0.20899995967916746,0.268278567850822,0.23286825887273377,0.17848658684038213,3022905.1885905424,0.027113812995209274,0.14620354263794344,0.026359015479877384,0.268278567850822,0.46742583213242334,1.0,0.268278567850822
1,0,1,0,1,0.5546112152061882,0.07069466500110598,8.989511202691789,0.05054783560084253,4.232812537761651,19.802876540330463,0.12148114498633479,105.26286325955122,14963530094.85788,0.0008368174672259132,0.2111594081275737,0.2685996845745557,0.23136562264535612,0.17816384602591281,3105088.006976357,0.02676502567103666,0.14497059139757273,0.026030488827506387,0.745136578896309,0.4652700768873393,2.7741528441351546,0.2685996845745557
1,0,1,0,1,0.5473060611366788,0.07092962321381249,8.998450094417494,0.05103747494396196,4.245881616174627,19.736158684872034,0.12475870661022018,105.22938115497402,14959764151.639935,0.000838446981334791,0.2112095846936825,0.2689520010881805,0.23162786610619285,0.17832495811969334,3103501.474669816,0.0268257341784542,0.14536611561028134,0.026087419602549317,0.2689520010881805,0.46551743659099926,1.0,0.2689520010881805
2,2,1,0,0,4.986673375265965,0.06831132940931788,5.228964068522205,0.07997524262993726,0.5803529923254906,3.25961633560825,0.6708407119235865,80.85371877724515,12295658581.174192,0.0011147661167190722,0.1966001944536544,0.26900708386342154,0.24314928863193253,0.19067671268567352,2690615.98462068,0.029560788281107413,0.1751444601523462,0.02879456777984382,0.26900708386342154,0.5716794097728919,1.0,0.26900708386342154
2,2,1,0,0,4.986673375265965,0.06831132940931788,5.228964068522205,0.07997524262993726,0.5803529923254906,3.25961633560825,0.6708407119235865,80.85371877724515,12295658581.174192,0.0011147661167190722,0.1966001944536544,0.26900708386342154,0.24314928863193253,0.19067671268567352,2690615.98462068,0.029560788281107413,0.1751444601523462,0.02879456777984382,0.05134597138931765,0.5716794097728919,0.19087219062003097,0.26900708386342154
3,1,1,0,1,3.749572753354952,0.0494957576860677,1.390288329219493,0.019171096108723747,6.042709324446085,2.646145334213615,0.675240857689169,66.74272144150106,13267407338.256384,0.0009377999052182506,0.17125810306986783,0.27139688735550704,0.2699477844170715,0.19297783855278966,1947453.645028139,0.03643590315584286,0.20575181794399178,0.03495811263001083,0.27139688735550704,0.28845234383653934,1.0,0.27139688735550704
4,2,0,0,0,3.3983167363374718,0.09352882123380053,9.102388872277754,0.014060615111840456,0.6656107124448338,5.526366214200258,0.5057199748256929,109.24089524194665,19924873480.698635,0.0,0.24209181678489433,0.2714565540760456,0.21033704616023066,0.15686026869380618,4241253.953148842,0.0221208364937055,0.12765545175840454,0.021394194891777064,0.2714565540760456,0.3116285827975155,1.0,0.2714565540760456
4,2,0,0,0,3.5149235749388077,0.08948912455416538,7.776300992362183,0.029643907390880835,4.302073852878492,4.039738839473666,0.5040119252044875,111.84715636615395,19429713882.972157,0.0009282712027694133,0.19105885064002237,0.2717609834163841,0.25072858651325086,0.17782645922789492,2674932.778732968,0.03143241204746636,0.18361133545908714,0.0299952568369124,0.629096218148292,0.42761337313642717,2.3148879218780625,0.2717609834163841
4,2,0,0,0,3.5296451486520124,0.08998409511556091,7.788007485109611,0.029743581950329723,4.2730506527855585,4.0684578115257315,0.50881523895225,112.25393206108726,19436097910.022766,0.0009249228479820871,0.19062605785686593,0.27251384908932924,0.25181674323681136,0.1749777545878615,2386506.2009331705,0.03170583608719709,0.18517671248447776,0.030218517075148197,0.9465880093160808,0.42744352684338144,3.4735409318804638,0.27251384908932924
3,1,0,0,0,1.9757669265162754,0.022098393202959647,9.498755487378057,0.03249884695875113,4.555346191997735,7.877704401799799,0.04468200575600536,88.01642052600693,12270546300.872164,0.0010927285092505565,0.2193311026643572,0.27463918909190443,0.2294549048964981,0.17345976795488025,4021343.48042937,0.026324776690530495,0.15383684755233662,0.025356125772700154,0.27463918909190443,0.45662274507563505,1.0,0.27463918909190443
5,2,0,0,2,2.425082566112306,0.09624128427282357,1.2823897320414748,0.09599998711678685,1.5122159575982967,5.236728984258577,0.2760133620694269,88.85419859890655,14243481656.31767,0.0014625796401332167,0.26353869828400034,0.27513764861424994,0.19961201062877973,0.16699476472382277,4306266.491423185,0.019922477393632034,0.10729366044443234,0.01969324323313545,0.27513764861424994,0.312999865296917,1.0,0.27513764861424994
4,2,0,0,0,3.0148225633141186,0.022794666941998512,5.155222841003302,0.02896779984845533,8.962557185914903,3.6149782014143463,0.5160794245938215,111.88524403582295,19447703337.30378,0.0009601506054297776,0.19355216319367816,0.275926331648948,0.2527384042183125,0.18418141915729414,2661311.9636945142,0.03193835048340956,0.17774026885261607,0.030638241118861265,0.275926331648948,0.39270284320432963,1.0,0.275926331648948
3,1,1,0,1,0.1082089607075562,0.006831330270199113,6.346382020524089,0.028425120038954952,2.6291401336411138,2.6984212361603572,0.1346371210508482,66.84767692580135,19102306479.367905,0.0,0.1896900880215455,0.27768033960948146,0.2576354349831399,0.18239323788876838,731303.8414670792,0.03318800867947585,0.19003336196447784,0.03210152839239467,0.27768033960948146,1.1139633208351472,1.0,0.27768033960948146
3,1,1,0,1,0.1082089607075562,0.006831330270199113,6.346382020524089,0.028425120038954952,2.6291401336411138,2.6984212361603572,0.1346371210508482,66.84767692580135,19102306479.367905,0.0,0.1896900880215455,0.27768033960948146,0.2576354349831399,0.18239323788876838,731303.8414670792,0.03318800867947585,0.19003336196447784,0.03210152839239467,0.27768033960948146,1.1139633208351472,1.0,0.27768033960948146
4,2,0,0,0,3.2920370265764185,0.09260043213949921,9.678874689225085,0.01064323916944995,0.7630524806384841,6.169208485404707,0.5718888644986637,113.78888967481558,19865404854.97814,0.0,0.2452397862132586,0.2791153810992341,0.21420725086701795,0.1404064719558685,3241874.5034744577,0.02294237316200278,0.13263546829378103,0.02194547390001729,0.2791153810992341,0.3430817777421161,1.0,0.2791153810992341
2,0,1,0,0,4.992781585896711,0.06822155851176251,5.216059004479042,0.07986848702613629,0.5727092519438788,3.3013086743612043,0.671955010614101,81.0728908476272,12305423026.21187,0.0011140425740845412,0.19398017624068464,0.2796447473589993,0.2554208915907219,0.20436804535016753,3649539.140422171,0.03261991593049965,0.18742849989164012,0.031519369826789954,0.2796447473589993,0.6504572269236549,1.0,0.2796447473589993
2,0,0,0,2,2.4004606868424045,0.04215536851733673,6.55517672597231,0.039944465512488744,2.9065846940733224,1.7837546202434709,0.8099560534446043,75.0353158258285,11077682786.85173,0.0013633208493604334,0.22627525029182968,0.2800119993086866,0.22903316226503256,0.2091624911318359,5822935.87617846,0.026228094708560367,0.14497242612794792,0.025882402671529737,0.2800119993086866,0.7042769890328103,1.0,0.2800119993086866
2,2,1,0,0,4.989697188043283,0.06879932213947425,5.096519541725945,0.07821335749065365,0.6103321870196717,3.4550045260312,0.6730377838980061,80.81145612753451,12237354200.79334,0.001112160547817542,0.20384764352315976,0.28021494825821436,0.24681213404285315,0.1934992705294251,2642386.7376513965,0.03045811475539366,0.1809974158930765,0.029638162749662123,0.05424691057842551,0.5749404671755605,0.19359035239061445,0.28021494825821436
4,2,0,0,0,3.5149235749388077,0.08948912455416538,4.5429463335729885,0.029643907390880835,8.886599823010938,4.039738839473666,0.5040119252044875,111.7791416232025,19429713882.972157,0.0009282712027694133,0.17698629711187608,0.2813522689973346,0.27340152921585736,0.1925415703654171,2084620.7938181192,0.03737419808878465,0.21662556365349062,0.03566808094829582,0.6371763668473568,0.37571117937208637,2.264692476510268,0.2813522689973346
4,2,0,0,0,3.5149235749388077,0.08948912455416538,4.5429463335729885,0.029643907390880835,8.886599823010938,4.039738839473666,0.5040119252044875,111.7791416232025,19429713882.972157,0.0009282712027694133,0.17698629711187608,0.2813522689973346,0.27340152921585736,0.1925415703654171,2084620.7938181192,0.03737419808878465,0.21662556365349062,0.03566808094829582,0.6371763668473568,0.37571117937208637,2.264692476510268,0.2813522689973346
4,2,0,0,0,3.5269226872961004,0.08981124429795764,7.78575234758097,0.029912719219777343,4.265271253595314,4.069406671194015,0.5076517739189758,111.99075784574502,19412914085.3355,0.0009261765066695335,0.19606967488585403,0.28266659572538455,0.2560164860211628,0.17693425169454838,2353309.296966925,0.032772220557312125,0.19252775812248402,0.03116130086943459,0.28266659572538455,0.4276285313458319,1.0,0.28266659572538455
1,1,1,0,1,3.7002931404686206,0.08549099373839539,5.989625314484039,0.015176765573227786,2.843000105731314,1.6142259998203368,0.7517785431720617,119.82026392235912,19935227064.25419,0.0,0.18742431710915747,0.28440384734797747,0.26661026832767093,0.18297275569887295,1509611.22644883,0.03554051758887635,0.19211686297296404,0.03412403399390782,0.7379117798105117,0.26538509613711825,2.594591411794976,0.28440384734797747
4,2,0,0,0,3.4740246534286094,0.09403455415567587,8.942392704988421,0.01454345345466147,0.7673863099765369,5.590839839782978,0.4957338321918084,109.84681692392246,19951245972.750492,0.0,0.24559653900821832,0.2847157389367521,0.21834661119866172,0.15290883318508328,3543307.3195174867,0.023837621310969774,0.13786601636196094,0.022853803168015174,0.134682811262613,0.30410118939476477,0.4730430841848612,0.2847157389367521
5,1,0,0,1,1.7373013517699378,0.029128314261435768,5.410679896951252,0.010799095928417659,6.437650959598366,3.2093211863811946,0.6201478240559765,94.32275264954126,12010122966.088833,0.0,0.2367706268279608,0.28693278988520776,0.22659066212984397,0.1802560718481875,3779318.577858017,0.025671664082220554,0.1455790448582751,0.025048130750690883,0.28693278988520776,0.340849669777525,1.0,0.28693278988520776
4,1,1,0,1,4.755936717281615,0.06951913096510036,8.988098704005084,0.013689393317974943,0.5234002402339776,17.46442524069468,0.2784792453683466,76.70737757831495,12499981252.834345,0.0,0.24129750013923934,0.28968438708514127,0.22535092235924042,0.15024943302047802,1989028.8790423004,0.0253915191040802,0.14621446123469206,0.024205967382576396,0.28968438708514127,0.29828050335817824,1.0,0.28968438708514127
5,1,0,0,1,2.006660117409995,0.026639809310571912,8.383562715263047,0.011099355883727065,2.974744678196988,10.24103724540145,0.6810148675363175,73.41928928444617,14361813512.107582,0.0,0.1820807754479618,0.29006843120060877,0.2760217941943933,0.19605573985819397,2411470.4496304756,0.038094015435146004,0.2290392546492246,0.0363372501877666,0.29006843120060877,0.44383324659490836,1.0,0.29006843120060877
3,1,0,0,0,2.167204597413954,0.04367198920075924,8.396774197830752,0.01587459194646837,2.7626411319453625,9.370598003377067,0.08564478571868438,94.43335251628011,16398749403.473167,0.0,0.24659628257367955,0.29025959433161624,0.22196524645489163,0.17918696585463306,4495859.806704448,0.02463428531689039,0.14264684822601514,0.023986580942005887,0.29025959433161624,0.31300831264316564,1.0,0.29025959433161624
5,1,1,0,2,3.2095620657316912,0.03936218402854855,4.949573542627274,0.08557171904737157,4.176091220487483,2.050489788837388,0.4309451419898587,93.48046727580686,12447485722.75431,0.0007950310436370997,0.20408297836322709,0.29125180476415363,0.25630797618708423,0.18429118123865795,2407798.0568316174,0.03284688932855947,0.1948530861412916,0.0313508522455612,0.995294679958833,0.3996869756526024,3.417299613867769,0.29125180476415363
4,1,1,0,1,4.755936717281615,0.06951913096510036,8.988098704005084,0.013689393317974943,0.5234002402339776,16.232363853333982,0.48897189294897325,76.70737757831495,12499981252.834345,0.0,0.24149858012706749,0.2921325847696997,0.22715377412674367,0.14968188367175367,1767361.1372836207,0.02579941855001184,0.1483030591788591,0.024569809172516707,1.0,0.2983791375962509,19.050723095472566,0.2921325847696997
4,2,0,0,0,3.517890950335451,0.09000559541102637,7.772072941046703,0.029982533580735115,4.266043198590031,3.9639244806279175,0.5055539745938689,112.01771800842828,19415908029.64501,0.0009220355283492469,0.2011795326471102,0.29300505056120213,0.2605072441991032,0.1799666893535363,2361017.0395666403,0.0339320121401056,0.20055750831381747,0.032177544019876665,0.9338740126039747,0.4282150694683656,3.187228379904358,0.29300505056120213
3,1,0,0,0,2.1790984761878764,0.043872825468803806,8.365812032775883,0.015990649883230495,2.804141849362921,9.478535006123924,0.08649814804092845,94.57294697086185,16406533848.902462,0.0,0.24679100834714263,0.29330239883220566,0.22419782192573653,0.18034745295731294,4436414.131448133,0.025132331678122132,0.145519967857471,0.02445479834889507,0.29330239883220566,0.31335478818670337,1.0,0.29330239883220566
3,2,0,0,1,0.9014444859892364,0.035851067286539556,8.452308616324737,0.08912611821702796,7.4857617624477895,3.2465129328190736,0.34494940370322874,97.91472315309227,14300879821.92539,0.0010720719131139544,0.23256432081993353,0.2935207234974617,0.2347526405455873,0.18005974956227902,4514688.973460728,0.027554401121562863,0.16207817896999688,0.026466570265404606,1.0,0.48018289617278953,34.30063951379583,0.2935207234974617
3,2,0,0,1,0.9014444859892364,0.035851067286539556,8.452308616324737,0.08912611821702796,7.4857617624477895,3.2465129328190736,0.34494940370322874,97.91472315309227,14300879821.92539,0.0010720719131139544,0.23256432081993353,0.2935207234974617,0.2347526405455873,0.18005974956227902,4514688.973460728,0.027554401121562863,0.16207817896999688,0.026466570265404606,0.2935207234974617,0.48018289617278953,1.0,0.2935207234974617
4,2,0,0,2,2.8546304601102985,0.07516374616017382,8.710308062526892,0.07496506449180701,6.885918390620626,5.007973636169499,0.7514579255278394,87.44868383640392,16380381242.058592,0.0013779196532037533,0.2089725075158561,0.2937627398697826,0.25411515460668616,0.18305093804666073,3051687.381386834,0.03228725590039,0.19264796398797623,0.030789880491864974,0.2937627398697826,0.5221948807601507,1.0,0.2937627398697826
5,2,0,0,2,4.71329169752137,0.09187735838767722,4.143366920663194,0.072961724104941,0.816608425547941,2.6470847517261147,0.373944059296493,85.17505195392175,12978936561.240995,0.001157780991306449,0.2435030131778704,0.29467368650177445,0.2286861707665875,0.18556890096092757,6525585.8843399715,0.026148682349942415,0.13192796694839903,0.02561044710257634,0.29467368650177445,0.4524390032155931,1.0,0.29467368650177445
5,2,0,0,2,4.71329169752137,0.09187735838767722,4.143366920663194,0.072961724104941,0.816608425547941,2.6470847517261147,0.373944059296493,85.17505195392175,12978936561.240995,0.001157780991306449,0.2435030131778704,0.29467368650177445,0.2286861707665875,0.18556890096092757,6525585.8843399715,0.026148682349942415,0.13192796694839903,0.02561044710257634,0.29467368650177445,0.4524390032155931,1.0,0.29467368650177445
1,0,0,0,2,0.6816809258969524,0.04447036343106705,1.4121335024313628,0.07103813952593879,3.2110916940089673,8.160871014380339,0.5872820768612438,103.21581912276082,11679549830.51752,0.0007316036519395628,0.2275710998189786,0.29584596345986686,0.24104209988597902,0.16062131674271388,1241232.798012753,0.029050646958721147,0.161414457928582,0.027960976622037968,0.1946885802537251,0.32977311565028167,0.6580741476979309,0.29584596345986686
1,0,0,0,2,0.6816809258969524,0.04447036343106705,1.4121335024313628,0.07103813952593879,3.2110916940089673,8.160871014380339,0.5872820768612438,103.21581912276082,11679549830.51752,0.0007316036519395628,0.2275710998189786,0.29584596345986686,0.24104209988597902,0.16062131674271388,1241232.798012753,0.029050646958721147,0.161414457928582,0.027960976622037968,0.29584596345986686,0.32977311565028167,1.0,0.29584596345986686
4,2,0,0,0,3.4736901594335974,0.09389295422103261,8.95295325181637,0.014466732036888509,0.7553635857503401,5.616027612072358,0.49558261830778944,109.63572172536028,19963893369.323376,0.0,0.25847464930658015,0.29636513046199175,0.21841164939830418,0.15388879944517392,3628854.9823284317,0.023851824296443874,0.13837268160555183,0.022875277039303855,0.12527031041507805,0.30477914489770663,0.4226891005018005,0.29636513046199175
4,2,0,0,0,3.4736901594335974,0.09389295422103261,8.95295325181637,0.014466732036888509,0.7553635857503401,5.616027612072358,0.49558261830778944,109.63572172536028,19963893369.323376,0.0,0.25847464930658015,0.29636513046199175,0.21841164939830418,0.15388879944517392,3628854.9823284317,0.023851824296443874,0.13837268160555183,0.022875277039303855,0.12527031041507805,0.30477914489770663,0.4226891005018005,0.29636513046199175
2,0,1,0,1,0.9378345404477476,0.092743118369733,3.265014898341333,0.08520777596811287,6.305332511125788,8.293027805340026,0.5488867756560243,84.11677079972306,14508702895.314323,0.0010608153693264096,0.1987562595878444,0.29728235305222744,0.2663182820511278,0.19638941112596084,2998892.7672059117,0.03546271367733203,0.2137028569016869,0.033813104928717655,0.29728235305222744,0.4589816889963791,1.0,0.29728235305222744
3,1,0,0,0,1.1614337009342546,0.06052081823434729,8.181142209410112,0.04050683927117347,9.094938299627094,8.712930009635805,0.33087274919116594,110.63063982849577,19869705471.188896,0.001164384484860996,0.215428221778348,0.29900856426099726,0.2534587077379397,0.18378284022353528,3113818.9965325897,0.03212065826409317,0.18337743164384857,0.03090167827901726,0.29900856426099726,0.4125580480000231,1.0,0.29900856426099726
4,2,0,0,2,2.878971365806435,0.07497774478838809,8.717742302090844,0.07494108348844228,6.8686111840650685,4.9922674751743275,0.7540053579835486,87.09182609845706,16393959904.611488,0.0013784250872219636,0.2119431909348582,0.2998404687519155,0.25670343530329764,0.18503719594416934,3075311.675180843,0.032948326848257166,0.1971608793045102,0.031434371217087316,0.2998404687519155,0.522407390098405,1.0,0.2998404687519155
3,1,1,0,1,3.274245229112729,0.020751125853129385,2.278673457187574,0.006705030358117206,7.9171534691921215,2.7250322852527047,0.7334845046807783,72.21260435476445,13309243703.819447,0.0,0.2029228200073891,0.30107704234585286,0.2660903173790972,0.19233911271975765,2865648.746706427,0.03540202850145434,0.20767361847569876,0.03394675740584583,0.30107704234585286,0.3174770551337794,1.0,0.30107704234585286
4,2,1,0,1,1.3916693959281974,0.03613388457270907,7.923733169612969,0.020741436374714796,5.731422136277777,1.3832301235628461,0.6891405366328406,108.39186397887336,17784630513.204952,0.0011100844649877483,0.27477259625307143,0.30335940765385416,0.21291567637569098,0.18121769288807663,6160152.4510972705,0.022666542623258984,0.13024075544016145,0.022336298920355324,1.0,0.4792736916709607,4.432686981919124,0.30335940765385416
1,0,1,0,1,1.6542528936116747,0.06850010584108907,8.958943147363549,0.028526695199460904,3.410625919010374,12.441488090769951,0.17010482695540347,77.96125268320687,15861372164.13205,0.0013167209823834796,0.23822274267646032,0.30417779148955937,0.23940479259116845,0.16087586260246114,1020671.7862433074,0.02865732735781019,0.15994658799632822,0.027644150118828453,0.30417779148955937,0.5383516360958476,1.0,0.30417779148955937
1,0,1,0,1,1.6542528936116747,0.06850010584108907,8.958943147363549,0.028526695199460904,3.410625919010374,12.441488090769951,0.17010482695540347,77.96125268320687,15861372164.13205,0.0013167209823834796,0.23822274267646032,0.30417779148955937,0.23940479259116845,0.16087586260246114,1020671.7862433074,0.02865732735781019,0.15994658799632822,0.027644150118828453,0.30417779148955937,0.5383516360958476,1.0,0.30417779148955937
2,0,0,0,0,4.12241331879166,0.09700572190219399,3.9154038908167506,0.021771525783008113,8.928667905789872,7.296738896028128,0.48417774860318485,118.6854136491911,9497895648.816381,0.0006390408474461085,0.22909656813905105,0.30479496231243364,0.24661791552158374,0.1802942722495178,1685113.8043531463,0.030410198128105508,0.17877172597561652,0.029417523982396686,0.9963196009711432,0.5193451987515268,3.2688191215898583,0.30479496231243364
4,1,1,0,1,4.7447690381669325,0.06912837283656124,8.810607875144521,0.01457518241271055,0.7404872814614565,15.961708580040895,0.5032075878453586,75.84784144401026,12558781594.405018,0.0,0.24195374091039923,0.3057646387139099,0.23762698127050033,0.15517303304895239,1688860.6865038902,0.02823329111386536,0.1610022715441508,0.026762194014545784,0.3057646387139099,0.29785727697432673,1.0,0.3057646387139099
4,2,0,0,0,4.267904061253064,0.08470799434595046,6.2654382165180165,0.0188054743093176,4.746102040012574,4.026730250951651,0.6108655618065374,117.3384353271521,18415073557.544075,0.0005006699927435794,0.21647265881749866,0.3085683764722602,0.26054543662174645,0.18024963499634575,1962555.270926567,0.03394196227220824,0.19543198913836868,0.032351504603357,0.3085683764722602,0.3803379737833976,1.0,0.3085683764722602
4,2,0,0,0,4.267904061253064,0.08470799434595046,6.2654382165180165,0.0188054743093176,4.746102040012574,4.026730250951651,0.6108655618065374,117.3384353271521,18415073557.544075,0.0005006699927435794,0.21647265881749866,0.3085683764722602,0.26054543662174645,0.18024963499634575,1962555.270926567,0.03394196227220824,0.19543198913836868,0.032351504603357,0.3085683764722602,0.3803379737833976,1.0,0.3085683764722602
3,2,0,0,1,0.6169029229628215,0.029260850327800833,9.473641159250223,0.08945833423110221,8.347980542964404,2.351093935560366,0.5311424215982068,129.39673254072056,9784037899.034733,0.0008683064651079154,0.20283907251153793,0.3106461070140566,0.27419906596131577,0.17381293899011127,132276.73740834117,0.037592563887029,0.22708165364281574,0.03568833329780362,0.755701766049549,0.8187267537345241,2.4326774068195673,0.3106461070140566
1,2,1,0,2,1.2517993746227651,0.07100299604624703,5.308563445307718,0.0059082759085110625,4.8699780568602415,5.507387805776887,0.4902900208154438,66.55889438388343,10376953607.074175,0.0,0.24919337977943776,0.31124674866994917,0.2366047779849154,0.15562378377489472,1203403.660216135,0.027990910482645553,0.15718754062651508,0.026945639527161856,0.31124674866994917,0.2640608136558049,1.0,0.31124674866994917
4,2,0,0,0,4.846153420186549,0.06383917002317858,8.293835880795752,0.019476127935544124,0.13084909753931084,8.257672373687765,0.3736988795239064,112.84230739152542,19350189707.056423,0.0008858934781451572,0.24557017899806077,0.3137690363149838,0.24466115037607897,0.20811282185571825,4919956.2006200915,0.02992953925167316,0.10513504588885547,0.029283662441445656,0.3137690363149838,0.4225856184541578,1.0,0.3137690363149838
2,1,1,0,2,4.568638641333207,0.046479922866475586,0.27556222484070314,0.09537497312565663,7.516038849526669,2.7489310608502238,0.2646669458968641,95.55534327487186,11588105969.785692,0.0007008434723606119,0.19597681098597386,0.31381214597166585,0.28414136313560745,0.20273122464723914,2071189.963137055,0.04036815712228057,0.23454801294185645,0.03860226438612606,0.31381214597166585,0.24359880819223823,1.0,0.31381214597166585
4,2,0,0,2,0.8718602676176251,0.0853630322428445,7.56898321482413,0.06604175269830781,6.071835764722633,8.466506401576055,0.13902758972260384,74.60030312317801,18911866566.53473,0.0010306786734931724,0.21160004963010381,0.3185954645399289,0.27779508296519906,0.21933704951313615,6435008.765735681,0.03858505405982091,0.13954838634505184,0.03694957943585878,0.3185954645399289,0.5927408282262205,1.0,0.3185954645399289
2,0,0,0,0,4.12241331879166,0.09700572190219399,3.9154038908167506,0.021771525783008113,8.928667905789872,13.088341827880605,0.7086020259228769,118.6854136491911,9497895648.816381,0.0006390408474461085,0.2443554557694082,0.3189578754556401,0.24584624656713272,0.177858075011182,1642850.198822142,0.03022018847557371,0.1772683379319585,0.029184899450850232,0.3189578754556401,0.5543812236040474,1.0,0.3189578754556401
4,2,0,0,2,1.1222359295943238,0.09598185737205772,6.656454526599259,0.08798135286752272,7.017049275136128,6.975118749727997,0.4883102650514133,62.62474811526579,18046722420.197258,0.0009753317200568494,0.22147702567438332,0.3237916745113099,0.26920181571836316,0.20297498473549938,3164926.9022692535,0.03623480879303177,0.20185751998587909,0.034528372123253694,0.655930818705236,0.5789354569259185,2.025780371577542,0.3237916745113099
2,1,0,0,0,1.9444680777160792,0.06671248533186887,1.3508358305363946,0.0869881271084132,4.037281297865425,9.122825362446784,0.3479946227722651,60.31917564940924,11468449446.592339,0.0010562634512493252,0.2643145419543644,0.324478904367363,0.23553211239079963,0.17903226819141463,3682780.7094463604,0.02773768798363613,0.15718147085934264,0.026829215278821865,1.0,0.27239473041279927,12.921294687316438,0.324478904367363
1,2,1,0,2,0.5720286839078385,0.06835831708117604,3.9270121863752485,0.04948211530107828,6.488599629611885,3.497591627617092,0.5381285991746637,89.78727420024273,16121495212.149834,0.0007044696943539893,0.24109192783234318,0.32575098507082495,0.2545656652958445,0.16904979337718826,1279362.467161086,0.032401838973757965,0.1740100372784894,0.03111594280889669,0.32575098507082495,0.3580417764795348,1.0,0.32575098507082495
3,0,1,0,2,2.524689319088503,0.07046277980280288,5.509616037323749,0.05551601525213313,2.2358019329978926,1.2578442517149586,0.4407329006708217,124.33728337664877,18324988074.526398,0.0012882856792167357,0.2606218412352999,0.3269440288465702,0.24041629593992753,0.21010039326712185,6991300.697825,0.02889999767673741,0.1564602998842788,0.02843538613560736,0.16484470973366935,0.6200984319801901,0.504198563635577,0.3269440288465702
3,0,1,0,2,2.524689319088503,0.07046277980280288,5.509616037323749,0.05551601525213313,2.2358019329978926,1.2578442517149586,0.4407329006708217,124.33728337664877,18324988074.526398,0.0012882856792167357,0.2606218412352999,0.3269440288465702,0.24041629593992753,0.21010039326712185,6991300.697825,0.02889999767673741,0.1564602998842788,0.02843538613560736,0.3269440288465702,0.6200984319801901,1.0,0.3269440288465702
1,0,1,0,1,0.5814374673762679,0.07207103546594165,8.540463393648745,0.051963061514695257,6.429741436069374,19.927621963021075,0.21770923690375182,92.60071761166937,17481241328.366383,0.0006215560888237541,0.2937441055710493,0.32727716036460736,0.21770296740336598,0.1763488044674118,5993136.781494967,0.023697291008115514,0.13757082130883147,0.02318256151896049,0.32727716036460736,0.42641091656627056,1.0,0.32727716036460736
4,1,1,0,0,0.977604156431036,0.07912908614320327,5.430866900619002,0.07505704085163574,0.1998629712556436,2.8285781570134576,0.7699845969085185,111.54525733730864,17691435191.533997,0.0007345309393196906,0.2822202277211806,0.32766245202239064,0.2265056581309212,0.18641219580983298,6708205.367238894,0.025652406582660874,0.12783562001574833,0.02518881266133707,0.32766245202239064,0.36795273938737644,1.0,0.32766245202239064
3,0,1,0,2,2.522699487348638,0.07346973703513539,4.910750775031856,0.056352674341537644,2.298760927945461,1.326748395882999,0.41559689728249033,126.57638134108541,18380735330.60248,0.0012861057615801167,0.2630721897812375,0.32939089059801085,0.24005284198313095,0.18479437704232068,5174013.191583821,0.02881268347208902,0.16337931554402685,0.027815428326396392,0.21696968155597804,0.5358434544019381,0.6586997022354457,0.32939089059801085
4,2,0,0,0,3.4732330098798667,0.06252002773643138,8.08431127113723,0.0017729229901985433,1.2773844538395347,10.227510890635493,0.2938184925961559,112.58726884520567,17094320963.88381,0.0,0.2798372517563773,0.3318159474263299,0.23104775305817496,0.15598337333748338,222227.63748497367,0.026691532096615695,0.13352941495448467,0.02594352515438586,0.3318159474263299,0.2939069571653307,1.0,0.3318159474263299
5,1,0,0,1,1.5826962181320012,0.024264388609688346,6.205210883823275,0.02750815254798361,4.77604791378953,14.89331231936696,0.1366359162417165,100.10088499467423,13570830907.220871,0.0010269662032259869,0.20272694788581724,0.3320388956143337,0.29653507635008075,0.23324040286569706,4759146.411469852,0.04396652575297411,0.1963420166966906,0.041959364270405385,0.44639683668443225,0.5508352959447331,1.3444112800655932,0.3320388956143337
5,1,0,0,1,0.6280696652860278,0.027813766727839095,4.6993645715048,0.004484658773587678,6.084401333764011,13.03574044264098,0.12402798525202013,80.05939946864892,12184933721.619637,0.0,0.2654640309708597,0.33260145101494304,0.2403397857632296,0.18914524140329758,3395329.8534051995,0.028881606310357546,0.17027726197561366,0.028145334007476642,0.33260145101494304,0.3063718557883254,1.0,0.33260145101494304
3,1,0,0,0,2.971287292172994,0.06648095482080615,9.537559445878326,0.0573481198052271,1.0023255248637235,10.01605994069871,0.0534526490487025,99.83625593972499,15725780762.557287,0.0012126256875273204,0.2667918677074995,0.33657248737726214,0.24485899617512252,0.20411371084038576,5522843.680843301,0.029977964003944334,0.1286854348316886,0.029403133810193344,0.33657248737726214,0.5398331998677013,1.0,0.33657248737726214
4,2,0,0,2,2.3695422855214967,0.09980120080736021,5.783566343352298,0.09845273440740297,4.8634070646745835,5.4718326239211255,0.44858665700852635,67.03114963579979,18836157346.86389,0.0010387038328011577,0.22308750494740692,0.33663422662903464,0.2787348117656066,0.21173255176561875,3597943.583563432,0.03884654764500408,0.2092189258839875,0.03686925886180859,0.00705939154337095,0.575701986642895,0.020970510378762772,0.33663422662903464
4,1,1,0,0,1.476378712819397,0.04578863836913772,5.1483995730401855,0.07502838938059743,2.1701134154781325,5.620065049862376,0.5747805211527252,103.18466399743579,18914769916.049217,0.0009511887031836796,0.287875334096662,0.3385843581564539,0.22935045837597545,0.19063898058561804,4849629.873391895,0.026300816378635024,0.15146891264849127,0.02573691085704595,0.3385843581564539,0.40074150290572114,1.0,0.3385843581564539
4,1,1,0,0,1.476378712819397,0.04578863836913772,5.1483995730401855,0.07502838938059743,2.1701134154781325,5.620065049862376,0.5747805211527252,103.18466399743579,18914769916.049217,0.0009511887031836796,0.287875334096662,0.3385843581564539,0.22935045837597545,0.19063898058561804,4849629.873391895,0.026300816378635024,0.15146891264849127,0.02573691085704595,1.0,0.40074150290572114,22.981011575678927,0.3385843581564539
5,1,0,0,1,0.6027007527587949,0.02926181165727095,4.656070017135887,0.005795281478854287,5.975475606803542,13.097717949999636,0.1376081241692274,80.49962258800159,12033890131.318209,0.0,0.2809069771289318,0.3427385542197177,0.23677059811761297,0.18909371149266846,3654657.2522764653,0.028030158066486094,0.16494243200315195,0.027359433226684632,0.3427385542197177,0.3084575973467107,1.0,0.3427385542197177
4,1,1,0,1,4.746666123763637,0.06926347501347009,8.812245893872745,0.014591808506467852,0.7577074145963728,15.953537419517103,0.5062135538837409,75.81223401374282,12526606030.696167,0.0,0.27194772868935435,0.3433728842095366,0.24355346199372022,0.14814369836665114,1308519.9922931094,0.029659144424563258,0.1738598077016007,0.027811061550041205,0.3433728842095366,0.2979286239713026,1.0,0.3433728842095366
2,2,1,0,1,0.14531115549799334,0.005043247604586483,0.22049238999406226,0.03535002374747756,1.8867373969560668,2.198750396418015,0.13324888377333433,104.73706903903215,15836325906.84776,0.0007991552629682296,0.30428703025564663,0.34586114812192714,0.22534508217861476,0.179987359914442,8800873.488847028,0.02539020303104332,0.1168771405488005,0.02494510662832852,0.34586114812192714,0.5197104315147907,1.0,0.34586114812192714
2,1,1,0,2,4.62017894757445,0.04680154443800586,0.19592787014476234,0.09389272544266226,7.521197128363493,2.631242058162073,0.265567369773458,97.28804185430124,11656224138.051702,0.0007227642341021492,0.2493045316383096,0.3490731869678564,0.26538789617625186,0.19547063625723263,3125050.449698524,0.03521536771842852,0.2005743616511958,0.03380073587124029,0.3490731869678564,0.26367205698029134,1.0,0.3490731869678564
2,1,1,0,2,4.62017894757445,0.04680154443800586,0.19592787014476234,0.09389272544266226,7.521197128363493,2.631242058162073,0.265567369773458,97.28804185430124,11656224138.051702,0.0007227642341021492,0.2493045316383096,0.3490731869678564,0.26538789617625186,0.19547063625723263,3125050.449698524,0.03521536771842852,0.2005743616511958,0.03380073587124029,0.3490731869678564,0.26367205698029134,1.0,0.3490731869678564
1,2,1,0,2,0.5720286839078385,0.06835831708117604,4.25570957824668,0.04948211530107828,6.488599629611885,3.497591627617092,0.5432386406004397,90.20313827708743,11621569451.32629,0.0011689503406213122,0.270458352877662,0.3496394542171834,0.2496587643862737,0.15799435855197833,1201427.3763626632,0.03116474931744047,0.17318952089025907,0.029923495037103513,0.5329728021873872,0.4187722770505955,1.5243497144241729,0.3496394542171834
2,1,1,0,2,0.8684579528116606,0.06360365098417406,6.937349835704628,0.07783795092306874,0.3848232822479316,2.7690234199698835,0.19713827251351826,68.5933742773696,16702670885.534985,0.0008566563817902385,0.295112584803756,0.349865435193345,0.232790387235673,0.18798379984254715,7334581.662703693,0.027095682194667292,0.1477696218363166,0.026523942960169883,0.349865435193345,0.40665677942110434,1.0,0.349865435193345
5,0,1,0,0,1.7561510089257966,0.0854687032764856,0.19970600876374134,0.02626297802869684,7.076608090055819,5.9550492048315204,0.7354445405457113,92.31600752280708,9715722763.67088,0.0008174208318471334,0.25614524375373415,0.3578906210817694,0.2660365175416808,0.20329702055355747,3802626.768713439,0.03538771433285252,0.21034997299291402,0.034060247678854925,0.3578906210817694,0.28532195455037446,1.0,0.3578906210817694
5,0,1,0,0,1.7561510089257966,0.0854687032764856,0.19970600876374134,0.02626297802869684,7.076608090055819,5.9550492048315204,0.7354445405457113,92.31600752280708,9715722763.67088,0.0008174208318471334,0.25614524375373415,0.3578906210817694,0.2660365175416808,0.20329702055355747,3802626.768713439,0.03538771433285252,0.21034997299291402,0.034060247678854925,0.13358150696393328,0.28532195455037446,0.3732467382357391,0.3578906210817694
5,0,0,0,0,3.894915481954851,0.08112482350974141,0.4607895688864886,0.07673394192685977,7.097891237906168,8.412080536137594,0.6161701304022271,61.20792492457598,12506706257.035507,0.001220779115688633,0.2708050355835649,0.3586204513000329,0.2556439018647015,0.19532353754207432,3847096.36182182,0.032676902280304565,0.18627266334888504,0.03151627479144681,0.03893313853427738,0.2740505885116873,0.10856363153060872,0.3586204513000329
5,0,0,0,0,3.8912759012530302,0.08122796144227643,0.4584026418685458,0.07670977208658848,7.095516294231384,8.406063449334951,0.6157523037169398,61.24799810766864,12504955814.0145,0.0012205270042345373,0.27094185488651673,0.35874106822203067,0.2556270583290263,0.1953486662300255,3850729.536707803,0.03267259647497572,0.18626869535957147,0.03151256157754274,0.03889204330706482,0.2740501381391236,0.1084125759557417,0.35874106822203067
1,1,0,0,2,3.097271644743787,0.0410584323890186,5.981020365967308,0.06302407910367289,8.498788546087054,9.076263644732737,0.3613978832052081,61.32002165871172,18340621942.45702,0.001005218624716252,0.2500130305761786,0.358990304819118,0.2723064548777683,0.1922736811129116,3051575.3052348443,0.03707540268404902,0.2119438342392579,0.03536471463733129,0.028786194517239516,0.4074778641444216,0.08018655136590339,0.358990304819118
2,2,1,0,2,2.4308944090872373,0.006783417439218818,7.177764783908044,0.05816705577133284,4.152904587265353,1.8005874167864548,0.7429722085062819,71.38049730455725,19539842654.124725,0.0011672609772216437,0.25952188415725275,0.3639598295180253,0.26790562537553547,0.18121540640340045,1085224.3193378667,0.03588671205392838,0.2119158728538919,0.034529712497811525,0.3639598295180253,0.7451111113349028,1.0,0.3639598295180253
4,2,0,0,0,2.8702116432229845,0.09896721915060343,7.226989464407079,0.03804606738222307,6.136853252220255,4.361126847016138,0.506938551132129,128.5885868482117,16906969709.70161,0.0006508715404752164,0.25198748006742544,0.3732226962041779,0.280791133109572,0.19395827830533768,2506154.7658552276,0.039421830216478694,0.23678874869397815,0.03715836754981109,0.3732226962041779,0.3961955930284027,1.0,0.3732226962041779
4,0,0,0,2,2.1940705986455957,0.043568772850680934,6.689181363957015,0.02304536300515612,5.076445286870026,7.802810840898285,0.4299097359382113,127.24314996790085,13605453428.817616,0.0013424747211606585,0.27090804031407717,0.3733071439961668,0.26562471609671984,0.19444970741437495,4852721.677551263,0.03527824490073151,0.21053449120580148,0.03340065191946627,0.47125230992829653,0.5971042437020908,1.2623715283979013,0.3733071439961668
5,2,0,0,2,3.237782599492694,0.0990533342828558,0.41415785664614757,0.062317725953733916,1.1358210991071447,1.5282941851594687,0.47890496486763623,71.92019947660783,11698147787.125149,0.00143149213737182,0.3050698836133224,0.37449497364780127,0.24335623867443115,0.19536912565263848,8119836.214668761,0.029611129450883348,0.1508600268801087,0.029028978258328363,1.0,0.31088967009285995,4.991113292698786,0.37449497364780127
1,0,1,0,2,2.870413141475391,0.09228787851708137,7.115709890890516,0.006982175763076646,1.8285788047335263,12.334455177264134,0.4300871095403859,63.571172802469334,10661172163.740154,0.0,0.2438181498123359,0.3756398837415503,0.2899010770347502,0.19362889794913832,758960.4602779185,0.04202131723295408,0.24861206181756068,0.04012194125075211,0.3756398837415503,0.264162961154078,1.0,0.3756398837415503
3,0,0,0,0,0.37817698151793544,0.01409896703514445,5.59578199173338,0.08413383942428526,0.595946779182664,2.5715562686655273,0.017528626518696,66.88925288230108,18187931147.25129,0.0014819052383908335,0.2948834163184225,0.3761567064392471,0.25202435725722033,0.17957054749756027,374651.04754267813,0.03175813832545751,0.15182742676232341,0.030827713671001337,1.0,0.5765461136666706,171.956023515623,0.3761567064392471
3,0,1,0,2,2.3782537665295016,0.0692094423260342,5.76897190515089,0.056174719183639206,1.692369370960117,1.6296639729736677,0.4411955359235268,123.4523901544464,18326724056.89326,0.0012896012345879442,0.27586647303930695,0.3796537352740347,0.2689968440408633,0.22678765477439175,6772201.117444064,0.03617965105197228,0.16538794827293002,0.03529869602006169,0.3796537352740347,0.5399329012489598,1.0,0.3796537352740347
5,1,1,0,2,1.654762635321146,0.029398207749553523,3.340993542766499,0.09566178092542743,4.2597894207776985,1.2423229824741853,0.5537298358024929,90.36981963442648,13383462141.718287,0.0009711119690092835,0.27986076637891255,0.3820731543808489,0.2651348701031671,0.17452524800503239,177402.6539053549,0.03514824967231165,0.20681923071421082,0.03383611256749612,0.3820731543808489,0.6232308833042787,1.0,0.3820731543808489
5,0,1,0,0,2.5057133295983096,0.0748000800864815,1.3463164477759606,0.01067755891904781,6.973322859256856,8.037513554567512,0.7967347571417552,126.12051337463018,11753562208.748222,0.0007798304173280167,0.27118363222703495,0.3847797631903401,0.27354900432646573,0.20449513589332258,4078593.2319372515,0.037414528884000375,0.22421438091658186,0.03580141849036237,0.20312027810752517,0.3085917407492335,0.5278871124182462,0.3847797631903401
0,1,0,0,0,4.4687868964839055,0.032099705687208845,2.7574107077878582,0.04928710522356227,9.062170952723386,14.942900939341474,0.38382018898809395,71.55007512174092,15119542399.013657,0.001080008425691476,0.24914165160214585,0.38832757979105226,0.2949737247043937,0.2453923465033446,3905818.4468591143,0.04350474913299172,0.2539754929762117,0.042017383888584454,0.556694486459528,0.6109798086604885,1.4335692735475267,0.38832757979105226
1,1,0,0,2,4.403447204076543,0.02595707049239697,7.976575676874819,0.05452507597174591,8.007450459253045,8.163402228547548,0.5716655227617202,61.73698275501823,17216924071.88966,0.0008166161642445043,0.3107603612202754,0.3886610108648216,0.24886237437698985,0.16141624235604035,387280.77436020126,0.030966240690276526,0.1586076421939434,0.029913919437132952,0.6283597309276746,0.40684042916653973,1.6167295235750354,0.3886610108648216
4,2,0,0,0,2.8746012467458413,0.07180240434398119,7.154652105741432,0.015862362221582466,0.5755435827049297,7.987660357424134,0.036708555234581296,90.703463378506,18118025425.668175,0.0,0.24264067226579433,0.3899327934614192,0.3011247058733726,0.19460592795676376,508463.1734516271,0.045338044243662584,0.28301376916476595,0.04260353210719581,0.9872925771127068,0.4063309258258139,2.531955746395543,0.3899327934614192
5,1,1,0,1,1.6191236098941737,0.029174971564787655,3.3163499729296566,0.09540283391356752,4.286954850552913,1.2324611310124967,0.5608556544745207,90.16695602267309,13420193021.400824,0.0009758773555872689,0.2837292995947448,0.394171627944902,0.2703918430215521,0.17400667131849146,131510.67545255832,0.03655587438629584,0.2191172297020647,0.03509114370051944,0.394171627944902,1.2595954347905658,1.0,0.394171627944902
4,2,0,0,0,4.475056022458554,0.0638682575749933,8.698734246877802,0.015421277084735289,3.952121090762967,5.535712425377283,0.3260831137962496,119.80463141594379,19264726362.98605,0.0,0.2834359353418624,0.3945785343274452,0.2708784056203926,0.18298312057758576,2217311.9573619645,0.03668755531572297,0.2202429709836411,0.0346564333510019,0.3945785343274452,0.3310843201818268,1.0,0.3945785343274452
3,1,0,0,0,0.8079495239288746,0.07757593114928572,1.8165474198964533,0.02596790211659154,1.8790417873407066,8.36535162255787,0.3696891008241156,85.86717039598146,11415035491.722479,0.0011875990532665011,0.32913270806349587,0.39895992813406095,0.242237166185663,0.19590456353672514,6545102.740919012,0.029339422340830253,0.17194069381613553,0.02864770739195517,0.6161648207192911,0.3774527730641039,1.544427841665952,0.39895992813406095
5,2,0,0,2,4.635214231315446,0.0713318663996825,1.327369988971528,0.07255622336938351,3.9325220989453653,3.4737814952789705,0.6192911594299443,62.79134175325896,10794751647.103832,0.0011699734434695078,0.25740590516846495,0.39934073086663785,0.29510032621827775,0.2246369894720358,2617398.552418886,0.04354210126706698,0.2690019156531207,0.04166225674389356,0.26249562567826656,0.5908096468947632,0.6573224451926205,0.39934073086663785
2,0,0,0,1,4.087090464294124,0.09624777246693364,3.7699027108115803,0.024327382026815454,9.026822065674018,6.998934214050378,0.5000410104021679,118.959474813149,9428797652.80326,0.0006366597664193876,0.2537360224995606,0.4005382755934117,0.29916307795113073,0.20786417644590988,2549601.979222876,0.04474927360459716,0.27728446261078554,0.04208020584586475,0.0719771379832803,0.41336381961018037,0.17970102327085624,0.4005382755934117
4,1,1,0,0,1.476378712819397,0.04578863836913772,7.452885280811173,0.07502838938059743,8.385578938738146,5.620065049862376,0.5580293087787525,102.64913032098336,18914769916.049217,0.0009511887031836796,0.28978724082194246,0.40078170183865997,0.2701715652664183,0.2049952801912211,3774210.8657609066,0.03649633733925326,0.22183137857560709,0.03489525308103569,0.40078170183865997,0.39661035321882915,1.0,0.40078170183865997
5,2,0,0,2,3.750573370564774,0.09475570398823756,3.3183956475602203,0.0828267438791115,1.0227002801783585,1.7378150915368655,0.5231623927749346,84.22463736608192,13412401888.166239,0.0013350599486485488,0.2533865517527056,0.40583648482477436,0.30576826382019634,0.26551935020835066,6790104.522043373,0.04674711557980859,0.24391010737877727,0.04531972313527485,0.35902253867333195,0.6101187365644668,0.88464825637435,0.40583648482477436
5,2,0,0,2,3.750573370564774,0.09475570398823756,3.3183956475602203,0.0828267438791115,1.0227002801783585,1.7378150915368655,0.5231623927749346,84.22463736608192,13412401888.166239,0.0013350599486485488,0.2533865517527056,0.40583648482477436,0.30576826382019634,0.26551935020835066,6790104.522043373,0.04674711557980859,0.24391010737877727,0.04531972313527485,0.35902253867333195,0.6101187365644668,0.88464825637435,0.40583648482477436
2,2,1,0,1,0.160963847940903,0.025282758827172562,3.9864673539380098,0.049106200824320295,1.4868782489684993,4.132153431948668,0.6879382531012347,119.31462857833563,14183969211.701458,0.0007136797781069778,0.3249369471737168,0.41062792822736816,0.2524980944147114,0.20646254951914622,7359974.3345036525,0.03187764384153025,0.18235142579881147,0.031076116500360566,0.2863167451775023,0.3981208278124558,0.6972656400004198,0.41062792822736816
3,0,0,0,0,1.8771444521579936,0.023205642115125467,9.39258460697754,0.030613082876813805,4.508045717371482,7.892202082867765,0.03506676609242563,86.9656857321223,12318691120.39379,0.0010961685691523984,0.30474917817915226,0.41334792492011885,0.2678236790433968,0.17610512997065386,3639356.874844584,0.03586476152817022,0.212606669121292,0.03356953774270527,1.0,0.5349878856339272,8.942538610689597,0.41334792492011885
2,1,1,0,1,0.2996049576759602,0.01074282169419236,2.469564990802213,0.09480113595231308,8.093380289943795,5.080138928359769,0.5484352492331874,81.36164506230264,12251977295.110651,0.0007330737275205348,0.31084431126711953,0.4137025821317912,0.26413275288604765,0.17053236305654182,367763.7911949586,0.03488305557358095,0.1988011625808519,0.03352520380549012,0.4137025821317912,0.4660323649176881,1.0,0.4137025821317912
4,1,1,0,0,4.7382489479256975,0.07081665968577587,2.6305270568925567,0.07729944971503976,6.011525984923643,14.702632336296741,0.04072467311395638,112.42292244355377,14179616492.607634,0.0013906180725844711,0.27101135830196144,0.4196151080794375,0.2977771930189258,0.23485391778347778,2637577.4848025315,0.044335628341115305,0.27745773744338786,0.04272279985403647,0.4196151080794375,0.6328052773137063,1.0,0.4196151080794375
2,0,0,0,0,4.045098760193086,0.09679909545685521,3.9927719618278634,0.02131402240579172,9.010942761847085,13.202267263291631,0.6960753796609013,119.07343162452055,9430369614.157494,0.0006685352482738766,0.2654275146707544,0.4205878914271983,0.30329710560680334,0.21182896007064372,2667093.853289008,0.04599456713473221,0.28726471846115476,0.04323078090870345,0.4205878914271983,0.37517971323601146,1.0,0.4205878914271983
2,0,1,0,1,2.8424938668467106,0.04649225567263311,4.697489160652691,0.06464127021512697,7.629189760480779,7.673531974196207,0.731492577980062,91.99003505444654,13819949839.62436,0.0008188934303146341,0.27554372254711335,0.420791865093194,0.2948829009250031,0.20453393665903585,2852880.824532512,0.0434779626289726,0.2704040796160726,0.04070398430566072,0.420791865093194,0.4662805694452056,1.0,0.420791865093194
2,0,0,0,0,4.095393418567394,0.09704559687921648,3.896898783031915,0.021765773129832005,8.944102175278008,13.20638760543824,0.7103414056518942,118.94536320290005,9473206371.207209,0.0006358654893668277,0.26817837767993535,0.42602706069061924,0.30470378851196417,0.21307471387055243,2719634.6210863483,0.0464221993667719,0.29104175831996715,0.04361578641261729,0.42602706069061924,0.37346874387954443,1.0,0.42602706069061924
2,0,1,0,1,1.148326430049814,0.04495305994312042,4.529435752355739,0.06526857178253416,7.170413348708879,7.349870915237538,0.7186768976886401,92.18270150674863,13585108733.843927,0.0008243068666330457,0.2944271394441238,0.42864697620823833,0.2851610983069743,0.21264983366031895,4960007.959944565,0.04065842599381992,0.2509673732760841,0.03834830122977738,0.42864697620823833,0.4743778155146362,1.0,0.42864697620823833
4,1,0,0,2,0.49436764870501126,0.02948131551396073,1.7347025359133597,0.04525910348250093,5.977503157994659,3.1537288474305285,0.7671358695754152,112.76730194030904,11950910830.070793,0.001239875600334621,0.26408367370820063,0.4317330274999791,0.31392254868011843,0.257500911739968,6420180.103401429,0.04927368328491066,0.27899512063174803,0.04717439574084242,0.4317330274999791,0.5707942562542196,1.0,0.4317330274999791
3,1,1,0,1,3.213481490362065,0.008705699636527842,3.203724036800117,0.030227378599653167,7.606207854758109,1.1221483182516363,0.7047502939958897,63.467815090762144,13486097823.0924,0.000727066370452089,0.3114082517871874,0.4347265774514326,0.2770356497422719,0.17999410699844573,662166.7813804726,0.03837437561406138,0.22400775331514633,0.0368109751634957,0.26521649643567424,1.1974306684925387,0.6100765635045722,0.4347265774514326
2,0,0,0,0,4.126300489144113,0.09691540707588936,3.9080318560296043,0.021797082388461335,8.923377485877896,7.300237875644957,0.48370307509119614,118.59732244321832,9488568415.388988,0.0006385180288507387,0.2771677795974109,0.43715100347297847,0.3047478207992222,0.21144095750642777,2604808.8818106153,0.04643561714093742,0.2908632371199331,0.04355439265704422,0.039922496594220536,0.3734922627792655,0.09132427073723566,0.43715100347297847
2,0,0,0,0,4.087322830768563,0.09654232073335849,3.783499486892757,0.022874470242310263,8.82860484879289,7.24907781180595,0.45830020251945014,118.66074785572192,9560248292.682558,0.0006148554176083291,0.27989241716698565,0.439810583135621,0.30426219212120875,0.21053995170812656,2558723.278110098,0.046287740777201665,0.2899827650407547,0.043410814771113,0.08293659726389999,0.3729867587466827,0.1885734460335291,0.439810583135621
3,2,1,0,2,4.556249023399562,0.09435684331962302,2.236118302890668,0.09100606365716858,0.912785443050408,1.380248714478512,0.43591856690693426,77.1122116729677,11014605908.198423,0.001064982458284166,0.3351483233673378,0.44219562170782983,0.2668615024159708,0.21403352801227604,9146369.610356184,0.0356075307358546,0.17357442343765062,0.034805457605559594,0.44219562170782983,0.4089713515437125,1.0,0.44219562170782983
1,1,0,0,2,4.928335596831604,0.0934018469889541,8.653501153144674,0.06587593788367052,8.763174149693755,16.41533742872764,0.11774037797752948,63.65584461726874,18812642859.298428,0.0012626619231386681,0.2789279812544918,0.44221294892592994,0.30862892514341106,0.22415378046050585,2709178.756443209,0.047625906717588616,0.2618070964789393,0.044602002181976796,0.44221294892592994,0.6296772985311364,1.0,0.44221294892592994
4,2,0,0,2,2.369820139568724,0.09981136843328868,5.782121467828051,0.09847302031540493,4.861838396707496,5.474726583989746,0.448463864144368,67.03605264609871,18834987975.05722,0.0010387713338364394,0.3273210725854194,0.45097720413013426,0.27561883388226405,0.21968188490417814,4297795.020161117,0.037982870795309535,0.22597163283571753,0.03656824742994289,0.45097720413013426,0.4524469281612387,1.0,0.45097720413013426
2,2,1,0,1,0.2592256846287504,0.007374632313369165,1.3210684986748502,0.031276195470032984,1.2548475534653367,3.120147310592796,0.13595683717823906,104.42554168051244,15413239734.933239,0.0,0.306127823354445,0.4509806114341982,0.2909299384806209,0.19409064811193408,365526.2796815055,0.04232011455216893,0.2579434928815374,0.040483964879986685,0.4509806114341982,0.9226852103231133,1.0,0.4509806114341982
4,2,0,0,2,2.3704815075239316,0.09980184992411635,5.781424656186798,0.09845396541566967,4.8636602301811465,5.475722887628193,0.44870820907319753,67.02576603023574,18836574424.080215,0.0010387860480152516,0.32735308907406013,0.4510288266520324,0.27562843819949057,0.21969571006865765,4298508.678443328,0.0379855179721452,0.22598234792127492,0.036570944961358334,1.0,0.4524330085226219,7.221233939494495,0.4510288266520324
4,0,0,0,2,2.299785724002293,0.04532466409848421,6.537058534734899,0.025288447710489312,5.0169005067966435,7.911626298112663,0.42495574465721225,126.62012700329468,13942086128.521568,0.001345542728596087,0.2579302245461059,0.4517752904123892,0.3379210776332217,0.2517245535345028,3487111.9746997743,0.057095327354398935,0.25125691274723083,0.05304552896625168,1.0,0.6971035684254664,62.375576874420176,0.4517752904123892
2,1,1,0,2,1.6090819053675272,0.03646583414932202,4.98769032820972,0.06187405805937018,0.6415720092131972,2.3160582377718475,0.33836433039871816,71.67695581562708,13365320798.876877,0.0008013958361284108,0.3147290897302008,0.4570523950138629,0.29249577725834386,0.2561500335716128,9868342.888771033,0.04277688985698135,0.18031823844789652,0.04183132435331085,1.0,0.5256289167852252,14.445491527111338,0.4570523950138629
2,0,0,0,0,4.008654218278055,0.09997165863458382,8.484708318325705,0.02038154047965196,8.275410890111738,2.7821005939558807,0.45673131372341114,122.97160829018922,11084063361.803871,0.0007121237060507236,0.2978318347524449,0.45773764296952496,0.3013684348424303,0.21250493164425735,3213684.026060333,0.04541146675968809,0.2863969577101376,0.04243869233728281,0.45773764296952496,0.42869994875630696,1.0,0.45773764296952496
2,2,1,0,1,0.6149179534672888,0.04174193897709846,6.6750634556870585,0.03615839129654367,5.3217523860063976,4.22494038152563,0.05897934096224277,104.95513411061857,16063964593.634674,0.0010608451656206606,0.3502363414609801,0.45860019211072783,0.26500689315324105,0.2237458772098337,7996315.924156206,0.035114326709366664,0.20241503971447417,0.03435054112375361,0.7064455741220007,0.46275578254682903,1.540438897050072,0.45860019211072783
4,1,0,0,2,1.9387343618384285,0.057648978075093726,2.4841038595339215,0.04100687809038345,3.5631769825090904,3.4684314714022695,0.6400402281373563,116.62448102519458,12469522005.682226,0.001368899963232608,0.28926053286468156,0.45967914948095573,0.3100092950929893,0.23012835433729587,2148166.6183674517,0.04805288152202607,0.29704637485834473,0.04560919181122767,0.45967914948095573,0.605508168082441,1.0,0.45967914948095573
2,0,1,0,1,1.148326430049814,0.09010028699524705,1.8758348308299895,0.06526857178253416,7.170413348708879,7.432354069125757,0.7186768976886401,94.70114626186388,13585108733.843927,0.0008243068666330457,0.341166168727759,0.46191846663515246,0.2727593813798298,0.2207629788892543,7026973.998712872,0.03719884006535372,0.21992370945277107,0.03594913356046424,0.5337082766656897,0.3796688534315282,1.1554166269936996,0.46191846663515246
5,1,0,0,0,0.3294658217778826,0.06999003384264127,9.308884745813927,0.018181826628675696,1.2332475758962953,8.403944844119332,0.4343604677850054,94.90997630115871,17566555828.811256,0.0,0.3689002905888069,0.4622417295221086,0.25619132239248593,0.21304235921474404,7871390.984778946,0.03281699683460533,0.1720283451456628,0.03214634918846187,1.0,0.33248000721486953,28.0868018983789,0.4622417295221086
4,1,1,0,0,1.8137494808523873,0.05266518535376277,4.436160348149426,0.07828100408626765,9.913740896880693,7.7567953372015035,0.7954585631700001,84.4910088300272,15443260799.878784,0.0010295106121126284,0.340023871739363,0.4659418930409732,0.27554928703510384,0.21865155763713193,3820027.4351023166,0.03796370479277702,0.23218153503908878,0.036602927341550656,1.0,0.364804051716107,7.3096657499847675,0.4659418930409732
2,0,0,0,0,4.019885161552773,0.09986132607530028,8.473666263645345,0.020523928745602955,8.231920210373037,2.6044476179602105,0.46073938359702676,122.8723184835525,11015745198.640285,0.0007016759818995649,0.30152501579360824,0.46643590197727225,0.3040228223138496,0.21377344375057164,3130884.3922476843,0.046214938243839286,0.292176451540323,0.04313179020589011,0.7958025429215019,0.42770218492934875,1.7061348398526117,0.46643590197727225
4,0,0,0,2,2.4060454036224344,0.043568772850680934,6.689181363957015,0.02304536300515612,5.076445286870026,7.802810840898285,0.4052738874663702,127.24314996790085,13605453428.817616,0.0008803229976500836,0.32532623445938336,0.4671355263205192,0.28668447987398027,0.19166609319437242,4198503.578492555,0.0410939955003073,0.2514403560206796,0.038145677868698886,1.0,0.5420239413184941,49.42727421153456,0.4671355263205192
5,1,0,0,1,0.2312455545068991,0.04339502794706061,9.318972668288454,0.008668547216331684,6.093756761712446,15.476980374234419,0.7366306519759406,105.09567354249242,19280616378.682144,0.0,0.35748389522631213,0.4706092760455417,0.2680241615340195,0.20732050888638337,5622190.639047278,0.03591847558300708,0.193638717769136,0.034954805740497884,1.0,0.2937802932103915,218.5888982511844,0.4706092760455417
2,0,0,0,0,3.7874928672575003,0.07064102802506149,5.849399885457712,0.0036277340148915685,7.226711960114067,11.172395774940265,0.16478683403839117,101.4526977160548,9945565475.272625,0.0,0.3239947414163792,0.4790316658518405,0.29470435315088395,0.21381401522235505,4507780.51976898,0.04342532788304047,0.27163431191701637,0.040801280872919905,0.21271219382319165,0.36044574333966845,0.4440462060998308,0.4790316658518405
5,0,1,0,0,2.020228762868932,0.08540374378257282,0.25652033256767215,0.03960026377494387,7.334033958011509,5.411451363534344,0.7015040726132421,102.59192218300718,10613788686.468468,0.0010522961696296986,0.3240940368928891,0.48349865378663326,0.29734428828402404,0.22542564251988217,4695648.039756013,0.044206812887566393,0.2772170601784095,0.042036107354970445,0.48349865378663326,0.26513769073419824,1.0,0.48349865378663326
2,1,1,0,2,3.1718672565771846,0.041306502500151124,4.947772647149783,0.08531497981007527,3.887249577551946,1.9857228217509524,0.4109056672008574,92.64576194836071,12718871346.821146,0.0007952090668499225,0.3454305002984505,0.4849049623585015,0.28672257419646074,0.24277306367656298,10534850.39165977,0.041104917276922476,0.18228543598657954,0.04012300068353731,0.4849049623585015,0.5044777029744119,1.0,0.4849049623585015
5,0,0,0,0,1.9450108663985242,0.08030616255835181,0.5474846096411103,0.07582376336525354,7.099904228854327,15.258991483371034,0.6178678001534496,63.134433536776136,12504073313.453953,0.0012248554227580904,0.355789212509326,0.4875786648772468,0.27767676672998415,0.21157279097320375,6672730.428109174,0.03855219339080901,0.23388331782663685,0.03714452502941449,0.4875786648772468,0.3123103967477652,1.0,0.4875786648772468
2,0,0,0,1,2.9795123976186555,0.08878298544517857,9.241827259355626,0.008331756633265063,7.206405426487574,1.8729240619943506,0.6253900643501392,128.59231464001604,12668497702.436222,0.0,0.3324954322248483,0.4877114083163174,0.2937426190360307,0.21920004347635672,5353583.58732252,0.043142363119073344,0.2690794064974683,0.04073532741760456,0.4877114083163174,0.34213366362959785,1.0,0.4877114083163174
2,0,0,0,2,0.27712527669124865,0.019204275668580354,7.199293918732253,0.005809789123449449,0.6340104888922221,2.3245421876897145,0.6846625431990475,89.86753735323823,14815118442.346737,0.0,0.31779677983452986,0.4907604185287736,0.311648798886573,0.26719158166678786,9730656.442623675,0.0485624869237218,0.20880647362678473,0.0472307212970984,0.4907604185287736,0.28008175587851425,1.0,0.4907604185287736
5,2,0,0,2,3.755094817403346,0.09435000030103004,3.309953791302432,0.0822609477950614,1.0053499655579947,1.6436190098750239,0.5216115230563481,83.75079469534339,13446031799.060867,0.001328224521994745,0.34945374021875186,0.49393763245848804,0.28841389807099727,0.23723865534931712,9861258.61315106,0.0415912883002538,0.2007848969336653,0.04052855058109843,1.0,0.4692765011378564,4.573967446716107,0.49393763245848804
3,0,0,0,1,1.0009672850835525,0.09588966135914125,2.1435218215354,0.0782175484773982,3.120341035063939,3.4366829340357876,0.13502949759986693,62.72389183528446,18887190196.106102,0.0005503629646296111,0.3398159426352133,0.49710305484180606,0.2949008022418044,0.21289274397034005,6253678.513251641,0.043483241581429924,0.2546495200897133,0.04098103071383227,1.0,0.4327558561729503,2.101997113965599,0.49710305484180606
4,2,0,0,2,2.1354939733970295,0.09980184992411635,5.781424656186798,0.09845396541566967,4.8636602301811465,5.475722887628193,0.44870820907319753,67.02576603023574,18836574424.080215,0.0006083689034097648,0.338061054363941,0.49928503207549835,0.29673441940836404,0.225420669083026,3947687.0563718104,0.04402565783080945,0.2722346039240293,0.0416466855740769,0.49928503207549835,0.40882837583620535,1.0,0.49928503207549835
2,0,0,0,1,2.940368821208791,0.08878298544517857,6.448173056832131,0.008331756633265063,5.838785439738876,1.4634273073833057,0.6253900643501392,127.94562890886463,12668497702.436222,0.0,0.33530877411308757,0.5001471031206847,0.29909624199404844,0.22248392247109938,5284027.320978183,0.0447292809874812,0.2800653453798069,0.042150125090207664,1.0,0.3624129285643065,15.817800249508524,0.5001471031206847
4,1,1,0,0,4.643843392095765,0.08602641613151078,3.924185094026367,0.07025634116293528,7.873287204301596,17.40639402149738,0.0725997686189809,105.93139415283143,9763808661.438606,0.0013732727066178866,0.36302776605136056,0.5017219416740402,0.28083875842139405,0.22793706967309052,5255217.581810687,0.03943520411583507,0.24111674657211835,0.03818850759602485,1.0,0.3770001593858387,105.2607428426132,0.5017219416740402
4,2,0,0,2,2.1386820372237105,0.09982838789769818,5.458947930435593,0.09710863899714034,4.765176767850056,5.7899592731705045,0.44191923647075293,66.11233452752774,18770470518.49039,0.0006052127775957775,0.34022480813803824,0.5030916217056138,0.29748231105632833,0.22622802714155074,4058794.695736715,0.044247862695707046,0.2723588319025835,0.041876193759418284,0.5030916217056138,0.4073277217073516,1.0,0.5030916217056138
1,1,0,0,0,1.3597147581892581,0.08482277277364163,0.12889183021065315,0.06055318279824584,1.7229893261399196,8.787729994094777,0.17024938519279248,112.53148308028668,10155872321.781801,0.001291676536519395,0.340393927080855,0.5087114989091699,0.30041674711051236,0.2360539762647653,5791058.177993029,0.04512511097223077,0.28303788130076424,0.04329566295131581,0.5087114989091699,0.36829776668711256,1.0,0.5087114989091699
2,0,0,0,2,0.14843080194432084,0.021817395453372412,7.172830612333409,0.005777972729259702,0.5727043097724931,2.486643615738217,0.6700638570034343,89.29194402891457,14834816863.177671,0.0,0.3297107895517024,0.5132361837790179,0.3165733006689751,0.27168310792447015,10172112.48154256,0.05010932734822465,0.21031295486895119,0.048744269815115746,0.4473020323693199,0.27035100021794295,0.8715325351298945,0.5132361837790179
0,1,1,0,1,0.28699867172566385,0.0051530876708619335,7.412511279972137,0.0336702506604453,8.74659379801159,9.69391183745637,0.1930462754617695,117.05708321237312,9098500319.156578,0.0005817284340356782,0.3255493363343186,0.5171796576811216,0.3193382032081994,0.2770232639503531,8443432.467415586,0.05098844401412062,0.27132496401848893,0.049486770258632386,0.21571804564298566,0.4760132461612092,0.41710466070958907,0.5171796576811216
3,0,1,0,2,2.6560738868173197,0.07346973703513539,4.910750775031856,0.056352674341537644,2.298760927945461,1.326748395882999,0.41559689728249033,126.57638134108541,10918921712.88364,0.0005291790825273097,0.35981803906165444,0.5175223280096801,0.29202725917710826,0.19450274379656585,3920165.7605765713,0.04263996005124698,0.2605473330077823,0.03948989291669921,1.0,0.4442058592068583,5.63728587790922,0.5175223280096801
2,0,1,0,2,0.7256363148405092,0.027320877581298128,0.9318110127661724,0.04807126724920204,2.296947212680774,2.064793593257398,0.1526146408672163,110.0527915336956,17668147241.274796,0.0013836180674498203,0.3757911912920642,0.5199830095128415,0.286718903094365,0.21919700150496588,11289706.161749355,0.04110386469581793,0.17328708425915218,0.03989468936262374,1.0,0.27276965966666833,2.1656484120556088,0.5199830095128415
0,1,1,0,1,0.3070327377662018,0.005042243619210591,7.4063075781834,0.03356322819869922,8.804620740625053,9.69206850849667,0.1932630319010502,116.82070112217562,9086982400.177246,0.0005795580757862364,0.3278581003401285,0.5239004420731396,0.3216693958540552,0.2793933767277071,8552297.31343573,0.05173560011455642,0.274388652883539,0.05019429561459233,0.5239004420731396,0.4761101282429552,1.0,0.5239004420731396
0,1,1,0,1,0.3070327377662018,0.005042243619210591,7.4063075781834,0.03356322819869922,8.804620740625053,9.69206850849667,0.1932630319010502,116.82070112217562,9086982400.177246,0.0005795580757862364,0.3278581003401285,0.5239004420731396,0.3216693958540552,0.2793933767277071,8552297.31343573,0.05173560011455642,0.274388652883539,0.05019429561459233,0.5239004420731396,0.4761101282429552,1.0,0.5239004420731396
4,1,1,0,0,4.643843392095765,0.012280145758418497,2.351462504472369,0.07025634116293528,7.785437011731421,17.40639402149738,0.0725997686189809,105.95304129712513,9763808661.438606,0.0013732727066178866,0.3862784550007134,0.52436496148191,0.2786845087625228,0.1705035447148302,679882.8075874653,0.038832527712104326,0.22886447954913536,0.03686444130995149,0.52436496148191,0.7096033808075313,1.0,0.52436496148191
2,2,1,0,0,3.975516383648575,0.08728260355142596,5.549621282937862,0.0645796093075009,0.5240185521015632,1.117628082103764,0.6176531147766905,92.36221856986893,15308280918.288387,0.0010601513910104934,0.3736606486330582,0.5251009071160324,0.2899994587004603,0.23362528278111708,10596250.608470807,0.042049843023279986,0.19730622680252408,0.04097208946769433,0.5251009071160324,0.4177717802982968,1.0,0.5251009071160324
3,0,0,0,1,2.1684299372827196,0.09260004014216584,9.102677269489151,0.08982958505252643,2.948095600152923,3.6672391943821423,0.15231357074881202,61.34516725013012,18424251940.925827,0.0008754703188293945,0.34868497374764773,0.5257550471960116,0.3065611903393518,0.21164014578056847,3736916.6465123924,0.04698988171114015,0.2516288411267634,0.04379730045964368,1.0,0.5558941447092534,15.027745725373393,0.5257550471960116
2,0,0,0,2,0.15373812007543924,0.022030915069205733,7.208338864226677,0.005090637460361855,0.5431208042212388,2.32270793716344,0.6720734837556359,88.34251031509818,14874937117.140642,0.0,0.3599546752164627,0.531600796658542,0.30400400244493964,0.250164649432249,10858367.126574347,0.04620921675127144,0.204606996721163,0.044960322577980744,0.531600796658542,0.2665311404682282,1.0,0.531600796658542
4,0,0,0,2,2.5970772838862493,0.07372881002319395,4.818833909978874,0.05617887895562382,2.0743427416746196,1.3963254427998102,0.4046658691903848,126.66346464762499,10847727971.268911,0.0005445403047723647,0.3626101344956118,0.5328880840736362,0.3001838011190936,0.2240150806121894,5202117.91997106,0.04505515722715377,0.24879082838462419,0.04236825908233383,1.0,0.4655164738400872,2.39165630693985,0.5328880840736362
2,0,1,0,1,0.33808488610508014,0.0972891820589626,0.5050606325042395,0.05297536850260939,6.588313971119724,1.197705262185153,0.3827441986495107,98.09174750248376,11129132650.82562,0.0013987792081372788,0.354663265906836,0.5340810033317057,0.3109837581472838,0.2551984157442739,11886238.237661745,0.048355448915704154,0.18362614427268675,0.046848942697550494,1.0,0.6166357698403396,6.208612098762737,0.5340810033317057
4,2,0,0,2,0.5297095236346131,0.005976871975077759,2.4338847120857445,0.010892722596803628,9.430428104920184,16.64662524959245,0.6699107636073804,113.45006304369515,11747666397.474056,0.0,0.34336447126918235,0.5342663596570107,0.31568999491594796,0.24258354605789445,9968953.024590736,0.04983008644501563,0.265212794761415,0.04783579953717459,1.0,0.4890391204603959,8.096875631273058,0.5342663596570107
3,0,1,0,2,0.8431680167414874,0.08410929398912037,3.7577403743445945,0.054117325453034194,2.233531498972304,7.5463769992526295,0.2203231931532851,113.62639397419798,16259082813.83199,0.0006214170252380919,0.35891618750242044,0.5348320485508014,0.30372443221625434,0.236184553158569,6503237.584602795,0.04612426536254304,0.2587653940884024,0.04373204516771212,0.5348320485508014,0.4432776884324476,1.0,0.5348320485508014
3,0,0,0,1,2.588566906245158,0.0766245999212123,6.279630078276481,0.08922014112606633,5.973011228809219,5.900714433874458,0.04377374219395949,71.6462446284337,19597020725.032307,0.0008406705220343522,0.3626673940875136,0.5376439562549951,0.3023043499809253,0.205390191829269,3498038.2681424287,0.045693960008694884,0.26272886359339476,0.042217306475013316,1.0,0.5689382850176099,46.989188832309445,0.5376439562549951
0,2,1,0,2,0.6952377150783248,0.06812270267360385,0.883567582945832,0.04806283661652394,6.718302417690576,3.2570620840918076,0.519701361757197,90.25101417092684,11210719748.75741,0.0011707459850971353,0.33532736645436756,0.5378544922059592,0.33060204559428824,0.26984656454869843,12188346.158537112,0.05464885627556392,0.16737549973392218,0.05284984210263838,0.9334873304473532,0.5837029729029181,1.735575967058941,0.5378544922059592
4,2,0,0,0,3.5149235749388077,0.08948912455416538,4.5429463335729885,0.029643907390880835,8.886599823010938,4.039738839473666,0.5040119252044875,111.7791416232025,16456315766.26214,0.0010701271311116115,0.34442839954687776,0.540414940445464,0.3158354704281162,0.23571718314097947,1621606.7853398824,0.04987602219027474,0.316380151136222,0.04777085299258404,0.540414940445464,0.5624844895073485,1.0,0.540414940445464
3,0,0,0,1,4.102287714113615,0.05777185110648141,8.638817208351126,0.09674520060517652,2.1632505315588926,4.719700510926549,0.28414163871214454,67.81004563953297,18319406569.414127,0.0006459205019124685,0.36260656274326075,0.5427061112277864,0.30605632650913084,0.2106035695126922,3079603.42391004,0.04683523749813185,0.2533422418029626,0.04346323265640948,1.0,0.506505941231857,298.5062849756499,0.5427061112277864
3,0,0,0,1,0.2588802714010135,0.014685978438251026,5.019349012258311,0.03379658148332326,9.615946399886065,16.762230441342584,0.6969382232379568,93.2622550942856,13747491498.254333,0.0011629588888896463,0.3402945188613692,0.5430287864687463,0.3243894127255514,0.22774109606416362,514255.0412740007,0.05261424554421406,0.25912516572586364,0.04960059205797398,1.0,0.5503517151157881,144.67262991828835,0.5430287864687463
0,2,1,0,2,0.8127515427401324,0.078737889056652,0.15394955396173665,0.05200985226041054,7.1473712087105605,6.014490263984377,0.4465386716363009,94.6537484512979,12331688323.794247,0.0008002346509731103,0.2931556975120822,0.5598799300933692,0.3703729870495996,0.285480178781574,4579582.909302405,0.06858807476802144,0.46224886331910975,0.06444698205302361,0.5598799300933692,0.4366187995416189,1.0,0.5598799300933692
2,0,0,0,2,0.14142067721037516,0.019056978412672114,7.240898163110325,0.004513677954827338,0.5661609790447322,1.9429996658223971,0.6884730400078892,88.36810965804929,14820265943.178349,0.0,0.34159085263185945,0.56893177359776,0.3404220557434257,0.29419946474269276,10570769.844853098,0.05794358801829002,0.25513344209357225,0.0560672164730201,0.56893177359776,0.2776064499679922,1.0,0.56893177359776
4,1,1,0,0,3.0136787435816834,0.06223417082273092,1.6352152884739173,0.06683253857837809,6.620047572678796,17.011535401573234,0.12091497744109592,87.97108689115319,13270706548.381859,0.0013100981608255267,0.40472895995495667,0.571465276444587,0.2916083778844462,0.24401377973443497,5453291.255283443,0.042517723026198995,0.2565213283304404,0.04130273032108267,0.571465276444587,0.285483181694318,1.0,0.571465276444587
2,1,1,0,2,4.548578959895378,0.07877387401899176,1.48977049167291,0.08427951882291661,6.894303733289845,12.425867299716906,0.0513377214305437,96.64351266597613,11088448930.504013,0.0008152898480429578,0.37409336265157184,0.5729742544684736,0.31326044807229514,0.25833368913726823,7706009.7873624135,0.04906605416322756,0.29425494188965495,0.04731852008249038,0.5729742544684736,0.3455737990500364,1.0,0.5729742544684736
3,2,0,0,1,0.17843505755399874,0.024051416905053438,2.6162079883669134,0.00415184420033321,6.360580514687392,1.9525428728987908,0.713370037676123,72.80832499537539,13002480129.040316,0.0,0.3876546866415841,0.5803281220432063,0.3106739659457267,0.26192013123684355,9343532.18292627,0.048259156558223285,0.2328240064773598,0.0469088771438157,0.026082363395965216,0.2729397365898908,0.04494416590416989,0.5803281220432063
4,0,0,0,2,2.486250590770013,0.025771778003792902,9.302462936697426,0.03284552708735259,5.631390677022338,9.514588819865184,0.29864881013694317,117.85624783419188,16574062803.354652,0.0009796357414284694,0.37892110454859806,0.5805488059107846,0.3135406811572347,0.21031882289079165,3710868.2719007507,0.04915387937027137,0.302740149173227,0.04521319814986903,0.5805488059107846,0.5860707806298421,1.0,0.5805488059107846
2,2,1,0,0,0.7433422800011694,0.09150310258331898,0.5255932484619678,0.005104945765508292,4.675144835109347,1.1423071821688475,0.8421202164920097,124.45256170362214,15117530701.875349,0.0008872453559268728,0.38307810744263215,0.5811646449625152,0.31564104224819856,0.2662874210546084,11544552.425960949,0.049814633775764526,0.21643395260548415,0.048401407722634765,1.0,0.5076342434946991,4.353330902129283,0.5811646449625152
5,2,0,0,2,0.3640399069511303,0.09573369547641063,1.0997025179832456,0.08288612909559173,1.1277908002397536,2.20676686538574,0.5417735043178638,85.77641953405637,13346118291.675026,0.0013605433002571166,0.35920697300159865,0.5874203124010161,0.34063722896907955,0.2765550584299106,12765918.40819264,0.05801686087986657,0.18797324419703554,0.055955661942091936,0.5874203124010161,0.37509751682135195,1.0,0.5874203124010161
2,2,1,0,1,0.1450284042319335,0.007374632313369165,0.15986453098807488,0.031276195470032984,2.0036112836734987,2.526322677087321,0.13595683717823906,104.42554168051244,15463769834.402481,0.0007823423775288098,0.36906021514125503,0.5911110135253717,0.3285812248744677,0.27906588646859676,8964993.777370837,0.05398281067000276,0.29209033291738373,0.05220298363587388,0.5657830830603124,0.3453499669252376,0.957151990259826,0.5911110135253717
0,2,1,0,2,1.512054379199879,0.09928401209961574,1.6654242160795694,0.03940797319682373,7.657379088557017,5.335862258063689,0.7943697692423067,112.52147457844416,10650744532.2028,0.0012314575297571284,0.30297679521667553,0.5942215041187067,0.3838518590973911,0.30454157605584414,5730514.564758224,0.0736711248662617,0.47077024482756746,0.06920260971141019,0.5942215041187067,0.48828066133234355,1.0,0.5942215041187067
4,1,1,0,0,4.359602918144101,0.06223417082273092,1.6352152884739173,0.06683253857837809,6.516098254252355,17.45551647320049,0.13306721813975786,88.03041460906132,13163869838.01814,0.0013100981608255267,0.4125642295213497,0.5977306342120329,0.29990720038907676,0.24901777979056072,6555206.365279855,0.044972164422606924,0.2748288333175416,0.04352854128091246,1.0,0.2743487203867849,306.6868261052888,0.5977306342120329
5,0,0,0,0,0.14978296911517783,0.08459041611260677,3.652282803553966,0.047298607912884816,4.969004188678683,7.919255318942314,0.7753626815943302,63.93747663401905,16346855202.222445,0.0011051439500121885,0.37443333871688333,0.5977517018201982,0.329512553394457,0.28258784605049997,6723146.583787458,0.05428926142226744,0.2692024559783902,0.0524095785992692,0.5977517018201982,0.41812973044830154,1.0,0.5977517018201982
5,0,0,0,0,0.14978296911517783,0.08459041611260677,3.652282803553966,0.047298607912884816,4.969004188678683,7.919255318942314,0.7753626815943302,63.93747663401905,16346855202.222445,0.0011051439500121885,0.37443333871688333,0.5977517018201982,0.329512553394457,0.28258784605049997,6723146.583787458,0.05428926142226744,0.2692024559783902,0.0524095785992692,0.5977517018201982,0.41812973044830154,1.0,0.5977517018201982
2,0,1,0,1,0.6113974094673199,0.08511559008515672,0.29337277257583344,0.046789530772225175,7.483163081269921,8.550188024254307,0.7015480023619282,97.57297212585368,9654951907.772755,0.0009430529374117322,0.3910723646868395,0.6273116822309496,0.33552056708800904,0.27916482536672677,12016234.444936436,0.05628702546952959,0.23595228549067904,0.054449550784830145,0.042839498943153094,0.37982395493527554,0.06829061239669598,0.6273116822309496
2,0,1,0,1,0.6113974094673199,0.08511559008515672,0.29337277257583344,0.046789530772225175,7.483163081269921,8.550188024254307,0.7015480023619282,97.57297212585368,9654951907.772755,0.0009430529374117322,0.3910723646868395,0.6273116822309496,0.33552056708800904,0.27916482536672677,12016234.444936436,0.05628702546952959,0.23595228549067904,0.054449550784830145,0.6273116822309496,0.37982395493527554,1.0,0.6273116822309496
2,0,1,0,1,0.6113974094673199,0.08511559008515672,0.29337277257583344,0.046789530772225175,7.483163081269921,8.550188024254307,0.7015480023619282,97.57297212585368,9654951907.772755,0.0009430529374117322,0.3910723646868395,0.6273116822309496,0.33552056708800904,0.27916482536672677,12016234.444936436,0.05628702546952959,0.23595228549067904,0.054449550784830145,0.042839498943153094,0.37982395493527554,0.06829061239669598,0.6273116822309496
2,0,1,0,1,0.6113974094673199,0.08511559008515672,0.29337277257583344,0.046789530772225175,7.483163081269921,8.550188024254307,0.7015480023619282,97.57297212585368,9654951907.772755,0.0009430529374117322,0.3910723646868395,0.6273116822309496,0.33552056708800904,0.27916482536672677,12016234.444936436,0.05628702546952959,0.23595228549067904,0.054449550784830145,0.042839498943153094,0.37982395493527554,0.06829061239669598,0.6273116822309496
2,0,1,0,1,0.6118635022653355,0.08511524696414711,0.2939399816905287,0.04691592763530107,7.484971707531537,8.541680388844483,0.7016386158742236,97.59320991258527,9656704154.958456,0.0009430237311579914,0.39132076138861316,0.62860080329082,0.33605921926666893,0.2796094472909683,12039102.91417508,0.05646789942706154,0.23625571034882076,0.05461899287771342,0.04292683231661143,0.37998577599966926,0.06828949643698033,0.62860080329082
3,0,0,0,1,1.0009672850835525,0.09588966135914125,7.416192568991099,0.0782175484773982,0.19885063096075303,3.4366829340357876,0.13502949759986693,62.72389183528446,18887190196.106102,0.0005503629646296111,0.4018239055540531,0.6309294535001769,0.3259958008795893,0.25279824833104153,4413600.248929891,0.053136631095562416,0.2894739183629267,0.05042852907510989,0.8053316284930536,0.41843522550340245,1.276421038874242,0.6309294535001769
2,2,1,0,0,3.891832809065633,0.07312057398888348,0.129778944560572,0.021100117004382354,5.707736095004808,16.908937376165845,0.8369113246756588,108.03105237131146,11989616940.313759,0.0006247452867019232,0.400796245266039,0.6313026246487209,0.3258508015082502,0.27058699846588047,8800322.311277503,0.053089372421784534,0.30963955317690517,0.051176614781397956,0.6313026246487209,0.3094086550508238,1.0,0.6313026246487209
4,1,1,0,0,4.688102192320149,0.08347207848542995,0.4351538537814044,0.08505400936639963,8.27333313762649,13.182441624881541,0.20968467972910843,107.12497141406654,12220270947.701668,0.0011771490553520688,0.38260106543786976,0.6369880180755678,0.34083681003643973,0.27417591269317454,7147625.897165576,0.05808486553790806,0.364618051800762,0.05542942897950667,0.6369880180755678,0.3481966187959553,1.0,0.6369880180755678
4,1,1,0,0,4.679435154200931,0.08448947400566353,0.47701557081743906,0.08557257387828518,8.226278075623828,13.400936398679189,0.20519591694607486,107.45186201817626,12237433841.174511,0.0011789941901563358,0.38263260843461616,0.6370080176767401,0.34082374387152214,0.2741560015160793,7148001.610152327,0.058080412193300464,0.36458896007437036,0.055425246155371956,0.0013047219946670384,0.34829141630428007,0.0020482034110426857,0.6370080176767401
4,1,1,0,0,4.679435154200931,0.08448947400566353,0.47701557081743906,0.08557257387828518,8.226278075623828,13.400936398679189,0.20519591694607486,107.45186201817626,12237433841.174511,0.0011789941901563358,0.38263260843461616,0.6370080176767401,0.34082374387152214,0.2741560015160793,7148001.610152327,0.058080412193300464,0.36458896007437036,0.055425246155371956,0.0013047219946670384,0.34829141630428007,0.0020482034110426857,0.6370080176767401
4,1,1,0,0,4.661103928169939,0.0843947767018289,0.47985356383858724,0.08603619271859907,8.235329318196614,13.421385732726472,0.20657027218729931,107.56435645290735,12233763799.75255,0.001180284787951003,0.38266738875900413,0.6370964901194462,0.34084572314710443,0.27418965732254685,7150026.573651289,0.05808790349383628,0.36461399913062364,0.055432707501459136,0.0015823006790002905,0.3484773757273855,0.00248361229976896,0.6370964901194462
4,1,1,0,0,4.678252861873424,0.08446391958049226,0.46424718027037204,0.08559812726372976,8.232039866014404,13.41060559872141,0.20600452995345422,107.28981641814987,12242529327.6967,0.001177455322602945,0.3828472148295107,0.6375155583012485,0.3409371008959421,0.2743185344818098,7158504.211194376,0.0581190533836649,0.364731220276006,0.0554631675447172,0.0014177873854039438,0.34837791762083253,0.0022239259370890356,0.6375155583012485
3,1,1,0,1,1.3138280083619096,0.013525280029588676,8.825420028159304,0.04128601971807525,0.7288050429656212,7.46141101541375,0.05749576924283473,75.41303042541011,15911509346.9747,0.0013337585904508137,0.3674258981016053,0.6456557064146087,0.36223904046366234,0.24087412491509352,24252660.135159463,0.0656085612180174,0.31540520484667256,0.05942284352867158,1.0,0.6672094719134177,1562.026344306222,0.6456557064146087
3,1,1,0,1,4.683547562232123,0.025183698998055618,2.9109820750751,0.019298369265601967,6.0334493979238335,1.3445963261729759,0.826950564934714,71.4187164681945,15401970365.73226,0.0009005315290293388,0.4074955155006629,0.6473370946268389,0.333269388032571,0.27936686443962044,12254474.28793074,0.05553424249980219,0.24915236801215612,0.053721537975203335,1.0,0.5147149825763987,2.240926405943757,0.6473370946268389
0,2,1,0,2,1.165778952565972,0.07781952279935485,0.7608992977897788,0.04183418415212697,8.985877848920444,5.730493008610141,0.6890186251210177,112.815689382137,11318993585.23741,0.0009457180241726372,0.32897232978235746,0.6477454959521641,0.39042012070839044,0.3033494526894829,5468946.117276731,0.07621393532697708,0.5076399556361929,0.07133359045753172,0.13785525781209143,0.4532646331527042,0.21282318236647688,0.6477454959521641
0,2,1,0,2,1.165778952565972,0.07781952279935485,0.7608992977897788,0.04183418415212697,8.985877848920444,5.730493008610141,0.6890186251210177,112.815689382137,11318993585.23741,0.0009457180241726372,0.32897232978235746,0.6477454959521641,0.39042012070839044,0.3033494526894829,5468946.117276731,0.07621393532697708,0.5076399556361929,0.07133359045753172,0.13785525781209143,0.4532646331527042,0.21282318236647688,0.6477454959521641
0,2,1,0,2,0.6295090894699286,0.06954660417296955,0.7278051352859104,0.04850867872445528,6.695244628321131,3.3417710785171018,0.5230859062490111,89.8218855182817,11238336754.375854,0.001162505818737864,0.3242880479965563,0.6486339064874531,0.394201896924975,0.29577820131500776,3602170.0816518576,0.0776975677696243,0.5403740079776309,0.07238164906404346,0.6486339064874531,0.476708064021149,1.0,0.6486339064874531
4,1,1,0,0,4.869387674776227,0.08242745029714747,2.1424043368104644,0.06490706952022643,7.799381726020219,13.658569364018016,0.6490069091707868,125.79905209113632,9630565539.753643,0.0010366253436752699,0.43311754030217253,0.6517884578222191,0.31431549031326256,0.26571994407221,6029853.974794797,0.04939711372543333,0.2871121915063306,0.04789299422291191,1.0,0.30897441217447136,30.07798602735426,0.6517884578222191
0,2,1,0,2,0.6967933481425139,0.06787806598097372,0.7210570636339234,0.048810581810842815,6.743662314518573,3.3379755188477396,0.5298805488506654,90.57751229614051,11200665991.977495,0.0011696612404643052,0.3275245818446233,0.6575539234086013,0.39624064456680747,0.29711456157916655,3576932.159283255,0.07850332420335952,0.5481280990930226,0.07308457045509113,0.6575539234086013,0.47718203921068764,1.0,0.6575539234086013
0,2,1,0,2,0.6951737830070398,0.06804230843667831,0.7229915581157007,0.048891399531267754,6.743614680526243,3.3427472375645273,0.5297856067019513,90.63348077926938,11206502202.06303,0.0011693214712327738,0.3281259001968715,0.6584183585962067,0.39617211028148974,0.2969886615902898,3564050.614635933,0.07847617048244443,0.5480133587806328,0.07306024611023028,0.06061557822693424,0.47714205951944677,0.09206240596961912,0.6584183585962067
0,2,1,0,2,0.6949821837984744,0.06800815389779845,0.7165973351891591,0.049038163112680104,6.747556764627684,3.348310792357294,0.5300803771988327,90.63715561724415,11214368156.829245,0.001169037261725882,0.3286097671670851,0.6591603817919872,0.39614408792739664,0.2969060991951893,3554574.616397863,0.07846506919991449,0.5479922441513025,0.07305007676181306,0.060685179092928074,0.47710732526299116,0.09206436061577293,0.6591603817919872
2,2,1,0,0,3.5273543688983,0.08967181919264529,0.4278247007679755,0.005104945765508292,4.675144835109347,16.487103962162827,0.8421202164920097,124.45256170362214,15117530701.875349,0.0008872453559268728,0.39537355874337105,0.660544521062116,0.350580721814554,0.2958164736893584,12590318.282508865,0.06145342125400686,0.2504361806237213,0.05938052385914858,0.39961006091555795,0.51456805968527,0.604970669157938,0.660544521062116
2,2,1,0,0,3.5273543688983,0.08967181919264529,0.4278247007679755,0.005104945765508292,4.675144835109347,16.487103962162827,0.8421202164920097,124.45256170362214,15117530701.875349,0.0008872453559268728,0.39537355874337105,0.660544521062116,0.350580721814554,0.2958164736893584,12590318.282508865,0.06145342125400686,0.2504361806237213,0.05938052385914858,0.39961006091555795,0.51456805968527,0.604970669157938,0.660544521062116
4,0,0,0,2,2.486250590770013,0.025771778003792902,9.302462936697426,0.03284552708735259,5.631390677022338,9.514588819865184,0.29864881013694317,117.85624783419188,18477972396.93981,0.0006506997639948365,0.4221877770578642,0.6612264030995039,0.32515688296423256,0.22039578780656996,3597966.5185502856,0.05286349926950782,0.3285904124713932,0.048598011486032516,0.6612264030995039,0.5294510013144355,1.0,0.6612264030995039
5,1,0,0,1,0.6023838436331601,0.02914972827940495,4.642826798947515,0.005668628724233371,6.361249405335065,3.1067226996246675,0.6342971329558312,81.64715085922978,12043023344.20387,0.0,0.42610092976555997,0.6689410850779192,0.33048420649481236,0.2781828990205769,11529863.338891719,0.05460990537125288,0.25859332138140145,0.052925927405871896,0.7587582833413236,0.4421446760503218,1.1342677259133251,0.6689410850779192
2,2,1,0,0,2.1414894386167678,0.07325356162419679,0.129778944560572,0.021100117004382354,5.707736095004808,16.908937376165845,0.8473470652479218,108.03105237131146,11989616940.313759,0.0007271756253417006,0.40672259780738385,0.670384095410304,0.3420446606946561,0.286060360270896,9121239.682606777,0.058497274954861206,0.3349231941527193,0.05628010562712476,0.670384095410304,0.32646648683130186,1.0,0.670384095410304
3,0,0,0,0,3.137385972891999,0.09123644190163888,0.5625705276214541,0.0036695725197865028,3.067534428278367,1.441321703950023,0.2712829586743605,122.38943448502029,12220937424.173306,0.0014155715134616315,0.429065505442422,0.677794874292785,0.3321885242254505,0.265769231965969,11279920.41633307,0.055174607813541346,0.2741405528823935,0.053278596944912326,0.19317064494674385,0.2490180653954106,0.2849986806824103,0.677794874292785
3,0,0,0,1,0.43327540309401547,0.05777185110648141,8.627715201335654,0.09674520060517652,2.125325260372021,4.719700510926549,0.28414163871214454,67.81004563953297,18319406569.414127,0.0007462905145970849,0.42352719770145264,0.6887843973015657,0.34023161358455356,0.2750157828199045,5568869.8173722895,0.05787877544117448,0.3129623680524831,0.05461268687455107,1.0,0.4886123202482676,254.20994292293668,0.6887843973015657
5,1,1,0,2,0.4684794152381172,0.04980057325079272,9.464976523763102,0.05930073968377979,0.8319884816348164,1.2786258985496803,0.7944665232783137,124.41970989267796,19060811005.659294,0.0011230699493246115,0.38256810734342167,0.6901548631424868,0.3782746184675016,0.32520885659728993,12858638.357505279,0.07154584348836694,0.2660720222882992,0.06885181101701549,0.6901548631424868,0.5481233444981033,1.0,0.6901548631424868
5,2,0,0,2,0.3222032228770791,0.09610576927623672,1.1838440682091185,0.08260773303096738,1.1576436923039501,2.3501932282533295,0.5295782168744424,83.97364891964342,13126689676.826752,0.0013529820952499947,0.36620985489543284,0.6939826032964417,0.3994086677885671,0.33200916429388533,14441820.227099009,0.07976364195231898,0.20689268213470402,0.07625988511057434,0.199567572517837,0.4157096985201371,0.28756855225171934,0.6939826032964417
5,2,0,0,2,3.751911146508892,0.0945126740746326,3.4424876029916285,0.08254508134910053,1.008593563388622,1.707655837124216,0.5214785203842579,84.27780158086993,13373794165.951408,0.001333477732769301,0.3901960635302307,0.695680042559776,0.37616035233650974,0.3172913327736603,13638095.212850254,0.07074830533496357,0.24026629122847531,0.06793043842697535,1.0,0.48109067542511885,4.059336395995325,0.695680042559776
3,0,0,0,1,0.303195216789922,0.09260004014216584,8.94657460677769,0.08982958505252643,2.7937408408734172,3.6672391943821423,0.15231357074881202,61.34516725013012,18424251940.925827,0.0008754703188293945,0.42614381632163345,0.7130363036988432,0.35090066689119737,0.2917547034802349,6464373.661875118,0.06156563901234353,0.32303816306710786,0.05829376327046053,0.7130363036988432,0.5261422498975498,1.0,0.7130363036988432
3,1,1,0,1,0.5391132878782177,0.013525280029588676,8.825420028159304,0.035426374030016944,0.7288050429656212,13.141426221776813,0.05749576924283473,75.41303042541011,15911509346.9747,0.0013337585904508137,0.3955210206593152,0.7200125199449581,0.3712866273519309,0.2668198976852671,21304383.13415654,0.0689268798251858,0.4888860546973012,0.0646635293796568,0.7200125199449581,0.716478408423478,1.0,0.7200125199449581
4,1,1,0,0,4.869387674776227,0.08242745029714747,2.1424043368104644,0.06490706952022643,7.799381726020219,12.539229627864817,0.2935522421496022,125.79905209113632,9686859481.709358,0.0010366253436752699,0.4530329139144338,0.7257119046576328,0.3369274049050155,0.2822120998332444,6378676.880261975,0.05676003808801413,0.32364110767676546,0.05478058151997121,1.0,0.2994354818297506,2.1791291395195787,0.7257119046576328
3,0,0,0,0,3.271207201085777,0.09137287478877919,0.5395161858627977,0.003328056246907981,2.9924733753540003,1.4002471002351458,0.27628818406353217,123.2982642996947,12073675868.349844,0.0014059569459367554,0.3741830547985858,0.7362292221406163,0.4157979778343102,0.3409754974614304,14952981.067431148,0.08644397918555076,0.23394032164957013,0.08221791428002063,0.7362292221406163,0.6522951020324042,1.0,0.7362292221406163
4,1,0,0,1,1.816503668206271,0.04653740534002133,0.9942423309380771,0.007415187285339389,9.172794359334064,18.61119014216318,0.1348692775822177,72.21979279786417,18590389209.915237,0.0010756804602809196,0.38679796856794674,0.7502123505950649,0.405025993585555,0.3632890645670566,12012215.339956619,0.08202302773998302,0.35131929503418,0.07889683994935182,0.7502123505950649,0.43044666213078014,1.0,0.7502123505950649
4,1,0,0,1,1.8378794035451997,0.04916343872281702,0.8181909628617301,0.005222661814453907,9.238429682973113,18.439386959228877,0.12701590354971545,72.21903535855849,18708418004.878094,0.001078110814382318,0.3874678320906626,0.7526954933415132,0.40578584189672134,0.36410231211966015,12040713.677037964,0.08233107474191546,0.35230499706335583,0.07918679620307377,1.0,0.4320747734760583,2.6913773832106296,0.7526954933415132
5,2,0,0,2,0.35718771489903856,0.09475570398823756,1.0007823564710043,0.0828267438791115,1.204865201158412,2.0515255949406814,0.5350139982487455,85.98810021477748,13476921195.16003,0.0013536897784131412,0.38015079602569585,0.7546121373262055,0.4220089410645702,0.34715641597198393,15515322.048479488,0.08904577316921994,0.2147258498725918,0.08454038839330841,0.7546121373262055,0.3478863070051545,1.0,0.7546121373262055
3,0,0,0,1,0.5118274809412094,0.09082481432808424,8.79219769708882,0.09295098239457082,0.3318025606880892,3.778799158492442,0.09848127711873385,67.12659838106414,18431598688.63629,0.0008596894403488952,0.436417988865617,0.758002554291275,0.36620577689247424,0.30986142710078735,6701008.343774381,0.06705333551471031,0.3364400000542137,0.06374734165721803,1.0,0.5119785078872128,2.091304255431421,0.758002554291275
2,0,1,0,2,0.23699979349274303,0.06346416187056986,7.989643234125546,0.0579250344194967,8.779866375712942,12.5475858639532,0.6427696178651018,123.66183246127926,13371609790.743052,0.0014196866092895226,0.4022599835350946,0.7691478842966928,0.4035343092886966,0.35194228256182186,12819884.953450521,0.08141996938655272,0.313106831684556,0.07777081528454806,1.0,0.5666196526471574,11.523243421636764,0.7691478842966928
0,2,1,0,2,4.454635318736108,0.09928401209961574,1.6654242160795694,0.03555676579224956,7.657379088557017,5.262921647956526,0.7943697692423067,112.52147457844416,10650744532.2028,0.0008455980254605292,0.4056874345089389,0.7718843674409,0.39312480527013643,0.3249932288144777,8453361.78400253,0.07727355625934135,0.4659476487146974,0.07316014635632415,0.7718843674409,0.43387093558557377,1.0,0.7718843674409
5,2,0,0,2,3.755094817403346,0.09435000030103004,3.309953791302432,0.0822609477950614,1.0053499655579947,17.47261396681736,0.6406809317528601,83.75079469534339,13343252191.892605,0.001328224521994745,0.4031507384103612,0.7749576343639668,0.40893124362110445,0.34414309249642694,14706070.511430884,0.08361238100475153,0.262454104893007,0.07982322125736489,0.7749576343639668,0.48006355167034137,1.0,0.7749576343639668
3,1,0,0,0,0.3232365623357779,0.01806612862012467,0.5482195716058702,0.07760205871408456,7.021495858300965,2.425593793481019,0.3895977874572595,99.08274955722874,15735186809.270084,0.000959337620816479,0.43373056360945444,0.7985948058275031,0.3848949483056415,0.32072501843690604,9425695.041701678,0.07407206061560123,0.43023747044081817,0.07052073528542434,0.7985948058275031,0.364354220254902,1.0,0.7985948058275031
3,0,0,0,1,0.48599262509016083,0.0766245999212123,6.279630078276481,0.08922014112606633,0.2805430923846326,5.900714433874458,0.04377374219395949,71.6462446284337,19597020725.032307,0.0008406705220343522,0.45351932119960126,0.8131975531338247,0.3805924096008108,0.3186185568092717,5953095.365439427,0.07242529112287568,0.3496860286231217,0.06869972169210803,0.8131975531338247,0.5547765345214655,1.0,0.8131975531338247
0,1,0,0,1,0.807402644550769,0.007303017650706946,6.818719782480197,0.009263523994821634,5.892029413356802,1.4873465756759394,0.5269252637112547,105.1980581770001,17307438196.484417,0.0,0.4954672915168305,0.8151529239062607,0.3473508138638231,0.2441905864887505,207690.03321492014,0.06032629394593014,0.38389160927863797,0.05729776685394187,1.0,0.4185515179121772,31.148153401635145,0.8151529239062607
3,1,1,0,1,3.368539521994563,0.02500592904600643,2.8885443251018246,0.002099164204953517,7.287713787331587,2.3085634796096968,0.7316070933739854,72.957619601719,13396539474.009417,0.0,0.487229085052239,0.8232422800943487,0.3588152353875277,0.31088796019085924,10726665.094636446,0.06437418657310345,0.35808733059347353,0.062270008048130925,0.8232422800943487,0.2966573672832877,1.0,0.8232422800943487
0,2,1,0,2,0.6911162835107795,0.0700343731685919,0.32191730345642533,0.04960487932007004,6.60829002274449,2.9392827616399613,0.49663063386541123,92.6209575468719,11167090871.191343,0.0011757552738073309,0.47261577413382766,0.8258561239706557,0.3670654674683533,0.26528775883774874,1144830.7192132697,0.06736852870388035,0.4311616892322597,0.06371715996361647,0.20481074790245848,0.4892077187369798,0.247998097922606,0.8258561239706557
1,1,0,0,2,4.928335596831604,0.028569147753104745,3.766707547109518,0.06587593788367052,8.763174149693755,16.41533742872764,0.11774037797752948,63.65584461726874,18812642859.298428,0.0012626619231386681,0.36884752043827485,0.843995535278372,0.4810496866169003,0.41218983973133516,15297329.117393032,0.11570440049710898,0.3383499018281768,0.10857499231120041,0.843995535278372,0.6015731427567169,1.0,0.843995535278372
0,1,0,0,1,0.760897183186799,0.009157481532896422,6.736867102109003,0.01079706900243236,5.829412549695081,1.415613440543687,0.5277905596858194,104.81458197664915,17136314438.779613,0.0,0.5146448266458601,0.8625869345636861,0.35471602534334634,0.2505526962836488,203866.558288728,0.06291172931769076,0.4092253351846289,0.059718920891070136,0.8625869345636861,0.39337845359124035,1.0,0.8625869345636861
2,2,1,0,1,0.13787199882955842,0.005171146461475293,0.12038574036686478,0.03504628212951213,1.9061431496467898,2.2065245240510465,0.13307030955853402,104.88527399876249,15822235663.914314,0.0007983669071412629,0.46829888522811425,0.8656648244342888,0.39588225749717937,0.3280392643305255,13452370.12483722,0.07836138090053152,0.3396225680814794,0.07502081770553125,1.0,0.32464194729112467,1.4446747567089173,0.8656648244342888
3,2,0,0,1,0.20345539697726914,0.022084696329699744,2.6459593621243167,0.0035333460544635592,6.416607919060822,1.7730864892855962,0.7175970266367202,72.59899945462597,12924829393.940512,0.0,0.49265728115830393,0.8684724496919808,0.3781957457156867,0.3212227737268149,11720867.365274327,0.07151601103872217,0.3334355022056428,0.06890971319998303,0.8684724496919808,0.2688831220232297,1.0,0.8684724496919808
3,0,0,0,1,0.21992522944188345,0.08574900443616353,8.695664794900157,0.09286645597259076,0.21953999024844448,3.184497854460138,0.07552848026390073,67.4210086781812,19627721173.44858,0.0008968860259320568,0.4666894062439385,0.8691204241651942,0.3964203049484367,0.3445416968271909,9106350.239327662,0.07857452908770578,0.38399278279498417,0.0747415036193691,0.8691204241651942,0.5297911598452011,1.0,0.8691204241651942
0,1,0,0,1,0.760897183186799,0.009157481532896422,6.809389517125882,0.00986895744589252,5.829412549695081,1.415613440543687,0.5277905596858194,104.81458197664915,16240102268.380726,0.0,0.5218386097112362,0.8767632847903792,0.35602893623541165,0.25108780125209285,182570.02886507197,0.06337830171845941,0.4120567475743572,0.06013586762971609,0.2694198251499281,0.3816644652940337,0.3072891278908221,0.8767632847903792
0,1,0,0,1,0.760897183186799,0.009157481532896422,6.809389517125882,0.00986895744589252,5.829412549695081,1.415613440543687,0.5277905596858194,104.81458197664915,16240102268.380726,0.0,0.5218386097112362,0.8767632847903792,0.35602893623541165,0.25108780125209285,182570.02886507197,0.06337830171845941,0.4120567475743572,0.06013586762971609,0.2694198251499281,0.3816644652940337,0.3072891278908221,0.8767632847903792
3,1,1,0,1,0.1566765157825229,0.02385532494492709,2.552084263384174,0.0030594318734150127,6.3020126048326714,2.3732354111399916,0.7297403260614158,72.06564811718823,13316482602.379978,0.0,0.49877595415076453,0.8835337429902953,0.38046895248115825,0.3246402758676959,12007382.28319704,0.07237831190105493,0.3387060755030723,0.06970614952706022,0.8835337429902953,0.25942371399435116,1.0,0.8835337429902953
3,1,1,0,1,0.1566765157825229,0.02385532494492709,2.552084263384174,0.0030594318734150127,6.3020126048326714,2.3732354111399916,0.7297403260614158,72.06564811718823,13316482602.379978,0.0,0.49877595415076453,0.8835337429902953,0.38046895248115825,0.3246402758676959,12007382.28319704,0.07237831190105493,0.3387060755030723,0.06970614952706022,0.8835337429902953,0.25942371399435116,1.0,0.8835337429902953
0,2,1,0,2,0.6952377150783248,0.06812270267360385,0.8299189441888417,0.04806283661652394,6.718302417690576,8.223795044752334,0.7621703130317655,90.25101417092684,10944662600.760422,0.0011707459850971353,0.41753856285691654,0.8917004611954445,0.4463874638614532,0.3821099774146345,10719437.581331773,0.0996308839463301,0.5090651049448421,0.09396242244022546,0.37261673318270344,0.4810247616089242,0.4178720875428959,0.8917004611954445
3,0,0,0,1,0.2199011989789634,0.08662494484374454,8.61531412963902,0.09125616512055133,0.15871807306663224,3.2381470641293655,0.07129281985225867,66.15887616258485,19661488982.69964,0.0008988317879585362,0.47551247422620235,0.9380347825588919,0.4226813178381505,0.37242656091769727,10161811.974974848,0.08932974822469779,0.39913619676676326,0.0849522584435513,0.701977526562743,0.5143884680879562,0.7483491439920793,0.9380347825588919
0,1,0,0,1,0.7455349927743015,0.010098939636074188,6.6328883047863005,0.009642331443784947,5.824253780138417,1.5426815713627071,0.5284164049221198,105.42570074278373,16103969265.534521,0.0,0.5471642070165695,0.938716828405914,0.3648778123529474,0.2592079315483468,152811.51004865134,0.06656790897373635,0.4358848330716951,0.06308959158143083,0.938716828405914,0.3538507995880109,1.0,0.938716828405914
5,0,0,0,0,2.658948096070964,0.0551747089337379,2.0749929333890464,0.09618194546030312,9.493056770833014,9.349376926719279,0.7373319192412648,68.2443255593372,9101648544.143559,0.0010839812592209064,0.48089683194241584,0.9625219045826822,0.43094640080134755,0.37093221566202117,13888780.443815092,0.09285740018181785,0.3849491209116074,0.0883773643612352,0.9625219045826822,0.34477965980185965,1.0,0.9625219045826822
5,1,1,0,1,3.183184007698408,0.033763859594161824,0.10471582858995646,0.09455618190289204,4.2719779748728754,6.356399989010825,0.8021296658750476,103.87619941783606,11974141696.97397,0.0008079344903912921,0.42497757715926415,0.9669729093027003,0.49353600055420366,0.39576802569432995,18391403.469576772,0.12178889192151945,0.2727806705145751,0.11317483287823167,0.4972146261608471,0.5039604925162887,0.5141970590669356,0.9669729093027003
3,1,1,0,1,3.3835732764950466,0.02385911723579231,2.7608158238298666,0.0012787124202428496,7.22102472652027,2.312096357416065,0.7468910727931478,70.61246112134224,12980165749.430637,0.0,0.4817394942248604,0.9705854151730974,0.43524585454814824,0.3689753471548212,14931843.37288167,0.0947194769506739,0.36645813417788875,0.0900664944596228,0.9705854151730974,0.2888340853211751,1.0,0.9705854151730974
5,0,0,0,0,3.922584387904553,0.08030616255835181,0.5474846096411103,0.07623680150553462,7.099904228854327,8.510067175278035,0.6178678001534496,63.134433536776136,12482168390.457815,0.0012210345406757103,0.533942955317323,0.9720022443710671,0.38473011805431306,0.2736929845965472,823796.8215046787,0.07400863186904283,0.5179590317528144,0.06957771566699529,1.0,0.47550011143284143,3.5248783046913648,0.9720022443710671
0,1,0,0,1,0.4875586588179214,0.01828498056538649,4.560189870489848,0.03739779065364998,2.7797640887524184,6.946057796049722,0.3706722842828112,81.33609263124691,19461301092.480408,0.0008278926890818052,0.395874606542284,0.982207478569678,0.5341412328867293,0.4481143527946588,18973023.26173176,0.14265342833487762,0.2848598430951268,0.13227307208716052,0.982207478569678,0.48138933813790546,1.0,0.982207478569678
0,2,1,0,2,1.6229957063129303,0.08633625626799929,1.8291299656052744,0.01458016804561163,9.74740071320557,13.821253379250763,0.7838412966415317,111.62802733390326,13578307382.658945,0.001136064529907255,0.439336408208702,0.994961324397783,0.48239799653073157,0.40565241247812267,13957526.64869917,0.11635391352843186,0.46748364982993884,0.10906613633396746,0.1843682605548816,0.49041128212758955,0.18530193690340033,0.994961324397783
2,1,1,0,2,0.6938860478247894,0.03575290504823321,5.952261659291137,0.08978291777184391,2.0945270272056185,1.0629188744951472,0.34315809400698427,68.24118748896873,13059299457.29231,0.0008056712992294807,0.43495402427277596,1.0170138168868863,0.5098095444670628,0.4058687894603125,19040856.054180697,0.12995288581485706,0.273949735236097,0.12010115758369408,0.5663948326674986,0.44465221893696244,0.5569195061688074,1.0170138168868863
0,1,0,0,1,1.1140064592496794,0.03790181499946622,8.524175418901917,0.051227223837378086,3.1368329305733464,17.467127006790953,0.2218251571592111,90.06422396049575,18894721853.419353,0.001327171103094857,0.5613619109740339,1.0172124318718607,0.3851916982846687,0.2739560466564728,268378.5760764674,0.07418632221371363,0.5064787666374119,0.0698894519637513,1.0,0.5075187113714763,1.0,1.0172124318718607
0,2,1,0,2,0.8586602963529864,0.078737889056652,0.10618874094862511,0.05200985226041054,7.096676869405272,5.339624678170621,0.4465386716363009,94.6537484512979,18194614892.81946,0.0013325454928011754,0.40717246298276794,1.0319245031033155,0.5486040197828848,0.4662231325949942,19573953.516257536,0.1504831852609699,0.28938567262370696,0.13901046983097967,1.0,0.6364825068615294,1.0,1.0319245031033155
4,1,1,0,0,3.4192239067251013,0.07651685236721685,0.1077825946903758,0.08244663443724494,8.612416163429211,16.62697691667029,0.2512787628292485,95.33630389191879,11907488474.13942,0.0011086392462890447,0.4333989121316792,1.0345522727180645,0.520053557096719,0.4212611496903406,19194075.906122748,0.13522785112447516,0.2881978869266639,0.1249649869598562,1.0,0.5891035533432981,1.0,1.0345522727180645
3,0,0,0,0,0.1335549740824718,0.08308223621285318,0.6864547650918008,0.025951389015634378,8.758789082817035,16.99098654706276,0.04976799276941356,121.72858864199685,9005989745.99637,0.0014251798821942204,0.38745050513330465,1.0517035069828289,0.5832227466949523,0.50095968915734,19500593.276767917,0.1700743861312023,0.31548631345067313,0.15624938554853973,1.0,0.8720127992784934,130.36465231556346,1.0517035069828289
1,1,0,0,2,3.9470585297577387,0.02478973035540849,6.045082256312867,0.04813873848421059,8.037797208791481,17.161920399239758,0.23116689977236676,65.12755066775182,17970065696.04907,0.0009160127413736133,0.4033126156342799,1.0600633382446258,0.5668656480588959,0.4960093105034073,19423918.92148197,0.16066833147461604,0.33016700905616125,0.14851017928351565,1.0,0.5403542524376415,1.4469284839128687,1.0600633382446258
4,1,1,0,0,3.3733380591468536,0.07651685236721685,0.1077825946903758,0.08244663443724494,8.484509568577852,16.41828223505607,0.4633929000722535,94.63669819856814,11907488474.13942,0.0011086392462890447,0.43418856844324355,1.0632879387357999,0.5343989095656182,0.43567618700262306,19649910.329069536,0.14279109727246087,0.29060402461919066,0.13152048694413845,1.0,0.5877039307806602,1.0,1.0632879387357999
5,0,0,0,0,0.7662954793513483,0.08112482350974141,0.4607895688864886,0.07673394192685977,7.097891237906168,12.769573308783201,0.6161701304022271,61.20792492457598,12506706257.035507,0.001239375326543942,0.5068267406993888,1.084321610270331,0.465397596314798,0.3924566909501278,15772405.330619644,0.10829746132779583,0.40747582400133453,0.10237136917584651,1.0,0.33662156066402293,1.0,1.084321610270331
0,1,1,0,0,0.29203368070168195,0.013060963830955681,9.816750395528889,0.09411880729977161,8.014501044110352,7.667013958283572,0.4207626011631861,61.88710816538949,15323264018.901012,0.0006539409273188297,0.5735556130530943,1.0886295452467776,0.40265539057412547,0.28423099089755754,736824.8406393114,0.08106568177920077,0.581452069408767,0.07571558227131935,1.0,0.366121457848969,1.0,1.0886295452467776
0,1,0,0,1,0.9894557614874371,0.025511812160664116,6.421247517234521,0.015316129611052588,6.842372364633031,7.194078165227219,0.4336653202271797,108.63429512738534,19324649792.093212,0.0,0.6143973449310776,1.1345519894303135,0.39420792199446064,0.2792439824442364,245639.795398934,0.07769994288159539,0.5469909806845852,0.07307748172852953,0.024053606605643717,0.3020530503495225,0.021200973450076648,1.1345519894303135
5,1,0,0,1,2.7881767391474774,0.030410465797302024,8.039169401989508,0.05905377600385664,1.8649430757542675,15.83638250468627,0.39068702181549503,79.90037783233905,16942940312.806011,0.0010901789812010985,0.40518921597935664,1.137278486259939,0.6086978261172052,0.5316157878097131,21151094.55243475,0.18525652175990573,0.3176568078663786,0.16919211389032104,1.0,0.5623091393911307,1.6673457316686882,1.137278486259939
0,0,0,0,1,1.1740725841604334,0.013728506606806388,2.986229298991396,0.061075574990091384,6.096288233418898,6.487503852945598,0.1914070941803983,78.14575059755316,10485020923.861647,0.0,0.6209914087880481,1.1546740959767126,0.39635270478429074,0.27331572537042786,131968.64420532042,0.07854773329491156,0.5700089464757501,0.0736285315629601,0.8513941464224077,0.6228173068687973,0.7373458445018919,1.1546740959767126
0,1,0,0,1,0.11613970119807387,0.014944083617217645,0.4156831105598945,0.04566677450222208,0.34312068715746885,2.477340099092451,0.28808601947948226,81.58875866982679,12075978772.999605,0.0013442857552730285,0.6301165439340839,1.224833860665387,0.41566759042271934,0.2981987220890956,440903.88785550924,0.08638977286391478,0.6050785371286906,0.08060697936730842,1.0,0.5262708573911618,142.40269824615902,1.224833860665387
0,1,1,0,1,4.031313782421162,0.06981393235994317,7.1542691232894065,0.0071498207895160934,4.45055536375129,18.106398546737363,0.6635627116365442,71.4649673648957,9710339244.143639,0.0,0.6757357940182028,1.2868256694449824,0.40737920667571315,0.2811818894811752,113560.67900967384,0.0829789090158667,0.6100652415580814,0.07750732331883686,0.03101244229216161,0.2988377394789562,0.02409995621670922,1.2868256694449824
1,2,1,0,0,0.19836023830302915,0.03789625262154614,0.6259735055457155,0.038439506554941605,8.617509439308929,5.073825872163894,0.8134522051167296,101.90742214322988,16893171700.502666,0.0005215646797090763,0.4642351643098058,1.3097730931924956,0.6259915712970943,0.49459813563862387,22942152.957145832,0.19593272366750256,0.3045995173705567,0.17548108673349902,1.0,0.4742747404410872,1.0,1.3097730931924956
0,1,1,0,1,4.734502106022539,0.0695447812936611,8.773760360169506,0.014937776270009938,0.7499848224925102,15.857387752908826,0.5066792082179312,75.38318012789988,12559258992.983227,0.0,0.6864206253429166,1.3123560249822799,0.4099326515139369,0.285454747854552,57484.0285098908,0.08402238938862341,0.6045574919689254,0.07853561008787943,1.0,0.2580056231522271,1.492975909483454,1.3123560249822799
0,1,1,0,0,4.040659068840802,0.09740903195542581,4.280770879915482,0.09410761238448591,3.3640000782704287,2.655213169155701,0.6366724906002545,129.03811039808014,16757432570.691511,0.0005908214233359604,0.6746480685254802,1.337021157152105,0.42300436864274077,0.2871764704353296,456253.6733857954,0.08946634794542185,0.6746731304780977,0.08278774785089088,1.0,0.3985578002857019,1.0,1.337021157152105
0,1,1,0,0,0.9861236195705176,0.07962825445326524,5.388286454705693,0.07518208679246653,0.23105659883448368,2.8255863653939657,0.7656069323285629,111.2042274682515,17719827397.06951,0.0007311023201459074,0.684625685494953,1.340254632711398,0.4188936378078671,0.28732861638564994,249463.4923442692,0.08773593989795428,0.6471727500441636,0.08151477327403324,0.5093209909725074,0.3735728372998341,0.3800180790586988,1.340254632711398
0,1,0,0,1,0.20013371047043763,0.03790181499946622,8.524175418901917,0.05208150419508264,2.550480672277893,1.5026872522677392,0.23483331408722524,90.20968870192921,18620625864.45368,0.001327171103094857,0.6734611211690714,1.3405991056117479,0.42603579314748774,0.29976332809747785,431771.01265701803,0.09075324852140447,0.6594117442533527,0.08424738765138597,1.0,0.49939587129509716,0.8152501253425904,1.3405991056117479
0,1,1,0,0,1.0006544565331328,0.08033566285692438,5.438970596294886,0.07536757768829555,0.15790766130953404,2.879875531824705,0.7675404065089546,111.54044219223245,17683868567.53514,0.0007219241121431522,0.6846887606698306,1.340701433825137,0.4190168130282514,0.2874267796576995,247357.3473366566,0.0877875448001763,0.647124562803501,0.08156394259131865,1.0,0.3712726574185114,1.0,1.340701433825137
2,2,1,0,2,0.5357283332318796,0.006679454983729158,3.2886473678198733,0.057974594557333545,2.0167845394792407,4.577900580676791,0.7574993379213373,93.25834128197138,11897313421.268944,0.0014689698447567304,0.5992376424828975,1.3578517216619672,0.49907203497586755,0.39944288938480216,15228757.319097789,0.12453644804747678,0.5015166438917791,0.1151414053978667,1.0,0.47698049645929314,1.0,1.3578517216619672
0,1,0,0,1,4.130650427370573,0.03790181499946622,8.524175418901917,0.051227223837378086,3.1368329305733464,1.5026872522677392,0.2218251571592111,90.06422396049575,18620625864.45368,0.001327171103094857,0.679700935112425,1.388162984463982,0.43545706312026156,0.30607059916392504,570886.7660474962,0.09481142691066172,0.7246113677391981,0.08753921704814643,1.0,0.5096507427622188,12.16342330176941,1.388162984463982
0,1,0,0,1,4.130650427370573,0.03790181499946622,8.524175418901917,0.051227223837378086,3.1368329305733464,1.5026872522677392,0.2218251571592111,90.06422396049575,18620625864.45368,0.001327171103094857,0.679700935112425,1.388162984463982,0.43545706312026156,0.30607059916392504,570886.7660474962,0.09481142691066172,0.7246113677391981,0.08753921704814643,1.0,0.5096507427622188,12.16342330176941,1.388162984463982
0,1,1,0,0,2.5312364085532773,0.09740903195542581,4.280770879915482,0.09410761238448591,9.691536383936054,2.655213169155701,0.6141964547026708,129.03811039808014,16757432570.691511,0.0005908214233359604,0.69760590677342,1.3935608351871642,0.4271344650147967,0.29106403913539486,358740.54407265526,0.09122192560173828,0.6857846763192232,0.08436786263097044,1.0,0.4091359363470482,5.320886795862531,1.3935608351871642
5,0,1,0,0,0.6085462684553392,0.08513567665637466,0.2971359419833242,0.04683543273527252,7.4711196093460055,8.541068373129217,0.7003565095183578,97.56262619653162,9657700744.692652,0.0009430018306049736,0.5341226757990779,1.4067229533880832,0.5861660152693567,0.4927895098899331,21009801.56617072,0.17179529872837787,0.4211431433127405,0.156892599371742,0.029540691539108713,0.28935291303786115,0.020999651330036343,1.4067229533880832
0,1,0,0,2,3.8814600023271475,0.07363473856243816,7.982718246406543,0.044166408742304486,4.815774789855804,13.215279905839159,0.8000357067460783,114.27111621050669,10790730890.228844,0.0011965643928915112,0.7180772564930158,1.426129800198253,0.4255487233098544,0.29560627571867587,91682.64570401238,0.0905458579553235,0.6734001861484378,0.08416933325897447,1.0,0.5014366303393472,1.1550300408641625,1.426129800198253
0,1,1,0,0,2.2114041734648926,0.08033566285692438,5.438970596294886,0.07536757768829555,8.598283794541823,3.3993669049193427,0.7675404065089546,111.54044219223245,17683868567.53514,0.0007219241121431522,0.721074220498057,1.4525946064792898,0.43147125307522977,0.29518917698235425,250409.52922884835,0.09308372111515449,0.6965268589410565,0.0860551096450729,0.18346991766712084,0.4119438528477651,0.12630496963760868,1.4525946064792898
0,0,1,0,2,2.668221815720378,0.07366846093111695,4.918806131517295,0.05631657081602344,2.2949135371938962,1.28417103883606,0.41531294223011367,126.68423655109494,10872170001.423464,0.0005295764841494706,0.7483034231000139,1.5211173559805105,0.43573749387054234,0.29786630546207143,198723.07670389503,0.09493358178229046,0.7148699345834815,0.08760775341860516,0.1054658308782803,0.43558286093811166,0.0693344471178538,1.5211173559805105
0,0,1,0,2,3.5416596901623203,0.07885992710013057,3.012330761576659,0.06934256948151228,4.595622470421285,9.460921180759339,0.7592937223962459,129.74926408310392,12372082374.925821,0.0005306693834271485,0.7538877572023431,1.5273905494798625,0.4344718768909873,0.2975488127917807,127159.40274147935,0.09438290590458862,0.7094505423315224,0.08722756218010122,1.0,0.43718414798338456,1.0,1.5273905494798625
0,0,1,0,2,3.5495762903881447,0.07892714548260214,3.0327912605409324,0.06927001256111469,4.6620399961949355,9.451779359543114,0.758512617829358,129.98684877229582,12314247319.209044,0.0005358325807245734,0.7544040635616214,1.528678917194993,0.4345432893747542,0.2976054540175368,126207.24970944822,0.0944139351703157,0.7098241645846468,0.0872539232936741,1.0,0.43784504486619763,1.0,1.528678917194993
0,0,1,0,0,3.7329334025674044,0.03628627005882037,1.672015227103133,0.02580302781554388,5.301809074632894,1.2121889595315303,0.6904849477533525,117.34017962144998,15219386142.270952,0.0012055994290779738,0.7438627576506083,1.5320817465044028,0.440190220114086,0.30571883556030793,293910.5258979821,0.09688371494204373,0.7538095837157656,0.08931170978170931,1.0,0.4875451156983294,1.1257447096380866,1.5320817465044028
0,0,1,0,0,3.559953381680293,0.03628627005882037,6.629496494521699,0.02580302781554388,5.351480524472108,1.2121889595315303,0.6904849477533525,117.34017962144998,15219386142.270952,0.0012055994290779738,0.7437829395014819,1.5326235211868835,0.44036926252858116,0.30605528569975515,294631.9185041577,0.09696254368998322,0.7548359623019962,0.08938569743414884,1.0,0.5056227096061101,1.0,1.5326235211868835
0,0,1,0,2,4.178454992639048,0.07756914847341123,0.8835265959869801,0.08515666644325603,2.4589052709823833,1.2960558059631424,0.6506921590932082,118.74336877975023,10773846363.931623,0.0006704941785410488,0.7623709650151509,1.5509529372017294,0.4360633941804912,0.2969034914782373,174623.09718354617,0.09507564187210522,0.721852523600178,0.0876753789105194,0.04131787907861804,0.46637077983123404,0.026640317760489144,1.5509529372017294
0,2,1,0,2,0.6295090894699286,0.06916734424741758,4.429673637187283,0.04850867872445528,6.58191029240763,3.4241498265593915,0.5230859062490111,90.26172228647499,11238336754.375854,0.001162505818737864,0.7628171488159631,1.5619740127542527,0.4389596425635302,0.30347737925693685,168679.83196538503,0.0963427838997511,0.7301196064543872,0.08892756326332817,0.5996413688681469,0.48871163804837353,0.38389970893996506,1.5619740127542527
0,2,1,0,2,1.2033641972078168,0.07096852881136335,2.4665131023580007,0.04088206824914812,9.189354274995948,5.483845108330041,0.7355246458218518,116.97477069330463,10302204969.628126,0.0009449995432756566,0.7728111399612441,1.575811849010018,0.4376610355476885,0.2988554567981803,109931.98886818846,0.09577359101833752,0.7183988862444755,0.08836608189639025,1.0,0.45836594583572565,2.8244715955735984,1.575811849010018
0,1,0,0,1,1.244701435740263,0.03861689420397007,9.149182996858167,0.01028410626189738,6.984562307207622,4.369715589069699,0.18434536776609783,92.48235757648946,17863334136.870934,0.0,0.5155325934952901,1.5791727266563498,0.6861122033336172,0.583016612712149,24122321.15487244,0.23537497778165548,0.4128787720585415,0.20968903087308038,1.0,0.44315460901954157,1.0,1.5791727266563498
0,0,1,0,0,3.2136750886533547,0.02830012945594556,7.124286653128094,0.04985642293088755,6.732796772262865,1.7038258472644032,0.8209712507750413,129.26894568537395,13600408426.536566,0.0014469459517189374,0.7639217211404976,1.5977384634259264,0.4471612435018718,0.3129381740602511,240847.4954917288,0.09997658884507014,0.7813699978008717,0.09205689452461718,1.0,0.5336455895346365,1.0,1.5977384634259264
0,0,1,0,0,3.175958874288636,0.028767871616842647,7.078580967817778,0.05016464076290459,6.751073951000628,1.5715018469569815,0.8203230561706811,128.52445070928695,13352603548.343441,0.0014687404925194927,0.7765976520555622,1.6236205567705053,0.44692344158275304,0.3117879223299265,214124.9263661903,0.09987028131808624,0.786755905126392,0.09191235569400058,1.0,0.5338436784663253,2.784756427362942,1.6236205567705053
0,0,1,0,2,2.1590674426073777,0.06806949210385124,7.386594322752752,0.025463921692914324,2.1985982069711394,13.49532986466722,0.7197699561567558,117.27236277954114,13759762955.923903,0.0008312363542447734,0.808770665904434,1.6716643974745589,0.44317421324932316,0.3057989013483023,57839.7385145711,0.09820169164457829,0.7564601464060896,0.09047533660976512,0.17601414571547128,0.4943695197631257,0.10529275252938444,1.6716643974745589
4,2,0,0,0,3.5302846413247595,0.062465094395395646,8.05221125530035,0.0020406687540004994,1.366071125654671,10.055404805238828,0.2858719154365905,112.67254313734924,17084355617.867811,0.0,0.5779345691272807,1.7206648625418484,0.6712255606590194,0.539543558550903,24529422.68721679,0.22527187664100745,0.4764526259500944,0.19896380265358105,1.0,0.42575792034634197,1.0,1.7206648625418484
4,2,0,0,0,3.4595704184558507,0.06302734888917377,8.041049903064165,0.0016521956322808054,1.2876172681024627,10.227946001792015,0.2895975037677341,112.67352816533763,17078464931.549854,0.0,0.6180620819416995,1.7518183389939683,0.6391375951079987,0.49230368261286034,24529406.332323685,0.20424843274021806,0.5105877009485826,0.17973796306681503,1.0,0.42565761768553473,1.0,1.7518183389939683
4,2,0,0,0,3.4595704184558507,0.06302734888917377,8.041049903064165,0.0016521956322808054,1.2876172681024627,10.227946001792015,0.2895975037677341,112.67352816533763,17078464931.549854,0.0,0.6180620819416995,1.7518183389939683,0.6391375951079987,0.49230368261286034,24529406.332323685,0.20424843274021806,0.5105877009485826,0.17973796306681503,0.02965133650848492,0.42565761768553473,0.0169260338520677,1.7518183389939683
2,2,1,0,0,0.7133137570802545,0.09237238688461671,0.354426451387731,0.0045723576591274765,4.610051254749204,1.1486106419866327,0.8404871162967216,124.05813982626015,15483134381.375511,0.000886678226731216,0.5708727311788121,1.7670292616004502,0.6948656170468964,0.6067107757622064,23491842.49020382,0.2414191128769821,0.5446236518597576,0.21661772042491056,1.0,0.34895843766638174,2.6222491278222604,1.7670292616004502
3,0,0,0,1,2.272552191461707,0.006237479884705245,7.912541409182602,0.05271497281003664,8.34346524622443,12.336400673363707,0.20963018290394198,79.75827038154523,18498465079.480404,0.0005599771099325695,0.7158114031742616,1.9713798479996936,0.6174450516925052,0.4890332337666394,22726812.494205434,0.19061919592978022,0.679329414659323,0.16963281777281145,1.0,0.5405233777930818,1380.2124434095138,1.9713798479996936
3,0,0,0,1,0.9311938147622836,0.015300111389602425,6.27541898260452,0.05587845319001341,9.45802031022543,13.720358448652709,0.5368252174940374,94.01770461305675,11633601617.75229,0.0008636643965216386,0.7764641134203976,2.10509446865049,0.6047675076507402,0.4892838610832511,16671874.852987308,0.18287186915504403,0.7686332793107371,0.16395300109969332,1.0,0.5803600597816434,650.4384883142817,2.10509446865049
3,0,0,0,1,1.351427418442786,0.015300111389602425,6.27541898260452,0.05587845319001341,9.45802031022543,17.07677791087031,0.5368252174940374,93.35468230812737,11633601617.75229,0.0008636643965216386,0.799120103734157,2.287601210363487,0.6427781048018428,0.5337700999542666,23707657.49176552,0.20658184600632443,0.7884030519949314,0.1843076069686506,1.0,0.5652557123214365,556.6761354481713,2.287601210363487
